msoa11cd,ladnm,Wealth_Decile,Wealth_Decile_2019,IMD_2010,IMD_2019,IMD_Rank_2010,IMD_Rank_2019,IMD_Pctile_2010,IMD_Pctile_2019,IMD_Pctile_Change,IMD_Score_Change,Inflow_Wealthier_11,Outflow_Poorer_11,Total_Inflow_11,Total_Outflow_11,Total_Migration_11,CFI_Churn_11,CFI_Rate_11,Net_Cascade_11,Pct_Inflow_Wealthier_11,Inflow_Wealthier_21,Outflow_Poorer_21,Total_Inflow_21,Total_Outflow_21,Total_Migration_21,CFI_Churn_21,CFI_Rate_21,Net_Cascade_21,Pct_Inflow_Wealthier_21,Outflow_Wealthier_11,Inflow_Poorer_11,Counter_Churn_11,Counter_Rate_11,Net_Counter_11,Pct_Outflow_Wealthier_11,Outflow_Wealthier_21,Inflow_Poorer_21,Counter_Churn_21,Counter_Rate_21,Net_Counter_21,Pct_Outflow_Wealthier_21,Net_Cascade_21_alt,Inflow_Wealthier_21_alt,Outflow_Poorer_21_alt,Delta_Net_Cascade,Delta_CFI_Churn,Delta_CFI_Rate,Delta_Pct_Inflow_Wealthier,Delta_Net_Counter,Delta_Counter_Churn,Delta_Counter_Rate,Delta_Pct_Outflow_Wealthier,Cascade_Dominance_11,Cross_Decile_Share_11,Cascade_Dominance_21,Cross_Decile_Share_21,Sign_Concordance_11,Sign_Concordance_21,Delta_Cascade_Dominance,Delta_Cross_Decile_Share
E02000001,City of London,9,8,10.7001903992737,14.720484223119485,877.0,713.0,0.8921668362156663,0.7253306205493387,-0.1668362156663275,4.020293823845785,30.0,783.0,692,857,1549,813.0,15.164622336991608,-753.0,4.335260115606936,28.0,789.0,1120.0,867.0,1987.0,817.0,11.118268746854554,-761.0,2.5,24.0,615.0,639.0,9.528728211749517,-591.0,2.8004667444574096,8.0,1010.0,1018.0,4.066431806743835,-1002.0,0.922722029988466,-525.0,141.0,666.0,-8.0,4.0,-4.046353590137054,-1.8352601156069364,-411.0,379.0,-5.462296405005682,-1.8777447144689436,0.5599173553719008,0.9373789541639768,0.4452316076294278,0.9235027679919476,concordant,concordant,-0.11468574774247298,-0.013876186172029126
E02000002,Barking and Dagenham,1,1,43.42144398081181,34.76755983195555,83.0,83.0,0.0844354018311292,0.0844354018311292,0.0,-8.653884148856257,497.0,0.0,581,395,976,497.0,0.0,497.0,85.54216867469879,340.0,0.0,402.0,347.0,749.0,340.0,0.0,340.0,84.5771144278607,344.0,0.0,344.0,0.0,344.0,87.0886075949367,300.0,0.0,300.0,0.0,300.0,86.45533141210375,308.0,308.0,0.0,-157.0,-157.0,0.0,-0.9650542468380792,-44.0,-44.0,0.0,-0.6332761828329581,0.5909631391200951,0.8616803278688525,0.53125,0.8544726301735648,concordant,concordant,-0.05971313912009513,-0.007207697695287729
E02000003,Barking and Dagenham,5,4,25.643614588352413,25.149725932835818,459.0,354.0,0.4669379450661241,0.3601220752797558,-0.1068158697863682,-0.4938886555165958,229.0,380.0,738,669,1407,609.0,61.84790334044065,-151.0,31.029810298102984,210.0,332.0,695.0,674.0,1369.0,542.0,50.927684441197954,-122.0,30.215827338129497,244.0,470.0,714.0,81.50675195451315,-226.0,36.47234678624813,308.0,453.0,761.0,101.91672753834916,-145.0,45.6973293768546,-59.0,243.0,302.0,29.0,-67.0,-10.920218899242698,-0.8139829599734867,81.0,47.0,20.409975583836015,9.224982590606466,0.4603174603174603,0.9402985074626866,0.41596316193399846,0.9517896274653032,concordant,concordant,-0.04435429838346183,0.01149112000261654
E02000004,Barking and Dagenham,6,5,22.60185641216435,23.560044369645045,547.0,400.0,0.5564598168870803,0.4069175991861648,-0.1495422177009155,0.9581879574806962,120.0,133.0,447,256,703,253.0,22.7027027027027,-13.0,26.845637583892614,105.0,127.0,437.0,303.0,740.0,232.0,18.02027027027027,-22.0,24.02745995423341,111.0,295.0,406.0,46.578947368421055,-184.0,43.359375,164.0,299.0,463.0,66.26486486486486,-135.0,54.12541254125413,12.0,136.0,124.0,-9.0,-21.0,-4.682432432432432,-2.8181776296592034,49.0,57.0,19.685917496443807,10.766037541254128,0.38391502276176026,0.9374110953058321,0.3338129496402878,0.9391891891891891,concordant,concordant,-0.05010207312147247,0.0017780938833570348
E02000005,Barking and Dagenham,4,3,32.39406328077552,30.212965379205887,300.0,198.0,0.3051881993896236,0.2014242115971515,-0.103763987792472,-2.181097901569633,212.0,274.0,661,523,1184,486.0,49.060810810810814,-62.0,32.07261724659607,248.0,198.0,668.0,514.0,1182.0,446.0,41.54314720812183,50.0,37.12574850299401,178.0,395.0,573.0,59.383445945945944,-217.0,34.03441682600382,268.0,338.0,606.0,76.63620981387479,-70.0,52.14007782101168,117.0,317.0,200.0,112.0,-40.0,-7.517663602688984,5.05313125639794,147.0,33.0,17.25276386792884,18.10566099500786,0.45892351274787535,0.8944256756756757,0.42395437262357416,0.8900169204737732,concordant,divergent,-0.03496914012430119,-0.004408755201902426
E02000007,Barking and Dagenham,2,1,40.31009679672392,36.007463265728475,129.0,63.0,0.1312309257375381,0.0640895218718209,-0.0671414038657171,-4.302633530995443,514.0,115.0,890,551,1441,629.0,41.02012491325468,399.0,57.752808988764045,362.0,73.0,607.0,610.0,1217.0,435.0,21.71405094494659,289.0,59.637561779242176,352.0,162.0,514.0,39.57251908396947,190.0,63.883847549909255,425.0,137.0,562.0,47.8430566967954,288.0,69.67213114754098,384.0,384.0,0.0,-110.0,-194.0,-19.306073968308095,1.8847527904781316,98.0,48.0,8.270537612825933,5.788283597631725,0.5503062117235346,0.7931991672449688,0.436308926780341,0.819227608874281,concordant,concordant,-0.11399728494319356,0.026028441629312282
E02000008,Barking and Dagenham,3,1,35.556605736018675,34.4495850024426,210.0,92.0,0.2136317395727365,0.0935910478128179,-0.1200406917599186,-1.1070207335760711,343.0,309.0,867,764,1631,652.0,64.98283261802575,34.0,39.561707035755475,272.0,167.0,728.0,581.0,1309.0,439.0,34.701298701298704,105.0,37.362637362637365,343.0,390.0,733.0,82.01716738197425,-47.0,44.89528795811518,339.0,349.0,688.0,90.38273491214667,-10.0,58.34767641996558,498.0,498.0,0.0,71.0,-213.0,-30.28153391672705,-2.1990696731181103,37.0,-45.0,8.365567530172427,13.452388461850397,0.4707581227436823,0.8491722869405273,0.3895297249334516,0.8609625668449198,divergent,divergent,-0.08122839781023067,0.01179027990439252
E02000009,Barking and Dagenham,4,1,30.95492824538416,36.33654626808835,341.0,57.0,0.3468972533062054,0.0579857578840284,-0.288911495422177,5.381618022704188,284.0,385.0,795,669,1464,669.0,74.68579234972678,-101.0,35.72327044025157,204.0,295.0,691.0,627.0,1318.0,499.0,45.66009104704097,-91.0,29.52243125904486,221.0,422.0,643.0,63.70355191256831,-201.0,33.03437967115097,248.0,412.0,660.0,77.52352048558421,-164.0,39.55342902711323,495.0,495.0,0.0,10.0,-170.0,-29.02570130268581,-6.200839181206707,37.0,17.0,13.819968573015906,6.5190493559622595,0.5099085365853658,0.8961748633879781,0.43054357204486626,0.8793626707132018,concordant,concordant,-0.07936496454049957,-0.016812192674776294
E02000010,Barking and Dagenham,3,1,35.01250658502612,34.49335914640853,228.0,89.0,0.2319430315361139,0.0905391658189216,-0.1414038657171922,-0.5191474386175869,213.0,236.0,632,567,1199,449.0,41.924937447873226,-23.0,33.70253164556962,203.0,165.0,501.0,482.0,983.0,368.0,34.074262461851475,38.0,40.5189620758483,258.0,312.0,570.0,67.13594662218516,-54.0,45.5026455026455,232.0,245.0,477.0,57.82299084435402,-13.0,48.13278008298755,320.0,320.0,0.0,61.0,-81.0,-7.850674986021751,6.816430430278679,41.0,-93.0,-9.312955777831142,2.6301345803420517,0.44062806673209026,0.8498748957464554,0.43550295857988164,0.8596134282807731,concordant,divergent,-0.005125108152208624,0.009738532534317779
E02000011,Barking and Dagenham,5,4,25.69644999353483,25.713968791598877,455.0,340.0,0.4628687690742624,0.34587995930824,-0.1169888097660223,0.0175187980640423,63.0,234.0,514,426,940,297.0,15.682978723404256,-171.0,12.2568093385214,79.0,242.0,404.0,423.0,827.0,321.0,23.117291414752117,-163.0,19.554455445544555,166.0,436.0,602.0,76.99574468085106,-270.0,38.967136150234744,118.0,305.0,423.0,43.518742442563486,-187.0,27.89598108747045,-117.0,103.0,220.0,8.0,24.0,7.434312691347861,7.297646107023155,83.0,-179.0,-33.477002238287575,-11.071155062764294,0.3303670745272525,0.9563829787234043,0.4314516129032258,0.8996372430471584,concordant,concordant,0.10108453837597331,-0.056745735676245856
E02000012,Barking and Dagenham,7,6,20.31549040554207,20.63216642107202,606.0,511.0,0.6164801627670397,0.5198372329603256,-0.096642929806714,0.3166760155299499,29.0,467.0,608,590,1198,496.0,11.304674457429048,-438.0,4.769736842105264,22.0,420.0,440.0,533.0,973.0,442.0,9.49640287769784,-398.0,5.0,86.0,549.0,635.0,39.41068447412354,-463.0,14.576271186440678,88.0,373.0,461.0,33.734840698869476,-285.0,16.51031894934334,-329.0,56.0,385.0,40.0,-54.0,-1.8082715797312083,0.23026315789473628,178.0,-174.0,-5.675843775254066,1.9340477629026616,0.4385499557913351,0.9440734557595993,0.4894795127353267,0.9280575539568345,concordant,concordant,0.050929556943991594,-0.016015901802764798
E02000013,Barking and Dagenham,2,1,37.172274852416095,36.09122608596511,181.0,60.0,0.1841302136317395,0.0610376398779247,-0.1230925737538148,-1.0810487664509836,305.0,72.0,567,546,1113,377.0,19.730458221024257,233.0,53.79188712522046,336.0,81.0,577.0,445.0,1022.0,417.0,26.63013698630137,255.0,58.23223570190641,364.0,125.0,489.0,40.880503144654085,239.0,66.66666666666666,294.0,98.0,392.0,28.19178082191781,196.0,66.06741573033707,381.0,381.0,0.0,22.0,40.0,6.8996787652771125,4.440348576685949,-43.0,-97.0,-12.688722322736275,-0.5992509363295824,0.4353348729792148,0.7780772686433064,0.515451174289246,0.7915851272015656,concordant,concordant,0.08011630131003122,0.0135078585582592
E02000014,Barking and Dagenham,2,1,36.7377620718996,36.55000135163235,191.0,54.0,0.1943031536113937,0.0549338758901322,-0.1393692777212614,-0.1877607202672422,377.0,102.0,655,625,1280,479.0,30.0421875,275.0,57.55725190839694,243.0,98.0,496.0,582.0,1078.0,341.0,22.09090909090909,145.0,48.99193548387097,355.0,183.0,538.0,50.75390625,172.0,56.8,410.0,125.0,535.0,47.5417439703154,285.0,70.44673539518901,296.0,296.0,0.0,-130.0,-138.0,-7.951278409090911,-8.565316424525975,113.0,-3.0,-3.2121622796845983,13.646735395189012,0.47099311701081614,0.79453125,0.3892694063926941,0.8126159554730983,concordant,concordant,-0.08172371061812206,0.01808470547309826
E02000015,Barking and Dagenham,1,1,44.54999939574243,39.60161035457348,74.0,26.0,0.0752797558494405,0.0264496439471007,-0.0488301119023397,-4.9483890411689515,582.0,0.0,676,590,1266,582.0,0.0,582.0,86.09467455621301,366.0,0.0,451.0,405.0,856.0,366.0,0.0,366.0,81.1529933481153,525.0,0.0,525.0,0.0,525.0,88.98305084745762,345.0,0.0,345.0,0.0,345.0,85.18518518518519,316.0,316.0,0.0,-216.0,-216.0,0.0,-4.941681208097705,-180.0,-180.0,0.0,-3.7978656622724287,0.5257452574525745,0.8744075829383886,0.5147679324894515,0.830607476635514,concordant,concordant,-0.01097732496312298,-0.043800106302874564
E02000016,Barking and Dagenham,2,2,39.3159271651902,33.661131007315696,148.0,104.0,0.150559511698881,0.1057985757884028,-0.0447609359104781,-5.654796157874507,537.0,199.0,1006,979,1985,736.0,53.835264483627206,338.0,53.37972166998012,580.0,215.0,1049.0,939.0,1988.0,795.0,62.72635814889336,365.0,55.29075309818875,639.0,238.0,877.0,76.61561712846347,401.0,65.27068437180796,582.0,276.0,858.0,80.80080482897384,306.0,61.980830670926515,290.0,575.0,285.0,27.0,59.0,8.891093665266155,1.9110314282086307,-95.0,-19.0,4.185187700510369,-3.2898537008814444,0.45629262244265345,0.8125944584382871,0.4809437386569873,0.8314889336016097,concordant,concordant,0.024651116214333857,0.018894475163322544
E02000017,Barking and Dagenham,5,3,26.361153281948692,27.270586768505,443.0,291.0,0.4506612410986775,0.2960325534079349,-0.1546286876907426,0.9094334865563064,101.0,630.0,771,920,1691,731.0,37.62862211709048,-529.0,13.09987029831388,129.0,456.0,569.0,716.0,1285.0,585.0,45.77743190661479,-327.0,22.671353251318106,243.0,637.0,880.0,91.53814311058544,-394.0,26.413043478260867,223.0,418.0,641.0,72.54007782101168,-195.0,31.14525139664804,-49.0,233.0,282.0,202.0,-146.0,8.148809789524307,9.571482953004226,199.0,-239.0,-18.99806528957376,4.7322079183871715,0.4537554314090627,0.9526907155529273,0.47716150081566067,0.9540856031128405,concordant,concordant,0.02340606940659795,0.0013948875599132382
E02000018,Barking and Dagenham,2,1,36.88907695613048,36.41188683602772,184.0,56.0,0.1871820956256358,0.056968463886063,-0.1302136317395727,-0.4771901201027617,423.0,112.0,810,735,1545,535.0,30.664077669902913,311.0,52.22222222222223,307.0,121.0,557.0,653.0,1210.0,428.0,30.7,186.0,55.11669658886894,478.0,198.0,676.0,61.258252427184466,280.0,65.03401360544217,436.0,133.0,569.0,47.92396694214876,303.0,66.7687595712098,380.0,380.0,0.0,-125.0,-107.0,0.035922330097086785,2.894474366646712,23.0,-107.0,-13.334285485035707,1.7347459657676296,0.44178364987613544,0.7838187702265372,0.4292878635907723,0.8239669421487603,concordant,concordant,-0.01249578628536313,0.040148171922223086
E02000019,Barking and Dagenham,3,2,33.570357300628324,32.065294026890015,270.0,149.0,0.2746693794506612,0.1515768056968464,-0.1230925737538148,-1.5050632737383085,199.0,254.0,526,610,1136,453.0,44.49471830985915,-55.0,37.832699619771866,233.0,157.0,660.0,473.0,1133.0,390.0,32.28684907325684,76.0,35.303030303030305,306.0,265.0,571.0,71.38204225352112,41.0,50.1639344262295,256.0,313.0,569.0,70.72197705207414,-57.0,54.12262156448203,153.0,299.0,146.0,131.0,-63.0,-12.207869236602313,-2.529669316741561,-98.0,-2.0,-0.660065201446983,3.958687138252529,0.4423828125,0.9014084507042254,0.40667361835245047,0.8464254192409533,divergent,divergent,-0.03570919414754953,-0.0549830314632721
E02000020,Barking and Dagenham,4,2,31.91231639068564,33.22273172595296,315.0,118.0,0.3204476093591047,0.1200406917599186,-0.2004069175991861,1.3104153352673222,212.0,423.0,762,688,1450,635.0,61.84551724137931,-211.0,27.821522309711288,222.0,360.0,709.0,692.0,1401.0,582.0,57.04496788008565,-138.0,31.31170662905501,203.0,481.0,684.0,67.34,-278.0,29.505813953488374,268.0,429.0,697.0,82.06423982869379,-161.0,38.72832369942196,206.0,363.0,157.0,73.0,-53.0,-4.800549361293662,3.4901843193437223,117.0,13.0,14.724239828693783,9.22250974593359,0.48142532221379836,0.9096551724137931,0.4550430023455825,0.9129193433261956,concordant,concordant,-0.026382319868215875,0.0032641709124024976
E02000021,Barking and Dagenham,4,2,30.252866915485832,31.823478887744592,356.0,158.0,0.3621566632756867,0.1607324516785351,-0.2014242115971516,1.57061197225876,144.0,401.0,809,670,1479,545.0,39.04259634888438,-257.0,17.79975278121137,159.0,286.0,529.0,536.0,1065.0,445.0,42.69859154929578,-127.0,30.056710775047257,203.0,585.0,788.0,80.29411764705883,-382.0,30.29850746268657,200.0,327.0,527.0,61.40845070422535,-127.0,37.3134328358209,65.0,252.0,187.0,130.0,-100.0,3.6559952004113967,12.256957993835886,255.0,-261.0,-18.885666942833474,7.014925373134329,0.4088522130532633,0.9012846517917512,0.45781893004115226,0.9126760563380282,concordant,concordant,0.04896671698788896,0.011391404546276962
E02000022,Barking and Dagenham,1,1,51.32951170886077,38.646125014415865,16.0,39.0,0.0162767039674465,0.039674465920651,0.0233977619532044,-12.6833866944449,608.0,0.0,734,694,1428,608.0,0.0,608.0,82.83378746594006,407.0,0.0,489.0,712.0,1201.0,407.0,0.0,407.0,83.23108384458078,585.0,0.0,585.0,0.0,585.0,84.29394812680115,606.0,0.0,606.0,0.0,606.0,85.1123595505618,367.0,367.0,0.0,-201.0,-201.0,0.0,0.39729637864071776,21.0,21.0,0.0,0.8184114237606508,0.509639564124057,0.8354341736694678,0.40177690029615004,0.8434637801831807,concordant,concordant,-0.10786266382790693,0.008029606513712872
E02000023,Barking and Dagenham,1,1,45.4978988336933,39.06830407275603,59.0,33.0,0.0600203458799593,0.0335707019328586,-0.0264496439471007,-6.42959476093727,414.0,0.0,543,528,1071,414.0,0.0,414.0,76.24309392265194,406.0,0.0,540.0,453.0,993.0,406.0,0.0,406.0,75.18518518518519,460.0,0.0,460.0,0.0,460.0,87.12121212121212,395.0,0.0,395.0,0.0,395.0,87.19646799116998,333.0,333.0,0.0,-8.0,-8.0,0.0,-1.0579087374667466,-65.0,-65.0,0.0,0.07525586995785716,0.47368421052631576,0.8160597572362278,0.5068664169787765,0.8066465256797583,concordant,concordant,0.03318220645246078,-0.009413231556469559
E02000024,Barnet,10,10,9.036841806222924,9.191532295006873,917.0,888.0,0.9328585961342828,0.9033570701932858,-0.0295015259409969,0.1546904887839471,0.0,450.0,658,503,1161,450.0,0.0,-450.0,0.0,0.0,466.0,637.0,508.0,1145.0,466.0,0.0,-466.0,0.0,0.0,603.0,603.0,0.0,-603.0,0.0,0.0,591.0,591.0,0.0,-591.0,0.0,-472.0,0.0,472.0,-16.0,16.0,0.0,0.0,12.0,-12.0,0.0,0.0,0.42735042735042733,0.9069767441860465,0.44087038789025546,0.9231441048034934,concordant,concordant,0.013519960539828124,0.016167360617446946
E02000025,Barnet,8,7,16.300101609100047,15.932634441805227,723.0,666.0,0.7355035605289929,0.6775178026449644,-0.0579857578840284,-0.3674671672948193,199.0,207.0,655,518,1173,406.0,35.11764705882353,-8.0,30.38167938931298,178.0,173.0,616.0,436.0,1052.0,351.0,29.271863117870723,5.0,28.8961038961039,194.0,308.0,502.0,50.93947144075021,-114.0,37.45173745173745,157.0,309.0,466.0,46.11501901140685,-152.0,36.00917431192661,110.0,251.0,141.0,13.0,-55.0,-5.845783940952806,-1.4855754932090797,-38.0,-36.0,-4.82445242934336,-1.4425631398108436,0.44713656387665196,0.7740835464620631,0.42962056303549573,0.776615969581749,concordant,divergent,-0.017516000841156232,0.0025324231196859337
E02000026,Barnet,10,9,9.57761295865674,10.84753755904312,903.0,834.0,0.9186164801627672,0.8484231943031536,-0.0701932858596134,1.2699246003863802,0.0,342.0,526,392,918,342.0,0.0,-342.0,0.0,0.0,221.0,390.0,267.0,657.0,221.0,0.0,-221.0,0.0,0.0,481.0,481.0,0.0,-481.0,0.0,0.0,355.0,355.0,0.0,-355.0,0.0,-185.0,27.0,212.0,121.0,-121.0,0.0,0.0,126.0,-126.0,0.0,0.0,0.4155528554070474,0.8965141612200436,0.3836805555555556,0.8767123287671232,concordant,concordant,-0.031872299851491814,-0.01980183245292033
E02000027,Barnet,6,5,21.507758026672224,22.828095124615235,576.0,430.0,0.5859613428280773,0.4374364191251271,-0.1485249237029501,1.3203370979430105,416.0,92.0,581,552,1133,508.0,33.779346866725504,324.0,71.60068846815835,336.0,82.0,493.0,359.0,852.0,418.0,32.33802816901409,254.0,68.15415821501014,418.0,132.0,550.0,48.699029126213595,286.0,75.72463768115942,254.0,119.0,373.0,35.47652582159625,135.0,70.75208913649024,307.0,372.0,65.0,-70.0,-90.0,-1.4413186977114165,-3.446530253148211,-151.0,-177.0,-13.222503304617348,-4.972548544669181,0.48015122873345933,0.9338040600176523,0.5284450063211125,0.9284037558685446,concordant,concordant,0.04829377758765313,-0.0054003041491076376
E02000028,Barnet,9,8,13.171328759811871,12.807654082259054,794.0,766.0,0.8077314343845371,0.7792472024415056,-0.0284842319430315,-0.363674677552817,107.0,288.0,551,419,970,395.0,31.769072164948454,-181.0,19.419237749546276,97.0,405.0,497.0,522.0,1019.0,502.0,38.55250245338567,-308.0,19.517102615694164,93.0,380.0,473.0,36.43298969072165,-287.0,22.195704057279237,70.0,352.0,422.0,24.180569185475957,-282.0,13.409961685823754,-226.0,139.0,365.0,-127.0,107.0,6.783430288437216,0.09786486614788714,5.0,-51.0,-12.252420505245691,-8.785742371455482,0.45506912442396313,0.8948453608247423,0.5432900432900433,0.9067713444553483,concordant,concordant,0.08822091886608013,0.01192598363060604
E02000029,Barnet,8,7,13.73416365058119,16.010651527016446,784.0,662.0,0.797558494404883,0.6734486266531028,-0.1241098677517802,2.2764878764352563,189.0,291.0,692,595,1287,480.0,42.73426573426573,-102.0,27.3121387283237,169.0,208.0,642.0,458.0,1100.0,377.0,31.956363636363637,-39.0,26.32398753894081,209.0,371.0,580.0,60.24786324786325,-162.0,35.12605042016806,138.0,330.0,468.0,41.4,-192.0,30.131004366812224,135.0,276.0,141.0,63.0,-103.0,-10.777902097902096,-0.98815118938289,-30.0,-112.0,-18.847863247863252,-4.995046053355839,0.4528301886792453,0.8236208236208237,0.4461538461538462,0.7681818181818182,concordant,concordant,-0.006676342525399115,-0.055439005439005484
E02000030,Barnet,9,8,12.779513005366924,13.464058337801609,812.0,749.0,0.8260427263479145,0.7619532044760936,-0.0640895218718209,0.684545332434686,87.0,348.0,560,574,1134,435.0,26.6984126984127,-261.0,15.535714285714286,39.0,313.0,494.0,414.0,908.0,352.0,13.443832599118943,-274.0,7.894736842105263,109.0,388.0,497.0,37.29453262786596,-279.0,18.98954703832753,48.0,342.0,390.0,18.079295154185026,-294.0,11.594202898550725,-142.0,107.0,249.0,-13.0,-83.0,-13.254580099293756,-7.640977443609024,-15.0,-107.0,-19.215237473680936,-7.395344139776805,0.4667381974248927,0.8218694885361552,0.4743935309973046,0.8171806167400881,concordant,concordant,0.007655333572411882,-0.004688871796067029
E02000031,Barnet,10,10,10.342756777899645,8.982775245199614,886.0,896.0,0.901322482197355,0.9114954221770092,0.0101729399796541,-1.359981532700031,0.0,438.0,647,475,1122,438.0,0.0,-438.0,0.0,0.0,385.0,585.0,415.0,1000.0,385.0,0.0,-385.0,0.0,0.0,583.0,583.0,0.0,-583.0,0.0,0.0,543.0,543.0,0.0,-543.0,0.0,-380.0,0.0,380.0,53.0,-53.0,0.0,0.0,40.0,-40.0,0.0,0.0,0.4289911851126347,0.9099821746880571,0.41487068965517243,0.928,concordant,concordant,-0.014120495457462245,0.01801782531194296
E02000032,Barnet,10,10,7.991801512027491,8.446300998573467,938.0,912.0,0.9542217700915564,0.9277721261444556,-0.0264496439471008,0.4544994865459753,0.0,401.0,437,473,910,401.0,0.0,-401.0,0.0,0.0,334.0,366.0,403.0,769.0,334.0,0.0,-334.0,0.0,0.0,393.0,393.0,0.0,-393.0,0.0,0.0,325.0,325.0,0.0,-325.0,0.0,-382.0,0.0,382.0,67.0,-67.0,0.0,0.0,68.0,-68.0,0.0,0.0,0.5050377833753149,0.8725274725274725,0.5068285280728376,0.8569570871261378,concordant,concordant,0.001790744697522717,-0.015570385401334708
E02000033,Barnet,7,7,18.199760590371323,17.063479789497258,669.0,626.0,0.6805696846388606,0.6368260427263479,-0.0437436419125126,-1.136280800874065,303.0,203.0,642,546,1188,506.0,51.775252525252526,100.0,47.19626168224299,225.0,187.0,479.0,470.0,949.0,412.0,44.336143308746045,38.0,46.972860125260965,281.0,273.0,554.0,64.57323232323232,8.0,51.46520146520146,228.0,180.0,408.0,43.24552160168599,48.0,48.51063829787234,1.0,206.0,205.0,-62.0,-94.0,-7.4391092165064805,-0.2234015569820258,40.0,-146.0,-21.32771072154633,-2.9545631673291197,0.47735849056603774,0.8922558922558923,0.5024390243902439,0.8640674394099052,concordant,concordant,0.025080533824206164,-0.028188452845987144
E02000034,Barnet,8,8,15.184146474494591,12.823898695749945,748.0,763.0,0.7609359104781281,0.7761953204476093,0.0152594099694811,-2.3602477787446485,128.0,293.0,698,677,1375,421.0,27.27563636363636,-165.0,18.33810888252149,136.0,303.0,597.0,657.0,1254.0,439.0,32.86124401913876,-167.0,22.780569514237857,169.0,341.0,510.0,41.912,-172.0,24.963072378138847,182.0,285.0,467.0,41.36363636363637,-103.0,27.701674277016743,-224.0,117.0,341.0,-2.0,18.0,5.5856076555024,4.442460631716369,69.0,-43.0,-0.5483636363636322,2.7386018988778957,0.4522019334049409,0.6770909090909091,0.4845474613686534,0.722488038277512,concordant,concordant,0.032345527963712484,0.04539712918660288
E02000035,Barnet,8,8,14.132519355932205,13.702045025078736,773.0,743.0,0.7863682604272635,0.7558494404883012,-0.0305188199389623,-0.4304743308534675,228.0,345.0,811,780,1591,573.0,49.44060339409177,-117.0,28.113440197287296,181.0,314.0,741.0,749.0,1490.0,495.0,38.143624161073824,-133.0,24.426450742240217,218.0,368.0,586.0,50.42363293526084,-150.0,27.94871794871795,237.0,374.0,611.0,59.48859060402685,-137.0,31.64218958611482,-222.0,133.0,355.0,-16.0,-78.0,-11.296979233017943,-3.6869894550470796,13.0,25.0,9.064957668766006,3.693471637396872,0.4943917169974116,0.7284726587052168,0.4475587703435805,0.7422818791946308,concordant,concordant,-0.04683294665383109,0.01380922048941402
E02000036,Barnet,8,7,17.051150382574697,16.32370046042915,704.0,648.0,0.71617497456765,0.659206510681587,-0.056968463886063,-0.7274499221455457,145.0,389.0,747,714,1461,534.0,38.607118412046546,-244.0,19.410977242302543,99.0,267.0,523.0,566.0,1089.0,366.0,24.272727272727273,-168.0,18.929254302103253,180.0,456.0,636.0,56.18069815195072,-276.0,25.210084033613445,142.0,328.0,470.0,42.76951331496786,-186.0,25.08833922261484,-39.0,191.0,230.0,76.0,-168.0,-14.334391139319273,-0.4817229401992904,90.0,-166.0,-13.411184836982862,-0.12174481099860301,0.4564102564102564,0.8008213552361396,0.43779904306220097,0.7676767676767676,concordant,concordant,-0.018611213348055433,-0.033144587559371996
E02000037,Barnet,8,9,15.660595157991994,11.128158463756176,738.0,824.0,0.7507629704984741,0.8382502543234995,0.0874872838250254,-4.532436694235816,146.0,331.0,689,563,1252,477.0,38.59904153354633,-185.0,21.190130624092888,108.0,221.0,518.0,414.0,932.0,329.0,25.609442060085836,-113.0,20.84942084942085,113.0,396.0,509.0,35.74121405750799,-283.0,20.071047957371228,88.0,262.0,350.0,24.738197424892704,-174.0,21.256038647342994,-343.0,15.0,358.0,72.0,-148.0,-12.98959947346049,-0.3407097746720389,109.0,-159.0,-11.003016632615285,1.184990689971766,0.48377281947261663,0.7875399361022364,0.4845360824742268,0.7285407725321889,concordant,concordant,0.0007632630016101705,-0.05899916357004753
E02000038,Barnet,8,7,15.354761634011794,15.568224800070306,743.0,680.0,0.7558494404883012,0.6917599186164801,-0.064089521871821,0.2134631660585118,175.0,476.0,974,850,1824,651.0,45.66885964912281,-301.0,17.967145790554415,90.0,379.0,721.0,659.0,1380.0,469.0,24.717391304347824,-289.0,12.48266296809986,156.0,586.0,742.0,50.11842105263158,-430.0,18.352941176470587,130.0,483.0,613.0,45.5,-353.0,19.726858877086496,-75.0,245.0,320.0,12.0,-182.0,-20.951468344774984,-5.484482822454556,77.0,-129.0,-4.618421052631582,1.373917700615909,0.46733668341708545,0.7637061403508771,0.433456561922366,0.7840579710144927,concordant,concordant,-0.03388012149471947,0.020351830663615567
E02000039,Barnet,9,9,10.951033428314606,10.702963094393189,869.0,836.0,0.884028484231943,0.8504577822990844,-0.0335707019328586,-0.2480703339214187,19.0,380.0,467,502,969,399.0,7.450980392156863,-361.0,4.068522483940043,12.0,258.0,479.0,354.0,833.0,270.0,3.716686674669868,-246.0,2.5052192066805845,33.0,326.0,359.0,11.10216718266254,-293.0,6.573705179282868,22.0,364.0,386.0,9.61344537815126,-342.0,6.214689265536723,-293.0,13.0,306.0,115.0,-129.0,-3.734293717486995,-1.5633032772594588,-49.0,27.0,-1.4887218045112807,-0.35901591374614483,0.5263852242744064,0.782249742002064,0.4115853658536585,0.787515006002401,concordant,concordant,-0.11479985842074786,0.005265264000337
E02000040,Barnet,7,7,18.235370685146588,15.441477714748784,668.0,685.0,0.6795523906408952,0.6968463886063072,0.0172939979654119,-2.7938929703978026,374.0,260.0,663,695,1358,634.0,71.60530191458027,114.0,56.41025641025641,333.0,144.0,718.0,419.0,1137.0,477.0,42.17414248021108,189.0,46.37883008356546,345.0,233.0,578.0,59.19366715758469,112.0,49.64028776978417,234.0,312.0,546.0,64.21108179419525,-78.0,55.847255369928405,178.0,328.0,150.0,75.0,-157.0,-29.431159434369185,-10.031426326690948,-190.0,-32.0,5.01741463661056,6.206967600144232,0.523102310231023,0.8924889543446245,0.4662756598240469,0.899736147757256,concordant,divergent,-0.056826650406976154,0.00724719341263147
E02000041,Barnet,7,6,17.658500677562138,18.284720521720836,685.0,588.0,0.6968463886063072,0.5981688708036622,-0.098677517802645,0.6262198441586975,360.0,256.0,739,622,1361,616.0,67.71491550330639,104.0,48.714479025710425,271.0,234.0,595.0,532.0,1127.0,505.0,56.267968056787936,37.0,45.54621848739496,300.0,314.0,614.0,69.2138133725202,-14.0,48.231511254019296,218.0,238.0,456.0,46.037267080745345,-20.0,40.97744360902256,132.0,309.0,177.0,-67.0,-111.0,-11.44694744651845,-3.168260538315465,-6.0,-158.0,-23.176546291774862,-7.254067644996738,0.5008130081300813,0.9037472446730346,0.5254942767950052,0.8527062999112689,divergent,divergent,0.024681268664923817,-0.05104094476176568
E02000042,Barnet,8,8,16.35417120594041,15.162757182177875,721.0,698.0,0.7334689725330621,0.7100712105798576,-0.0233977619532045,-1.1914140237625332,260.0,447.0,1199,948,2147,707.0,54.13134606427573,-187.0,21.684737281067555,166.0,406.0,996.0,927.0,1923.0,572.0,35.047321892875715,-240.0,16.666666666666664,216.0,594.0,810.0,59.75966464834653,-378.0,22.78481012658228,250.0,573.0,823.0,74.49297971918877,-323.0,26.96871628910464,-275.0,191.0,466.0,-53.0,-135.0,-19.084024171400017,-5.018070614400891,55.0,13.0,14.733315070842238,4.183906162522362,0.46605141727092947,0.7065673032137867,0.4100358422939068,0.7254290171606864,concordant,concordant,-0.05601557497702264,0.018861713946899727
E02000043,Barnet,10,10,8.314445686200624,7.517256488549618,933.0,938.0,0.9491353001017294,0.9542217700915564,0.005086469989827,-0.7971891976510062,0.0,568.0,603,641,1244,568.0,0.0,-568.0,0.0,0.0,442.0,487.0,468.0,955.0,442.0,0.0,-442.0,0.0,0.0,582.0,582.0,0.0,-582.0,0.0,0.0,459.0,459.0,0.0,-459.0,0.0,-440.0,0.0,440.0,126.0,-126.0,0.0,0.0,123.0,-123.0,0.0,0.0,0.49391304347826087,0.9244372990353698,0.49056603773584906,0.9434554973821989,concordant,concordant,-0.0033470057424118127,0.019018198346829163
E02000044,Barnet,6,5,22.81006740032214,23.627358342016905,540.0,396.0,0.5493387589013224,0.4028484231943031,-0.1464903357070193,0.8172909416947647,343.0,224.0,644,665,1309,567.0,58.6951871657754,119.0,53.2608695652174,235.0,152.0,472.0,457.0,929.0,387.0,38.44994617868676,83.0,49.78813559322034,363.0,228.0,591.0,63.22689075630253,135.0,54.58646616541354,265.0,220.0,485.0,62.755651237890206,45.0,57.98687089715536,139.0,263.0,124.0,-36.0,-180.0,-20.245240987088643,-3.4727339719970587,-90.0,-106.0,-0.47123951841232525,3.4004047317418227,0.4896373056994819,0.8846447669977082,0.44380733944954126,0.9386437029063509,concordant,concordant,-0.045829966249940624,0.05399893590864269
E02000045,Barnet,6,6,21.812188949887663,19.81691523251556,573.0,539.0,0.582909460834181,0.5483214649033571,-0.0345879959308239,-1.9952737173721005,504.0,234.0,854,764,1618,738.0,72.88998763906056,270.0,59.01639344262295,329.0,238.0,705.0,726.0,1431.0,567.0,54.7183787561146,91.0,46.666666666666664,456.0,278.0,734.0,78.34857849196538,178.0,59.68586387434554,401.0,332.0,733.0,93.03424178895877,69.0,55.23415977961432,67.0,316.0,249.0,-179.0,-171.0,-18.17160888294596,-12.349726775956285,-109.0,-1.0,14.685663296993383,-4.45170409473122,0.501358695652174,0.9097651421508035,0.43615384615384617,0.9084556254367575,concordant,concordant,-0.06520484949832778,-0.0013095167140459996
E02000046,Barnet,8,8,14.1475183675492,12.421965949332606,772.0,782.0,0.785350966429298,0.7955239064089522,0.0101729399796541,-1.7255524182165942,226.0,383.0,800,830,1630,609.0,53.103067484662574,-157.0,28.249999999999996,148.0,409.0,677.0,759.0,1436.0,557.0,42.15320334261838,-261.0,21.86115214180207,228.0,370.0,598.0,51.75460122699386,-142.0,27.46987951807229,196.0,390.0,586.0,53.231197771587745,-194.0,25.823451910408433,-301.0,127.0,428.0,-104.0,-52.0,-10.949864142044191,-6.388847858197927,-52.0,-12.0,1.4765965445938818,-1.6464276076638562,0.5045567522783762,0.7404907975460123,0.4873140857392826,0.7959610027855153,concordant,concordant,-0.017242666539093565,0.05547020523950297
E02000047,Barnet,5,4,27.21455021630177,26.343321425604387,426.0,321.0,0.4333672431332655,0.3265513733468972,-0.1068158697863682,-0.8712287906973835,612.0,201.0,1048,946,1994,813.0,61.691073219658975,411.0,58.396946564885496,459.0,127.0,779.0,763.0,1542.0,586.0,37.80350194552529,332.0,58.921694480102694,660.0,309.0,969.0,102.27683049147444,351.0,69.76744186046511,512.0,193.0,705.0,64.08300907911803,319.0,67.10353866317169,496.0,591.0,95.0,-79.0,-227.0,-23.887571274133684,0.5247479152171977,-32.0,-264.0,-38.193821412356414,-2.663903197293422,0.4562289562289562,0.8936810431293881,0.4539116963594113,0.8372243839169909,concordant,concordant,-0.0023172598695448965,-0.056456659212397176
E02000048,Barnet,9,8,12.49889802648467,12.82208079820014,823.0,764.0,0.8372329603255341,0.7772126144455748,-0.0600203458799593,0.3231827717154694,74.0,518.0,788,758,1546,592.0,24.794307891332473,-444.0,9.390862944162436,45.0,493.0,645.0,699.0,1344.0,538.0,16.506696428571427,-448.0,6.976744186046512,89.0,544.0,633.0,31.31694695989651,-455.0,11.74142480211082,64.0,473.0,537.0,22.52380952380953,-409.0,9.15593705293276,-243.0,126.0,369.0,-4.0,-54.0,-8.287611462761046,-2.414118758115924,46.0,-96.0,-8.79313743608698,-2.5854877491780606,0.483265306122449,0.7923673997412678,0.5004651162790698,0.7998511904761905,concordant,concordant,0.017199810156620754,0.0074837907349226684
E02000049,Barnet,2,1,36.81464040221098,35.91760942500828,188.0,65.0,0.1912512716174974,0.0661241098677517,-0.1251271617497457,-0.8970309772027036,561.0,30.0,590,913,1503,591.0,11.19760479041916,531.0,95.08474576271186,424.0,24.0,504.0,465.0,969.0,448.0,10.5015479876161,400.0,84.12698412698413,864.0,6.0,870.0,3.4491017964071857,858.0,94.6330777656079,429.0,50.0,479.0,22.13622291021672,379.0,92.25806451612904,447.0,447.0,0.0,-131.0,-143.0,-0.69605680280306,-10.957761635727735,-479.0,-391.0,18.687121113809535,-2.3750132494788545,0.40451745379876797,0.9720558882235529,0.48327939590075514,0.9566563467492261,concordant,concordant,0.07876194210198717,-0.015399541474326872
E02000050,Barnet,6,6,21.40852568064388,18.30702076350093,581.0,586.0,0.5910478128179044,0.5961342828077314,0.0050864699898269,-3.1015049171429503,549.0,289.0,910,942,1852,838.0,85.67008639308855,260.0,60.32967032967033,437.0,181.0,717.0,697.0,1414.0,618.0,55.93847241867043,256.0,60.94839609483961,558.0,254.0,812.0,76.52915766738661,304.0,59.23566878980891,468.0,237.0,705.0,78.44130127298445,231.0,67.14490674318509,258.0,437.0,179.0,-4.0,-220.0,-29.731613974418124,0.6187257651692804,-73.0,-107.0,1.9121436055978336,7.909237953376177,0.5078787878787879,0.8909287257019438,0.4671201814058957,0.9356435643564357,concordant,concordant,-0.040758606472892256,0.044714838654491884
E02000051,Barnet,9,9,12.939065069735168,10.394447587719297,802.0,845.0,0.8158697863682605,0.8596134282807731,0.0437436419125126,-2.5446174820158713,67.0,617.0,860,801,1661,684.0,24.88801926550271,-550.0,7.790697674418605,91.0,589.0,732.0,805.0,1537.0,680.0,34.87247885491217,-498.0,12.431693989071038,45.0,591.0,636.0,16.011438892233596,-546.0,5.617977528089887,81.0,514.0,595.0,27.08783344176968,-433.0,10.062111801242237,-503.0,107.0,610.0,52.0,-4.0,9.984459589409457,4.6409963146524325,113.0,-41.0,11.076394549536083,4.44413427315235,0.5181818181818182,0.7947019867549668,0.5333333333333333,0.8295380611581002,concordant,concordant,0.015151515151515138,0.03483607440313341
E02000052,Barnet,8,9,16.48015166529181,11.881966251198463,716.0,795.0,0.728382502543235,0.8087487283825026,0.0803662258392675,-4.598185414093345,183.0,588.0,1068,922,1990,771.0,54.072361809045226,-405.0,17.134831460674157,194.0,557.0,811.0,803.0,1614.0,751.0,66.95043370508054,-363.0,23.921085080147968,171.0,725.0,896.0,62.29899497487437,-554.0,18.546637744034708,155.0,472.0,627.0,45.328376703841386,-317.0,19.302615193026153,-581.0,75.0,656.0,42.0,-20.0,12.878071896035316,6.786253619473811,237.0,-269.0,-16.970618271032983,0.7559774489914446,0.46250749850029993,0.8376884422110553,0.5449927431059507,0.8537794299876085,concordant,concordant,0.08248524460565076,0.016090987776553156
E02000053,Barnet,6,6,21.41362408237653,20.76039420674578,580.0,504.0,0.590030518819939,0.5127161749745677,-0.0773143438453712,-0.6532298756307497,389.0,328.0,876,817,1693,717.0,75.36444181925576,61.0,44.40639269406393,0.0,0.0,0.0,0.0,0.0,0.0,0.0,0.0,0.0,390.0,394.0,784.0,90.76196101594802,-4.0,47.735618115055075,0.0,0.0,0.0,0.0,0.0,0.0,0.0,0.0,0.0,-61.0,-717.0,-75.36444181925576,-44.40639269406393,4.0,-784.0,-90.76196101594802,-47.735618115055075,0.4776815456362425,0.8865918487891317,0.5,0.0,divergent,zero,0.02231845436375751,-0.8865918487891317
E02000054,Barnet,8,7,15.17531391618096,16.54641009125067,749.0,642.0,0.7619532044760936,0.6531027466937945,-0.108850457782299,1.3710961750697097,140.0,443.0,729,750,1479,583.0,41.93373901284651,-303.0,19.204389574759944,151.0,502.0,680.0,764.0,1444.0,653.0,52.49445983379501,-351.0,22.205882352941178,171.0,468.0,639.0,54.10953346855984,-297.0,22.8,156.0,410.0,566.0,44.29362880886426,-254.0,20.418848167539267,-132.0,253.0,385.0,-48.0,70.0,10.560720820948504,3.001492778181234,43.0,-73.0,-9.815904659695576,-2.381151832460734,0.47708674304418985,0.8262339418526031,0.5356849876948319,0.8441828254847645,concordant,concordant,0.058598244650642006,0.017948883632161405
E02000055,Barnet,7,7,18.36901511051213,15.525799810164813,663.0,682.0,0.6744659206510681,0.6937945066124109,0.0193285859613427,-2.8432153003473175,569.0,454.0,1091,1188,2279,1023.0,113.3505923650724,115.0,52.15398716773603,483.0,558.0,1121.0,1267.0,2388.0,1041.0,112.86180904522612,-75.0,43.08652988403212,644.0,446.0,1090.0,126.03071522597632,198.0,54.20875420875421,605.0,514.0,1119.0,130.2219430485762,91.0,47.750591949486974,-143.0,421.0,564.0,-190.0,18.0,-0.4887833198462772,-9.06745728370391,-107.0,29.0,4.191227822599885,-6.458162259267233,0.4841457643161382,0.9271610355419043,0.48194444444444445,0.9045226130653267,concordant,divergent,-0.002201319871693752,-0.022638422476577658
E02000056,Barnet,10,10,8.99654355829353,8.09332322357019,919.0,920.0,0.9348931841302136,0.9359104781281792,0.0010172939979654,-0.9032203347233398,0.0,668.0,729,684,1413,668.0,0.0,-668.0,0.0,0.0,610.0,661.0,646.0,1307.0,610.0,0.0,-610.0,0.0,0.0,702.0,702.0,0.0,-702.0,0.0,0.0,639.0,639.0,0.0,-639.0,0.0,-589.0,0.0,589.0,58.0,-58.0,0.0,0.0,63.0,-63.0,0.0,0.0,0.48759124087591244,0.9695682944090588,0.48839071257005606,0.9556235654169855,concordant,concordant,0.0007994716941436275,-0.01394472899207333
E02000057,Barnet,8,8,16.062759997327632,14.00602963341423,729.0,730.0,0.7416073245167853,0.7426246185147508,0.0010172939979654,-2.0567303639134025,185.0,364.0,691,714,1405,549.0,47.92882562277581,-179.0,26.772793053545584,173.0,447.0,665.0,725.0,1390.0,620.0,55.63381294964029,-274.0,26.015037593984964,206.0,405.0,611.0,59.380782918149464,-199.0,28.851540616246496,146.0,390.0,536.0,40.96402877697842,-244.0,20.13793103448276,-446.0,73.0,519.0,-95.0,71.0,7.704987326864476,-0.7577554595606202,-45.0,-75.0,-18.416754141171047,-8.713609581763734,0.4732758620689655,0.8256227758007118,0.5363321799307958,0.8316546762589928,concordant,concordant,0.06305631786183036,0.006031900458281059
E02000058,Barnet,9,9,10.616926650978474,10.384583465079514,879.0,846.0,0.8942014242115972,0.8606307222787386,-0.0335707019328586,-0.2323431858989604,77.0,631.0,948,966,1914,708.0,25.385057471264368,-554.0,8.122362869198312,75.0,515.0,854.0,830.0,1684.0,590.0,22.93646080760095,-440.0,8.782201405152225,98.0,605.0,703.0,30.97701149425287,-507.0,10.144927536231885,88.0,494.0,582.0,25.81472684085511,-406.0,10.602409638554215,-520.0,119.0,639.0,114.0,-118.0,-2.448596663663416,0.659838535953913,101.0,-121.0,-5.162284653397762,0.4574821023223308,0.5017717930545712,0.7371995820271683,0.5034129692832765,0.6959619952494062,concordant,concordant,0.0016411762287052989,-0.041237586777762125
E02000059,Barnet,5,5,24.46313097810498,22.050963226259434,476.0,456.0,0.4842319430315361,0.4638860630722278,-0.0203458799593082,-2.412167751845548,635.0,215.0,1011,1015,2026,850.0,67.38647581441263,420.0,62.809099901088025,525.0,244.0,941.0,1084.0,2025.0,769.0,63.25925925925926,281.0,55.79171094580234,681.0,280.0,961.0,94.11648568608096,401.0,67.09359605911331,714.0,262.0,976.0,92.37925925925926,452.0,65.86715867158671,218.0,519.0,301.0,-139.0,-81.0,-4.127216555153375,-7.017388955285682,51.0,15.0,-1.7372264268217066,-1.2264373875266017,0.46935394809497516,0.8938795656465943,0.44068767908309453,0.8617283950617284,concordant,concordant,-0.02866626901188063,-0.03215117058486594
E02000060,Barnet,9,8,12.564203890109892,15.245502361673417,819.0,694.0,0.8331637843336724,0.7060020345879959,-0.1271617497456765,2.6812984715635224,43.0,700.0,963,996,1959,743.0,15.364982133741703,-657.0,4.46521287642783,19.0,584.0,670.0,868.0,1538.0,603.0,7.214564369310793,-565.0,2.8358208955223883,36.0,700.0,736.0,12.863705972434916,-664.0,3.614457831325301,32.0,481.0,513.0,10.007802340702211,-449.0,3.686635944700461,-293.0,135.0,428.0,92.0,-140.0,-8.15041776443091,-1.6293919809054418,215.0,-223.0,-2.855903631732705,0.07217811337516,0.5023664638269101,0.7549770290964778,0.5403225806451613,0.7256176853055917,concordant,concordant,0.03795611681825117,-0.029359343790886117
E02000061,Barnet,9,8,11.801582147011109,13.939017152255635,841.0,733.0,0.8555442522889115,0.745676500508647,-0.1098677517802645,2.1374350052445283,49.0,675.0,1017,966,1983,724.0,16.67927382753404,-626.0,4.818092428711897,58.0,667.0,913.0,946.0,1859.0,725.0,20.810112963959117,-609.0,6.352683461117197,48.0,721.0,769.0,17.45234493192133,-673.0,4.968944099378882,77.0,673.0,750.0,27.875739644970412,-596.0,8.13953488372093,-306.0,221.0,527.0,17.0,1.0,4.130839136425077,1.5345910324052996,77.0,-19.0,10.423394713049081,3.170590784342049,0.48492967180174146,0.7528996469994957,0.4915254237288136,0.7934373318988703,concordant,concordant,0.006595751927072124,0.04053768489937459
E02000062,Barnet,4,2,29.38983416403785,32.412267776777675,378.0,138.0,0.3845371312309257,0.1403865717192268,-0.2441505595116989,3.0224336127398246,474.0,130.0,722,573,1295,604.0,47.58301158301158,344.0,65.65096952908587,273.0,139.0,534.0,701.0,1235.0,412.0,30.726315789473684,134.0,51.12359550561798,377.0,147.0,524.0,42.79459459459459,230.0,65.79406631762653,449.0,184.0,633.0,66.89554655870445,265.0,64.05135520684736,344.0,401.0,57.0,-210.0,-192.0,-16.8566957935379,-14.527374023467893,35.0,109.0,24.10095196410986,-1.7427111107791688,0.5354609929078015,0.871042471042471,0.39425837320574164,0.8461538461538461,concordant,concordant,-0.14120261970205983,-0.024888624888624866
E02000063,Barnet,7,5,20.54068284177306,22.01048084934821,599.0,458.0,0.6093591047812817,0.4659206510681587,-0.143438453713123,1.4697980075751502,202.0,430.0,682,712,1394,632.0,62.30989956958393,-228.0,29.61876832844575,161.0,384.0,505.0,701.0,1206.0,545.0,51.2636815920398,-223.0,31.88118811881188,226.0,411.0,637.0,66.63271162123385,-185.0,31.741573033707866,197.0,312.0,509.0,50.96517412935324,-115.0,28.10271041369472,-16.0,227.0,243.0,5.0,-87.0,-11.046217977544131,2.262419790366131,70.0,-128.0,-15.667537491880616,-3.638862620013146,0.4980299448384555,0.9103299856527977,0.5170777988614801,0.8739635157545605,concordant,concordant,0.019047854023024613,-0.03636646989823711
E02000064,Barnet,6,5,23.26157348431498,22.209279016841148,525.0,448.0,0.5340793489318413,0.4557477110885046,-0.0783316378433366,-1.052294467473832,390.0,277.0,730,669,1399,667.0,77.21944245889921,113.0,53.42465753424658,266.0,298.0,627.0,670.0,1297.0,564.0,61.11642251349267,-32.0,42.42424242424242,332.0,286.0,618.0,67.87133666904933,46.0,49.62630792227205,299.0,309.0,608.0,71.23438704703162,-10.0,44.62686567164179,88.0,320.0,232.0,-145.0,-103.0,-16.103019945406537,-11.000415110004155,-56.0,-10.0,3.3630503779822902,-4.99944225063026,0.5190661478599222,0.9185132237312366,0.4812286689419795,0.9036237471087124,concordant,concordant,-0.0378374789179427,-0.014889476622524156
E02000065,Bexley,6,6,23.40327591964519,20.69324370335821,518.0,508.0,0.5269582909460834,0.5167853509664293,-0.010172939979654,-2.710032216286979,82.0,477.0,670,626,1296,559.0,30.180555555555557,-395.0,12.238805970149254,70.0,333.0,437.0,439.0,876.0,403.0,26.60958904109589,-263.0,16.018306636155607,103.0,570.0,673.0,45.30092592592592,-467.0,16.45367412140575,76.0,352.0,428.0,30.538812785388128,-276.0,17.312072892938495,-261.0,64.0,325.0,132.0,-156.0,-3.5709665144596663,3.779500666006353,191.0,-245.0,-14.762113140537789,0.8583987715327446,0.4537337662337662,0.9506172839506173,0.48495788206979545,0.9486301369863014,concordant,concordant,0.031224115836029243,-0.0019871469643159
E02000066,Bexley,4,3,32.245535241157555,28.275488745351343,306.0,254.0,0.311291963377416,0.2583926754832146,-0.0528992878942014,-3.970046495806212,280.0,252.0,697,775,1472,532.0,47.93478260869565,28.0,40.17216642754663,195.0,178.0,417.0,485.0,902.0,373.0,38.48115299334812,17.0,46.76258992805755,400.0,295.0,695.0,80.16304347826087,105.0,51.61290322580645,232.0,160.0,392.0,41.1529933481153,72.0,47.83505154639175,139.0,250.0,111.0,-11.0,-159.0,-9.45362961534753,6.590423500510923,-33.0,-303.0,-39.01005013014557,-3.7778516794146952,0.43357783211083945,0.8335597826086957,0.4875816993464052,0.8481152993348116,concordant,concordant,0.05400386723556577,0.01455551672611588
E02000067,Bexley,5,4,27.938461446857143,25.826375825292025,412.0,337.0,0.4191251271617497,0.3428280773143438,-0.0762970498474059,-2.112085621565118,274.0,245.0,737,589,1326,519.0,50.625942684766216,29.0,37.177747625508815,294.0,260.0,684.0,560.0,1244.0,554.0,61.446945337620576,34.0,42.98245614035088,330.0,443.0,773.0,110.24886877828054,-113.0,56.02716468590832,282.0,361.0,643.0,81.83440514469453,-79.0,50.357142857142854,173.0,363.0,190.0,5.0,35.0,10.82100265285436,5.804708514842062,34.0,-130.0,-28.41446363358601,-5.670021828765464,0.40170278637770895,0.9743589743589743,0.4628237259816207,0.9622186495176849,divergent,divergent,0.06112093960391174,-0.012140324841289463
E02000068,Bexley,4,3,29.685682636708176,28.265863918833222,368.0,256.0,0.3743641912512716,0.2604272634791454,-0.1139369277721261,-1.4198187178749535,255.0,123.0,532,484,1016,378.0,30.871062992125985,132.0,47.93233082706767,227.0,151.0,497.0,518.0,1015.0,378.0,33.77044334975369,76.0,45.67404426559356,276.0,164.0,440.0,44.55118110236221,112.0,57.02479338842975,296.0,186.0,482.0,54.24236453201971,110.0,57.14285714285714,172.0,294.0,122.0,-56.0,0.0,2.899380357627706,-2.258286561474115,-2.0,42.0,9.6911834296575,0.11806375442738926,0.4621026894865526,0.8051181102362205,0.43953488372093025,0.8472906403940886,concordant,concordant,-0.02256780576562234,0.04217253015786815
E02000069,Bexley,7,6,20.390815711979336,19.411223468910705,604.0,561.0,0.6144455747711088,0.5707019328585962,-0.0437436419125126,-0.9795922430686304,133.0,189.0,392,313,705,322.0,35.65531914893617,-56.0,33.92857142857143,121.0,251.0,523.0,381.0,904.0,372.0,33.5962389380531,-130.0,23.135755258126196,122.0,254.0,376.0,43.95460992907802,-132.0,38.977635782747605,122.0,392.0,514.0,52.90265486725664,-270.0,32.020997375328086,-99.0,131.0,230.0,-74.0,50.0,-2.0590802108830744,-10.792816170445235,-138.0,138.0,8.948044938178626,-6.956638407419518,0.46131805157593125,0.9900709219858156,0.4198645598194131,0.9800884955752213,concordant,concordant,-0.041453491756518135,-0.009982426410594325
E02000070,Bexley,8,8,13.747562507174605,13.549518928436676,783.0,746.0,0.7965412004069176,0.7589013224821973,-0.0376398779247202,-0.1980435787379271,77.0,202.0,441,342,783,279.0,19.86462324393359,-125.0,17.46031746031746,105.0,148.0,410.0,282.0,692.0,253.0,22.45664739884393,-43.0,25.609756097560975,112.0,317.0,429.0,45.34355044699872,-205.0,32.748538011695906,93.0,264.0,357.0,35.47976878612717,-171.0,32.97872340425532,-93.0,87.0,180.0,82.0,-26.0,2.592024154910341,8.149438637243517,34.0,-72.0,-9.863781660871553,0.23018539255941306,0.3940677966101695,0.9042145593869731,0.41475409836065574,0.8815028901734104,concordant,concordant,0.020686301750486247,-0.022711669213562713
E02000071,Bexley,8,7,17.34101227287671,17.870554619636746,693.0,600.0,0.7049847405900305,0.6103763987792472,-0.0946083418107832,0.5295423467600351,91.0,213.0,405,364,769,304.0,25.20546163849155,-122.0,22.469135802469136,86.0,208.0,369.0,316.0,685.0,294.0,26.113868613138685,-122.0,23.306233062330623,105.0,255.0,360.0,34.81794538361508,-150.0,28.846153846153843,82.0,230.0,312.0,27.532846715328468,-148.0,25.949367088607595,-77.0,121.0,198.0,0.0,-10.0,0.9084069746471357,0.837097259861487,2.0,-48.0,-7.285098668286615,-2.8967867575462485,0.4578313253012048,0.8634590377113134,0.48514851485148514,0.8846715328467153,concordant,concordant,0.02731718955028034,0.02121249513540191
E02000072,Bexley,3,2,34.20228492756093,31.57721736516661,255.0,161.0,0.25940996948118,0.1637843336724313,-0.0956256358087487,-2.625067562394321,559.0,29.0,706,644,1350,588.0,12.008148148148148,530.0,79.17847025495752,540.0,48.0,759.0,505.0,1264.0,588.0,20.50632911392405,492.0,71.14624505928853,598.0,85.0,683.0,37.65185185185185,513.0,92.85714285714286,436.0,126.0,562.0,43.462025316455694,310.0,86.33663366336634,604.0,629.0,25.0,-38.0,0.0,8.498180965775902,-8.032225195668985,-203.0,-121.0,5.810173464603842,-6.520509193776519,0.4626278520849725,0.9414814814814815,0.5113043478260869,0.9098101265822784,concordant,concordant,0.048676495741114434,-0.03167135489920303
E02000073,Bexley,10,10,8.940693490675121,8.703328624806343,920.0,907.0,0.9359104781281792,0.9226856561546288,-0.0132248219735503,-0.2373648658687788,0.0,259.0,430,345,775,259.0,0.0,-259.0,0.0,0.0,264.0,406.0,340.0,746.0,264.0,0.0,-264.0,0.0,0.0,375.0,375.0,0.0,-375.0,0.0,0.0,347.0,347.0,0.0,-347.0,0.0,-264.0,0.0,264.0,-5.0,5.0,0.0,0.0,28.0,-28.0,0.0,0.0,0.4085173501577287,0.8180645161290323,0.4320785597381342,0.8190348525469169,concordant,concordant,0.023561209580405473,0.0009703364178845764
E02000074,Bexley,4,3,30.99578502155454,29.74117918004446,337.0,209.0,0.3428280773143438,0.2126144455747711,-0.1302136317395727,-1.254605841510081,254.0,96.0,443,383,826,350.0,29.520581113801452,158.0,57.33634311512416,188.0,75.0,356.0,296.0,652.0,263.0,21.625766871165645,113.0,52.80898876404494,236.0,132.0,368.0,37.714285714285715,104.0,61.61879895561357,182.0,122.0,304.0,34.05521472392638,60.0,61.48648648648649,153.0,226.0,73.0,-45.0,-87.0,-7.894814242635807,-4.527354351079218,-44.0,-64.0,-3.659070990359332,-0.13231246912707917,0.48746518105849584,0.8692493946731235,0.4638447971781305,0.8696319018404908,concordant,concordant,-0.02362038388036536,0.0003825071673673186
E02000075,Bexley,10,10,9.2466418594615,8.89717351764278,911.0,900.0,0.9267548321464903,0.9155645981688708,-0.0111902339776195,-0.349468341818719,0.0,171.0,273,228,501,171.0,0.0,-171.0,0.0,0.0,236.0,346.0,284.0,630.0,236.0,0.0,-236.0,0.0,0.0,216.0,216.0,0.0,-216.0,0.0,0.0,269.0,269.0,0.0,-269.0,0.0,-234.0,0.0,234.0,-65.0,65.0,0.0,0.0,-53.0,53.0,0.0,0.0,0.4418604651162791,0.7724550898203593,0.46732673267326735,0.8015873015873016,concordant,concordant,0.025466267556988276,0.029132211766942362
E02000077,Bexley,8,8,14.59129154505944,12.745681586608445,763.0,769.0,0.7761953204476093,0.7822990844354019,0.0061037639877925,-1.8456099584509964,136.0,129.0,387,323,710,265.0,24.70985915492958,7.0,35.14211886304909,110.0,131.0,439.0,361.0,800.0,241.0,18.0125,-21.0,25.05694760820046,140.0,186.0,326.0,36.67605633802817,-46.0,43.343653250774,172.0,292.0,464.0,62.78,-120.0,47.64542936288089,-57.0,101.0,158.0,-28.0,-24.0,-6.697359154929579,-10.085171254848632,-74.0,138.0,26.103943661971833,4.301776112106893,0.44839255499153974,0.8323943661971831,0.34184397163120567,0.88125,divergent,concordant,-0.10654858336033407,0.04885563380281688
E02000078,Bexley,9,9,11.01519091454664,10.34814640356461,865.0,847.0,0.8799593082400814,0.861648016276704,-0.0183112919633774,-0.6670445109820307,24.0,164.0,282,228,510,188.0,7.7176470588235295,-140.0,8.51063829787234,49.0,182.0,377.0,243.0,620.0,231.0,14.383870967741936,-133.0,12.9973474801061,39.0,218.0,257.0,16.67058823529412,-179.0,17.105263157894736,20.0,279.0,299.0,9.0,-259.0,8.23045267489712,-150.0,48.0,198.0,7.0,43.0,6.666223908918407,4.48670918223376,-80.0,42.0,-7.670588235294119,-8.874810482997617,0.42247191011235957,0.8725490196078431,0.4358490566037736,0.8548387096774194,concordant,concordant,0.013377146491414027,-0.017710309930423773
E02000079,Bexley,9,8,13.0314485380801,13.067737594617324,798.0,756.0,0.8118006103763988,0.7690742624618515,-0.0427263479145473,0.0362890565372246,135.0,226.0,544,461,1005,361.0,30.35820895522388,-91.0,24.816176470588236,129.0,265.0,701.0,461.0,1162.0,394.0,29.419104991394143,-136.0,18.40228245363766,146.0,359.0,505.0,52.15323383084577,-213.0,31.670281995661604,104.0,507.0,611.0,45.37693631669535,-403.0,22.559652928416483,-44.0,182.0,226.0,-45.0,33.0,-0.9391039638297372,-6.413894016950575,-190.0,106.0,-6.776297514150421,-9.110629067245121,0.4168591224018476,0.8616915422885573,0.3920398009950249,0.8648881239242685,concordant,concordant,-0.024819321406822692,0.0031965816357112375
E02000080,Bexley,9,9,12.415966450159068,11.92746678872953,826.0,792.0,0.8402848423194303,0.8056968463886063,-0.034587995930824,-0.488499661429536,135.0,245.0,579,369,948,380.0,34.889240506329116,-110.0,23.316062176165804,83.0,268.0,447.0,433.0,880.0,351.0,25.277272727272727,-185.0,18.568232662192393,61.0,400.0,461.0,25.738396624472575,-339.0,16.53116531165312,104.0,306.0,410.0,36.16363636363637,-202.0,24.01847575057737,-193.0,88.0,281.0,-75.0,-29.0,-9.611967779056389,-4.747829513973411,137.0,-51.0,10.425239739163796,7.487310438924251,0.4518430439952438,0.8871308016877637,0.4612352168199737,0.8647727272727272,concordant,concordant,0.009392172824729927,-0.022358074415036455
E02000081,Bexley,8,7,14.80849674763743,16.31653587903639,756.0,649.0,0.7690742624618515,0.6602238046795524,-0.108850457782299,1.5080391313989612,135.0,108.0,391,291,682,243.0,21.378299120234605,27.0,34.52685421994885,155.0,141.0,448.0,327.0,775.0,296.0,28.2,14.0,34.598214285714285,134.0,215.0,349.0,42.24340175953079,-81.0,46.04810996563574,162.0,241.0,403.0,50.376774193548385,-79.0,49.54128440366973,64.0,198.0,134.0,-13.0,53.0,6.821700879765395,0.07136006576543252,2.0,54.0,8.133372434017595,3.4931744380339893,0.41047297297297297,0.8680351906158358,0.4234620886981402,0.9019354838709678,divergent,divergent,0.012989115725167255,0.033900293255132
E02000082,Bexley,10,10,9.348468976678683,8.814773633998266,908.0,904.0,0.923702950152594,0.9196337741607324,-0.0040691759918616,-0.5336953426804172,0.0,287.0,374,374,748,287.0,0.0,-287.0,0.0,0.0,300.0,515.0,366.0,881.0,300.0,0.0,-300.0,0.0,0.0,316.0,316.0,0.0,-316.0,0.0,0.0,455.0,455.0,0.0,-455.0,0.0,-300.0,0.0,300.0,-13.0,13.0,0.0,0.0,-139.0,139.0,0.0,0.0,0.4759535655058043,0.8061497326203209,0.3973509933774834,0.8569807037457434,concordant,concordant,-0.07860257212832089,0.050830971125422564
E02000083,Bexley,6,5,21.85970514891004,21.449695225225224,570.0,478.0,0.5798575788402849,0.4862665310274669,-0.0935910478128179,-0.4100099236848145,247.0,121.0,462,311,773,368.0,38.66364812419146,126.0,53.46320346320347,239.0,134.0,505.0,356.0,861.0,373.0,37.196283391405345,105.0,47.32673267326732,180.0,181.0,361.0,42.14747736093143,-1.0,57.87781350482315,206.0,230.0,436.0,55.02903600464576,-24.0,57.86516853932584,179.0,291.0,112.0,-21.0,5.0,-1.4673647327861161,-6.136470789936148,-23.0,75.0,12.881558643714328,-0.012644965497308647,0.50480109739369,0.943078913324709,0.4610630407911001,0.9396051103368177,divergent,divergent,-0.043738056602589837,-0.003473802987891239
E02000084,Bexley,10,10,8.733224478056574,9.105052779796512,925.0,892.0,0.940996948118006,0.9074262461851476,-0.0335707019328584,0.3718283017399386,0.0,317.0,490,418,908,317.0,0.0,-317.0,0.0,0.0,295.0,531.0,425.0,956.0,295.0,0.0,-295.0,0.0,0.0,364.0,364.0,0.0,-364.0,0.0,0.0,447.0,447.0,0.0,-447.0,0.0,-295.0,0.0,295.0,22.0,-22.0,0.0,0.0,-83.0,83.0,0.0,0.0,0.4654919236417034,0.75,0.3975741239892183,0.7761506276150628,concordant,concordant,-0.06791779965248507,0.026150627615062816
E02000085,Bexley,9,9,11.640789962498417,11.577483086419754,845.0,804.0,0.8596134282807731,0.8179043743641913,-0.0417090539165818,-0.063306876078661,99.0,198.0,424,392,816,297.0,24.022058823529413,-99.0,23.349056603773587,118.0,187.0,481.0,349.0,830.0,305.0,26.5855421686747,-69.0,24.532224532224532,107.0,258.0,365.0,33.830882352941174,-151.0,27.29591836734694,98.0,257.0,355.0,30.344578313253013,-159.0,28.08022922636103,-79.0,121.0,200.0,30.0,8.0,2.5634833451452863,1.1831679284509455,-8.0,-10.0,-3.486304039688161,0.7843108590140915,0.4486404833836858,0.8112745098039216,0.4621212121212121,0.7951807228915663,concordant,concordant,0.013480728737526315,-0.0160937869123553
E02000086,Bexley,10,10,7.206032785889739,7.6400766428282285,957.0,931.0,0.9735503560528992,0.9471007121057986,-0.0264496439471007,0.4340438569384899,0.0,217.0,364,318,682,217.0,0.0,-217.0,0.0,0.0,263.0,350.0,355.0,705.0,263.0,0.0,-263.0,0.0,0.0,279.0,279.0,0.0,-279.0,0.0,0.0,287.0,287.0,0.0,-287.0,0.0,-263.0,0.0,263.0,-46.0,46.0,0.0,0.0,-8.0,8.0,0.0,0.0,0.4375,0.7272727272727273,0.4781818181818182,0.7801418439716312,concordant,concordant,0.04068181818181821,0.05286911669890393
E02000087,Bexley,10,10,7.051178587808419,7.91500439753738,962.0,927.0,0.9786368260427264,0.943031536113937,-0.0356052899287894,0.8638258097289606,0.0,212.0,377,280,657,212.0,0.0,-212.0,0.0,0.0,191.0,425.0,250.0,675.0,191.0,0.0,-191.0,0.0,0.0,269.0,269.0,0.0,-269.0,0.0,0.0,290.0,290.0,0.0,-290.0,0.0,-192.0,0.0,192.0,21.0,-21.0,0.0,0.0,-21.0,21.0,0.0,0.0,0.4407484407484408,0.7321156773211568,0.3970893970893971,0.7125925925925926,concordant,concordant,-0.04365904365904366,-0.019523084728564233
E02000088,Bexley,10,10,9.005323741889622,8.580550497866287,918.0,909.0,0.9338758901322484,0.9247202441505596,-0.0091556459816887,-0.4247732440233349,0.0,279.0,376,346,722,279.0,0.0,-279.0,0.0,0.0,218.0,364.0,329.0,693.0,218.0,0.0,-218.0,0.0,0.0,289.0,289.0,0.0,-289.0,0.0,0.0,285.0,285.0,0.0,-285.0,0.0,-218.0,0.0,218.0,61.0,-61.0,0.0,0.0,4.0,-4.0,0.0,0.0,0.49119718309859156,0.7867036011080333,0.43339960238568587,0.7258297258297258,concordant,concordant,-0.057797580712905694,-0.060873875278307454
E02000089,Bexley,10,10,7.351837859437235,7.935679305097643,952.0,926.0,0.9684638860630722,0.9420142421159716,-0.0264496439471007,0.5838414456604077,0.0,256.0,376,356,732,256.0,0.0,-256.0,0.0,0.0,172.0,366.0,252.0,618.0,172.0,0.0,-172.0,0.0,0.0,299.0,299.0,0.0,-299.0,0.0,0.0,307.0,307.0,0.0,-307.0,0.0,-172.0,0.0,172.0,84.0,-84.0,0.0,0.0,-8.0,8.0,0.0,0.0,0.46126126126126127,0.7581967213114754,0.35908141962421714,0.7750809061488673,concordant,concordant,-0.10217984163704413,0.016884184837391847
E02000090,Bexley,9,9,11.898237853197342,11.417497471214894,837.0,809.0,0.8514750762970499,0.8229908443540183,-0.0284842319430316,-0.4807403819824483,158.0,266.0,688,533,1221,424.0,34.42096642096642,-108.0,22.96511627906977,148.0,302.0,702.0,662.0,1364.0,450.0,32.7683284457478,-154.0,21.082621082621085,131.0,406.0,537.0,43.55937755937756,-275.0,24.577861163227016,195.0,403.0,598.0,57.61363636363637,-208.0,29.45619335347432,-243.0,145.0,388.0,-46.0,26.0,-1.6526379752186244,-1.8824951964486836,67.0,61.0,14.054258804258808,4.878332190247303,0.441207075962539,0.7870597870597871,0.42938931297709926,0.7683284457478006,concordant,concordant,-0.01181776298543974,-0.018731341311986505
E02000091,Bexley,9,8,12.663692027267093,12.677847819426002,817.0,771.0,0.8311291963377416,0.7843336724313327,-0.0467955239064089,0.0141557921589097,154.0,274.0,684,493,1177,428.0,35.850467289719624,-120.0,22.514619883040936,157.0,252.0,708.0,543.0,1251.0,409.0,31.62589928057554,-95.0,22.175141242937855,137.0,356.0,493.0,41.437553101104506,-219.0,27.789046653144016,156.0,405.0,561.0,50.50359712230216,-249.0,28.7292817679558,87.0,306.0,219.0,25.0,-19.0,-4.224568009144086,-0.3394786401030814,-30.0,68.0,9.066044021197655,0.9402351148117845,0.46471226927252984,0.7824978759558199,0.4216494845360825,0.7753796962430056,concordant,concordant,-0.04306278473644737,-0.007118179712814254
E02000092,Bexley,4,2,31.1720372237784,30.79426125857441,333.0,182.0,0.3387589013224822,0.1851475076297049,-0.1536113936927772,-0.3777759652039911,241.0,36.0,372,230,602,277.0,14.411960132890366,205.0,64.78494623655914,257.0,28.0,343.0,202.0,545.0,285.0,13.20366972477064,229.0,74.9271137026239,182.0,70.0,252.0,21.162790697674417,112.0,79.13043478260869,162.0,59.0,221.0,17.537614678899082,103.0,80.19801980198021,290.0,297.0,7.0,24.0,8.0,-1.2082904081197263,10.142167466064762,-9.0,-31.0,-3.625176018775335,1.0675850193715206,0.5236294896030246,0.8787375415282392,0.5632411067193676,0.9284403669724771,concordant,concordant,0.03961161711634298,0.049702825444237875
E02000093,Brent,6,6,21.2258367995957,18.51265270980605,585.0,582.0,0.595116988809766,0.5920651068158698,-0.0030518819938962,-2.7131840897896495,263.0,299.0,719,779,1498,562.0,52.49465954606141,-36.0,36.57858136300417,407.0,293.0,943.0,729.0,1672.0,700.0,71.32236842105263,114.0,43.16012725344645,362.0,341.0,703.0,82.4045393858478,21.0,46.46983311938382,376.0,451.0,827.0,101.42105263157896,-75.0,51.577503429355275,51.0,313.0,262.0,150.0,138.0,18.827708874991217,6.581545890442278,-96.0,124.0,19.01651324573116,5.1076703099714535,0.4442687747035573,0.8444592790387183,0.45841519318926,0.9132775119617225,divergent,divergent,0.014146418485702694,0.06881823292300415
E02000094,Brent,5,6,24.150200038874917,19.701443778110946,484.0,548.0,0.4923702950152594,0.5574771108850458,0.0651068158697864,-4.448756260763972,286.0,124.0,583,644,1227,410.0,28.903015484922577,162.0,49.056603773584904,322.0,135.0,733.0,682.0,1415.0,457.0,30.720848056537104,187.0,43.92905866302865,363.0,164.0,527.0,48.51833740831296,199.0,56.36645962732919,400.0,248.0,648.0,70.10600706713781,152.0,58.65102639296188,-114.0,163.0,277.0,25.0,47.0,1.8178325716145274,-5.127545110556255,-47.0,121.0,21.58766965882485,2.2845667656326896,0.4375667022411953,0.7636511817440913,0.41357466063348414,0.7809187279151943,concordant,concordant,-0.02399204160771118,0.017267546171103043
E02000095,Brent,5,6,25.4529232454884,18.901116121982717,463.0,575.0,0.4710071210579857,0.5849440488301119,0.1139369277721261,-6.551807123505682,324.0,208.0,594,789,1383,532.0,48.72885032537961,116.0,54.54545454545454,353.0,149.0,623.0,772.0,1395.0,502.0,37.70394265232975,204.0,56.66131621187801,460.0,118.0,578.0,39.248011569052785,342.0,58.30164765525983,498.0,141.0,639.0,50.33548387096774,357.0,64.50777202072538,-47.0,191.0,238.0,88.0,-30.0,-11.02490767304986,2.11586166642347,15.0,61.0,11.087472301914957,6.206124365465556,0.47927927927927927,0.8026030368763557,0.43996494303242767,0.817921146953405,concordant,concordant,-0.0393143362468516,0.015318110077049307
E02000096,Brent,8,9,14.634358061331929,11.05660951621478,761.0,829.0,0.7741607324516785,0.8433367243133265,0.069175991861648,-3.5777485451171493,79.0,402.0,526,637,1163,481.0,27.306964746345656,-323.0,15.019011406844108,57.0,235.0,408.0,422.0,830.0,292.0,16.13855421686747,-178.0,13.970588235294118,133.0,353.0,486.0,40.368873602751506,-220.0,20.87912087912088,94.0,272.0,366.0,30.804819277108432,-178.0,22.274881516587676,-354.0,10.0,364.0,145.0,-189.0,-11.168410529478187,-1.0484231715499899,42.0,-120.0,-9.564054325643074,1.3957606374667968,0.49741468459152016,0.8314703353396389,0.44376899696048633,0.7927710843373494,concordant,concordant,-0.053645687631033834,-0.038699251002289436
E02000097,Brent,6,6,23.222842675820495,19.284324330332336,528.0,565.0,0.5371312309257376,0.5747711088504578,0.0376398779247202,-3.938518345488159,152.0,371.0,505,726,1231,523.0,45.80991064175467,-219.0,30.099009900990097,139.0,297.0,584.0,557.0,1141.0,436.0,36.18141980718668,-158.0,23.8013698630137,230.0,296.0,526.0,55.30463038180341,-66.0,31.68044077134986,214.0,359.0,573.0,67.33216476774759,-145.0,38.42010771992819,-115.0,122.0,237.0,61.0,-87.0,-9.628490834567991,-6.297640037976397,-79.0,47.0,12.027534385944172,6.7396669485783285,0.49857006673021925,0.8521527213647441,0.4321110009910803,0.8843120070113936,concordant,concordant,-0.06645906573913896,0.032159285646649494
E02000098,Brent,5,5,24.057873358509568,21.869006846846847,488.0,460.0,0.496439471007121,0.4679552390640895,-0.0284842319430315,-2.18886651166272,275.0,224.0,581,865,1446,499.0,42.60027662517289,51.0,47.332185886402755,246.0,170.0,505.0,715.0,1220.0,416.0,34.278688524590166,76.0,48.71287128712871,497.0,212.0,709.0,72.865836791148,285.0,57.45664739884393,441.0,149.0,590.0,53.859836065573774,292.0,61.67832167832168,83.0,252.0,169.0,25.0,-83.0,-8.321588100582723,1.3806854007259588,7.0,-119.0,-19.006000725574225,4.221674279477753,0.41307947019867547,0.8354080221300139,0.4135188866799205,0.8245901639344262,concordant,concordant,0.0004394164812450141,-0.01081785819558767
E02000099,Brent,6,6,23.503194765131504,18.820169756207168,515.0,576.0,0.5239064089521872,0.5859613428280773,0.0620549338758901,-4.683025008924336,205.0,420.0,766,802,1568,625.0,54.910714285714285,-215.0,26.762402088772845,263.0,274.0,840.0,681.0,1521.0,537.0,47.37804076265615,-11.0,31.30952380952381,279.0,411.0,690.0,73.13073979591837,-132.0,34.78802992518703,293.0,484.0,777.0,93.23602892833662,-191.0,43.02496328928047,-10.0,253.0,263.0,204.0,-88.0,-7.532673523058136,4.547121720750965,-59.0,87.0,20.10528913241825,8.236933364093439,0.4752851711026616,0.8386479591836735,0.408675799086758,0.863905325443787,concordant,concordant,-0.06660937201590361,0.025257366260113434
E02000100,Brent,8,8,16.663743371483072,12.250444992710552,713.0,785.0,0.7253306205493387,0.7985757884028484,0.0732451678535096,-4.41329837877252,73.0,614.0,502,806,1308,687.0,34.26758409785933,-541.0,14.54183266932271,63.0,634.0,489.0,849.0,1338.0,697.0,29.85201793721973,-571.0,12.883435582822086,111.0,360.0,471.0,30.55045871559633,-249.0,13.771712158808931,128.0,347.0,475.0,33.195814648729446,-219.0,15.076560659599528,-576.0,46.0,622.0,-30.0,10.0,-4.415566160639596,-1.6583970865006243,30.0,4.0,2.6453559331331142,1.3048485007905963,0.5932642487046632,0.8853211009174312,0.5947098976109215,0.8759342301943199,concordant,concordant,0.0014456489062583122,-0.009386870723111285
E02000101,Brent,2,3,38.46718823724818,27.68633350676379,158.0,280.0,0.1607324516785351,0.2848423194303153,0.1241098677517802,-10.78085473048439,646.0,62.0,737,779,1516,708.0,26.41952506596306,584.0,87.65264586160109,557.0,50.0,646.0,710.0,1356.0,607.0,20.53834808259587,507.0,86.22291021671826,704.0,69.0,773.0,32.04221635883905,635.0,90.37227214377408,627.0,70.0,697.0,32.36725663716814,557.0,88.30985915492958,338.0,487.0,149.0,-77.0,-101.0,-5.88117698336719,-1.4297356448828253,-78.0,-76.0,0.3250402783290909,-2.0624129888444998,0.47805536799459825,0.9769129287598944,0.46549079754601225,0.9616519174041298,concordant,concordant,-0.012564570448585999,-0.015261011355764631
E02000102,Brent,3,2,35.50564096537251,33.10145888053041,211.0,121.0,0.2146490335707019,0.1230925737538148,-0.091556459816887,-2.4041820848420983,369.0,143.0,658,696,1354,512.0,38.9711964549483,226.0,56.079027355623104,224.0,127.0,466.0,585.0,1051.0,351.0,27.06755470980019,97.0,48.06866952789699,465.0,173.0,638.0,59.41285081240768,292.0,66.8103448275862,416.0,156.0,572.0,61.74690770694576,260.0,71.11111111111111,155.0,253.0,98.0,-129.0,-161.0,-11.903641745148107,-8.01035782772611,-32.0,-66.0,2.3340568945380795,4.300766283524908,0.44521739130434784,0.8493353028064993,0.38028169014084506,0.8782112274024738,concordant,concordant,-0.06493570116350278,0.028875924595974545
E02000103,Brent,4,3,31.041659579273183,28.897435159149705,336.0,234.0,0.3418107833163784,0.2380467955239064,-0.103763987792472,-2.1442244201234786,402.0,252.0,827,725,1552,654.0,65.27319587628865,150.0,48.60943168077388,278.0,284.0,715.0,834.0,1549.0,562.0,50.96965784377017,-6.0,38.88111888111888,391.0,344.0,735.0,86.66494845360825,47.0,53.93103448275862,428.0,318.0,746.0,87.86571981923822,110.0,51.3189448441247,152.0,397.0,245.0,-156.0,-92.0,-14.303538032518482,-9.728312799655,63.0,11.0,1.2007713656299757,-2.6120896386339183,0.4708423326133909,0.8949742268041238,0.42966360856269115,0.8444157520981278,concordant,divergent,-0.04117872405069978,-0.05055847470599595
E02000104,Brent,6,5,22.399759736958767,23.181167785234894,550.0,415.0,0.5595116988809766,0.422177009155646,-0.1373346897253306,0.7814080482761305,108.0,367.0,558,659,1217,475.0,32.56861133935908,-259.0,19.35483870967742,99.0,282.0,488.0,581.0,1069.0,381.0,26.11599625818522,-183.0,20.28688524590164,158.0,360.0,518.0,46.73788003286771,-202.0,23.975720789074355,204.0,321.0,525.0,61.257249766136574,-117.0,35.111876075731494,34.0,167.0,133.0,76.0,-94.0,-6.45261508117386,0.9320465362242203,85.0,7.0,14.519369733268867,11.13615528665714,0.4783484390735146,0.8159408381265407,0.4205298013245033,0.8475210477081384,concordant,concordant,-0.057818637749011303,0.031580209581597685
E02000105,Brent,5,5,25.907993962182132,21.4174492812723,451.0,479.0,0.4587995930824008,0.4872838250254323,0.0284842319430315,-4.4905446809098315,353.0,284.0,859,1051,1910,637.0,52.48795811518325,69.0,41.09429569266589,394.0,224.0,738.0,793.0,1531.0,618.0,57.64598301763553,170.0,53.387533875338754,496.0,220.0,716.0,57.13089005235602,276.0,47.19314938154139,385.0,154.0,539.0,38.726322664924886,231.0,48.54981084489281,153.0,385.0,232.0,101.0,-19.0,5.158024902452283,12.293238182672866,-45.0,-177.0,-18.404567387431136,1.356661463351422,0.4708056171470806,0.7083769633507854,0.5341400172860847,0.7557152188112345,concordant,concordant,0.06333440013900415,0.04733825546044912
E02000106,Brent,3,2,33.170731411373204,33.326787599188044,282.0,114.0,0.2868769074262461,0.1159715157680569,-0.1709053916581892,0.1560561878148405,513.0,291.0,942,1105,2047,804.0,72.92769907181241,222.0,54.45859872611465,447.0,327.0,829.0,1264.0,2093.0,774.0,69.83707596751076,120.0,53.92038600723763,689.0,333.0,1022.0,112.08451392281388,356.0,62.35294117647059,803.0,323.0,1126.0,123.92212135690396,480.0,63.52848101265823,366.0,575.0,209.0,-102.0,-30.0,-3.090623104301656,-0.5382127188770198,124.0,104.0,11.837607434090074,1.175539836187646,0.4403066812705367,0.8920371275036639,0.4073684210526316,0.9077878643096035,concordant,concordant,-0.03293826021790508,0.015750736805939525
E02000107,Brent,4,4,30.966089681069956,25.179422019154728,340.0,353.0,0.34587995930824,0.3591047812817904,0.0132248219735504,-5.786667661915228,641.0,446.0,1329,1395,2724,1087.0,104.95080763582966,195.0,48.23175319789315,525.0,413.0,1115.0,1321.0,2436.0,938.0,89.00862068965517,112.0,47.08520179372198,688.0,405.0,1093.0,102.29074889867842,283.0,49.31899641577061,652.0,381.0,1033.0,101.97536945812809,271.0,49.356548069644205,78.0,546.0,468.0,-83.0,-149.0,-15.942186946174488,-1.14655140417117,-12.0,-60.0,-0.3153794405503305,0.03755165387359227,0.49862385321100916,0.8002936857562408,0.4759005580923389,0.8091133004926109,concordant,concordant,-0.022723295118670273,0.008819614736370052
E02000108,Brent,5,6,26.73734961269745,20.698059812235012,436.0,507.0,0.4435401831129196,0.5157680569684638,0.0722278738555441,-6.039289800462438,255.0,169.0,573,737,1310,424.0,32.896946564885496,86.0,44.50261780104712,241.0,151.0,486.0,588.0,1074.0,392.0,33.88361266294227,90.0,49.58847736625515,348.0,99.0,447.0,26.299236641221373,249.0,47.218453188602446,281.0,120.0,401.0,31.39664804469274,161.0,47.7891156462585,-218.0,116.0,334.0,4.0,-32.0,0.986666098056773,5.085859565208025,-88.0,-46.0,5.097411403471366,0.5706624576560557,0.48679678530424797,0.6648854961832061,0.4943253467843632,0.7383612662942272,concordant,concordant,0.0075285614801152145,0.07347577011102102
E02000109,Brent,6,5,22.933359840457552,21.547692966636607,536.0,474.0,0.5452695829094608,0.4821973550356053,-0.0630722278738555,-1.385666873820945,194.0,454.0,1175,723,1898,648.0,46.40463645943098,-260.0,16.51063829787234,0.0,0.0,0.0,0.0,0.0,0.0,0.0,0.0,0.0,174.0,855.0,1029.0,78.38250790305585,-681.0,24.066390041493776,0.0,0.0,0.0,0.0,0.0,0.0,0.0,0.0,0.0,260.0,-648.0,-46.40463645943098,-16.51063829787234,681.0,-1029.0,-78.38250790305585,-24.066390041493776,0.38640429338103754,0.8835616438356164,0.5,0.0,concordant,zero,0.11359570661896246,-0.8835616438356164
E02000110,Brent,5,6,26.626919551131444,20.8727315428301,439.0,498.0,0.4465920651068158,0.5066124109867752,0.0600203458799593,-5.754188008301345,236.0,556.0,860,979,1839,792.0,71.35182164219685,-320.0,27.44186046511628,189.0,658.0,785.0,1092.0,1877.0,847.0,66.25572722429409,-469.0,24.076433121019107,332.0,558.0,890.0,100.7373572593801,-226.0,33.912155260469866,336.0,539.0,875.0,96.48588172615877,-203.0,30.76923076923077,-589.0,155.0,744.0,-149.0,55.0,-5.096094417902762,-3.3654273440971743,23.0,-15.0,-4.251475533221338,-3.1429244912390963,0.4708680142687277,0.9146275149537793,0.491869918699187,0.9174214171550347,concordant,concordant,0.021001904430459295,0.002793902201255416
E02000111,Brent,5,5,27.149569854835413,22.217877004848937,427.0,447.0,0.4343845371312309,0.4547304170905392,0.0203458799593082,-4.931692849986476,267.0,212.0,707,1034,1741,479.0,32.51234922458357,55.0,37.765205091937766,256.0,169.0,735.0,1068.0,1803.0,425.0,23.995562950637822,87.0,34.82993197278911,537.0,194.0,731.0,59.83802412406663,343.0,51.93423597678917,418.0,182.0,600.0,42.19412090959512,236.0,39.13857677902622,-5.0,180.0,185.0,32.0,-54.0,-8.516786273945751,-2.935273119148654,-107.0,-131.0,-17.643903214471507,-12.795659197762951,0.3958677685950413,0.6950028719126938,0.4146341463414634,0.5684969495285636,concordant,concordant,0.01876637774642209,-0.12650592238413028
E02000112,Brent,5,5,26.429677364291777,23.599742559523808,442.0,397.0,0.4496439471007121,0.4038657171922685,-0.0457782299084435,-2.8299348047679658,295.0,331.0,789,1096,1885,626.0,51.80106100795756,-36.0,37.38910012674271,358.0,289.0,1236.0,1013.0,2249.0,647.0,46.003557136505115,69.0,28.964401294498384,485.0,257.0,742.0,66.12466843501326,228.0,44.25182481751825,408.0,509.0,917.0,92.33970653623832,-101.0,40.276406712734456,25.0,312.0,287.0,105.0,21.0,-5.797503871452442,-8.424698832244328,-329.0,175.0,26.215038101225062,-3.9754181047837918,0.45760233918128657,0.7257294429708223,0.41368286445012786,0.6954201867496665,divergent,divergent,-0.0439194747311587,-0.030309256221155767
E02000113,Brent,1,1,50.072507560849296,45.0679723035117,22.0,5.0,0.022380467955239,0.005086469989827,-0.017293997965412,-5.004535257337594,518.0,0.0,638,678,1316,518.0,0.0,518.0,81.19122257053291,415.0,0.0,510.0,670.0,1180.0,415.0,0.0,415.0,81.37254901960785,490.0,0.0,490.0,0.0,490.0,72.27138643067846,588.0,0.0,588.0,0.0,588.0,87.76119402985074,373.0,373.0,0.0,-103.0,-103.0,0.0,0.18132644907493045,98.0,98.0,0.0,15.48980759917228,0.5138888888888888,0.7659574468085106,0.4137587238285145,0.85,concordant,concordant,-0.10013016506037437,0.08404255319148934
E02000114,Brent,4,4,32.284846362930075,24.566917720834685,304.0,371.0,0.3092573753814852,0.3774160732451678,0.0681586978636826,-7.717928642095391,550.0,418.0,1134,1211,2345,968.0,98.03837953091684,132.0,48.50088183421517,566.0,474.0,1219.0,1255.0,2474.0,1040.0,108.44139046079223,92.0,46.43150123051682,580.0,345.0,925.0,85.33049040511727,235.0,47.89430222956235,590.0,444.0,1034.0,105.88520614389653,146.0,47.01195219123506,152.0,595.0,443.0,-40.0,72.0,10.403010929875393,-2.069380603698349,-89.0,109.0,20.55471573877925,-0.8823500383272886,0.5113576333861596,0.8072494669509594,0.5014464802314368,0.8383185125303153,concordant,concordant,-0.009911153154722796,0.03106904557935586
E02000115,Brent,4,4,30.233784383693045,23.96195340628309,358.0,388.0,0.3641912512716175,0.3947100712105799,0.0305188199389623,-6.271830977409955,646.0,320.0,1199,1238,2437,966.0,84.82560525235945,326.0,53.87823185988324,403.0,296.0,977.0,1023.0,2000.0,699.0,59.644,107.0,41.24872057318321,698.0,318.0,1016.0,91.08083709478868,380.0,56.38126009693053,491.0,365.0,856.0,89.6075,126.0,47.996089931573806,168.0,426.0,258.0,-219.0,-267.0,-25.181605252359454,-12.62951128670003,-254.0,-160.0,-1.4733370947886755,-8.385170165356726,0.4873864783047427,0.8132950348789495,0.4495176848874598,0.7775,concordant,concordant,-0.03786879341728289,-0.03579503487894953
E02000116,Brent,1,1,42.98006987243959,34.40406928406467,90.0,93.0,0.091556459816887,0.0946083418107833,0.0030518819938962,-8.576000588374924,842.0,0.0,978,895,1873,842.0,0.0,842.0,86.09406952965234,721.0,0.0,860.0,904.0,1764.0,721.0,0.0,721.0,83.83720930232558,783.0,0.0,783.0,0.0,783.0,87.48603351955308,787.0,0.0,787.0,0.0,787.0,87.0575221238938,697.0,697.0,0.0,-121.0,-121.0,0.0,-2.2568602273267686,4.0,4.0,0.0,-0.428511395659271,0.5181538461538462,0.8675920982381207,0.4781167108753316,0.854875283446712,concordant,concordant,-0.0400371352785146,-0.012716814791408626
E02000117,Brent,1,1,45.61755650961458,40.87962306326662,55.0,18.0,0.0559511698880976,0.0183112919633774,-0.0376398779247202,-4.737933446347959,972.0,0.0,1175,1044,2219,972.0,0.0,972.0,82.72340425531914,663.0,0.0,796.0,1101.0,1897.0,663.0,0.0,663.0,83.29145728643216,851.0,0.0,851.0,0.0,851.0,81.51340996168582,919.0,0.0,919.0,0.0,919.0,83.46957311534968,521.0,521.0,0.0,-309.0,-309.0,0.0,0.5680530311130241,68.0,68.0,0.0,1.9561631536638515,0.5331870543060888,0.8215412347904462,0.4190897597977244,0.8339483394833949,concordant,concordant,-0.11409729450836442,0.0124071046929487
E02000118,Brent,5,5,28.334302550663132,23.451696060577017,398.0,406.0,0.4048830111902339,0.4130213631739572,0.0081383519837233,-4.882606490086118,252.0,224.0,632,846,1478,476.0,38.19215155615697,28.0,39.87341772151899,273.0,190.0,730.0,884.0,1614.0,463.0,32.13754646840149,83.0,37.397260273972606,398.0,168.0,566.0,45.239512855209746,230.0,47.04491725768322,427.0,175.0,602.0,46.298017348203224,252.0,48.30316742081448,-17.0,180.0,197.0,55.0,-13.0,-6.054605087755483,-2.4761574475463846,22.0,36.0,1.0585044929934782,1.2582501631312653,0.45681381957773515,0.7050067658998647,0.4347417840375587,0.6598513011152416,concordant,concordant,-0.02207203554017645,-0.04515546478462307
E02000119,Brent,1,1,55.33502082142857,45.55961340206186,5.0,4.0,0.005086469989827,0.0040691759918616,-0.0010172939979654,-9.775407419366708,511.0,0.0,662,556,1218,511.0,0.0,511.0,77.19033232628398,678.0,0.0,874.0,654.0,1528.0,678.0,0.0,678.0,77.57437070938215,415.0,0.0,415.0,0.0,415.0,74.64028776978418,547.0,0.0,547.0,0.0,547.0,83.63914373088684,628.0,628.0,0.0,167.0,167.0,0.0,0.3840383830981722,132.0,132.0,0.0,8.998855961102663,0.5518358531317494,0.7602627257799671,0.553469387755102,0.8017015706806283,concordant,concordant,0.0016335346233525838,0.04143884490066119
E02000120,Brent,3,4,33.561413477317124,25.24858486532706,271.0,349.0,0.2756866734486266,0.3550356052899288,0.0793489318413021,-8.312828611990064,876.0,291.0,1280,1302,2582,1167.0,98.72811773818744,585.0,68.4375,759.0,343.0,1193.0,1387.0,2580.0,1102.0,100.90581395348838,416.0,63.6211232187762,888.0,265.0,1153.0,91.138652207591,623.0,68.20276497695853,896.0,323.0,1219.0,112.17364341085272,573.0,64.59985580389329,109.0,571.0,462.0,-169.0,-65.0,2.1776962153009407,-4.816376781223802,-50.0,66.0,21.034991203261725,-3.6029091730652425,0.5030172413793104,0.8985282726568552,0.4747953468332615,0.8996124031007752,concordant,concordant,-0.028221894546048842,0.0010841304439199728
E02000121,Brent,6,5,23.168626830851895,22.230575781326543,531.0,446.0,0.5401831129196337,0.4537131230925738,-0.0864699898270599,-0.9380510495253525,130.0,545.0,637,853,1490,675.0,47.5503355704698,-415.0,20.40816326530612,151.0,577.0,698.0,940.0,1638.0,728.0,53.19108669108669,-426.0,21.63323782234957,234.0,464.0,698.0,72.86979865771812,-230.0,27.43259085580305,285.0,514.0,799.0,89.43223443223444,-229.0,30.319148936170215,36.0,199.0,163.0,-11.0,53.0,5.6407511206168905,1.2250745570434525,1.0,101.0,16.562435774516317,2.886558080367166,0.49162418062636565,0.9214765100671141,0.4767518009168304,0.9322344322344323,concordant,concordant,-0.014872379709535255,0.01075792216731819
E02000122,Brent,6,7,21.31719914345835,17.425947625610828,583.0,615.0,0.5930824008138352,0.6256358087487284,0.0325534079348931,-3.8912515178475218,190.0,522.0,802,768,1570,712.0,63.17197452229299,-332.0,23.690773067331673,146.0,554.0,783.0,752.0,1535.0,700.0,52.69315960912052,-408.0,18.64623243933589,172.0,538.0,710.0,58.94012738853503,-366.0,22.395833333333336,148.0,572.0,720.0,55.150488599348535,-424.0,19.680851063829788,-436.0,122.0,558.0,-76.0,-12.0,-10.47881491317247,-5.044540627995783,-58.0,10.0,-3.7896387891864975,-2.7149822695035475,0.5007032348804501,0.9057324840764331,0.49295774647887325,0.9250814332247557,concordant,concordant,-0.00774548840157685,0.019348949148322525
E02000123,Brent,2,1,42.45749719473091,36.124354966286305,103.0,59.0,0.1047812817904374,0.0600203458799593,-0.0447609359104781,-6.333142228444608,1099.0,544.0,1593,1867,3460,1643.0,172.7907514450867,555.0,68.98932831136221,783.0,406.0,1166.0,1754.0,2920.0,1189.0,108.86917808219178,377.0,67.15265866209262,1235.0,380.0,1615.0,135.635838150289,855.0,66.14890198178897,1268.0,287.0,1555.0,124.62876712328767,981.0,72.29190421892817,866.0,866.0,0.0,-178.0,-454.0,-63.92157336289492,-1.836669649269595,126.0,-60.0,-11.00707102700133,6.1430022371392,0.5042971147943524,0.9416184971098266,0.43330903790087466,0.9397260273972603,concordant,concordant,-0.07098807689347769,-0.0018924697125662915
E02000124,Brent,4,5,30.17044065349247,21.09339867667391,359.0,489.0,0.3652085452695829,0.4974567650050864,0.1322482197355035,-9.07704197681856,647.0,444.0,1239,1241,2480,1091.0,115.83387096774192,203.0,52.21953188054883,525.0,368.0,1044.0,1104.0,2148.0,893.0,89.94413407821229,157.0,50.28735632183909,655.0,455.0,1110.0,120.17137096774194,200.0,52.780016116035455,600.0,422.0,1022.0,117.87709497206704,178.0,54.34782608695651,-9.0,474.0,483.0,-46.0,-198.0,-25.88973688952963,-1.9321755587097371,-22.0,-88.0,-2.2942759956748944,1.5678099709210542,0.49568378009995456,0.8875,0.46631853785900784,0.8915270018621974,concordant,concordant,-0.02936524224094672,0.004027001862197399
E02000125,Brent,5,6,25.5762435654184,18.76533574074074,462.0,577.0,0.4699898270600203,0.5869786368260427,0.1169888097660223,-6.810907824677663,348.0,659.0,1137,1117,2254,1007.0,101.74445430346051,-311.0,30.606860158311346,295.0,615.0,835.0,1060.0,1895.0,910.0,95.73878627968338,-320.0,35.32934131736527,352.0,696.0,1048.0,108.69210292812777,-344.0,31.5129811996419,342.0,467.0,809.0,84.28179419525065,-125.0,32.264150943396224,-441.0,255.0,696.0,-9.0,-97.0,-6.005668023777133,4.722481159053924,219.0,-239.0,-24.410308732877112,0.7511697437543248,0.49002433090024333,0.9117125110913931,0.5293775450843514,0.9071240105540898,concordant,concordant,0.03935321418410809,-0.004588500537303308
E02000126,Brent,1,1,55.63967388038585,38.51658784055832,3.0,41.0,0.0030518819938962,0.0417090539165818,0.0386571719226856,-17.123086039827534,596.0,0.0,689,611,1300,596.0,0.0,596.0,86.5021770682148,426.0,0.0,492.0,785.0,1277.0,426.0,0.0,426.0,86.58536585365853,522.0,0.0,522.0,0.0,522.0,85.43371522094927,658.0,0.0,658.0,0.0,658.0,83.82165605095541,448.0,448.0,0.0,-170.0,-170.0,0.0,0.0831887854437241,136.0,136.0,0.0,-1.6120591699938558,0.5330948121645797,0.86,0.3929889298892989,0.8488645262333594,concordant,concordant,-0.14010588227528076,-0.011135473766640591
E02000127,Bromley,4,2,32.39469872097135,31.154922960069445,299.0,171.0,0.3041709053916582,0.1739572736520854,-0.1302136317395727,-1.2397757609019031,376.0,128.0,615,524,1139,504.0,42.25460930640913,248.0,61.138211382113816,310.0,100.0,509.0,454.0,963.0,410.0,32.191069574247145,210.0,60.90373280943025,356.0,204.0,560.0,63.76119402985075,152.0,67.93893129770993,321.0,140.0,461.0,46.666666666666664,181.0,70.70484581497797,375.0,400.0,25.0,-38.0,-94.0,-10.063539732161985,-0.23447857268356387,29.0,-99.0,-17.094527363184085,2.765914517268044,0.47368421052631576,0.9341527655838455,0.4707233065442021,0.9044652128764278,concordant,concordant,-0.002960903982113683,-0.02968755270741774
E02000128,Bromley,8,9,13.624992254592817,11.754557284299858,785.0,800.0,0.7985757884028484,0.8138351983723296,0.0152594099694812,-1.8704349702929584,186.0,229.0,507,435,942,415.0,45.21656050955414,-43.0,36.68639053254438,172.0,118.0,433.0,348.0,781.0,290.0,25.98719590268886,54.0,39.722863741339495,160.0,270.0,430.0,45.859872611464965,-110.0,36.7816091954023,196.0,240.0,436.0,60.23047375160051,-44.0,56.32183908045977,-61.0,111.0,172.0,97.0,-125.0,-19.229364606865282,3.0364732087951154,66.0,6.0,14.370601140135548,19.54022988505747,0.4911242603550296,0.8970276008492569,0.39944903581267216,0.9295774647887324,concordant,divergent,-0.09167522454235744,0.032549863939475454
E02000130,Bromley,7,7,19.69147752767248,17.555817572335922,624.0,609.0,0.6347914547304171,0.6195320447609359,-0.0152594099694811,-2.135659955336557,122.0,362.0,722,694,1416,484.0,31.189265536723163,-240.0,16.897506925207757,115.0,325.0,616.0,643.0,1259.0,440.0,29.686258935663226,-210.0,18.66883116883117,254.0,529.0,783.0,94.89124293785312,-275.0,36.59942363112392,264.0,451.0,715.0,94.57029388403495,-187.0,41.05754276827372,-209.0,112.0,321.0,30.0,-44.0,-1.503006601059937,1.7713242436234111,88.0,-68.0,-0.3209490538181683,4.458119137149801,0.3820047355958958,0.894774011299435,0.38095238095238093,0.9173947577442415,concordant,concordant,-0.0010523546435148856,0.022620746444806494
E02000131,Bromley,4,5,28.64109139937458,22.164807626864174,391.0,451.0,0.3977619532044761,0.4587995930824008,0.0610376398779247,-6.476283772510403,657.0,300.0,1192,1055,2247,957.0,87.71695594125501,357.0,55.11744966442953,653.0,248.0,1083.0,1014.0,2097.0,901.0,77.22651406771578,405.0,60.2954755309326,639.0,384.0,1023.0,109.20160213618158,255.0,60.56872037914693,647.0,302.0,949.0,93.17787315212207,345.0,63.80670611439842,121.0,507.0,386.0,48.0,-56.0,-10.490441873539226,5.17802586650307,90.0,-74.0,-16.023728984059503,3.237985735251492,0.48333333333333334,0.8811748998664887,0.48702702702702705,0.8822126847877921,concordant,concordant,0.0036936936936937115,0.001037784921303464
E02000132,Bromley,8,7,16.06468179817906,15.421347252518958,728.0,686.0,0.7405900305188199,0.6978636826042727,-0.0427263479145472,-0.6433345456601014,351.0,299.0,995,801,1796,650.0,58.43485523385301,52.0,35.27638190954774,294.0,320.0,954.0,710.0,1664.0,614.0,56.53846153846154,-26.0,30.81761006289308,376.0,556.0,932.0,116.40089086859687,-180.0,46.94132334581773,326.0,549.0,875.0,107.5564903846154,-223.0,45.91549295774648,146.0,397.0,251.0,-78.0,-36.0,-1.8963936953914668,-4.458771846654656,-43.0,-57.0,-8.844400483981474,-1.025830388071249,0.4108723135271808,0.8808463251670379,0.41235728676964406,0.8948317307692307,divergent,concordant,0.0014849732424632722,0.013985405602192857
E02000133,Bromley,10,10,7.481780072975224,6.742223472208981,947.0,954.0,0.9633774160732452,0.970498474059003,0.0071210579857579,-0.7395566007662424,0.0,461.0,748,639,1387,461.0,0.0,-461.0,0.0,0.0,444.0,702.0,579.0,1281.0,444.0,0.0,-444.0,0.0,0.0,607.0,607.0,0.0,-607.0,0.0,0.0,573.0,573.0,0.0,-573.0,0.0,-430.0,0.0,430.0,17.0,-17.0,0.0,0.0,34.0,-34.0,0.0,0.0,0.43164794007490637,0.7700072098053352,0.4365781710914454,0.7939110070257611,concordant,concordant,0.004930231016539055,0.023903797220425904
E02000134,Bromley,8,7,17.117325207463104,15.9732266469153,701.0,664.0,0.7131230925737538,0.6754832146490336,-0.0376398779247202,-1.1440985605478031,401.0,361.0,1096,938,2034,762.0,71.17059980334317,40.0,36.58759124087591,372.0,428.0,1033.0,924.0,1957.0,800.0,81.35717935615739,-56.0,36.01161665053243,479.0,596.0,1075.0,140.3559488692232,-117.0,51.06609808102346,396.0,599.0,995.0,121.2079713847726,-203.0,42.857142857142854,14.0,411.0,397.0,-96.0,38.0,10.186579552814223,-0.5759745903434776,-86.0,-80.0,-19.147977484450593,-8.208955223880608,0.4148067501360915,0.9031465093411996,0.4456824512534819,0.9172202350536536,divergent,concordant,0.03087570111739041,0.014073725712454022
E02000135,Bromley,2,2,38.27453998356277,33.39903611432986,162.0,111.0,0.1648016276703967,0.1129196337741607,-0.051881993896236,-4.875503869232908,795.0,7.0,902,828,1730,802.0,3.2167630057803467,788.0,88.13747228381375,661.0,38.0,766.0,775.0,1541.0,699.0,16.29980532121999,623.0,86.29242819843343,750.0,43.0,793.0,18.641618497109828,707.0,90.57971014492752,673.0,26.0,699.0,11.354964308890333,647.0,86.83870967741936,526.0,592.0,66.0,-165.0,-103.0,13.083042315439641,-1.845044085380323,-60.0,-94.0,-7.2866541882194955,-3.741000467508158,0.5028213166144201,0.9219653179190751,0.5,0.9072031148604802,concordant,concordant,-0.0028213166144200885,-0.01476220305859488
E02000136,Bromley,7,6,19.60749731075419,20.13959566660842,625.0,533.0,0.6358087487283826,0.5422177009155646,-0.0935910478128179,0.5320983558542309,182.0,93.0,363,276,639,275.0,26.488262910798124,89.0,50.13774104683195,200.0,90.0,361.0,279.0,640.0,290.0,28.125,110.0,55.4016620498615,166.0,163.0,329.0,42.34428794992175,3.0,60.14492753623188,169.0,139.0,308.0,36.7046875,30.0,60.57347670250897,150.0,222.0,72.0,21.0,15.0,1.6367370892018762,5.263921003029552,27.0,-21.0,-5.639600449921751,0.4285491662770866,0.4552980132450331,0.945226917057903,0.48494983277591974,0.934375,concordant,concordant,0.029651819530886636,-0.010851917057903004
E02000137,Bromley,9,10,10.982708339637108,8.41208028673835,867.0,913.0,0.8819938962360122,0.9287894201424212,0.0467955239064089,-2.5706280528987566,244.0,276.0,738,581,1319,520.0,51.05686125852919,-32.0,33.06233062330624,178.0,308.0,632.0,563.0,1195.0,486.0,45.87782426778243,-130.0,28.164556962025316,263.0,437.0,700.0,87.13495072024261,-174.0,45.26678141135972,187.0,400.0,587.0,62.59414225941423,-213.0,33.214920071047956,-381.0,0.0,381.0,-98.0,-34.0,-5.179036990746759,-4.897773661280922,-39.0,-113.0,-24.540808460828387,-12.051861340311767,0.4262295081967213,0.9249431387414708,0.45293569431500463,0.897907949790795,concordant,concordant,0.026706186118283348,-0.027035188950675804
E02000138,Bromley,10,10,7.778212401587701,6.405692298391972,943.0,958.0,0.9593082400813836,0.9745676500508648,0.0152594099694811,-1.372520103195729,0.0,423.0,764,602,1366,423.0,0.0,-423.0,0.0,0.0,454.0,691.0,597.0,1288.0,454.0,0.0,-454.0,0.0,0.0,600.0,600.0,0.0,-600.0,0.0,0.0,545.0,545.0,0.0,-545.0,0.0,-433.0,0.0,433.0,-31.0,31.0,0.0,0.0,55.0,-55.0,0.0,0.0,0.41348973607038125,0.7489019033674963,0.4544544544544545,0.7756211180124224,concordant,concordant,0.04096471838407323,0.026719214644926104
E02000139,Bromley,8,8,14.82386508649094,12.80906155065381,755.0,765.0,0.768056968463886,0.7782299084435402,0.0101729399796541,-2.01480353583713,141.0,199.0,641,485,1126,340.0,24.91918294849023,-58.0,21.99687987519501,171.0,218.0,617.0,501.0,1118.0,389.0,33.34347048300537,-47.0,27.71474878444084,216.0,392.0,608.0,75.19715808170515,-176.0,44.53608247422681,216.0,371.0,587.0,71.67799642218247,-155.0,43.11377245508982,-87.0,178.0,265.0,11.0,49.0,8.424287534515138,5.71786890924583,21.0,-21.0,-3.5191616595226805,-1.4223100191369866,0.35864978902953587,0.8419182948490231,0.3985655737704918,0.8729874776386404,concordant,concordant,0.03991578474095592,0.031069182789617233
E02000140,Bromley,2,1,37.52346456037806,35.658324308276924,177.0,68.0,0.1800610376398779,0.069175991861648,-0.1108850457782299,-1.8651402521011349,470.0,12.0,546,407,953,482.0,5.918153200419727,458.0,86.08058608058609,390.0,14.0,430.0,325.0,755.0,404.0,7.231788079470198,376.0,90.69767441860463,372.0,17.0,389.0,6.63588667366212,355.0,91.4004914004914,290.0,11.0,301.0,4.225165562913907,279.0,89.23076923076924,390.0,390.0,0.0,-82.0,-78.0,1.313634879050471,4.617088338018547,-76.0,-88.0,-2.410721110748213,-2.1697221697221636,0.5533869115958668,0.9139559286463799,0.573049645390071,0.9337748344370861,concordant,concordant,0.019662733794204135,0.01981890579070622
E02000141,Bromley,7,7,18.105070531700285,15.660851020684062,674.0,675.0,0.6856561546286877,0.6866734486266531,0.0010172939979654,-2.4442195110162235,134.0,268.0,580,518,1098,402.0,32.70673952641166,-134.0,23.103448275862068,145.0,284.0,563.0,508.0,1071.0,429.0,38.4500466853408,-139.0,25.75488454706927,199.0,382.0,581.0,69.23315118397086,-183.0,38.41698841698842,203.0,377.0,580.0,71.45751633986929,-174.0,39.96062992125984,-152.0,124.0,276.0,-5.0,27.0,5.743307158929142,2.651436271207203,9.0,-1.0,2.2243651558984254,1.5436415042714202,0.40895218718209564,0.895264116575592,0.4251734390485629,0.942110177404295,concordant,concordant,0.01622125186646728,0.04684606082870302
E02000142,Bromley,10,10,8.663348743995172,8.116031601123597,926.0,919.0,0.9420142421159716,0.9348931841302136,-0.0071210579857579,-0.5473171428715755,0.0,467.0,630,650,1280,467.0,0.0,-467.0,0.0,0.0,332.0,588.0,472.0,1060.0,332.0,0.0,-332.0,0.0,0.0,459.0,459.0,0.0,-459.0,0.0,0.0,440.0,440.0,0.0,-440.0,0.0,-315.0,0.0,315.0,135.0,-135.0,0.0,0.0,19.0,-19.0,0.0,0.0,0.5043196544276458,0.7234375,0.43005181347150256,0.7283018867924528,concordant,concordant,-0.07426784095614325,0.004864386792452824
E02000144,Bromley,10,10,9.947103223361363,8.478019714989822,894.0,911.0,0.9094608341810784,0.9267548321464903,0.0172939979654119,-1.4690835083715417,0.0,468.0,761,656,1417,468.0,0.0,-468.0,0.0,0.0,511.0,877.0,718.0,1595.0,511.0,0.0,-511.0,0.0,0.0,568.0,568.0,0.0,-568.0,0.0,0.0,679.0,679.0,0.0,-679.0,0.0,-484.0,0.0,484.0,-43.0,43.0,0.0,0.0,-111.0,111.0,0.0,0.0,0.4517374517374517,0.7311220889202541,0.4294117647058823,0.7460815047021944,concordant,concordant,-0.022325687031569397,0.014959415781940266
E02000145,Bromley,3,2,36.18182819812021,33.56163361778576,200.0,108.0,0.2034587995930824,0.1098677517802644,-0.0935910478128179,-2.6201945803344486,469.0,76.0,629,452,1081,545.0,32.973172987974095,393.0,74.56279809220986,315.0,62.0,429.0,446.0,875.0,377.0,22.32,253.0,73.42657342657343,371.0,105.0,476.0,36.036077705827935,266.0,82.07964601769912,358.0,73.0,431.0,29.867428571428572,285.0,80.26905829596413,274.0,310.0,36.0,-140.0,-168.0,-10.653172987974095,-1.1362246656364334,19.0,-45.0,-6.168649134399363,-1.81058772173499,0.5337904015670911,0.9444958371877891,0.4665841584158416,0.9234285714285714,concordant,concordant,-0.06720624315124951,-0.02106726575921769
E02000146,Bromley,9,9,10.478399180201826,9.9676368159204,884.0,861.0,0.8992878942014242,0.8758901322482198,-0.0233977619532044,-0.5107623642814278,252.0,257.0,733,527,1260,509.0,51.4,-5.0,34.379263301500686,267.0,226.0,757.0,464.0,1221.0,493.0,49.42014742014742,41.0,35.270805812417436,240.0,443.0,683.0,84.38095238095238,-203.0,45.54079696394687,204.0,434.0,638.0,72.51105651105651,-230.0,43.96551724137931,50.0,272.0,222.0,46.0,-16.0,-1.979852579852576,0.8915425109167501,-27.0,-45.0,-11.86989586989587,-1.5752797225675579,0.42701342281879195,0.946031746031746,0.4358974358974359,0.9262899262899262,concordant,divergent,0.008884013078643949,-0.019741819741819766
E02000147,Bromley,10,10,4.508848176308194,4.908987892870246,981.0,980.0,0.9979654120040692,0.9969481180061036,-0.0010172939979654,0.4001397165620517,0.0,222.0,479,358,837,222.0,0.0,-222.0,0.0,0.0,253.0,444.0,415.0,859.0,253.0,0.0,-253.0,0.0,0.0,289.0,289.0,0.0,-289.0,0.0,0.0,288.0,288.0,0.0,-288.0,0.0,-242.0,0.0,242.0,-31.0,31.0,0.0,0.0,1.0,-1.0,0.0,0.0,0.4344422700587084,0.6105137395459976,0.4676524953789279,0.629802095459837,concordant,concordant,0.0332102253202195,0.019288355913839372
E02000148,Bromley,10,10,7.116127217463933,7.357472893827902,960.0,942.0,0.9766022380467956,0.958290946083418,-0.0183112919633774,0.2413456763639692,0.0,188.0,363,287,650,188.0,0.0,-188.0,0.0,0.0,207.0,379.0,307.0,686.0,207.0,0.0,-207.0,0.0,0.0,232.0,232.0,0.0,-232.0,0.0,0.0,264.0,264.0,0.0,-264.0,0.0,-206.0,0.0,206.0,-19.0,19.0,0.0,0.0,-32.0,32.0,0.0,0.0,0.44761904761904764,0.6461538461538462,0.4394904458598726,0.6865889212827988,concordant,concordant,-0.008128601759175014,0.04043507512895261
E02000149,Bromley,6,5,23.37698091333679,23.112002465483236,520.0,417.0,0.5289928789420142,0.4242115971515768,-0.1047812817904373,-0.2649784478535544,209.0,111.0,409,378,787,320.0,29.477763659466326,98.0,51.1002444987775,237.0,71.0,448.0,302.0,750.0,308.0,22.436,166.0,52.90178571428571,230.0,161.0,391.0,47.05209656925032,69.0,60.84656084656085,205.0,172.0,377.0,47.013333333333335,33.0,67.88079470198676,210.0,277.0,67.0,68.0,-12.0,-7.041763659466326,1.801541215508209,-36.0,-14.0,-0.03876323591698139,7.03423385542591,0.450070323488045,0.9034307496823379,0.44963503649635034,0.9133333333333333,concordant,concordant,-0.00043528699169465,0.009902583650995389
E02000150,Bromley,9,9,11.796424063106215,11.160133218390804,842.0,821.0,0.8565615462868769,0.8351983723296033,-0.0213631739572736,-0.6362908447154112,179.0,215.0,471,432,903,394.0,42.61904761904762,-36.0,38.004246284501065,149.0,225.0,464.0,422.0,886.0,374.0,37.83860045146727,-76.0,32.112068965517246,175.0,255.0,430.0,49.41860465116279,-80.0,40.50925925925926,160.0,271.0,431.0,48.93905191873589,-111.0,37.91469194312796,-106.0,118.0,224.0,-40.0,-20.0,-4.780447167580348,-5.892177318983819,-31.0,1.0,-0.479552732426896,-2.5945673161312968,0.47815533980582525,0.9125138427464009,0.4645962732919255,0.9085778781038375,concordant,concordant,-0.013559066513899765,-0.003935964642563405
E02000151,Bromley,10,10,4.608493942962768,4.035781282586027,979.0,983.0,0.9959308240081384,1.0,0.0040691759918616,-0.572712660376741,0.0,205.0,335,348,683,205.0,0.0,-205.0,0.0,0.0,176.0,344.0,295.0,639.0,176.0,0.0,-176.0,0.0,0.0,232.0,232.0,0.0,-232.0,0.0,0.0,239.0,239.0,0.0,-239.0,0.0,-172.0,0.0,172.0,29.0,-29.0,0.0,0.0,-7.0,7.0,0.0,0.0,0.4691075514874142,0.6398243045387995,0.42409638554216866,0.6494522691705791,concordant,concordant,-0.04501116594524551,0.009627964631779617
E02000152,Bromley,6,4,23.504589496348142,24.334110890565036,514.0,378.0,0.5228891149542217,0.3845371312309257,-0.138351983723296,0.8295213942168935,246.0,74.0,449,329,778,320.0,23.398457583547557,172.0,54.78841870824054,290.0,81.0,464.0,378.0,842.0,371.0,27.897862232779097,209.0,62.5,227.0,144.0,371.0,42.01542416452442,83.0,68.9969604863222,279.0,157.0,436.0,52.02256532066508,122.0,73.80952380952381,280.0,332.0,52.0,37.0,51.0,4.49940464923154,7.711581291759458,39.0,65.0,10.007141156140662,4.812563323201616,0.4630969609261939,0.8881748071979434,0.459727385377943,0.9584323040380047,concordant,concordant,-0.0033695755482509027,0.07025749684006133
E02000153,Bromley,10,10,6.033459909477756,6.094153517050459,973.0,963.0,0.989827060020346,0.9796541200406916,-0.0101729399796541,0.0606936075727029,0.0,164.0,381,329,710,164.0,0.0,-164.0,0.0,0.0,144.0,367.0,267.0,634.0,144.0,0.0,-144.0,0.0,0.0,274.0,274.0,0.0,-274.0,0.0,0.0,229.0,229.0,0.0,-229.0,0.0,-141.0,0.0,141.0,20.0,-20.0,0.0,0.0,45.0,-45.0,0.0,0.0,0.3744292237442922,0.6169014084507042,0.38605898123324395,0.5883280757097792,concordant,concordant,0.01162975748895173,-0.028573332740924995
E02000154,Bromley,9,9,10.796055072747832,11.251371650717704,873.0,816.0,0.8880976602238047,0.8301119023397762,-0.0579857578840284,0.4553165779698691,179.0,274.0,549,459,1008,453.0,48.65674603174603,-95.0,32.60473588342441,159.0,273.0,523.0,451.0,974.0,432.0,44.56570841889117,-114.0,30.401529636711285,136.0,334.0,470.0,45.06349206349206,-198.0,29.629629629629623,129.0,333.0,462.0,44.10369609856263,-204.0,28.60310421286031,-112.0,160.0,272.0,-19.0,-21.0,-4.091037612854862,-2.203206246713126,-6.0,-8.0,-0.9597959649294339,-1.0265254167693136,0.49079089924160346,0.9156746031746031,0.48322147651006714,0.917864476386037,concordant,concordant,-0.007569422731536324,0.0021898732114338237
E02000155,Bromley,8,7,17.20918700217234,17.19982082429501,695.0,622.0,0.7070193285859614,0.6327568667344863,-0.0742624618514751,-0.0093661778773288,108.0,174.0,318,359,677,282.0,27.75775480059084,-66.0,33.9622641509434,163.0,131.0,416.0,318.0,734.0,294.0,29.091280653950953,32.0,39.18269230769231,167.0,181.0,348.0,44.64844903988183,-14.0,46.51810584958218,156.0,229.0,385.0,48.67029972752044,-73.0,49.056603773584904,73.0,180.0,107.0,98.0,12.0,1.3335258533601149,5.220428156748909,-59.0,37.0,4.021850687638604,2.5384979240027263,0.44761904761904764,0.930576070901034,0.4329896907216495,0.9250681198910081,concordant,divergent,-0.014629356897398138,-0.00550795101002588
E02000156,Bromley,10,10,7.399662821068299,6.711487266553481,950.0,955.0,0.9664292980671414,0.9715157680569684,0.005086469989827,-0.6881755545148183,0.0,380.0,629,574,1203,380.0,0.0,-380.0,0.0,0.0,353.0,640.0,559.0,1199.0,353.0,0.0,-353.0,0.0,0.0,418.0,418.0,0.0,-418.0,0.0,0.0,449.0,449.0,0.0,-449.0,0.0,-351.0,0.0,351.0,27.0,-27.0,0.0,0.0,-31.0,31.0,0.0,0.0,0.47619047619047616,0.6633416458852868,0.4401496259351621,0.6688907422852377,concordant,concordant,-0.03604085025531406,0.005549096399950937
E02000157,Bromley,10,10,5.15125285233551,5.383091201186357,978.0,977.0,0.9949135300101728,0.9938962360122076,-0.0010172939979653,0.2318383488508466,0.0,185.0,372,278,650,185.0,0.0,-185.0,0.0,0.0,200.0,429.0,305.0,734.0,200.0,0.0,-200.0,0.0,0.0,218.0,218.0,0.0,-218.0,0.0,0.0,299.0,299.0,0.0,-299.0,0.0,-196.0,0.0,196.0,-15.0,15.0,0.0,0.0,-81.0,81.0,0.0,0.0,0.45905707196029777,0.62,0.40080160320641284,0.6798365122615804,concordant,concordant,-0.05825546875388493,0.05983651226158038
E02000158,Bromley,6,7,21.450589653041824,18.094705116638742,579.0,593.0,0.5890132248219736,0.6032553407934893,0.0142421159715157,-3.3558845364030816,209.0,241.0,401,552,953,450.0,52.85309548793284,-32.0,52.119700748129674,211.0,89.0,378.0,261.0,639.0,300.0,29.38810641627543,122.0,55.82010582010582,276.0,166.0,442.0,48.07555089192025,110.0,50.0,159.0,137.0,296.0,34.08920187793427,22.0,60.91954022988506,67.0,173.0,106.0,154.0,-150.0,-23.46498907165741,3.7004050719761494,-88.0,-146.0,-13.98634901398598,10.919540229885058,0.5044843049327354,0.9359916054564533,0.5033557046979866,0.9327073552425665,divergent,concordant,-0.001128600234748811,-0.0032842502138867857
E02000159,Bromley,10,10,7.237949547122724,7.260148747315677,956.0,943.0,0.9725330620549338,0.9593082400813836,-0.0132248219735503,0.0221992001929525,0.0,266.0,391,384,775,266.0,0.0,-266.0,0.0,0.0,189.0,362.0,292.0,654.0,189.0,0.0,-189.0,0.0,0.0,259.0,259.0,0.0,-259.0,0.0,0.0,213.0,213.0,0.0,-213.0,0.0,-186.0,0.0,186.0,77.0,-77.0,0.0,0.0,46.0,-46.0,0.0,0.0,0.5066666666666667,0.6774193548387096,0.4701492537313433,0.6146788990825688,concordant,concordant,-0.0365174129353234,-0.06274045575614084
E02000160,Bromley,10,10,7.596944079302443,7.990305309181761,946.0,924.0,0.9623601220752798,0.9399796541200408,-0.022380467955239,0.3933612298793179,0.0,217.0,439,391,830,217.0,0.0,-217.0,0.0,0.0,136.0,419.0,266.0,685.0,136.0,0.0,-136.0,0.0,0.0,277.0,277.0,0.0,-277.0,0.0,0.0,288.0,288.0,0.0,-288.0,0.0,-135.0,0.0,135.0,81.0,-81.0,0.0,0.0,-11.0,11.0,0.0,0.0,0.4392712550607287,0.5951807228915663,0.32075471698113206,0.618978102189781,concordant,concordant,-0.11851653807959667,0.023797379298214683
E02000161,Bromley,10,10,4.314845820451843,5.1688684997699035,982.0,978.0,0.9989827060020344,0.9949135300101728,-0.0040691759918616,0.8540226793180601,0.0,276.0,407,398,805,276.0,0.0,-276.0,0.0,0.0,207.0,451.0,358.0,809.0,207.0,0.0,-207.0,0.0,0.0,305.0,305.0,0.0,-305.0,0.0,0.0,332.0,332.0,0.0,-332.0,0.0,-207.0,0.0,207.0,69.0,-69.0,0.0,0.0,-27.0,27.0,0.0,0.0,0.4750430292598967,0.7217391304347827,0.38404452690166974,0.6662546353522868,concordant,concordant,-0.09099850235822698,-0.055484495082495866
E02000162,Bromley,9,8,12.524626148662785,13.508810934592816,821.0,748.0,0.8351983723296033,0.7609359104781281,-0.0742624618514751,0.984184785930033,180.0,129.0,373,285,658,309.0,35.2887537993921,51.0,48.257372654155496,173.0,104.0,392.0,266.0,658.0,277.0,27.343465045592705,69.0,44.13265306122449,123.0,156.0,279.0,29.161094224924017,-33.0,43.15789473684211,117.0,192.0,309.0,34.13981762917933,-75.0,43.98496240601504,115.0,201.0,86.0,18.0,-32.0,-7.945288753799392,-4.124719592931008,-42.0,30.0,4.978723404255316,0.8270676691729335,0.5255102040816326,0.8936170212765957,0.4726962457337884,0.8905775075987842,divergent,divergent,-0.05281395834784425,-0.003039513677811523
E02000163,Bromley,10,10,7.330790403398693,7.727085717952009,953.0,930.0,0.9694811800610376,0.9460834181078333,-0.0233977619532045,0.3962953145533161,0.0,180.0,409,257,666,180.0,0.0,-180.0,0.0,0.0,177.0,397.0,252.0,649.0,177.0,0.0,-177.0,0.0,0.0,307.0,307.0,0.0,-307.0,0.0,0.0,260.0,260.0,0.0,-260.0,0.0,-176.0,0.0,176.0,3.0,-3.0,0.0,0.0,47.0,-47.0,0.0,0.0,0.36960985626283366,0.7312312312312312,0.40503432494279173,0.6733436055469953,concordant,concordant,0.03542446867995808,-0.05788762568423589
E02000165,Bromley,10,10,9.212837169907736,9.006367838910947,914.0,895.0,0.9298067141403866,0.9104781281790436,-0.0193285859613429,-0.2064693309967893,0.0,183.0,334,236,570,183.0,0.0,-183.0,0.0,0.0,170.0,320.0,225.0,545.0,170.0,0.0,-170.0,0.0,0.0,251.0,251.0,0.0,-251.0,0.0,0.0,244.0,244.0,0.0,-244.0,0.0,-163.0,0.0,163.0,13.0,-13.0,0.0,0.0,7.0,-7.0,0.0,0.0,0.4216589861751152,0.7614035087719299,0.4106280193236715,0.7596330275229358,concordant,concordant,-0.011030966851443724,-0.001770481248994038
E02000166,Camden,6,6,22.096886846289753,20.44251639344262,556.0,522.0,0.5656154628687691,0.5310274669379451,-0.0345879959308239,-1.6543704528471324,228.0,352.0,653,686,1339,580.0,59.93726661687827,-124.0,34.915773353751916,182.0,305.0,588.0,570.0,1158.0,487.0,47.93609671848014,-123.0,30.952380952380953,253.0,338.0,591.0,63.86407766990291,-85.0,36.88046647230321,215.0,326.0,541.0,60.52677029360967,-111.0,37.719298245614034,-30.0,256.0,286.0,1.0,-93.0,-12.001169898398132,-3.963392401370964,-26.0,-50.0,-3.3373073762932393,0.8388317733108224,0.49530315969257044,0.8745332337565347,0.47373540856031127,0.8877374784110535,concordant,concordant,-0.021567751132259172,0.01320424465451886
E02000167,Camden,9,10,10.532950047205436,6.397151924839597,883.0,959.0,0.8982706002034588,0.97558494404883,0.0773143438453712,-4.13579812236584,23.0,631.0,790,841,1631,654.0,8.898221949724096,-608.0,2.911392405063291,19.0,528.0,754.0,722.0,1476.0,547.0,6.796747967479675,-509.0,2.519893899204244,44.0,605.0,649.0,16.32127529123237,-561.0,5.231866825208085,33.0,565.0,598.0,12.632113821138212,-532.0,4.570637119113574,-558.0,0.0,558.0,99.0,-107.0,-2.1014739822444213,-0.391498505859047,29.0,-51.0,-3.6891614700941595,-0.6612297060945114,0.5019186492709132,0.7988963825873697,0.4777292576419214,0.7757452574525745,concordant,concordant,-0.024189391628991808,-0.023151125134795225
E02000168,Camden,6,7,23.833968997797356,16.301063330040613,501.0,650.0,0.5096642929806714,0.6612410986775178,0.1515768056968464,-7.532905667756744,180.0,524.0,840,813,1653,704.0,57.05989110707804,-344.0,21.428571428571427,191.0,564.0,808.0,853.0,1661.0,755.0,64.85490668272125,-373.0,23.638613861386137,178.0,555.0,733.0,59.76406533575317,-377.0,21.894218942189426,186.0,542.0,728.0,60.69355809753161,-356.0,21.80539273153575,-412.0,173.0,585.0,-29.0,51.0,7.7950155756432125,2.21004243281471,21.0,-5.0,0.9294927617784339,-0.08882621065367502,0.4899095337508699,0.8693284936479129,0.5091031692515172,0.892835641180012,concordant,concordant,0.019193635500647344,0.02350714753209915
E02000169,Camden,9,10,11.585478528217887,5.946124186046513,848.0,966.0,0.8626653102746694,0.982706002034588,0.1200406917599186,-5.639354342171375,31.0,826.0,742,1069,1811,857.0,14.139149641082277,-795.0,4.177897574123989,9.0,532.0,720.0,723.0,1443.0,541.0,3.318087318087318,-523.0,1.25,46.0,560.0,606.0,14.224185532854776,-514.0,4.303086997193639,51.0,559.0,610.0,19.75675675675676,-508.0,7.053941908713693,-553.0,0.0,553.0,272.0,-316.0,-10.821062322994958,-2.927897574123989,6.0,4.0,5.532571223901986,2.7508549115200536,0.5857826384142174,0.8078409718387631,0.47002606429192006,0.7976437976437977,concordant,concordant,-0.11575657412229734,-0.010197174194965464
E02000170,Camden,8,8,16.624588354881265,13.196566253263708,714.0,752.0,0.7263479145473042,0.7650050864699899,0.0386571719226856,-3.4280221016175574,163.0,914.0,1109,1181,2290,1077.0,65.05764192139738,-751.0,14.697926059513074,100.0,749.0,947.0,1010.0,1957.0,849.0,38.27286663260092,-649.0,10.559662090813092,166.0,845.0,1011.0,61.2532751091703,-679.0,14.055884843353091,155.0,708.0,863.0,56.07562595809913,-553.0,15.346534653465346,-537.0,128.0,665.0,102.0,-228.0,-26.784775288796453,-4.138263968699983,126.0,-148.0,-5.177649151071172,1.2906498101122548,0.5158045977011494,0.9117903930131004,0.495911214953271,0.8748083801737353,concordant,concordant,-0.019893382747878385,-0.036982012839365086
E02000171,Camden,7,8,18.761711944231266,14.361147302668938,647.0,721.0,0.6581892166836215,0.7334689725330621,0.0752797558494405,-4.400564641562324,222.0,540.0,832,819,1651,762.0,72.61053906723198,-318.0,26.682692307692307,217.0,468.0,755.0,743.0,1498.0,685.0,67.79439252336448,-251.0,28.741721854304636,222.0,529.0,751.0,71.13143549364021,-307.0,27.106227106227102,202.0,478.0,680.0,64.45660881174899,-276.0,27.18707940780619,-318.0,167.0,485.0,67.0,-77.0,-4.816146543867504,2.0590295466123294,31.0,-71.0,-6.6748266818912185,0.08085230157908896,0.5036351619299405,0.9164142943670502,0.5018315018315018,0.9112149532710281,concordant,concordant,-0.0018036600984386864,-0.005199341096022159
E02000172,Camden,2,3,37.137742762392826,29.4224440044762,182.0,218.0,0.1851475076297049,0.2217700915564598,0.0366225839267548,-7.715298757916628,775.0,70.0,941,1128,2069,845.0,26.220396326727887,705.0,82.35919234856536,675.0,80.0,837.0,984.0,1821.0,755.0,29.654036243822077,595.0,80.64516129032258,895.0,72.0,967.0,31.14548090865152,823.0,79.34397163120568,792.0,78.0,870.0,33.924217462932454,714.0,80.48780487804879,389.0,551.0,162.0,-110.0,-90.0,3.4336399170941903,-1.7140310582427816,-109.0,-97.0,2.7787365542809326,1.1438332468431156,0.4663355408388521,0.8757854035766071,0.4646153846153846,0.8923668314113125,concordant,concordant,-0.001720156223467495,0.016581427834705398
E02000173,Camden,8,10,16.40104503179153,8.938290639837215,720.0,897.0,0.7324516785350966,0.9125127161749744,0.1800610376398779,-7.462754391954315,217.0,686.0,921,1074,1995,903.0,74.61754385964912,-469.0,23.561346362649292,235.0,572.0,925.0,1032.0,1957.0,807.0,68.68676545733265,-337.0,25.405405405405407,275.0,612.0,887.0,84.3609022556391,-337.0,25.605214152700185,288.0,585.0,873.0,86.09095554420031,-297.0,27.906976744186046,-843.0,0.0,843.0,132.0,-96.0,-5.930778402316463,1.8440590427561148,40.0,-14.0,1.7300532885612085,2.3017625914858613,0.5044692737430168,0.8972431077694235,0.48035714285714287,0.858456821665815,concordant,concordant,-0.024112130885873884,-0.03878628610360846
E02000174,Camden,4,5,31.40758254073904,21.866668215417107,329.0,461.0,0.3346897253306205,0.4689725330620549,0.1342828077314344,-9.540914325321932,435.0,376.0,841,940,1781,811.0,91.83604716451433,59.0,51.72413793103448,428.0,387.0,876.0,911.0,1787.0,815.0,92.6894236149972,41.0,48.858447488584474,430.0,324.0,754.0,78.22571588994947,106.0,45.744680851063826,397.0,371.0,768.0,82.42137660884164,26.0,43.578485181119646,-29.0,390.0,419.0,-18.0,4.0,0.8533764504828696,-2.8656904424500027,-80.0,14.0,4.195660718892171,-2.1661956699441802,0.5182108626198083,0.8787198203256598,0.5148452305748579,0.8858421936205931,concordant,concordant,-0.0033656320449504395,0.007122373294933371
E02000175,Camden,6,8,22.019633821202532,15.199653641386238,562.0,695.0,0.5717192268565615,0.7070193285859614,0.1353001017293998,-6.8199801798162945,515.0,642.0,1149,1351,2500,1157.0,132.252,-127.0,44.82158398607485,533.0,599.0,1284.0,1316.0,2600.0,1132.0,122.795,-66.0,41.51090342679128,576.0,503.0,1079.0,115.8912,73.0,42.635085122131755,594.0,594.0,1188.0,135.70615384615385,0.0,45.13677811550152,-652.0,175.0,827.0,61.0,-25.0,-9.457000000000008,-3.3106805592835684,-73.0,109.0,19.814953846153855,2.5016929933697654,0.5174418604651163,0.8944,0.4879310344827586,0.8923076923076924,divergent,zero,-0.029510825982357713,-0.0020923076923076156
E02000176,Camden,9,10,12.899689763062923,8.016324858366728,803.0,922.0,0.8168870803662258,0.93794506612411,0.121057985757884,-4.8833649046961956,21.0,632.0,757,771,1528,653.0,8.68586387434555,-611.0,2.7741083223249667,29.0,644.0,726.0,775.0,1501.0,673.0,12.442371752165224,-615.0,3.994490358126722,31.0,618.0,649.0,12.537958115183246,-587.0,4.020752269779507,24.0,589.0,613.0,9.417721518987342,-565.0,3.096774193548387,-656.0,0.0,656.0,-4.0,20.0,3.756507877819674,1.2203820358017552,22.0,-36.0,-3.1202365961959035,-0.92397807623112,0.5015360983102919,0.8520942408376964,0.5233281493001555,0.8567621585609594,concordant,concordant,0.021792050989863587,0.0046679177232630265
E02000177,Camden,3,3,34.56624696691998,27.632996899379872,242.0,285.0,0.2461851475076297,0.2899287894201424,0.0437436419125127,-6.933250067540104,605.0,257.0,922,1001,1923,862.0,80.8554342173687,348.0,65.6182212581345,541.0,200.0,848.0,985.0,1833.0,741.0,59.02891434806328,341.0,63.79716981132076,648.0,182.0,830.0,61.32917316692668,466.0,64.73526473526474,635.0,193.0,828.0,66.86033824331696,442.0,64.46700507614213,440.0,569.0,129.0,-7.0,-121.0,-21.826519869305415,-1.8210514468137404,-24.0,-2.0,5.53116507639028,-0.26825965912260585,0.5094562647754137,0.8798751950078003,0.4722753346080306,0.855973813420622,concordant,concordant,-0.03718093016738311,-0.02390138158717836
E02000178,Camden,4,4,30.807406748334653,26.68319258202568,344.0,308.0,0.3499491353001017,0.3133265513733469,-0.0366225839267548,-4.124214166308974,750.0,429.0,1239,1370,2609,1179.0,123.3231123035646,321.0,60.53268765133172,660.0,418.0,1186.0,1340.0,2526.0,1078.0,109.21615201900238,242.0,55.64924114671164,719.0,352.0,1071.0,97.00574932924492,367.0,52.481751824817515,768.0,370.0,1138.0,112.49406175771972,398.0,57.3134328358209,357.0,692.0,335.0,-79.0,-101.0,-14.10696028456222,-4.883446504620082,31.0,67.0,15.4883124284748,4.831681011003383,0.524,0.8623993867382139,0.48646209386281586,0.8772763262074426,concordant,concordant,-0.03753790613718416,0.014876939469228634
E02000179,Camden,6,7,22.039602673408123,15.92515038434661,557.0,667.0,0.5666327568667345,0.6785350966429298,0.1119023397761952,-6.1144522890615125,365.0,261.0,822,683,1505,626.0,63.29900332225914,104.0,44.40389294403893,241.0,333.0,506.0,676.0,1182.0,574.0,67.89593908629442,-92.0,47.62845849802372,335.0,360.0,695.0,80.1328903654485,-25.0,49.04831625183016,273.0,202.0,475.0,46.65482233502538,71.0,40.38461538461539,-157.0,208.0,365.0,-196.0,-52.0,4.59693576403528,3.224565553984789,96.0,-220.0,-33.478068030423124,-8.663700867214772,0.4738834216502649,0.8777408637873754,0.5471877979027645,0.8874788494077834,divergent,divergent,0.07330437625249958,0.009737985620408063
E02000180,Camden,5,5,28.312955766886123,23.5154621785174,399.0,402.0,0.4059003051881994,0.4089521871820956,0.0030518819938962,-4.797493588368724,401.0,873.0,956,1364,2320,1274.0,150.8935344827586,-472.0,41.945606694560674,373.0,572.0,981.0,1054.0,2035.0,945.0,104.84324324324324,-199.0,38.02242609582059,424.0,472.0,896.0,86.26206896551724,-48.0,31.085043988269796,400.0,556.0,956.0,109.28746928746928,-156.0,37.95066413662239,-104.0,394.0,498.0,273.0,-329.0,-46.050291239515374,-3.923180598740082,-108.0,60.0,23.025400321952034,6.865620148352598,0.5870967741935483,0.9353448275862069,0.49710678590215673,0.9341523341523341,concordant,concordant,-0.0899899882913916,-0.0011924934338727322
E02000181,Camden,8,8,17.15644991177997,12.549205871648672,699.0,774.0,0.711088504577823,0.7873855544252288,0.0762970498474058,-4.607244040131297,140.0,930.0,1006,1286,2292,1070.0,56.80628272251309,-790.0,13.916500994035786,135.0,752.0,1093.0,1059.0,2152.0,887.0,47.174721189591075,-617.0,12.351326623970722,211.0,755.0,966.0,69.50479930191972,-544.0,16.40746500777605,160.0,814.0,974.0,60.520446096654275,-654.0,15.108593012275731,-427.0,193.0,620.0,173.0,-183.0,-9.631561532922014,-1.5651743700650638,-110.0,8.0,-8.984353205265442,-1.2988719955003187,0.5255402750491159,0.8883071553228621,0.47662547017732404,0.8647769516728625,concordant,concordant,-0.048914804871791895,-0.02353020364999958
E02000182,Camden,7,8,20.42072622666866,14.248015745965096,603.0,725.0,0.6134282807731435,0.7375381485249237,0.1241098677517802,-6.172710480703563,319.0,438.0,747,836,1583,757.0,88.26405559065066,-119.0,42.704149933065594,293.0,378.0,858.0,771.0,1629.0,671.0,67.98895027624309,-85.0,34.149184149184144,325.0,362.0,687.0,74.32090966519267,-37.0,38.875598086124405,323.0,485.0,808.0,96.16635972989565,-162.0,41.893644617380026,-233.0,180.0,413.0,34.0,-86.0,-20.27510531440757,-8.55496578388145,-125.0,121.0,21.845450064702973,3.018046531255621,0.5242382271468145,0.9121920404295641,0.45368492224476,0.9079189686924494,concordant,concordant,-0.07055330490205447,-0.004273071737114775
E02000183,Camden,6,6,21.20543697662075,18.61980294504968,586.0,580.0,0.5961342828077314,0.590030518819939,-0.0061037639877924,-2.585634031571068,248.0,381.0,723,783,1506,629.0,62.7410358565737,-133.0,34.3015214384509,224.0,339.0,726.0,708.0,1434.0,563.0,52.95397489539749,-115.0,30.85399449035813,283.0,351.0,634.0,65.95816733067728,-68.0,36.14303959131545,286.0,403.0,689.0,80.37517433751744,-117.0,40.3954802259887,-33.0,285.0,318.0,18.0,-66.0,-9.787060961176216,-3.4475269480927686,-49.0,55.0,14.417007006840151,4.252440634673249,0.49802058590657167,0.8386454183266933,0.4496805111821086,0.8730822873082287,concordant,concordant,-0.048340074724463056,0.03443686898153542
E02000184,Camden,3,3,35.01582373902274,30.14434646824565,227.0,200.0,0.2309257375381485,0.2034587995930824,-0.0274669379450661,-4.871477270777092,718.0,338.0,1142,1284,2426,1056.0,100.03462489694972,380.0,62.87215411558669,755.0,330.0,1154.0,1208.0,2362.0,1085.0,105.4826418289585,425.0,65.42461005199307,749.0,290.0,1039.0,89.53421269579555,459.0,58.333333333333336,750.0,277.0,1027.0,87.95512277730737,473.0,62.086092715231786,540.0,785.0,245.0,45.0,29.0,5.448016932008784,2.552455936406382,14.0,-12.0,-1.5790899184881795,3.75275938189845,0.5040572792362769,0.8635614179719703,0.5137310606060606,0.8941574936494496,concordant,concordant,0.009673781369783696,0.03059607567747935
E02000185,Camden,3,3,35.80940246441496,29.76935278598565,205.0,207.0,0.2085452695829094,0.2105798575788403,0.0020345879959308,-6.0400496784293125,614.0,183.0,847,1105,1952,797.0,57.5625,431.0,72.49114521841794,617.0,191.0,900.0,942.0,1842.0,808.0,63.97774158523344,426.0,68.55555555555556,804.0,143.0,947.0,58.89959016393443,661.0,72.76018099547511,666.0,195.0,861.0,70.50488599348535,471.0,70.70063694267516,443.0,633.0,190.0,-5.0,11.0,6.415241585233439,-3.935589662862384,-190.0,-86.0,11.605295829550919,-2.05954405279995,0.4569954128440367,0.8934426229508197,0.48412222887956863,0.9060803474484256,concordant,concordant,0.02712681603553191,0.012637724497605918
E02000186,Camden,4,4,30.986012874233584,25.35959703903095,339.0,346.0,0.3448626653102746,0.3519837232960325,0.0071210579857579,-5.626415835202632,493.0,395.0,920,1020,1940,888.0,100.37886597938144,98.0,53.586956521739125,427.0,341.0,924.0,899.0,1823.0,768.0,79.87218869994514,86.0,46.21212121212121,509.0,341.0,850.0,89.46855670103093,168.0,49.90196078431373,465.0,394.0,859.0,100.49917718047176,71.0,51.72413793103448,184.0,478.0,294.0,-12.0,-120.0,-20.506677279436303,-7.3748353096179144,-97.0,9.0,11.030620479440827,1.8221771467207475,0.5109321058688148,0.8958762886597939,0.47203441917639827,0.8924849149753155,concordant,concordant,-0.0388976866924165,-0.0033913736844783937
E02000187,Camden,2,1,39.63475536848559,34.75225391566265,146.0,84.0,0.1485249237029501,0.0854526958290946,-0.0630722278738555,-4.882501452822943,723.0,90.0,847,931,1778,813.0,36.59730033745782,633.0,85.36009445100355,648.0,111.0,816.0,844.0,1660.0,759.0,43.33012048192771,537.0,79.41176470588235,756.0,68.0,824.0,28.913385826771652,688.0,81.203007518797,674.0,88.0,762.0,35.73012048192771,586.0,79.85781990521326,754.0,754.0,0.0,-96.0,-54.0,6.7328201444698905,-5.9483297451212,-102.0,-62.0,6.816734655156061,-1.3451876135837324,0.49664019547953575,0.9206974128233971,0.4990138067061144,0.9162650602409639,concordant,concordant,0.0023736112265786424,-0.004432352582433241
E02000188,Camden,3,3,32.86733948690218,28.46804810669207,288.0,248.0,0.2929806714140386,0.2522889114954221,-0.0406917599186165,-4.399291380210112,865.0,273.0,1182,1133,2315,1138.0,102.00647948164146,592.0,73.18104906937394,375.0,220.0,636.0,848.0,1484.0,595.0,55.59299191374663,155.0,58.9622641509434,724.0,224.0,948.0,70.05442764578834,500.0,63.90114739629303,514.0,121.0,635.0,41.90970350404313,393.0,60.613207547169814,251.0,406.0,155.0,-437.0,-543.0,-46.41348756789483,-14.218784918430543,-107.0,-313.0,-28.144724141745208,-3.2879398491232124,0.5455417066155321,0.9010799136069114,0.483739837398374,0.8288409703504043,concordant,concordant,-0.061801869217158134,-0.07223894325650715
E02000189,Camden,5,3,27.550494682032305,28.462772490021493,421.0,250.0,0.4282807731434384,0.254323499491353,-0.1739572736520854,0.912277807989188,305.0,549.0,706,973,1679,854.0,99.72900536033352,-244.0,43.201133144475925,0.0,0.0,0.0,0.0,0.0,0.0,0.0,0.0,0.0,320.0,329.0,649.0,62.70399047051816,-9.0,32.8879753340185,0.0,0.0,0.0,0.0,0.0,0.0,0.0,0.0,0.0,244.0,-854.0,-99.72900536033352,-43.201133144475925,9.0,-649.0,-62.70399047051816,-32.8879753340185,0.5681969394544245,0.8951756998213222,0.5,0.0,concordant,zero,-0.06819693945442451,-0.8951756998213222
E02000190,Camden,6,5,23.8364038061089,23.143197738592004,499.0,416.0,0.5076297049847406,0.4231943031536114,-0.0844354018311291,-0.693206067516897,302.0,1270.0,831,1665,2496,1572.0,153.66185897435898,-968.0,36.34175691937425,0.0,0.0,0.0,0.0,0.0,0.0,0.0,0.0,0.0,275.0,440.0,715.0,48.4775641025641,-165.0,16.516516516516518,0.0,0.0,0.0,0.0,0.0,0.0,0.0,0.0,0.0,968.0,-1572.0,-153.66185897435898,-36.34175691937425,165.0,-715.0,-48.4775641025641,-16.516516516516518,0.6873633581110625,0.9162660256410257,0.5,0.0,concordant,zero,-0.18736335811106253,-0.9162660256410257
E02000191,Camden,7,8,18.5417108176604,14.910271007639142,658.0,708.0,0.669379450661241,0.7202441505595117,0.0508646998982706,-3.631439810021256,282.0,1618.0,1289,1989,3278,1900.0,139.1934106162294,-1336.0,21.87742435996897,200.0,1190.0,842.0,1533.0,2375.0,1390.0,100.21052631578948,-990.0,23.75296912114014,232.0,895.0,1127.0,63.343502135448446,-663.0,11.664152840623428,211.0,551.0,762.0,48.952,-340.0,13.763861709067188,-1123.0,159.0,1282.0,346.0,-510.0,-38.982884300439906,1.8755447611711702,323.0,-365.0,-14.391502135448448,2.0997088684437593,0.6276841757515692,0.9234289200732154,0.645910780669145,0.9061052631578947,concordant,concordant,0.018226604917575773,-0.017323656915320673
E02000192,Camden,4,5,30.374227148246472,23.021447548106764,354.0,420.0,0.3601220752797558,0.427263479145473,0.0671414038657171,-7.3527796001397085,478.0,239.0,714,692,1406,717.0,81.25320056899004,239.0,66.94677871148458,279.0,205.0,588.0,559.0,1147.0,484.0,49.86486486486486,74.0,47.44897959183674,396.0,183.0,579.0,51.54196301564723,213.0,57.22543352601156,302.0,242.0,544.0,63.71752397558849,60.0,54.02504472271914,4.0,257.0,253.0,-165.0,-233.0,-31.388335704125176,-19.497799119647844,-153.0,-35.0,12.175560959941265,-3.2003888032924195,0.5532407407407407,0.9217638691322901,0.4708171206225681,0.8962510897994769,concordant,concordant,-0.08242362011817261,-0.025512779332813262
E02000193,Camden,5,7,24.079412731323725,17.801022276923074,487.0,603.0,0.4954221770091556,0.6134282807731435,0.1180061037639878,-6.27839045440065,501.0,445.0,1026,1062,2088,946.0,106.77442528735632,56.0,48.83040935672515,372.0,330.0,764.0,753.0,1517.0,702.0,80.9228740936058,42.0,48.69109947643979,500.0,390.0,890.0,93.39080459770116,110.0,47.080979284369114,358.0,302.0,660.0,71.26961107448912,56.0,47.54316069057105,-301.0,187.0,488.0,-14.0,-244.0,-25.851551193750524,-0.13930988028536007,-54.0,-230.0,-22.121193523212042,0.4621814062019354,0.5152505446623094,0.8793103448275862,0.5154185022026432,0.8978246539222149,concordant,concordant,0.0001679575403338296,0.0185143090946287
E02000194,Croydon,5,5,27.43738927897884,23.44658497221035,423.0,407.0,0.4303153611393693,0.4140386571719227,-0.0162767039674466,-3.990804306768492,294.0,446.0,880,845,1725,740.0,76.01391304347825,-152.0,33.409090909090914,279.0,263.0,865.0,763.0,1628.0,542.0,45.07186732186732,16.0,32.25433526011561,272.0,438.0,710.0,69.06434782608696,-166.0,32.18934911242604,361.0,441.0,802.0,97.78931203931204,-80.0,47.313237221494106,0.0,309.0,309.0,168.0,-198.0,-30.94204572161093,-1.1547556489753035,86.0,92.0,28.72496421322508,15.12388810906807,0.5103448275862069,0.8405797101449275,0.40327380952380953,0.8255528255528255,concordant,divergent,-0.10707101806239738,-0.015026884592101997
E02000195,Croydon,7,8,18.64841372049825,15.2828198019802,653.0,693.0,0.6642929806714141,0.7049847405900305,0.0406917599186164,-3.3655939185180515,79.0,446.0,697,587,1284,525.0,27.44080996884735,-367.0,11.33428981348637,82.0,427.0,571.0,647.0,1218.0,509.0,28.74712643678161,-345.0,14.36077057793345,113.0,561.0,674.0,49.37149532710281,-448.0,19.250425894378196,163.0,447.0,610.0,59.820197044334975,-284.0,25.19319938176198,-444.0,42.0,486.0,22.0,-16.0,1.3063164679342592,3.0264807644470793,164.0,-64.0,10.448701717232169,5.942773487383782,0.4378648874061718,0.9338006230529595,0.4548704200178731,0.9187192118226601,concordant,concordant,0.01700553261170129,-0.01508141123029938
E02000196,Croydon,5,4,26.273647129542077,24.416559833506764,446.0,376.0,0.4537131230925738,0.3825025432349949,-0.0712105798575788,-1.8570872960353135,192.0,222.0,526,551,1077,414.0,39.57660167130919,-30.0,36.50190114068441,225.0,248.0,563.0,625.0,1188.0,473.0,46.96969696969697,-23.0,39.96447602131439,256.0,214.0,470.0,50.867223769730735,42.0,46.46098003629764,301.0,261.0,562.0,66.12878787878788,40.0,48.16,98.0,297.0,199.0,7.0,59.0,7.393095298387777,3.4625748806299796,-2.0,92.0,15.26156410905714,1.699019963702355,0.4683257918552036,0.8207985143918292,0.4570048309178744,0.8712121212121212,divergent,divergent,-0.011320960937329205,0.050413606820292056
E02000197,Croydon,6,6,21.99235828568287,20.895488907319095,565.0,496.0,0.5747711088504578,0.5045778229908443,-0.0701932858596134,-1.096869378363774,166.0,336.0,804,697,1501,502.0,37.15922718187875,-170.0,20.64676616915423,118.0,346.0,552.0,666.0,1218.0,464.0,33.520525451559934,-228.0,21.3768115942029,266.0,565.0,831.0,100.126582278481,-299.0,38.1635581061693,232.0,364.0,596.0,69.33333333333333,-132.0,34.83483483483483,-274.0,112.0,386.0,-58.0,-38.0,-3.6387017303188145,0.7300454250486688,167.0,-235.0,-30.793248945147667,-3.328723271334468,0.3765941485371343,0.8880746169220519,0.4377358490566038,0.8702791461412152,concordant,concordant,0.06114170051946949,-0.017795470780836764
E02000198,Croydon,4,2,29.828975247831476,31.283496550137997,366.0,166.0,0.3723296032553408,0.1688708036622584,-0.2034587995930824,1.4545213023065209,403.0,163.0,763,732,1495,566.0,43.93913043478261,240.0,52.8178243774574,409.0,188.0,714.0,655.0,1369.0,597.0,56.16654492330168,221.0,57.2829131652661,429.0,251.0,680.0,72.02608695652174,178.0,58.606557377049185,357.0,178.0,535.0,46.41782322863404,179.0,54.50381679389314,451.0,534.0,83.0,-19.0,31.0,12.227414488519067,4.465088787808703,1.0,-145.0,-25.608263727887696,-4.102740583156049,0.45425361155698235,0.8334448160535117,0.5273851590106007,0.8268809349890431,concordant,concordant,0.07313154745361833,-0.006563881064468591
E02000199,Croydon,6,5,23.255173858837487,21.93459211603696,526.0,459.0,0.5350966429298067,0.4669379450661241,-0.0681586978636826,-1.3205817428005275,128.0,334.0,650,597,1247,462.0,34.28388131515638,-206.0,19.692307692307693,115.0,365.0,561.0,671.0,1232.0,480.0,34.070616883116884,-250.0,20.499108734402853,183.0,471.0,654.0,69.12028869286287,-288.0,30.65326633165829,239.0,409.0,648.0,79.34334415584415,-170.0,35.61847988077496,-151.0,170.0,321.0,-44.0,18.0,-0.21326443203949452,0.8068010420951595,118.0,-6.0,10.223055462981279,4.9652135491166725,0.41397849462365593,0.8949478748997595,0.425531914893617,0.9155844155844156,concordant,concordant,0.01155342026996109,0.020636540684656146
E02000200,Croydon,5,4,27.57531253195081,26.746037568689022,419.0,307.0,0.4262461851475076,0.3123092573753815,-0.1139369277721261,-0.8292749632617884,277.0,417.0,858,794,1652,694.0,69.92070217917676,-140.0,32.28438228438228,296.0,328.0,806.0,751.0,1557.0,624.0,62.355812459858704,-32.0,36.72456575682382,256.0,443.0,699.0,68.64891041162228,-187.0,32.241813602015114,323.0,343.0,666.0,71.15542710340398,-20.0,43.00932090545938,174.0,467.0,293.0,108.0,-70.0,-7.564889719318053,4.440183472441539,167.0,-33.0,2.506516691781698,10.767507303444269,0.49820531227566406,0.8432203389830508,0.48372093023255813,0.8285163776493256,concordant,concordant,-0.014484382043105926,-0.014703961333725202
E02000201,Croydon,3,2,35.644580713681925,32.375662321882245,208.0,139.0,0.2115971515768057,0.1414038657171922,-0.0701932858596134,-3.26891839179968,588.0,95.0,847,646,1493,683.0,37.4146014735432,493.0,69.42148760330579,429.0,105.0,624.0,684.0,1308.0,534.0,34.43807339449541,324.0,68.75,450.0,137.0,587.0,41.2926992632284,313.0,69.65944272445822,485.0,121.0,606.0,44.866207951070336,364.0,70.90643274853801,356.0,419.0,63.0,-169.0,-149.0,-2.976528079047789,-0.6714876033057919,51.0,19.0,3.5735086878419366,1.2469900240797926,0.5377952755905512,0.8506363027461487,0.46842105263157896,0.8715596330275229,concordant,concordant,-0.06937422295897222,0.020923330281374275
E02000202,Croydon,7,5,17.964405222274216,21.210436688881092,679.0,484.0,0.6907426246185148,0.4923702950152594,-0.1983723296032553,3.246031466606876,91.0,508.0,632,678,1310,599.0,35.28854961832061,-417.0,14.39873417721519,50.0,484.0,594.0,711.0,1305.0,534.0,18.544061302681992,-434.0,8.417508417508419,123.0,494.0,617.0,46.383206106870226,-371.0,18.141592920353983,171.0,520.0,691.0,68.13793103448276,-349.0,24.050632911392405,-227.0,146.0,373.0,-17.0,-65.0,-16.744488315638616,-5.981225759706771,22.0,74.0,21.754724927612536,5.909039991038423,0.4925986842105263,0.9282442748091603,0.4359183673469388,0.9386973180076629,concordant,concordant,-0.05668031686358754,0.010453043198502598
E02000203,Croydon,4,2,30.1595201406022,31.876307135728545,360.0,153.0,0.3662258392675483,0.155645981688708,-0.2105798575788403,1.7167869951263413,394.0,154.0,742,622,1364,548.0,44.483870967741936,240.0,53.09973045822103,340.0,200.0,601.0,765.0,1366.0,540.0,49.780380673499266,140.0,56.57237936772047,335.0,185.0,520.0,45.436217008797655,150.0,53.85852090032154,418.0,173.0,591.0,52.9385065885798,245.0,54.64052287581699,355.0,472.0,117.0,-100.0,-8.0,5.29650970575733,3.4726489094994406,95.0,71.0,7.502289579782143,0.7820019754954544,0.5131086142322098,0.782991202346041,0.47745358090185674,0.8279648609077599,concordant,concordant,-0.035655033330353025,0.044973658561718866
E02000204,Croydon,6,5,21.204372720314662,23.33938686357534,587.0,410.0,0.5971515768056969,0.4170905391658189,-0.1800610376398779,2.135014143260676,193.0,409.0,874,720,1594,602.0,49.52132998745295,-216.0,22.08237986270023,165.0,401.0,615.0,735.0,1350.0,566.0,49.01111111111111,-236.0,26.82926829268293,252.0,582.0,834.0,92.01003764115433,-330.0,35.0,249.0,357.0,606.0,65.84666666666666,-108.0,33.87755102040816,-170.0,186.0,356.0,-20.0,-36.0,-0.5102188763418383,4.7468884299827,222.0,-228.0,-26.163370974487663,-1.1224489795918373,0.4192200557103064,0.9008782936010038,0.48293515358361777,0.8681481481481481,concordant,concordant,0.06371509787331137,-0.032730145452855686
E02000206,Croydon,4,2,31.63753758884579,32.66016979062812,322.0,131.0,0.3275686673448627,0.1332655137334689,-0.1943031536113937,1.0226322017823255,555.0,261.0,990,976,1966,816.0,73.68006103763987,294.0,56.060606060606055,409.0,195.0,822.0,811.0,1633.0,604.0,48.83955909369259,214.0,49.75669099756691,520.0,253.0,773.0,66.91759918616481,267.0,53.278688524590166,464.0,245.0,709.0,69.61420698101654,219.0,57.21331689272503,448.0,536.0,88.0,-80.0,-212.0,-24.84050194394728,-6.303915063039142,-48.0,-64.0,2.6966077948517295,3.9346283681348666,0.513530522341095,0.8082400813835199,0.46001523229246,0.8040416411512553,concordant,concordant,-0.05351529004863498,-0.004198440232264566
E02000207,Croydon,3,3,33.02746268140904,28.9408804206418,283.0,232.0,0.2878942014242115,0.2360122075279755,-0.0518819938962359,-4.086582260767241,467.0,83.0,645,725,1370,550.0,28.29270072992701,384.0,72.40310077519379,399.0,60.0,573.0,579.0,1152.0,459.0,20.78125,339.0,69.63350785340315,590.0,67.0,657.0,28.854014598540147,523.0,81.37931034482759,456.0,87.0,543.0,34.4375,369.0,78.75647668393782,176.0,347.0,171.0,-45.0,-91.0,-7.5114507299270095,-2.7695929217906468,-154.0,-114.0,5.583485401459853,-2.6228336608897678,0.45567522783761394,0.881021897810219,0.45808383233532934,0.8697916666666666,concordant,concordant,0.0024086044977154053,-0.011230231143552372
E02000208,Croydon,3,1,34.30410638304392,37.00035305719921,249.0,49.0,0.2533062054933876,0.0498474059003051,-0.2034587995930824,2.69624667415529,1036.0,150.0,1331,1040,2371,1186.0,65.54196541543652,886.0,77.83621337340345,665.0,118.0,861.0,1047.0,1908.0,783.0,41.12683438155136,547.0,77.23577235772358,810.0,193.0,1003.0,65.93420497680303,617.0,77.88461538461539,866.0,123.0,989.0,55.827044025157235,743.0,82.71251193887296,773.0,773.0,0.0,-339.0,-403.0,-24.41513103388516,-0.600441015679877,126.0,-14.0,-10.107160951645795,4.827896554257578,0.5417999086340795,0.9232391396035428,0.44187358916478553,0.9287211740041929,concordant,concordant,-0.09992631946929392,0.005482034400650093
E02000209,Croydon,5,4,26.078018300451628,25.654668953687825,449.0,342.0,0.45676500508647,0.3479145473041709,-0.108850457782299,-0.4233493467638034,235.0,311.0,631,708,1339,546.0,54.58177744585512,-76.0,37.24247226624406,254.0,240.0,523.0,630.0,1153.0,494.0,52.870771899392885,14.0,48.565965583174,333.0,309.0,642.0,76.84615384615384,24.0,47.03389830508475,360.0,194.0,554.0,60.5724197745013,166.0,57.14285714285714,73.0,307.0,234.0,90.0,-52.0,-1.711005546462232,11.323493316929941,142.0,-88.0,-16.27373407165254,10.108958837772391,0.4595959595959596,0.8872292755787902,0.4713740458015267,0.9089332176929749,divergent,concordant,0.011778086205567084,0.021703942114184693
E02000210,Croydon,7,6,19.291186922984355,18.30019387036167,634.0,587.0,0.6449643947100712,0.5971515768056969,-0.0478128179043743,-0.9909930526226844,124.0,386.0,595,588,1183,510.0,40.459847844463226,-262.0,20.840336134453786,120.0,308.0,576.0,513.0,1089.0,428.0,33.93939393939394,-188.0,20.833333333333336,144.0,448.0,592.0,54.532544378698226,-304.0,24.489795918367346,187.0,421.0,608.0,72.29292929292929,-234.0,36.45224171539961,-120.0,165.0,285.0,74.0,-82.0,-6.520453905069289,-0.007002801120449931,70.0,16.0,17.76038491423106,11.962445797032263,0.4627949183303085,0.9315300084530854,0.41312741312741313,0.9513314967860422,concordant,concordant,-0.04966750520289537,0.019801488332956807
E02000211,Croydon,9,9,11.374527161625,10.669117249846533,858.0,839.0,0.8728382502543235,0.8535096642929807,-0.0193285859613427,-0.7054099117784691,73.0,223.0,371,355,726,296.0,22.422865013774103,-150.0,19.67654986522911,77.0,211.0,421.0,369.0,790.0,288.0,20.565822784810127,-134.0,18.28978622327791,101.0,273.0,374.0,37.97933884297521,-172.0,28.450704225352112,116.0,303.0,419.0,44.49113924050633,-187.0,31.43631436314363,-154.0,62.0,216.0,16.0,-8.0,-1.8570422289639765,-1.3867636419511982,-15.0,45.0,6.511800397531118,2.985610137791518,0.4417910447761194,0.9228650137741047,0.4073550212164074,0.8949367088607595,concordant,concordant,-0.03443602355971204,-0.027928304913345192
E02000212,Croydon,4,3,29.527263739293677,29.82695001103509,375.0,206.0,0.3814852492370295,0.2095625635808748,-0.1719226856561546,0.2996862717414146,475.0,182.0,888,734,1622,657.0,53.2983970406905,293.0,53.490990990990994,288.0,122.0,584.0,700.0,1284.0,410.0,27.364485981308412,166.0,49.31506849315068,395.0,246.0,641.0,59.9075215782984,149.0,53.81471389645777,437.0,157.0,594.0,53.43380062305296,280.0,62.42857142857143,150.0,313.0,163.0,-127.0,-247.0,-25.93391105938209,-4.175922497840311,131.0,-47.0,-6.47372095524544,8.613857532113663,0.5061633281972265,0.8002466091245376,0.40836653386454186,0.7819314641744548,concordant,concordant,-0.09779679433268468,-0.018315144950082796
E02000213,Croydon,2,1,37.81096726101978,38.76390809669992,170.0,37.0,0.17293997965412,0.0376398779247202,-0.1353001017293997,0.9529408356801384,1050.0,30.0,1168,995,2163,1080.0,14.563106796116504,1020.0,89.8972602739726,986.0,41.0,1104.0,1146.0,2250.0,1027.0,17.967111111111112,945.0,89.31159420289855,941.0,61.0,1002.0,26.53767914932963,880.0,94.57286432160804,1067.0,40.0,1107.0,18.968888888888888,1027.0,93.10645724258288,1010.0,1010.0,0.0,-75.0,-53.0,3.4040043149946086,-0.5856660710740584,147.0,105.0,-7.568790260440743,-1.46640707902516,0.5187319884726225,0.9625520110957004,0.48125585754451733,0.9484444444444444,concordant,concordant,-0.037476130928105145,-0.01410756665125601
E02000214,Croydon,9,9,12.692027490378448,10.980857277142407,816.0,831.0,0.8301119023397762,0.8453713123092573,0.0152594099694811,-1.7111702132360378,20.0,301.0,317,367,684,321.0,8.801169590643275,-281.0,6.309148264984227,26.0,226.0,351.0,275.0,626.0,252.0,9.38658146964856,-200.0,7.4074074074074066,41.0,289.0,330.0,17.323099415204677,-248.0,11.1716621253406,25.0,308.0,333.0,12.300319488817893,-283.0,9.090909090909092,-194.0,27.0,221.0,81.0,-69.0,0.5854118790052851,1.0982591424231796,-35.0,3.0,-5.022779926386784,-2.080753034431508,0.4930875576036866,0.9517543859649122,0.4307692307692308,0.9345047923322684,concordant,concordant,-0.06231832683445582,-0.01724959363264389
E02000215,Croydon,6,5,23.67688194713824,23.594019057358,505.0,398.0,0.513733468972533,0.4048830111902339,-0.108850457782299,-0.082862889780241,482.0,577.0,1334,1104,2438,1059.0,114.0746513535685,-95.0,36.13193403298351,334.0,456.0,1063.0,995.0,2058.0,790.0,74.00583090379008,-122.0,31.420507996237063,477.0,775.0,1252.0,151.6304347826087,-298.0,43.20652173913043,485.0,622.0,1107.0,146.5840621963071,-137.0,48.743718592964825,-4.0,398.0,402.0,-27.0,-269.0,-40.068820449778414,-4.711426036746445,161.0,-145.0,-5.046372586301601,5.537196853834395,0.4582431847684985,0.9479081214109926,0.4164470216130733,0.9217687074829932,concordant,concordant,-0.041796163155425226,-0.026139413927999344
E02000216,Croydon,9,8,13.295774869100624,13.455914982678983,788.0,750.0,0.8016276703967447,0.762970498474059,-0.0386571719226856,0.1601401135783593,28.0,419.0,560,526,1086,447.0,10.802946593001842,-391.0,5.0,39.0,341.0,446.0,489.0,935.0,380.0,14.223529411764703,-302.0,8.74439461883408,60.0,493.0,553.0,27.23756906077348,-433.0,11.40684410646388,88.0,389.0,477.0,36.61176470588235,-301.0,17.995910020449898,-191.0,62.0,253.0,89.0,-67.0,3.4205828187628615,3.7443946188340806,132.0,-76.0,9.37419564510887,6.589065913986017,0.447,0.9208103130755064,0.44340723453908987,0.9165775401069519,concordant,concordant,-0.003592765460910141,-0.00423277296855451
E02000217,Croydon,4,3,30.57095345891825,29.344598423127465,349.0,221.0,0.3550356052899288,0.224821973550356,-0.1302136317395727,-1.2263550357907853,707.0,139.0,1212,811,2023,846.0,48.57785467128028,568.0,58.333333333333336,540.0,158.0,958.0,867.0,1825.0,698.0,46.75068493150685,382.0,56.36743215031316,546.0,278.0,824.0,75.03114186851211,268.0,67.32429099876695,564.0,250.0,814.0,77.26027397260275,314.0,65.05190311418684,378.0,577.0,199.0,-186.0,-148.0,-1.8271697397734314,-1.9659011830201791,46.0,-10.0,2.2291321040906382,-2.2723878845801124,0.5065868263473053,0.8255066732575383,0.46164021164021163,0.8284931506849315,concordant,concordant,-0.04494661470709371,0.0029864774273931083
E02000218,Croydon,5,5,25.673075853463857,22.906992338293794,457.0,427.0,0.4649033570701933,0.4343845371312309,-0.0305188199389623,-2.766083515170063,149.0,139.0,320,349,669,288.0,30.95814648729447,10.0,46.5625,183.0,78.0,304.0,272.0,576.0,261.0,24.78125,105.0,60.19736842105263,163.0,122.0,285.0,29.724962630792227,41.0,46.70487106017192,171.0,105.0,276.0,31.171875,66.0,62.86764705882353,51.0,147.0,96.0,95.0,-27.0,-6.176896487294471,13.63486842105263,25.0,-9.0,1.446912369207773,16.16277599865161,0.5026178010471204,0.8565022421524664,0.4860335195530726,0.9322916666666666,concordant,concordant,-0.01658428149404778,0.07578942451420023
E02000219,Croydon,10,10,9.557111806141036,9.19818679145795,904.0,887.0,0.9196337741607324,0.9023397761953204,-0.0172939979654119,-0.358925014683086,0.0,293.0,339,374,713,293.0,0.0,-293.0,0.0,0.0,206.0,366.0,266.0,632.0,206.0,0.0,-206.0,0.0,0.0,287.0,287.0,0.0,-287.0,0.0,0.0,290.0,290.0,0.0,-290.0,0.0,-219.0,0.0,219.0,87.0,-87.0,0.0,0.0,-3.0,3.0,0.0,0.0,0.5051724137931034,0.8134642356241234,0.4153225806451613,0.7848101265822784,concordant,concordant,-0.0898498331479421,-0.028654109041844955
E02000220,Croydon,5,3,28.24847034510677,27.664538984296076,402.0,281.0,0.4089521871820956,0.2858596134282807,-0.1230925737538148,-0.5839313608106949,791.0,409.0,1424,1125,2549,1200.0,126.9199686151432,382.0,55.54775280898876,0.0,0.0,0.0,0.0,0.0,0.0,0.0,0.0,0.0,623.0,525.0,1148.0,128.31502550019616,98.0,55.37777777777778,0.0,0.0,0.0,0.0,0.0,0.0,0.0,0.0,0.0,-382.0,-1200.0,-126.9199686151432,-55.54775280898876,-98.0,-1148.0,-128.31502550019616,-55.37777777777778,0.5110732538330494,0.9211455472734406,0.5,0.0,concordant,zero,-0.011073253833049357,-0.9211455472734406
E02000221,Croydon,4,3,29.349014750509163,27.744066473176662,379.0,275.0,0.3855544252288911,0.2797558494404883,-0.1057985757884028,-1.6049482773324968,461.0,99.0,684,610,1294,560.0,35.26970633693972,362.0,67.39766081871345,418.0,95.0,655.0,508.0,1163.0,513.0,34.14445399828031,323.0,63.81679389312978,403.0,124.0,527.0,38.618238021638334,279.0,66.06557377049181,339.0,108.0,447.0,31.480653482373175,231.0,66.73228346456693,345.0,455.0,110.0,-39.0,-47.0,-1.1252523386594078,-3.5808669255836705,-48.0,-80.0,-7.137584539265159,0.6667096940751236,0.515179392824287,0.8400309119010819,0.534375,0.825451418744626,concordant,concordant,0.019195607175713003,-0.014579493156455903
E02000222,Croydon,7,8,18.5529052477506,15.011405623471884,657.0,703.0,0.6683621566632757,0.7151576805696847,0.0467955239064089,-3.5414996242787176,286.0,285.0,773,644,1417,571.0,57.522935779816514,1.0,36.99870633893919,267.0,195.0,650.0,477.0,1127.0,462.0,46.19787045252884,72.0,41.07692307692308,319.0,432.0,751.0,97.25335215243472,-113.0,49.53416149068323,236.0,345.0,581.0,72.24489795918367,-109.0,49.47589098532495,-109.0,144.0,253.0,71.0,-109.0,-11.325065327287675,4.078216737983887,4.0,-170.0,-25.00845419325104,-0.058270505358279934,0.4319213313161876,0.9329569513055752,0.4429530201342282,0.9254658385093167,divergent,divergent,0.01103168881804062,-0.00749111279625847
E02000223,Croydon,1,1,42.808619366861784,38.80256021188935,97.0,35.0,0.0986775178026449,0.0356052899287894,-0.0630722278738555,-4.006059154972434,519.0,0.0,556,549,1105,519.0,0.0,519.0,93.3453237410072,218.0,0.0,239.0,298.0,537.0,218.0,0.0,218.0,91.21338912133892,486.0,0.0,486.0,0.0,486.0,88.52459016393442,262.0,0.0,262.0,0.0,262.0,87.91946308724832,185.0,185.0,0.0,-301.0,-301.0,0.0,-2.131934619668286,-224.0,-224.0,0.0,-0.6051270766861023,0.5164179104477612,0.9095022624434389,0.45416666666666666,0.8938547486033519,concordant,concordant,-0.062251243781094534,-0.015647513840087002
E02000224,Croydon,8,8,17.05720046199896,15.198427930733772,703.0,696.0,0.7151576805696847,0.7080366225839267,-0.0071210579857579,-1.8587725312651864,157.0,316.0,711,528,1239,473.0,40.041969330104926,-159.0,22.081575246132207,107.0,292.0,556.0,530.0,1086.0,399.0,28.769797421731123,-185.0,19.244604316546763,138.0,464.0,602.0,51.68038740920097,-326.0,26.136363636363637,153.0,385.0,538.0,54.24033149171271,-232.0,28.867924528301884,-202.0,89.0,291.0,-26.0,-74.0,-11.272171908373803,-2.836970929585444,94.0,-64.0,2.559944082511741,2.7315608919382477,0.44,0.8676351896690879,0.4258271077908218,0.8627992633517495,concordant,concordant,-0.014172892209178223,-0.004835926317338424
E02000225,Croydon,4,2,31.92605021499668,32.091960429769394,314.0,148.0,0.3194303153611393,0.150559511698881,-0.1688708036622583,0.1659102147727118,151.0,111.0,325,334,659,262.0,25.433990895295903,40.0,46.46153846153846,141.0,64.0,270.0,227.0,497.0,205.0,18.1569416498994,77.0,52.22222222222223,209.0,130.0,339.0,41.229135053110774,79.0,62.5748502994012,151.0,69.0,220.0,20.963782696177063,82.0,66.51982378854625,125.0,180.0,55.0,37.0,-57.0,-7.277049245396501,5.760683760683769,3.0,-119.0,-20.26535235693371,3.944973489145049,0.43594009983361065,0.9119878603945372,0.4823529411764706,0.8551307847082495,concordant,concordant,0.046412841342859945,-0.05685707568628762
E02000226,Croydon,10,9,8.10192331171243,9.35379762526096,935.0,880.0,0.9511698880976602,0.8952187182095626,-0.0559511698880976,1.251874313548532,0.0,296.0,396,353,749,296.0,0.0,-296.0,0.0,0.0,207.0,398.0,240.0,638.0,207.0,0.0,-207.0,0.0,0.0,355.0,355.0,0.0,-355.0,0.0,0.0,375.0,375.0,0.0,-375.0,0.0,-157.0,23.0,180.0,89.0,-89.0,0.0,0.0,-20.0,20.0,0.0,0.0,0.45468509984639016,0.8691588785046729,0.3556701030927835,0.9122257053291536,concordant,concordant,-0.09901499675360664,0.04306682682448071
E02000227,Croydon,8,7,16.405335404434318,17.855985997766513,719.0,601.0,0.7314343845371313,0.6113936927772126,-0.1200406917599187,1.4506505933321954,185.0,290.0,580,533,1113,475.0,48.20305480682839,-105.0,31.896551724137932,122.0,237.0,528.0,455.0,983.0,359.0,29.41403865717192,-115.0,23.10606060606061,205.0,368.0,573.0,67.78077268643307,-163.0,38.46153846153847,175.0,361.0,536.0,64.2675483214649,-186.0,38.46153846153847,-7.0,184.0,191.0,-10.0,-116.0,-18.789016149656472,-8.790491118077323,-23.0,-37.0,-3.513224364968167,0.0,0.4532442748091603,0.9415992812219227,0.4011173184357542,0.9104781281790437,concordant,concordant,-0.052126956373406086,-0.03112115304287899
E02000228,Croydon,10,10,6.2650296316204495,5.678492029352227,972.0,972.0,0.9888097660223804,0.9888097660223804,0.0,-0.5865376022682227,0.0,229.0,434,272,706,229.0,0.0,-229.0,0.0,0.0,227.0,393.0,272.0,665.0,227.0,0.0,-227.0,0.0,0.0,376.0,376.0,0.0,-376.0,0.0,0.0,358.0,358.0,0.0,-358.0,0.0,-231.0,0.0,231.0,2.0,-2.0,0.0,0.0,18.0,-18.0,0.0,0.0,0.3785123966942149,0.8569405099150141,0.38803418803418804,0.8796992481203008,concordant,concordant,0.009521791339973162,0.02275873820528662
E02000229,Croydon,1,1,43.39109879667399,38.61102333283156,85.0,40.0,0.08646998982706,0.0406917599186164,-0.0457782299084435,-4.780075463842429,318.0,0.0,376,289,665,318.0,0.0,318.0,84.57446808510637,207.0,0.0,241.0,240.0,481.0,207.0,0.0,207.0,85.89211618257261,257.0,0.0,257.0,0.0,257.0,88.92733564013841,223.0,0.0,223.0,0.0,223.0,92.91666666666669,190.0,190.0,0.0,-111.0,-111.0,0.0,1.3176480974662326,-34.0,-34.0,0.0,3.9893310265282764,0.5530434782608695,0.8646616541353384,0.4813953488372093,0.893970893970894,concordant,concordant,-0.07164812942366022,0.029309239835555667
E02000230,Croydon,8,8,16.332304161274266,15.020043971631203,722.0,702.0,0.7344862665310274,0.7141403865717192,-0.0203458799593082,-1.3122601896430606,259.0,321.0,719,577,1296,580.0,64.15046296296296,-62.0,36.02225312934632,196.0,265.0,743.0,554.0,1297.0,461.0,40.04626060138782,-69.0,26.379542395693136,173.0,367.0,540.0,48.98996913580247,-194.0,29.98266897746967,210.0,427.0,637.0,69.13646877409407,-217.0,37.90613718411552,-64.0,190.0,254.0,-7.0,-119.0,-24.10420236157514,-9.642710733653182,-23.0,97.0,20.1464996382916,7.92346820664585,0.5178571428571429,0.8641975308641975,0.4198542805100182,0.8465690053970701,concordant,concordant,-0.09800286234712469,-0.017628525467127343
E02000231,Croydon,10,10,9.69086212335719,8.918442212366294,898.0,898.0,0.91353001017294,0.91353001017294,0.0,-0.7724199109908962,0.0,302.0,521,318,839,302.0,0.0,-302.0,0.0,0.0,322.0,572.0,339.0,911.0,322.0,0.0,-322.0,0.0,0.0,475.0,475.0,0.0,-475.0,0.0,0.0,488.0,488.0,0.0,-488.0,0.0,-317.0,0.0,317.0,-20.0,20.0,0.0,0.0,-13.0,13.0,0.0,0.0,0.3886743886743887,0.9261025029797377,0.39753086419753086,0.889132821075741,concordant,concordant,0.008856475523142171,-0.03696968190399674
E02000232,Croydon,9,8,12.804713298533914,12.265697036569987,811.0,784.0,0.8250254323499492,0.797558494404883,-0.0274669379450661,-0.5390162619639263,49.0,134.0,328,214,542,183.0,12.11439114391144,-85.0,14.9390243902439,52.0,76.0,300.0,132.0,432.0,128.0,9.148148148148149,-24.0,17.333333333333336,46.0,233.0,279.0,19.774907749077492,-187.0,21.49532710280374,36.0,213.0,249.0,17.75,-177.0,27.27272727272727,29.0,81.0,52.0,61.0,-55.0,-2.9662429957632916,2.3943089430894364,10.0,-30.0,-2.0249077490774923,5.777400169923531,0.3961038961038961,0.8523985239852399,0.3395225464190981,0.8726851851851852,concordant,concordant,-0.056581349684798,0.020286661199945377
E02000233,Croydon,7,8,18.194066259168704,13.950693228346458,671.0,731.0,0.6826042726347915,0.7436419125127162,0.0610376398779246,-4.243373030822246,181.0,107.0,404,273,677,288.0,28.60709010339734,74.0,44.801980198019805,150.0,65.0,329.0,259.0,588.0,215.0,16.581632653061224,85.0,45.59270516717325,150.0,203.0,353.0,44.97784342688331,-53.0,54.94505494505495,174.0,152.0,326.0,44.97959183673469,22.0,67.18146718146718,-25.0,77.0,102.0,11.0,-73.0,-12.025457450336116,0.7907249691534446,75.0,-27.0,0.0017484098513804724,12.236412236412235,0.44929797191887677,0.946824224519941,0.3974121996303142,0.9200680272108843,divergent,concordant,-0.05188577228856256,-0.02675619730905665
E02000234,Croydon,8,7,17.170481702106446,17.071025974025975,698.0,624.0,0.7100712105798576,0.6347914547304171,-0.0752797558494404,-0.0994557280804713,125.0,136.0,456,338,794,261.0,21.410579345088163,-11.0,27.412280701754387,174.0,148.0,640.0,365.0,1005.0,322.0,25.623880597014924,26.0,27.187499999999996,150.0,242.0,392.0,45.71788413098237,-92.0,44.37869822485207,146.0,377.0,523.0,54.7681592039801,-231.0,40.0,177.0,297.0,120.0,37.0,61.0,4.213301251926762,-0.22478070175439058,-139.0,131.0,9.050275072997728,-4.378698224852073,0.3996937212863706,0.8224181360201511,0.3810650887573965,0.8407960199004975,concordant,divergent,-0.01862863252897412,0.018377883880346335
E02000235,Croydon,9,9,12.835428970149252,11.419714125403283,807.0,808.0,0.8209562563580874,0.8219735503560529,0.0010172939979654,-1.4157148447459686,29.0,177.0,406,272,678,206.0,7.570796460176991,-148.0,7.142857142857142,35.0,118.0,370.0,190.0,560.0,153.0,7.375,-83.0,9.45945945945946,38.0,328.0,366.0,18.383480825958703,-290.0,13.970588235294118,27.0,288.0,315.0,13.885714285714286,-261.0,14.210526315789473,-102.0,34.0,136.0,65.0,-53.0,-0.19579646017699126,2.3166023166023173,29.0,-51.0,-4.497766540244417,0.2399380804953548,0.36013986013986016,0.8436578171091446,0.3269230769230769,0.8357142857142857,concordant,concordant,-0.03321678321678323,-0.007943531394858816
E02000236,Croydon,9,9,11.459712175218698,9.523745568167325,856.0,875.0,0.8708036622583927,0.8901322482197355,0.0193285859613427,-1.9359666070513732,24.0,151.0,250,235,485,175.0,7.472164948453608,-127.0,9.6,49.0,147.0,461.0,222.0,683.0,196.0,10.546120058565151,-98.0,10.629067245119304,46.0,169.0,215.0,16.028865979381443,-123.0,19.574468085106385,38.0,346.0,384.0,19.250366032210835,-308.0,17.117117117117118,-104.0,53.0,157.0,29.0,21.0,3.0739551101115428,1.029067245119304,-185.0,169.0,3.2215000528293913,-2.4573509679892673,0.44871794871794873,0.8041237113402062,0.33793103448275863,0.849194729136164,concordant,concordant,-0.1107869142351901,0.04507101779595779
E02000237,Croydon,9,8,11.628229298996656,12.532055858664588,846.0,776.0,0.8606307222787386,0.7894201424211598,-0.0712105798575788,0.903826559667932,18.0,128.0,272,191,463,146.0,4.976241900647948,-110.0,6.61764705882353,15.0,97.0,330.0,152.0,482.0,112.0,3.0186721991701244,-82.0,4.545454545454546,26.0,225.0,251.0,12.63498920086393,-199.0,13.612565445026178,13.0,259.0,272.0,6.985477178423237,-246.0,8.552631578947368,5.0,72.0,67.0,28.0,-34.0,-1.9575697014778237,-2.072192513368984,-47.0,21.0,-5.649512022440694,-5.05993386607881,0.3677581863979849,0.857451403887689,0.2916666666666667,0.7966804979253111,concordant,concordant,-0.07609151973131822,-0.060770905962377886
E02000238,Ealing,7,6,20.49423097368421,18.73264404859967,600.0,579.0,0.6103763987792472,0.5890132248219736,-0.0213631739572736,-1.76158692508454,147.0,404.0,688,754,1442,551.0,41.18446601941748,-257.0,21.36627906976744,210.0,395.0,738.0,709.0,1447.0,605.0,57.32550103662751,-185.0,28.455284552845526,227.0,473.0,700.0,74.45977808599167,-246.0,30.106100795755967,180.0,431.0,611.0,53.614374568071874,-251.0,25.38787023977433,-123.0,239.0,362.0,72.0,54.0,16.14103501721003,7.089005483078086,-5.0,-89.0,-20.8454035179198,-4.718230555981638,0.4404476418864908,0.8675450762829403,0.4975328947368421,0.8403593642017968,concordant,concordant,0.057085252850351265,-0.02718571208114351
E02000239,Ealing,8,8,13.800544335555555,12.7684889134032,779.0,768.0,0.7924720244150559,0.7812817904374364,-0.0111902339776195,-1.0320554221523572,59.0,451.0,534,640,1174,510.0,22.66524701873935,-392.0,11.04868913857678,43.0,451.0,512.0,642.0,1154.0,494.0,16.805025996533796,-408.0,8.3984375,100.0,408.0,508.0,34.75298126064736,-308.0,15.625,101.0,428.0,529.0,37.45927209705373,-327.0,15.732087227414327,-420.0,43.0,463.0,-16.0,-16.0,-5.860221022205554,-2.65025163857678,-19.0,21.0,2.7062908364063674,0.1070872274143273,0.5009823182711198,0.8671209540034072,0.48289345063538613,0.8864818024263431,concordant,concordant,-0.018088867635733696,0.01936084842293595
E02000240,Ealing,3,3,32.94782712323429,29.908371280344554,286.0,204.0,0.2909460834181078,0.207527975584944,-0.0834181078331638,-3.039455842889737,601.0,72.0,765,743,1508,673.0,28.694960212201593,529.0,78.56209150326798,428.0,76.0,571.0,522.0,1093.0,504.0,29.76029277218664,352.0,74.95621716287215,566.0,93.0,659.0,34.90583554376658,473.0,76.17765814266487,378.0,80.0,458.0,27.66697163769442,298.0,72.41379310344827,313.0,422.0,109.0,-177.0,-169.0,1.0653325599850483,-3.605874340395829,-175.0,-201.0,-7.238863906072158,-3.763865039216597,0.5052552552552553,0.883289124668435,0.5239085239085239,0.8801463860933212,concordant,concordant,0.018653268653268662,-0.0031427385751138237
E02000241,Ealing,7,6,19.926802169001355,20.341377146240376,618.0,527.0,0.6286876907426246,0.5361139369277721,-0.0925737538148525,0.4145749772390203,83.0,298.0,521,497,1018,381.0,24.296660117878194,-215.0,15.930902111324375,126.0,239.0,527.0,468.0,995.0,365.0,30.26532663316583,-113.0,23.908918406072104,150.0,329.0,479.0,48.47740667976424,-179.0,30.18108651911469,147.0,305.0,452.0,45.06030150753769,-158.0,31.41025641025641,-72.0,147.0,219.0,102.0,-16.0,5.968666515287637,7.978016294747729,21.0,-27.0,-3.417105172226556,1.2291698911417193,0.44302325581395346,0.8447937131630648,0.4467564259485924,0.821105527638191,concordant,concordant,0.003733170134638919,-0.02368818552487384
E02000242,Ealing,8,8,16.177831749223717,15.130992319726923,725.0,700.0,0.7375381485249237,0.7121057985757884,-0.0254323499491353,-1.046839429496794,20.0,480.0,459,595,1054,500.0,9.108159392789371,-460.0,4.357298474945534,17.0,380.0,367.0,472.0,839.0,397.0,7.699642431466031,-363.0,4.632152588555858,55.0,378.0,433.0,19.72485768500949,-323.0,9.243697478991598,40.0,313.0,353.0,14.922526817640048,-273.0,8.47457627118644,-367.0,18.0,385.0,97.0,-103.0,-1.4085169613233406,0.2748541136103242,50.0,-80.0,-4.802330867369442,-0.7691212078051581,0.5359056806002144,0.8851992409867173,0.5293333333333333,0.8939213349225268,concordant,concordant,-0.006572347266881051,0.008722093935809472
E02000243,Ealing,5,4,25.60419346456693,24.032607788915772,461.0,385.0,0.4689725330620549,0.3916581892166836,-0.0773143438453713,-1.5715856756511537,356.0,231.0,721,765,1486,587.0,55.34051144010767,125.0,49.375866851595006,249.0,167.0,493.0,528.0,1021.0,416.0,40.72771792360431,82.0,50.50709939148072,451.0,236.0,687.0,71.62584118438762,215.0,58.95424836601307,302.0,157.0,459.0,46.43878550440744,145.0,57.1969696969697,158.0,282.0,124.0,-43.0,-171.0,-14.61279351650336,1.1312325398857155,-70.0,-228.0,-25.187055679980183,-1.757278669043366,0.46075353218210363,0.857335127860027,0.4754285714285714,0.8570029382957884,concordant,concordant,0.014675039246467791,-0.0003321895642385275
E02000244,Ealing,7,7,17.71249505716676,17.113022827984423,684.0,623.0,0.6958290946083419,0.6337741607324516,-0.0620549338758902,-0.5994722291823358,148.0,375.0,530,645,1175,523.0,47.234042553191486,-227.0,27.92452830188679,115.0,316.0,470.0,529.0,999.0,431.0,36.37637637637638,-201.0,24.46808510638298,206.0,313.0,519.0,54.87489361702128,-107.0,31.93798449612403,125.0,287.0,412.0,35.910910910910914,-162.0,23.629489603024577,-252.0,106.0,358.0,26.0,-92.0,-10.857666176815108,-3.4564431955038124,-55.0,-107.0,-18.963982706110365,-8.308494893099454,0.5019193857965452,0.8868085106382979,0.5112692763938316,0.8438438438438438,concordant,concordant,0.009349890597286414,-0.0429646667944541
E02000245,Ealing,1,1,42.90443864762138,37.993874625489745,92.0,46.0,0.0935910478128179,0.0467955239064089,-0.0467955239064089,-4.910564022131638,629.0,0.0,677,724,1401,629.0,0.0,629.0,92.9098966026588,582.0,0.0,656.0,514.0,1170.0,582.0,0.0,582.0,88.71951219512195,659.0,0.0,659.0,0.0,659.0,91.0220994475138,504.0,0.0,504.0,0.0,504.0,98.0544747081712,553.0,553.0,0.0,-47.0,-47.0,0.0,-4.190384407536854,-155.0,-155.0,0.0,7.032375260657403,0.48835403726708076,0.9193433261955746,0.5359116022099447,0.9282051282051282,concordant,concordant,0.04755756494286395,0.008861802009553665
E02000246,Ealing,3,2,33.97641724508458,30.372713315217393,257.0,195.0,0.2614445574771109,0.1983723296032553,-0.0630722278738555,-3.6037039298671902,468.0,66.0,656,621,1277,534.0,24.18794048551292,402.0,71.34146341463415,352.0,61.0,455.0,511.0,966.0,413.0,22.22774327122153,291.0,77.36263736263737,462.0,112.0,574.0,40.51996867658575,350.0,74.39613526570048,402.0,48.0,450.0,19.975155279503102,354.0,78.6692759295499,337.0,389.0,52.0,-111.0,-121.0,-1.9601972142913908,6.021173948003224,4.0,-124.0,-20.544813397082645,4.273140663849418,0.48194945848375453,0.8676585747846516,0.47856315179606024,0.8933747412008282,concordant,concordant,-0.003386306687694296,0.025716166416176578
E02000247,Ealing,4,3,29.88549167498865,27.71270396627707,365.0,277.0,0.3713123092573754,0.2817904374364191,-0.0895218718209562,-2.1727877087115814,559.0,228.0,898,836,1734,787.0,73.50173010380622,331.0,62.24944320712695,377.0,169.0,571.0,651.0,1222.0,546.0,52.138297872340424,208.0,66.02451838879159,509.0,211.0,720.0,61.937139561707035,298.0,60.88516746411483,433.0,152.0,585.0,53.85924713584288,281.0,66.51305683563749,296.0,423.0,127.0,-123.0,-241.0,-21.3634322314658,3.77507518166464,-17.0,-135.0,-8.077892425864157,5.627889371522656,0.522229595222296,0.8690888119953863,0.4827586206896552,0.925531914893617,concordant,concordant,-0.03947097453264076,0.056443102898230624
E02000248,Ealing,8,6,17.53649321788928,18.93524399894487,689.0,574.0,0.7009155645981688,0.5839267548321465,-0.1169888097660223,1.3987507810555897,72.0,606.0,758,810,1568,678.0,27.8265306122449,-534.0,9.49868073878628,79.0,525.0,512.0,694.0,1206.0,604.0,34.39054726368159,-446.0,15.4296875,105.0,594.0,699.0,39.776785714285715,-489.0,12.962962962962962,91.0,374.0,465.0,28.22056384742952,-283.0,13.112391930835734,-148.0,187.0,335.0,88.0,-74.0,6.564016651436692,5.93100676121372,206.0,-234.0,-11.556221866856195,0.1494289678727725,0.4923747276688453,0.8781887755102041,0.5650140318054256,0.8864013266998342,concordant,concordant,0.07263930413658032,0.008212551189630046
E02000249,Ealing,5,4,27.573395791995853,24.630608220937702,420.0,365.0,0.427263479145473,0.3713123092573754,-0.0559511698880976,-2.942787571058151,295.0,273.0,643,587,1230,568.0,65.47560975609755,22.0,45.878693623639194,232.0,193.0,510.0,547.0,1057.0,425.0,42.36140018921475,39.0,45.490196078431374,227.0,269.0,496.0,49.644715447154475,-42.0,38.67120954003408,251.0,200.0,451.0,47.49290444654683,51.0,45.88665447897623,104.0,265.0,161.0,17.0,-143.0,-23.114209566882806,-0.38849754520781943,93.0,-45.0,-2.151811000607644,7.215444938942156,0.5338345864661654,0.865040650406504,0.4851598173515982,0.8287606433301797,divergent,concordant,-0.04867476911456725,-0.03628000707632428
E02000250,Ealing,10,10,9.517738123015262,8.0784108040201,905.0,921.0,0.920651068158698,0.9369277721261444,0.0162767039674465,-1.4393273189951614,0.0,524.0,516,539,1055,524.0,0.0,-524.0,0.0,0.0,376.0,294.0,395.0,689.0,376.0,0.0,-376.0,0.0,0.0,507.0,507.0,0.0,-507.0,0.0,0.0,289.0,289.0,0.0,-289.0,0.0,-370.0,0.0,370.0,148.0,-148.0,0.0,0.0,218.0,-218.0,0.0,0.0,0.5082444228903976,0.9772511848341232,0.5654135338345865,0.965166908563135,concordant,concordant,0.05716911094418886,-0.012084276270988181
E02000251,Ealing,7,7,20.098229045820744,17.298753162922797,614.0,619.0,0.624618514750763,0.62970498474059,0.0050864699898269,-2.799475882897948,44.0,377.0,451,514,965,421.0,17.18963730569948,-333.0,9.75609756097561,53.0,361.0,428.0,498.0,926.0,414.0,20.661987041036717,-308.0,12.38317757009346,86.0,358.0,444.0,31.90466321243523,-272.0,16.731517509727624,90.0,340.0,430.0,33.04535637149028,-250.0,18.072289156626507,-339.0,46.0,385.0,25.0,-7.0,3.472349735337236,2.627080009117851,22.0,-14.0,1.140693159055047,1.340771646898883,0.4867052023121387,0.8963730569948186,0.490521327014218,0.9114470842332614,concordant,concordant,0.0038161247020793154,0.015074027238442755
E02000252,Ealing,4,3,31.97043001648465,28.185328832552585,313.0,257.0,0.3184130213631739,0.2614445574771109,-0.056968463886063,-3.7851011839320634,584.0,312.0,1075,1085,2160,896.0,84.35555555555555,272.0,54.325581395348834,937.0,555.0,1515.0,1908.0,3423.0,1492.0,151.92375109553024,382.0,61.84818481848184,619.0,338.0,957.0,96.86203703703704,281.0,57.05069124423963,1197.0,450.0,1647.0,157.36196319018404,747.0,62.735849056603776,650.0,1071.0,421.0,110.0,596.0,67.56819553997468,7.522603423133006,466.0,690.0,60.499926153147,5.685157812364146,0.48354020507285483,0.8578703703703704,0.47531060847403633,0.9170318434122116,concordant,concordant,-0.0082295965988185,0.05916147304184116
E02000253,Ealing,4,1,32.280214490240866,33.80143238339204,305.0,99.0,0.3102746693794506,0.1007121057985757,-0.2095625635808748,1.5212178931511744,429.0,205.0,715,676,1391,634.0,63.22429906542056,224.0,60.0,345.0,156.0,533.0,583.0,1116.0,501.0,48.225806451612904,189.0,64.72795497185741,405.0,190.0,595.0,55.319913731128686,215.0,59.9112426035503,395.0,147.0,542.0,52.02956989247312,248.0,67.75300171526587,495.0,495.0,0.0,-35.0,-133.0,-14.998492613807656,4.7279549718574145,33.0,-53.0,-3.2903438386555663,7.841759111715568,0.51586655817738,0.8835370237239396,0.48034515819750717,0.9345878136200717,concordant,concordant,-0.03552139997987286,0.0510507898961321
E02000254,Ealing,6,5,23.572653763549,22.69048282222735,512.0,435.0,0.5208545269582909,0.4425228891149542,-0.0783316378433366,-0.8821709413216503,116.0,416.0,446,643,1089,532.0,44.31221303948577,-300.0,26.00896860986547,91.0,324.0,405.0,521.0,926.0,415.0,31.840172786177103,-233.0,22.469135802469136,177.0,312.0,489.0,50.710743801652896,-135.0,27.527216174183515,161.0,293.0,454.0,50.942764578833696,-132.0,30.902111324376197,-188.0,104.0,292.0,67.0,-117.0,-12.472040253308666,-3.5398328073963334,3.0,-35.0,0.23202077718080005,3.374895150192682,0.5210577864838394,0.9375573921028466,0.47756041426927504,0.9384449244060475,concordant,concordant,-0.043497372214564345,0.000887532303200933
E02000255,Ealing,5,5,25.146452918119387,21.19055711661083,468.0,485.0,0.4760935910478128,0.4933875890132248,0.017293997965412,-3.955895801508557,444.0,300.0,857,933,1790,744.0,74.41340782122904,144.0,51.80863477246208,361.0,224.0,658.0,601.0,1259.0,585.0,64.22875297855441,137.0,54.86322188449848,545.0,360.0,905.0,109.60893854748603,185.0,58.41371918542336,316.0,220.0,536.0,55.21842732327244,96.0,52.57903494176372,138.0,361.0,223.0,-7.0,-159.0,-10.184654842674632,3.054587112036401,-89.0,-369.0,-54.3905112242136,-5.834684243659638,0.45118253486961796,0.9212290502793297,0.5218554861730598,0.8903891977760127,concordant,concordant,0.07067295130344181,-0.030839852503317
E02000256,Ealing,8,8,16.780798065681076,14.112202417259686,709.0,727.0,0.7212614445574771,0.7395727365208545,0.0183112919633774,-2.6685956484213893,201.0,758.0,1059,1089,2148,959.0,70.93016759776536,-557.0,18.980169971671387,163.0,644.0,855.0,927.0,1782.0,807.0,58.906846240179576,-481.0,19.06432748538012,197.0,746.0,943.0,68.41806331471136,-549.0,18.089990817263544,191.0,592.0,783.0,63.45230078563412,-401.0,20.604099244875947,-481.0,165.0,646.0,76.0,-152.0,-12.023321357585786,0.08415751370873181,148.0,-160.0,-4.965762529077239,2.5141084276124026,0.5042060988433228,0.8854748603351955,0.5075471698113208,0.8922558922558923,concordant,concordant,0.003341070967997961,0.0067810319206967895
E02000257,Ealing,7,7,18.98999238670516,16.08274297015462,643.0,658.0,0.6541200406917599,0.669379450661241,0.0152594099694811,-2.9072494165505383,503.0,715.0,1669,1570,3239,1218.0,111.0358135226922,-212.0,30.137807070101857,0.0,0.0,0.0,0.0,0.0,0.0,0.0,0.0,0.0,553.0,891.0,1444.0,152.1219512195122,-338.0,35.22292993630573,0.0,0.0,0.0,0.0,0.0,0.0,0.0,0.0,0.0,212.0,-1218.0,-111.0358135226922,-30.137807070101857,338.0,-1444.0,-152.1219512195122,-35.22292993630573,0.45755071374906087,0.8218585983328188,0.5,0.0,concordant,zero,0.04244928625093913,-0.8218585983328188
E02000258,Ealing,7,6,21.104471007429417,18.524353407963726,591.0,581.0,0.6012207527975585,0.5910478128179044,-0.010172939979654,-2.580117599465691,137.0,423.0,632,685,1317,560.0,44.00227790432802,-286.0,21.677215189873415,142.0,428.0,675.0,676.0,1351.0,570.0,44.985936343449296,-286.0,21.03703703703704,136.0,399.0,535.0,41.20273348519362,-263.0,19.854014598540147,144.0,456.0,600.0,48.6039970392302,-312.0,21.301775147928996,-156.0,206.0,362.0,0.0,10.0,0.9836584391212781,-0.6401781528363735,-49.0,65.0,7.401263554036582,1.4477605493888497,0.5114155251141552,0.8314350797266514,0.48717948717948717,0.8660251665433013,concordant,concordant,-0.024236037934668053,0.03459008681664988
E02000259,Ealing,8,8,15.994646784576162,14.8128058833037,731.0,709.0,0.7436419125127162,0.7212614445574771,-0.022380467955239,-1.1818409012724604,59.0,417.0,561,549,1110,476.0,22.164864864864864,-358.0,10.51693404634581,37.0,402.0,415.0,508.0,923.0,439.0,16.114842903575298,-365.0,8.91566265060241,60.0,445.0,505.0,24.054054054054053,-385.0,10.92896174863388,53.0,336.0,389.0,19.293607800650054,-283.0,10.433070866141732,-359.0,41.0,400.0,-7.0,-37.0,-6.050021961289566,-1.6012713957433995,102.0,-116.0,-4.760446253403998,-0.49589088249214797,0.48521916411824667,0.8837837837837837,0.5301932367149759,0.8970747562296858,concordant,concordant,0.0449740725967292,0.01329097244590205
E02000260,Ealing,3,4,32.61966792996556,26.543921131270015,292.0,311.0,0.2970498474059003,0.3163784333672431,0.0193285859613428,-6.075746798695544,413.0,62.0,591,785,1376,475.0,18.609011627906977,351.0,69.88155668358715,395.0,95.0,500.0,697.0,1197.0,490.0,31.349206349206348,300.0,79.0,637.0,84.0,721.0,38.88662790697674,553.0,81.14649681528662,534.0,66.0,600.0,29.44360902255639,468.0,76.61406025824964,-120.0,196.0,316.0,-51.0,15.0,12.740194721299371,9.11844331641285,-85.0,-121.0,-9.44301888442035,-4.532436557036988,0.3971571906354515,0.8691860465116279,0.44954128440366975,0.910609857978279,concordant,concordant,0.05238409376821823,0.041423811466651084
E02000261,Ealing,5,5,28.05565321010589,23.57625087614326,410.0,399.0,0.4170905391658189,0.4059003051881994,-0.0111902339776194,-4.479402333962632,466.0,451.0,1135,1040,2175,917.0,96.6280459770115,15.0,41.05726872246696,503.0,627.0,1238.0,1299.0,2537.0,1130.0,124.3125739061884,-124.0,40.63004846526656,481.0,526.0,1007.0,116.32459770114944,-45.0,46.25,566.0,600.0,1166.0,133.8588884509263,-34.0,43.57197844495766,-110.0,509.0,619.0,-139.0,213.0,27.68452792917691,-0.42722025720039625,11.0,159.0,17.534290749776844,-2.678021555042342,0.4766112266112266,0.8845977011494253,0.4921602787456446,0.9050059124950729,divergent,concordant,0.015549052134417984,0.02040821134564763
E02000262,Ealing,4,4,30.31078975798319,26.466562263334417,355.0,314.0,0.3611393692777213,0.3194303153611393,-0.0417090539165819,-3.844227494648777,654.0,234.0,1048,1066,2114,888.0,72.39167455061495,420.0,62.40458015267175,637.0,298.0,1058.0,1061.0,2119.0,935.0,89.58282208588957,339.0,60.20793950850661,694.0,287.0,981.0,94.2185430463576,407.0,65.1031894934334,644.0,329.0,973.0,99.98867390278431,315.0,60.69745523091423,265.0,610.0,345.0,-81.0,47.0,17.191147535274624,-2.196640644165136,-92.0,-8.0,5.770130856426718,-4.405734262519175,0.4751203852327448,0.8841059602649006,0.490041928721174,0.9004247286455875,concordant,concordant,0.014921543488429223,0.01631876838068691
E02000263,Ealing,4,3,29.7681858331185,29.491472479698135,367.0,216.0,0.3733468972533062,0.2197355035605289,-0.1536113936927772,-0.2767133534203658,271.0,333.0,548,1006,1554,604.0,58.07142857142857,-62.0,49.45255474452554,176.0,316.0,491.0,875.0,1366.0,492.0,40.71449487554905,-140.0,35.84521384928717,482.0,173.0,655.0,53.65894465894466,309.0,47.912524850894634,501.0,283.0,784.0,103.79428989751098,218.0,57.25714285714286,203.0,306.0,103.0,-78.0,-112.0,-17.35693369587952,-13.607340895238373,-91.0,129.0,50.135345238566316,9.344618006248226,0.4797458300238284,0.8101673101673101,0.38557993730407525,0.9341142020497804,divergent,divergent,-0.09416589271975317,0.12394689188247021
E02000264,Ealing,7,7,18.05432769344687,18.1030026502831,677.0,592.0,0.688708036622584,0.602238046795524,-0.08646998982706,0.0486749568362299,253.0,478.0,979,971,1950,731.0,62.017435897435895,-225.0,25.842696629213485,251.0,514.0,923.0,902.0,1825.0,765.0,70.69260273972603,-263.0,27.193932827735644,329.0,503.0,832.0,84.8651282051282,-174.0,33.88259526261586,253.0,532.0,785.0,73.75123287671232,-279.0,28.04878048780488,-360.0,222.0,582.0,-38.0,34.0,8.675166842290132,1.3512361985221588,-105.0,-47.0,-11.113895328415879,-5.833814774810978,0.4676903390914907,0.8015384615384615,0.4935483870967742,0.8493150684931506,concordant,concordant,0.025858048005283463,0.047776606954689105
E02000265,Ealing,3,3,32.523462163863655,27.64073759524252,294.0,284.0,0.2990844354018311,0.288911495422177,-0.010172939979654,-4.882724568621136,1034.0,112.0,1250,1267,2517,1146.0,46.010329757647995,922.0,82.72,795.0,88.0,950.0,1020.0,1970.0,883.0,35.51269035532995,707.0,83.6842105263158,1030.0,104.0,1134.0,42.55860150973381,926.0,81.29439621152328,838.0,91.0,929.0,38.70964467005077,747.0,82.15686274509804,578.0,727.0,149.0,-215.0,-263.0,-10.497639402318043,0.9642105263157958,-179.0,-205.0,-3.8489568396830407,0.8624665335747608,0.5026315789473684,0.9058402860548271,0.48730684326710816,0.9197969543147209,concordant,concordant,-0.01532473568026027,0.013956668259893723
E02000266,Ealing,1,1,46.70188995215311,36.88706065559666,43.0,50.0,0.0437436419125127,0.0508646998982706,0.0071210579857578,-9.814829296556448,878.0,0.0,949,1006,1955,878.0,0.0,878.0,92.51844046364594,759.0,0.0,789.0,710.0,1499.0,759.0,0.0,759.0,96.1977186311787,963.0,0.0,963.0,0.0,963.0,95.72564612326045,659.0,0.0,659.0,0.0,659.0,92.8169014084507,722.0,722.0,0.0,-119.0,-119.0,0.0,3.6792781675327575,-304.0,-304.0,0.0,-2.9087447148097425,0.47691472026072784,0.9416879795396419,0.5352609308885754,0.9459639759839893,concordant,concordant,0.05834621062784756,0.004275996444347396
E02000267,Ealing,6,6,22.021765506786025,19.028426202548992,561.0,573.0,0.5707019328585962,0.582909460834181,0.0122075279755848,-2.9933393042370326,267.0,271.0,649,577,1226,538.0,59.01876019575857,-4.0,41.14021571648691,273.0,219.0,635.0,444.0,1079.0,492.0,55.40963855421687,54.0,42.99212598425196,257.0,342.0,599.0,71.69168026101141,-85.0,44.54072790294627,186.0,302.0,488.0,52.05931417979611,-116.0,41.891891891891895,33.0,262.0,229.0,58.0,-46.0,-3.609121641541698,1.8519102677650565,-31.0,-111.0,-19.632366081215302,-2.648836011054378,0.4731750219876869,0.9274061990212071,0.5020408163265306,0.9082483781278962,concordant,divergent,0.02886579433884373,-0.019157820893310973
E02000268,Ealing,7,6,20.487510661466125,20.64204977728285,601.0,510.0,0.6113936927772126,0.5188199389623601,-0.0925737538148524,0.1545391158167248,270.0,536.0,904,1023,1927,806.0,75.10119356512715,-266.0,29.867256637168143,249.0,397.0,771.0,798.0,1569.0,646.0,63.003824091778206,-148.0,32.295719844357976,293.0,483.0,776.0,73.44006227296316,-190.0,28.641251221896383,295.0,405.0,700.0,76.1472275334608,-110.0,36.96741854636591,39.0,352.0,313.0,118.0,-160.0,-12.097369473348941,2.428463207189832,80.0,-76.0,2.7071652604976464,8.32616732446953,0.5094816687737042,0.820965230928905,0.4799405646359584,0.8578712555768006,concordant,concordant,-0.029541104137745744,0.0369060246478955
E02000269,Ealing,9,9,12.074136028843771,10.623610073010765,832.0,842.0,0.8463886063072228,0.8565615462868769,0.010172939979654,-1.450525955833008,27.0,673.0,919,822,1741,700.0,10.437105112004597,-646.0,2.9379760609358,20.0,587.0,700.0,696.0,1396.0,607.0,8.40974212034384,-567.0,2.857142857142857,50.0,812.0,862.0,23.319931074095347,-762.0,6.082725060827251,35.0,622.0,657.0,15.5945558739255,-587.0,5.028735632183908,-552.0,23.0,575.0,79.0,-93.0,-2.027362991660757,-0.08083320379294268,175.0,-205.0,-7.725375200169847,-1.0539894286433427,0.44814340588988477,0.897185525560023,0.4802215189873418,0.9054441260744985,concordant,concordant,0.032078113097457006,0.008258600514475578
E02000270,Ealing,3,1,33.4102310791993,35.99719163190494,276.0,64.0,0.2807731434384537,0.0651068158697863,-0.2156663275686673,2.5869605527056407,617.0,96.0,893,866,1759,713.0,33.673678226264926,521.0,69.09294512877939,789.0,99.0,1067.0,826.0,1893.0,888.0,41.26307448494453,690.0,73.9456419868791,682.0,135.0,817.0,52.34223990903923,547.0,78.75288683602771,649.0,182.0,831.0,62.3972530375066,467.0,78.57142857142857,974.0,974.0,0.0,169.0,175.0,7.589396258679606,4.852696858099705,-80.0,14.0,10.055013128467372,-0.1814582645991436,0.46601307189542485,0.869812393405344,0.5165794066317626,0.9080824088748018,concordant,concordant,0.05056633473633776,0.03827001546945785
E02000271,Ealing,9,9,12.715798570309037,9.82919416909621,815.0,867.0,0.8290946083418108,0.8819938962360122,0.0528992878942014,-2.886604401212825,26.0,631.0,701,791,1492,657.0,10.99597855227882,-605.0,3.708987161198289,23.0,527.0,718.0,617.0,1335.0,550.0,9.079400749063671,-504.0,3.203342618384401,40.0,581.0,621.0,15.576407506702411,-541.0,5.056890012642225,43.0,616.0,659.0,19.841198501872658,-573.0,6.9692058346839545,-488.0,19.0,507.0,101.0,-107.0,-1.916577803215148,-0.5056445428138878,-32.0,38.0,4.264790995170246,1.9123158220417293,0.5140845070422535,0.8565683646112601,0.45492142266335817,0.9056179775280899,concordant,concordant,-0.059163084378895336,0.049049612916829854
E02000272,Ealing,9,9,11.049683628482514,10.154082105586248,863.0,856.0,0.8779247202441506,0.8708036622583927,-0.0071210579857579,-0.8956015228962659,15.0,402.0,523,494,1017,417.0,5.929203539823009,-387.0,2.8680688336520075,9.0,340.0,343.0,414.0,757.0,349.0,4.04227212681638,-331.0,2.623906705539359,34.0,425.0,459.0,14.208456243854474,-391.0,6.882591093117409,17.0,280.0,297.0,6.2879788639365914,-263.0,4.1062801932367154,-334.0,12.0,346.0,56.0,-68.0,-1.8869314130066286,-0.2441621281126487,128.0,-162.0,-7.920477379917883,-2.776310899880693,0.476027397260274,0.8613569321533924,0.5402476780185759,0.8533685601056803,concordant,concordant,0.06422028075830188,-0.007988372047712078
E02000274,Ealing,4,3,32.375847218251785,28.3128246462348,301.0,252.0,0.306205493387589,0.2563580874872838,-0.0498474059003051,-4.063022572016983,349.0,398.0,744,1137,1881,747.0,73.84476342371079,-49.0,46.90860215053764,0.0,0.0,0.0,0.0,0.0,0.0,0.0,0.0,0.0,586.0,292.0,878.0,90.9686337054758,294.0,51.53913808267371,0.0,0.0,0.0,0.0,0.0,0.0,0.0,0.0,0.0,49.0,-747.0,-73.84476342371079,-46.90860215053764,-294.0,-878.0,-90.9686337054758,-51.53913808267371,0.4596923076923077,0.8639021796916534,0.5,0.0,divergent,zero,0.04030769230769232,-0.8639021796916534
E02000275,Ealing,3,3,34.333983501830474,28.17782754506893,248.0,258.0,0.2522889114954221,0.2624618514750763,0.0101729399796541,-6.156155956761548,417.0,55.0,552,566,1118,472.0,20.514311270125223,362.0,75.54347826086956,217.0,85.0,329.0,548.0,877.0,302.0,21.03192702394527,132.0,65.95744680851064,411.0,65.0,476.0,23.8953488372093,346.0,72.6148409893993,406.0,49.0,455.0,22.68415051311289,357.0,74.08759124087592,112.0,210.0,98.0,-230.0,-170.0,0.5176157538200457,-9.586031452358924,11.0,-21.0,-1.2111983240964115,1.4727502514766257,0.4978902953586498,0.8479427549194991,0.3989431968295905,0.863169897377423,concordant,concordant,-0.09894709852905931,0.015227142457923892
E02000276,Ealing,8,8,14.966897119309728,13.741856141420298,753.0,739.0,0.7660223804679552,0.7517802644964394,-0.0142421159715158,-1.2250409778894298,108.0,539.0,714,802,1516,647.0,38.39841688654354,-431.0,15.126050420168069,116.0,373.0,563.0,578.0,1141.0,489.0,37.92112182296231,-257.0,20.603907637655418,171.0,533.0,704.0,60.12071240105541,-362.0,21.3216957605985,128.0,391.0,519.0,43.86327782646801,-263.0,22.145328719723185,-276.0,103.0,379.0,174.0,-158.0,-0.47729506358122364,5.477857217487349,99.0,-185.0,-16.2574345745874,0.8236329591246836,0.4789045151739452,0.8911609498680739,0.4851190476190476,0.8834355828220859,concordant,concordant,0.006214532445102394,-0.00772536704598803
E02000277,Enfield,6,4,23.83618138257308,26.28489744973688,500.0,323.0,0.508646998982706,0.3285859613428281,-0.1800610376398779,2.4487160671637973,95.0,279.0,539,383,922,374.0,28.747288503253795,-184.0,17.625231910946194,52.0,266.0,423.0,394.0,817.0,318.0,16.930232558139537,-214.0,12.293144208037823,83.0,412.0,495.0,37.08893709327549,-329.0,21.671018276762403,117.0,361.0,478.0,51.69767441860465,-244.0,29.695431472081214,-128.0,83.0,211.0,-30.0,-56.0,-11.817055945114259,-5.332087702908371,85.0,-17.0,14.608737325329159,8.024413195318811,0.43037974683544306,0.9425162689804772,0.39949748743718594,0.9742962056303549,concordant,concordant,-0.030882259398257117,0.03177993664987766
E02000278,Enfield,2,1,38.58764642978387,38.42983080834834,155.0,42.0,0.1576805696846388,0.0427263479145473,-0.1149542217700915,-0.1578156214355246,406.0,104.0,660,506,1166,510.0,36.21269296740995,302.0,61.51515151515151,276.0,96.0,433.0,441.0,874.0,372.0,30.31578947368421,180.0,63.74133949191686,336.0,163.0,499.0,46.97084048027444,173.0,66.40316205533597,294.0,79.0,373.0,26.57437070938215,215.0,66.66666666666666,303.0,303.0,0.0,-122.0,-138.0,-5.896903493725741,2.2261879767653525,42.0,-126.0,-20.39646977089229,0.2635046113306885,0.5054509415262636,0.8653516295025729,0.4993288590604027,0.8524027459954233,concordant,concordant,-0.0061220824658608786,-0.012948883507149622
E02000279,Enfield,4,2,32.21312893832943,32.448723032537266,307.0,137.0,0.3123092573753815,0.1393692777212614,-0.17293997965412,0.2355940942078334,409.0,301.0,1132,656,1788,710.0,68.85290827740492,108.0,36.130742049469966,225.0,226.0,682.0,599.0,1281.0,451.0,39.695550351288055,-1.0,32.99120234604106,318.0,645.0,963.0,114.71476510067114,-327.0,48.47560975609756,335.0,418.0,753.0,109.31303669008588,-83.0,55.926544240400666,150.0,293.0,143.0,-109.0,-259.0,-29.157357926116866,-3.139539703428909,244.0,-210.0,-5.401728410585264,7.4509344843031045,0.42438732815301855,0.935682326621924,0.3745847176079734,0.9398907103825137,divergent,concordant,-0.049802610545045145,0.00420838376058974
E02000280,Enfield,7,5,20.29299657709924,21.468448379979097,609.0,477.0,0.6195320447609359,0.4852492370295015,-0.1342828077314344,1.1754518028798593,195.0,210.0,501,391,892,405.0,45.908071748878925,-15.0,38.92215568862276,151.0,136.0,455.0,290.0,745.0,287.0,27.56510067114094,15.0,33.18681318681318,155.0,275.0,430.0,47.785874439461885,-120.0,39.64194373401534,129.0,264.0,393.0,45.712751677852346,-135.0,44.48275862068966,112.0,219.0,107.0,30.0,-118.0,-18.342971077737985,-5.735342501809576,-15.0,-37.0,-2.0731227616095396,4.840814886674316,0.48502994011976047,0.9360986547085202,0.42205882352941176,0.912751677852349,concordant,divergent,-0.06297111659034871,-0.023346976856171153
E02000281,Enfield,4,3,29.469572625919636,27.972087435954556,376.0,265.0,0.3825025432349949,0.2695829094608342,-0.1129196337741607,-1.4974851899650794,390.0,159.0,741,459,1200,549.0,51.675,231.0,52.63157894736842,284.0,192.0,550.0,434.0,984.0,476.0,55.41463414634146,92.0,51.63636363636363,251.0,304.0,555.0,63.586666666666666,-53.0,54.68409586056645,225.0,226.0,451.0,51.676829268292686,-1.0,51.843317972350235,110.0,291.0,181.0,-139.0,-73.0,3.7396341463414657,-0.9952153110047846,52.0,-104.0,-11.90983739837398,-2.8407778882162162,0.49728260869565216,0.92,0.5134843581445523,0.9420731707317073,divergent,divergent,0.016201749448900127,0.022073170731707226
E02000282,Enfield,1,1,43.609851547997806,40.06445952729555,81.0,22.0,0.0824008138351983,0.022380467955239,-0.0600203458799593,-3.545392020702259,684.0,0.0,846,660,1506,684.0,0.0,684.0,80.85106382978722,431.0,0.0,542.0,603.0,1145.0,431.0,0.0,431.0,79.52029520295203,549.0,0.0,549.0,0.0,549.0,83.18181818181817,472.0,0.0,472.0,0.0,472.0,78.27529021558873,347.0,347.0,0.0,-253.0,-253.0,0.0,-1.3307686268351944,-77.0,-77.0,0.0,-4.906527966229447,0.5547445255474452,0.8187250996015937,0.47729789590254706,0.788646288209607,concordant,concordant,-0.07744662964489818,-0.03007881139198665
E02000283,Enfield,5,2,27.759390204178537,31.001213530163895,416.0,178.0,0.4231943031536114,0.1810783316378433,-0.242115971515768,3.241823325985358,97.0,331.0,545,468,1013,428.0,31.694965449160907,-234.0,17.79816513761468,87.0,280.0,438.0,379.0,817.0,367.0,29.81640146878825,-193.0,19.863013698630137,112.0,393.0,505.0,43.45113524185587,-281.0,23.931623931623932,72.0,307.0,379.0,27.055079559363524,-235.0,18.997361477572557,60.0,188.0,128.0,41.0,-61.0,-1.8785639803726575,2.064848561015456,46.0,-126.0,-16.39605568249235,-4.934262454051375,0.4587352625937835,0.9210266535044422,0.49195710455764075,0.9130966952264382,concordant,concordant,0.033221841963857246,-0.007929958278004023
E02000284,Enfield,8,7,15.803134472195122,17.070983778065123,736.0,625.0,0.7487283825025433,0.6358087487283826,-0.1129196337741607,1.267849305870001,82.0,332.0,629,477,1106,414.0,24.61482820976492,-250.0,13.036565977742448,113.0,316.0,583.0,441.0,1024.0,429.0,34.87109375,-203.0,19.382504288164665,92.0,460.0,552.0,38.264014466546115,-368.0,19.28721174004193,65.0,414.0,479.0,26.279296875,-349.0,14.73922902494331,-148.0,142.0,290.0,47.0,15.0,10.25626554023508,6.345938310422216,19.0,-73.0,-11.984717591546115,-4.54798271509862,0.42857142857142855,0.8734177215189873,0.4724669603524229,0.88671875,concordant,concordant,0.04389553178099437,0.013301028481012667
E02000285,Enfield,9,9,10.762750633621344,11.391912029272756,874.0,812.0,0.8891149542217701,0.8260427263479145,-0.0630722278738555,0.6291613956514137,11.0,224.0,292,260,552,235.0,4.463768115942029,-213.0,3.767123287671233,20.0,209.0,326.0,234.0,560.0,229.0,7.464285714285714,-189.0,6.134969325153374,22.0,266.0,288.0,10.601449275362318,-244.0,8.461538461538462,20.0,288.0,308.0,10.285714285714286,-268.0,8.547008547008547,-199.0,9.0,208.0,24.0,-6.0,3.000517598343685,2.3678460374821415,-24.0,20.0,-0.3157349896480319,0.08547008547008517,0.44933078393881454,0.947463768115942,0.4264432029795158,0.9589285714285715,concordant,concordant,-0.022887580959298715,0.011464803312629446
E02000286,Enfield,8,7,15.07210509683746,16.912818267088756,751.0,632.0,0.7639877924720244,0.6429298067141404,-0.121057985757884,1.8407131702512969,180.0,392.0,700,652,1352,572.0,52.18934911242604,-212.0,25.71428571428571,172.0,314.0,719.0,486.0,1205.0,486.0,44.81991701244813,-142.0,23.9221140472879,174.0,451.0,625.0,58.04289940828402,-277.0,26.68711656441718,114.0,476.0,590.0,45.03236514522822,-362.0,23.456790123456788,-92.0,202.0,294.0,70.0,-86.0,-7.369432099977907,-1.7921716669978132,-85.0,-35.0,-13.010534263055803,-3.2303264409603933,0.4778613199665831,0.8853550295857988,0.4516728624535316,0.8929460580912864,concordant,concordant,-0.02618845751305149,0.00759102850548754
E02000287,Enfield,9,8,11.08154635233768,13.160404373177842,862.0,754.0,0.8769074262461851,0.7670396744659207,-0.1098677517802644,2.078858020840162,93.0,365.0,429,483,912,458.0,37.2203947368421,-272.0,21.678321678321677,96.0,242.0,411.0,361.0,772.0,338.0,30.093264248704664,-146.0,23.35766423357664,77.0,267.0,344.0,22.542763157894736,-190.0,15.942028985507244,55.0,279.0,334.0,19.876943005181342,-224.0,15.23545706371191,-73.0,118.0,191.0,126.0,-120.0,-7.127130488137439,1.6793425552549621,-34.0,-10.0,-2.665820152713394,-0.7065719217953337,0.571072319201995,0.8793859649122807,0.5029761904761905,0.8704663212435233,concordant,concordant,-0.0680961287258045,-0.008919643668757415
E02000288,Enfield,3,2,34.22211056720687,33.579485377402285,252.0,106.0,0.2563580874872838,0.1078331637843336,-0.1485249237029501,-0.6426251898045834,626.0,254.0,1206,715,1921,880.0,82.77147319104633,372.0,51.90713101160862,373.0,184.0,644.0,648.0,1292.0,557.0,53.12074303405573,189.0,57.919254658385086,419.0,458.0,877.0,99.89692868297762,-39.0,58.6013986013986,401.0,211.0,612.0,65.48839009287926,190.0,61.882716049382715,200.0,377.0,177.0,-183.0,-323.0,-29.650730156990598,6.012123646776466,229.0,-265.0,-34.40853859009836,3.281317447984115,0.5008537279453614,0.9146277980218636,0.47647562018819506,0.9047987616099071,divergent,concordant,-0.024378107757166367,-0.009829036411956427
E02000289,Enfield,10,9,9.661355378444208,10.25233727451872,899.0,853.0,0.9145473041709054,0.8677517802644964,-0.0467955239064089,0.5909818960745117,0.0,197.0,292,242,534,197.0,0.0,-197.0,0.0,0.0,197.0,362.0,248.0,610.0,197.0,0.0,-197.0,0.0,0.0,254.0,254.0,0.0,-254.0,0.0,0.0,323.0,323.0,0.0,-323.0,0.0,-172.0,12.0,184.0,0.0,0.0,0.0,0.0,-69.0,69.0,0.0,0.0,0.43680709534368073,0.8445692883895131,0.37884615384615383,0.8524590163934426,concordant,concordant,-0.0579609414975269,0.007889728003929508
E02000290,Enfield,2,1,39.2495030682132,38.839320709559345,149.0,34.0,0.1515768056968464,0.034587995930824,-0.1169888097660223,-0.4101823586538557,367.0,116.0,627,549,1176,483.0,36.20068027210884,251.0,58.53269537480064,301.0,64.0,488.0,456.0,944.0,365.0,20.406779661016948,237.0,61.68032786885246,354.0,169.0,523.0,50.87244897959184,185.0,64.48087431693989,331.0,124.0,455.0,43.478813559322035,207.0,72.58771929824562,314.0,314.0,0.0,-14.0,-118.0,-15.793900611091892,3.1476324940518197,22.0,-68.0,-7.393635420269803,8.106844981305727,0.4801192842942346,0.8554421768707483,0.4451219512195122,0.8686440677966102,concordant,concordant,-0.034997333074722414,0.013201890925861881
E02000291,Enfield,6,5,22.03595138614971,22.769043029435817,559.0,432.0,0.5686673448626653,0.4394710071210579,-0.1291963377416073,0.7330916432861052,413.0,370.0,884,796,1680,783.0,90.95833333333331,43.0,46.71945701357466,287.0,330.0,708.0,621.0,1329.0,617.0,71.26410835214448,-43.0,40.536723163841806,384.0,417.0,801.0,95.31428571428572,-33.0,48.24120603015075,263.0,392.0,655.0,77.57411587659895,-129.0,42.351046698872786,-9.0,286.0,295.0,-86.0,-166.0,-19.69422498118884,-6.1827338497328554,-96.0,-146.0,-17.740169837686764,-5.890159331277964,0.4943181818181818,0.9428571428571428,0.485062893081761,0.9571106094808126,divergent,concordant,-0.009255288736420841,0.014253466623669775
E02000292,Enfield,7,5,20.28418657942845,21.630351197726352,610.0,471.0,0.6205493387589013,0.479145473041709,-0.1414038657171922,1.3461646182979017,114.0,378.0,679,577,1256,492.0,34.30891719745223,-264.0,16.789396170839467,110.0,319.0,660.0,550.0,1210.0,429.0,29.0,-209.0,16.666666666666664,171.0,514.0,685.0,69.97929936305732,-343.0,29.636048526863085,188.0,470.0,658.0,73.02479338842976,-282.0,34.18181818181818,-45.0,220.0,265.0,55.0,-63.0,-5.308917197452232,-0.1227295041728027,61.0,-27.0,3.0454940253724345,4.5457696549550946,0.4180118946474087,0.9371019108280255,0.39466421343146274,0.8983471074380165,concordant,concordant,-0.023347681215945937,-0.03875480339000903
E02000293,Enfield,10,9,8.895326801807515,10.699650412717824,923.0,837.0,0.9389623601220752,0.8514750762970499,-0.0874872838250253,1.8043236109103071,0.0,259.0,360,314,674,259.0,0.0,-259.0,0.0,0.0,241.0,307.0,304.0,611.0,241.0,0.0,-241.0,0.0,0.0,287.0,287.0,0.0,-287.0,0.0,0.0,247.0,247.0,0.0,-247.0,0.0,-177.0,38.0,215.0,18.0,-18.0,0.0,0.0,40.0,-40.0,0.0,0.0,0.47435897435897434,0.8100890207715133,0.49385245901639346,0.7986906710310966,concordant,concordant,0.019493484657419125,-0.011398349740416758
E02000294,Enfield,5,3,28.116986427525624,29.838090023549565,406.0,205.0,0.4130213631739572,0.2085452695829094,-0.2044760935910478,1.7211035960239407,112.0,436.0,602,685,1287,548.0,37.94250194250194,-324.0,18.6046511627907,138.0,341.0,644.0,571.0,1215.0,479.0,38.73086419753086,-203.0,21.428571428571427,161.0,445.0,606.0,55.66822066822067,-284.0,23.503649635036496,192.0,443.0,635.0,70.00493827160494,-251.0,33.62521891418564,-61.0,211.0,272.0,121.0,-69.0,0.7883622550289218,2.8239202657807283,33.0,29.0,14.336717603384272,10.121569279149142,0.4748700173310225,0.8966588966588966,0.42998204667863554,0.9168724279835391,concordant,concordant,-0.04488797065238698,0.02021353132464243
E02000295,Enfield,9,8,11.98511555505135,14.264162270898526,834.0,724.0,0.8484231943031536,0.7365208545269583,-0.1119023397761953,2.2790467158471763,106.0,398.0,676,570,1246,504.0,33.858747993579456,-292.0,15.680473372781064,71.0,343.0,526.0,501.0,1027.0,414.0,23.71275559883155,-272.0,13.498098859315588,111.0,538.0,649.0,47.92776886035313,-427.0,19.473684210526315,114.0,416.0,530.0,46.177215189873415,-302.0,22.75449101796407,-176.0,114.0,290.0,20.0,-90.0,-10.145992394747907,-2.1823745134654757,125.0,-119.0,-1.750553670479718,3.280806807437756,0.4371205550737207,0.9253611556982343,0.4385593220338983,0.9191820837390458,concordant,concordant,0.0014387669601775843,-0.006179071959188542
E02000296,Enfield,7,6,19.478001771368643,18.736596991132807,627.0,578.0,0.6378433367243134,0.5879959308240081,-0.0498474059003052,-0.7414047802358361,315.0,320.0,963,813,1776,635.0,56.75675675675676,-5.0,32.71028037383177,315.0,301.0,787.0,764.0,1551.0,616.0,61.131528046421664,14.0,40.02541296060991,369.0,541.0,910.0,112.4037162162162,-172.0,45.38745387453875,337.0,389.0,726.0,84.52159896840747,-52.0,44.109947643979055,83.0,368.0,285.0,19.0,-19.0,4.374771289664906,7.315132586778141,120.0,-184.0,-27.882117247808722,-1.2775062305596947,0.4110032362459547,0.8699324324324325,0.45901639344262296,0.8652482269503546,concordant,divergent,0.048013157196668266,-0.004684205482077819
E02000297,Enfield,9,9,10.853698627124112,11.153847965296428,872.0,823.0,0.8870803662258393,0.8372329603255341,-0.0498474059003052,0.3001493381723144,75.0,382.0,547,470,1017,457.0,28.171091445427727,-307.0,13.711151736745888,45.0,316.0,410.0,418.0,828.0,361.0,17.17391304347826,-271.0,10.975609756097562,57.0,431.0,488.0,24.156342182890857,-374.0,12.127659574468083,55.0,332.0,387.0,22.053140096618357,-277.0,13.157894736842104,-318.0,26.0,344.0,36.0,-96.0,-10.997178401949466,-2.7355419806483265,97.0,-101.0,-2.1032020862725,1.0302351623740211,0.4835978835978836,0.9292035398230089,0.48262032085561496,0.9033816425120773,concordant,concordant,-0.0009775627422686228,-0.02582189731093154
E02000298,Enfield,10,10,10.149730907472415,8.6342442002442,891.0,908.0,0.906408952187182,0.923702950152594,0.0172939979654119,-1.5154867072282163,0.0,422.0,539,526,1065,422.0,0.0,-422.0,0.0,0.0,384.0,490.0,442.0,932.0,384.0,0.0,-384.0,0.0,0.0,434.0,434.0,0.0,-434.0,0.0,0.0,414.0,414.0,0.0,-414.0,0.0,-426.0,0.0,426.0,38.0,-38.0,0.0,0.0,20.0,-20.0,0.0,0.0,0.4929906542056075,0.8037558685446009,0.48120300751879697,0.8562231759656652,concordant,concordant,-0.011787646686810538,0.05246730742106431
E02000299,Enfield,3,1,33.89813588810137,34.10902891590886,261.0,97.0,0.2655137334689725,0.0986775178026449,-0.1668362156663276,0.2108930278074865,421.0,381.0,964,980,1944,802.0,82.5108024691358,40.0,43.67219917012448,206.0,346.0,542.0,843.0,1385.0,552.0,51.462815884476534,-140.0,38.00738007380074,497.0,475.0,972.0,121.4377572016461,22.0,50.71428571428571,406.0,285.0,691.0,83.54512635379061,121.0,48.16132858837485,315.0,315.0,0.0,-180.0,-250.0,-31.047986584659263,-5.66481909632374,99.0,-281.0,-37.892630847855486,-2.552957125910858,0.45208568207440814,0.9125514403292181,0.4440868865647627,0.8974729241877256,concordant,divergent,-0.00799879550964544,-0.01507851614149247
E02000300,Enfield,5,2,28.158851488292264,31.690634891882716,405.0,159.0,0.4120040691759918,0.1617497456765005,-0.2502543234994914,3.5317834035904525,163.0,575.0,876,868,1744,738.0,53.741399082568805,-412.0,18.60730593607306,162.0,430.0,556.0,729.0,1285.0,592.0,54.21011673151751,-268.0,29.136690647482016,198.0,635.0,833.0,72.09288990825688,-437.0,22.811059907834103,217.0,338.0,555.0,57.07859922178989,-121.0,29.766803840877916,34.0,270.0,236.0,144.0,-146.0,0.4687176489487044,10.529384711408955,316.0,-278.0,-15.014290686466992,6.955743933043813,0.4697644812221515,0.900802752293578,0.5161290322580645,0.8926070038910506,concordant,concordant,0.046364551035913026,-0.008195748402527347
E02000301,Enfield,2,1,40.87686071989716,39.40452036986176,124.0,30.0,0.126144455747711,0.0305188199389623,-0.0956256358087487,-1.4723403500354024,574.0,239.0,1003,974,1977,813.0,69.39099645928174,335.0,57.22831505483549,311.0,169.0,604.0,756.0,1360.0,480.0,38.64632352941177,142.0,51.49006622516556,587.0,302.0,889.0,89.66818411734953,285.0,60.26694045174538,475.0,189.0,664.0,66.01102941176471,286.0,62.83068783068783,319.0,319.0,0.0,-193.0,-333.0,-30.74467292986997,-5.738248829669928,1.0,-225.0,-23.657154705584816,2.563747378942452,0.47767332549941244,0.860900354071826,0.4195804195804196,0.8411764705882353,concordant,concordant,-0.058092905918992854,-0.019723883483590665
E02000302,Enfield,7,6,20.85787932740812,19.461557333943063,596.0,558.0,0.6063072227873856,0.5676500508646999,-0.0386571719226856,-1.3963219934650546,138.0,294.0,572,573,1145,432.0,35.43406113537118,-156.0,24.125874125874127,129.0,245.0,481.0,455.0,936.0,374.0,33.76602564102564,-116.0,26.819126819126826,210.0,369.0,579.0,67.67685589519651,-159.0,36.64921465968586,139.0,289.0,428.0,42.917735042735046,-150.0,30.54945054945055,-46.0,173.0,219.0,40.0,-58.0,-1.6680354943455384,2.693252693252699,9.0,-151.0,-24.759120852461464,-6.099764110235309,0.42729970326409494,0.8829694323144105,0.46633416458852867,0.8568376068376068,concordant,concordant,0.03903446132443372,-0.026131825476803705
E02000303,Enfield,2,1,39.750529821215736,39.495709096894544,141.0,29.0,0.143438453713123,0.0295015259409969,-0.1139369277721261,-0.2548207243211919,475.0,255.0,879,902,1781,730.0,68.00954519932623,220.0,54.0386803185438,312.0,142.0,540.0,607.0,1147.0,454.0,38.6259808195292,170.0,57.77777777777777,517.0,243.0,760.0,70.53958450308815,274.0,57.3170731707317,367.0,160.0,527.0,51.19442022667829,207.0,60.46128500823723,330.0,330.0,0.0,-50.0,-276.0,-29.38356437979703,3.7390974592339745,-67.0,-233.0,-19.34516427640986,3.14421183750553,0.4899328859060403,0.8366086468276249,0.46279306829765543,0.8552746294681779,concordant,concordant,-0.027139817608384853,0.01866598264055297
E02000304,Enfield,10,9,9.603391190752872,9.395457433606351,902.0,879.0,0.9175991861648016,0.8942014242115972,-0.0233977619532044,-0.2079337571465203,0.0,435.0,600,511,1111,435.0,0.0,-435.0,0.0,0.0,379.0,471.0,439.0,910.0,379.0,0.0,-379.0,0.0,0.0,523.0,523.0,0.0,-523.0,0.0,0.0,409.0,409.0,0.0,-409.0,0.0,-306.0,47.0,353.0,56.0,-56.0,0.0,0.0,114.0,-114.0,0.0,0.0,0.45407098121085593,0.8622862286228623,0.48096446700507617,0.865934065934066,concordant,concordant,0.02689348579422024,0.003647837311203661
E02000305,Enfield,7,8,18.103557163210937,15.372604843988654,675.0,689.0,0.6866734486266531,0.7009155645981688,0.0142421159715157,-2.7309523192222827,224.0,350.0,912,693,1605,574.0,48.84735202492212,-126.0,24.561403508771928,159.0,348.0,616.0,682.0,1298.0,507.0,42.6286594761171,-189.0,25.81168831168831,222.0,572.0,794.0,79.1177570093458,-350.0,32.03463203463203,223.0,377.0,600.0,64.76964560862866,-154.0,32.697947214076244,-394.0,88.0,482.0,-63.0,-67.0,-6.218692548805016,1.2502848029163829,196.0,-194.0,-14.34811140071713,0.6633151794442114,0.4195906432748538,0.8523364485981308,0.45799457994579945,0.8528505392912172,concordant,concordant,0.03840393667094566,0.0005140906930863887
E02000306,Enfield,1,1,52.14041435785332,43.56118441182551,14.0,6.0,0.0142421159715157,0.0061037639877924,-0.0081383519837232,-8.579229946027809,541.0,0.0,747,696,1443,541.0,0.0,541.0,72.42302543507363,306.0,0.0,424.0,524.0,948.0,306.0,0.0,306.0,72.16981132075472,519.0,0.0,519.0,0.0,519.0,74.56896551724138,418.0,0.0,418.0,0.0,418.0,79.77099236641222,240.0,240.0,0.0,-235.0,-235.0,0.0,-0.25321411431890795,-101.0,-101.0,0.0,5.202026849170835,0.5103773584905661,0.7345807345807346,0.42265193370165743,0.7637130801687764,concordant,concordant,-0.08772542478890866,0.029132345588041786
E02000307,Enfield,5,4,26.839223410310947,25.027692124105013,434.0,359.0,0.4415055951169888,0.3652085452695829,-0.0762970498474059,-1.811531286205934,172.0,425.0,781,762,1543,597.0,47.37524303305249,-253.0,22.02304737516005,107.0,340.0,558.0,721.0,1279.0,447.0,28.444096950742768,-233.0,19.17562724014337,276.0,536.0,812.0,95.87556707712248,-260.0,36.22047244094488,299.0,407.0,706.0,95.14698983580922,-108.0,41.47018030513176,-156.0,149.0,305.0,20.0,-150.0,-18.931146082309724,-2.84742013501668,152.0,-106.0,-0.7285772413132605,5.249707864186881,0.4237047551454933,0.9131561892417369,0.3876843018213356,0.9014855355746677,concordant,concordant,-0.03602045332415765,-0.011670653667069208
E02000308,Enfield,5,5,25.193128138572902,21.17568637970979,467.0,486.0,0.4750762970498474,0.4944048830111902,0.0193285859613428,-4.017441758863114,362.0,366.0,752,871,1623,728.0,81.63401109057301,-4.0,48.138297872340424,358.0,226.0,769.0,618.0,1387.0,584.0,58.333093006488824,132.0,46.55396618985696,448.0,351.0,799.0,96.88724584103512,97.0,51.43513203214696,330.0,350.0,680.0,83.2732516222062,-20.0,53.398058252427184,115.0,351.0,236.0,136.0,-144.0,-23.300918084084188,-1.584331682483466,-117.0,-119.0,-13.613994218828921,1.9629262202802238,0.4767518009168304,0.9408502772643254,0.4620253164556962,0.9113193943763518,divergent,divergent,-0.01472648446113417,-0.029530882887973564
E02000309,Enfield,1,1,44.113987597483074,38.22551165980796,76.0,45.0,0.0773143438453713,0.0457782299084435,-0.0315361139369277,-5.888475937675118,620.0,0.0,905,1024,1929,620.0,0.0,620.0,68.50828729281768,469.0,0.0,660.0,935.0,1595.0,469.0,0.0,469.0,71.06060606060606,779.0,0.0,779.0,0.0,779.0,76.07421875,748.0,0.0,748.0,0.0,748.0,80.0,396.0,396.0,0.0,-151.0,-151.0,0.0,2.5523187677883783,-31.0,-31.0,0.0,3.92578125,0.4431736954967834,0.7252462415759461,0.3853738701725555,0.7630094043887148,concordant,concordant,-0.05779982532422795,0.0377631628127687
E02000311,Enfield,4,4,29.979820409238247,26.65358460673104,364.0,309.0,0.3702950152594099,0.3143438453713123,-0.0559511698880976,-3.326235802507206,433.0,436.0,891,991,1882,869.0,100.31243358129647,-3.0,48.597081930415264,293.0,290.0,668.0,764.0,1432.0,583.0,59.33659217877095,3.0,43.862275449101794,496.0,421.0,917.0,110.95430393198724,75.0,50.05045408678102,427.0,337.0,764.0,100.48812849162012,90.0,55.890052356020945,10.0,273.0,263.0,6.0,-286.0,-40.975841402525525,-4.73480648131347,15.0,-153.0,-10.466175440367124,5.8395982692399215,0.486562150055991,0.9489904357066951,0.4328136599851522,0.9406424581005587,divergent,concordant,-0.05374849007083882,-0.00834797760613637
E02000312,Enfield,6,6,23.867979597059104,19.41314520643807,495.0,560.0,0.503560528992879,0.5696846388606307,0.0661241098677517,-4.454834390621034,412.0,759.0,1308,1271,2579,1171.0,121.25164792555256,-347.0,31.49847094801223,273.0,613.0,1006.0,1091.0,2097.0,886.0,79.80400572246066,-340.0,27.137176938369784,420.0,808.0,1228.0,131.58588600232648,-388.0,33.044846577498035,420.0,677.0,1097.0,135.59370529327612,-257.0,38.4967919340055,-393.0,243.0,636.0,7.0,-285.0,-41.4476422030919,-4.361294009642446,131.0,-131.0,4.007819290949641,5.451945356507466,0.488120050020842,0.9302055060100815,0.4467977811396873,0.9456366237482118,concordant,concordant,-0.0413222688811547,0.015431117738130329
E02000313,Greenwich,1,3,46.47337429332927,29.034084854263146,48.0,228.0,0.0488301119023397,0.2319430315361139,0.1831129196337741,-17.439289439066126,481.0,0.0,618,455,1073,481.0,0.0,481.0,77.831715210356,257.0,0.0,291.0,386.0,677.0,257.0,0.0,257.0,88.31615120274914,382.0,0.0,382.0,0.0,382.0,83.95604395604396,339.0,0.0,339.0,0.0,339.0,87.8238341968912,96.0,189.0,93.0,-224.0,-224.0,0.0,10.484435992393145,-43.0,-43.0,0.0,3.867790240847242,0.5573580533024334,0.804287045666356,0.4312080536912752,0.880354505169867,concordant,concordant,-0.1261499996111582,0.07606745950351101
E02000314,Greenwich,4,5,30.63770173413424,23.07788787169115,346.0,418.0,0.3519837232960325,0.4252288911495422,0.0732451678535096,-7.5598138624430895,362.0,668.0,1213,1157,2370,1030.0,102.03206751054852,-306.0,29.843363561417977,345.0,434.0,1013.0,955.0,1968.0,779.0,76.08231707317073,-89.0,34.05725567620928,354.0,648.0,1002.0,96.78987341772152,-294.0,30.596369922212617,402.0,533.0,935.0,108.875,-131.0,42.09424083769633,-298.0,254.0,552.0,217.0,-251.0,-25.949750437377787,4.213892114791303,163.0,-67.0,12.085126582278477,11.497870915483716,0.5068897637795275,0.8573839662447258,0.4544924154025671,0.8709349593495935,concordant,concordant,-0.05239734837696047,0.013550993104867737
E02000315,Greenwich,2,1,42.47607162334802,36.290120328926825,102.0,58.0,0.103763987792472,0.0590030518819938,-0.0447609359104781,-6.185951294421194,483.0,118.0,749,654,1403,601.0,40.622950819672134,365.0,64.48598130841121,316.0,80.0,459.0,558.0,1017.0,396.0,24.857423795476898,236.0,68.84531590413944,503.0,199.0,702.0,71.34497505345688,304.0,76.91131498470948,450.0,103.0,553.0,45.575221238938056,347.0,80.64516129032258,441.0,441.0,0.0,-129.0,-205.0,-15.765527024195237,4.359334595728228,43.0,-149.0,-25.769753814518822,3.733846305613099,0.4612432847275518,0.9287241625089094,0.4172813487881981,0.9331366764995084,concordant,concordant,-0.04396193593935371,0.004412513990598943
E02000316,Greenwich,1,4,42.87325735805085,23.836059833708916,93.0,392.0,0.0946083418107833,0.3987792472024415,0.3041709053916582,-19.037197524341934,1175.0,0.0,1507,1110,2617,1175.0,0.0,1175.0,77.96947577969475,0.0,0.0,0.0,0.0,0.0,0.0,0.0,0.0,0.0,838.0,0.0,838.0,0.0,838.0,75.49549549549549,0.0,0.0,0.0,0.0,0.0,0.0,0.0,0.0,0.0,-1175.0,-1175.0,0.0,-77.96947577969475,-838.0,-838.0,0.0,-75.49549549549549,0.583705911574764,0.76920137562094,0.5,0.0,concordant,zero,-0.08370591157476404,-0.76920137562094
E02000317,Greenwich,1,2,46.646049676224614,32.47226067933219,44.0,136.0,0.0447609359104781,0.138351983723296,0.0935910478128179,-14.173788996892426,513.0,0.0,686,762,1448,513.0,0.0,513.0,74.78134110787173,397.0,0.0,492.0,462.0,954.0,397.0,0.0,397.0,80.6910569105691,566.0,0.0,566.0,0.0,566.0,74.2782152230971,354.0,0.0,354.0,0.0,354.0,76.62337662337663,312.0,358.0,46.0,-116.0,-116.0,0.0,5.909715802697377,-212.0,-212.0,0.0,2.3451614002795225,0.47544022242817424,0.7451657458563536,0.5286284953395473,0.7872117400419287,concordant,concordant,0.053188272911373013,0.042045994185575086
E02000318,Greenwich,3,4,32.98717852977037,26.536444850872257,285.0,312.0,0.2899287894201424,0.3173957273652085,0.0274669379450661,-6.450733678898111,386.0,392.0,840,1052,1892,778.0,79.97463002114165,-6.0,45.95238095238095,296.0,240.0,726.0,897.0,1623.0,536.0,43.77079482439926,56.0,40.77134986225895,449.0,303.0,752.0,71.90644820295984,146.0,42.68060836501901,537.0,244.0,781.0,80.73197781885398,293.0,59.86622073578596,-119.0,215.0,334.0,62.0,-242.0,-36.20383519674239,-5.181031090121998,147.0,29.0,8.82552961589414,17.185612370766947,0.5084967320261438,0.8086680761099366,0.4069855732725892,0.8114602587800369,divergent,concordant,-0.10151115875355454,0.002792182670100285
E02000319,Greenwich,3,4,33.85532826472858,24.171681404958676,264.0,382.0,0.2685656154628688,0.3886063072227874,0.1200406917599186,-9.6836468597699,529.0,426.0,1215,1089,2304,955.0,97.80989583333331,103.0,43.53909465020576,336.0,189.0,664.0,807.0,1471.0,525.0,43.17063222297757,147.0,50.602409638554214,490.0,454.0,944.0,96.55381944444444,36.0,44.995408631772264,440.0,212.0,652.0,63.41264445955132,228.0,54.522924411400254,21.0,274.0,253.0,44.0,-430.0,-54.63926361035575,7.063314988348452,192.0,-292.0,-33.14117498489312,9.52751577962799,0.5028962611901,0.82421875,0.4460492778249788,0.8001359619306594,concordant,concordant,-0.05684698336512123,-0.02408278806934061
E02000320,Greenwich,4,5,31.58518638888889,22.930003411572052,323.0,424.0,0.3285859613428281,0.4313326551373347,0.1027466937945066,-8.655182977316834,107.0,237.0,480,469,949,344.0,26.721812434141203,-130.0,22.291666666666668,159.0,192.0,422.0,396.0,818.0,351.0,37.32029339853301,-33.0,37.677725118483416,154.0,310.0,464.0,50.30558482613277,-156.0,32.83582089552239,150.0,200.0,350.0,36.67481662591687,-50.0,37.878787878787875,-121.0,130.0,251.0,97.0,7.0,10.598480964391808,15.386058451816748,106.0,-114.0,-13.630768200215904,5.042966983265487,0.42574257425742573,0.8514225500526871,0.5007132667617689,0.8569682151589242,concordant,concordant,0.07497069250434313,0.005545665106237108
E02000321,Greenwich,1,2,45.41702813888889,32.89893154223714,61.0,127.0,0.0620549338758901,0.1291963377416073,0.0671414038657172,-12.518096596651745,552.0,0.0,747,705,1452,552.0,0.0,552.0,73.89558232931726,350.0,0.0,446.0,454.0,900.0,350.0,0.0,350.0,78.47533632286996,520.0,0.0,520.0,0.0,520.0,73.75886524822694,364.0,0.0,364.0,0.0,364.0,80.1762114537445,274.0,313.0,39.0,-202.0,-202.0,0.0,4.5797539935527,-156.0,-156.0,0.0,6.4173462055175605,0.5149253731343284,0.7382920110192838,0.49019607843137253,0.7933333333333333,concordant,concordant,-0.024729294702955873,0.05504132231404957
E02000323,Greenwich,1,2,46.071049488476675,32.19790005441683,51.0,144.0,0.051881993896236,0.1464903357070193,0.0946083418107833,-13.873149434059847,831.0,0.0,1082,1194,2276,831.0,0.0,831.0,76.80221811460258,708.0,0.0,901.0,867.0,1768.0,708.0,0.0,708.0,78.57935627081021,868.0,0.0,868.0,0.0,868.0,72.69681742043551,744.0,0.0,744.0,0.0,744.0,85.81314878892734,591.0,636.0,45.0,-123.0,-123.0,0.0,1.7771381562076272,-124.0,-124.0,0.0,13.116331368491828,0.4891112419070041,0.7464850615114236,0.48760330578512395,0.8212669683257918,concordant,concordant,-0.0015079361218801601,0.07478190681436825
E02000324,Greenwich,2,3,39.746777532467526,29.340322482197355,142.0,222.0,0.1444557477110885,0.2258392675483214,0.0813835198372329,-10.406455050270171,465.0,128.0,643,596,1239,593.0,48.03874092009685,337.0,72.31726283048211,326.0,67.0,429.0,456.0,885.0,393.0,24.680225988700563,259.0,75.990675990676,420.0,132.0,552.0,44.74576271186441,288.0,70.46979865771812,357.0,58.0,415.0,23.396610169491524,299.0,78.28947368421053,208.0,293.0,85.0,-78.0,-200.0,-23.358514931396286,3.6734131601938884,11.0,-137.0,-21.349152542372885,7.819675026492419,0.5179039301310043,0.9241323648103309,0.4863861386138614,0.9129943502824859,concordant,concordant,-0.03151779151714296,-0.01113801452784502
E02000326,Greenwich,4,6,30.016503855728427,20.648771529957692,363.0,509.0,0.3692777212614445,0.5178026449643948,0.1485249237029502,-9.367732325770737,285.0,316.0,682,686,1368,601.0,65.83333333333333,-31.0,41.78885630498534,290.0,166.0,626.0,462.0,1088.0,456.0,44.24632352941177,124.0,46.3258785942492,250.0,308.0,558.0,56.28654970760234,-58.0,36.44314868804665,232.0,240.0,472.0,51.1764705882353,-8.0,50.21645021645021,-67.0,180.0,247.0,155.0,-145.0,-21.58700980392156,4.537022289263859,50.0,-86.0,-5.110079119367043,13.773301528403564,0.5185504745470233,0.8472222222222222,0.49137931034482757,0.8529411764705882,concordant,divergent,-0.02717116420219573,0.005718954248365993
E02000327,Greenwich,1,2,44.71888610695971,30.41027660187185,72.0,193.0,0.0732451678535096,0.1963377416073245,0.1230925737538148,-14.308609505087858,539.0,0.0,728,649,1377,539.0,0.0,539.0,74.03846153846155,341.0,0.0,422.0,391.0,813.0,341.0,0.0,341.0,80.80568720379146,491.0,0.0,491.0,0.0,491.0,75.65485362095532,304.0,0.0,304.0,0.0,304.0,77.74936061381074,262.0,297.0,35.0,-198.0,-198.0,0.0,6.767225665329917,-187.0,-187.0,0.0,2.0945069928554148,0.5233009708737864,0.7480029048656499,0.5286821705426357,0.7933579335793358,concordant,concordant,0.0053811996688493124,0.04535502871368591
E02000328,Greenwich,6,7,23.46912351801393,16.88360272350503,516.0,633.0,0.5249237029501526,0.6439471007121058,0.1190233977619532,-6.5855207945088985,175.0,344.0,711,498,1209,519.0,49.79321753515302,-169.0,24.613220815752463,112.0,273.0,491.0,488.0,979.0,385.0,31.231869254341163,-161.0,22.81059063136456,107.0,365.0,472.0,32.303556658395365,-258.0,21.4859437751004,123.0,300.0,423.0,37.69152196118488,-177.0,25.20491803278688,-242.0,100.0,342.0,8.0,-134.0,-18.561348280811856,-1.8026301843879047,81.0,-49.0,5.387965302789517,3.7189742576864795,0.5237134207870837,0.8196856906534326,0.47648514851485146,0.8253319713993871,concordant,concordant,-0.04722827227223225,0.005646280745954524
E02000329,Greenwich,5,6,24.833221644012944,19.490797039836245,474.0,556.0,0.4821973550356053,0.5656154628687691,0.0834181078331637,-5.342424604176699,92.0,238.0,399,394,793,330.0,27.611601513240856,-146.0,23.05764411027569,78.0,212.0,331.0,361.0,692.0,290.0,23.895953757225435,-134.0,23.564954682779454,139.0,287.0,426.0,50.306431273644385,-148.0,35.27918781725889,131.0,224.0,355.0,42.40462427745665,-93.0,36.288088642659275,-166.0,63.0,229.0,12.0,-40.0,-3.7156477560154215,0.5073105725037657,55.0,-71.0,-7.901806996187737,1.0089008254003886,0.4365079365079365,0.9533417402269861,0.4496124031007752,0.9320809248554913,concordant,concordant,0.013104466592838704,-0.021260815371494823
E02000331,Greenwich,4,3,32.39916692121057,29.183950786143427,298.0,226.0,0.3031536113936928,0.2299084435401831,-0.0732451678535096,-3.215216135067145,288.0,309.0,737,662,1399,597.0,63.61115082201572,-21.0,39.07734056987788,203.0,171.0,534.0,516.0,1050.0,374.0,33.06,32.0,38.01498127340824,261.0,324.0,585.0,60.44603288062902,-63.0,39.42598187311178,249.0,236.0,485.0,55.96571428571429,13.0,48.25581395348838,206.0,330.0,124.0,53.0,-223.0,-30.55115082201572,-1.0623592964696442,76.0,-100.0,-4.480318594914728,8.829832080376598,0.5050761421319797,0.8448892065761258,0.43538998835855647,0.8180952380952381,concordant,concordant,-0.06968615377342324,-0.026793968480887664
E02000332,Greenwich,6,7,23.22329063973528,15.90175885042456,527.0,669.0,0.5361139369277721,0.6805696846388606,0.1444557477110885,-7.321531789310722,62.0,354.0,513,503,1016,416.0,21.60236220472441,-292.0,12.08576998050682,94.0,299.0,440.0,443.0,883.0,393.0,31.830124575311437,-205.0,21.363636363636363,118.0,410.0,528.0,47.618110236220474,-292.0,23.45924453280318,99.0,305.0,404.0,34.19592298980747,-206.0,22.34762979683973,-265.0,76.0,341.0,87.0,-23.0,10.227762370587026,9.277866383129544,86.0,-124.0,-13.422187246413003,-1.1116147359634496,0.4406779661016949,0.9291338582677166,0.493099121706399,0.9026047565118913,concordant,concordant,0.05242115560470412,-0.026529101755825235
E02000333,Greenwich,7,8,21.09053105918009,13.90021314803248,592.0,735.0,0.602238046795524,0.7477110885045778,0.1454730417090538,-7.190317911147611,107.0,558.0,704,680,1384,665.0,43.14017341040462,-451.0,15.198863636363637,85.0,389.0,455.0,484.0,939.0,474.0,35.21299254526092,-304.0,18.68131868131868,107.0,568.0,675.0,43.91329479768786,-461.0,15.735294117647058,70.0,351.0,421.0,26.166134185303516,-281.0,14.46280991735537,-354.0,48.0,402.0,147.0,-191.0,-7.927180865143704,3.482455044955042,180.0,-254.0,-17.747160612384345,-1.2724842002916876,0.4962686567164179,0.9682080924855492,0.529608938547486,0.9531416400425985,concordant,concordant,0.03334028183106813,-0.015066452442950684
E02000334,Greenwich,4,4,29.409164507651877,25.993311114555883,377.0,333.0,0.3835198372329603,0.3387589013224822,-0.0447609359104781,-3.4158533930959933,220.0,115.0,465,400,865,335.0,29.248554913294797,105.0,47.31182795698925,119.0,117.0,296.0,347.0,643.0,236.0,21.653188180404353,2.0,40.2027027027027,201.0,159.0,360.0,36.94682080924856,42.0,50.24999999999999,169.0,130.0,299.0,34.16796267496112,39.0,48.70317002881844,9.0,137.0,128.0,-103.0,-99.0,-7.595366732890444,-7.109125254286546,-3.0,-61.0,-2.7788581342874394,-1.5468299711815519,0.48201438848920863,0.8034682080924855,0.4411214953271028,0.8320373250388803,concordant,concordant,-0.040892893162105814,0.028569116946394746
E02000335,Greenwich,8,9,14.06606125515346,11.431670360520094,776.0,806.0,0.7894201424211598,0.8199389623601221,0.0305188199389623,-2.6343908946333645,33.0,222.0,343,295,638,255.0,11.482758620689657,-189.0,9.620991253644316,48.0,211.0,333.0,337.0,670.0,259.0,15.116417910447762,-163.0,14.414414414414416,43.0,291.0,334.0,19.612852664576803,-248.0,14.576271186440678,101.0,273.0,374.0,41.15373134328358,-172.0,29.970326409495552,-214.0,30.0,244.0,26.0,4.0,3.6336592897581053,4.7934231607701,76.0,40.0,21.54087867870678,15.394055223054874,0.432937181663837,0.9231974921630094,0.40916271721958924,0.9447761194029851,concordant,concordant,-0.023774464444247745,0.021578627239975723
E02000337,Greenwich,3,2,36.29991576650645,30.83114061167296,198.0,180.0,0.2014242115971515,0.1831129196337741,-0.0183112919633774,-5.468775154833491,337.0,131.0,504,516,1020,468.0,43.28137254901961,206.0,66.86507936507937,192.0,44.0,338.0,348.0,686.0,236.0,12.314868804664725,148.0,56.80473372781065,342.0,117.0,459.0,39.22941176470588,225.0,66.27906976744185,284.0,105.0,389.0,43.46938775510204,179.0,81.60919540229885,205.0,229.0,24.0,-58.0,-232.0,-30.96650374435488,-10.060345637268718,-46.0,-70.0,4.239975990396161,15.330125634856998,0.5048543689320388,0.9088235294117647,0.3776,0.9110787172011662,concordant,concordant,-0.12725436893203884,0.0022551877894014805
E02000339,Greenwich,7,7,18.195884680067003,17.054623308390386,670.0,628.0,0.681586978636826,0.6388606307222787,-0.0427263479145473,-1.141261371676617,63.0,177.0,312,286,598,240.0,18.64715719063545,-114.0,20.192307692307693,66.0,138.0,325.0,264.0,589.0,204.0,15.463497453310696,-72.0,20.307692307692307,70.0,218.0,288.0,25.51839464882943,-148.0,24.475524475524477,105.0,231.0,336.0,41.17996604414262,-126.0,39.77272727272727,-37.0,87.0,124.0,42.0,-36.0,-3.1836597373247546,0.1153846153846132,22.0,48.0,15.661571395313185,15.297202797202797,0.45454545454545453,0.882943143812709,0.37777777777777777,0.9168081494057725,concordant,concordant,-0.07676767676767676,0.03386500559306349
E02000340,Greenwich,7,8,20.457196154730617,14.542221922588832,602.0,717.0,0.612410986775178,0.7293997965412004,0.1169888097660223,-5.914974232141784,130.0,237.0,481,434,915,367.0,33.67213114754098,-107.0,27.027027027027028,169.0,225.0,515.0,406.0,921.0,394.0,41.28664495114006,-56.0,32.81553398058252,157.0,305.0,462.0,52.333333333333336,-148.0,36.175115207373274,153.0,324.0,477.0,53.82410423452769,-171.0,37.68472906403941,-137.0,119.0,256.0,51.0,27.0,7.614513803599081,5.788506953555494,-23.0,15.0,1.4907709011943524,1.5096138566661352,0.4427020506634499,0.9060109289617486,0.452353616532721,0.9457111834961998,concordant,concordant,0.009651565869271073,0.03970025453445114
E02000341,Greenwich,2,1,41.59666179617337,38.41635975012249,115.0,43.0,0.1169888097660223,0.0437436419125127,-0.0732451678535096,-3.1803020460508833,390.0,77.0,495,475,970,467.0,30.95876288659794,313.0,78.78787878787878,282.0,51.0,381.0,380.0,761.0,333.0,18.898817345597895,231.0,74.01574803149606,360.0,67.0,427.0,24.8659793814433,293.0,75.78947368421053,298.0,61.0,359.0,23.88699080157687,237.0,78.42105263157895,354.0,354.0,0.0,-82.0,-134.0,-12.059945541000044,-4.772130756382722,-56.0,-68.0,-0.978988579866428,2.6315789473684106,0.5223713646532439,0.9216494845360824,0.48121387283236994,0.9093298291721419,concordant,concordant,-0.041157491820873915,-0.01231965536394053
E02000342,Greenwich,5,5,25.139133582089553,21.596820544176097,469.0,473.0,0.4771108850457782,0.4811800610376399,0.0040691759918616,-3.542313037913459,276.0,235.0,547,694,1241,511.0,52.26430298146656,41.0,50.45703839122486,226.0,170.0,467.0,474.0,941.0,396.0,40.82890541976621,56.0,48.394004282655246,416.0,225.0,641.0,75.42304593070105,191.0,59.94236311239193,273.0,209.0,482.0,60.63443145589798,64.0,57.59493670886076,82.0,227.0,145.0,15.0,-115.0,-11.435397561700348,-2.0630341085696173,-127.0,-159.0,-14.788614474803069,-2.3474264035311734,0.4435763888888889,0.9282836422240129,0.4510250569476082,0.9330499468650372,concordant,concordant,0.007448668058719299,0.004766304641024233
E02000343,Greenwich,5,4,28.250860113857676,25.219478726483356,401.0,352.0,0.4079348931841302,0.358087487283825,-0.0498474059003052,-3.0313813873743207,193.0,153.0,451,389,840,346.0,35.15357142857143,40.0,42.793791574279375,156.0,109.0,353.0,323.0,676.0,265.0,25.153846153846153,47.0,44.19263456090651,216.0,210.0,426.0,54.0,6.0,55.52699228791774,191.0,169.0,360.0,47.75,22.0,59.13312693498453,118.0,195.0,77.0,7.0,-81.0,-9.999725274725279,1.3988429866271375,16.0,-66.0,-6.25,3.6061346470667885,0.4481865284974093,0.919047619047619,0.424,0.9245562130177515,concordant,concordant,-0.02418652849740932,0.00550859397013248
E02000344,Greenwich,8,8,17.386526372318773,12.952855458119142,691.0,759.0,0.7029501525940997,0.7721261444557477,0.069175991861648,-4.433670914199631,78.0,212.0,432,352,784,290.0,21.09183673469388,-134.0,18.055555555555554,80.0,173.0,380.0,312.0,692.0,253.0,20.0,-93.0,21.052631578947366,99.0,306.0,405.0,38.640306122448976,-207.0,28.125,118.0,242.0,360.0,41.26589595375722,-124.0,37.82051282051282,-73.0,91.0,164.0,41.0,-37.0,-1.0918367346938815,2.997076023391813,83.0,-45.0,2.625589831308247,9.695512820512818,0.4172661870503597,0.8864795918367347,0.41272430668841764,0.8858381502890174,concordant,concordant,-0.0045418803619420856,-0.0006414415477173918
E02000345,Hackney,3,3,36.00282053518895,28.995613425200965,202.0,231.0,0.2054933875890132,0.2349949135300101,0.0295015259409969,-7.007207109987988,160.0,414.0,628,681,1309,574.0,50.603514132925895,-254.0,25.477707006369428,145.0,435.0,454.0,791.0,1245.0,580.0,50.66265060240964,-290.0,31.938325991189423,200.0,422.0,622.0,64.47669977081742,-222.0,29.368575624082233,313.0,281.0,594.0,70.64497991967872,32.0,39.57016434892541,-181.0,119.0,300.0,-36.0,6.0,0.05913646948374662,6.460618984819995,254.0,-28.0,6.1682801488612995,10.201588724843177,0.479933110367893,0.9136745607333843,0.4940374787052811,0.9429718875502008,concordant,divergent,0.014104368337388096,0.029297326816816516
E02000346,Hackney,1,1,52.96210919632336,47.16933467501491,10.0,3.0,0.0101729399796541,0.0030518819938962,-0.0071210579857578,-5.792774521308452,348.0,0.0,506,640,1146,348.0,0.0,348.0,68.77470355731225,786.0,0.0,1078.0,1010.0,2088.0,786.0,0.0,786.0,72.91280148423006,387.0,0.0,387.0,0.0,387.0,60.46875000000001,752.0,0.0,752.0,0.0,752.0,74.45544554455445,874.0,874.0,0.0,438.0,438.0,0.0,4.138097926917808,365.0,365.0,0.0,13.986695544554443,0.47346938775510206,0.6413612565445026,0.5110533159947984,0.7365900383141762,concordant,concordant,0.03758392823969636,0.09522878176967364
E02000347,Hackney,2,3,40.26683882855706,28.999221284954935,131.0,230.0,0.1332655137334689,0.2339776195320447,0.1007121057985757,-11.267617543602128,275.0,168.0,544,678,1222,443.0,37.806873977086745,107.0,50.55147058823529,295.0,169.0,504.0,622.0,1126.0,464.0,44.27619893428064,126.0,58.53174603174603,326.0,156.0,482.0,41.61702127659574,170.0,48.08259587020649,320.0,128.0,448.0,36.37655417406749,192.0,51.446945337620576,-28.0,213.0,241.0,19.0,21.0,6.469324957193898,7.980275443510742,22.0,-34.0,-5.24046710252825,3.364349467414087,0.4789189189189189,0.7569558101472995,0.5087719298245614,0.8099467140319716,concordant,concordant,0.02985301090564252,0.05299090388467209
E02000348,Hackney,1,2,43.1787800135468,33.21411143021252,86.0,119.0,0.0874872838250254,0.121057985757884,0.0335707019328585,-9.96466858333428,423.0,0.0,632,797,1429,423.0,0.0,423.0,66.93037974683544,337.0,0.0,421.0,623.0,1044.0,337.0,0.0,337.0,80.04750593824228,556.0,0.0,556.0,0.0,556.0,69.76160602258469,428.0,0.0,428.0,0.0,428.0,68.69983948635634,133.0,276.0,143.0,-86.0,-86.0,0.0,13.11712619140684,-128.0,-128.0,0.0,-1.0617665362283475,0.432073544433095,0.6850944716585025,0.44052287581699345,0.7327586206896551,concordant,concordant,0.008449331383898473,0.04766414903115268
E02000350,Hackney,4,4,31.046107553146708,24.30656054300436,335.0,381.0,0.340793489318413,0.387589013224822,0.0467955239064089,-6.739547010142349,161.0,891.0,1087,1160,2247,1052.0,63.8411214953271,-730.0,14.811407543698252,201.0,782.0,1101.0,1077.0,2178.0,983.0,72.16804407713498,-581.0,18.256130790190735,173.0,733.0,906.0,56.434801958166446,-560.0,14.913793103448276,168.0,738.0,906.0,56.925619834710744,-570.0,15.598885793871869,-337.0,293.0,630.0,149.0,-69.0,8.326922581807878,3.444723246492483,-10.0,0.0,0.4908178765442983,0.685092690423593,0.5372829417773238,0.8713840676457499,0.5203811540497618,0.8673094582185491,concordant,concordant,-0.016901787727562012,-0.004074609427200837
E02000351,Hackney,3,4,35.83492944151121,27.087761951219512,203.0,299.0,0.2065106815869786,0.3041709053916582,0.0976602238046795,-8.747167490291694,644.0,470.0,1388,1381,2769,1114.0,109.3102202961358,174.0,46.39769452449568,543.0,608.0,1292.0,1393.0,2685.0,1151.0,122.9586592178771,-65.0,42.027863777089784,720.0,534.0,1254.0,138.85157096424703,186.0,52.13613323678494,615.0,543.0,1158.0,124.37430167597763,72.0,44.14931801866475,-180.0,462.0,642.0,-239.0,37.0,13.648438921741302,-4.369830747405892,-114.0,-96.0,-14.477269288269397,-7.986815218120192,0.4704391891891892,0.8551823763091368,0.4984841922910351,0.8599627560521416,concordant,divergent,0.028045003101845878,0.004780379743004715
E02000352,Hackney,2,4,36.391342984163884,26.09956461286805,196.0,331.0,0.1993896236012207,0.3367243133265514,0.1373346897253306,-10.291778371295834,391.0,156.0,816,643,1459,547.0,41.8067169294037,235.0,47.91666666666667,324.0,131.0,632.0,637.0,1269.0,455.0,33.4468085106383,193.0,51.26582278481012,294.0,212.0,506.0,42.71967100753941,82.0,45.72317262830482,348.0,158.0,506.0,43.328605200945624,190.0,54.631083202511775,-140.0,191.0,331.0,-42.0,-92.0,-8.3599084187654,3.3491561181434477,108.0,0.0,0.6089341934062134,8.907910574206952,0.5194681861348528,0.7217272104180946,0.47346514047866806,0.7572892040977147,concordant,concordant,-0.04600304565618474,0.035561993679620096
E02000353,Hackney,4,5,31.078615128435658,23.555051141885325,334.0,401.0,0.3397761953204476,0.4079348931841302,0.0681586978636826,-7.523563986550329,243.0,672.0,1034,1041,2075,915.0,78.69686746987952,-429.0,23.500967117988395,191.0,640.0,927.0,987.0,1914.0,831.0,63.8662486938349,-449.0,20.604099244875947,193.0,645.0,838.0,59.99277108433735,-452.0,18.539865513928913,185.0,596.0,781.0,57.60710553814002,-411.0,18.74366767983789,-598.0,146.0,744.0,-20.0,-84.0,-14.830618776044624,-2.8968678731124484,41.0,-57.0,-2.3856655461973304,0.2038021659089786,0.5219623502567028,0.8448192771084337,0.5155086848635235,0.8422152560083594,concordant,concordant,-0.006453665393179264,-0.002604021100074294
E02000354,Hackney,1,1,50.85291586866291,34.86709130724555,17.0,80.0,0.017293997965412,0.0813835198372329,0.0640895218718209,-15.98582456141736,778.0,0.0,1165,1103,2268,778.0,0.0,778.0,66.78111587982832,680.0,0.0,934.0,1179.0,2113.0,680.0,0.0,680.0,72.80513918629549,782.0,0.0,782.0,0.0,782.0,70.89755213055304,857.0,0.0,857.0,0.0,857.0,72.68871925360475,731.0,731.0,0.0,-98.0,-98.0,0.0,6.024023306467171,75.0,75.0,0.0,1.7911671230517072,0.4987179487179487,0.6878306878306878,0.4424202992843201,0.7274017983909133,concordant,concordant,-0.05629764943362864,0.03957111056022555
E02000355,Hackney,2,3,38.41368870005893,28.735513864628825,159.0,241.0,0.1617497456765005,0.2451678535096643,0.0834181078331638,-9.678174835430102,375.0,408.0,1029,956,1985,783.0,77.07808564231738,-33.0,36.44314868804665,289.0,346.0,831.0,1001.0,1832.0,635.0,54.58187772925764,-57.0,34.777376654632974,323.0,415.0,738.0,67.52896725440806,-92.0,33.78661087866109,399.0,326.0,725.0,71.00109170305677,73.0,39.86013986013986,-186.0,277.0,463.0,-24.0,-148.0,-22.496207913059735,-1.665772033413674,165.0,-13.0,3.4721244486487137,6.073528981478773,0.514792899408284,0.7662468513853904,0.46691176470588236,0.74235807860262,concordant,divergent,-0.04788113470240163,-0.02388877278277035
E02000356,Hackney,4,4,30.12409869044378,23.85055364399892,361.0,390.0,0.3672431332655137,0.3967446592065107,0.0295015259409969,-6.2735450464448625,156.0,526.0,882,811,1693,682.0,48.46780862374483,-370.0,17.687074829931973,212.0,578.0,853.0,837.0,1690.0,790.0,72.50650887573964,-366.0,24.85345838218054,175.0,604.0,779.0,62.43354991139988,-429.0,21.57829839704069,157.0,518.0,675.0,48.12189349112426,-361.0,18.75746714456392,-131.0,315.0,446.0,4.0,108.0,24.03870025199481,7.166383552248568,68.0,-104.0,-14.311656420275618,-2.820831252476772,0.4668035592060233,0.8629651506202008,0.5392491467576792,0.8668639053254438,concordant,concordant,0.07244558755165592,0.003898754705242924
E02000357,Hackney,1,1,45.66032814639533,43.06423223030123,54.0,9.0,0.0549338758901322,0.0091556459816887,-0.0457782299084435,-2.596095916094093,196.0,0.0,392,532,924,196.0,0.0,196.0,50.0,250.0,0.0,386.0,456.0,842.0,250.0,0.0,250.0,64.76683937823834,298.0,0.0,298.0,0.0,298.0,56.01503759398496,304.0,0.0,304.0,0.0,304.0,66.66666666666666,273.0,273.0,0.0,54.0,54.0,0.0,14.766839378238345,6.0,6.0,0.0,10.6516290726817,0.3967611336032389,0.5346320346320347,0.45126353790613716,0.6579572446555819,concordant,concordant,0.054502404302898266,0.12332521002354724
E02000358,Hackney,2,2,41.26033902875746,32.00512557702171,119.0,150.0,0.121057985757884,0.1525940996948118,0.0315361139369277,-9.255213451735749,694.0,441.0,1463,1489,2952,1135.0,103.67682926829268,253.0,47.43677375256323,592.0,392.0,1283.0,1300.0,2583.0,984.0,89.84281842818429,200.0,46.14185502727982,725.0,421.0,1146.0,103.3960027100271,304.0,48.69039623908664,602.0,364.0,966.0,84.83468834688347,238.0,46.30769230769231,504.0,776.0,272.0,-53.0,-151.0,-13.834010840108391,-1.2949187252834093,-66.0,-180.0,-18.561314363143637,-2.3827039313943317,0.4975887768522578,0.7726964769647696,0.5046153846153846,0.7549361207897793,concordant,concordant,0.007026607763126802,-0.017760356174990277
E02000359,Hackney,2,2,38.15224604923264,30.71862104172832,163.0,183.0,0.1658189216683621,0.1861648016276704,0.0203458799593082,-7.433625007504318,226.0,301.0,726,737,1463,527.0,46.49760765550239,-75.0,31.129476584022036,234.0,283.0,658.0,794.0,1452.0,517.0,45.60743801652893,-49.0,35.56231003039514,233.0,313.0,546.0,49.84894053315106,-80.0,31.614654002713703,317.0,267.0,584.0,58.29132231404959,50.0,39.92443324937028,92.0,308.0,216.0,26.0,-10.0,-0.890169638973461,4.4328334463731025,130.0,38.0,8.442381780898529,8.309779246656579,0.4911463187325256,0.7334244702665755,0.4695731153496821,0.7582644628099173,concordant,divergent,-0.02157320338284352,0.024839992543341793
E02000360,Hackney,1,1,49.5551619261424,36.47772832221652,26.0,55.0,0.0264496439471007,0.0559511698880976,0.0295015259409969,-13.077433603925884,761.0,0.0,1155,1181,2336,761.0,0.0,761.0,65.88744588744588,627.0,0.0,940.0,1086.0,2026.0,627.0,0.0,627.0,66.70212765957447,750.0,0.0,750.0,0.0,750.0,63.50550381033023,725.0,0.0,725.0,0.0,725.0,66.75874769797421,739.0,739.0,0.0,-134.0,-134.0,0.0,0.8146817721285942,-25.0,-25.0,0.0,3.2532438876439826,0.5036399735274653,0.646832191780822,0.46375739644970415,0.667324777887463,concordant,concordant,-0.039882577077761105,0.020492586106641064
E02000361,Hackney,1,2,44.982477977748694,33.019894332939785,67.0,124.0,0.0681586978636826,0.126144455747711,0.0579857578840284,-11.962583644808907,680.0,0.0,1058,1024,2082,680.0,0.0,680.0,64.27221172022685,807.0,0.0,1168.0,1203.0,2371.0,807.0,0.0,807.0,69.09246575342466,690.0,0.0,690.0,0.0,690.0,67.3828125,839.0,0.0,839.0,0.0,839.0,69.74231088944306,365.0,672.0,307.0,127.0,127.0,0.0,4.820254033197813,149.0,149.0,0.0,2.3594983894430612,0.49635036496350365,0.6580211335254563,0.49027946537059536,0.6942218473218051,concordant,concordant,-0.0060708995929082965,0.036200713796348816
E02000362,Hackney,1,1,52.62552788621719,42.2926722417428,12.0,11.0,0.0122075279755849,0.0111902339776195,-0.0010172939979654,-10.332855644474392,452.0,0.0,724,604,1328,452.0,0.0,452.0,62.430939226519335,505.0,0.0,771.0,712.0,1483.0,505.0,0.0,505.0,65.49935149156939,378.0,0.0,378.0,0.0,378.0,62.58278145695364,475.0,0.0,475.0,0.0,475.0,66.71348314606742,608.0,608.0,0.0,53.0,53.0,0.0,3.06841226505005,97.0,97.0,0.0,4.130701689113778,0.5445783132530121,0.625,0.5153061224489796,0.6608226567768037,concordant,concordant,-0.02927219080403254,0.03582265677680374
E02000363,Hackney,1,1,53.099016996772704,42.04983381974249,8.0,12.0,0.0081383519837232,0.0122075279755849,0.0040691759918616,-11.049183177030216,504.0,0.0,930,1047,1977,504.0,0.0,504.0,54.19354838709678,620.0,0.0,1061.0,903.0,1964.0,620.0,0.0,620.0,58.435438265787,591.0,0.0,591.0,0.0,591.0,56.446991404011456,532.0,0.0,532.0,0.0,532.0,58.91472868217055,772.0,772.0,0.0,116.0,116.0,0.0,4.241889878690216,-59.0,-59.0,0.0,2.467737278159092,0.4602739726027397,0.5538694992412747,0.5381944444444444,0.5865580448065173,concordant,concordant,0.0779204718417047,0.03268854556524259
E02000364,Hackney,2,3,41.00117891169504,27.97226360338573,123.0,264.0,0.1251271617497456,0.2685656154628688,0.1434384537131231,-13.028915308309312,562.0,334.0,1327,1021,2348,896.0,79.94378194207836,228.0,42.35116804822909,396.0,351.0,939.0,1072.0,2011.0,747.0,69.1178518150174,45.0,42.17252396166134,411.0,456.0,867.0,79.81942078364565,-45.0,40.25465230166503,454.0,298.0,752.0,67.27598209845848,156.0,42.350746268656714,-95.0,393.0,488.0,-183.0,-149.0,-10.825930127060957,-0.17864408656775055,201.0,-115.0,-12.54343868518717,2.096093966991681,0.5082246171298922,0.7508517887563884,0.4983322214809873,0.7454002983590253,divergent,concordant,-0.009892395648904873,-0.005451490397363035
E02000365,Hackney,3,3,35.409901002830566,29.748566519224227,216.0,208.0,0.2197355035605289,0.2115971515768057,-0.0081383519837232,-5.661334483606339,602.0,973.0,1768,1705,3473,1575.0,168.65706881658508,-371.0,34.04977375565611,0.0,0.0,0.0,0.0,0.0,0.0,0.0,0.0,0.0,533.0,981.0,1514.0,150.55369997120644,-448.0,31.26099706744868,0.0,0.0,0.0,0.0,0.0,0.0,0.0,0.0,0.0,371.0,-1575.0,-168.65706881658508,-34.04977375565611,448.0,-1514.0,-150.55369997120644,-31.26099706744868,0.5098737455487212,0.8894327670601785,0.5,0.0,concordant,zero,-0.009873745548721224,-0.8894327670601785
E02000366,Hackney,1,1,43.76929675828048,34.18647836512262,80.0,95.0,0.0813835198372329,0.0966429298067141,0.0152594099694811,-9.582818393157858,434.0,0.0,803,811,1614,434.0,0.0,434.0,54.04732254047323,444.0,0.0,680.0,702.0,1382.0,444.0,0.0,444.0,65.29411764705883,492.0,0.0,492.0,0.0,492.0,60.66584463625154,454.0,0.0,454.0,0.0,454.0,64.67236467236467,533.0,533.0,0.0,10.0,10.0,0.0,11.246795106585594,-38.0,-38.0,0.0,4.006520036113123,0.468682505399568,0.573729863692689,0.49443207126948774,0.6497829232995659,concordant,concordant,0.02574956586991972,0.07605305960687692
E02000367,Hackney,2,2,40.32211571800367,31.86222479489517,128.0,154.0,0.1302136317395727,0.1566632756866734,0.0264496439471007,-8.459890923108507,494.0,470.0,1285,1212,2497,964.0,92.98358029635564,24.0,38.44357976653697,607.0,473.0,1344.0,1356.0,2700.0,1080.0,106.3374074074074,134.0,45.163690476190474,473.0,543.0,1016.0,102.8590308370044,-70.0,39.026402640264024,523.0,462.0,985.0,89.49111111111111,61.0,38.56932153392331,429.0,756.0,327.0,110.0,116.0,13.353827111051757,6.720110709653504,131.0,-31.0,-13.367919725893287,-0.4570811063407163,0.4868686868686869,0.7929515418502202,0.5230024213075061,0.7648148148148148,divergent,concordant,0.036133734438819176,-0.028136727035405373
E02000368,Hackney,1,1,50.49459584356147,37.53115089163238,21.0,48.0,0.0213631739572736,0.0488301119023397,0.0274669379450661,-12.963444951929093,567.0,0.0,967,921,1888,567.0,0.0,567.0,58.63495346432265,575.0,0.0,884.0,886.0,1770.0,575.0,0.0,575.0,65.04524886877829,577.0,0.0,577.0,0.0,577.0,62.64929424538545,635.0,0.0,635.0,0.0,635.0,71.6704288939052,676.0,676.0,0.0,8.0,8.0,0.0,6.410295404455638,58.0,58.0,0.0,9.021134648519748,0.4956293706293706,0.6059322033898306,0.47520661157024796,0.6836158192090396,concordant,concordant,-0.020422759059122664,0.07768361581920902
E02000369,Hackney,1,1,47.50930526651717,34.93833780442113,38.0,78.0,0.0386571719226856,0.0793489318413021,0.0406917599186164,-12.570967462096036,818.0,0.0,1221,1310,2531,818.0,0.0,818.0,66.994266994267,1019.0,0.0,1395.0,1483.0,2878.0,1019.0,0.0,1019.0,73.04659498207884,876.0,0.0,876.0,0.0,876.0,66.87022900763358,1080.0,0.0,1080.0,0.0,1080.0,72.82535401213755,1185.0,1185.0,0.0,201.0,201.0,0.0,6.05232798781185,204.0,204.0,0.0,5.955125004503969,0.48288075560802834,0.6693006716712762,0.48546927108146737,0.7293259207783183,concordant,concordant,0.0025885154734390237,0.0600252491070421
E02000370,Hackney,1,2,47.87427375015058,32.319589783978394,34.0,141.0,0.034587995930824,0.143438453713123,0.108850457782299,-15.554683966172185,583.0,0.0,804,834,1638,583.0,0.0,583.0,72.51243781094527,795.0,0.0,1007.0,860.0,1867.0,795.0,0.0,795.0,78.94736842105263,618.0,0.0,618.0,0.0,618.0,74.10071942446042,666.0,0.0,666.0,0.0,666.0,77.44186046511628,536.0,664.0,128.0,212.0,212.0,0.0,6.434930610107358,48.0,48.0,0.0,3.341141040655856,0.48542880932556204,0.7332112332112332,0.5441478439425051,0.7825388323513658,concordant,concordant,0.05871903461694311,0.04932759914013263
E02000371,Hackney,1,3,55.41682451982651,29.41761959430906,4.0,219.0,0.0040691759918616,0.2227873855544252,0.2187182095625635,-25.999204925517457,1249.0,0.0,1800,2302,4102,1249.0,0.0,1249.0,69.38888888888889,0.0,0.0,0.0,0.0,0.0,0.0,0.0,0.0,0.0,1639.0,0.0,1639.0,0.0,1639.0,71.1989574283232,0.0,0.0,0.0,0.0,0.0,0.0,0.0,0.0,0.0,-1249.0,-1249.0,0.0,-69.38888888888889,-1639.0,-1639.0,0.0,-71.1989574283232,0.4324792243767313,0.7040468064358849,0.5,0.0,concordant,zero,0.06752077562326869,-0.7040468064358849
E02000372,Hammersmith and Fulham,2,2,40.1093214506812,31.85196263832584,134.0,155.0,0.1363173957273652,0.1576805696846388,0.0213631739572736,-8.25735881235536,806.0,98.0,1053,950,2003,904.0,39.43484772840739,708.0,76.5432098765432,867.0,169.0,1129.0,1229.0,2358.0,1036.0,62.13867684478372,698.0,76.79362267493357,795.0,122.0,917.0,48.42236645032451,673.0,83.6842105263158,926.0,136.0,1062.0,53.40797285835454,790.0,75.34580960130187,687.0,845.0,158.0,-10.0,132.0,22.703829116376326,0.25041279839037145,117.0,145.0,4.98560640803003,-8.338400925013929,0.4964305326743548,0.909136295556665,0.4938036224976168,0.8897370653095844,concordant,concordant,-0.0026269101767379954,-0.019399230247080568
E02000373,Hammersmith and Fulham,1,1,45.17235415440072,39.21332851333032,65.0,32.0,0.0661241098677517,0.0325534079348931,-0.0335707019328585,-5.959025641070404,552.0,0.0,582,618,1200,552.0,0.0,552.0,94.84536082474226,439.0,0.0,468.0,504.0,972.0,439.0,0.0,439.0,93.8034188034188,572.0,0.0,572.0,0.0,572.0,92.55663430420712,469.0,0.0,469.0,0.0,469.0,93.05555555555556,412.0,412.0,0.0,-113.0,-113.0,0.0,-1.0419420213234645,-103.0,-103.0,0.0,0.4989212513484347,0.49110320284697506,0.9366666666666666,0.4834801762114537,0.934156378600823,concordant,concordant,-0.007623026635521335,-0.0025102880658436355
E02000374,Hammersmith and Fulham,5,3,27.949637899272023,27.84842760791367,411.0,268.0,0.4181078331637843,0.2726347914547304,-0.1454730417090539,-0.1012102913583525,283.0,402.0,724,820,1544,685.0,73.68264248704664,-119.0,39.08839779005525,238.0,452.0,686.0,904.0,1590.0,690.0,67.65786163522013,-214.0,34.69387755102041,341.0,363.0,704.0,80.17033678756476,-22.0,41.58536585365854,327.0,394.0,721.0,81.03018867924528,-67.0,36.17256637168141,121.0,356.0,235.0,-95.0,5.0,-6.024780851826506,-4.39452023903484,-45.0,17.0,0.8598518916805205,-5.412799481977125,0.4931605471562275,0.8996113989637305,0.4890148830616584,0.8874213836477988,concordant,concordant,-0.004145664094569068,-0.01219001531593178
E02000375,Hammersmith and Fulham,3,2,33.71317966420034,31.148660008684324,267.0,173.0,0.271617497456765,0.1759918616480162,-0.0956256358087487,-2.5645196555160155,578.0,237.0,850,1059,1909,815.0,71.7579884756417,341.0,68.0,561.0,206.0,900.0,986.0,1886.0,767.0,61.27571580063627,355.0,62.33333333333333,647.0,169.0,816.0,57.27763226820325,478.0,61.095372993389994,636.0,234.0,870.0,78.90986214209968,402.0,64.50304259634888,579.0,650.0,71.0,14.0,-48.0,-10.482272675005426,-5.666666666666671,-76.0,54.0,21.632229873896435,3.407669602958883,0.4996934396076027,0.8543740178103719,0.468540012217471,0.8679745493107105,concordant,concordant,-0.031153427390131716,0.013600531500338575
E02000376,Hammersmith and Fulham,2,2,36.46607060882141,30.261164242071576,193.0,196.0,0.1963377416073245,0.1993896236012207,0.0030518819938962,-6.204906366749828,786.0,91.0,937,1088,2025,877.0,35.321481481481484,695.0,83.88473852721452,747.0,110.0,965.0,1124.0,2089.0,857.0,39.3346098611776,637.0,77.40932642487046,925.0,81.0,1006.0,37.0,844.0,85.01838235294117,895.0,96.0,991.0,41.12972714217329,799.0,79.62633451957295,528.0,679.0,151.0,-58.0,-20.0,4.013128379696113,-6.475412102344066,-45.0,-15.0,4.129727142173287,-5.392047833368224,0.46574614976101963,0.9298765432098766,0.46374458874458874,0.8846337960746768,concordant,concordant,-0.0020015610164308972,-0.04524274713519971
E02000377,Hammersmith and Fulham,3,3,33.67802338597136,28.286956117515807,268.0,253.0,0.2726347914547304,0.2573753814852492,-0.0152594099694811,-5.391067268455551,685.0,211.0,1030,1104,2134,896.0,67.72961574507966,474.0,66.50485436893204,603.0,170.0,902.0,1066.0,1968.0,773.0,52.08841463414634,433.0,66.85144124168514,750.0,201.0,951.0,70.64198687910029,549.0,67.93478260869566,744.0,172.0,916.0,65.02439024390245,572.0,69.7936210131332,372.0,600.0,228.0,-41.0,-123.0,-15.641201110933316,0.3465868727530932,23.0,-35.0,-5.617596635197842,1.8588384044375488,0.4851109907958852,0.8655107778819119,0.4576672587329781,0.8582317073170732,concordant,concordant,-0.027443732062907122,-0.007279070564838674
E02000378,Hammersmith and Fulham,4,5,28.716140857055404,23.67004650803461,387.0,395.0,0.3936927772126144,0.4018311291963377,0.0081383519837233,-5.046094349020795,526.0,356.0,811,963,1774,882.0,105.55580608793689,170.0,64.85819975339088,518.0,346.0,910.0,983.0,1893.0,864.0,94.67934495509772,172.0,56.92307692307692,546.0,242.0,788.0,74.4825253664036,304.0,56.69781931464174,577.0,324.0,901.0,98.75752773375596,253.0,58.697863682604265,20.0,435.0,415.0,2.0,-18.0,-10.876461132839168,-7.935122830313958,-51.0,113.0,24.275002367352357,2.0000443679625235,0.5281437125748503,0.9413754227733935,0.48951841359773374,0.9323824617010037,concordant,concordant,-0.03862529897711653,-0.008992961072389782
E02000379,Hammersmith and Fulham,6,6,23.287407983115685,19.271693340284113,523.0,567.0,0.5320447609359105,0.5768056968463886,0.0447609359104781,-4.015714642831572,317.0,401.0,1142,766,1908,718.0,66.62316561844864,-84.0,27.75831873905429,223.0,336.0,664.0,686.0,1350.0,559.0,55.50222222222222,-113.0,33.58433734939759,276.0,707.0,983.0,102.27044025157232,-431.0,36.0313315926893,287.0,351.0,638.0,74.62,-64.0,41.83673469387755,-26.0,280.0,306.0,-29.0,-159.0,-11.120943396226416,5.826018610343304,367.0,-345.0,-27.65044025157232,5.805403101188254,0.42210464432686656,0.8915094339622641,0.467000835421888,0.8866666666666667,concordant,concordant,0.044896191095021465,-0.0048427672955974055
E02000380,Hammersmith and Fulham,6,7,21.81896561316732,17.501367217062263,572.0,612.0,0.5818921668362157,0.6225839267548321,0.0406917599186164,-4.317598396105058,313.0,425.0,753,729,1482,738.0,89.76045883940621,-112.0,41.56706507304117,142.0,325.0,597.0,597.0,1194.0,467.0,38.651591289782246,-183.0,23.785594639866,199.0,358.0,557.0,48.071524966261805,-159.0,27.29766803840878,190.0,361.0,551.0,57.44556113902848,-171.0,31.825795644891127,-272.0,115.0,387.0,-71.0,-271.0,-51.108867549623966,-17.78147043317517,-12.0,-6.0,9.374036172766672,4.528127606482347,0.5698841698841699,0.8738191632928475,0.4587426326129666,0.8525963149078727,concordant,concordant,-0.1111415372712033,-0.02122284838497479
E02000381,Hammersmith and Fulham,5,6,24.02875187821833,20.110977892695537,490.0,534.0,0.4984740590030518,0.54323499491353,0.0447609359104781,-3.9177739855227927,571.0,435.0,1070,1105,2175,1006.0,114.2,136.0,53.364485981308405,436.0,362.0,843.0,908.0,1751.0,798.0,90.13820673900628,74.0,51.72004744958482,556.0,382.0,938.0,97.65149425287356,174.0,50.31674208144796,441.0,334.0,775.0,84.11993146773273,107.0,48.56828193832599,-56.0,386.0,442.0,-62.0,-208.0,-24.061793260993724,-1.644438531723587,-67.0,-163.0,-13.531562785140835,-1.7484601431219744,0.5174897119341564,0.8937931034482759,0.5073108709472346,0.8983438035408338,concordant,concordant,-0.010178840986921789,0.004550700092557869
E02000382,Hammersmith and Fulham,3,5,32.548242678774116,21.62350389071416,293.0,472.0,0.2980671414038657,0.4801627670396745,0.1820956256358087,-10.924738788059956,575.0,146.0,767,904,1671,721.0,50.2393776181927,429.0,74.96740547588006,545.0,90.0,744.0,711.0,1455.0,635.0,33.71134020618557,455.0,73.25268817204301,628.0,89.0,717.0,33.44823459006583,539.0,69.46902654867256,541.0,91.0,632.0,33.83573883161512,450.0,76.09001406469761,224.0,424.0,200.0,26.0,-86.0,-16.52803741200713,-1.7147173038370482,-89.0,-85.0,0.3875042415492871,6.620987516025053,0.5013908205841446,0.8605625374027528,0.5011838989739542,0.8707903780068729,concordant,concordant,-0.00020692161019042477,0.010227840604120075
E02000383,Hammersmith and Fulham,6,7,22.857693903731978,17.56270871783737,538.0,608.0,0.5473041709053916,0.6185147507629705,0.0712105798575788,-5.294985185894607,547.0,659.0,1292,1321,2613,1206.0,137.95369307309605,-112.0,42.3374613003096,303.0,585.0,1140.0,1172.0,2312.0,888.0,76.6673875432526,-282.0,26.57894736842105,482.0,548.0,1030.0,101.08534251817834,-66.0,36.48750946252839,403.0,652.0,1055.0,113.64878892733564,-249.0,34.38566552901024,-421.0,233.0,654.0,-170.0,-318.0,-61.286305529843446,-15.758513931888547,-183.0,25.0,12.563446409157308,-2.101843933518147,0.539355992844365,0.8557213930348259,0.4570252187339166,0.8403979238754326,concordant,concordant,-0.08233077411044837,-0.01532346915939331
E02000384,Hammersmith and Fulham,3,2,33.94453740846995,32.95610309278351,258.0,126.0,0.2624618514750763,0.1281790437436419,-0.1342828077314343,-0.9884343156864404,715.0,148.0,985,1017,2002,863.0,52.857142857142854,567.0,72.58883248730965,852.0,135.0,1148.0,988.0,2136.0,987.0,53.848314606741575,717.0,74.21602787456446,721.0,132.0,853.0,47.53846153846154,589.0,70.89478859390364,721.0,164.0,885.0,55.35767790262173,557.0,72.97570850202429,898.0,956.0,58.0,150.0,124.0,0.9911717495987205,1.6271953872548153,-32.0,32.0,7.819216364160191,2.0809199081206486,0.502913752913753,0.8571428571428571,0.5272435897435898,0.8764044943820225,concordant,concordant,0.024329836829836804,0.019261637239165408
E02000385,Hammersmith and Fulham,6,7,21.49848176079195,17.250843427620634,577.0,620.0,0.5869786368260427,0.6307222787385555,0.0437436419125127,-4.24763833317132,413.0,472.0,983,1053,2036,885.0,95.74459724950884,-59.0,42.01424211597152,320.0,505.0,996.0,1084.0,2080.0,825.0,77.6923076923077,-185.0,32.1285140562249,386.0,392.0,778.0,74.31827111984283,-6.0,36.65716999050333,393.0,521.0,914.0,98.4389423076923,-128.0,36.25461254612546,-338.0,255.0,593.0,-126.0,-60.0,-18.05228955720115,-9.885728059746619,-122.0,136.0,24.120671187849467,-0.40255744437786944,0.5321707757065545,0.8167976424361493,0.4744105807935595,0.8360576923076923,concordant,concordant,-0.057760194912994944,0.01926004987154306
E02000386,Hammersmith and Fulham,3,2,35.22844183259586,30.904684308148884,219.0,179.0,0.2227873855544252,0.1820956256358087,-0.0406917599186164,-4.323757524446979,714.0,126.0,889,1047,1936,840.0,46.46900826446281,588.0,80.31496062992126,677.0,111.0,909.0,960.0,1869.0,788.0,40.20706260032103,566.0,74.47744774477447,813.0,83.0,896.0,34.854855371900825,730.0,77.65042979942693,741.0,137.0,878.0,54.31621187800963,604.0,77.1875,707.0,763.0,56.0,-22.0,-52.0,-6.261945664141777,-5.8375128851467935,-126.0,-18.0,19.461356506108807,-0.4629297994269308,0.4838709677419355,0.8966942148760331,0.4729891956782713,0.8913857677902621,concordant,concordant,-0.010881772063664197,-0.00530844708577094
E02000387,Hammersmith and Fulham,5,5,27.740441570471937,22.140879927726676,417.0,452.0,0.4242115971515768,0.4598168870803662,0.0356052899287894,-5.599561642745261,500.0,329.0,904,929,1833,829.0,89.74358974358974,171.0,55.309734513274336,446.0,290.0,871.0,908.0,1779.0,736.0,72.70376616076447,156.0,51.20551090700345,462.0,298.0,760.0,75.10965630114566,164.0,49.730893433799785,503.0,323.0,826.0,91.32602585722316,180.0,55.396475770925115,238.0,501.0,263.0,-15.0,-93.0,-17.039823582825264,-4.104223606270885,16.0,66.0,16.216369556077495,5.665582337125329,0.5217117684078036,0.8668848881614839,0.471190781049936,0.8780213603147836,concordant,concordant,-0.05052098735786764,0.011136472153299715
E02000388,Hammersmith and Fulham,5,6,25.665795541331384,19.704416081375637,458.0,547.0,0.4659206510681587,0.5564598168870803,0.0905391658189216,-5.961379459955747,724.0,292.0,1104,1166,2270,1016.0,93.13127753303964,432.0,65.57971014492753,778.0,329.0,1292.0,1307.0,2599.0,1107.0,98.48480184686416,449.0,60.216718266253864,736.0,259.0,995.0,83.97533039647577,477.0,63.12178387650086,829.0,359.0,1188.0,114.50981146594845,470.0,63.42769701606733,209.0,644.0,435.0,17.0,91.0,5.353524313824522,-5.362991878673668,-7.0,193.0,30.534481069472676,0.3059131395664707,0.5052212829438091,0.8859030837004406,0.4823529411764706,0.8830319353597538,concordant,concordant,-0.022868341767338485,-0.002871148340686802
E02000389,Hammersmith and Fulham,8,9,15.466655147183523,11.327990161545,741.0,815.0,0.7538148524923703,0.8290946083418108,0.0752797558494404,-4.138664985638524,155.0,696.0,1078,1026,2104,851.0,51.27376425855513,-541.0,14.37847866419295,163.0,770.0,1245.0,1051.0,2296.0,933.0,54.66463414634146,-607.0,13.092369477911648,145.0,757.0,902.0,52.16967680608365,-612.0,14.132553606237815,145.0,913.0,1058.0,57.65897212543554,-768.0,13.79638439581351,-763.0,80.0,843.0,-66.0,82.0,3.39086988778633,-1.286109186281303,-156.0,156.0,5.489295319351889,-0.3361692104243055,0.4854535082715345,0.8331749049429658,0.4686087393269714,0.8671602787456446,concordant,concordant,-0.016844768944563104,0.03398537380267885
E02000390,Hammersmith and Fulham,6,6,23.861172298387096,18.475516601101493,496.0,584.0,0.5045778229908443,0.5940996948118006,0.0895218718209562,-5.385655697285603,368.0,491.0,919,1132,2051,859.0,88.09751340809362,-123.0,40.04352557127312,320.0,395.0,908.0,982.0,1890.0,715.0,66.87830687830687,-75.0,35.24229074889868,420.0,344.0,764.0,70.44368600682594,76.0,37.102473498233216,364.0,376.0,740.0,72.41481481481482,-12.0,37.06720977596741,180.0,482.0,302.0,48.0,-144.0,-21.219206529786746,-4.80123482237444,-88.0,-24.0,1.971128807988876,-0.03526372226580321,0.5292667898952557,0.7913213066796685,0.49140893470790376,0.7698412698412699,divergent,concordant,-0.03785785518735191,-0.02148003683839861
E02000391,Hammersmith and Fulham,6,7,23.706305313753393,17.440295185278547,503.0,613.0,0.5116988809766022,0.6236012207527976,0.1119023397761953,-6.266010128474846,399.0,384.0,865,990,1855,783.0,82.59622641509434,15.0,46.127167630057805,373.0,372.0,961.0,925.0,1886.0,745.0,73.57158006362673,1.0,38.81373569198751,347.0,280.0,627.0,52.37735849056604,67.0,35.05050505050505,354.0,344.0,698.0,64.56839872746554,10.0,38.27027027027027,-102.0,326.0,428.0,-14.0,-38.0,-9.02464635146761,-7.313431938070295,-57.0,71.0,12.191040236899497,3.2197652197652147,0.5553191489361702,0.7601078167115903,0.5162855162855163,0.7651113467656415,concordant,concordant,-0.03903363265065385,0.005003530054051186
E02000392,Hammersmith and Fulham,6,7,22.00896198893297,17.88842457381795,563.0,599.0,0.572736520854527,0.6093591047812817,0.0366225839267547,-4.12053741511502,484.0,474.0,1211,1342,2553,958.0,89.86133960047003,10.0,39.96696944673823,491.0,512.0,1289.0,1316.0,2605.0,1003.0,96.50364683301343,-21.0,38.09154383242824,569.0,422.0,991.0,94.05327066196632,147.0,42.399403874813714,517.0,511.0,1028.0,101.41535508637236,6.0,39.285714285714285,-204.0,428.0,632.0,-31.0,45.0,6.642307232543402,-1.8754256143099894,-141.0,37.0,7.362084424406035,-3.1136895890994296,0.49153412006157005,0.7634155895025461,0.4938453963564746,0.7796545105566218,concordant,divergent,0.002311276294904574,0.01623892105407576
E02000393,Hammersmith and Fulham,8,9,16.41308392969657,9.297754901960785,718.0,883.0,0.7304170905391658,0.8982706002034588,0.167853509664293,-7.115329027735784,137.0,623.0,883,956,1839,760.0,46.41163675910821,-486.0,15.51528878822197,106.0,562.0,867.0,852.0,1719.0,668.0,34.65503199534613,-456.0,12.226066897347174,123.0,585.0,708.0,39.127243066884176,-462.0,12.866108786610878,132.0,614.0,746.0,47.14834205933683,-482.0,15.492957746478872,-539.0,65.0,604.0,30.0,-92.0,-11.756604763762084,-3.2892218908747957,-20.0,38.0,8.02109899245265,2.626848959867994,0.5177111716621253,0.7982599238716693,0.4724186704384724,0.8225712623618383,concordant,concordant,-0.045292501223652915,0.024311338490168977
E02000394,Hammersmith and Fulham,5,6,27.32203105022831,19.704611542473057,424.0,546.0,0.4313326551373347,0.555442522889115,0.1241098677517802,-7.617419507755255,587.0,243.0,948,960,1908,830.0,74.75943396226415,344.0,61.9198312236287,752.0,203.0,1256.0,900.0,2156.0,955.0,70.8051948051948,549.0,59.87261146496815,615.0,219.0,834.0,70.58962264150944,396.0,64.0625,603.0,357.0,960.0,99.8474025974026,246.0,67.0,391.0,649.0,258.0,205.0,125.0,-3.9542391570693525,-2.047219758660546,-150.0,126.0,29.25777995589317,2.9375,0.4987980769230769,0.8721174004192872,0.49869451697127937,0.8882189239332097,concordant,concordant,-0.0001035599517975605,0.016101523513922467
E02000395,Hammersmith and Fulham,8,9,14.64093596874475,10.788867529880475,760.0,835.0,0.7731434384537131,0.8494404883011191,0.0762970498474059,-3.852068438864272,97.0,450.0,741,736,1477,547.0,29.55314827352742,-353.0,13.090418353576249,121.0,539.0,740.0,809.0,1549.0,660.0,42.10393802453195,-418.0,16.35135135135135,134.0,504.0,638.0,45.72511848341232,-370.0,18.206521739130434,130.0,500.0,630.0,41.96255648805681,-370.0,16.069221260815823,-531.0,57.0,588.0,-65.0,113.0,12.55078975100453,3.260932997775102,0.0,-8.0,-3.7625619953555045,-2.137300478314611,0.46160337552742614,0.8023019634394042,0.5116279069767442,0.8327953518398967,concordant,concordant,0.050024531449318066,0.030493388400492538
E02000396,Hammersmith and Fulham,6,7,22.724394254485148,18.11127878699092,543.0,591.0,0.5523906408952187,0.6012207527975585,0.0488301119023397,-4.613115467494229,289.0,336.0,704,779,1483,625.0,65.47808496291302,-47.0,41.05113636363637,241.0,277.0,687.0,756.0,1443.0,518.0,46.26264726264726,-36.0,35.08005822416303,279.0,255.0,534.0,47.97370195549561,24.0,35.815147625160456,273.0,270.0,543.0,51.08108108108108,3.0,36.11111111111111,-122.0,214.0,336.0,11.0,-107.0,-19.215437700265753,-5.9710781394733345,-21.0,9.0,3.1073791255854672,0.2959634859506508,0.5392579810181191,0.7815239379635873,0.4882186616399623,0.7352737352737353,divergent,divergent,-0.051039319378156756,-0.04625020268985203
E02000397,Haringey,3,4,34.33681337939859,26.154820830824807,247.0,326.0,0.2512716174974567,0.3316378433367243,0.0803662258392675,-8.181992548573785,452.0,304.0,1001,909,1910,756.0,71.9413612565445,148.0,45.154845154845155,415.0,284.0,813.0,899.0,1712.0,699.0,68.84345794392523,131.0,51.04551045510455,519.0,414.0,933.0,112.49528795811518,105.0,57.0957095709571,513.0,304.0,817.0,91.09345794392524,209.0,57.063403781979986,57.0,372.0,315.0,-17.0,-57.0,-3.097903312619266,5.890665300259393,104.0,-116.0,-21.40183001418994,-0.032305788977112115,0.44760213143872113,0.8842931937172774,0.46108179419525064,0.8855140186915887,concordant,concordant,0.013479662756529509,0.0012208249743113075
E02000398,Haringey,1,1,52.991245678787024,49.73926438589592,9.0,1.0,0.0091556459816887,0.0010172939979654,-0.0081383519837232,-3.2519812928911023,426.0,0.0,793,753,1546,426.0,0.0,426.0,53.72005044136192,315.0,0.0,512.0,700.0,1212.0,315.0,0.0,315.0,61.5234375,428.0,0.0,428.0,0.0,428.0,56.83930942895087,476.0,0.0,476.0,0.0,476.0,68.0,301.0,301.0,0.0,-111.0,-111.0,0.0,7.80338705863808,48.0,48.0,0.0,11.16069057104913,0.49882903981264637,0.5523932729624839,0.39823008849557523,0.6526402640264026,concordant,concordant,-0.10059895131707114,0.10024699106391877
E02000400,Haringey,4,5,29.15588871804903,21.73250910636231,381.0,465.0,0.387589013224822,0.4730417090539165,0.0854526958290946,-7.423379611686723,307.0,315.0,748,736,1484,622.0,65.16509433962264,-8.0,41.0427807486631,290.0,276.0,625.0,685.0,1310.0,566.0,61.099236641221374,14.0,46.400000000000006,350.0,382.0,732.0,90.09433962264151,-32.0,47.55434782608695,349.0,262.0,611.0,69.8,87.0,50.948905109489054,-63.0,268.0,331.0,22.0,-56.0,-4.065857698401267,5.3572192513369075,119.0,-121.0,-20.294339622641516,3.3945572834021007,0.45937961595273263,0.9123989218328841,0.48088360237892946,0.898473282442748,concordant,concordant,0.02150398642619683,-0.013925639390136024
E02000401,Haringey,1,1,47.120221287496285,43.1129188879335,40.0,8.0,0.0406917599186164,0.0081383519837232,-0.0325534079348931,-4.007302399562782,283.0,0.0,496,528,1024,283.0,0.0,283.0,57.056451612903224,327.0,0.0,487.0,381.0,868.0,327.0,0.0,327.0,67.14579055441479,382.0,0.0,382.0,0.0,382.0,72.34848484848484,291.0,0.0,291.0,0.0,291.0,76.37795275590551,341.0,341.0,0.0,44.0,44.0,0.0,10.089338941511564,-91.0,-91.0,0.0,4.029467907420667,0.4255639097744361,0.6494140625,0.529126213592233,0.7119815668202765,concordant,concordant,0.10356230381779691,0.06256750432027647
E02000402,Haringey,1,1,52.913019351948634,41.390514294222754,11.0,15.0,0.0111902339776195,0.0152594099694811,0.0040691759918616,-11.52250505772588,365.0,0.0,576,574,1150,365.0,0.0,365.0,63.36805555555556,285.0,0.0,412.0,586.0,998.0,285.0,0.0,285.0,69.1747572815534,355.0,0.0,355.0,0.0,355.0,61.846689895470384,394.0,0.0,394.0,0.0,394.0,67.23549488054607,259.0,259.0,0.0,-80.0,-80.0,0.0,5.80670172599784,39.0,39.0,0.0,5.388804985075687,0.5069444444444444,0.6260869565217392,0.41973490427098675,0.6803607214428857,concordant,concordant,-0.08720954017345767,0.05427376492114655
E02000403,Haringey,3,4,35.738222944853455,25.146772575679837,207.0,355.0,0.2105798575788403,0.3611393692777213,0.150559511698881,-10.591450369173618,419.0,432.0,1123,1118,2241,851.0,80.7710843373494,-13.0,37.31077471059662,364.0,357.0,805.0,859.0,1664.0,721.0,78.09375,7.0,45.21739130434783,515.0,560.0,1075.0,128.6925479696564,-45.0,46.06440071556351,410.0,334.0,744.0,82.29567307692308,76.0,47.72991850989523,-54.0,318.0,372.0,20.0,-130.0,-2.677334337349393,7.90661659375121,121.0,-331.0,-46.39687489273332,1.6655177943317199,0.4418483904465213,0.8594377510040161,0.49215017064846417,0.8804086538461539,concordant,concordant,0.05030178020194287,0.020970902842137762
E02000404,Haringey,2,2,41.70488055092276,31.824714052697615,114.0,157.0,0.1159715157680569,0.1597151576805696,0.0437436419125127,-9.880166498225144,418.0,246.0,817,876,1693,664.0,60.73715298287065,172.0,51.162790697674424,266.0,187.0,576.0,850.0,1426.0,453.0,34.88218793828892,79.0,46.18055555555556,463.0,234.0,697.0,63.99409332545777,229.0,52.853881278538815,494.0,182.0,676.0,63.04908835904628,312.0,58.11764705882353,144.0,325.0,181.0,-93.0,-211.0,-25.854965044581725,-4.982235142118867,83.0,-21.0,-0.9450049664114886,5.263765780284714,0.4878765613519471,0.8038984051978736,0.4012400354295837,0.7917251051893408,concordant,concordant,-0.08663652592236343,-0.012173300008532784
E02000405,Haringey,7,9,19.009153211667684,11.869625451263536,641.0,796.0,0.6520854526958291,0.8097660223804679,0.1576805696846388,-7.139527760404148,142.0,293.0,546,495,1041,435.0,39.96733909702209,-151.0,26.00732600732601,92.0,274.0,546.0,423.0,969.0,366.0,26.014447884416924,-182.0,16.84981684981685,132.0,329.0,461.0,41.71757925072046,-197.0,26.666666666666668,84.0,361.0,445.0,31.294117647058822,-277.0,19.858156028368796,-362.0,8.0,370.0,-31.0,-69.0,-13.952891212605167,-9.15750915750916,-80.0,-16.0,-10.42346160366164,-6.8085106382978715,0.48549107142857145,0.8607108549471661,0.45129469790382243,0.8369453044375645,concordant,concordant,-0.034196373524749024,-0.023765550509601607
E02000406,Haringey,2,2,42.50844688113879,33.5264641025641,101.0,109.0,0.1027466937945066,0.1108850457782299,0.0081383519837233,-8.98198277857469,321.0,232.0,727,836,1563,553.0,47.6468330134357,89.0,44.15405777166438,322.0,179.0,648.0,823.0,1471.0,501.0,39.18286879673691,143.0,49.691358024691354,444.0,224.0,668.0,63.63147792706334,220.0,53.110047846889955,450.0,167.0,617.0,51.08769544527532,283.0,54.67800729040098,252.0,426.0,174.0,54.0,-52.0,-8.463964216698791,5.537300253026977,63.0,-51.0,-12.543782481788014,1.5679594435110218,0.45290745290745293,0.781190019193858,0.4481216457960644,0.7600271923861319,concordant,concordant,-0.00478580711138854,-0.021162826807726076
E02000407,Haringey,1,1,50.661455530634576,40.34503501544799,19.0,21.0,0.0193285859613428,0.0213631739572736,0.0020345879959308,-10.316420515186586,453.0,0.0,763,944,1707,453.0,0.0,453.0,59.37090432503277,380.0,0.0,646.0,968.0,1614.0,380.0,0.0,380.0,58.82352941176471,595.0,0.0,595.0,0.0,595.0,63.02966101694915,632.0,0.0,632.0,0.0,632.0,65.28925619834712,416.0,416.0,0.0,-73.0,-73.0,0.0,-0.5473749132680581,37.0,37.0,0.0,2.2595951813979696,0.43225190839694655,0.6139425893380199,0.37549407114624506,0.6270136307311028,concordant,concordant,-0.05675783725070149,0.013071041393082905
E02000408,Haringey,1,1,50.07155350761955,37.74927442852067,23.0,47.0,0.0233977619532044,0.0478128179043743,0.0244150559511698,-12.322279079098877,556.0,0.0,832,717,1549,556.0,0.0,556.0,66.82692307692307,344.0,0.0,576.0,684.0,1260.0,344.0,0.0,344.0,59.72222222222222,407.0,0.0,407.0,0.0,407.0,56.76429567642957,427.0,0.0,427.0,0.0,427.0,62.42690058479532,369.0,369.0,0.0,-212.0,-212.0,0.0,-7.104700854700845,20.0,20.0,0.0,5.662604908365751,0.5773624091381101,0.6216914138153647,0.4461738002594034,0.611904761904762,concordant,concordant,-0.1311886088787067,-0.009786651910602795
E02000409,Haringey,1,1,44.63015176957255,39.809839622641505,73.0,24.0,0.074262461851475,0.0244150559511698,-0.0498474059003051,-4.820312146931045,376.0,0.0,554,668,1222,376.0,0.0,376.0,67.87003610108303,377.0,0.0,556.0,618.0,1174.0,377.0,0.0,377.0,67.80575539568345,427.0,0.0,427.0,0.0,427.0,63.92215568862275,450.0,0.0,450.0,0.0,450.0,72.81553398058253,416.0,416.0,0.0,1.0,1.0,0.0,-0.06428070539958242,23.0,23.0,0.0,8.893378291959777,0.46824408468244083,0.6571194762684124,0.4558645707376058,0.7044293015332198,concordant,concordant,-0.012379513944835052,0.047309825264807426
E02000410,Haringey,8,9,17.173730023905573,11.072047169811322,697.0,827.0,0.7090539165818922,0.8413021363173957,0.1322482197355035,-6.101682854094252,60.0,598.0,853,791,1644,658.0,21.824817518248175,-538.0,7.033997655334115,39.0,437.0,590.0,588.0,1178.0,476.0,14.46774193548387,-398.0,6.610169491525424,77.0,695.0,772.0,32.55170316301703,-618.0,9.734513274336283,78.0,488.0,566.0,32.31239388794567,-410.0,13.26530612244898,-459.0,19.0,478.0,140.0,-182.0,-7.357075582764304,-0.42382816380869137,208.0,-206.0,-0.23930927507136346,3.5307928481126964,0.46013986013986014,0.8698296836982968,0.45681381957773515,0.8845500848896435,concordant,concordant,-0.0033260405621249878,0.014720401191346655
E02000411,Haringey,2,2,41.03240491814278,32.82515801935351,121.0,129.0,0.1230925737538148,0.1312309257375381,0.0081383519837232,-8.207246898789272,347.0,299.0,777,911,1688,646.0,61.46504739336493,48.0,44.65894465894466,520.0,328.0,1018.0,1157.0,2175.0,848.0,78.4183908045977,192.0,51.080550098231825,475.0,271.0,746.0,76.25888625592417,204.0,52.14050493962679,612.0,335.0,947.0,94.26206896551724,277.0,52.89541918755402,312.0,584.0,272.0,144.0,202.0,16.95334341123278,6.421605439287163,73.0,201.0,18.003182709593077,0.7549142479272319,0.4640804597701149,0.8246445497630331,0.4724233983286908,0.825287356321839,concordant,concordant,0.008342938558575874,0.0006428065588058862
E02000412,Haringey,1,1,47.732441232282326,34.36582609266308,36.0,94.0,0.0366225839267548,0.0956256358087487,0.0590030518819939,-13.366615139619247,676.0,0.0,871,933,1804,676.0,0.0,676.0,77.61194029850746,707.0,0.0,851.0,889.0,1740.0,707.0,0.0,707.0,83.07873090481786,786.0,0.0,786.0,0.0,786.0,84.2443729903537,761.0,0.0,761.0,0.0,761.0,85.60179977502813,708.0,708.0,0.0,31.0,31.0,0.0,5.466790606310397,-25.0,-25.0,0.0,1.3574267846744306,0.46238030095759236,0.8104212860310421,0.4816076294277929,0.8436781609195402,concordant,concordant,0.019227328470200533,0.033256874888498045
E02000413,Haringey,7,8,19.336452817333335,15.14302187168611,633.0,699.0,0.6439471007121058,0.711088504577823,0.0671414038657172,-4.193430945647226,220.0,325.0,787,707,1494,545.0,47.85809906291834,-105.0,27.95425667090216,154.0,326.0,575.0,576.0,1151.0,480.0,43.61772371850565,-172.0,26.782608695652172,277.0,442.0,719.0,81.95046854082999,-165.0,39.17963224893918,164.0,311.0,475.0,44.312771503040835,-147.0,28.47222222222222,-205.0,135.0,340.0,-67.0,-65.0,-4.240375344412691,-1.1716479752499893,18.0,-244.0,-37.63769703778915,-10.707410026716957,0.4311708860759494,0.8460508701472557,0.5026178010471204,0.8297132927888793,concordant,concordant,0.071446914971171,-0.016337577358376376
E02000414,Haringey,2,3,39.15834078929019,29.47818581445523,150.0,217.0,0.1525940996948118,0.2207527975584944,0.0681586978636826,-9.68015497483496,389.0,326.0,885,928,1813,715.0,69.94704908990623,63.0,43.954802259887,238.0,300.0,652.0,885.0,1537.0,538.0,46.454131424853614,-62.0,36.50306748466258,420.0,315.0,735.0,72.97297297297297,105.0,45.258620689655174,422.0,277.0,699.0,76.05335068314899,145.0,47.68361581920904,-197.0,236.0,433.0,-125.0,-177.0,-23.492917665052616,-7.451734775224423,40.0,-36.0,3.0803777101760232,2.4249951295538636,0.49310344827586206,0.7997793712079426,0.4349232012934519,0.8048145738451529,concordant,divergent,-0.058180246982410144,0.005035202637210245
E02000415,Haringey,2,3,38.11587008327246,27.363437377963734,166.0,290.0,0.1688708036622584,0.2950152594099695,0.126144455747711,-10.752432705308724,397.0,283.0,829,1007,1836,680.0,61.19335511982571,114.0,47.88902291917974,428.0,221.0,897.0,840.0,1737.0,649.0,54.45480713874496,207.0,47.71460423634337,530.0,224.0,754.0,64.66230936819171,306.0,52.63157894736842,454.0,264.0,718.0,69.00172711571675,190.0,54.04761904761904,133.0,425.0,292.0,93.0,-31.0,-6.73854798108075,-0.17441868283636808,-116.0,-36.0,4.339417747525033,1.416040100250619,0.47419804741980476,0.7810457516339869,0.4747622531089978,0.7869890616004606,concordant,concordant,0.0005642056891930203,0.005943309966473631
E02000416,Haringey,4,3,32.02049718120805,28.27418700231184,311.0,255.0,0.3163784333672431,0.25940996948118,-0.056968463886063,-3.746310178896209,416.0,371.0,876,822,1698,787.0,90.89281507656068,45.0,47.48858447488584,365.0,304.0,894.0,752.0,1646.0,669.0,67.41190765492102,61.0,40.82774049217002,360.0,373.0,733.0,79.08127208480565,-13.0,43.79562043795621,360.0,449.0,809.0,98.20170109356016,-89.0,47.87234042553192,421.0,566.0,145.0,16.0,-118.0,-23.480907421639657,-6.660843982715818,-76.0,76.0,19.120429008754513,4.076719987575707,0.5177631578947368,0.8951707891637221,0.45263870094722597,0.8979343863912516,divergent,divergent,-0.06512445694751084,0.0027635972275295018
E02000417,Haringey,7,8,19.737971270221692,13.702921983624284,622.0,742.0,0.6327568667344863,0.7548321464903357,0.1220752797558494,-6.035049286597408,198.0,409.0,774,753,1527,607.0,53.03339882121807,-211.0,25.581395348837212,154.0,322.0,638.0,580.0,1218.0,476.0,40.71264367816092,-168.0,24.13793103448276,187.0,444.0,631.0,54.37328094302554,-257.0,24.833997343957503,158.0,365.0,523.0,47.34811165845649,-207.0,27.241379310344826,-203.0,130.0,333.0,43.0,-131.0,-12.320755143057148,-1.4434643143544506,50.0,-108.0,-7.025169284569053,2.407381966387323,0.4903069466882068,0.8107400130975769,0.47647647647647645,0.8201970443349754,concordant,concordant,-0.013830470211730339,0.009457031237398494
E02000418,Haringey,7,9,19.008149978217464,11.9366082134812,642.0,791.0,0.6531027466937945,0.8046795523906409,0.1515768056968464,-7.071541764736265,56.0,338.0,446,515,961,394.0,19.69614984391259,-282.0,12.556053811659194,49.0,227.0,361.0,325.0,686.0,276.0,16.214285714285715,-178.0,13.573407202216067,98.0,310.0,408.0,31.612903225806452,-212.0,19.02912621359223,42.0,257.0,299.0,15.73469387755102,-215.0,12.923076923076923,-273.0,13.0,286.0,104.0,-118.0,-3.4818641296268744,1.017353390556874,-3.0,-109.0,-15.878209348255432,-6.106049290515308,0.4912718204488778,0.8345473465140478,0.48,0.8381924198250729,concordant,concordant,-0.011271820448877812,0.0036450733110250377
E02000419,Haringey,2,4,39.94239960656142,25.24468995042812,137.0,350.0,0.1393692777212614,0.3560528992878942,0.2166836215666327,-14.697709656133302,784.0,400.0,1320,1483,2803,1184.0,111.8801284338209,384.0,59.3939393939394,632.0,320.0,1328.0,1203.0,2531.0,952.0,79.90517581983406,312.0,47.59036144578313,811.0,250.0,1061.0,72.33321441312879,561.0,54.68644639244774,674.0,408.0,1082.0,108.6495456341367,266.0,56.02660016625104,-130.0,437.0,567.0,-72.0,-232.0,-31.974952613986844,-11.803577948156267,-295.0,21.0,36.316331221007914,1.3401537738033014,0.5273942093541203,0.8009275775954334,0.46804326450344147,0.8036349269063611,concordant,concordant,-0.05935094485067882,0.0027073493109276425
E02000420,Haringey,1,1,43.84638246232508,36.060579013430406,79.0,62.0,0.0803662258392675,0.0630722278738555,-0.017293997965412,-7.785803448894676,534.0,0.0,874,998,1872,534.0,0.0,534.0,61.098398169336384,516.0,0.0,791.0,1031.0,1822.0,516.0,0.0,516.0,65.2338811630847,639.0,0.0,639.0,0.0,639.0,64.02805611222445,701.0,0.0,701.0,0.0,701.0,67.99224054316197,561.0,561.0,0.0,-18.0,-18.0,0.0,4.135482993748319,62.0,62.0,0.0,3.9641844309375216,0.45524296675191817,0.6266025641025641,0.4239934264585045,0.6679473106476399,concordant,concordant,-0.031249540293413647,0.041344746545075806
E02000421,Haringey,1,1,48.925301386401784,41.38769233822945,28.0,16.0,0.0284842319430315,0.0162767039674465,-0.0122075279755849,-7.537609048172335,454.0,0.0,700,887,1587,454.0,0.0,454.0,64.85714285714286,550.0,0.0,800.0,950.0,1750.0,550.0,0.0,550.0,68.75,585.0,0.0,585.0,0.0,585.0,65.95264937993235,645.0,0.0,645.0,0.0,645.0,67.89473684210526,587.0,587.0,0.0,96.0,96.0,0.0,3.892857142857139,60.0,60.0,0.0,1.942087462172907,0.43695861405197306,0.6546943919344675,0.4602510460251046,0.6828571428571428,concordant,concordant,0.023292431973131522,0.028162750922675284
E02000422,Haringey,1,3,45.8268478913738,29.55728720009455,53.0,215.0,0.0539165818921668,0.2187182095625635,0.1648016276703967,-16.269560691279253,563.0,0.0,862,886,1748,563.0,0.0,563.0,65.31322505800465,446.0,0.0,641.0,923.0,1564.0,446.0,0.0,446.0,69.57878315132605,553.0,0.0,553.0,0.0,553.0,62.41534988713319,654.0,0.0,654.0,0.0,654.0,70.85590465872156,-48.0,276.0,324.0,-117.0,-117.0,0.0,4.265558093321403,101.0,101.0,0.0,8.440554771588367,0.5044802867383512,0.6384439359267735,0.40545454545454546,0.7033248081841432,concordant,concordant,-0.09902574128380576,0.06488087225736971
E02000423,Haringey,2,5,38.3061067870248,23.01422982551799,161.0,421.0,0.1637843336724313,0.4282807731434384,0.2644964394710071,-15.291876961506809,537.0,295.0,989,1191,2180,832.0,72.66743119266054,242.0,54.29726996966633,517.0,285.0,1022.0,1201.0,2223.0,802.0,66.28205128205128,232.0,50.58708414872799,591.0,233.0,824.0,63.16651376146789,358.0,49.622166246851386,657.0,296.0,953.0,87.48178137651821,361.0,54.70441298917569,-680.0,159.0,839.0,-10.0,-30.0,-6.3853799106092595,-3.7101858209383423,3.0,129.0,24.315267615050324,5.082246742324301,0.5024154589371981,0.7596330275229358,0.456980056980057,0.7894736842105263,concordant,concordant,-0.045435401957141075,0.029840656687590505
E02000424,Haringey,5,6,28.17584476799111,19.608352853463465,404.0,551.0,0.4109867751780264,0.560528992878942,0.1495422177009155,-8.567491914527643,355.0,427.0,891,794,1685,782.0,89.96142433234421,-72.0,39.84287317620651,243.0,394.0,681.0,660.0,1341.0,637.0,71.39597315436242,-151.0,35.68281938325991,335.0,496.0,831.0,98.6112759643917,-161.0,42.19143576826197,254.0,407.0,661.0,77.09023117076808,-153.0,38.48484848484848,-172.0,224.0,396.0,-79.0,-145.0,-18.565451177981785,-4.160053792946599,8.0,-170.0,-21.521044793623616,-3.7065872834134908,0.4848109113453193,0.9572700296735905,0.49075500770416025,0.9679343773303505,concordant,concordant,0.005944096358840967,0.010664347656759943
E02000425,Haringey,4,3,31.703127177508268,27.75180733118971,319.0,274.0,0.3245167853509664,0.2787385554425229,-0.0457782299084435,-3.951319846318558,91.0,477.0,459,695,1154,568.0,37.614384748700175,-386.0,19.825708061002175,55.0,468.0,536.0,651.0,1187.0,523.0,21.6849199663016,-413.0,10.261194029850747,178.0,339.0,517.0,52.2894280762565,-161.0,25.611510791366904,146.0,450.0,596.0,55.34962089300758,-304.0,22.427035330261138,-192.0,108.0,300.0,-27.0,-45.0,-15.929464782398576,-9.564514031151427,-143.0,79.0,3.0601928167510835,-3.184475461105766,0.5235023041474655,0.9402079722703639,0.4673815907059875,0.9427127211457456,concordant,concordant,-0.056120713441477954,0.002504748875381657
E02000426,Haringey,7,8,17.60046325211707,15.292752093537684,688.0,692.0,0.6998982706002035,0.7039674465920651,0.0040691759918616,-2.3077111585793855,240.0,359.0,860,679,1539,599.0,55.98440545808967,-119.0,27.906976744186046,208.0,283.0,589.0,540.0,1129.0,491.0,52.13817537643933,-75.0,35.31409168081494,236.0,467.0,703.0,71.6127355425601,-231.0,34.75699558173785,179.0,297.0,476.0,47.08857395925598,-118.0,33.14814814814815,-182.0,129.0,311.0,44.0,-108.0,-3.84623008165034,7.4071149366288935,113.0,-227.0,-24.52416158330412,-1.6088474335896947,0.46006144393241166,0.8460038986354775,0.5077559462254395,0.8565101860053145,concordant,concordant,0.04769450229302785,0.010506287369836942
E02000427,Haringey,3,4,33.551083023052236,25.72474003121896,272.0,339.0,0.2767039674465921,0.3448626653102746,0.0681586978636825,-7.826342991833275,414.0,470.0,1020,1058,2078,884.0,93.6381135707411,-56.0,40.588235294117645,377.0,487.0,992.0,1049.0,2041.0,864.0,89.95541401273886,-110.0,38.00403225806452,429.0,448.0,877.0,92.48893166506257,-19.0,40.54820415879017,448.0,451.0,899.0,98.99461048505634,-3.0,42.707340324118206,-78.0,360.0,438.0,-54.0,-20.0,-3.6826995580022412,-2.5842030360531254,16.0,22.0,6.505678819993776,2.159136165328036,0.5019875070982396,0.8474494706448508,0.4900737379466818,0.8637922586967173,concordant,concordant,-0.011913769151557785,0.016342788051866508
E02000428,Haringey,1,2,44.82291281828539,31.039075784412955,69.0,175.0,0.0701932858596134,0.1780264496439471,0.1078331637843336,-13.783837033872434,589.0,0.0,839,874,1713,589.0,0.0,589.0,70.20262216924911,577.0,0.0,828.0,1140.0,1968.0,577.0,0.0,577.0,69.68599033816425,660.0,0.0,660.0,0.0,660.0,75.51487414187643,837.0,0.0,837.0,0.0,837.0,73.42105263157895,254.0,516.0,262.0,-12.0,-12.0,0.0,-0.5166318310848652,177.0,177.0,0.0,-2.093821510297488,0.47157726180944753,0.7291301809690601,0.40806223479490805,0.7184959349593496,concordant,concordant,-0.06351502701453948,-0.010634246009710524
E02000429,Haringey,7,8,18.57984607267951,13.435188500212432,656.0,751.0,0.6673448626653102,0.7639877924720244,0.0966429298067141,-5.144657572467075,146.0,515.0,856,844,1700,661.0,44.22941176470588,-369.0,17.056074766355138,112.0,377.0,607.0,628.0,1235.0,489.0,34.189473684210526,-265.0,18.451400329489292,179.0,606.0,785.0,63.80823529411765,-427.0,21.208530805687204,138.0,441.0,579.0,49.27773279352227,-303.0,21.97452229299363,-290.0,49.0,339.0,104.0,-172.0,-10.039938080495354,1.3953255631341541,124.0,-206.0,-14.530502500595382,0.765991487306426,0.45712309820193636,0.8505882352941176,0.45786516853932585,0.8647773279352227,concordant,concordant,0.0007420703373894888,0.014189092641105017
E02000430,Haringey,6,8,23.90255175138196,15.082182035928144,494.0,701.0,0.5025432349949135,0.7131230925737538,0.2105798575788403,-8.820369715453817,287.0,595.0,1136,944,2080,882.0,82.0985576923077,-308.0,25.264084507042256,185.0,484.0,816.0,749.0,1565.0,669.0,57.21405750798722,-299.0,22.67156862745098,290.0,789.0,1079.0,110.0048076923077,-499.0,30.720338983050848,195.0,569.0,764.0,70.89776357827476,-374.0,26.0347129506008,-512.0,64.0,576.0,9.0,-213.0,-24.884500184320473,-2.592515879591275,125.0,-315.0,-39.10704411403293,-4.685626032450049,0.44977052524222333,0.9427884615384615,0.4668527564549895,0.9156549520766774,concordant,concordant,0.017082231212766197,-0.027133509461784167
E02000431,Haringey,8,8,16.996010210919973,13.944561375321337,705.0,732.0,0.7171922685656155,0.7446592065106816,0.0274669379450661,-3.051448835598636,103.0,662.0,1001,848,1849,765.0,36.87723093564089,-559.0,10.289710289710287,73.0,601.0,727.0,757.0,1484.0,674.0,29.56401617250674,-528.0,10.041265474552958,100.0,803.0,903.0,43.428880475932935,-703.0,11.79245283018868,83.0,581.0,664.0,32.49528301886792,-498.0,10.96433289299868,-358.0,96.0,454.0,31.0,-91.0,-7.313214763134148,-0.2484448151573293,205.0,-239.0,-10.933597457065012,-0.8281199371899994,0.45863309352517984,0.9021092482422931,0.5037369207772795,0.9016172506738545,concordant,concordant,0.04510382725209966,-0.0004919975684386513
E02000432,Haringey,4,5,30.63143572358227,23.337715896802106,347.0,411.0,0.3530010172939979,0.4181078331637843,0.0651068158697864,-7.293719826780169,304.0,477.0,941,882,1823,781.0,79.54360943499725,-173.0,32.30605738575983,253.0,456.0,803.0,794.0,1597.0,709.0,72.240450845335,-203.0,31.506849315068493,313.0,526.0,839.0,90.31157432803072,-213.0,35.487528344671205,245.0,435.0,680.0,66.73450219160927,-190.0,30.856423173803528,-206.0,258.0,464.0,-30.0,-72.0,-7.303158589662246,-0.7992080706913356,23.0,-159.0,-23.57707213642145,-4.631105170867677,0.4820987654320988,0.8886450905101481,0.5104391648668106,0.8697557921102066,concordant,concordant,0.028340399434711838,-0.018889298399941468
E02000433,Harrow,9,8,11.53463865794952,12.482092947513468,851.0,777.0,0.8657171922685656,0.7904374364191251,-0.0752797558494404,0.9474542895639466,25.0,351.0,457,498,955,376.0,9.188481675392673,-326.0,5.470459518599562,21.0,237.0,555.0,356.0,911.0,258.0,5.463227222832053,-216.0,3.783783783783784,26.0,333.0,359.0,9.065968586387434,-307.0,5.220883534136546,37.0,409.0,446.0,16.611416026344678,-372.0,10.393258426966293,-81.0,104.0,185.0,110.0,-118.0,-3.7252544525606197,-1.6866757348157781,-65.0,87.0,7.545447439957243,5.172374892829747,0.5115646258503401,0.7696335078534031,0.3664772727272727,0.7727771679473107,concordant,concordant,-0.14508735312306742,0.003143660093907541
E02000434,Harrow,9,8,13.2238975482068,14.779285080601536,792.0,710.0,0.8056968463886063,0.7222787385554426,-0.0834181078331637,1.555387532394736,15.0,353.0,838,451,1289,368.0,4.107835531419705,-338.0,1.7899761336515514,42.0,451.0,568.0,614.0,1182.0,493.0,16.0253807106599,-409.0,7.394366197183098,20.0,675.0,695.0,10.47323506594259,-655.0,4.434589800443459,37.0,438.0,475.0,13.710659898477155,-401.0,6.026058631921824,-236.0,136.0,372.0,-71.0,125.0,11.917545179240193,5.604390063531547,254.0,-220.0,3.2374248325345647,1.5914688314783652,0.34619002822201317,0.8246702870442203,0.5092975206611571,0.8189509306260575,concordant,concordant,0.1631074924391439,-0.005719356418162791
E02000435,Harrow,6,6,21.479885861836788,20.201595351162208,578.0,531.0,0.5879959308240081,0.5401831129196337,-0.0478128179043744,-1.27829051067458,345.0,55.0,535,397,932,400.0,20.359442060085836,290.0,64.48598130841121,329.0,73.0,463.0,435.0,898.0,402.0,26.744988864142535,256.0,71.05831533477321,316.0,129.0,445.0,43.738197424892704,187.0,79.59697732997482,321.0,77.0,398.0,27.524498886414253,244.0,73.79310344827587,165.0,290.0,125.0,-34.0,2.0,6.385546804056698,6.572334026362,57.0,-47.0,-16.21369853847845,-5.803873881698948,0.47337278106508873,0.9066523605150214,0.5025,0.89086859688196,concordant,concordant,0.029127218934911214,-0.015783763633061443
E02000436,Harrow,10,10,7.799240358180561,7.798958944793851,941.0,928.0,0.9572736520854528,0.9440488301119024,-0.0132248219735503,-0.0002814133867099,0.0,239.0,312,264,576,239.0,0.0,-239.0,0.0,0.0,235.0,238.0,267.0,505.0,235.0,0.0,-235.0,0.0,0.0,276.0,276.0,0.0,-276.0,0.0,0.0,211.0,211.0,0.0,-211.0,0.0,-241.0,0.0,241.0,4.0,-4.0,0.0,0.0,65.0,-65.0,0.0,0.0,0.4640776699029126,0.8940972222222222,0.5269058295964125,0.8831683168316832,concordant,concordant,0.06282815969349992,-0.010928905390539034
E02000437,Harrow,8,7,17.329681172257374,16.723624657534245,694.0,638.0,0.7060020345879959,0.6490335707019329,-0.056968463886063,-0.6060565147231287,99.0,249.0,568,460,1028,348.0,23.979571984435797,-150.0,17.429577464788732,138.0,271.0,549.0,428.0,977.0,409.0,38.27840327533265,-133.0,25.136612021857925,149.0,387.0,536.0,56.09241245136187,-238.0,32.391304347826086,109.0,341.0,450.0,38.04401228249744,-232.0,25.46728971962617,-17.0,197.0,214.0,17.0,61.0,14.298831290896853,7.707034557069193,6.0,-86.0,-18.048400168864426,-6.924014628199917,0.3936651583710407,0.8599221789883269,0.47613504074505236,0.8792221084953941,concordant,concordant,0.08246988237401165,0.01929992950706716
E02000438,Harrow,7,7,18.64691396017699,17.792472801788378,654.0,604.0,0.6653102746693794,0.6144455747711088,-0.0508646998982705,-0.8544411583886138,318.0,111.0,599,402,1001,429.0,35.26273726273726,207.0,53.08848080133556,214.0,133.0,507.0,390.0,897.0,347.0,31.73021181716834,81.0,42.209072978303745,236.0,218.0,454.0,51.39660339660339,18.0,58.70646766169154,194.0,236.0,430.0,51.041248606466,-42.0,49.743589743589745,42.0,187.0,145.0,-126.0,-82.0,-3.532525445568922,-10.879407823031812,-60.0,-24.0,-0.35535479013739035,-8.962877918101796,0.48584371460928655,0.8821178821178821,0.4465894465894466,0.8662207357859532,concordant,divergent,-0.039254268019839944,-0.015897146331928957
E02000439,Harrow,7,6,18.815433906897393,18.49153883383268,646.0,583.0,0.6571719226856562,0.5930824008138352,-0.0640895218718209,-0.3238950730647154,201.0,344.0,660,692,1352,545.0,51.142011834319526,-143.0,30.454545454545457,227.0,260.0,589.0,600.0,1189.0,487.0,49.638351555929354,-33.0,38.53989813242784,277.0,365.0,642.0,74.78180473372781,-88.0,40.028901734104046,275.0,288.0,563.0,66.61059714045416,-13.0,45.83333333333333,109.0,281.0,172.0,110.0,-58.0,-1.5036602783901714,8.08535267788238,75.0,-79.0,-8.17120759327365,5.804431599229282,0.45914069081718617,0.8779585798816568,0.4638095238095238,0.8830950378469302,concordant,concordant,0.004668832992337613,0.0051364579652734
E02000440,Harrow,9,9,10.988669098860903,10.34400540709161,866.0,848.0,0.8809766022380467,0.8626653102746694,-0.0183112919633773,-0.6446636917692956,18.0,397.0,586,531,1117,415.0,6.397493285586392,-379.0,3.0716723549488054,10.0,371.0,435.0,502.0,937.0,381.0,3.9594450373532553,-361.0,2.2988505747126435,31.0,476.0,507.0,13.21038495971352,-445.0,5.83804143126177,42.0,315.0,357.0,14.119530416221986,-273.0,8.366533864541832,-421.0,7.0,428.0,18.0,-34.0,-2.4380482482331365,-0.7728217802361619,172.0,-150.0,0.9091454565084653,2.5284924332800625,0.45010845986984815,0.8254252461951657,0.516260162601626,0.7876200640341515,concordant,concordant,0.06615170273177784,-0.03780518216101414
E02000441,Harrow,8,7,17.097776022341375,16.71795202528009,702.0,639.0,0.7141403865717192,0.6500508646998983,-0.0640895218718209,-0.3798239970612833,200.0,135.0,499,382,881,335.0,30.64699205448354,65.0,40.08016032064128,130.0,119.0,438.0,298.0,736.0,249.0,21.019021739130434,11.0,29.68036529680365,156.0,187.0,343.0,33.11237230419977,-31.0,40.83769633507853,118.0,241.0,359.0,38.63858695652174,-123.0,39.59731543624161,99.0,190.0,91.0,-54.0,-86.0,-9.627970315353107,-10.399795023837633,-92.0,16.0,5.526214652321968,-1.240380898836925,0.4941002949852507,0.7695800227014756,0.4095394736842105,0.8260869565217391,divergent,divergent,-0.0845608213010402,0.056506933820263505
E02000442,Harrow,8,8,15.935836328968527,14.42063598736521,733.0,719.0,0.745676500508647,0.7314343845371313,-0.0142421159715157,-1.5152003416033164,80.0,457.0,655,774,1429,537.0,25.584324702589225,-377.0,12.213740458015266,99.0,375.0,686.0,599.0,1285.0,474.0,28.891050583657588,-276.0,14.431486880466474,195.0,455.0,650.0,62.0888733379986,-260.0,25.1937984496124,131.0,473.0,604.0,48.22023346303502,-342.0,21.869782971619365,-283.0,111.0,394.0,101.0,-63.0,3.3067258810683633,2.2177464224512082,-82.0,-46.0,-13.868639874963577,-3.3240154779930364,0.45240101095197977,0.8306508047585724,0.4397031539888683,0.8389105058365759,concordant,concordant,-0.012697856963111487,0.008259701078003445
E02000443,Harrow,5,5,24.856736410770857,22.047791874480463,473.0,457.0,0.4811800610376399,0.4649033570701933,-0.0162767039674465,-2.8089445362903938,627.0,85.0,791,723,1514,712.0,35.20145310435932,542.0,79.26675094816687,658.0,97.0,906.0,734.0,1640.0,755.0,38.91829268292683,561.0,72.62693156732892,595.0,98.0,693.0,38.513870541611624,497.0,82.29598893499308,585.0,105.0,690.0,37.454268292682926,480.0,79.70027247956402,468.0,581.0,113.0,19.0,43.0,3.716839578567516,-6.639819380837949,-17.0,-3.0,-1.059602248928698,-2.5957164554290557,0.5067615658362989,0.928005284015852,0.5224913494809689,0.8810975609756098,concordant,concordant,0.015729783644669926,-0.046907723040242266
E02000444,Harrow,8,9,14.723768286857275,11.77786923426494,757.0,799.0,0.7700915564598169,0.8128179043743642,0.0427263479145473,-2.9458990525923365,109.0,268.0,484,582,1066,377.0,27.403377110694183,-159.0,22.520661157024794,85.0,361.0,502.0,645.0,1147.0,446.0,26.75239755884917,-276.0,16.93227091633466,192.0,303.0,495.0,54.574108818011254,-111.0,32.98969072164948,132.0,317.0,449.0,36.48125544899739,-185.0,20.46511627906977,-510.0,12.0,522.0,-117.0,69.0,-0.6509795518450119,-5.588390240690135,-74.0,-46.0,-18.092853369013866,-12.524574442579713,0.4323394495412844,0.8180112570356473,0.4983240223463687,0.7802964254577158,concordant,concordant,0.0659845728050843,-0.03771483157793143
E02000445,Harrow,6,5,23.0488439297561,21.70237862385321,533.0,468.0,0.5422177009155646,0.4760935910478128,-0.0661241098677518,-1.346465305902889,586.0,256.0,994,924,1918,842.0,78.2148070907195,330.0,58.95372233400402,474.0,245.0,816.0,782.0,1598.0,719.0,72.6720901126408,229.0,58.08823529411765,586.0,320.0,906.0,97.76850886339938,266.0,63.41991341991342,484.0,288.0,772.0,87.22903629536921,196.0,61.892583120204606,446.0,542.0,96.0,-101.0,-123.0,-5.542716978078701,-0.8654870398863679,-70.0,-134.0,-10.539472568030163,-1.5273302997088152,0.4816933638443936,0.9113660062565172,0.48222669349429914,0.9330413016270338,concordant,concordant,0.0005333296499055451,0.0216752953705166
E02000447,Harrow,9,8,11.351524003400398,12.470775442637107,859.0,779.0,0.873855544252289,0.7924720244150559,-0.081383519837233,1.1192514392367112,34.0,257.0,346,397,743,291.0,11.76043068640646,-223.0,9.826589595375722,47.0,312.0,609.0,417.0,1026.0,359.0,14.292397660818713,-265.0,7.717569786535304,62.0,274.0,336.0,22.86406460296097,-212.0,15.617128463476073,62.0,462.0,524.0,27.91812865497076,-400.0,14.86810551558753,-169.0,94.0,263.0,-42.0,68.0,2.531966974412253,-2.1090198088404186,-188.0,188.0,5.054064052009792,-0.7490229478885428,0.46411483253588515,0.8438761776581427,0.40656851642129105,0.8606237816764133,concordant,concordant,-0.0575463161145941,0.01674760401827058
E02000448,Harrow,10,10,8.592813232946845,6.753953759723423,927.0,953.0,0.943031536113937,0.9694811800610376,0.0264496439471007,-1.8388594732234225,0.0,287.0,430,420,850,287.0,0.0,-287.0,0.0,0.0,260.0,414.0,377.0,791.0,260.0,0.0,-260.0,0.0,0.0,352.0,352.0,0.0,-352.0,0.0,0.0,341.0,341.0,0.0,-341.0,0.0,-258.0,0.0,258.0,27.0,-27.0,0.0,0.0,11.0,-11.0,0.0,0.0,0.4491392801251956,0.7517647058823529,0.43261231281198004,0.7597977243994943,concordant,concordant,-0.016526967313215568,0.008033018517141444
E02000449,Harrow,7,6,19.422797812461592,18.324676744741872,629.0,585.0,0.6398779247202442,0.595116988809766,-0.0447609359104781,-1.0981210677197204,181.0,295.0,480,614,1094,476.0,48.807129798903105,-114.0,37.708333333333336,194.0,247.0,463.0,550.0,1013.0,441.0,47.3030602171767,-53.0,41.90064794816415,249.0,228.0,477.0,51.89396709323583,21.0,40.55374592833876,263.0,237.0,500.0,61.531095755182626,26.0,47.81818181818182,88.0,217.0,129.0,61.0,-35.0,-1.5040695817264051,4.1923146148308135,5.0,23.0,9.637128661946797,7.264435889843057,0.4994753410283316,0.8711151736745887,0.46865037194473963,0.928923988153998,divergent,divergent,-0.030824969083591947,0.05780881447940933
E02000451,Harrow,10,10,7.1110600265648864,7.442853752595669,961.0,940.0,0.9776195320447608,0.9562563580874872,-0.0213631739572736,0.3317937260307824,0.0,283.0,385,349,734,283.0,0.0,-283.0,0.0,0.0,281.0,432.0,343.0,775.0,281.0,0.0,-281.0,0.0,0.0,332.0,332.0,0.0,-332.0,0.0,0.0,382.0,382.0,0.0,-382.0,0.0,-296.0,0.0,296.0,2.0,-2.0,0.0,0.0,-50.0,50.0,0.0,0.0,0.46016260162601624,0.837874659400545,0.4238310708898944,0.8554838709677419,concordant,concordant,-0.03633153073612183,0.01760921156719697
E02000452,Harrow,7,7,18.50794244463373,17.714393202737785,659.0,607.0,0.6703967446592065,0.6174974567650051,-0.0528992878942014,-0.7935492418959456,352.0,408.0,922,1021,1943,760.0,73.91456510550695,-56.0,38.17787418655097,419.0,381.0,1182.0,1003.0,2185.0,800.0,73.06132723112128,38.0,35.44839255499154,404.0,422.0,826.0,87.74472465259907,-18.0,39.5690499510284,373.0,550.0,923.0,93.89016018306636,-177.0,37.188434695912264,-89.0,364.0,453.0,94.0,40.0,-0.8532378743856697,-2.7294816315594304,-159.0,97.0,6.145435530467282,-2.3806152551161333,0.4791929382093317,0.8162635100360268,0.4643064422518862,0.788558352402746,concordant,divergent,-0.014886495957445456,-0.027705157633280852
E02000453,Harrow,9,8,12.968723524934385,12.560251079047973,800.0,773.0,0.8138351983723296,0.7863682604272635,-0.0274669379450661,-0.4084724458864137,35.0,458.0,615,617,1232,493.0,13.011363636363637,-423.0,5.691056910569105,72.0,462.0,693.0,678.0,1371.0,534.0,24.26258205689278,-390.0,10.38961038961039,82.0,478.0,560.0,31.814935064935064,-396.0,13.290113452188008,110.0,531.0,641.0,42.60393873085339,-421.0,16.224188790560472,-206.0,164.0,370.0,33.0,41.0,11.251218420529142,4.698553479041284,-25.0,81.0,10.78900366591833,2.9340753383724643,0.4681861348528015,0.8547077922077922,0.454468085106383,0.8570386579139314,concordant,concordant,-0.013718049746418548,0.0023308657061391624
E02000454,Harrow,10,10,5.859997226772098,5.780740514423759,975.0,968.0,0.9918616480162769,0.9847405900305188,-0.0071210579857579,-0.0792567123483385,0.0,228.0,356,319,675,228.0,0.0,-228.0,0.0,0.0,257.0,389.0,398.0,787.0,257.0,0.0,-257.0,0.0,0.0,269.0,269.0,0.0,-269.0,0.0,0.0,288.0,288.0,0.0,-288.0,0.0,-274.0,0.0,274.0,-29.0,29.0,0.0,0.0,-19.0,19.0,0.0,0.0,0.45875251509054327,0.7362962962962963,0.47155963302752296,0.6925031766200762,concordant,concordant,0.012807117936979695,-0.04379311967622013
E02000455,Harrow,7,7,18.75759478057775,17.89532376525276,648.0,596.0,0.659206510681587,0.6063072227873856,-0.0528992878942014,-0.8622710153249926,356.0,323.0,889,939,1828,679.0,62.903719912472646,33.0,40.044994375703034,494.0,345.0,1262.0,1062.0,2324.0,839.0,73.33476764199656,149.0,39.14421553090333,410.0,336.0,746.0,75.36105032822758,74.0,43.66347177848775,465.0,500.0,965.0,100.04302925989673,-35.0,43.78531073446328,63.0,474.0,411.0,116.0,160.0,10.431047729523918,-0.9007788447997029,-109.0,219.0,24.68197893166915,0.12183895597553374,0.47649122807017547,0.7795404814004376,0.46507760532150777,0.7762478485370051,concordant,divergent,-0.011413622748667696,-0.0032926328634325097
E02000456,Harrow,8,8,15.693276985408698,14.761816315281797,737.0,711.0,0.7497456765005086,0.7232960325534079,-0.0264496439471007,-0.931460670126901,174.0,367.0,623,640,1263,541.0,50.56057007125891,-193.0,27.929373996789725,130.0,240.0,485.0,497.0,982.0,370.0,31.771894093686356,-110.0,26.804123711340207,177.0,374.0,551.0,52.41330166270784,-197.0,27.65625,185.0,287.0,472.0,54.068228105906314,-102.0,37.223340040241446,-178.0,80.0,258.0,83.0,-171.0,-18.788675977572552,-1.1252502854495177,95.0,-79.0,1.6549264431984767,9.567090040241446,0.49542124542124544,0.8646080760095012,0.43942992874109266,0.8574338085539714,concordant,concordant,-0.05599131668015278,-0.007174267455529737
E02000457,Harrow,10,9,10.456103947260056,11.889864488152392,885.0,793.0,0.9003051881993896,0.8067141403865717,-0.0935910478128179,1.4337605408923366,0.0,293.0,352,358,710,293.0,0.0,-293.0,0.0,0.0,405.0,406.0,453.0,859.0,405.0,0.0,-405.0,0.0,0.0,317.0,317.0,0.0,-317.0,0.0,0.0,354.0,354.0,0.0,-354.0,0.0,-275.0,56.0,331.0,-112.0,112.0,0.0,0.0,-37.0,37.0,0.0,0.0,0.48032786885245904,0.8591549295774648,0.5335968379446641,0.8835855646100116,concordant,concordant,0.05326896909220502,0.024430635032546832
E02000459,Harrow,7,6,20.205613783849422,20.526021327554744,611.0,517.0,0.6215666327568667,0.525940996948118,-0.0956256358087487,0.320407543705322,373.0,289.0,857,729,1586,662.0,67.96784363177805,84.0,43.52392065344224,271.0,245.0,766.0,638.0,1404.0,516.0,47.28988603988604,26.0,35.37859007832898,294.0,324.0,618.0,60.06052963430013,-30.0,40.32921810699588,277.0,359.0,636.0,70.82834757834758,-82.0,43.41692789968652,150.0,366.0,216.0,-58.0,-146.0,-20.67795759189201,-8.145330575113256,-52.0,18.0,10.767817944047444,3.0877097926906387,0.5171875,0.807061790668348,0.4479166666666667,0.8205128205128205,divergent,divergent,-0.06927083333333334,0.01345102984447244
E02000460,Harrow,5,5,25.435099180730287,22.851053702318623,464.0,428.0,0.4720244150559511,0.4354018311291963,-0.0366225839267548,-2.584045478411664,309.0,56.0,423,596,1019,365.0,16.98135426889107,253.0,73.04964539007092,377.0,68.0,524.0,496.0,1020.0,445.0,25.133333333333333,309.0,71.94656488549617,515.0,74.0,589.0,37.399411187438666,441.0,86.40939597315436,372.0,77.0,449.0,28.08235294117647,295.0,75.0,311.0,387.0,76.0,56.0,80.0,8.151979064442262,-1.1030805045747485,-146.0,-140.0,-9.317058246262196,-11.40939597315436,0.38259958071278827,0.9362119725220804,0.49776286353467564,0.8764705882352941,concordant,concordant,0.11516328282188737,-0.059741384286786325
E02000461,Harrow,9,9,10.897930963293508,9.606814901528717,870.0,873.0,0.8850457782299085,0.8880976602238047,0.0030518819938961,-1.291116061764793,46.0,380.0,699,515,1214,426.0,14.398682042833608,-334.0,6.580829756795422,49.0,507.0,653.0,599.0,1252.0,556.0,19.8426517571885,-458.0,7.503828483920367,52.0,584.0,636.0,25.01482701812191,-532.0,10.097087378640776,34.0,535.0,569.0,14.528753993610223,-501.0,5.676126878130217,-468.0,43.0,511.0,-124.0,130.0,5.443969714354891,0.9229987271249449,31.0,-67.0,-10.486073024511686,-4.420960500510558,0.4011299435028249,0.8747940691927513,0.49422222222222223,0.8985623003194888,concordant,concordant,0.09309227871939735,0.023768231126737538
E02000462,Harrow,8,7,16.17564232358263,16.83032523063406,726.0,635.0,0.7385554425228891,0.6459816887080366,-0.0925737538148524,0.6546829070514306,60.0,385.0,472,585,1057,445.0,21.85430463576159,-325.0,12.71186440677966,61.0,378.0,428.0,531.0,959.0,439.0,24.043795620437955,-317.0,14.252336448598127,124.0,355.0,479.0,41.64616840113529,-231.0,21.196581196581196,107.0,330.0,437.0,36.81960375391032,-223.0,20.15065913370998,-223.0,94.0,317.0,8.0,-6.0,2.1894909846763646,1.540472041818468,8.0,-42.0,-4.82656464722497,-1.0459220628712167,0.4816017316017316,0.8741721854304636,0.5011415525114156,0.913451511991658,concordant,concordant,0.01953982090968398,0.03927932656119437
E02000463,Harrow,7,6,18.170525542769013,19.378858748953476,672.0,563.0,0.6836215666327569,0.572736520854527,-0.1108850457782298,1.208333206184463,230.0,177.0,482,529,1011,407.0,40.26706231454006,53.0,47.71784232365145,157.0,160.0,424.0,444.0,868.0,317.0,28.94009216589862,-3.0,37.028301886792455,216.0,162.0,378.0,34.611275964391695,54.0,40.831758034026464,216.0,190.0,406.0,47.28110599078341,26.0,48.64864864864865,57.0,176.0,119.0,-56.0,-90.0,-11.326970148641443,-10.689540436858998,-28.0,28.0,12.669830026391715,7.816890614622189,0.5184713375796178,0.7764589515331355,0.4384508990318119,0.8329493087557603,concordant,divergent,-0.08002043854780594,0.056490357222624854
E02000464,Havering,4,3,31.652269674469075,28.932727259946574,321.0,233.0,0.3265513733468972,0.237029501525941,-0.0895218718209562,-2.719542414522497,161.0,70.0,322,254,576,231.0,19.56597222222222,91.0,50.0,190.0,52.0,403.0,281.0,684.0,242.0,14.444444444444445,138.0,47.146401985111666,122.0,115.0,237.0,24.35763888888889,7.0,48.031496062992126,173.0,126.0,299.0,31.86842105263158,47.0,61.56583629893239,154.0,201.0,47.0,47.0,11.0,-5.121527777777777,-2.853598014888334,40.0,62.0,7.5107821637426895,13.534340235940263,0.4935897435897436,0.8125,0.44731977818853974,0.7909356725146199,concordant,concordant,-0.04626996540120387,-0.021564327485380064
E02000465,Havering,4,3,29.664709032786885,28.40643022582513,369.0,251.0,0.375381485249237,0.2553407934893184,-0.1200406917599186,-1.258278806961755,189.0,73.0,445,392,837,262.0,16.483870967741936,116.0,42.47191011235955,267.0,47.0,498.0,333.0,831.0,314.0,15.101083032490974,220.0,53.6144578313253,259.0,166.0,425.0,51.36678614097969,93.0,66.07142857142857,225.0,147.0,372.0,39.8014440433213,78.0,67.56756756756756,267.0,299.0,32.0,104.0,52.0,-1.3827879352509616,11.142547718965751,-15.0,-53.0,-11.565342097658394,1.4961389961389955,0.3813682678311499,0.8207885304659498,0.4577259475218659,0.825511432009627,concordant,concordant,0.076357679690716,0.00472290154367716
E02000466,Havering,6,4,23.958434432243273,23.82434010270775,493.0,393.0,0.5015259409969481,0.3997965412004069,-0.1017293997965412,-0.1340943295355217,246.0,156.0,463,365,828,402.0,46.34782608695652,90.0,53.1317494600432,222.0,107.0,467.0,319.0,786.0,329.0,30.221374045801525,115.0,47.53747323340471,201.0,195.0,396.0,47.33695652173913,6.0,55.06849315068493,198.0,224.0,422.0,56.42748091603053,-26.0,62.06896551724138,209.0,273.0,64.0,25.0,-73.0,-16.126452041154998,-5.594276226638492,-32.0,26.0,9.0905243942914,7.000472366556451,0.5037593984962406,0.9637681159420289,0.4380825565912117,0.955470737913486,concordant,divergent,-0.06567684190502893,-0.008297378028542912
E02000467,Havering,2,1,38.93637793632687,39.52100239624269,152.0,27.0,0.1546286876907426,0.0274669379450661,-0.1271617497456764,0.5846244599158226,480.0,22.0,589,572,1161,502.0,9.095607235142118,458.0,81.49405772495756,520.0,14.0,623.0,551.0,1174.0,534.0,6.2010221465076665,506.0,83.46709470304975,536.0,52.0,588.0,24.006890611541778,484.0,93.7062937062937,505.0,56.0,561.0,24.088586030664395,449.0,91.65154264972776,563.0,563.0,0.0,48.0,32.0,-2.894585088634452,1.9730369780921961,-35.0,-27.0,0.08169541912261735,-2.054751056565948,0.46055045871559636,0.9388458225667528,0.4876712328767123,0.9327086882453152,concordant,concordant,0.027120774161115968,-0.006137134321437587
E02000468,Havering,7,6,18.727422063736828,19.320320913016655,649.0,564.0,0.6602238046795524,0.5737538148524923,-0.0864699898270601,0.5928988492798268,56.0,127.0,327,303,630,183.0,11.28888888888889,-71.0,17.12538226299694,88.0,156.0,474.0,350.0,824.0,244.0,16.660194174757283,-68.0,18.565400843881857,97.0,187.0,284.0,28.79206349206349,-90.0,32.01320132013201,140.0,304.0,444.0,51.650485436893206,-164.0,40.0,-8.0,146.0,154.0,3.0,61.0,5.371305285868393,1.4400185808849173,-74.0,160.0,22.858421944829715,7.986798679867988,0.39186295503211993,0.7412698412698413,0.3546511627906977,0.8349514563106796,concordant,concordant,-0.03721179224142224,0.09368161504083827
E02000469,Havering,4,3,29.076419810647213,27.900976050480423,382.0,267.0,0.3886063072227874,0.271617497456765,-0.1169888097660223,-1.1754437601667895,241.0,59.0,441,269,710,300.0,20.02676056338028,182.0,54.6485260770975,270.0,135.0,483.0,437.0,920.0,405.0,39.619565217391305,135.0,55.90062111801242,146.0,119.0,265.0,24.470422535211267,27.0,54.27509293680297,228.0,181.0,409.0,44.85652173913043,47.0,52.17391304347826,182.0,300.0,118.0,-47.0,105.0,19.592804654011026,1.2520950409149165,20.0,144.0,20.386099203919162,-2.101179893324712,0.5309734513274337,0.795774647887324,0.4975429975429975,0.8847826086956522,concordant,concordant,-0.033430453784436154,0.08900796080832818
E02000470,Havering,9,8,12.533976514517562,12.545078882497943,820.0,775.0,0.8341810783316378,0.7884028484231943,-0.0457782299084434,0.0111023679803832,29.0,224.0,433,343,776,253.0,8.371134020618557,-195.0,6.697459584295612,61.0,193.0,545.0,333.0,878.0,254.0,13.40888382687927,-132.0,11.192660550458717,50.0,312.0,362.0,20.10309278350515,-262.0,14.57725947521866,64.0,410.0,474.0,29.886104783599087,-346.0,19.21921921921922,-40.0,135.0,175.0,63.0,1.0,5.037749806260713,4.495200966163105,-84.0,112.0,9.783012000093937,4.641959744000559,0.4113821138211382,0.7925257731958762,0.3489010989010989,0.8291571753986332,concordant,concordant,-0.062481014920039324,0.03663140220275696
E02000471,Havering,10,9,9.616884296634034,9.877744046827193,900.0,865.0,0.9155645981688708,0.8799593082400814,-0.0356052899287894,0.2608597501931591,0.0,238.0,326,255,581,238.0,0.0,-238.0,0.0,0.0,179.0,445.0,204.0,649.0,179.0,0.0,-179.0,0.0,0.0,300.0,300.0,0.0,-300.0,0.0,0.0,428.0,428.0,0.0,-428.0,0.0,-131.0,20.0,151.0,59.0,-59.0,0.0,0.0,-128.0,128.0,0.0,0.0,0.4423791821561338,0.9259896729776248,0.29489291598023065,0.9352850539291218,concordant,concordant,-0.14748626617590316,0.009295380951496957
E02000472,Havering,9,8,12.893682603181666,12.860929040017494,804.0,761.0,0.8179043743641913,0.7741607324516785,-0.0437436419125127,-0.0327535631641726,29.0,255.0,425,338,763,284.0,9.692005242463958,-226.0,6.8235294117647065,29.0,301.0,555.0,416.0,971.0,330.0,8.989701338825952,-272.0,5.225225225225225,43.0,373.0,416.0,21.02096985583224,-330.0,12.72189349112426,63.0,493.0,556.0,31.986611740473737,-430.0,15.144230769230768,-218.0,68.0,286.0,-46.0,46.0,-0.7023039036380059,-1.5983041865394814,-100.0,140.0,10.965641884641496,2.422337278106509,0.4057142857142857,0.9174311926605505,0.3724604966139955,0.9124613800205973,concordant,concordant,-0.0332537891002902,-0.004969812639953219
E02000473,Havering,9,9,10.599101076136836,10.984268422086853,880.0,830.0,0.8952187182095626,0.844354018311292,-0.0508646998982705,0.3851673459500162,67.0,164.0,524,368,892,231.0,12.318385650224217,-97.0,12.786259541984732,52.0,229.0,557.0,424.0,981.0,281.0,12.138634046890928,-177.0,9.33572710951526,89.0,378.0,467.0,37.7152466367713,-289.0,24.184782608695652,80.0,386.0,466.0,31.47808358817533,-306.0,18.867924528301888,-232.0,42.0,274.0,-80.0,50.0,-0.17975160333328866,-3.4505324324694726,-17.0,-1.0,-6.237163048595967,-5.316858080393764,0.330945558739255,0.7825112107623319,0.37617135207496655,0.7614678899082569,concordant,concordant,0.04522579333571153,-0.02104332085407501
E02000474,Havering,7,6,18.71857237684286,19.7140849938084,650.0,545.0,0.6612410986775178,0.5544252288911495,-0.1068158697863682,0.995512616965538,158.0,189.0,554,456,1010,347.0,29.566336633663365,-31.0,28.51985559566787,120.0,184.0,582.0,405.0,987.0,304.0,22.37082066869301,-64.0,20.61855670103093,160.0,279.0,439.0,44.198019801980195,-119.0,35.08771929824561,152.0,337.0,489.0,51.89868287740628,-185.0,37.53086419753087,37.0,208.0,171.0,-33.0,-43.0,-7.195515964970355,-7.901298894636941,-66.0,50.0,7.700663075426085,2.443144899285258,0.44147582697201015,0.7782178217821782,0.3833543505674653,0.8034447821681864,concordant,concordant,-0.05812147640454485,0.025226960386008135
E02000475,Havering,9,9,11.79298544845585,11.106197636176772,843.0,826.0,0.8575788402848423,0.8402848423194303,-0.0172939979654119,-0.6867878122790767,140.0,251.0,699,475,1174,391.0,29.931856899488928,-111.0,20.028612303290416,102.0,225.0,597.0,414.0,1011.0,327.0,22.700296735905045,-123.0,17.08542713567839,133.0,428.0,561.0,48.487223168654175,-295.0,28.000000000000004,87.0,400.0,487.0,34.4213649851632,-313.0,21.014492753623188,-163.0,87.0,250.0,-12.0,-64.0,-7.231560163583882,-2.9431851676120253,-18.0,-74.0,-14.065858183490974,-6.985507246376816,0.4107142857142857,0.8109028960817717,0.40171990171990174,0.8051434223541049,concordant,concordant,-0.008994383994383959,-0.005759473727666831
E02000476,Havering,5,4,28.507698906405576,24.44453631522897,394.0,375.0,0.4008138351983723,0.3814852492370295,-0.0193285859613428,-4.06316259117661,509.0,195.0,842,710,1552,704.0,63.95296391752577,314.0,60.451306413301666,456.0,201.0,862.0,687.0,1549.0,657.0,59.171078114912845,255.0,52.90023201856149,463.0,287.0,750.0,85.61920103092784,176.0,65.21126760563381,461.0,347.0,808.0,103.27114267269206,114.0,67.10334788937409,300.0,478.0,178.0,-59.0,-47.0,-4.781885802612926,-7.551074394740176,-62.0,58.0,17.651941641764225,1.8920802837402846,0.48418156808803303,0.9368556701030928,0.4484641638225256,0.9457714654615881,concordant,concordant,-0.03571740426550746,0.008915795358495293
E02000477,Havering,10,10,8.542143251923077,7.530689975705081,928.0,936.0,0.9440488301119024,0.9521871820956256,0.0081383519837232,-1.0114532762179964,0.0,344.0,509,391,900,344.0,0.0,-344.0,0.0,0.0,313.0,543.0,400.0,943.0,313.0,0.0,-313.0,0.0,0.0,451.0,451.0,0.0,-451.0,0.0,0.0,505.0,505.0,0.0,-505.0,0.0,-329.0,0.0,329.0,31.0,-31.0,0.0,0.0,-54.0,54.0,0.0,0.0,0.4327044025157233,0.8833333333333333,0.38264058679706603,0.8674443266171792,concordant,concordant,-0.050063815718657256,-0.01588900671615412
E02000478,Havering,10,10,8.915120106881904,8.183281171125694,921.0,917.0,0.9369277721261444,0.9328585961342828,-0.0040691759918616,-0.7318389357562101,0.0,173.0,269,212,481,173.0,0.0,-173.0,0.0,0.0,111.0,230.0,154.0,384.0,111.0,0.0,-111.0,0.0,0.0,236.0,236.0,0.0,-236.0,0.0,0.0,190.0,190.0,0.0,-190.0,0.0,-117.0,0.0,117.0,62.0,-62.0,0.0,0.0,46.0,-46.0,0.0,0.0,0.4229828850855746,0.8503118503118503,0.3687707641196013,0.7838541666666666,concordant,concordant,-0.054212120965973276,-0.06645768364518367
E02000479,Havering,7,7,17.94755106589624,17.731216705803423,680.0,606.0,0.6917599186164801,0.6164801627670397,-0.0752797558494404,-0.2163343600928158,223.0,224.0,695,611,1306,447.0,38.248085758039814,-1.0,32.0863309352518,216.0,298.0,789.0,710.0,1499.0,514.0,42.94062708472315,-82.0,27.376425855513308,305.0,361.0,666.0,84.30704441041348,-56.0,49.91816693944354,299.0,457.0,756.0,91.15610406937958,-158.0,42.112676056338024,-186.0,177.0,363.0,-81.0,67.0,4.692541326683333,-4.709905079738494,-102.0,90.0,6.849059658966098,-7.805490883105513,0.40161725067385445,0.8522205206738132,0.4047244094488189,0.8472314876584389,concordant,concordant,0.0031071587749644247,-0.0049890330153742335
E02000480,Havering,7,6,18.058340755487496,20.27139518476056,676.0,529.0,0.6876907426246185,0.5381485249237029,-0.1495422177009155,2.2130544292730647,166.0,292.0,775,565,1340,458.0,36.17313432835821,-126.0,21.41935483870968,203.0,424.0,1097.0,860.0,1957.0,627.0,43.98160449667859,-221.0,18.505013673655423,189.0,448.0,637.0,63.188059701492534,-259.0,33.45132743362832,293.0,750.0,1043.0,112.28921819110884,-457.0,34.06976744186046,-68.0,341.0,409.0,-95.0,169.0,7.808470168320383,-2.9143411650542568,-198.0,406.0,49.10115848961631,0.6184400082321417,0.4182648401826484,0.8171641791044776,0.37544910179640717,0.85334695963209,concordant,concordant,-0.04281573838624125,0.03618278052761237
E02000481,Havering,10,9,10.14632502181445,10.084414704408818,892.0,858.0,0.9074262461851476,0.8728382502543235,-0.034587995930824,-0.0619103174056316,0.0,134.0,301,190,491,134.0,0.0,-134.0,0.0,0.0,152.0,359.0,235.0,594.0,152.0,0.0,-152.0,0.0,0.0,220.0,220.0,0.0,-220.0,0.0,0.0,285.0,285.0,0.0,-285.0,0.0,-36.0,71.0,107.0,-18.0,18.0,0.0,0.0,-65.0,65.0,0.0,0.0,0.3785310734463277,0.7209775967413442,0.34782608695652173,0.7356902356902357,concordant,concordant,-0.030704986489805963,0.014712638948891521
E02000482,Havering,10,10,4.041717029237023,4.255190534915986,983.0,982.0,1.0,0.9989827060020344,-0.0010172939979654,0.2134735056789631,0.0,138.0,260,238,498,138.0,0.0,-138.0,0.0,0.0,130.0,289.0,193.0,482.0,130.0,0.0,-130.0,0.0,0.0,178.0,178.0,0.0,-178.0,0.0,0.0,201.0,201.0,0.0,-201.0,0.0,-162.0,0.0,162.0,8.0,-8.0,0.0,0.0,-23.0,23.0,0.0,0.0,0.43670886075949367,0.6345381526104418,0.39274924471299094,0.6867219917012448,concordant,concordant,-0.043959616046502725,0.05218383909080304
E02000483,Havering,8,8,15.335399350932493,14.033308571428572,744.0,729.0,0.7568667344862665,0.7416073245167853,-0.0152594099694811,-1.3020907795039207,186.0,138.0,469,396,865,324.0,29.67398843930636,48.0,39.6588486140725,196.0,140.0,520.0,350.0,870.0,336.0,31.54022988505747,56.0,37.69230769230769,220.0,255.0,475.0,64.85549132947978,-35.0,55.55555555555556,189.0,280.0,469.0,60.827586206896555,-91.0,54.0,24.0,177.0,153.0,8.0,12.0,1.8662414457511112,-1.9665409217648033,-56.0,-6.0,-4.0279051225832205,-1.5555555555555571,0.40550688360450565,0.923699421965318,0.41739130434782606,0.9252873563218391,divergent,divergent,0.011884420743320412,0.001587934356521159
E02000484,Havering,9,9,11.561316154653005,11.676795565042095,849.0,802.0,0.8636826042726348,0.8158697863682605,-0.0478128179043743,0.1154794103890921,48.0,205.0,364,306,670,253.0,14.686567164179104,-157.0,13.186813186813188,41.0,151.0,470.0,314.0,784.0,192.0,7.896683673469388,-110.0,8.72340425531915,52.0,251.0,303.0,19.480597014925372,-199.0,16.99346405228758,76.0,360.0,436.0,34.89795918367347,-284.0,24.203821656050955,-130.0,38.0,168.0,47.0,-61.0,-6.789883490709716,-4.463408931494039,-85.0,133.0,15.417362168748099,7.210357603763374,0.4550359712230216,0.8298507462686567,0.3057324840764331,0.8010204081632653,concordant,concordant,-0.14930348714658848,-0.028830338105391484
E02000485,Havering,9,9,11.620637074630604,10.011951607078368,847.0,859.0,0.861648016276704,0.873855544252289,0.0122075279755849,-1.6086854675522364,114.0,158.0,430,317,747,272.0,24.11244979919679,-44.0,26.51162790697674,125.0,193.0,497.0,398.0,895.0,318.0,26.955307262569832,-68.0,25.15090543259557,104.0,268.0,372.0,37.31191432396252,-164.0,32.80757097791798,140.0,297.0,437.0,46.45810055865922,-157.0,35.175879396984925,-118.0,102.0,220.0,-24.0,46.0,2.8428574633730435,-1.3607224743811699,7.0,65.0,9.1461862346967,2.368308419066942,0.422360248447205,0.8621151271753681,0.42119205298013246,0.8435754189944135,concordant,concordant,-0.0011681954670725303,-0.018539708180954628
E02000486,Havering,9,9,10.881563319576433,9.982827412513256,871.0,860.0,0.8860630722278738,0.8748728382502543,-0.0111902339776195,-0.8987359070631751,57.0,178.0,366,304,670,235.0,15.143283582089552,-121.0,15.57377049180328,50.0,188.0,441.0,306.0,747.0,238.0,12.583668005354752,-138.0,11.337868480725623,65.0,248.0,313.0,24.05970149253731,-183.0,21.38157894736842,73.0,332.0,405.0,32.44444444444444,-259.0,23.8562091503268,-144.0,47.0,191.0,-17.0,3.0,-2.5596155767347994,-4.235902011077657,-76.0,92.0,8.384742951907132,2.47463020295838,0.42883211678832117,0.817910447761194,0.3701399688958009,0.8607764390896921,concordant,concordant,-0.05869214789252025,0.04286599132849811
E02000487,Havering,10,10,4.533937124697182,5.735804123711341,980.0,969.0,0.9969481180061036,0.9857578840284842,-0.0111902339776195,1.2018669990141584,0.0,192.0,300,261,561,192.0,0.0,-192.0,0.0,0.0,136.0,338.0,196.0,534.0,136.0,0.0,-136.0,0.0,0.0,221.0,221.0,0.0,-221.0,0.0,0.0,236.0,236.0,0.0,-236.0,0.0,-158.0,0.0,158.0,56.0,-56.0,0.0,0.0,-15.0,15.0,0.0,0.0,0.4648910411622276,0.7361853832442068,0.3655913978494624,0.6966292134831461,concordant,concordant,-0.09929964331276525,-0.03955616976106069
E02000488,Havering,10,10,8.38724152079128,7.570462317666126,931.0,935.0,0.9471007121057986,0.9511698880976602,0.0040691759918616,-0.8167792031251535,0.0,208.0,319,271,590,208.0,0.0,-208.0,0.0,0.0,177.0,493.0,215.0,708.0,177.0,0.0,-177.0,0.0,0.0,295.0,295.0,0.0,-295.0,0.0,0.0,446.0,446.0,0.0,-446.0,0.0,-182.0,0.0,182.0,31.0,-31.0,0.0,0.0,-151.0,151.0,0.0,0.0,0.4135188866799205,0.8525423728813559,0.2841091492776886,0.8799435028248588,concordant,concordant,-0.12940973740223188,0.027401129943502855
E02000489,Havering,8,7,16.73481740398275,16.104637425506557,710.0,656.0,0.7222787385554426,0.6673448626653102,-0.0549338758901323,-0.6301799784761926,90.0,213.0,345,357,702,303.0,27.307692307692307,-123.0,26.08695652173913,90.0,213.0,432.0,424.0,856.0,303.0,22.39485981308411,-123.0,20.833333333333336,114.0,209.0,323.0,33.94017094017094,-95.0,31.932773109243698,141.0,326.0,467.0,53.69859813084112,-185.0,33.25471698113208,-90.0,99.0,189.0,0.0,0.0,-4.912832494608196,-5.253623188405793,-90.0,144.0,19.758427190670183,1.3219438718883794,0.4840255591054313,0.8917378917378918,0.3935064935064935,0.8995327102803738,concordant,concordant,-0.0905190655989378,0.007794818542482096
E02000490,Havering,8,7,15.982245056208482,16.426926692432364,732.0,645.0,0.7446592065106816,0.6561546286876907,-0.0885045778229909,0.4446816362238817,79.0,198.0,362,310,672,277.0,23.276785714285715,-119.0,21.823204419889503,69.0,249.0,449.0,379.0,828.0,318.0,20.75,-180.0,15.367483296213807,80.0,259.0,339.0,30.833333333333332,-179.0,25.806451612903224,94.0,328.0,422.0,37.23671497584541,-234.0,24.80211081794195,-126.0,88.0,214.0,-61.0,41.0,-2.5267857142857153,-6.455721123675696,-55.0,83.0,6.403381642512077,-1.0043407949612728,0.4496753246753247,0.9166666666666666,0.4297297297297297,0.893719806763285,concordant,concordant,-0.019945594945594947,-0.022946859903381633
E02000491,Havering,5,4,26.95842594720145,27.16120471170396,430.0,296.0,0.4374364191251271,0.301119023397762,-0.1363173957273651,0.2027787645025078,273.0,84.0,504,298,802,357.0,28.59351620947631,189.0,54.166666666666664,413.0,146.0,966.0,449.0,1415.0,559.0,42.613427561837455,267.0,42.7536231884058,196.0,196.0,392.0,47.900249376558605,0.0,65.77181208053692,278.0,506.0,784.0,99.41201413427562,-228.0,61.915367483296215,302.0,423.0,121.0,78.0,202.0,14.019911352361145,-11.413043478260867,-228.0,392.0,51.51176475771702,-3.856444597240703,0.4766355140186916,0.9339152119700748,0.4162323157110946,0.9491166077738515,zero,divergent,-0.060403198307596995,0.015201395803776774
E02000492,Havering,9,8,12.333543446269132,14.378710185185184,827.0,720.0,0.8413021363173957,0.7324516785350966,-0.108850457782299,2.04516673891605,6.0,90.0,169,135,304,96.0,1.7763157894736843,-84.0,3.5502958579881656,18.0,126.0,314.0,175.0,489.0,144.0,4.638036809815951,-108.0,5.7324840764331215,19.0,159.0,178.0,9.9375,-140.0,14.074074074074074,23.0,268.0,291.0,12.605316973415134,-245.0,13.142857142857142,-74.0,47.0,121.0,-24.0,48.0,2.8617210203422667,2.182188218444956,-105.0,113.0,2.6678169734151336,-0.931216931216932,0.35036496350364965,0.9013157894736842,0.3310344827586207,0.8895705521472392,concordant,concordant,-0.019330480745028966,-0.011745237326444946
E02000493,Havering,6,5,21.88894905797102,22.68113882063882,568.0,436.0,0.5778229908443541,0.4435401831129196,-0.1342828077314344,0.7921897626678032,119.0,152.0,306,295,601,271.0,30.09650582362729,-33.0,38.88888888888889,131.0,148.0,393.0,361.0,754.0,279.0,25.713527851458885,-17.0,33.33333333333333,117.0,178.0,295.0,34.6522462562396,-61.0,39.66101694915255,213.0,238.0,451.0,67.23342175066313,-25.0,59.0027700831025,9.0,151.0,142.0,16.0,8.0,-4.382977972168405,-5.555555555555564,36.0,156.0,32.581175494423526,19.34175313394995,0.4787985865724382,0.9417637271214643,0.3821917808219178,0.9681697612732095,concordant,concordant,-0.09660680575052039,0.02640603415174525
E02000494,Hillingdon,10,9,9.739677820430538,10.106611194131233,897.0,857.0,0.9125127161749744,0.8718209562563581,-0.0406917599186164,0.3669333737006948,0.0,278.0,447,326,773,278.0,0.0,-278.0,0.0,0.0,219.0,450.0,257.0,707.0,219.0,0.0,-219.0,0.0,0.0,364.0,364.0,0.0,-364.0,0.0,0.0,385.0,385.0,0.0,-385.0,0.0,-89.0,63.0,152.0,59.0,-59.0,0.0,0.0,-21.0,21.0,0.0,0.0,0.43302180685358255,0.8305304010349288,0.36258278145695366,0.8543140028288543,concordant,concordant,-0.07043902539662888,0.02378360179392547
E02000495,Hillingdon,8,9,14.711178146310566,11.829189879612413,758.0,798.0,0.7711088504577823,0.8118006103763988,0.0406917599186165,-2.881988266698153,247.0,189.0,615,474,1089,436.0,42.86776859504132,58.0,40.16260162601626,187.0,222.0,593.0,485.0,1078.0,409.0,38.51020408163265,-35.0,31.534569983136596,211.0,265.0,476.0,51.34527089072544,-54.0,44.51476793248945,179.0,296.0,475.0,49.15027829313544,-117.0,36.907216494845365,-238.0,88.0,326.0,-93.0,-27.0,-4.3575645134086685,-8.628031642879666,-63.0,-1.0,-2.1949925975899944,-7.607551437644084,0.4780701754385965,0.837465564738292,0.4626696832579186,0.8200371057513914,divergent,concordant,-0.015400492180677905,-0.017428458986900597
E02000496,Hillingdon,7,6,20.147449370185157,19.60660974311194,613.0,552.0,0.6236012207527976,0.5615462868769074,-0.0620549338758901,-0.5408396270732183,169.0,101.0,345,241,586,270.0,29.127986348122867,68.0,48.98550724637681,168.0,82.0,337.0,213.0,550.0,250.0,25.047272727272727,86.0,49.85163204747774,129.0,143.0,272.0,31.47952218430034,-14.0,53.52697095435685,108.0,138.0,246.0,27.098181818181818,-30.0,50.70422535211267,126.0,190.0,64.0,18.0,-20.0,-4.08071362085014,0.8661248011009306,-16.0,-26.0,-4.381340366118522,-2.8227456022441757,0.4981549815498155,0.9249146757679181,0.5040322580645161,0.9018181818181819,divergent,divergent,0.005877276514700602,-0.02309649394973623
E02000497,Hillingdon,8,8,15.445614794231446,14.297503837422983,742.0,722.0,0.7548321464903357,0.7344862665310274,-0.0203458799593082,-1.1481109568084626,304.0,165.0,773,374,1147,469.0,43.73147340889276,139.0,39.32729624838293,141.0,147.0,483.0,411.0,894.0,288.0,23.184563758389263,-6.0,29.19254658385093,149.0,350.0,499.0,45.4664341761116,-201.0,39.839572192513366,180.0,237.0,417.0,47.718120805369125,-57.0,43.79562043795621,2.0,170.0,168.0,-145.0,-181.0,-20.546909650503498,-10.134749664531999,144.0,-82.0,2.2516866292575273,3.956048245442844,0.484504132231405,0.8439407149084568,0.4085106382978723,0.7885906040268457,divergent,concordant,-0.07599349393353266,-0.055350110881611125
E02000498,Hillingdon,9,9,13.341375693355484,11.364950115626032,787.0,814.0,0.8006103763987793,0.8280773143438453,0.027466937945066,-1.9764255777294508,105.0,180.0,327,295,622,285.0,30.385852090032156,-75.0,32.11009174311927,78.0,135.0,299.0,229.0,528.0,213.0,19.943181818181817,-57.0,26.08695652173913,99.0,176.0,275.0,28.012861736334404,-77.0,33.559322033898304,70.0,178.0,248.0,23.598484848484848,-108.0,30.567685589519648,-32.0,97.0,129.0,18.0,-72.0,-10.44267027185034,-6.023135221380141,-31.0,-27.0,-4.414376887849556,-2.9916364443786563,0.5089285714285714,0.9003215434083601,0.46203904555314534,0.8731060606060606,concordant,concordant,-0.04688952587542605,-0.027215482802299573
E02000499,Hillingdon,10,10,9.072812413135866,7.166763415892673,916.0,946.0,0.9318413021363174,0.9623601220752798,0.0305188199389623,-1.906048997243193,0.0,226.0,365,310,675,226.0,0.0,-226.0,0.0,0.0,167.0,396.0,252.0,648.0,167.0,0.0,-167.0,0.0,0.0,261.0,261.0,0.0,-261.0,0.0,0.0,293.0,293.0,0.0,-293.0,0.0,-163.0,0.0,163.0,59.0,-59.0,0.0,0.0,-32.0,32.0,0.0,0.0,0.46406570841889117,0.7214814814814815,0.3630434782608696,0.7098765432098766,concordant,concordant,-0.10102223015802159,-0.011604938271604914
E02000500,Hillingdon,10,10,8.476240939331086,7.238890310786106,930.0,944.0,0.9460834181078333,0.960325534079349,0.0142421159715158,-1.237350628544981,0.0,326.0,548,415,963,326.0,0.0,-326.0,0.0,0.0,292.0,541.0,363.0,904.0,292.0,0.0,-292.0,0.0,0.0,390.0,390.0,0.0,-390.0,0.0,0.0,408.0,408.0,0.0,-408.0,0.0,-284.0,0.0,284.0,34.0,-34.0,0.0,0.0,-18.0,18.0,0.0,0.0,0.4553072625698324,0.7435098650051921,0.41714285714285715,0.7743362831858407,concordant,concordant,-0.038164405426975245,0.030826418180648574
E02000501,Hillingdon,10,10,9.131134317933794,8.764077150633062,915.0,905.0,0.930824008138352,0.920651068158698,-0.010172939979654,-0.3670571673007323,0.0,238.0,446,368,814,238.0,0.0,-238.0,0.0,0.0,297.0,488.0,434.0,922.0,297.0,0.0,-297.0,0.0,0.0,330.0,330.0,0.0,-330.0,0.0,0.0,389.0,389.0,0.0,-389.0,0.0,-278.0,0.0,278.0,-59.0,59.0,0.0,0.0,-59.0,59.0,0.0,0.0,0.41901408450704225,0.6977886977886978,0.4329446064139942,0.7440347071583514,concordant,concordant,0.013930521906951931,0.04624600936965362
E02000502,Hillingdon,9,10,12.426557504925784,8.720309584393554,825.0,906.0,0.8392675483214649,0.9216683621566631,0.0824008138351983,-3.706247920532231,154.0,289.0,619,474,1093,443.0,40.71912168344007,-135.0,24.878836833602584,133.0,186.0,581.0,350.0,931.0,319.0,26.571428571428573,-53.0,22.89156626506024,146.0,436.0,582.0,58.239707227813355,-290.0,30.801687763713083,122.0,405.0,527.0,53.07196562835661,-283.0,34.85714285714286,-236.0,0.0,236.0,82.0,-124.0,-14.147693112011499,-1.9872705685423426,7.0,-55.0,-5.167741599456747,4.055455093429778,0.4321951219512195,0.9377859103385179,0.37706855791962174,0.9087003222341569,concordant,concordant,-0.05512656403159777,-0.029085588104361015
E02000503,Hillingdon,10,10,10.092731357667484,8.012564690468391,893.0,923.0,0.9084435401831128,0.9389623601220752,0.0305188199389623,-2.0801666671990926,0.0,280.0,467,414,881,280.0,0.0,-280.0,0.0,0.0,242.0,492.0,368.0,860.0,242.0,0.0,-242.0,0.0,0.0,383.0,383.0,0.0,-383.0,0.0,0.0,403.0,403.0,0.0,-403.0,0.0,-222.0,0.0,222.0,38.0,-38.0,0.0,0.0,-20.0,20.0,0.0,0.0,0.42232277526395173,0.7525539160045402,0.3751937984496124,0.75,concordant,concordant,-0.04712897681433931,-0.0025539160045402465
E02000504,Hillingdon,10,10,6.8963228225413165,6.065078778135049,964.0,964.0,0.9806714140386572,0.9806714140386572,0.0,-0.8312440444062679,0.0,201.0,355,299,654,201.0,0.0,-201.0,0.0,0.0,154.0,380.0,202.0,582.0,154.0,0.0,-154.0,0.0,0.0,267.0,267.0,0.0,-267.0,0.0,0.0,319.0,319.0,0.0,-319.0,0.0,-140.0,0.0,140.0,47.0,-47.0,0.0,0.0,-52.0,52.0,0.0,0.0,0.42948717948717946,0.7155963302752294,0.32558139534883723,0.8127147766323024,concordant,concordant,-0.10390578413834223,0.09711844635707301
E02000506,Hillingdon,10,10,9.608349342527514,8.406718039413846,901.0,914.0,0.9165818921668362,0.9298067141403866,0.0132248219735504,-1.2016313031136685,0.0,273.0,371,332,703,273.0,0.0,-273.0,0.0,0.0,247.0,421.0,292.0,713.0,247.0,0.0,-247.0,0.0,0.0,312.0,312.0,0.0,-312.0,0.0,0.0,347.0,347.0,0.0,-347.0,0.0,-233.0,0.0,233.0,26.0,-26.0,0.0,0.0,-35.0,35.0,0.0,0.0,0.4666666666666667,0.8321479374110953,0.4158249158249158,0.8330995792426368,concordant,concordant,-0.050841750841750855,0.0009516418315415054
E02000507,Hillingdon,8,9,13.75493844567544,11.403054127198915,781.0,811.0,0.7945066124109867,0.8250254323499492,0.0305188199389624,-2.3518843184765217,101.0,228.0,415,368,783,329.0,29.409961685823756,-127.0,24.33734939759036,87.0,180.0,420.0,297.0,717.0,267.0,21.84100418410042,-93.0,20.714285714285715,67.0,260.0,327.0,22.247765006385695,-193.0,18.206521739130434,67.0,279.0,346.0,26.07112970711297,-212.0,22.55892255892256,-157.0,59.0,216.0,34.0,-62.0,-7.568957501723336,-3.6230636833046432,-19.0,19.0,3.823364700727275,4.352400819792127,0.5015243902439024,0.8378033205619413,0.4355628058727569,0.8549511854951185,concordant,concordant,-0.06596158437114547,0.017147864933177215
E02000508,Hillingdon,7,8,18.23729852897911,14.742132807654825,667.0,712.0,0.6785350966429298,0.7243133265513734,0.0457782299084436,-3.4951657213242857,345.0,1280.0,1244,1796,3040,1625.0,145.26315789473685,-935.0,27.733118971061092,401.0,1008.0,1441.0,1265.0,2706.0,1409.0,149.37472283813747,-607.0,27.82789729354615,418.0,779.0,1197.0,107.1125,-361.0,23.2739420935412,211.0,877.0,1088.0,68.3839615668884,-666.0,16.679841897233203,-854.0,229.0,1083.0,328.0,-216.0,4.111564943400623,0.09477832248505891,-305.0,-109.0,-38.728538433111595,-6.594100196307998,0.5758327427356484,0.9282894736842106,0.5642771325590709,0.9227642276422764,concordant,concordant,-0.01155561017657758,-0.005525246041934162
E02000509,Hillingdon,4,7,28.634455010224947,15.670591191838763,392.0,674.0,0.3987792472024415,0.6856561546286877,0.2868769074262461,-12.963863818386182,1404.0,143.0,1797,931,2728,1547.0,73.59677419354838,1261.0,78.13021702838063,1326.0,97.0,1694.0,849.0,2543.0,1423.0,50.57884388517499,1229.0,78.27626918536009,684.0,243.0,927.0,60.92815249266862,441.0,73.46938775510205,638.0,220.0,858.0,55.19465198584349,418.0,75.1472320376914,205.0,699.0,494.0,-32.0,-124.0,-23.017930308373394,0.14605215697946505,-23.0,-69.0,-5.733500506825131,1.6778442825893478,0.6253031527890056,0.906891495601173,0.623849188952214,0.8969720802202124,concordant,concordant,-0.0014539638367916385,-0.009919415380960639
E02000510,Hillingdon,8,7,16.000113752837617,15.972845480386583,730.0,665.0,0.7426246185147508,0.676500508646999,-0.0661241098677518,-0.0272682724510335,116.0,397.0,779,532,1311,513.0,35.12738367658276,-281.0,14.890885750962774,60.0,383.0,575.0,487.0,1062.0,443.0,21.638418079096045,-323.0,10.434782608695652,66.0,591.0,657.0,29.752860411899313,-525.0,12.406015037593985,65.0,438.0,503.0,26.807909604519775,-373.0,13.347022587268995,-117.0,140.0,257.0,-42.0,-70.0,-13.488965597486715,-4.456103142267121,152.0,-154.0,-2.944950807379538,0.9410075496750103,0.43846153846153846,0.8924485125858124,0.4682875264270613,0.8907721280602636,concordant,concordant,0.029825987965522827,-0.0016763845255487464
E02000511,Hillingdon,8,7,16.291332773180564,15.61196688875429,724.0,677.0,0.7365208545269583,0.688708036622584,-0.0478128179043743,-0.6793658844262733,28.0,412.0,592,508,1100,440.0,10.487272727272726,-384.0,4.72972972972973,58.0,297.0,481.0,379.0,860.0,355.0,20.030232558139534,-239.0,12.058212058212058,45.0,517.0,562.0,21.15,-472.0,8.858267716535433,29.0,385.0,414.0,12.982558139534884,-356.0,7.651715039577836,-181.0,85.0,266.0,145.0,-85.0,9.542959830866808,7.328482328482329,116.0,-148.0,-8.167441860465114,-1.206552676957597,0.43912175648702595,0.9109090909090909,0.4616384915474642,0.8941860465116279,concordant,concordant,0.022516735060438275,-0.01672304439746297
E02000512,Hillingdon,5,4,26.093599238845144,25.678578106508873,448.0,341.0,0.4557477110885046,0.3468972533062054,-0.1088504577822991,-0.4150211323362711,336.0,252.0,692,616,1308,588.0,64.73394495412845,84.0,48.554913294797686,283.0,141.0,590.0,474.0,1064.0,424.0,37.50281954887218,142.0,47.96610169491525,250.0,265.0,515.0,50.649847094801224,-15.0,40.58441558441558,243.0,232.0,475.0,52.98496240601504,11.0,51.26582278481012,284.0,356.0,72.0,58.0,-164.0,-27.231125405256265,-0.5888115998824333,26.0,-40.0,2.335115311213819,10.681407200394538,0.5330915684496826,0.8432721712538226,0.47163515016685204,0.8449248120300752,divergent,concordant,-0.061456418282830605,0.0016526407762526008
E02000513,Hillingdon,3,3,33.486531797327395,29.069614991993593,273.0,227.0,0.2777212614445575,0.2309257375381485,-0.0467955239064089,-4.416916805333802,517.0,27.0,640,686,1326,544.0,10.527149321266968,490.0,80.78125,473.0,22.0,553.0,546.0,1099.0,495.0,9.468607825295724,451.0,85.53345388788426,612.0,47.0,659.0,21.692307692307693,565.0,89.21282798833819,489.0,30.0,519.0,13.34849863512284,459.0,89.56043956043956,319.0,401.0,82.0,-39.0,-49.0,-1.0585414959712445,4.752203887884264,-106.0,-140.0,-8.343809057184853,0.3476115721013713,0.45220282626766417,0.9072398190045249,0.4881656804733728,0.9226569608735213,concordant,concordant,0.035962854205708605,0.015417141868996453
E02000514,Hillingdon,7,6,21.0316956395112,21.020768379833576,593.0,492.0,0.6032553407934893,0.5005086469989827,-0.1027466937945066,-0.0109272596776257,154.0,568.0,714,732,1446,722.0,60.4923928077455,-414.0,21.568627450980394,121.0,472.0,639.0,740.0,1379.0,593.0,41.41551849166062,-351.0,18.9358372456964,140.0,485.0,625.0,46.95712309820193,-345.0,19.12568306010929,180.0,461.0,641.0,60.174039158810736,-281.0,24.324324324324326,-265.0,175.0,440.0,63.0,-129.0,-19.076874316084883,-2.6327902052839924,64.0,16.0,13.216916060608803,5.198641264215038,0.5360059391239792,0.9315352697095436,0.4805510534846029,0.8948513415518492,concordant,concordant,-0.05545488563937628,-0.03668392815769439
E02000515,Hillingdon,5,4,24.43053097116582,25.968127536231883,478.0,335.0,0.4862665310274669,0.340793489318413,-0.1454730417090539,1.537596565066064,595.0,388.0,1073,872,1945,983.0,118.69408740359896,207.0,55.452003727865794,644.0,354.0,1284.0,799.0,2083.0,998.0,109.44599135861738,290.0,50.155763239875384,344.0,343.0,687.0,60.66426735218509,1.0,39.44954128440367,336.0,459.0,795.0,74.03936629860777,-123.0,42.052565707133915,574.0,757.0,183.0,83.0,15.0,-9.24809604498158,-5.29624048799041,-124.0,108.0,13.375098946422682,2.6030244227302433,0.588622754491018,0.8586118251928021,0.5566090351366425,0.8607777244359097,concordant,divergent,-0.03201371935437547,0.0021658992431076163
E02000516,Hillingdon,5,5,25.07961312371508,22.52729635376261,470.0,440.0,0.4781281790437436,0.4476093591047813,-0.0305188199389623,-2.5523167699524727,196.0,253.0,550,583,1133,449.0,43.76699029126213,-57.0,35.63636363636364,161.0,198.0,422.0,548.0,970.0,359.0,32.863917525773196,-37.0,38.15165876777251,241.0,288.0,529.0,61.2603706972639,-47.0,41.337907375643226,279.0,193.0,472.0,55.51237113402062,86.0,50.91240875912408,-104.0,125.0,229.0,20.0,-90.0,-10.903072765488936,2.5152951314088696,133.0,-57.0,-5.747999563243283,9.57450138348085,0.4591002044989775,0.8631950573698146,0.43200962695547535,0.856701030927835,concordant,divergent,-0.027090577543502137,-0.006494026441979606
E02000517,Hillingdon,4,4,29.659013768838395,26.90824216349109,370.0,303.0,0.3763987792472024,0.3082400813835198,-0.0681586978636826,-2.750771605347307,457.0,114.0,741,633,1374,571.0,37.917030567685586,343.0,61.67341430499326,357.0,113.0,660.0,549.0,1209.0,470.0,33.36724565756824,244.0,54.090909090909086,406.0,130.0,536.0,38.41339155749636,276.0,64.13902053712481,351.0,103.0,454.0,29.903225806451612,248.0,63.934426229508205,189.0,342.0,153.0,-99.0,-101.0,-4.549784910117346,-7.582505214084172,-28.0,-82.0,-8.510165751044749,-0.20459430761660258,0.5158084914182475,0.8056768558951966,0.5086580086580087,0.7642679900744417,concordant,concordant,-0.007150482760238774,-0.04140886582075487
E02000518,Hillingdon,4,3,28.662204801301417,27.762351770161747,389.0,273.0,0.3957273652085453,0.2777212614445575,-0.1180061037639877,-0.8998530311396706,469.0,86.0,638,557,1195,555.0,33.75230125523012,383.0,73.51097178683386,356.0,49.0,605.0,450.0,1055.0,405.0,16.534597156398103,307.0,58.84297520661157,358.0,74.0,432.0,22.169037656903765,284.0,64.27289048473968,326.0,104.0,430.0,32.136492890995264,222.0,72.44444444444444,470.0,491.0,21.0,-76.0,-150.0,-17.21770409883202,-14.667996580222294,-62.0,-2.0,9.9674552340915,8.171553959704767,0.5623100303951368,0.8259414225941423,0.48502994011976047,0.7914691943127962,concordant,concordant,-0.07728009027537636,-0.03447222828134611
E02000519,Hillingdon,4,2,29.56950516863017,30.216530017528488,374.0,197.0,0.380467955239064,0.2004069175991861,-0.1800610376398779,0.6470248488983188,341.0,99.0,564,542,1106,440.0,30.523508137432188,242.0,60.46099290780141,228.0,68.0,461.0,492.0,953.0,296.0,16.26862539349423,160.0,49.457700650759215,321.0,95.0,416.0,27.57233273056058,226.0,59.22509225092251,310.0,125.0,435.0,40.66107030430221,185.0,63.00813008130082,411.0,428.0,17.0,-82.0,-144.0,-14.254882743937959,-11.003292257042197,-41.0,19.0,13.088737573741628,3.783037830378312,0.514018691588785,0.7739602169981917,0.4049247606019152,0.7670514165792235,concordant,concordant,-0.10909393098686981,-0.006908800418968242
E02000520,Hillingdon,4,4,29.21169711403431,26.35636716349109,380.0,320.0,0.3865717192268565,0.3255340793489318,-0.0610376398779247,-2.8553299505432186,626.0,165.0,994,923,1917,791.0,53.881064162754306,461.0,62.97786720321932,570.0,173.0,887.0,1034.0,1921.0,743.0,51.33263925039042,397.0,64.26155580608793,562.0,163.0,725.0,47.786124152321335,399.0,60.88840736728061,654.0,174.0,828.0,59.23789692868298,480.0,63.2495164410058,250.0,518.0,268.0,-64.0,-48.0,-2.5484249123638847,1.283688602868608,81.0,103.0,11.451772776361643,2.3611090737251956,0.5217678100263852,0.7908189880020866,0.47294716740929343,0.8178032274856846,concordant,concordant,-0.048820642617091736,0.02698423948359796
E02000521,Hillingdon,3,3,33.405997826876515,28.087703205877443,277.0,261.0,0.2817904374364191,0.2655137334689725,-0.0162767039674465,-5.3182946209990725,791.0,21.0,901,620,1521,812.0,10.921104536489151,770.0,87.79134295227526,700.0,27.0,794.0,674.0,1468.0,727.0,12.874659400544958,673.0,88.16120906801007,563.0,48.0,611.0,17.767258382642996,515.0,90.80645161290325,605.0,44.0,649.0,18.13351498637602,561.0,89.76261127596439,627.0,678.0,51.0,-97.0,-85.0,1.953554864055807,0.36986611573480843,46.0,38.0,0.3662566037330244,-1.0438403369388567,0.5706254392129304,0.9355687047994741,0.528343023255814,0.9373297002724795,concordant,concordant,-0.04228241595711646,0.0017609954730054556
E02000522,Hillingdon,5,4,26.896748182133365,24.48008140290106,432.0,374.0,0.4394710071210579,0.380467955239064,-0.0590030518819938,-2.4166667792323047,234.0,230.0,641,514,1155,464.0,46.5974025974026,4.0,36.505460218408736,224.0,188.0,579.0,494.0,1073.0,412.0,39.246971109040075,36.0,38.68739205526771,201.0,268.0,469.0,46.63896103896104,-67.0,39.10505836575876,166.0,225.0,391.0,34.8089468779124,-59.0,33.603238866396765,141.0,268.0,127.0,32.0,-52.0,-7.350431488362524,2.181931836858972,8.0,-78.0,-11.830014161048645,-5.501819499361993,0.49732047159699894,0.8077922077922078,0.5130759651307597,0.7483690587138863,divergent,divergent,0.015755493533760767,-0.05942314907832158
E02000523,Hillingdon,6,6,23.519854833956,20.60353533712429,513.0,514.0,0.5218718209562564,0.5228891149542217,0.0010172939979653,-2.916319496831711,205.0,555.0,855,798,1653,760.0,68.82940108892922,-350.0,23.976608187134502,174.0,516.0,750.0,789.0,1539.0,690.0,58.33918128654971,-342.0,23.200000000000003,173.0,607.0,780.0,63.5275257108288,-434.0,21.67919799498747,213.0,531.0,744.0,73.49122807017544,-318.0,26.996197718631176,-368.0,154.0,522.0,8.0,-70.0,-10.490219802379507,-0.7766081871344994,116.0,-36.0,9.963702359346641,5.316999723643708,0.4935064935064935,0.9316394434361767,0.4811715481171548,0.9317738791423001,concordant,concordant,-0.012334945389338714,0.00013443570612348132
E02000524,Hillingdon,6,4,22.944613857121418,23.926140787024725,535.0,389.0,0.5442522889114955,0.3957273652085453,-0.1485249237029501,0.9815269299033068,194.0,383.0,784,573,1357,577.0,54.75460574797347,-189.0,24.744897959183675,139.0,318.0,586.0,450.0,1036.0,457.0,42.666023166023166,-179.0,23.72013651877133,137.0,510.0,647.0,51.48857774502579,-373.0,23.909249563699824,107.0,403.0,510.0,41.62258687258687,-296.0,23.77777777777778,183.0,296.0,113.0,10.0,-120.0,-12.088582581950305,-1.0247614404123446,77.0,-137.0,-9.865990872438921,-0.13147178592204511,0.4714052287581699,0.9019896831245394,0.4725956566701138,0.9333976833976834,concordant,concordant,0.0011904279119438477,0.03140800027314394
E02000525,Hillingdon,5,5,27.576578477226377,23.33353612244898,418.0,412.0,0.4252288911495422,0.4191251271617497,-0.0061037639877924,-4.243042354777398,350.0,292.0,803,726,1529,642.0,66.84107259646828,58.0,43.586550435865504,327.0,200.0,703.0,677.0,1380.0,527.0,47.391304347826086,127.0,46.514935988620195,329.0,289.0,618.0,62.18508829300196,40.0,45.3168044077135,335.0,246.0,581.0,59.71739130434783,89.0,49.48301329394387,-62.0,236.0,298.0,69.0,-115.0,-19.449768248642194,2.9283855527546905,49.0,-37.0,-2.467696988654133,4.166208886230372,0.5095238095238095,0.8240680183126227,0.4756317689530686,0.8028985507246377,concordant,concordant,-0.03389204057074091,-0.02116946758798499
E02000526,Hounslow,9,9,12.121679705180236,10.528580752343656,830.0,844.0,0.844354018311292,0.8585961342828077,0.0142421159715157,-1.593098952836577,33.0,773.0,862,976,1838,806.0,13.87867247007617,-740.0,3.82830626450116,31.0,658.0,843.0,846.0,1689.0,689.0,12.076968620485497,-627.0,3.6773428232502967,77.0,692.0,769.0,28.990206746463542,-615.0,7.889344262295082,57.0,713.0,770.0,24.062166962699823,-656.0,6.73758865248227,-608.0,38.0,646.0,113.0,-117.0,-1.8017038495906732,-0.15096344125086336,-41.0,1.0,-4.928039783763719,-1.1517556098128123,0.5117460317460317,0.8569096844396082,0.4722412611377656,0.8638247483718177,concordant,concordant,-0.039504770608266127,0.00691506393220942
E02000528,Hounslow,3,2,34.2170895140508,31.21370738045738,253.0,169.0,0.2573753814852492,0.1719226856561546,-0.0854526958290946,-3.003382133593419,983.0,46.0,1133,770,1903,1029.0,23.761429322122964,937.0,86.76081200353045,0.0,0.0,0.0,0.0,0.0,0.0,0.0,0.0,0.0,673.0,57.0,730.0,20.158171308460325,616.0,87.40259740259741,0.0,0.0,0.0,0.0,0.0,0.0,0.0,0.0,0.0,-937.0,-1029.0,-23.761429322122964,-86.76081200353045,-616.0,-730.0,-20.158171308460325,-87.40259740259741,0.5849914724275156,0.9243300052548608,0.5,0.0,concordant,zero,-0.08499147242751559,-0.9243300052548608
E02000529,Hounslow,6,5,23.70278078125,22.90753357383917,504.0,426.0,0.5127161749745677,0.4333672431332655,-0.0793489318413021,-0.7952472074108279,226.0,286.0,615,637,1252,512.0,51.626198083067095,-60.0,36.7479674796748,247.0,265.0,513.0,534.0,1047.0,512.0,62.51671442215855,-18.0,48.148148148148145,265.0,293.0,558.0,62.016773162939295,-28.0,41.60125588697017,214.0,232.0,446.0,47.41929321872016,-18.0,40.074906367041194,-15.0,195.0,210.0,42.0,0.0,10.890516339091455,11.400180668473347,10.0,-112.0,-14.597479944219131,-1.5263495199289778,0.4785046728971963,0.854632587859425,0.534446764091858,0.9149952244508118,concordant,concordant,0.0559420911946617,0.06036263659138685
E02000530,Hounslow,3,2,33.74568115401492,33.26754316496432,266.0,117.0,0.2706002034587996,0.1190233977619532,-0.1515768056968464,-0.4781379890505945,359.0,32.0,451,560,1011,391.0,11.363006923837784,327.0,79.6008869179601,304.0,22.0,354.0,436.0,790.0,326.0,8.465822784810127,282.0,85.87570621468926,472.0,40.0,512.0,18.67457962413452,432.0,84.28571428571429,389.0,16.0,405.0,7.878481012658228,373.0,89.22018348623854,319.0,336.0,17.0,-45.0,-65.0,-2.8971841390276563,6.274819296729163,-59.0,-107.0,-10.796098611476292,4.934469200524248,0.4330011074197121,0.8931750741839762,0.44596443228454175,0.9253164556962026,concordant,concordant,0.01296332486482965,0.03214138151222634
E02000531,Hounslow,6,5,21.913849054851504,22.938781030444968,567.0,423.0,0.5768056968463886,0.4303153611393693,-0.1464903357070193,1.0249319755934645,487.0,400.0,1047,1042,2089,887.0,93.2503590234562,87.0,46.51384909264566,442.0,439.0,831.0,1185.0,2016.0,881.0,96.24900793650794,3.0,53.18892900120337,491.0,443.0,934.0,104.1230253709909,48.0,47.12092130518234,625.0,305.0,930.0,94.55605158730158,320.0,52.74261603375528,128.0,494.0,366.0,-84.0,-6.0,2.9986489130517384,6.675079908557713,272.0,-4.0,-9.56697378368932,5.62169472857294,0.4870950027457441,0.8717089516515079,0.4864715626725566,0.8983134920634921,concordant,concordant,-0.0006234400731874867,0.026604540411984234
E02000532,Hounslow,8,8,16.88065366866812,14.99807795344752,706.0,704.0,0.7182095625635809,0.71617497456765,-0.0020345879959309,-1.882575715220602,175.0,462.0,786,812,1598,637.0,50.5944931163955,-287.0,22.264631043257,183.0,339.0,685.0,625.0,1310.0,522.0,47.35648854961832,-156.0,26.71532846715328,179.0,487.0,666.0,54.55131414267835,-308.0,22.04433497536946,157.0,356.0,513.0,42.66564885496183,-199.0,25.119999999999997,-201.0,185.0,386.0,131.0,-115.0,-3.238004566777178,4.45069742389628,109.0,-153.0,-11.88566528771652,3.0756650246305384,0.488871834228703,0.8153942428035044,0.5043478260869565,0.7900763358778626,concordant,concordant,0.01547599185825349,-0.02531790692564173
E02000533,Hounslow,8,7,16.859181884368308,15.51448368270605,707.0,683.0,0.7192268565615463,0.6948118006103764,-0.0244150559511698,-1.3446982016622575,148.0,463.0,815,768,1583,611.0,43.287428932406826,-315.0,18.15950920245399,141.0,386.0,690.0,705.0,1395.0,527.0,39.01505376344086,-245.0,20.434782608695652,160.0,507.0,667.0,51.24447252053064,-347.0,20.833333333333336,178.0,389.0,567.0,49.63584229390681,-211.0,25.248226950354606,1.0,313.0,312.0,70.0,-84.0,-4.272375168965965,2.275273406241663,136.0,-100.0,-1.6086302266238306,4.414893617021271,0.4780907668231612,0.8073278584965256,0.48171846435100546,0.7842293906810036,concordant,concordant,0.0036276975278442536,-0.02309846781552194
E02000534,Hounslow,9,8,13.104869965688712,13.722152397260274,795.0,741.0,0.8087487283825026,0.7538148524923703,-0.0549338758901322,0.6172824315715619,45.0,483.0,720,604,1324,528.0,16.41616314199396,-438.0,6.25,29.0,424.0,573.0,569.0,1142.0,453.0,10.76707530647986,-395.0,5.06108202443281,46.0,554.0,600.0,19.24773413897281,-508.0,7.6158940397351,53.0,465.0,518.0,21.580560420315237,-412.0,9.314586994727591,-372.0,62.0,434.0,43.0,-75.0,-5.6490878355140985,-1.1889179755671897,96.0,-82.0,2.3328262813424274,1.6986929549924916,0.46808510638297873,0.851963746223565,0.466529351184346,0.850262697022767,concordant,concordant,-0.0015557551986327134,-0.0017010492007979439
E02000535,Hounslow,7,6,19.428782753202025,19.517283306666663,628.0,555.0,0.6388606307222787,0.5645981688708036,-0.0742624618514751,0.088500553464641,88.0,472.0,575,777,1352,560.0,30.72189349112426,-384.0,15.304347826086955,36.0,425.0,461.0,727.0,1188.0,461.0,12.87878787878788,-389.0,7.809110629067245,153.0,361.0,514.0,40.85281065088758,-208.0,19.69111969111969,112.0,321.0,433.0,30.262626262626263,-209.0,15.405777166437415,-427.0,42.0,469.0,-5.0,-99.0,-17.84310561233638,-7.49523719701971,-1.0,-81.0,-10.590184388261314,-4.285342524682276,0.521415270018622,0.7943786982248521,0.5156599552572707,0.7525252525252525,concordant,concordant,-0.005755314761351271,-0.04185344569959959
E02000536,Hounslow,7,6,19.360426751537386,20.89095451210565,632.0,497.0,0.6429298067141404,0.5055951169888098,-0.1373346897253305,1.530527760568269,141.0,424.0,662,779,1441,565.0,41.48785565579459,-283.0,21.299093655589125,139.0,309.0,696.0,624.0,1320.0,448.0,32.538636363636364,-170.0,19.97126436781609,187.0,397.0,584.0,51.51908396946565,-210.0,24.005134788189988,136.0,397.0,533.0,40.903030303030306,-261.0,21.794871794871796,-192.0,161.0,353.0,113.0,-117.0,-8.949219292158226,-1.327829287773035,-51.0,-51.0,-10.616053666435342,-2.2102629933181923,0.4917319408181027,0.7973629424011104,0.4566768603465851,0.7431818181818182,concordant,concordant,-0.03505508047151756,-0.05418112421929222
E02000537,Hounslow,9,7,12.08994190301624,16.15282645788337,831.0,655.0,0.8453713123092573,0.6663275686673449,-0.1790437436419124,4.06288455486713,21.0,883.0,723,1026,1749,904.0,10.60205831903945,-862.0,2.904564315352697,21.0,642.0,758.0,757.0,1515.0,663.0,8.8990099009901,-621.0,2.7704485488126647,35.0,637.0,672.0,12.747284162378502,-602.0,3.41130604288499,27.0,659.0,686.0,11.744554455445543,-632.0,3.5667107001321003,-449.0,114.0,563.0,241.0,-241.0,-1.7030484180493506,-0.13411576654003232,-30.0,14.0,-1.0027297069329588,0.1554046572471104,0.5736040609137056,0.9010863350485993,0.49147516679021497,0.8904290429042905,concordant,concordant,-0.08212889412349067,-0.010657292144308772
E02000538,Hounslow,5,5,24.420257902073732,22.202656960301667,479.0,449.0,0.4872838250254323,0.45676500508647,-0.0305188199389623,-2.2176009417720657,328.0,200.0,648,811,1459,528.0,44.96230294722413,128.0,50.617283950617285,296.0,138.0,511.0,795.0,1306.0,434.0,31.27718223583461,158.0,57.925636007827784,379.0,151.0,530.0,39.22481151473612,228.0,46.7324290998767,434.0,81.0,515.0,26.91730474732006,353.0,54.59119496855346,-185.0,172.0,357.0,30.0,-94.0,-13.685120711389523,7.308352057210499,125.0,-15.0,-12.307506767416058,7.8587658686767625,0.499054820415879,0.7251542152159013,0.45732349841938885,0.7266462480857581,concordant,concordant,-0.041731321996490156,0.0014920328698567742
E02000539,Hounslow,6,6,22.23929445591518,20.988940339354137,553.0,493.0,0.5625635808748728,0.5015259409969481,-0.0610376398779246,-1.250354116561045,668.0,273.0,1297,802,2099,941.0,86.88137208194378,395.0,51.50346954510409,504.0,212.0,842.0,694.0,1536.0,716.0,69.5625,292.0,59.85748218527315,445.0,460.0,905.0,97.52262982372558,-15.0,55.48628428927681,411.0,230.0,641.0,61.54296875,181.0,59.221902017291065,95.0,386.0,291.0,-103.0,-225.0,-17.31887208194378,8.35401264016906,196.0,-264.0,-35.97966107372558,3.7356177280142546,0.5097508125677139,0.8794664125774179,0.5276344878408253,0.8834635416666666,divergent,concordant,0.01788367527311141,0.003997129089248763
E02000540,Hounslow,7,6,18.15040011680727,20.839676367869615,673.0,500.0,0.6846388606307223,0.508646998982706,-0.1759918616480162,2.689276251062349,255.0,400.0,877,867,1744,655.0,58.48623853211009,-145.0,29.07639680729761,277.0,504.0,1161.0,1055.0,2216.0,781.0,63.0,-227.0,23.858742463393625,257.0,399.0,656.0,58.79759174311926,-142.0,29.64244521337947,306.0,605.0,911.0,83.54241877256318,-299.0,29.00473933649289,-268.0,308.0,576.0,-82.0,126.0,4.513761467889907,-5.217654343903984,-157.0,255.0,24.74482702944392,-0.6377058768865815,0.4996186117467582,0.7517201834862385,0.46158392434988177,0.7635379061371841,concordant,concordant,-0.03803468739687643,0.011817722650945606
E02000541,Hounslow,5,4,27.91974758084507,24.003567947217196,414.0,386.0,0.4211597151576806,0.392675483214649,-0.0284842319430315,-3.916179633627874,385.0,133.0,639,884,1523,518.0,33.62114248194353,252.0,60.25039123630673,447.0,100.0,666.0,811.0,1477.0,547.0,30.264048747461068,347.0,67.11711711711712,540.0,118.0,658.0,41.83847669074195,422.0,61.085972850678736,535.0,82.0,617.0,29.70209884901828,453.0,65.96794081381012,381.0,467.0,86.0,95.0,29.0,-3.3570937344824614,6.866725880810385,31.0,-41.0,-12.136377841723668,4.88196796313138,0.44047619047619047,0.7721602101116218,0.4699312714776632,0.7880839539607312,concordant,concordant,0.02945508100147276,0.01592374384910933
E02000542,Hounslow,6,4,23.751090553426987,24.035698059714715,502.0,384.0,0.5106815869786369,0.3906408952187182,-0.1200406917599186,0.2846075062877276,544.0,388.0,983,1031,2014,932.0,104.80238331678252,156.0,55.340793489318415,414.0,348.0,875.0,998.0,1873.0,762.0,76.92044847837694,66.0,47.31428571428572,523.0,337.0,860.0,87.51290963257199,186.0,50.727449078564504,557.0,379.0,936.0,112.708489054992,178.0,55.81162324649298,493.0,595.0,102.0,-90.0,-170.0,-27.881934838405584,-8.026507775032698,-8.0,76.0,25.19557942242001,5.084174167928474,0.5200892857142857,0.8897715988083416,0.44876325088339225,0.9065670048051254,concordant,concordant,-0.07132603483089345,0.016795405996783863
E02000543,Hounslow,7,5,19.18650155998559,21.482577060116743,636.0,476.0,0.646998982706002,0.4842319430315361,-0.1627670396744658,2.296075500131156,359.0,703.0,1284,1417,2701,1062.0,93.43835616438356,-344.0,27.9595015576324,292.0,624.0,1370.0,1368.0,2738.0,916.0,66.54784514243974,-332.0,21.313868613138688,371.0,651.0,1022.0,89.41910403554239,-280.0,26.182074805928018,406.0,717.0,1123.0,106.31921110299488,-311.0,29.678362573099413,320.0,691.0,371.0,12.0,-146.0,-26.890511021943823,-6.645632944493713,-31.0,101.0,16.900107067452495,3.4962877671713954,0.5095969289827256,0.7715660866345798,0.4492398234428642,0.7447041636230826,concordant,concordant,-0.0603571055398614,-0.026861923011497257
E02000544,Hounslow,9,8,12.51328812172216,14.279776210400478,822.0,723.0,0.8362156663275687,0.7355035605289929,-0.1007121057985758,1.766488088678317,53.0,421.0,575,560,1135,474.0,19.659030837004405,-368.0,9.217391304347826,28.0,388.0,482.0,509.0,991.0,416.0,10.96266397578204,-360.0,5.809128630705394,50.0,455.0,505.0,20.044052863436125,-405.0,8.928571428571429,47.0,395.0,442.0,18.733602421796167,-348.0,9.233791748526524,-331.0,61.0,392.0,8.0,-58.0,-8.696366861222366,-3.408262673642432,57.0,-63.0,-1.3104504416399578,0.3052203199550956,0.48416751787538304,0.8625550660792951,0.48484848484848486,0.8657921291624622,concordant,concordant,0.0006809669731018264,0.003237063083167069
E02000545,Hounslow,5,4,27.00664685124068,25.576557938913496,428.0,343.0,0.4354018311291963,0.3489318413021363,-0.08646998982706,-1.4300889123271858,504.0,134.0,703,683,1386,638.0,48.72727272727273,370.0,71.6927453769559,460.0,49.0,634.0,571.0,1205.0,509.0,18.70539419087137,411.0,72.55520504731862,457.0,129.0,586.0,42.53463203463203,328.0,66.91068814055637,468.0,99.0,567.0,38.44979253112033,369.0,81.9614711033275,461.0,503.0,42.0,41.0,-129.0,-30.021878536401356,0.8624596703627248,41.0,-19.0,-4.084839503511702,15.050782962771123,0.5212418300653595,0.8831168831168831,0.47304832713754646,0.8929460580912864,concordant,concordant,-0.04819350292781305,0.009829174974403276
E02000546,Hounslow,7,5,20.05068151692308,21.02405940594059,615.0,491.0,0.6256358087487284,0.4994913530010172,-0.1261444557477111,0.9733778890175168,139.0,518.0,742,853,1595,657.0,45.1423197492163,-379.0,18.733153638814017,82.0,409.0,616.0,717.0,1333.0,491.0,25.15978994748687,-327.0,13.311688311688313,190.0,393.0,583.0,46.81504702194357,-203.0,22.27432590855803,109.0,361.0,470.0,29.51912978244561,-252.0,15.202231520223153,-60.0,209.0,269.0,52.0,-166.0,-19.982529801729427,-5.421465327125704,-49.0,-113.0,-17.29591723949796,-7.072094388334877,0.5298387096774193,0.7774294670846394,0.5109261186264308,0.7209302325581395,concordant,concordant,-0.018912591050988525,-0.056499234526499964
E02000547,Hounslow,5,6,24.223362533119655,20.505488107236445,481.0,520.0,0.4893184130213632,0.5289928789420142,0.0396744659206509,-3.7178744258832097,352.0,100.0,711,702,1413,452.0,24.911535739561216,252.0,49.507735583684955,384.0,91.0,678.0,493.0,1171.0,475.0,29.841161400512384,293.0,56.63716814159292,361.0,115.0,476.0,29.38075017692852,246.0,51.42450142450142,237.0,84.0,321.0,17.000853970964986,153.0,48.073022312373226,-197.0,151.0,348.0,41.0,23.0,4.929625660951167,7.129432557907968,-93.0,-155.0,-12.379896205963533,-3.351479112128196,0.4870689655172414,0.656758669497523,0.5967336683417085,0.6797608881298036,concordant,concordant,0.10966470282446711,0.02300221863228058
E02000548,Hounslow,5,4,27.929896883445014,27.051314066708105,413.0,301.0,0.4201424211597152,0.306205493387589,-0.1139369277721261,-0.8785828167369125,449.0,97.0,836,539,1375,546.0,31.67490909090909,352.0,53.70813397129187,305.0,57.0,643.0,461.0,1104.0,362.0,15.747282608695652,248.0,47.43390357698289,254.0,138.0,392.0,25.492363636363635,116.0,47.124304267161406,240.0,100.0,340.0,21.73913043478261,140.0,52.060737527114966,409.0,462.0,53.0,-104.0,-184.0,-15.927626482213437,-6.274230394308979,24.0,-52.0,-3.7532332015810255,4.93643325995356,0.582089552238806,0.6821818181818182,0.5156695156695157,0.6358695652173914,concordant,concordant,-0.0664200365692903,-0.04631225296442687
E02000549,Hounslow,6,5,23.18175690841427,22.363031332280148,529.0,443.0,0.5381485249237029,0.4506612410986775,-0.0874872838250254,-0.8187255761341206,326.0,377.0,915,728,1643,703.0,74.80340839926963,-51.0,35.62841530054644,319.0,318.0,835.0,642.0,1477.0,637.0,68.68111035883548,1.0,38.203592814371255,286.0,529.0,815.0,92.08399269628728,-243.0,39.285714285714285,272.0,414.0,686.0,76.24102911306703,-142.0,42.36760124610592,138.0,369.0,231.0,52.0,-66.0,-6.122298040434146,2.575177513824812,101.0,-129.0,-15.842963583220254,3.0818869603916355,0.4631093544137022,0.923919659160073,0.48148148148148145,0.8957345971563981,concordant,divergent,0.018372127067779243,-0.028185062003674877
E02000550,Hounslow,5,4,26.317826609137057,26.45205352662392,445.0,316.0,0.4526958290946083,0.3214649033570702,-0.1312309257375381,0.1342269174868633,409.0,125.0,790,665,1455,534.0,35.13745704467354,284.0,51.77215189873417,365.0,63.0,603.0,554.0,1157.0,428.0,19.87467588591184,302.0,60.53067993366501,338.0,159.0,497.0,36.9360824742268,179.0,50.82706766917293,373.0,84.0,457.0,27.08038029386344,289.0,67.32851985559567,379.0,432.0,53.0,18.0,-106.0,-15.262781158761697,8.75852803493084,110.0,-40.0,-9.855702180363362,16.50145218642274,0.5179437439379243,0.7085910652920963,0.48361581920903957,0.7649092480553155,concordant,concordant,-0.03432792472888474,0.056318182763219204
E02000551,Hounslow,2,2,36.34527624796842,31.844579723090664,197.0,156.0,0.2004069175991861,0.1586978636826042,-0.0417090539165818,-4.500696524877757,664.0,6.0,679,641,1320,670.0,3.018181818181818,658.0,97.79086892488954,567.0,3.0,585.0,401.0,986.0,570.0,1.725152129817444,564.0,96.92307692307692,632.0,9.0,641.0,4.3090909090909095,623.0,98.59594383775352,385.0,4.0,389.0,1.561866125760649,381.0,96.00997506234414,548.0,554.0,6.0,-94.0,-100.0,-1.2930296883643742,-0.8677920018126173,-242.0,-252.0,-2.7472247833302603,-2.585968775409384,0.5110602593440122,0.9931818181818182,0.59436913451512,0.9726166328600405,concordant,concordant,0.08330887517110774,-0.020565185321777646
E02000552,Hounslow,7,7,18.244348255504477,17.81200153718813,665.0,602.0,0.676500508646999,0.612410986775178,-0.0640895218718209,-0.4323467183163458,138.0,336.0,774,421,1195,474.0,38.801673640167365,-198.0,17.829457364341085,104.0,263.0,603.0,390.0,993.0,367.0,27.5448136958711,-159.0,17.24709784411277,58.0,549.0,607.0,26.64602510460251,-491.0,13.77672209026128,98.0,408.0,506.0,40.26586102719033,-310.0,25.128205128205128,-206.0,72.0,278.0,39.0,-107.0,-11.256859944296266,-0.5823595202283158,181.0,-101.0,13.619835922587821,11.351483037943847,0.43848288621646625,0.9046025104602511,0.42038946162657503,0.879154078549849,concordant,concordant,-0.018093424589891216,-0.025448431910402136
E02000553,Hounslow,5,5,26.135274965934897,21.705608289550497,447.0,467.0,0.4547304170905392,0.4750762970498474,0.0203458799593082,-4.4296666763844,281.0,69.0,463,337,800,350.0,24.23625,212.0,60.69114470842333,231.0,60.0,348.0,278.0,626.0,291.0,22.140575079872203,171.0,66.37931034482759,207.0,69.0,276.0,17.85375,138.0,61.42433234421365,162.0,66.0,228.0,17.079872204472842,96.0,58.27338129496403,65.0,165.0,100.0,-41.0,-59.0,-2.095674920127795,5.688165636404257,-42.0,-48.0,-0.7738777955271594,-3.1509510492496204,0.5591054313099042,0.7825,0.5606936416184971,0.829073482428115,concordant,concordant,0.0015882103085929078,0.04657348242811499
E02000554,Islington,1,1,44.20665810607711,36.66239345756532,75.0,52.0,0.0762970498474059,0.0528992878942014,-0.0233977619532044,-7.544264648511785,802.0,0.0,917,1068,1985,802.0,0.0,802.0,87.45910577971647,790.0,0.0,909.0,1026.0,1935.0,790.0,0.0,790.0,86.90869086908691,948.0,0.0,948.0,0.0,948.0,88.76404494382022,885.0,0.0,885.0,0.0,885.0,86.25730994152046,787.0,787.0,0.0,-12.0,-12.0,0.0,-0.5504149106295557,-63.0,-63.0,0.0,-2.506735002299763,0.4582857142857143,0.8816120906801007,0.4716417910447761,0.8656330749354005,concordant,concordant,0.013356076759061808,-0.015979015744700176
E02000555,Islington,3,4,34.1693764019983,26.463004525817738,256.0,315.0,0.2604272634791454,0.3204476093591047,0.0600203458799593,-7.706371876180565,461.0,351.0,989,1099,2088,812.0,77.49568965517241,110.0,46.61274014155713,503.0,386.0,1031.0,1137.0,2168.0,889.0,89.55627306273063,117.0,48.78758486905917,557.0,408.0,965.0,108.83908045977012,149.0,50.68243858052776,615.0,406.0,1021.0,115.17066420664209,209.0,54.089709762532976,17.0,483.0,466.0,7.0,77.0,12.060583407558212,2.174844727502034,60.0,56.0,6.331583746871971,3.4072711820052177,0.4569499155880698,0.8510536398467433,0.4654450261780105,0.8809963099630996,concordant,concordant,0.00849511058994068,0.029942670116356318
E02000556,Islington,3,3,35.42910184352518,28.7203258596326,215.0,242.0,0.2187182095625635,0.2461851475076297,0.0274669379450661,-6.708775983892583,636.0,441.0,1305,1367,2672,1077.0,104.9685628742515,195.0,48.735632183908045,776.0,655.0,1674.0,1642.0,3316.0,1431.0,153.2810615199035,121.0,46.35603345280765,720.0,427.0,1147.0,115.05988023952096,293.0,52.67008046817849,733.0,634.0,1367.0,140.1453558504222,99.0,44.64068209500609,494.0,980.0,486.0,-74.0,354.0,48.312498645651985,-2.379598731100394,-194.0,220.0,25.085475610901227,-8.029398373172398,0.48426258992805754,0.8323353293413174,0.5114367405289493,0.8437876960193004,concordant,concordant,0.027174150600891733,0.011452366677982995
E02000557,Islington,2,2,39.67167364844904,32.96260871100648,145.0,125.0,0.1475076297049847,0.1271617497456765,-0.0203458799593082,-6.709064937442555,636.0,151.0,898,961,1859,787.0,51.66003227541689,485.0,70.8240534521158,679.0,163.0,1008.0,1057.0,2065.0,842.0,53.59661016949153,516.0,67.36111111111111,664.0,112.0,776.0,40.00430338891877,552.0,69.09469302809573,748.0,178.0,926.0,64.47651331719128,570.0,70.76631977294228,622.0,768.0,146.0,31.0,55.0,1.936577894074638,-3.462942341004691,18.0,150.0,24.472209928272505,1.6716267448465487,0.5035188739603327,0.8407746100053792,0.4762443438914027,0.8561743341404359,concordant,concordant,-0.027274530068929992,0.015399724135056636
E02000558,Islington,1,1,51.70868340473506,41.073897152700376,15.0,17.0,0.0152594099694811,0.017293997965412,0.0020345879959308,-10.634786252034688,681.0,0.0,846,992,1838,681.0,0.0,681.0,80.49645390070921,908.0,0.0,1120.0,1218.0,2338.0,908.0,0.0,908.0,81.07142857142857,830.0,0.0,830.0,0.0,830.0,83.66935483870968,997.0,0.0,997.0,0.0,997.0,81.85550082101807,932.0,932.0,0.0,227.0,227.0,0.0,0.5749746707193566,167.0,167.0,0.0,-1.813854017691611,0.45069490403706153,0.8220892274211099,0.47664041994750656,0.8147989734816082,concordant,concordant,0.025945515910445027,-0.0072902539395016674
E02000559,Islington,4,6,29.6338894447232,19.866103088566167,371.0,537.0,0.3774160732451678,0.5462868769074263,0.1688708036622584,-9.767786356157032,390.0,611.0,1223,1186,2409,1001.0,98.91656288916565,-221.0,31.888798037612425,362.0,620.0,1206.0,1113.0,2319.0,982.0,96.78309616213885,-258.0,30.016583747927033,388.0,673.0,1061.0,108.39518472395184,-285.0,32.715008431703204,332.0,674.0,1006.0,96.4933160845192,-342.0,29.829290206648697,-548.0,244.0,792.0,-37.0,-19.0,-2.1334667270268,-1.8722142896853917,-57.0,-55.0,-11.90186863943265,-2.8857182250545073,0.48545101842870997,0.8559568285595683,0.4939637826961771,0.8572660629581716,concordant,concordant,0.00851276426746711,0.0013092343986033095
E02000560,Islington,3,4,35.31843022894291,26.430689837598425,218.0,317.0,0.2217700915564598,0.3224821973550356,0.1007121057985757,-8.887740391344483,562.0,519.0,1103,1292,2395,1081.0,121.78622129436326,43.0,50.951949229374435,441.0,629.0,1123.0,1487.0,2610.0,1070.0,106.2793103448276,-188.0,39.26981300089047,542.0,364.0,906.0,82.3749478079332,178.0,41.95046439628483,621.0,510.0,1131.0,121.34482758620688,111.0,41.761936785474106,-300.0,391.0,691.0,-231.0,-11.0,-15.506910949535651,-11.682136228483962,-67.0,225.0,38.96987977827368,-0.18852761081072344,0.5440362355309512,0.8296450939457203,0.48614266242616994,0.8432950191570882,concordant,divergent,-0.057893573104781215,0.013649925211367875
E02000561,Islington,4,7,28.651836133488253,17.51918631961259,390.0,611.0,0.3967446592065107,0.6215666327568667,0.224821973550356,-11.132649813875664,373.0,573.0,884,1157,2041,946.0,104.71778539931408,-200.0,42.19457013574661,305.0,406.0,849.0,979.0,1828.0,711.0,67.74070021881838,-101.0,35.924617196702,452.0,414.0,866.0,91.6844683978442,38.0,39.06655142610199,422.0,431.0,853.0,99.49781181619257,-9.0,43.10520939734423,-559.0,141.0,700.0,99.0,-235.0,-36.977085180495706,-6.269952939044607,-47.0,-13.0,7.813343418348367,4.038657971242245,0.522075055187638,0.8878000979911808,0.45460358056265987,0.8555798687089715,divergent,concordant,-0.0674714746249781,-0.032220229282209245
E02000562,Islington,3,5,33.86163829594152,23.77685093725446,263.0,394.0,0.2675483214649033,0.4008138351983723,0.1332655137334689,-10.08478735868706,408.0,326.0,883,995,1878,734.0,70.82428115015975,82.0,46.206115515288786,402.0,344.0,822.0,889.0,1711.0,746.0,80.822910578609,58.0,48.9051094890511,538.0,359.0,897.0,102.84451544195952,179.0,54.07035175879397,431.0,323.0,754.0,81.3635300993571,108.0,48.4814398200225,-246.0,255.0,501.0,-24.0,12.0,9.998629428449249,2.698993973762313,-71.0,-143.0,-21.48098534260241,-5.588911938771467,0.45003065603923975,0.8684771033013845,0.49733333333333335,0.8766803039158387,concordant,concordant,0.0473026772940936,0.008203200614454231
E02000563,Islington,2,1,39.88601800730616,36.07100637459434,138.0,61.0,0.1403865717192268,0.0620549338758901,-0.0783316378433367,-3.815011632711815,732.0,180.0,1106,1109,2215,912.0,59.48532731376975,552.0,66.18444846292948,645.0,169.0,1048.0,1047.0,2095.0,814.0,52.031026252983295,476.0,61.54580152671756,719.0,182.0,901.0,59.07810383747179,537.0,64.8331830477908,707.0,215.0,922.0,72.55608591885442,492.0,67.52626552053485,899.0,899.0,0.0,-76.0,-98.0,-7.454301060786456,-4.63864693621192,-45.0,21.0,13.477982081382635,2.6930824727440523,0.5030336458907887,0.818510158013544,0.46889400921658986,0.8286396181384248,concordant,concordant,-0.03413963667419884,0.010129460124880807
E02000564,Islington,2,3,40.306716794390184,28.143238711292877,130.0,260.0,0.1322482197355035,0.2644964394710071,0.1322482197355035,-12.163478083097306,962.0,261.0,1451,1609,3060,1223.0,82.05294117647058,701.0,66.29910406616126,1152.0,287.0,1772.0,1771.0,3543.0,1439.0,93.31752751905164,865.0,65.01128668171557,1074.0,225.0,1299.0,78.97058823529412,849.0,66.74953387197017,1188.0,297.0,1485.0,99.58679085520744,891.0,67.08074534161491,552.0,1028.0,476.0,164.0,216.0,11.264586342581055,-1.2878173844456882,42.0,186.0,20.616202619913324,0.33121146964474235,0.48493259318001586,0.8241830065359477,0.49213406292749656,0.8252893028506915,concordant,concordant,0.007201469747480704,0.0011062963147437932
E02000565,Islington,2,3,41.51373079882741,30.05893744323342,116.0,202.0,0.1180061037639877,0.2054933875890132,0.0874872838250254,-11.454793355593988,471.0,150.0,882,1000,1882,621.0,37.53985122210415,321.0,53.40136054421769,517.0,234.0,874.0,946.0,1820.0,751.0,66.47142857142858,283.0,59.153318077803206,597.0,168.0,765.0,53.29224229543039,429.0,59.7,497.0,146.0,643.0,39.86923076923077,351.0,52.53699788583509,126.0,467.0,341.0,-38.0,130.0,28.931577349324428,5.751957533585518,-78.0,-122.0,-13.423011526199623,-7.163002114164911,0.44805194805194803,0.7364505844845909,0.5387374461979914,0.765934065934066,concordant,concordant,0.09068549814604332,0.029483481449475102
E02000566,Islington,4,6,28.95529662052915,19.400200328407223,385.0,562.0,0.3916581892166836,0.5717192268565615,0.1800610376398779,-9.555096292121933,362.0,536.0,938,1052,1990,898.0,97.5035175879397,-174.0,38.59275053304904,399.0,524.0,1163.0,1047.0,2210.0,923.0,94.60452488687784,-125.0,34.307824591573514,399.0,418.0,817.0,83.81005025125629,-19.0,37.9277566539924,378.0,609.0,987.0,104.16380090497738,-231.0,36.10315186246418,-415.0,257.0,672.0,49.0,25.0,-2.8989927010618572,-4.284925941475528,-212.0,170.0,20.353750653721093,-1.8246047915282162,0.5236151603498542,0.8618090452261307,0.48324607329842934,0.8642533936651584,concordant,concordant,-0.04036908705142489,0.0024443484390277437
E02000567,Islington,2,3,37.64801429909249,27.776161795226567,176.0,272.0,0.1790437436419125,0.2767039674465921,0.0976602238046795,-9.87185250386592,692.0,216.0,1218,1364,2582,908.0,57.89000774593338,476.0,56.81444991789819,719.0,171.0,1240.0,1181.0,2421.0,890.0,50.784386617100374,548.0,57.983870967741936,865.0,197.0,1062.0,65.99728892331525,668.0,63.41642228739003,777.0,231.0,1008.0,74.13754646840148,546.0,65.79170194750212,386.0,665.0,279.0,72.0,-18.0,-7.105621128833008,1.1694210498437485,-122.0,-54.0,8.140257545086229,2.375279660112092,0.46091370558375633,0.7629744384198296,0.46891464699683877,0.7839735646427096,concordant,concordant,0.00800094141308244,0.020999126222880027
E02000568,Islington,1,2,42.750898618181814,31.54204006648587,99.0,162.0,0.1007121057985757,0.1648016276703967,0.0640895218718209,-11.208858551695943,1067.0,0.0,1280,1242,2522,1067.0,0.0,1067.0,83.359375,1249.0,0.0,1555.0,1290.0,2845.0,1249.0,0.0,1249.0,80.32154340836013,1052.0,0.0,1052.0,0.0,1052.0,84.70209339774557,1098.0,0.0,1098.0,0.0,1098.0,85.11627906976744,935.0,1076.0,141.0,182.0,182.0,0.0,-3.037831591639872,46.0,46.0,0.0,0.4141856720218726,0.5035394053798962,0.8402061855670103,0.532168726033234,0.8249560632688928,concordant,concordant,0.028629320653337786,-0.015250122298117508
E02000569,Islington,2,3,40.09482606465775,29.2265388215859,135.0,225.0,0.1373346897253306,0.2288911495422177,0.091556459816887,-10.868287243071851,684.0,157.0,996,1221,2217,841.0,48.43843031123139,527.0,68.67469879518072,642.0,207.0,1009.0,1230.0,2239.0,849.0,59.35417597141581,435.0,63.62735381565907,829.0,125.0,954.0,46.741091565178166,704.0,67.8951678951679,766.0,186.0,952.0,63.63376507369361,580.0,62.27642276422765,297.0,610.0,313.0,-92.0,8.0,10.91574566018442,-5.047344979521647,-124.0,-2.0,16.892673508515443,-5.618745130940255,0.46852367688022284,0.8096526838069463,0.4714047751249306,0.8043769539973202,concordant,concordant,0.0028810982447077804,-0.005275729809626095
E02000570,Islington,6,7,22.861351986070808,16.23433839592219,537.0,651.0,0.5462868769074263,0.6622583926754833,0.1159715157680569,-6.627013590148618,253.0,779.0,1210,1071,2281,1032.0,86.40377027619465,-526.0,20.909090909090907,161.0,931.0,1065.0,1169.0,2234.0,1092.0,67.09534467323188,-770.0,15.11737089201878,208.0,863.0,1071.0,78.69530907496711,-655.0,19.421101774042953,159.0,822.0,981.0,58.50402864816473,-663.0,13.60136869118905,-805.0,145.0,950.0,-244.0,60.0,-19.30842560296277,-5.791720017072127,-8.0,-90.0,-20.191280426802386,-5.819733082853903,0.49072753209700426,0.9219640508548882,0.5267727930535456,0.9279319606087735,concordant,concordant,0.03604526095654137,0.005967909753885281
E02000571,Islington,2,2,37.9650182505292,31.614917768317273,169.0,160.0,0.1719226856561546,0.1627670396744659,-0.0091556459816886,-6.350100482211925,511.0,134.0,825,860,1685,645.0,40.63738872403561,377.0,61.93939393939394,573.0,167.0,1013.0,987.0,2000.0,740.0,47.8455,406.0,56.564659427443246,542.0,177.0,719.0,56.93412462908012,365.0,63.0232558139535,636.0,200.0,836.0,63.6,436.0,64.43768996960486,625.0,743.0,118.0,29.0,95.0,7.2081112759643915,-5.374734511950692,71.0,117.0,6.665875370919885,1.4144341556513638,0.47287390029325516,0.8094955489614243,0.46954314720812185,0.788,concordant,concordant,-0.003330753085133309,-0.02149554896142425
E02000572,Islington,1,1,43.131039621981095,35.59977105879728,87.0,70.0,0.0885045778229908,0.0712105798575788,-0.017293997965412,-7.531268563183815,771.0,0.0,893,981,1874,771.0,0.0,771.0,86.33818589025756,729.0,0.0,831.0,827.0,1658.0,729.0,0.0,729.0,87.72563176895306,777.0,0.0,777.0,0.0,777.0,79.20489296636084,670.0,0.0,670.0,0.0,670.0,81.01571946795647,733.0,733.0,0.0,-42.0,-42.0,0.0,1.3874458786955017,-107.0,-107.0,0.0,1.8108265015956277,0.49806201550387597,0.8260405549626467,0.5210864903502502,0.8437876960193004,concordant,concordant,0.023024474846374265,0.017747141056653648
E02000573,Islington,5,5,28.207348281069866,21.750924327176783,403.0,464.0,0.409969481180061,0.4720244150559511,0.0620549338758901,-6.456423953893083,327.0,882.0,977,1412,2389,1209.0,120.72582670573462,-555.0,33.469805527123846,411.0,810.0,1554.0,1349.0,2903.0,1221.0,114.67791939373062,-399.0,26.44787644787645,437.0,562.0,999.0,102.802009208874,-125.0,30.94900849858357,425.0,968.0,1393.0,141.71546675852565,-543.0,31.504818383988137,-187.0,488.0,675.0,156.0,12.0,-6.047907312004,-7.021929079247396,-418.0,394.0,38.91345754965165,0.5558098854045674,0.5475543478260869,0.9242360820426957,0.46710022953328234,0.9004478126076473,concordant,concordant,-0.08045411829280458,-0.023788269435048415
E02000574,Islington,4,4,32.487012750264675,25.39780703695508,296.0,345.0,0.301119023397762,0.3509664292980671,0.0498474059003051,-7.089205713309596,516.0,772.0,1151,1478,2629,1288.0,151.52225180677064,-256.0,44.83058210251955,460.0,608.0,1078.0,1323.0,2401.0,1068.0,116.48479800083298,-148.0,42.67161410018553,541.0,563.0,1104.0,115.8550779764169,-22.0,36.60351826792964,605.0,536.0,1141.0,135.0603915035402,69.0,45.72940287226002,-5.0,495.0,500.0,108.0,-220.0,-35.03745380593766,-2.1589680023340208,91.0,37.0,19.205313527123295,9.12588460433038,0.5384615384615384,0.9098516546215291,0.48347668628338614,0.920033319450229,concordant,divergent,-0.0549848521781523,0.010181664828699977
E02000575,Islington,5,5,26.664670174557628,21.646702497769848,437.0,470.0,0.444557477110885,0.4781281790437436,0.0335707019328586,-5.01796767678778,562.0,1403.0,1478,2060,3538,1965.0,222.86206896551724,-841.0,38.02435723951286,444.0,1027.0,1443.0,1742.0,3185.0,1471.0,143.16734693877552,-583.0,30.76923076923077,509.0,781.0,1290.0,112.35980780101752,-272.0,24.70873786407767,530.0,873.0,1403.0,145.27158555729983,-343.0,30.424799081515495,-439.0,486.0,925.0,258.0,-494.0,-79.69472202674172,-7.2551264702820895,-71.0,113.0,32.911777756282305,5.716061217437826,0.6036866359447005,0.9200113058224986,0.511830201809325,0.9023547880690738,concordant,concordant,-0.09185643413537548,-0.017656517753424805
E02000576,Islington,3,4,33.18792029931828,26.248406675017893,280.0,325.0,0.2848423194303153,0.3306205493387589,0.0457782299084435,-6.939513624300385,533.0,473.0,980,1164,2144,1006.0,117.58815298507464,60.0,54.38775510204081,620.0,422.0,1229.0,1176.0,2405.0,1042.0,108.7900207900208,198.0,50.44751830756713,562.0,362.0,924.0,94.88992537313432,200.0,48.281786941580755,632.0,471.0,1103.0,123.77214137214138,161.0,53.74149659863946,103.0,556.0,453.0,138.0,36.0,-8.798132195053839,-3.940236794473684,-39.0,179.0,28.88221599900706,5.459709657058703,0.5212435233160622,0.9001865671641791,0.4857808857808858,0.8918918918918919,concordant,concordant,-0.03546263753517637,-0.008294675272287222
E02000577,Kensington and Chelsea,1,1,48.76204338380331,48.5609447967714,29.0,2.0,0.0295015259409969,0.0020345879959308,-0.0274669379450661,-0.2010985870319075,434.0,0.0,507,567,1074,434.0,0.0,434.0,85.60157790927022,426.0,0.0,479.0,552.0,1031.0,426.0,0.0,426.0,88.93528183716074,522.0,0.0,522.0,0.0,522.0,92.06349206349206,494.0,0.0,494.0,0.0,494.0,89.4927536231884,392.0,392.0,0.0,-8.0,-8.0,0.0,3.333703927890525,-28.0,-28.0,0.0,-2.570738440303657,0.45397489539748953,0.8901303538175046,0.46304347826086956,0.8923375363724539,concordant,concordant,0.009068582863380026,0.0022071825549493385
E02000578,Kensington and Chelsea,2,1,42.02997782683684,42.82580601324953,110.0,10.0,0.1119023397761953,0.0101729399796541,-0.1017293997965411,0.7958281864126917,246.0,40.0,440,360,800,286.0,12.3,206.0,55.90909090909091,194.0,37.0,286.0,317.0,603.0,231.0,11.903814262023218,157.0,67.83216783216784,249.0,107.0,356.0,33.30375,142.0,69.16666666666667,230.0,39.0,269.0,14.875621890547263,191.0,72.55520504731862,233.0,233.0,0.0,-49.0,-55.0,-0.3961857379767828,11.923076923076934,49.0,-87.0,-18.428128109452736,3.3885383806519513,0.4454828660436137,0.8025,0.462,0.8291873963515755,concordant,concordant,0.01651713395638632,0.026687396351575465
E02000579,Kensington and Chelsea,2,2,38.06222286675952,30.37523892123084,167.0,194.0,0.1698880976602238,0.1973550356052899,0.0274669379450661,-7.686983945528677,514.0,91.0,787,840,1627,605.0,28.74861708666257,423.0,65.31130876747142,477.0,82.0,699.0,746.0,1445.0,559.0,27.068512110726644,395.0,68.24034334763948,590.0,112.0,702.0,40.61462814996927,478.0,70.23809523809523,546.0,81.0,627.0,30.60622837370242,465.0,73.19034852546918,370.0,485.0,115.0,-28.0,-46.0,-1.680104975935926,2.9290345801680644,-13.0,-75.0,-10.008399776266849,2.9522532873739493,0.4628921193573068,0.803318992009834,0.47133220910623946,0.8207612456747405,concordant,concordant,0.008440089748932678,0.017442253664906482
E02000580,Kensington and Chelsea,2,1,39.83334010283074,35.25206233893729,139.0,76.0,0.1414038657171922,0.0773143438453713,-0.0640895218718209,-4.581277763893446,701.0,139.0,949,973,1922,840.0,50.69667013527575,562.0,73.86722866174921,532.0,95.0,697.0,734.0,1431.0,627.0,35.31795946890286,437.0,76.3271162123386,677.0,99.0,776.0,34.87148803329865,578.0,69.57862281603289,516.0,76.0,592.0,27.40461215932914,440.0,70.29972752043598,600.0,600.0,0.0,-125.0,-213.0,-15.37871066637289,2.459887550589386,-138.0,-184.0,-7.4668758739695065,0.7211047044030892,0.5198019801980198,0.8407908428720083,0.5143560295324036,0.8518518518518519,concordant,concordant,-0.0054459506656162615,0.011061008979843523
E02000581,Kensington and Chelsea,2,1,41.13415795560427,41.39443757988922,120.0,14.0,0.1220752797558494,0.0142421159715157,-0.1078331637843336,0.2602796242849479,298.0,80.0,481,593,1074,378.0,22.197392923649907,218.0,61.95426195426196,264.0,59.0,411.0,476.0,887.0,323.0,17.560315670800453,205.0,64.23357664233576,390.0,88.0,478.0,31.955307262569832,302.0,65.7672849915683,309.0,62.0,371.0,21.598647125140925,247.0,64.91596638655463,312.0,312.0,0.0,-13.0,-55.0,-4.637077252849455,2.2793146880738036,-55.0,-107.0,-10.356660137428907,-0.8513186050136738,0.441588785046729,0.7970204841713222,0.4654178674351585,0.7824126268320181,concordant,concordant,0.023829082388429512,-0.014607857339304142
E02000582,Kensington and Chelsea,7,7,18.32628590024807,16.725240580519117,664.0,637.0,0.6754832146490336,0.6480162767039674,-0.0274669379450661,-1.6010453197289571,255.0,655.0,890,1130,2020,910.0,82.68564356435644,-400.0,28.651685393258425,192.0,481.0,829.0,900.0,1729.0,673.0,53.41353383458647,-289.0,23.16043425814234,245.0,481.0,726.0,58.33910891089109,-236.0,21.68141592920354,256.0,480.0,736.0,71.06998264893002,-224.0,28.444444444444443,-151.0,235.0,386.0,111.0,-237.0,-29.272109729769973,-5.491251135116084,12.0,10.0,12.73087373803893,6.763028515240904,0.5562347188264058,0.80990099009901,0.47764371894960966,0.814921920185078,concordant,concordant,-0.07859099987679619,0.005020930086068076
E02000583,Kensington and Chelsea,7,7,18.67698141448719,16.841671646078712,651.0,634.0,0.6622583926754833,0.6449643947100712,-0.017293997965412,-1.8353097684084825,188.0,497.0,789,878,1667,685.0,56.0503899220156,-309.0,23.827629911280106,197.0,367.0,690.0,632.0,1322.0,564.0,54.68910741301059,-170.0,28.550724637681157,209.0,428.0,637.0,53.66046790641872,-219.0,23.804100227790435,176.0,382.0,558.0,50.85627836611195,-206.0,27.848101265822784,-46.0,232.0,278.0,139.0,-121.0,-1.361282509005008,4.723094726401051,13.0,-79.0,-2.8041895403067656,4.044001038032349,0.5181543116490166,0.7930413917216557,0.5026737967914439,0.848714069591528,concordant,concordant,-0.015480514857572736,0.05567267786987229
E02000584,Kensington and Chelsea,9,9,12.80890083516752,11.600910576314122,808.0,803.0,0.8219735503560529,0.8168870803662258,-0.005086469989827,-1.207990258853398,19.0,770.0,860,904,1764,789.0,8.293650793650794,-751.0,2.2093023255813953,15.0,689.0,802.0,800.0,1602.0,704.0,6.451310861423221,-674.0,1.8703241895261848,22.0,683.0,705.0,8.51814058956916,-661.0,2.433628318584071,35.0,666.0,701.0,14.55056179775281,-631.0,4.375,-596.0,41.0,637.0,77.0,-85.0,-1.8423399322275733,-0.33897813605521043,30.0,-4.0,6.032421208183649,1.9413716814159292,0.5281124497991968,0.8469387755102041,0.501067615658363,0.8770287141073658,concordant,concordant,-0.027044834140833807,0.03008993859716169
E02000585,Kensington and Chelsea,7,7,20.16497963239504,16.70170442499692,612.0,640.0,0.6225839267548321,0.6510681586978637,0.0284842319430316,-3.463275207398119,262.0,455.0,877,919,1796,717.0,66.37527839643653,-193.0,29.874572405929307,262.0,422.0,809.0,741.0,1550.0,684.0,71.3316129032258,-160.0,32.38566131025958,302.0,432.0,734.0,72.64142538975501,-130.0,32.861806311207836,214.0,446.0,660.0,61.57677419354839,-232.0,28.879892037786774,-99.0,276.0,375.0,33.0,-33.0,4.9563345067892755,2.511088904330272,-102.0,-74.0,-11.064651196206626,-3.9819142734210615,0.4941419710544452,0.8079064587973274,0.5089285714285714,0.8670967741935484,concordant,concordant,0.014786600374126213,0.059190315396220994
E02000586,Kensington and Chelsea,9,9,11.434909092032438,9.498918296739854,857.0,877.0,0.8718209562563581,0.8921668362156663,0.0203458799593081,-1.935990795292584,79.0,861.0,959,1106,2065,940.0,32.938983050847455,-782.0,8.237747653806048,21.0,549.0,744.0,742.0,1486.0,570.0,7.7584118438761775,-528.0,2.82258064516129,27.0,637.0,664.0,8.328813559322034,-610.0,2.4412296564195297,22.0,562.0,584.0,8.320323014804845,-540.0,2.964959568733154,-462.0,68.0,530.0,254.0,-370.0,-25.180571206971276,-5.415167008644758,70.0,-80.0,-0.00849054451718878,0.5237299123136241,0.5860349127182045,0.7767554479418887,0.49393414211438474,0.7765814266487214,concordant,concordant,-0.09210077060381977,-0.0001740212931672369
E02000587,Kensington and Chelsea,8,9,13.35425247241792,11.36996299297677,786.0,813.0,0.7995930824008138,0.82706002034588,0.0274669379450661,-1.9842894794411483,263.0,585.0,815,882,1697,848.0,90.66293459045374,-322.0,32.26993865030675,180.0,509.0,832.0,756.0,1588.0,689.0,57.695214105793454,-329.0,21.634615384615387,195.0,479.0,674.0,55.04124926340601,-284.0,22.10884353741497,182.0,563.0,745.0,64.52518891687657,-381.0,24.074074074074073,-477.0,74.0,551.0,-7.0,-159.0,-32.96772048466029,-10.635323265691362,-97.0,71.0,9.483939653470564,1.965230536659103,0.557161629434954,0.8968768414849735,0.4804741980474198,0.9030226700251889,concordant,concordant,-0.07668743138753414,0.006145828540215392
E02000588,Kensington and Chelsea,9,9,11.333258003431792,11.116954691358025,860.0,825.0,0.8748728382502543,0.8392675483214649,-0.0356052899287894,-0.2163033120737676,22.0,628.0,952,853,1805,650.0,7.654293628808864,-606.0,2.3109243697478994,30.0,458.0,777.0,639.0,1416.0,488.0,9.703389830508474,-428.0,3.861003861003861,9.0,702.0,711.0,3.5002770083102495,-693.0,1.0550996483001172,12.0,588.0,600.0,4.983050847457627,-576.0,1.8779342723004695,-320.0,99.0,419.0,178.0,-162.0,2.0490962016996104,1.5500794912559615,117.0,-111.0,1.4827738391473777,0.8228346240003523,0.4775900073475386,0.754016620498615,0.4485294117647059,0.768361581920904,concordant,concordant,-0.029060595582832693,0.014344961422289026
E02000589,Kensington and Chelsea,7,7,17.864227920416862,16.74312407321594,681.0,636.0,0.6927772126144456,0.646998982706002,-0.0457782299084436,-1.1211038472009207,665.0,708.0,1313,1266,2579,1373.0,182.55913144629704,-43.0,50.64737242955065,477.0,501.0,1249.0,1009.0,2258.0,978.0,105.83569530558016,-24.0,38.19055244195357,418.0,496.0,914.0,80.39084916634354,-78.0,33.0173775671406,380.0,623.0,1003.0,104.84499557130204,-243.0,37.66105054509416,43.0,502.0,459.0,19.0,-395.0,-76.72343614071688,-12.456819987597079,-165.0,89.0,24.454146404958493,4.643672977953564,0.6003498032356799,0.8867778208607987,0.4936900555275114,0.8773250664304695,concordant,concordant,-0.1066597477081685,-0.009452754430329224
E02000590,Kensington and Chelsea,7,6,19.385013797576622,20.742080588075144,631.0,505.0,0.641912512716175,0.513733468972533,-0.1281790437436419,1.3570667904985214,345.0,331.0,723,793,1516,676.0,75.32651715039577,14.0,47.71784232365145,253.0,251.0,746.0,584.0,1330.0,504.0,47.74661654135338,2.0,33.9142091152815,364.0,293.0,657.0,70.35092348284961,71.0,45.90163934426229,238.0,387.0,625.0,69.25263157894737,-149.0,40.75342465753425,289.0,437.0,148.0,-12.0,-172.0,-27.57990060904239,-13.803633208369952,-220.0,-32.0,-1.0982919039022363,-5.148214686728046,0.5071267816954238,0.8792875989445911,0.44641275465013286,0.8488721804511278,concordant,divergent,-0.06071402704529094,-0.030415418493463298
E02000591,Kensington and Chelsea,4,3,30.4618304476289,28.766785788458684,352.0,239.0,0.358087487283825,0.2431332655137334,-0.1149542217700915,-1.6950446591702146,597.0,170.0,744,792,1536,767.0,66.07421875,427.0,80.24193548387096,600.0,145.0,837.0,746.0,1583.0,745.0,54.95893872394189,455.0,71.68458781362007,572.0,109.0,681.0,40.591145833333336,463.0,72.22222222222221,565.0,183.0,748.0,65.31585596967783,382.0,75.73726541554959,564.0,655.0,91.0,28.0,-22.0,-11.115280026058109,-8.557347670250891,-81.0,67.0,24.72471013634449,3.5150431933273723,0.5296961325966851,0.9427083333333334,0.49899531145344944,0.9431459254579911,concordant,concordant,-0.03070082114323569,0.00043759212465777075
E02000592,Kensington and Chelsea,9,9,12.94032297441207,11.406496805338634,801.0,810.0,0.814852492370295,0.8240081383519837,0.0091556459816887,-1.5338261690734356,8.0,907.0,842,1133,1975,915.0,3.673924050632912,-899.0,0.9501187648456058,11.0,675.0,837.0,848.0,1685.0,686.0,4.406528189910979,-664.0,1.3142174432497014,24.0,643.0,667.0,7.81367088607595,-619.0,2.118270079435128,16.0,633.0,649.0,6.010682492581602,-617.0,1.8867924528301887,-574.0,53.0,627.0,235.0,-229.0,0.7326041392780671,0.3640986784040956,2.0,-18.0,-1.8029883934943474,-0.23147762660493942,0.5783817951959545,0.8010126582278481,0.5138576779026217,0.7922848664688428,concordant,concordant,-0.06452411729333274,-0.008727791759005288
E02000593,Kensington and Chelsea,6,6,23.96277642444911,19.46751882586079,492.0,557.0,0.5005086469989827,0.5666327568667345,0.0661241098677518,-4.495257598588321,559.0,406.0,955,1142,2097,965.0,108.2279446828803,153.0,58.53403141361257,550.0,342.0,1097.0,1058.0,2155.0,892.0,87.28538283062645,208.0,50.13673655423884,611.0,290.0,901.0,84.4969003338102,321.0,53.502626970227674,524.0,427.0,951.0,103.82737819025522,97.0,49.52741020793951,329.0,609.0,280.0,55.0,-73.0,-20.94256185225386,-8.39729485937373,-224.0,50.0,19.330477856445015,-3.975216762288163,0.5171489817792069,0.8898426323319027,0.48399348887683125,0.8552204176334107,concordant,concordant,-0.03315549290237563,-0.034622214698492026
E02000594,Kensington and Chelsea,8,8,14.155935042608936,12.731745489199492,769.0,770.0,0.7822990844354019,0.7833163784333672,0.0010172939979653,-1.4241895534094429,220.0,423.0,676,736,1412,643.0,65.90651558073654,-203.0,32.544378698224854,103.0,326.0,485.0,568.0,1053.0,429.0,31.887939221272553,-223.0,21.237113402061855,178.0,318.0,496.0,40.08781869688385,-140.0,24.184782608695652,128.0,307.0,435.0,37.31813865147198,-179.0,22.535211267605636,-172.0,127.0,299.0,-20.0,-214.0,-34.018576359463985,-11.307265296163,-39.0,-61.0,-2.7696800454118673,-1.6495713410900166,0.5645302897278315,0.806657223796034,0.4965277777777778,0.8205128205128205,concordant,concordant,-0.06800251195005369,0.013855596716786489
E02000595,Kensington and Chelsea,8,8,14.847629761287685,14.963156975228165,754.0,705.0,0.7670396744659207,0.7171922685656155,-0.0498474059003052,0.1155272139404797,169.0,419.0,754,762,1516,588.0,46.70910290237467,-250.0,22.41379310344828,134.0,447.0,698.0,717.0,1415.0,581.0,42.33074204946996,-313.0,19.197707736389685,179.0,429.0,608.0,50.653693931398415,-250.0,23.49081364829396,138.0,418.0,556.0,40.766077738515904,-280.0,19.246861924686193,-233.0,163.0,396.0,-63.0,-7.0,-4.378360852904706,-3.2160853670585965,-30.0,-52.0,-9.887616192882511,-4.243951723607765,0.4916387959866221,0.7889182058047494,0.5109938434476693,0.8035335689045936,concordant,concordant,0.019355047461047215,0.014615363099844236
E02000596,Kensington and Chelsea,8,8,14.69572480596248,12.341827482927998,759.0,783.0,0.7721261444557477,0.7965412004069176,0.0244150559511698,-2.353897323034481,205.0,875.0,918,1272,2190,1080.0,81.90639269406392,-670.0,22.33115468409586,211.0,584.0,893.0,895.0,1788.0,795.0,68.91722595078299,-373.0,23.62821948488242,213.0,553.0,766.0,53.78493150684932,-340.0,16.745283018867923,159.0,565.0,724.0,50.243288590604024,-406.0,17.76536312849162,-307.0,228.0,535.0,297.0,-285.0,-12.989166743280933,1.2970648007865577,-66.0,-42.0,-3.5416429162452943,1.0200801096236987,0.5850487540628385,0.8429223744292238,0.5233706385780118,0.8495525727069351,concordant,concordant,-0.06167811548482671,0.0066301982777112745
E02000597,Kensington and Chelsea,4,2,30.582419772791027,32.16868196180794,348.0,145.0,0.3540183112919634,0.1475076297049847,-0.2065106815869786,1.5862621890169135,467.0,103.0,646,552,1198,570.0,40.151085141903174,364.0,72.29102167182663,350.0,72.0,487.0,486.0,973.0,422.0,25.899280575539567,278.0,71.86858316221766,403.0,135.0,538.0,45.413188647746246,268.0,73.0072463768116,373.0,104.0,477.0,39.868448098663926,269.0,76.74897119341564,369.0,392.0,23.0,-86.0,-148.0,-14.251804566363607,-0.42243850960896623,1.0,-61.0,-5.54474054908232,3.741724816604048,0.5144404332129964,0.9248747913188647,0.4694104560622914,0.9239465570400822,concordant,concordant,-0.04502997715070495,-0.0009282342787825248
E02000598,Kingston upon Thames,10,10,7.165588229296925,6.144264335145823,958.0,962.0,0.9745676500508648,0.9786368260427264,0.0040691759918617,-1.0213238941511025,0.0,271.0,442,388,830,271.0,0.0,-271.0,0.0,0.0,228.0,436.0,323.0,759.0,228.0,0.0,-228.0,0.0,0.0,298.0,298.0,0.0,-298.0,0.0,0.0,286.0,286.0,0.0,-286.0,0.0,-214.0,0.0,214.0,43.0,-43.0,0.0,0.0,12.0,-12.0,0.0,0.0,0.47627416520210897,0.6855421686746987,0.44357976653696496,0.6772068511198946,concordant,concordant,-0.03269439866514401,-0.0083353175548041
E02000599,Kingston upon Thames,10,10,8.383829453507566,7.575964670508644,932.0,934.0,0.948118006103764,0.9501525940996948,0.0020345879959308,-0.8078647829989221,0.0,440.0,609,643,1252,440.0,0.0,-440.0,0.0,0.0,376.0,388.0,530.0,918.0,376.0,0.0,-376.0,0.0,0.0,419.0,419.0,0.0,-419.0,0.0,0.0,243.0,243.0,0.0,-243.0,0.0,-371.0,0.0,371.0,64.0,-64.0,0.0,0.0,176.0,-176.0,0.0,0.0,0.5122235157159488,0.6861022364217252,0.6074313408723748,0.6742919389978214,concordant,concordant,0.09520782515642601,-0.011810297423903826
E02000600,Kingston upon Thames,10,10,10.298135890699088,8.83027120511126,887.0,903.0,0.9023397761953204,0.9186164801627672,0.0162767039674466,-1.4678646855878288,0.0,594.0,1023,830,1853,594.0,0.0,-594.0,0.0,0.0,448.0,710.0,621.0,1331.0,448.0,0.0,-448.0,0.0,0.0,708.0,708.0,0.0,-708.0,0.0,0.0,513.0,513.0,0.0,-513.0,0.0,-439.0,0.0,439.0,146.0,-146.0,0.0,0.0,195.0,-195.0,0.0,0.0,0.45622119815668205,0.7026443604964921,0.46618106139438087,0.7220135236664162,concordant,concordant,0.009959863237698818,0.019369163169924097
E02000601,Kingston upon Thames,9,10,11.532521458687896,9.207309253246754,852.0,886.0,0.866734486266531,0.901322482197355,0.0345879959308239,-2.325212205441142,394.0,310.0,1150,795,1945,704.0,62.796915167095115,84.0,34.26086956521739,248.0,271.0,883.0,751.0,1634.0,519.0,41.13096695226438,-23.0,28.08607021517554,297.0,521.0,818.0,79.55629820051414,-224.0,37.35849056603773,333.0,443.0,776.0,90.28090575275398,-110.0,44.34087882822903,-461.0,0.0,461.0,-107.0,-185.0,-21.665948214830735,-6.174799350041852,114.0,-42.0,10.724607552239846,6.9823882621913,0.46254927726675427,0.7825192802056555,0.40077220077220077,0.7925336597307222,divergent,concordant,-0.061777076494553496,0.010014379525066675
E02000602,Kingston upon Thames,6,6,22.714853446219383,19.051740089362102,544.0,572.0,0.5534079348931842,0.5818921668362157,0.0284842319430315,-3.663113356857277,1052.0,139.0,1223,1049,2272,1191.0,64.36091549295774,913.0,86.01798855273917,844.0,132.0,1097.0,937.0,2034.0,976.0,54.772861356932154,712.0,76.93710118505014,879.0,124.0,1003.0,47.973591549295776,755.0,83.79408960915157,767.0,197.0,964.0,74.2866273352999,570.0,81.85699039487727,715.0,851.0,136.0,-201.0,-215.0,-9.58805413602559,-9.08088736768903,-185.0,-39.0,26.31303578600412,-1.9370992142742978,0.5428441203281678,0.965669014084507,0.5030927835051546,0.9537856440511308,concordant,concordant,-0.03975133682301313,-0.01188337003337625
E02000603,Kingston upon Thames,8,7,17.464010448346055,17.889809137540258,690.0,598.0,0.7019328585961343,0.6083418107833164,-0.0935910478128179,0.4257986891942025,426.0,151.0,691,645,1336,577.0,48.14820359281437,275.0,61.64978292329957,349.0,189.0,613.0,634.0,1247.0,538.0,52.895749799518846,160.0,56.933115823817296,425.0,192.0,617.0,61.07784431137725,233.0,65.89147286821705,400.0,227.0,627.0,72.81475541299118,173.0,63.09148264984227,216.0,388.0,172.0,-115.0,-39.0,4.747546206704477,-4.716667099482272,-60.0,10.0,11.736911101613927,-2.7999902183747807,0.483249581239531,0.8937125748502994,0.46180257510729616,0.9342421812349639,concordant,concordant,-0.021447006132234825,0.04052960638466452
E02000604,Kingston upon Thames,10,9,9.222968229676216,10.649229860724232,913.0,840.0,0.9287894201424212,0.854526958290946,-0.0742624618514751,1.4262616310480158,0.0,442.0,716,699,1415,442.0,0.0,-442.0,0.0,0.0,416.0,650.0,643.0,1293.0,416.0,0.0,-416.0,0.0,0.0,466.0,466.0,0.0,-466.0,0.0,0.0,459.0,459.0,0.0,-459.0,0.0,-129.0,179.0,308.0,26.0,-26.0,0.0,0.0,7.0,-7.0,0.0,0.0,0.486784140969163,0.6416961130742049,0.4754285714285714,0.6767208043310131,concordant,concordant,-0.011355569540591581,0.03502469125680818
E02000605,Kingston upon Thames,10,9,9.24628390944932,11.17658766670745,912.0,820.0,0.9277721261444556,0.8341810783316378,-0.0935910478128179,1.9303037572581283,0.0,314.0,678,537,1215,314.0,0.0,-314.0,0.0,0.0,271.0,528.0,449.0,977.0,271.0,0.0,-271.0,0.0,0.0,400.0,400.0,0.0,-400.0,0.0,0.0,324.0,324.0,0.0,-324.0,0.0,-65.0,132.0,197.0,43.0,-43.0,0.0,0.0,76.0,-76.0,0.0,0.0,0.43977591036414565,0.5876543209876544,0.45546218487394957,0.609007164790174,concordant,concordant,0.01568627450980392,0.021352843802519672
E02000606,Kingston upon Thames,9,9,11.950520457108937,10.246356522578155,835.0,854.0,0.8494404883011191,0.8687690742624619,0.0193285859613427,-1.7041639345307793,476.0,607.0,1595,1329,2924,1083.0,98.81395348837208,-131.0,29.843260188087772,434.0,543.0,1407.0,1103.0,2510.0,977.0,93.88924302788844,-109.0,30.845771144278604,337.0,647.0,984.0,74.5687414500684,-310.0,25.357411587659897,244.0,635.0,879.0,61.72908366533864,-391.0,22.12148685403445,-93.0,481.0,574.0,22.0,-106.0,-4.924710460483638,1.0025109561908323,-81.0,-105.0,-12.83965778472976,-3.2359247336254455,0.5239477503628447,0.7069083447332422,0.5264008620689655,0.7394422310756972,concordant,concordant,0.0024531117061208363,0.03253388634245502
E02000607,Kingston upon Thames,10,10,9.265764802606531,7.982177685950413,910.0,925.0,0.9257375381485248,0.940996948118006,0.0152594099694811,-1.2835871166561184,0.0,801.0,701,940,1641,801.0,0.0,-801.0,0.0,0.0,553.0,644.0,674.0,1318.0,553.0,0.0,-553.0,0.0,0.0,567.0,567.0,0.0,-567.0,0.0,0.0,528.0,528.0,0.0,-528.0,0.0,-552.0,0.0,552.0,248.0,-248.0,0.0,0.0,39.0,-39.0,0.0,0.0,0.5855263157894737,0.8336380255941499,0.5115633672525439,0.8201820940819423,concordant,concordant,-0.07396294853692975,-0.013455931512207586
E02000608,Kingston upon Thames,9,9,12.808349356499358,11.443785520575403,809.0,805.0,0.8229908443540183,0.8189216683621566,-0.0040691759918616,-1.3645638359239545,276.0,452.0,1142,1079,2221,728.0,56.16929311121117,-176.0,24.16812609457093,209.0,329.0,813.0,798.0,1611.0,538.0,42.68218497827437,-120.0,25.707257072570727,211.0,536.0,747.0,50.92120666366502,-325.0,19.555143651529193,198.0,420.0,618.0,51.62011173184357,-222.0,24.81203007518797,-130.0,207.0,337.0,56.0,-190.0,-13.487108132936797,1.5391309779997968,103.0,-129.0,0.6989050681785542,5.256886423658777,0.4935593220338983,0.6641152633948672,0.46539792387543255,0.7175667287399131,concordant,concordant,-0.028161398158465745,0.05345146534504597
E02000609,Kingston upon Thames,9,8,13.08453493666801,13.533696764973367,797.0,747.0,0.8107833163784334,0.7599186164801628,-0.0508646998982705,0.4491618283053569,211.0,139.0,407,434,841,350.0,34.873959571938165,72.0,51.842751842751845,181.0,139.0,415.0,351.0,766.0,320.0,32.844647519582246,42.0,43.6144578313253,228.0,124.0,352.0,33.617122473246134,104.0,52.53456221198156,145.0,149.0,294.0,28.204960835509137,-4.0,41.31054131054131,148.0,255.0,107.0,-30.0,-30.0,-2.0293120523559196,-8.228294011426541,-108.0,-58.0,-5.412161637736997,-11.224020901440248,0.4985754985754986,0.8347205707491082,0.5211726384364821,0.8015665796344648,concordant,divergent,0.022597139860983495,-0.033153991114643455
E02000610,Kingston upon Thames,8,8,14.40965915336217,14.55825623610768,767.0,715.0,0.780264496439471,0.7273652085452695,-0.0528992878942015,0.1485970827455087,695.0,249.0,1065,929,1994,944.0,86.78786359077232,446.0,65.25821596244131,527.0,115.0,820.0,577.0,1397.0,642.0,43.38224767358626,412.0,64.26829268292683,595.0,275.0,870.0,82.05867602808425,320.0,64.04736275565124,417.0,226.0,643.0,67.46027201145311,191.0,72.27036395147314,366.0,501.0,135.0,-34.0,-302.0,-43.40561591718606,-0.9899232795144854,-129.0,-227.0,-14.598404016631136,8.223001195821908,0.5203969128996693,0.9097291875626881,0.49961089494163424,0.9198282032927703,concordant,concordant,-0.02078601795803503,0.010099015730082206
E02000611,Kingston upon Thames,10,10,5.357567997948858,5.68777624602333,977.0,971.0,0.9938962360122076,0.987792472024415,-0.0061037639877925,0.3302082480744719,0.0,303.0,351,380,731,303.0,0.0,-303.0,0.0,0.0,142.0,336.0,191.0,527.0,142.0,0.0,-142.0,0.0,0.0,258.0,258.0,0.0,-258.0,0.0,0.0,252.0,252.0,0.0,-252.0,0.0,-147.0,0.0,147.0,161.0,-161.0,0.0,0.0,6.0,-6.0,0.0,0.0,0.5401069518716578,0.7674418604651163,0.3604060913705584,0.7476280834914611,concordant,concordant,-0.1797008605010994,-0.01981377697365516
E02000612,Kingston upon Thames,10,10,8.124465040358745,9.021012397201424,934.0,894.0,0.9501525940996948,0.9094608341810784,-0.0406917599186164,0.8965473568426781,0.0,299.0,470,434,904,299.0,0.0,-299.0,0.0,0.0,274.0,473.0,396.0,869.0,274.0,0.0,-274.0,0.0,0.0,307.0,307.0,0.0,-307.0,0.0,0.0,323.0,323.0,0.0,-323.0,0.0,-308.0,0.0,308.0,25.0,-25.0,0.0,0.0,-16.0,16.0,0.0,0.0,0.4933993399339934,0.6703539823008849,0.45896147403685095,0.6869965477560415,concordant,concordant,-0.03443786589714243,0.01664256545515652
E02000613,Kingston upon Thames,9,9,11.945536291799517,11.422265350349145,836.0,807.0,0.8504577822990844,0.8209562563580874,-0.0295015259409969,-0.523270941450372,159.0,183.0,692,523,1215,342.0,23.94814814814815,-24.0,22.976878612716764,106.0,153.0,578.0,360.0,938.0,259.0,17.28997867803838,-47.0,18.33910034602076,132.0,291.0,423.0,31.614814814814817,-159.0,25.239005736137663,94.0,283.0,377.0,28.360341151385928,-189.0,26.11111111111111,-105.0,86.0,191.0,-23.0,-83.0,-6.658169470109769,-4.637778266696003,-30.0,-46.0,-3.2544736634288896,0.8721053749734473,0.4470588235294118,0.6296296296296297,0.40723270440251574,0.6780383795309168,concordant,concordant,-0.03982611912689604,0.048408749901287185
E02000614,Kingston upon Thames,9,8,12.882069875297477,14.95228645598194,805.0,707.0,0.8189216683621566,0.7192268565615463,-0.0996948118006103,2.0702165806844643,170.0,223.0,545,570,1115,393.0,34.0,-53.0,31.19266055045872,186.0,175.0,566.0,442.0,1008.0,361.0,32.291666666666664,11.0,32.86219081272085,139.0,222.0,361.0,27.675336322869956,-83.0,24.385964912280706,107.0,223.0,330.0,23.671626984126984,-116.0,24.20814479638009,172.0,308.0,136.0,64.0,-32.0,-1.7083333333333357,1.6695302622621284,-33.0,-31.0,-4.003709338742972,-0.17782011590061586,0.5212201591511937,0.6762331838565022,0.5224312590448625,0.685515873015873,concordant,divergent,0.0012110998936688544,0.009282689159370805
E02000615,Kingston upon Thames,9,9,10.762179182171062,10.277038765621016,875.0,850.0,0.8901322482197355,0.8646998982706002,-0.0254323499491352,-0.4851404165500472,129.0,135.0,434,335,769,264.0,22.64629388816645,-6.0,29.723502304147463,122.0,121.0,404.0,280.0,684.0,243.0,21.58187134502924,1.0,30.1980198019802,107.0,183.0,290.0,25.4629388816645,-76.0,31.94029850746269,90.0,162.0,252.0,21.31578947368421,-72.0,32.142857142857146,-44.0,100.0,144.0,7.0,-21.0,-1.064422543137212,0.4745174978327391,4.0,-38.0,-4.14714940798029,0.20255863539445684,0.47653429602888087,0.7204161248374512,0.4909090909090909,0.7236842105263158,concordant,divergent,0.01437479488021004,0.003268085688864608
E02000616,Kingston upon Thames,10,9,9.297869496269277,9.510588321405336,909.0,876.0,0.9247202441505596,0.8911495422177009,-0.0335707019328586,0.2127188251360596,0.0,203.0,249,254,503,203.0,0.0,-203.0,0.0,0.0,141.0,309.0,180.0,489.0,141.0,0.0,-141.0,0.0,0.0,198.0,198.0,0.0,-198.0,0.0,0.0,253.0,253.0,0.0,-253.0,0.0,-27.0,70.0,97.0,62.0,-62.0,0.0,0.0,-55.0,55.0,0.0,0.0,0.5062344139650873,0.7972166998011928,0.35786802030456855,0.8057259713701431,concordant,concordant,-0.14836639366051874,0.008509271568950316
E02000617,Kingston upon Thames,8,7,14.486378140096052,16.046457655826558,764.0,660.0,0.7772126144455748,0.671414038657172,-0.1057985757884028,1.5600795157305054,347.0,46.0,498,274,772,393.0,20.67616580310881,301.0,69.67871485943775,234.0,60.0,361.0,267.0,628.0,294.0,22.356687898089177,174.0,64.81994459833795,200.0,74.0,274.0,19.17098445595855,126.0,72.99270072992701,190.0,84.0,274.0,25.414012738853504,106.0,71.16104868913857,205.0,260.0,55.0,-127.0,-99.0,1.6805220949803683,-4.858770261099792,-20.0,0.0,6.243028282894954,-1.8316520407884411,0.5892053973013494,0.8639896373056994,0.5176056338028169,0.9044585987261147,concordant,concordant,-0.07159976349853248,0.04046896142041523
E02000619,Lambeth,3,3,34.8299188018376,27.95872657326596,232.0,266.0,0.2360122075279755,0.2706002034587996,0.034587995930824,-6.8711922285716405,521.0,144.0,825,866,1691,665.0,44.36664695446481,377.0,63.15151515151515,468.0,177.0,764.0,821.0,1585.0,645.0,52.26246056782335,291.0,61.25654450261781,597.0,191.0,788.0,67.43169722057954,406.0,68.93764434180139,518.0,170.0,688.0,55.5583596214511,348.0,63.0937880633374,255.0,452.0,197.0,-86.0,-20.0,7.895813613358534,-1.894970648897342,-58.0,-100.0,-11.873337599128433,-5.8438562784639885,0.4576737783895389,0.8592548787699587,0.4838709677419355,0.8410094637223975,concordant,concordant,0.02619718935239662,-0.018245415047561164
E02000620,Lambeth,4,4,32.13140593810032,25.996945037564256,309.0,332.0,0.3143438453713123,0.3377416073245168,0.0233977619532044,-6.134460900536066,501.0,409.0,1134,1129,2263,910.0,90.54750331418472,92.0,44.17989417989418,523.0,457.0,1072.0,1262.0,2334.0,980.0,102.40402742073694,66.0,48.78731343283582,515.0,484.0,999.0,110.14582412726467,31.0,45.61558901682905,636.0,416.0,1052.0,113.3573264781491,220.0,50.39619651347069,86.0,537.0,451.0,-26.0,70.0,11.856524106552214,4.6074192529416464,189.0,53.0,3.2115023508844303,4.780607496641643,0.47668936616029334,0.8435704816615113,0.4822834645669291,0.8706083976006855,concordant,concordant,0.005594098406635772,0.027037915939174262
E02000621,Lambeth,5,4,27.439728290940263,25.985237829938807,422.0,334.0,0.4292980671414038,0.3397761953204476,-0.0895218718209562,-1.454490461001459,491.0,700.0,1656,1318,2974,1191.0,115.5682582380632,-209.0,29.64975845410628,683.0,981.0,1987.0,1956.0,3943.0,1664.0,169.92721278214557,-298.0,34.37342727730247,402.0,917.0,1319.0,123.95225285810356,-515.0,30.500758725341427,691.0,1061.0,1752.0,185.9373573421253,-370.0,35.327198364008176,385.0,1011.0,626.0,-89.0,473.0,54.35895454408238,4.7236688231961885,145.0,433.0,61.98510448402173,4.8264396386667485,0.4745019920318725,0.843981170141224,0.48711943793911006,0.8663454222673092,concordant,concordant,0.012617445907237568,0.02236425212608517
E02000622,Lambeth,4,5,31.360858549542872,23.477881069042315,330.0,404.0,0.335707019328586,0.4109867751780264,0.0752797558494404,-7.882977480500557,457.0,448.0,977,1143,2120,905.0,96.57358490566038,9.0,46.77584442169909,563.0,498.0,1205.0,1249.0,2454.0,1061.0,114.2518337408313,65.0,46.72199170124481,499.0,355.0,854.0,83.55896226415095,144.0,43.657042869641295,571.0,459.0,1030.0,106.80073349633253,112.0,45.716573258606886,-303.0,372.0,675.0,56.0,156.0,17.67824883517092,-0.053852720454280245,-32.0,176.0,23.241771232181577,2.059530388965591,0.5144968732234224,0.8297169811320755,0.5074127211860354,0.8520782396088019,concordant,concordant,-0.007084152037386993,0.02236125847672643
E02000623,Lambeth,3,3,34.78000505757196,28.88501671547096,235.0,235.0,0.2390640895218718,0.2390640895218718,0.0,-5.894988342101001,464.0,187.0,731,869,1600,651.0,54.23,277.0,63.47469220246238,496.0,193.0,751.0,932.0,1683.0,689.0,56.879382055852645,303.0,66.04527296937417,545.0,132.0,677.0,44.9625,413.0,62.715765247410815,574.0,147.0,721.0,50.135472370766486,427.0,61.587982832618025,279.0,490.0,211.0,26.0,38.0,2.649382055852648,2.570580766911789,14.0,44.0,5.172972370766487,-1.1277824147927902,0.49021084337349397,0.83,0.48865248226950353,0.8377896613190731,concordant,concordant,-0.0015583611039904355,0.0077896613190731046
E02000624,Lambeth,2,3,36.78620936434303,29.001417292784733,189.0,229.0,0.1922685656154628,0.2329603255340793,0.0406917599186164,-7.784792071558296,785.0,42.0,969,974,1943,827.0,16.968605249614,743.0,81.01135190918473,890.0,67.0,1103.0,1173.0,2276.0,957.0,26.199472759226712,823.0,80.68902991840436,794.0,38.0,832.0,15.52856407617087,756.0,81.51950718685832,948.0,74.0,1022.0,30.82249560632689,874.0,80.81841432225065,464.0,720.0,256.0,80.0,130.0,9.230867509612711,-0.3223219907803667,118.0,190.0,15.29393153015602,-0.7010928646076735,0.4984930681133213,0.853834276891405,0.48357756442647803,0.8695079086115993,concordant,concordant,-0.014915503686843246,0.015673631720194314
E02000625,Lambeth,3,2,33.94313390862337,31.110134624524715,259.0,174.0,0.2634791454730417,0.1770091556459817,-0.08646998982706,-2.8329992840986584,505.0,192.0,843,1086,1929,697.0,50.26438569206843,313.0,59.90510083036773,582.0,266.0,977.0,1187.0,2164.0,848.0,71.53974121996303,316.0,59.57011258955987,698.0,199.0,897.0,72.00725764644893,499.0,64.27255985267035,750.0,243.0,993.0,84.21903881700554,507.0,63.184498736310026,665.0,762.0,97.0,3.0,151.0,21.275355527894604,-0.33498824080785994,8.0,96.0,12.211781170556606,-1.088061116360329,0.4372647427854454,0.8263348885432866,0.46061922868006516,0.850739371534196,concordant,concordant,0.023354485894619748,0.02440448299090936
E02000626,Lambeth,2,1,40.324443028550775,35.384266167699685,127.0,75.0,0.1291963377416073,0.0762970498474059,-0.0528992878942014,-4.940176860851089,614.0,34.0,842,914,1756,648.0,11.888382687927107,580.0,72.92161520190024,447.0,53.0,577.0,788.0,1365.0,500.0,17.356043956043955,394.0,77.46967071057192,709.0,33.0,742.0,13.324031890660592,676.0,77.57111597374178,609.0,34.0,643.0,15.169230769230769,575.0,77.28426395939087,510.0,510.0,0.0,-186.0,-148.0,5.4676612681168475,4.5480555086716805,-101.0,-99.0,1.8451988785701765,-0.286852014350913,0.46618705035971225,0.7915717539863326,0.4374453193350831,0.8373626373626374,concordant,concordant,-0.028741731024629125,0.04579088337630477
E02000627,Lambeth,4,3,32.301360742869086,29.569132899817113,302.0,214.0,0.3072227873855544,0.2177009155645981,-0.0895218718209562,-2.732227843051973,761.0,484.0,1507,1414,2921,1245.0,126.09517288599794,277.0,50.49767750497678,610.0,565.0,1238.0,1527.0,2765.0,1175.0,124.64737793851718,45.0,49.27302100161551,807.0,548.0,1355.0,151.39883601506332,259.0,57.07213578500707,772.0,479.0,1251.0,133.7388788426763,293.0,50.55664702030125,474.0,802.0,328.0,-232.0,-70.0,-1.4477949474807588,-1.2246565033612669,34.0,-104.0,-17.65995717238701,-6.515488764705822,0.47884615384615387,0.890106128038343,0.4843363561417972,0.8773960216998191,concordant,concordant,0.005490202295643343,-0.012710106338523874
E02000628,Lambeth,2,1,41.985913581338,38.76461111689393,111.0,36.0,0.1129196337741607,0.0366225839267548,-0.0762970498474059,-3.221302464444065,611.0,38.0,847,1080,1927,649.0,12.048780487804878,573.0,72.13695395513578,954.0,70.0,1210.0,1385.0,2595.0,1024.0,25.734104046242773,884.0,78.84297520661157,854.0,59.0,913.0,26.14737934613389,795.0,79.07407407407408,1086.0,52.0,1138.0,21.76184971098266,1034.0,78.4115523465704,1112.0,1112.0,0.0,311.0,375.0,13.685323558437895,6.706021251475789,239.0,225.0,-4.385529635151229,-0.6625217275036732,0.4154929577464789,0.8105864037363778,0.47363552266419984,0.833140655105973,concordant,concordant,0.05814256491772096,0.022554251369595213
E02000629,Lambeth,5,5,28.427252767629803,22.65602082191781,397.0,437.0,0.4038657171922685,0.444557477110885,0.0406917599186165,-5.7712319457119925,484.0,515.0,1174,1481,2655,999.0,93.88323917137475,-31.0,41.22657580919932,606.0,641.0,1447.0,1608.0,3055.0,1247.0,127.15090016366612,-35.0,41.879751209398755,746.0,504.0,1250.0,141.6135593220339,242.0,50.371370695476024,704.0,608.0,1312.0,140.108674304419,96.0,43.78109452736319,19.0,635.0,616.0,-4.0,248.0,33.26766099229137,0.6531754001994372,-146.0,62.0,-1.504885017614896,-6.590276168112837,0.44419742107603377,0.8470809792843691,0.48729972645564673,0.8376432078559738,divergent,divergent,0.04310230537961296,-0.009437771428395303
E02000630,Lambeth,5,6,26.990355788604457,20.472349980986184,429.0,521.0,0.4364191251271617,0.5300101729399797,0.0935910478128179,-6.518005807618273,452.0,370.0,935,1115,2050,822.0,81.58048780487805,82.0,48.342245989304814,476.0,365.0,1017.0,1134.0,2151.0,841.0,80.7717340771734,111.0,46.80432645034415,539.0,322.0,861.0,84.66243902439024,217.0,48.34080717488789,568.0,379.0,947.0,100.07996280799628,189.0,50.08818342151675,-130.0,381.0,511.0,29.0,19.0,-0.8087537277046408,-1.537919538960665,-28.0,86.0,15.417523783606043,1.7473762466288605,0.48841354723707664,0.8209756097560975,0.4703579418344519,0.8312412831241283,concordant,concordant,-0.01805560540262474,0.010265673368030748
E02000631,Lambeth,5,6,25.697980405344204,19.12386262647335,454.0,571.0,0.461851475076297,0.5808748728382502,0.1190233977619532,-6.574117778870853,283.0,567.0,1083,1118,2201,850.0,72.90368014538846,-284.0,26.13111726685134,261.0,601.0,1004.0,1155.0,2159.0,862.0,72.6544696618805,-340.0,25.996015936254977,309.0,571.0,880.0,80.16310767832803,-262.0,27.638640429338103,317.0,529.0,846.0,77.6716072255674,-212.0,27.445887445887447,-545.0,205.0,750.0,-56.0,12.0,-0.24921048350796582,-0.1351013305963633,50.0,-34.0,-2.491500452760633,-0.1927529834506565,0.4913294797687861,0.7860063607451159,0.5046838407494145,0.7911069939786939,concordant,concordant,0.013354360980628421,0.005100633233578011
E02000632,Lambeth,6,5,23.574841554224463,23.357236886254334,511.0,408.0,0.5198372329603256,0.4150559511698881,-0.1047812817904375,-0.2176046679701286,371.0,1298.0,1603,1971,3574,1669.0,134.73922775601568,-927.0,23.144104803493452,472.0,1320.0,1827.0,2118.0,3945.0,1792.0,157.9315589353612,-848.0,25.83470169677066,482.0,1076.0,1558.0,145.11247901510913,-594.0,24.45459157787925,505.0,1185.0,1690.0,151.6920152091255,-680.0,23.84324834749764,-50.0,783.0,833.0,79.0,123.0,23.19233117934553,2.6905968932772097,-86.0,132.0,6.579536194016356,-0.6113432303816104,0.5171986365044934,0.9029099048684947,0.514646754738656,0.8826362484157161,concordant,concordant,-0.002551881765837427,-0.020273656452778566
E02000633,Lambeth,2,2,41.8273370539227,32.63786933069133,112.0,133.0,0.1139369277721261,0.1353001017293998,0.0213631739572736,-9.189467723231369,909.0,31.0,1074,1192,2266,940.0,12.435569285083847,878.0,84.63687150837988,884.0,61.0,1084.0,1345.0,2429.0,945.0,22.20008233841087,823.0,81.54981549815497,952.0,41.0,993.0,17.22506619593998,911.0,79.86577181208054,1107.0,43.0,1150.0,19.596953478797857,1064.0,82.30483271375465,770.0,872.0,102.0,-55.0,5.0,9.764513053327022,-3.087056010224913,153.0,157.0,2.3718872828578768,2.439060901674111,0.48629073978272114,0.853045013239188,0.4510739856801909,0.8624948538493207,concordant,concordant,-0.03521675410253022,0.009449840610132654
E02000634,Lambeth,3,3,34.206662760736194,30.16654974528019,254.0,199.0,0.2583926754832146,0.2024415055951169,-0.0559511698880976,-4.040113015456004,649.0,142.0,870,1014,1884,791.0,48.91613588110403,507.0,74.59770114942529,636.0,144.0,917.0,1082.0,1999.0,780.0,45.81490745372686,492.0,69.3565976008724,758.0,109.0,867.0,43.85456475583864,649.0,74.7534516765286,814.0,160.0,974.0,65.15257628814408,654.0,75.23105360443623,496.0,655.0,159.0,-15.0,-11.0,-3.1012284273771726,-5.241103548552886,5.0,107.0,21.298011532305438,0.477601927907628,0.47708082026537996,0.8800424628450106,0.44469783352337516,0.8774387193596799,concordant,concordant,-0.03238298674200479,-0.0026037434853307673
E02000635,Lambeth,3,4,34.34162581959157,26.395909744580383,246.0,319.0,0.2502543234994913,0.3245167853509664,0.0742624618514751,-7.9457160750111875,693.0,238.0,1111,1219,2330,931.0,70.78712446351932,455.0,62.37623762376238,723.0,222.0,1155.0,1248.0,2403.0,945.0,66.7940074906367,501.0,62.5974025974026,800.0,255.0,1055.0,87.55364806866953,545.0,65.62756357670222,899.0,273.0,1172.0,102.13358302122349,626.0,72.03525641025641,233.0,587.0,354.0,46.0,14.0,-3.9931169728826177,0.2211649736402208,81.0,117.0,14.579934952553955,6.407692833554194,0.4687814702920443,0.8523605150214593,0.4463863958431743,0.8809821057012068,concordant,concordant,-0.02239507444887001,0.028621590679747566
E02000636,Lambeth,7,7,20.371509205393377,15.979028808655178,605.0,663.0,0.6154628687690743,0.6744659206510681,0.0590030518819938,-4.392480396738199,233.0,804.0,986,1227,2213,1037.0,84.65070040668775,-571.0,23.63083164300203,252.0,819.0,1088.0,1240.0,2328.0,1071.0,88.65463917525773,-567.0,23.161764705882355,324.0,698.0,1022.0,102.1924988703118,-374.0,26.405867970660147,326.0,760.0,1086.0,106.42611683848796,-434.0,26.29032258064516,-373.0,331.0,704.0,4.0,34.0,4.003938768569981,-0.46906693711967407,-60.0,64.0,4.233617968176162,-0.11554539001498654,0.5036425449247207,0.930411206507004,0.4965229485396384,0.9265463917525774,concordant,concordant,-0.007119596385082305,-0.003864814754426682
E02000637,Lambeth,5,5,28.442260803499483,22.2360567321409,396.0,445.0,0.4028484231943031,0.4526958290946083,0.0498474059003051,-6.206204071358584,411.0,783.0,1267,1381,2648,1194.0,121.53058912386707,-372.0,32.438831886345696,378.0,728.0,1259.0,1388.0,2647.0,1106.0,103.96071023800528,-350.0,30.023828435266086,373.0,674.0,1047.0,94.940332326284,-301.0,27.009413468501087,407.0,716.0,1123.0,110.0914242538723,-309.0,29.322766570605182,-286.0,427.0,713.0,22.0,-88.0,-17.569878885861797,-2.4150034510796097,-8.0,76.0,15.151091927588311,2.313353102104095,0.5327978580990629,0.8462990936555891,0.4961866307761328,0.8420853796751039,concordant,concordant,-0.036611227322930096,-0.004213713980485201
E02000638,Lambeth,3,4,35.127548866437664,24.584443094250148,224.0,368.0,0.2278738555442523,0.3743641912512716,0.1464903357070193,-10.543105772187516,802.0,214.0,1270,1307,2577,1016.0,66.5999223903764,588.0,63.1496062992126,865.0,230.0,1375.0,1472.0,2847.0,1095.0,69.88057604495961,635.0,62.909090909090914,851.0,263.0,1114.0,86.85021342646488,588.0,65.11094108645754,1028.0,307.0,1335.0,110.85212504390589,721.0,69.83695652173914,293.0,732.0,439.0,47.0,79.0,3.2806536545832046,-0.24051539012168632,133.0,221.0,24.00191161744101,4.726015435281596,0.47699530516431926,0.8265424912689173,0.4506172839506173,0.8535300316122234,concordant,concordant,-0.026378021213701974,0.026987540343306082
E02000639,Lambeth,3,3,35.47868776819806,28.602146796724472,212.0,245.0,0.2156663275686673,0.2492370295015259,0.0335707019328585,-6.876540971473585,556.0,152.0,929,909,1838,708.0,45.98041349292709,404.0,59.84930032292788,671.0,169.0,998.0,1023.0,2021.0,840.0,56.11034141514102,502.0,67.23446893787575,600.0,203.0,803.0,66.2676822633297,397.0,66.006600660066,717.0,164.0,881.0,58.183077684314696,553.0,70.08797653958945,509.0,706.0,197.0,98.0,132.0,10.12992792221393,7.385168614947865,156.0,78.0,-8.084604579015007,4.081375879523449,0.4685638649900728,0.8220892274211099,0.48808832074375363,0.8515586343394359,concordant,concordant,0.019524455753680836,0.029469406918326002
E02000640,Lambeth,6,7,21.849598633125066,16.023858913447636,571.0,661.0,0.5808748728382502,0.6724313326551373,0.091556459816887,-5.825739719677429,456.0,708.0,1151,1344,2495,1164.0,129.39799599198398,-252.0,39.61772371850565,429.0,649.0,1231.0,1242.0,2473.0,1078.0,112.58431055398302,-220.0,34.84971567831032,472.0,547.0,1019.0,103.4805611222445,-75.0,35.11904761904761,459.0,663.0,1122.0,123.05580266882328,-204.0,36.95652173913043,-328.0,382.0,710.0,32.0,-86.0,-16.81368543800096,-4.768008040195333,-129.0,103.0,19.57524154657878,1.8374741200828169,0.5332111772789739,0.8749498997995993,0.49,0.8896077638495754,concordant,concordant,-0.043211177278973945,0.014657864049976155
E02000641,Lambeth,2,2,37.77059364734024,32.59530040098018,171.0,134.0,0.1739572736520854,0.1363173957273652,-0.0376398779247202,-5.175293246360063,629.0,28.0,824,900,1724,657.0,10.215777262180977,601.0,76.33495145631069,529.0,30.0,682.0,860.0,1542.0,559.0,10.29182879377432,499.0,77.56598240469208,722.0,17.0,739.0,7.119489559164733,705.0,80.22222222222221,724.0,34.0,758.0,15.963683527885864,690.0,84.18604651162791,454.0,516.0,62.0,-102.0,-98.0,0.07605153159334321,1.2310309483813882,-15.0,19.0,8.844193968721132,3.963824289405693,0.4706303724928367,0.8097447795823666,0.42444950645406226,0.8540856031128404,concordant,concordant,-0.046180866038774415,0.04434082353047386
E02000642,Lambeth,5,4,25.87531438304944,24.80936700884236,452.0,363.0,0.4598168870803662,0.3692777212614445,-0.0905391658189216,-1.0659473742070773,314.0,434.0,1092,948,2040,748.0,66.80196078431372,-120.0,28.754578754578752,261.0,416.0,957.0,915.0,1872.0,677.0,58.0,-155.0,27.27272727272727,259.0,518.0,777.0,65.7656862745098,-259.0,27.320675105485233,287.0,486.0,773.0,74.50961538461539,-199.0,31.366120218579237,213.0,484.0,271.0,-35.0,-71.0,-8.80196078431372,-1.481851481851482,60.0,-4.0,8.743929110105583,4.045445113094004,0.4904918032786885,0.7475490196078431,0.4668965517241379,0.7745726495726496,concordant,concordant,-0.02359525155455061,0.02702362996480645
E02000643,Lambeth,4,5,29.604573062492538,22.511572167726634,373.0,441.0,0.3794506612410986,0.4486266531027467,0.069175991861648,-7.0930008947659005,645.0,331.0,1099,1129,2228,976.0,95.82360861759426,314.0,58.68971792538672,649.0,341.0,1136.0,1090.0,2226.0,990.0,99.42003593890388,308.0,57.13028169014085,682.0,350.0,1032.0,107.13644524236985,332.0,60.4074402125775,599.0,369.0,968.0,99.29514824797845,230.0,54.954128440366965,21.0,488.0,467.0,-6.0,14.0,3.596427321309619,-1.5594362352458688,-102.0,-64.0,-7.841296994391399,-5.453311772210533,0.4860557768924303,0.9012567324955116,0.5056179775280899,0.8796046720575023,concordant,concordant,0.01956220063565961,-0.02165206043800938
E02000644,Lambeth,5,6,27.280966691415315,20.974858694447523,425.0,494.0,0.4323499491353001,0.5025432349949135,0.0701932858596133,-6.306107996967793,258.0,429.0,1161,922,2083,687.0,53.13586173787806,-171.0,22.22222222222222,278.0,357.0,915.0,876.0,1791.0,635.0,55.413735343383586,-79.0,30.382513661202186,253.0,605.0,858.0,73.4829572731637,-352.0,27.440347071583517,277.0,423.0,700.0,65.42211055276383,-146.0,31.621004566210047,-270.0,231.0,501.0,92.0,-52.0,2.277873605505526,8.160291438979964,206.0,-158.0,-8.06084672039988,4.18065749462653,0.4446601941747573,0.741718674987998,0.4756554307116105,0.7453936348408711,concordant,concordant,0.03099523653685321,0.0036749598528730276
E02000645,Lambeth,5,5,26.64324136252771,22.59827693269431,438.0,439.0,0.4455747711088504,0.4465920651068158,0.0010172939979654,-4.044964429833403,265.0,514.0,1141,1098,2239,779.0,60.83519428316213,-249.0,23.22524101665206,276.0,416.0,923.0,997.0,1920.0,692.0,59.8,-140.0,29.902491874322862,323.0,507.0,830.0,73.14024117909781,-184.0,29.417122040072854,320.0,367.0,687.0,61.166666666666664,-47.0,32.0962888665998,-46.0,397.0,443.0,109.0,-87.0,-1.0351942831621344,6.677250857670803,137.0,-143.0,-11.97357451243115,2.679166826526945,0.4841516469857054,0.7186243858865565,0.5018129079042785,0.7182291666666667,concordant,concordant,0.017661260918573063,-0.0003952192198898308
E02000646,Lambeth,5,6,26.44604304681504,19.734005023640663,441.0,543.0,0.4486266531027467,0.5523906408952187,0.103763987792472,-6.712038023174376,404.0,573.0,1289,1190,2479,977.0,93.38120209762,-169.0,31.342125678820793,414.0,546.0,1183.0,1155.0,2338.0,960.0,96.68263473053892,-132.0,34.99577345731192,353.0,622.0,975.0,88.5703912868092,-269.0,29.66386554621849,389.0,544.0,933.0,90.51154833190762,-155.0,33.67965367965368,-355.0,316.0,671.0,37.0,-17.0,3.3014326329189174,3.653647778491127,114.0,-42.0,1.9411570450984215,4.015788133435194,0.5005122950819673,0.7874142799515934,0.5071315372424723,0.8096663815226689,concordant,concordant,0.006619242160505023,0.02225210157107549
E02000647,Lambeth,5,6,24.294719184250855,19.74020986439195,480.0,542.0,0.4883011190233978,0.5513733468972533,0.0630722278738554,-4.554509319858905,211.0,315.0,801,740,1541,526.0,43.131083711875405,-104.0,26.34207240948814,232.0,270.0,772.0,663.0,1435.0,502.0,43.65156794425087,-38.0,30.05181347150259,217.0,354.0,571.0,49.849448410123294,-137.0,29.324324324324323,231.0,287.0,518.0,46.2,-56.0,34.841628959276015,-215.0,175.0,390.0,66.0,-24.0,0.5204842323754661,3.7097410620144515,81.0,-53.0,-3.6494484101232914,5.517304634951692,0.479489516864175,0.7118754055807917,0.492156862745098,0.710801393728223,concordant,concordant,0.012667345880922998,-0.0010740118525686126
E02000648,Lambeth,2,1,41.007171645488384,34.775513627592865,122.0,81.0,0.1241098677517802,0.0824008138351983,-0.0417090539165818,-6.231658017895519,627.0,11.0,730,651,1381,638.0,4.994207096307024,616.0,85.89041095890411,432.0,17.0,520.0,480.0,1000.0,449.0,7.344,415.0,83.07692307692308,564.0,7.0,571.0,2.8587979724837074,557.0,86.63594470046083,416.0,10.0,426.0,4.16,406.0,86.66666666666667,482.0,482.0,0.0,-201.0,-189.0,2.3497929036929763,-2.8134878819810325,-151.0,-145.0,1.3012020275162928,0.030721966205845774,0.5277088502894954,0.8754525706010138,0.5131428571428571,0.875,concordant,concordant,-0.014565993146638312,-0.00045257060101377977
E02000649,Lambeth,3,4,34.865395218674536,24.581446045324927,231.0,370.0,0.2349949135300101,0.3763987792472024,0.1414038657171922,-10.283949173349608,1190.0,207.0,1568,1538,3106,1397.0,79.30779137153895,983.0,75.89285714285714,1159.0,201.0,1583.0,1564.0,3147.0,1360.0,74.02573879885605,958.0,73.21541377132029,1169.0,196.0,1365.0,73.76819059884096,973.0,76.00780234070221,1206.0,224.0,1430.0,85.8417540514776,982.0,77.10997442455243,650.0,1020.0,370.0,-25.0,-37.0,-5.2820525726829,-2.677443371536853,9.0,65.0,12.073563452636634,1.1021720838502205,0.5057929036929761,0.8892466194462331,0.4874551971326165,0.886558627264061,concordant,concordant,-0.018337706560359657,-0.002687992182172083
E02000650,Lambeth,4,2,31.554681469558194,31.015999344863733,325.0,176.0,0.3306205493387589,0.1790437436419125,-0.1515768056968464,-0.5386821246944606,423.0,171.0,755,630,1385,594.0,52.2259927797834,252.0,56.026490066225165,405.0,215.0,728.0,765.0,1493.0,620.0,58.32217012726055,190.0,55.63186813186813,364.0,218.0,582.0,57.293862815884474,146.0,57.77777777777777,434.0,215.0,649.0,62.498325519089086,219.0,56.73202614379085,516.0,586.0,70.0,-62.0,26.0,6.096177347477152,-0.3946219343570334,73.0,67.0,5.204462703204612,-1.0457516339869244,0.5051020408163265,0.8490974729241877,0.48857368006304175,0.8499665103817816,concordant,concordant,-0.016528360753284732,0.0008690374575939241
E02000651,Lambeth,5,5,28.470479521592363,21.32459469656139,395.0,480.0,0.4018311291963377,0.4883011190233978,0.08646998982706,-7.145884825030972,276.0,339.0,913,885,1798,615.0,52.03781979977753,-63.0,30.23001095290252,291.0,340.0,858.0,923.0,1781.0,631.0,55.55306007860752,-49.0,33.91608391608392,312.0,460.0,772.0,79.82202447163515,-148.0,35.25423728813559,331.0,356.0,687.0,66.16282987085907,-25.0,35.861321776814734,74.0,426.0,352.0,14.0,16.0,3.5152402788299923,3.686072963181399,123.0,-85.0,-13.659194600776075,0.607084488679142,0.4434030281182408,0.771412680756396,0.4787556904400607,0.7400336889387984,concordant,concordant,0.03535266232181994,-0.03137899181759762
E02000652,Lambeth,5,6,26.35290384625832,20.358346969319033,444.0,526.0,0.4516785350966429,0.5350966429298067,0.0834181078331638,-5.9945568769392885,174.0,281.0,571,744,1315,455.0,37.181749049429655,-107.0,30.472854640980735,187.0,223.0,639.0,659.0,1298.0,410.0,32.1271186440678,-36.0,29.26447574334898,293.0,262.0,555.0,58.37718631178707,31.0,39.38172043010753,262.0,287.0,549.0,57.9306625577812,-25.0,39.75720789074355,-225.0,112.0,337.0,71.0,-45.0,-5.054630405361856,-1.2083788976317535,-56.0,-6.0,-0.44652375400587374,0.37548746063602323,0.4504950495049505,0.7680608365019012,0.42752867570385816,0.7388289676425269,divergent,concordant,-0.022966373801092343,-0.029231868859374233
E02000653,Lewisham,2,3,36.91820631788389,27.21123345476624,183.0,293.0,0.1861648016276704,0.2980671414038657,0.1119023397761952,-9.706972863117652,649.0,93.0,856,896,1752,742.0,34.45034246575342,556.0,75.8177570093458,935.0,160.0,1342.0,1380.0,2722.0,1095.0,54.95958853783982,775.0,69.67213114754098,673.0,56.0,729.0,21.511415525114156,617.0,75.11160714285714,1025.0,172.0,1197.0,64.7685525349008,853.0,74.27536231884058,347.0,766.0,419.0,219.0,353.0,20.5092460720864,-6.145625861804817,236.0,468.0,43.257137009786646,-0.8362448240165605,0.504418762746431,0.8396118721461188,0.47774869109947643,0.8420279206465834,concordant,concordant,-0.02667007164695462,0.002416048500464618
E02000654,Lewisham,2,1,41.74649094056334,34.46425997455765,113.0,90.0,0.1149542217700915,0.091556459816887,-0.0233977619532044,-7.282230966005692,550.0,49.0,801,699,1500,599.0,17.966666666666665,501.0,68.66416978776529,555.0,90.0,753.0,791.0,1544.0,645.0,32.351036269430054,465.0,73.70517928286853,557.0,76.0,633.0,28.221333333333337,481.0,79.68526466380543,588.0,85.0,673.0,32.370466321243526,503.0,74.33628318584071,637.0,637.0,0.0,-36.0,46.0,14.384369602763389,5.041009495103239,22.0,40.0,4.149132987910189,-5.348981477964713,0.4862012987012987,0.8213333333333334,0.48937784522003036,0.8536269430051814,concordant,concordant,0.003176546518731671,0.03229360967184802
E02000655,Lewisham,4,2,32.287983135964915,32.33255805032156,303.0,140.0,0.3082400813835198,0.1424211597151576,-0.1658189216683621,0.0445749143566445,273.0,546.0,948,1158,2106,819.0,70.77777777777777,-273.0,28.79746835443038,332.0,494.0,1124.0,1173.0,2297.0,826.0,71.40095777100566,-162.0,29.537366548042705,392.0,454.0,846.0,84.50522317188984,-62.0,33.85146804835924,418.0,538.0,956.0,97.9033521985198,-120.0,35.63512361466326,623.0,788.0,165.0,111.0,7.0,0.6231799932278932,0.7398981936123263,-58.0,110.0,13.39812902662996,1.7836555663040201,0.4918918918918919,0.7905982905982906,0.46352413019079686,0.7757945145842403,concordant,concordant,-0.028367761701095062,-0.014803776014050252
E02000657,Lewisham,4,4,31.56238043842256,26.140808345120227,324.0,328.0,0.3296032553407935,0.3336724313326551,0.0040691759918616,-5.421572093302331,397.0,633.0,1090,1559,2649,1030.0,94.86636466591166,-236.0,36.42201834862385,366.0,563.0,1118.0,1432.0,2550.0,929.0,80.80705882352942,-197.0,32.73703041144901,452.0,446.0,898.0,76.10117025292563,6.0,28.992944194996795,516.0,483.0,999.0,97.73647058823528,33.0,36.03351955307262,-135.0,456.0,591.0,39.0,-101.0,-14.059305842382244,-3.6849879371748386,27.0,101.0,21.63530033530965,7.040575358075827,0.5342323651452282,0.7278218195545488,0.48184647302904565,0.756078431372549,divergent,divergent,-0.05238589211618255,0.02825661181800021
E02000658,Lewisham,4,4,30.935088919894156,24.88318940518324,342.0,361.0,0.3479145473041709,0.3672431332655137,0.0193285859613427,-6.0518995147109145,331.0,370.0,1089,993,2082,701.0,58.823246878001925,-39.0,30.39485766758494,321.0,343.0,908.0,912.0,1820.0,664.0,60.496153846153845,-22.0,35.352422907488986,344.0,447.0,791.0,73.85590778097983,-103.0,34.64249748237664,360.0,341.0,701.0,67.45054945054945,19.0,39.473684210526315,-41.0,336.0,377.0,17.0,-37.0,1.6729069681519206,4.957565239904046,122.0,-90.0,-6.4053583304303885,4.8311867281496745,0.4698391420911528,0.7166186359269933,0.48644688644688644,0.75,concordant,divergent,0.016607744355733645,0.033381364073006736
E02000659,Lewisham,4,5,28.842463093413016,22.07216938929379,386.0,455.0,0.392675483214649,0.4628687690742624,0.0701932858596134,-6.770293704119226,371.0,253.0,749,755,1504,624.0,62.40890957446808,118.0,49.532710280373834,328.0,178.0,644.0,619.0,1263.0,506.0,46.2264449722882,150.0,50.931677018633536,391.0,277.0,668.0,72.0126329787234,114.0,51.78807947019868,345.0,216.0,561.0,59.00237529691211,129.0,55.73505654281099,52.0,290.0,238.0,32.0,-118.0,-16.182464602179884,1.398966738259702,15.0,-107.0,-13.01025768181129,3.946977072612306,0.48297213622291024,0.8590425531914894,0.4742268041237113,0.8448139350752177,concordant,concordant,-0.008745332099198921,-0.01422861811627163
E02000660,Lewisham,4,4,32.07111655799849,24.623504121526143,310.0,367.0,0.3153611393692777,0.3733468972533062,0.0579857578840284,-7.447612436472344,384.0,399.0,1081,1077,2158,783.0,70.99907321594068,-15.0,35.52266419981498,350.0,349.0,1000.0,1023.0,2023.0,699.0,60.38062283737024,1.0,35.0,477.0,396.0,873.0,87.53104726598703,81.0,44.28969359331476,462.0,445.0,907.0,101.62629757785469,17.0,45.16129032258064,42.0,375.0,333.0,16.0,-84.0,-10.618450378570444,-0.522664199814983,-64.0,34.0,14.095250311867659,0.8715967292658817,0.47282608695652173,0.7673772011121409,0.4352428393524284,0.7938704893722195,divergent,concordant,-0.03758324760409332,0.026493288260078574
E02000661,Lewisham,6,7,23.29692327026175,16.33983823746858,522.0,647.0,0.5310274669379451,0.6581892166836215,0.1271617497456764,-6.95708503279317,159.0,401.0,697,712,1409,560.0,45.25124201561391,-242.0,22.812051649928264,140.0,349.0,568.0,619.0,1187.0,489.0,41.16259477674811,-209.0,24.647887323943664,181.0,432.0,613.0,55.49467707594038,-251.0,25.42134831460674,156.0,335.0,491.0,44.02695871946082,-179.0,25.20193861066236,-321.0,117.0,438.0,33.0,-71.0,-4.0886472388658035,1.8358356740153994,72.0,-122.0,-11.467718356479558,-0.21940970394437898,0.4774083546462063,0.8325053229240597,0.4989795918367347,0.8256107834877844,concordant,concordant,0.02157123719052839,-0.006894539436275271
E02000662,Lewisham,4,4,30.236134543209875,23.9897426337262,357.0,387.0,0.3631739572736521,0.3936927772126144,0.0305188199389623,-6.246391909483673,359.0,297.0,937,831,1768,656.0,60.307126696832576,62.0,38.31376734258271,215.0,223.0,620.0,704.0,1324.0,438.0,36.21223564954683,-8.0,34.67741935483871,292.0,319.0,611.0,52.68552036199095,-27.0,35.13838748495788,333.0,255.0,588.0,64.13519637462235,78.0,47.30113636363637,2.0,224.0,222.0,-70.0,-218.0,-24.09489104728575,-3.6363479877439957,105.0,-23.0,11.4496760126314,12.162748878678485,0.5177584846093133,0.7166289592760181,0.4269005847953216,0.7749244712990937,divergent,divergent,-0.09085789981399167,0.05829551202307559
E02000663,Lewisham,6,6,23.334572290797887,20.518439860701847,521.0,518.0,0.5300101729399797,0.5269582909460834,-0.0030518819938962,-2.81613243009604,94.0,582.0,774,756,1530,676.0,35.75686274509804,-488.0,12.144702842377262,69.0,453.0,607.0,665.0,1272.0,522.0,24.57311320754717,-384.0,11.367380560131796,79.0,622.0,701.0,32.11633986928105,-543.0,10.44973544973545,105.0,475.0,580.0,39.20990566037736,-370.0,15.789473684210526,-322.0,96.0,418.0,104.0,-154.0,-11.18374953755087,-0.777322282245466,173.0,-121.0,7.09356579109631,5.339738234475076,0.49092229484386346,0.9,0.47368421052631576,0.8663522012578616,concordant,concordant,-0.017238084317547697,-0.03364779874213841
E02000664,Lewisham,2,1,42.10523268808115,34.520400255319146,108.0,88.0,0.1098677517802644,0.0895218718209562,-0.0203458799593082,-7.584832432762006,1011.0,88.0,1277,1155,2432,1099.0,36.58223684210526,923.0,79.16992952231793,0.0,0.0,0.0,0.0,0.0,0.0,0.0,0.0,0.0,887.0,91.0,978.0,33.18955592105263,796.0,76.7965367965368,0.0,0.0,0.0,0.0,0.0,0.0,0.0,0.0,0.0,-923.0,-1099.0,-36.58223684210526,-79.16992952231793,-796.0,-978.0,-33.18955592105263,-76.7965367965368,0.529128550794415,0.8540296052631579,0.5,0.0,concordant,zero,-0.02912855079441501,-0.8540296052631579
E02000665,Lewisham,5,6,25.361801906265793,20.62070310175117,465.0,512.0,0.4730417090539165,0.5208545269582909,0.0478128179043743,-4.741098804514621,255.0,335.0,736,728,1464,590.0,58.35040983606557,-80.0,34.64673913043478,184.0,288.0,635.0,587.0,1222.0,472.0,43.36497545008184,-104.0,28.976377952755904,295.0,383.0,678.0,77.17554644808743,-88.0,40.52197802197802,208.0,342.0,550.0,58.212765957446805,-134.0,35.43441226575809,-233.0,130.0,363.0,-24.0,-118.0,-14.98543438598373,-5.670361177678878,-46.0,-128.0,-18.962780490640625,-5.087565756219931,0.46529968454258674,0.8661202185792349,0.461839530332681,0.8363338788870703,concordant,concordant,-0.0034601542099057525,-0.0297863396921646
E02000666,Lewisham,5,5,24.208014993853297,21.694246955807905,482.0,469.0,0.4903357070193286,0.4771108850457782,-0.0132248219735503,-2.5137680380453915,223.0,364.0,747,701,1448,587.0,56.05801104972376,-141.0,29.85274431057563,150.0,309.0,600.0,601.0,1201.0,459.0,38.592839300582845,-159.0,25.0,239.0,441.0,680.0,72.78936464088397,-202.0,34.0941512125535,210.0,346.0,556.0,60.49958368026645,-136.0,34.94176372712147,-77.0,221.0,298.0,-18.0,-128.0,-17.465171749140914,-4.8527443105756305,66.0,-124.0,-12.289780960617527,0.8476125145679703,0.4632991318074191,0.875,0.4522167487684729,0.8451290591174022,concordant,concordant,-0.011082383038946209,-0.029870940882597785
E02000667,Lewisham,6,8,21.19856218396082,15.338545322697604,588.0,690.0,0.5981688708036622,0.7019328585961343,0.103763987792472,-5.860016861263215,64.0,524.0,602,763,1365,588.0,24.56849816849817,-460.0,10.6312292358804,51.0,372.0,594.0,501.0,1095.0,423.0,17.326027397260273,-321.0,8.585858585858585,160.0,471.0,631.0,55.20879120879121,-311.0,20.96985583224115,83.0,455.0,538.0,34.48858447488585,-372.0,16.56686626746507,-412.0,23.0,435.0,139.0,-165.0,-7.2424707712378975,-2.045370650021816,-61.0,-93.0,-20.720206733905364,-4.402989564776082,0.48236259228876127,0.8930402930402931,0.44016649323621226,0.8776255707762557,concordant,concordant,-0.04219609905254901,-0.015414722264037395
E02000668,Lewisham,6,7,23.615442262280308,17.377961418285558,509.0,617.0,0.5178026449643948,0.6276703967446592,0.1098677517802644,-6.237480843994749,76.0,386.0,571,560,1131,462.0,25.938107869142353,-310.0,13.309982486865149,56.0,257.0,471.0,435.0,906.0,313.0,15.885209713024285,-201.0,11.8895966029724,113.0,389.0,502.0,38.86560565870911,-276.0,20.17857142857143,123.0,312.0,435.0,42.35761589403973,-189.0,28.27586206896552,-241.0,49.0,290.0,109.0,-149.0,-10.052898156118069,-1.4203858838927488,87.0,-67.0,3.492010235330625,8.097290640394089,0.47925311203319504,0.852343059239611,0.4184491978609626,0.82560706401766,concordant,concordant,-0.060803914172232465,-0.026735995221950914
E02000669,Lewisham,5,4,28.09959996214511,24.53189380087664,408.0,372.0,0.4150559511698881,0.3784333672431332,-0.0366225839267548,-3.567706161268468,265.0,378.0,950,757,1707,643.0,58.68189806678383,-113.0,27.89473684210526,230.0,323.0,675.0,673.0,1348.0,553.0,55.111275964391695,-93.0,34.074074074074076,272.0,546.0,818.0,87.00175746924428,-274.0,35.93130779392338,249.0,355.0,604.0,65.57492581602374,-106.0,36.99851411589896,105.0,349.0,244.0,20.0,-90.0,-3.570622102392136,6.179337231968816,168.0,-214.0,-21.426831653220546,1.0672063219755827,0.4401095140314853,0.8558875219683656,0.47796024200518583,0.8583086053412463,concordant,concordant,0.03785072797370054,0.002421083372880717
E02000670,Lewisham,3,1,32.987797611255544,34.12369768847258,284.0,96.0,0.288911495422177,0.0976602238046795,-0.1912512716174975,1.1359000772170376,424.0,186.0,807,693,1500,610.0,52.576,238.0,52.540272614622054,328.0,146.0,522.0,571.0,1093.0,474.0,43.81335773101555,182.0,62.83524904214559,379.0,238.0,617.0,60.13466666666667,141.0,54.689754689754686,340.0,142.0,482.0,44.17200365965233,198.0,59.54465849387041,434.0,434.0,0.0,-56.0,-136.0,-8.76264226898445,10.294976427523537,57.0,-135.0,-15.962663007014335,4.854903804115722,0.4971475142624287,0.818,0.49581589958158995,0.8746569075937786,concordant,concordant,-0.0013316146808387552,0.056656907593778616
E02000671,Lewisham,5,6,26.037517798405332,20.80914529425235,450.0,501.0,0.4577822990844354,0.5096642929806714,0.0518819938962359,-5.228372504152983,277.0,468.0,837,916,1753,745.0,73.95094124358243,-191.0,33.09438470728793,290.0,347.0,808.0,714.0,1522.0,637.0,66.11695137976346,-57.0,35.89108910891089,315.0,424.0,739.0,76.18938961779806,-109.0,34.38864628820961,267.0,405.0,672.0,71.04796320630749,-138.0,37.39495798319328,-214.0,230.0,444.0,134.0,-108.0,-7.833989863818971,2.7967044016229607,-29.0,-67.0,-5.141426411490571,3.0063116949836726,0.5020215633423181,0.8465487735310896,0.48663101604278075,0.8600525624178712,concordant,concordant,-0.015390547299537316,0.01350378888678161
E02000672,Lewisham,2,2,36.86012535155783,33.70041021305377,185.0,103.0,0.1881993896236012,0.1047812817904374,-0.0834181078331637,-3.159715138504062,793.0,35.0,1002,872,1874,828.0,14.810565635005336,758.0,79.14171656686626,650.0,61.0,755.0,908.0,1663.0,711.0,23.842453397474443,589.0,86.09271523178808,662.0,65.0,727.0,22.961579509071505,597.0,75.91743119266054,762.0,23.0,785.0,10.538785327720984,739.0,83.92070484581498,427.0,574.0,147.0,-169.0,-117.0,9.031887762469108,6.950998664921812,142.0,58.0,-12.422794181350522,8.003273653154437,0.532475884244373,0.8297758804695837,0.4752673796791444,0.899579073962718,concordant,concordant,-0.05720850456522858,0.06980319349313424
E02000673,Lewisham,6,7,21.887214926938928,15.829065399330466,569.0,670.0,0.5788402848423194,0.681586978636826,0.1027466937945066,-6.058149527608462,132.0,536.0,826,741,1567,668.0,45.15124441608168,-404.0,15.980629539951574,158.0,478.0,793.0,782.0,1575.0,636.0,47.95174603174603,-320.0,19.924337957124845,124.0,580.0,704.0,45.89661774090619,-456.0,16.734143049932523,194.0,536.0,730.0,66.0215873015873,-342.0,24.808184143222505,-422.0,130.0,552.0,84.0,-32.0,2.800501615664352,3.943708417173271,114.0,26.0,20.124969560681116,8.074041093289981,0.4868804664723032,0.8755583918315252,0.465592972181552,0.8673015873015874,concordant,concordant,-0.02128749429075122,-0.008256804529937822
E02000674,Lewisham,6,5,22.74539238802246,21.28855600379687,542.0,481.0,0.5513733468972533,0.4893184130213632,-0.06205493387589,-1.4568363842255891,60.0,399.0,608,628,1236,459.0,19.368932038834952,-339.0,9.86842105263158,64.0,307.0,523.0,484.0,1007.0,371.0,19.51142005958292,-243.0,12.237093690248566,155.0,459.0,614.0,57.560679611650485,-304.0,24.681528662420384,87.0,348.0,435.0,30.065541211519363,-261.0,17.97520661157025,-78.0,178.0,256.0,96.0,-88.0,0.14248802074796885,2.368672637616985,43.0,-179.0,-27.495138400131122,-6.706322050850133,0.4277726001863933,0.8681229773462783,0.46029776674937967,0.8003972194637538,concordant,concordant,0.032525166562986374,-0.06772575788252455
E02000675,Lewisham,5,6,24.207028365431498,19.71985425751664,483.0,544.0,0.491353001017294,0.5534079348931842,0.0620549338758901,-4.487174107914857,188.0,311.0,617,594,1211,499.0,48.28075970272502,-123.0,30.47001620745543,226.0,225.0,624.0,540.0,1164.0,451.0,43.68556701030928,1.0,36.217948717948715,203.0,336.0,539.0,56.323699421965316,-133.0,34.17508417508417,259.0,316.0,575.0,70.3127147766323,-57.0,47.96296296296296,-138.0,151.0,289.0,124.0,-48.0,-4.595192692415743,5.7479325104932855,76.0,36.0,13.98901535466699,13.787878787878789,0.48073217726396916,0.8571428571428571,0.4395711500974659,0.8814432989690721,concordant,divergent,-0.04116102716650327,0.024300441826215047
E02000676,Lewisham,5,6,26.83475872034228,20.797340120201152,435.0,502.0,0.4425228891149542,0.5106815869786369,0.0681586978636826,-6.037418600141127,230.0,384.0,732,722,1454,614.0,60.74277854195323,-154.0,31.420765027322407,200.0,293.0,622.0,599.0,1221.0,493.0,47.993447993447994,-93.0,32.154340836012864,233.0,382.0,615.0,61.214580467675376,-149.0,32.27146814404433,242.0,337.0,579.0,66.7927927927928,-95.0,40.40066777963272,-216.0,153.0,369.0,61.0,-121.0,-12.749330548505235,0.7335758086904569,54.0,-36.0,5.57821232511742,8.129199635588392,0.49959316517493896,0.8452544704264099,0.45988805970149255,0.877968877968878,concordant,concordant,-0.03970510547344641,0.03271440754246813
E02000677,Lewisham,6,5,23.1539802597583,22.743233797862263,532.0,433.0,0.5412004069175992,0.4404883011190234,-0.1007121057985758,-0.4107464618960357,57.0,376.0,622,566,1188,433.0,18.04040404040404,-319.0,9.163987138263666,61.0,288.0,458.0,493.0,951.0,349.0,18.473186119873816,-227.0,13.31877729257642,116.0,461.0,577.0,45.013468013468014,-345.0,20.49469964664311,115.0,334.0,449.0,40.38906414300736,-219.0,23.32657200811359,-93.0,144.0,237.0,92.0,-84.0,0.4327820794697743,4.154790154312755,126.0,-128.0,-4.624403870460654,2.831872361470481,0.4287128712871287,0.8501683501683501,0.43734335839599,0.8391167192429022,concordant,concordant,0.008630487108861273,-0.01105163092544792
E02000678,Lewisham,3,2,34.58282409725645,31.299345582720864,241.0,165.0,0.2451678535096643,0.167853509664293,-0.0773143438453713,-3.2834785145355845,241.0,104.0,441,427,868,345.0,28.87557603686636,137.0,54.6485260770975,218.0,93.0,420.0,397.0,817.0,311.0,24.81517747858017,125.0,51.90476190476191,228.0,86.0,314.0,22.589861751152075,142.0,53.39578454332553,239.0,137.0,376.0,40.077111383108935,102.0,60.20151133501259,178.0,244.0,66.0,-12.0,-34.0,-4.060398558286188,-2.743764172335588,-40.0,62.0,17.48724963195686,6.805726791687057,0.5235204855842185,0.7592165898617511,0.45269286754002913,0.8408812729498164,concordant,concordant,-0.07082761804418936,0.08166468308806529
E02000679,Lewisham,4,4,31.779484562934854,26.11032891859052,317.0,330.0,0.3224821973550356,0.335707019328586,0.0132248219735504,-5.6691556443443325,367.0,256.0,818,620,1438,623.0,65.33518776077887,111.0,44.86552567237164,259.0,182.0,582.0,583.0,1165.0,441.0,40.4618025751073,77.0,44.50171821305842,270.0,309.0,579.0,58.01808066759388,-39.0,43.54838709677419,291.0,220.0,511.0,54.952789699570815,71.0,49.914236706689536,74.0,251.0,177.0,-34.0,-182.0,-24.873385185671566,-0.36380745931322167,110.0,-68.0,-3.0652909680230636,6.365849609915344,0.5183028286189684,0.8358831710709318,0.4632352941176471,0.8171673819742489,divergent,concordant,-0.05506753450132129,-0.018715789096682922
E02000680,Lewisham,3,4,33.94220438294143,26.328571053322825,260.0,322.0,0.2644964394710071,0.3275686673448627,0.0630722278738555,-7.613633329618608,478.0,162.0,747,736,1483,640.0,52.21577882670263,316.0,63.98929049531459,356.0,92.0,525.0,548.0,1073.0,448.0,30.5237651444548,264.0,67.80952380952381,456.0,165.0,621.0,50.73499662845583,291.0,61.95652173913043,391.0,92.0,483.0,33.52469711090401,299.0,71.35036496350365,104.0,262.0,158.0,-52.0,-192.0,-21.692013682247833,3.8202333142092186,8.0,-138.0,-17.210299517551825,9.39384322437322,0.507533703409992,0.8503034389750506,0.48120300751879697,0.8676607642124884,concordant,concordant,-0.026330695891195077,0.017357325237437826
E02000681,Lewisham,3,1,33.26986647393131,34.679878332751194,278.0,85.0,0.2828077314343845,0.08646998982706,-0.1963377416073245,1.4100118588198851,291.0,127.0,494,590,1084,418.0,34.093173431734314,164.0,58.906882591093115,264.0,84.0,466.0,477.0,943.0,348.0,23.51643690349947,180.0,56.65236051502146,355.0,136.0,491.0,44.53874538745387,219.0,60.16949152542372,298.0,113.0,411.0,35.70943796394486,185.0,62.473794549266245,384.0,384.0,0.0,16.0,-70.0,-10.576736528234843,-2.254522076071652,-34.0,-80.0,-8.829307423509015,2.3043030238425217,0.4598459845984598,0.8385608856088561,0.45849802371541504,0.8048780487804879,concordant,concordant,-0.0013479608830447853,-0.03368283682836826
E02000682,Lewisham,3,2,34.86633818794414,31.320623235491823,230.0,164.0,0.2339776195320447,0.1668362156663275,-0.0671414038657172,-3.545714952452311,327.0,187.0,606,573,1179,514.0,51.86513994910941,140.0,53.96039603960397,279.0,119.0,472.0,466.0,938.0,398.0,35.3955223880597,160.0,59.11016949152542,291.0,127.0,418.0,31.346055979643765,164.0,50.78534031413613,293.0,93.0,386.0,29.050106609808104,200.0,62.8755364806867,268.0,337.0,69.0,20.0,-116.0,-16.46961756104971,5.1497734519214475,36.0,-32.0,-2.295949369835661,12.09019616655057,0.5515021459227468,0.7905004240882103,0.5076530612244898,0.835820895522388,concordant,concordant,-0.04384908469825699,0.04532047143417772
E02000683,Lewisham,3,2,34.59896768156425,32.898287428932406,240.0,128.0,0.2441505595116989,0.1302136317395727,-0.1139369277721261,-1.700680252631841,320.0,94.0,540,536,1076,414.0,27.955390334572492,226.0,59.25925925925925,277.0,84.0,433.0,408.0,841.0,361.0,27.66706302021403,193.0,63.972286374133944,352.0,115.0,467.0,37.62081784386617,237.0,65.67164179104478,297.0,106.0,403.0,37.43400713436385,191.0,72.79411764705883,258.0,316.0,58.0,-33.0,-53.0,-0.2883273143584617,4.713027114874691,-46.0,-64.0,-0.1868107095023177,7.122475856014049,0.4699205448354143,0.8187732342007435,0.4725130890052356,0.9084423305588585,concordant,concordant,0.002592544169821298,0.08966909635811493
E02000685,Lewisham,3,3,34.770267452793334,27.242348347991445,236.0,292.0,0.2400813835198372,0.2970498474059003,0.056968463886063,-7.527919104801889,527.0,126.0,748,638,1386,653.0,47.90909090909091,401.0,70.45454545454545,444.0,111.0,621.0,609.0,1230.0,555.0,40.06829268292683,333.0,71.49758454106279,377.0,134.0,511.0,36.44877344877345,243.0,59.09090909090909,390.0,96.0,486.0,30.4390243902439,294.0,64.03940886699507,249.0,431.0,182.0,-68.0,-98.0,-7.840798226164075,1.0430390865173393,51.0,-25.0,-6.00974905852955,4.948499776085981,0.5609965635738832,0.8398268398268398,0.5331412103746398,0.8463414634146341,concordant,concordant,-0.02785535319924337,0.00651462358779431
E02000686,Lewisham,1,1,42.8632430713965,39.94807595280076,94.0,23.0,0.0956256358087487,0.0233977619532044,-0.0722278738555442,-2.9151671185957397,505.0,0.0,519,509,1028,505.0,0.0,505.0,97.30250481695568,447.0,0.0,464.0,378.0,842.0,447.0,0.0,447.0,96.33620689655172,495.0,0.0,495.0,0.0,495.0,97.24950884086444,363.0,0.0,363.0,0.0,363.0,96.03174603174604,388.0,388.0,0.0,-58.0,-58.0,0.0,-0.9662979204039601,-132.0,-132.0,0.0,-1.2177628091183976,0.505,0.9727626459143969,0.5518518518518518,0.9619952494061758,concordant,concordant,0.04685185185185181,-0.010767396508221116
E02000687,Lewisham,4,4,31.4998420880646,25.49714092846992,326.0,344.0,0.3316378433367243,0.3499491353001017,0.0183112919633774,-6.002701159594679,327.0,277.0,727,739,1466,604.0,61.78649386084584,50.0,44.97936726272352,284.0,206.0,619.0,589.0,1208.0,490.0,48.43046357615894,78.0,45.880452342487885,338.0,294.0,632.0,67.78444747612551,44.0,45.73748308525033,300.0,211.0,511.0,52.40066225165563,89.0,50.93378607809848,78.0,312.0,234.0,28.0,-114.0,-13.356030284686895,0.9010850797643641,45.0,-121.0,-15.383785224469875,5.196302992848146,0.4886731391585761,0.8431105047748977,0.48951048951048953,0.8286423841059603,concordant,concordant,0.0008373503519134573,-0.014468120668937434
E02000689,Merton,10,10,7.324171313393072,9.187242079510703,954.0,889.0,0.970498474059003,0.9043743641912512,-0.0661241098677517,1.8630707661176311,0.0,652.0,839,822,1661,652.0,0.0,-652.0,0.0,0.0,588.0,985.0,786.0,1771.0,588.0,0.0,-588.0,0.0,0.0,728.0,728.0,0.0,-728.0,0.0,0.0,883.0,883.0,0.0,-883.0,0.0,-535.0,0.0,535.0,64.0,-64.0,0.0,0.0,-155.0,155.0,0.0,0.0,0.47246376811594204,0.8308248043347382,0.39972807613868117,0.8306041784302653,concordant,concordant,-0.07273569197726087,-0.00022062590447280428
E02000690,Merton,10,10,7.306942889144271,6.785943008011653,955.0,952.0,0.9715157680569684,0.9684638860630722,-0.0030518819938962,-0.5209998811326182,0.0,244.0,438,374,812,244.0,0.0,-244.0,0.0,0.0,214.0,409.0,322.0,731.0,214.0,0.0,-214.0,0.0,0.0,266.0,266.0,0.0,-266.0,0.0,0.0,247.0,247.0,0.0,-247.0,0.0,-197.0,0.0,197.0,30.0,-30.0,0.0,0.0,19.0,-19.0,0.0,0.0,0.47843137254901963,0.6280788177339901,0.4642082429501085,0.6306429548563611,concordant,concordant,-0.014223129598911144,0.002564137122371024
E02000691,Merton,9,10,10.957767755522225,9.183412503339566,868.0,890.0,0.8830111902339777,0.9053916581892166,0.0223804679552389,-1.7743552521826589,247.0,426.0,892,885,1777,673.0,59.21328081035453,-179.0,27.690582959641254,236.0,396.0,860.0,779.0,1639.0,632.0,57.02013422818792,-160.0,27.44186046511628,311.0,502.0,813.0,87.85706246482836,-191.0,35.14124293785311,278.0,486.0,764.0,82.43319097010372,-208.0,35.68677792041078,-479.0,0.0,479.0,19.0,-41.0,-2.1931465821666123,-0.24872249452497286,-17.0,-49.0,-5.4238714947246365,0.5455349825576761,0.4528936742934051,0.8362408553742262,0.45272206303724927,0.851738865161684,concordant,concordant,-0.00017161125615583472,0.015498009787457745
E02000692,Merton,10,10,6.656770422605064,5.564838680109991,969.0,974.0,0.9857578840284842,0.9908443540183112,0.005086469989827,-1.0919317424950723,0.0,522.0,834,868,1702,522.0,0.0,-522.0,0.0,0.0,507.0,796.0,798.0,1594.0,507.0,0.0,-507.0,0.0,0.0,624.0,624.0,0.0,-624.0,0.0,0.0,572.0,572.0,0.0,-572.0,0.0,-415.0,0.0,415.0,15.0,-15.0,0.0,0.0,52.0,-52.0,0.0,0.0,0.45549738219895286,0.6733254994124559,0.46987951807228917,0.676913425345044,concordant,concordant,0.01438213587333631,0.003587925932588054
E02000693,Merton,8,8,14.152329671863075,12.833113614522157,771.0,762.0,0.7843336724313327,0.775178026449644,-0.0091556459816887,-1.3192160573409204,347.0,675.0,1198,1086,2284,1022.0,102.55035026269702,-328.0,28.96494156928214,322.0,626.0,1292.0,1102.0,2394.0,948.0,84.19883040935673,-304.0,24.922600619195045,321.0,761.0,1082.0,106.9531523642732,-440.0,29.55801104972376,381.0,872.0,1253.0,138.77694235588973,-491.0,34.57350272232305,-206.0,383.0,589.0,24.0,-74.0,-18.351519853340292,-4.042340950087095,-51.0,171.0,31.823789991616536,5.015491672599289,0.48574144486692017,0.9211908931698775,0.4307133121308496,0.9193817878028404,concordant,concordant,-0.055028132736070545,-0.001809105367037045
E02000694,Merton,9,9,11.818423905383732,10.67231486784141,840.0,838.0,0.854526958290946,0.8524923702950152,-0.0020345879959308,-1.146109037542324,233.0,542.0,1029,956,1985,775.0,63.62015113350126,-309.0,22.643343051506317,214.0,584.0,1108.0,966.0,2074.0,798.0,60.25843780135005,-370.0,19.314079422382672,256.0,652.0,908.0,84.08664987405541,-396.0,26.778242677824267,259.0,752.0,1011.0,93.90935390549664,-493.0,26.81159420289855,-307.0,272.0,579.0,-61.0,23.0,-3.3617133321512114,-3.329263629123645,-97.0,103.0,9.822704031441233,0.03335152507428418,0.46048722519310753,0.8478589420654912,0.44112769485903813,0.8722275795564127,concordant,concordant,-0.019359530334069397,0.024368637490921552
E02000695,Merton,8,8,13.815409366477615,14.05193352192362,778.0,728.0,0.7914547304170906,0.7405900305188199,-0.0508646998982706,0.2365241554460055,84.0,703.0,673,891,1564,787.0,37.75703324808184,-619.0,12.481426448737,92.0,599.0,735.0,763.0,1498.0,691.0,36.78771695594126,-507.0,12.51700680272109,126.0,538.0,664.0,43.34271099744245,-412.0,14.14141414141414,102.0,582.0,684.0,39.62883845126836,-480.0,13.368283093053734,-468.0,117.0,585.0,112.0,-96.0,-0.9693162921405829,0.03558035398408954,-68.0,20.0,-3.7138725461740947,-0.7731310483604066,0.5423845623707788,0.9277493606138107,0.5025454545454545,0.917890520694259,concordant,concordant,-0.039839107825324294,-0.00985883991955172
E02000696,Merton,7,6,19.72888407829534,18.159230963551064,623.0,590.0,0.6337741607324516,0.6002034587995931,-0.0335707019328584,-1.569653114744277,271.0,497.0,873,877,1750,768.0,76.964,-226.0,31.04238258877434,276.0,453.0,796.0,880.0,1676.0,729.0,74.59904534606206,-177.0,34.67336683417086,305.0,506.0,811.0,88.18857142857142,-201.0,34.77765108323831,330.0,425.0,755.0,83.68138424821002,-95.0,37.5,-7.0,374.0,381.0,49.0,-39.0,-2.364954653937943,3.6309842453965153,106.0,-56.0,-4.507187180361399,2.722348916761689,0.4863837872070931,0.9022857142857142,0.4912398921832884,0.8854415274463007,concordant,concordant,0.004856104976195319,-0.016844186839413577
E02000697,Merton,10,10,7.422011866861385,6.867456892468025,949.0,951.0,0.965412004069176,0.9674465920651067,0.0020345879959308,-0.5545549743933602,0.0,706.0,1090,972,2062,706.0,0.0,-706.0,0.0,0.0,838.0,1119.0,1058.0,2177.0,838.0,0.0,-838.0,0.0,0.0,889.0,889.0,0.0,-889.0,0.0,0.0,920.0,920.0,0.0,-920.0,0.0,-761.0,0.0,761.0,-132.0,132.0,0.0,0.0,-31.0,31.0,0.0,0.0,0.4426332288401254,0.7735208535402521,0.47667804323094426,0.8075333027101516,concordant,concordant,0.034044814390818856,0.03401244916989943
E02000698,Merton,10,10,5.54405163216479,5.883827332657201,976.0,967.0,0.992878942014242,0.9837232960325534,-0.0091556459816887,0.3397757004924102,0.0,306.0,617,532,1149,306.0,0.0,-306.0,0.0,0.0,337.0,660.0,500.0,1160.0,337.0,0.0,-337.0,0.0,0.0,364.0,364.0,0.0,-364.0,0.0,0.0,396.0,396.0,0.0,-396.0,0.0,-334.0,0.0,334.0,-31.0,31.0,0.0,0.0,-32.0,32.0,0.0,0.0,0.45671641791044776,0.5831157528285466,0.4597544338335607,0.631896551724138,concordant,concordant,0.0030380159231129245,0.04878079889559139
E02000699,Merton,10,10,6.642231542203147,6.3079358699760615,970.0,961.0,0.9867751780264497,0.9776195320447608,-0.0091556459816887,-0.3342956722270855,0.0,464.0,831,696,1527,464.0,0.0,-464.0,0.0,0.0,402.0,760.0,732.0,1492.0,402.0,0.0,-402.0,0.0,0.0,573.0,573.0,0.0,-573.0,0.0,0.0,566.0,566.0,0.0,-566.0,0.0,-394.0,0.0,394.0,62.0,-62.0,0.0,0.0,7.0,-7.0,0.0,0.0,0.4474445515911283,0.679109364767518,0.4152892561983471,0.6487935656836461,concordant,concordant,-0.03215529539278117,-0.03031579908387194
E02000700,Merton,5,5,24.031869857659828,23.03602494463224,489.0,419.0,0.4974567650050864,0.4262461851475076,-0.0712105798575788,-0.995844913027586,500.0,199.0,747,794,1541,699.0,64.5684620376379,301.0,66.93440428380187,272.0,173.0,522.0,678.0,1200.0,445.0,39.21333333333333,99.0,52.10727969348659,497.0,191.0,688.0,61.6009085009734,306.0,62.59445843828715,438.0,179.0,617.0,65.335,259.0,64.60176991150442,81.0,276.0,195.0,-202.0,-254.0,-25.35512870430457,-14.827124590315279,-47.0,-71.0,3.734091499026597,2.007311473217271,0.5039653929343908,0.900064892926671,0.4190207156308851,0.885,concordant,concordant,-0.08494467730350569,-0.015064892926671014
E02000701,Merton,7,5,20.677068894961977,21.035854960942057,598.0,490.0,0.6083418107833164,0.4984740590030518,-0.1098677517802645,0.3587860659800768,141.0,440.0,562,751,1313,581.0,47.25057121096725,-299.0,25.088967971530252,135.0,387.0,541.0,701.0,1242.0,522.0,42.06521739130435,-252.0,24.953789279112755,202.0,342.0,544.0,52.61538461538461,-140.0,26.897470039946736,245.0,329.0,574.0,64.89935587761674,-84.0,34.950071326676174,32.0,277.0,245.0,47.0,-59.0,-5.1853538196629,-0.13517869241749736,56.0,30.0,12.283971262232129,8.052601286729438,0.5164444444444445,0.8568164508758568,0.4762773722627737,0.8824476650563607,concordant,concordant,-0.04016707218167076,0.02563121418050396
E02000702,Merton,6,4,23.59667347211312,24.332717198479436,510.0,379.0,0.5188199389623601,0.3855544252288911,-0.1332655137334689,0.7360437263663151,202.0,288.0,512,549,1061,490.0,54.83129123468426,-86.0,39.453125,227.0,264.0,546.0,583.0,1129.0,491.0,53.08060230292294,-37.0,41.57509157509158,190.0,226.0,416.0,40.471253534401505,-36.0,34.60837887067395,255.0,259.0,514.0,58.49867139061116,-4.0,43.73927958833619,242.0,373.0,131.0,49.0,1.0,-1.7506889317613172,2.1219665750915766,32.0,98.0,18.027417856209652,9.130900717662236,0.5408388520971302,0.8539114043355325,0.48855721393034823,0.8901682905225864,concordant,concordant,-0.052281638166781996,0.036256886187053916
E02000703,Merton,10,10,6.755026072332269,7.5179695773930755,968.0,937.0,0.9847405900305188,0.953204476093591,-0.0315361139369277,0.7629435050608064,0.0,440.0,595,593,1188,440.0,0.0,-440.0,0.0,0.0,346.0,483.0,523.0,1006.0,346.0,0.0,-346.0,0.0,0.0,437.0,437.0,0.0,-437.0,0.0,0.0,324.0,324.0,0.0,-324.0,0.0,-353.0,0.0,353.0,94.0,-94.0,0.0,0.0,113.0,-113.0,0.0,0.0,0.5017103762827823,0.7382154882154882,0.5164179104477612,0.6660039761431411,concordant,concordant,0.014707534164978942,-0.0722115120723471
E02000704,Merton,9,8,13.024027867476104,13.75204277086158,799.0,738.0,0.8128179043743642,0.7507629704984741,-0.0620549338758901,0.7280149033854748,293.0,301.0,825,684,1509,594.0,58.44466534128562,-8.0,35.515151515151516,319.0,292.0,828.0,725.0,1553.0,611.0,59.97939471989697,27.0,38.526570048309175,267.0,408.0,675.0,72.19085487077535,-141.0,39.03508771929825,301.0,413.0,714.0,80.04700579523502,-112.0,41.51724137931034,238.0,453.0,215.0,35.0,17.0,1.5347293786113525,3.0114185331576593,29.0,39.0,7.856150924459669,2.482153660012095,0.46808510638297873,0.8409542743538767,0.4611320754716981,0.8531873792659369,concordant,divergent,-0.006953030911280633,0.0122331049120602
E02000705,Merton,8,7,15.233752863121616,15.404535763254112,747.0,688.0,0.7599186164801628,0.6998982706002035,-0.0600203458799593,0.1707829001324974,39.0,463.0,546,567,1113,502.0,16.223719676549866,-424.0,7.142857142857142,60.0,442.0,610.0,601.0,1211.0,502.0,21.89925681255161,-382.0,9.836065573770492,70.0,471.0,541.0,29.62264150943396,-401.0,12.34567901234568,104.0,517.0,621.0,44.399669694467384,-413.0,17.304492512479204,-266.0,102.0,368.0,42.0,0.0,5.6755371360017435,2.6932084309133497,-12.0,80.0,14.777028185033423,4.958813500133523,0.4813039309683605,0.9371069182389937,0.44701691896705253,0.9273327828241124,concordant,concordant,-0.03428701200130796,-0.009774135414881369
E02000706,Merton,4,3,28.691782240557817,27.779984133700022,388.0,271.0,0.3947100712105799,0.2756866734486266,-0.1190233977619532,-0.9117981068577876,533.0,88.0,646,656,1302,621.0,36.02457757296467,445.0,82.50773993808049,415.0,56.0,517.0,591.0,1108.0,471.0,20.974729241877256,359.0,80.27079303675049,509.0,63.0,572.0,24.629032258064516,446.0,77.59146341463415,458.0,53.0,511.0,21.907942238267147,405.0,77.49576988155668,370.0,440.0,70.0,-86.0,-150.0,-15.04984833108741,-2.2369469013300005,-41.0,-61.0,-2.7210900197973693,-0.09569353307746553,0.5205364626990779,0.9162826420890937,0.47963340122199594,0.8862815884476535,concordant,concordant,-0.040903061477082,-0.030001053641440234
E02000707,Merton,6,4,23.26636373363612,26.48113163064833,524.0,313.0,0.5330620549338759,0.3184130213631739,-0.2146490335707019,3.214767897012212,128.0,189.0,492,460,952,317.0,25.41176470588235,-61.0,26.01626016260163,152.0,197.0,388.0,394.0,782.0,349.0,38.29156010230179,-45.0,39.175257731958766,196.0,258.0,454.0,53.11764705882353,-62.0,42.608695652173914,140.0,173.0,313.0,30.971867007672635,-33.0,35.53299492385787,156.0,265.0,109.0,16.0,32.0,12.879795396419436,13.158997569357137,29.0,-141.0,-22.145780051150894,-7.075700728316043,0.41115434500648507,0.8098739495798319,0.527190332326284,0.8465473145780051,concordant,concordant,0.11603598731979892,0.0366733649981732
E02000708,Merton,10,10,6.862059659184166,8.284308997308997,967.0,915.0,0.9837232960325534,0.930824008138352,-0.0528992878942014,1.4222493381248311,0.0,346.0,583,548,1131,346.0,0.0,-346.0,0.0,0.0,299.0,542.0,502.0,1044.0,299.0,0.0,-299.0,0.0,0.0,389.0,389.0,0.0,-389.0,0.0,0.0,403.0,403.0,0.0,-403.0,0.0,-333.0,0.0,333.0,47.0,-47.0,0.0,0.0,-14.0,14.0,0.0,0.0,0.4707482993197279,0.649867374005305,0.42592592592592593,0.6724137931034483,concordant,concordant,-0.04482237339380196,0.022546419098143256
E02000709,Merton,10,10,7.378591233086612,7.481353009408429,951.0,939.0,0.9674465920651067,0.955239064089522,-0.0122075279755849,0.1027617763218167,0.0,281.0,401,364,765,281.0,0.0,-281.0,0.0,0.0,222.0,488.0,343.0,831.0,222.0,0.0,-222.0,0.0,0.0,300.0,300.0,0.0,-300.0,0.0,0.0,336.0,336.0,0.0,-336.0,0.0,-218.0,0.0,218.0,59.0,-59.0,0.0,0.0,-36.0,36.0,0.0,0.0,0.4836488812392427,0.7594771241830065,0.3978494623655914,0.6714801444043321,concordant,concordant,-0.08579941887365133,-0.08799697977867438
E02000710,Merton,6,5,22.63565496938408,22.271253619857504,546.0,444.0,0.555442522889115,0.4516785350966429,-0.103763987792472,-0.3644013495265774,312.0,244.0,648,648,1296,556.0,58.74074074074074,68.0,48.148148148148145,229.0,232.0,546.0,605.0,1151.0,461.0,46.158123370981755,-3.0,41.94139194139194,298.0,254.0,552.0,58.40432098765432,44.0,45.98765432098765,308.0,252.0,560.0,67.43353605560382,56.0,50.90909090909091,82.0,250.0,168.0,-71.0,-95.0,-12.582617369758985,-6.206756206756204,12.0,8.0,9.029215067949501,4.921436588103255,0.5018050541516246,0.8549382716049383,0.4515181194906954,0.8870547350130321,concordant,divergent,-0.05028693466092915,0.03211646340809382
E02000711,Merton,5,5,24.90883320544251,22.92540486015589,471.0,425.0,0.479145473041709,0.4323499491353001,-0.0467955239064089,-1.9834283452866188,491.0,79.0,646,672,1318,570.0,29.43019726858877,412.0,76.0061919504644,424.0,96.0,634.0,684.0,1318.0,520.0,30.883156297420335,328.0,66.8769716088328,548.0,98.0,646.0,40.74658573596358,450.0,81.54761904761905,530.0,125.0,655.0,50.26555386949924,405.0,77.48538011695906,254.0,369.0,115.0,-84.0,-50.0,1.4529590288315646,-9.129220341631594,-45.0,9.0,9.518968133535665,-4.062238930659987,0.46875,0.9226100151745068,0.4425531914893617,0.8915022761760243,concordant,concordant,-0.026196808510638325,-0.031107738998482515
E02000712,Merton,6,5,22.659167258238604,22.80065715260405,545.0,431.0,0.5544252288911495,0.4384537131230925,-0.1159715157680569,0.1414898943654421,258.0,211.0,582,622,1204,469.0,45.214285714285715,47.0,44.329896907216494,205.0,118.0,429.0,423.0,852.0,323.0,28.392018779342724,87.0,47.785547785547784,361.0,236.0,597.0,70.76079734219269,125.0,58.038585209003216,272.0,168.0,440.0,53.63380281690141,104.0,64.30260047281324,144.0,229.0,85.0,40.0,-146.0,-16.82226693494299,3.4556508783312907,-21.0,-157.0,-17.12699452529128,6.264015263810023,0.4399624765478424,0.8853820598006644,0.4233289646133683,0.8955399061032864,concordant,concordant,-0.0166335119344741,0.010157846302621953
E02000713,Merton,10,10,9.767608709212285,9.228112401548524,896.0,885.0,0.9114954221770092,0.9003051881993896,-0.0111902339776195,-0.5394963076637573,0.0,198.0,342,303,645,198.0,0.0,-198.0,0.0,0.0,223.0,404.0,310.0,714.0,223.0,0.0,-223.0,0.0,0.0,259.0,259.0,0.0,-259.0,0.0,0.0,304.0,304.0,0.0,-304.0,0.0,-219.0,0.0,219.0,-25.0,25.0,0.0,0.0,-45.0,45.0,0.0,0.0,0.43326039387308535,0.7085271317829457,0.42314990512333966,0.7380952380952381,concordant,concordant,-0.010110488749745683,0.029568106312292453
E02000714,Newham,3,3,35.18882941595967,27.6586114189352,221.0,283.0,0.224821973550356,0.2878942014242115,0.0630722278738555,-7.530217997024469,133.0,478.0,777,869,1646,611.0,38.62332928311057,-345.0,17.117117117117118,107.0,325.0,512.0,708.0,1220.0,432.0,28.50409836065574,-218.0,20.8984375,217.0,554.0,771.0,73.03645200486027,-337.0,24.971231300345227,263.0,264.0,527.0,56.911475409836065,-1.0,37.14689265536723,45.0,241.0,196.0,127.0,-179.0,-10.119230922454832,3.781320382882882,336.0,-244.0,-16.1249765950242,12.175661355022005,0.44211287988422576,0.8396111786148238,0.4504692387904067,0.7860655737704918,concordant,concordant,0.008356358906180916,-0.05354560484433202
E02000715,Newham,1,2,45.1216513290882,31.155505422153368,66.0,170.0,0.0671414038657172,0.17293997965412,0.1057985757884028,-13.966145906934834,416.0,0.0,707,734,1441,416.0,0.0,416.0,58.84016973125884,266.0,0.0,414.0,726.0,1140.0,266.0,0.0,266.0,64.25120772946859,461.0,0.0,461.0,0.0,461.0,62.80653950953678,502.0,0.0,502.0,0.0,502.0,69.14600550964187,150.0,262.0,112.0,-150.0,-150.0,0.0,5.41103799820975,41.0,41.0,0.0,6.339466000105084,0.47434435575826683,0.6086051353226926,0.3463541666666667,0.6736842105263158,concordant,concordant,-0.12799018909160015,0.06507907520362322
E02000716,Newham,1,2,42.92421393391352,30.451547432101943,91.0,191.0,0.0925737538148524,0.1943031536113937,0.1017293997965412,-12.472666501811576,516.0,0.0,745,876,1621,516.0,0.0,516.0,69.26174496644295,281.0,0.0,410.0,653.0,1063.0,281.0,0.0,281.0,68.53658536585367,638.0,0.0,638.0,0.0,638.0,72.8310502283105,459.0,0.0,459.0,0.0,459.0,70.29096477794793,207.0,296.0,89.0,-235.0,-235.0,0.0,-0.7251596005892793,-179.0,-179.0,0.0,-2.540085450362568,0.44714038128249567,0.7119062307217767,0.37972972972972974,0.6961429915333961,concordant,concordant,-0.06741065155276593,-0.01576323918838063
E02000717,Newham,1,3,45.50007701024565,29.7358543229828,58.0,210.0,0.0590030518819938,0.2136317395727365,0.1546286876907426,-15.764222687262848,484.0,0.0,793,1038,1831,484.0,0.0,484.0,61.03404791929382,327.0,0.0,542.0,704.0,1246.0,327.0,0.0,327.0,60.332103321033216,726.0,0.0,726.0,0.0,726.0,69.94219653179191,489.0,0.0,489.0,0.0,489.0,69.46022727272727,-99.0,172.0,271.0,-157.0,-157.0,0.0,-0.701944598260603,-237.0,-237.0,0.0,-0.48196925906464116,0.4,0.6608410704533042,0.4007352941176471,0.6548956661316212,concordant,concordant,0.0007352941176470562,-0.005945404321683001
E02000718,Newham,1,1,46.59845639392169,34.01824164765866,47.0,98.0,0.0478128179043743,0.0996948118006103,0.051881993896236,-12.580214746263024,413.0,0.0,670,594,1264,413.0,0.0,413.0,61.64179104477612,222.0,0.0,358.0,541.0,899.0,222.0,0.0,222.0,62.01117318435754,365.0,0.0,365.0,0.0,365.0,61.44781144781145,405.0,0.0,405.0,0.0,405.0,74.86136783733826,312.0,312.0,0.0,-191.0,-191.0,0.0,0.3693821395814183,40.0,40.0,0.0,13.41355638952681,0.5308483290488432,0.615506329113924,0.35406698564593303,0.6974416017797553,concordant,concordant,-0.17678134340291013,0.08193527266583134
E02000719,Newham,2,3,42.215287056962026,27.79439584824624,106.0,270.0,0.1078331637843336,0.2746693794506612,0.1668362156663275,-14.420891208715789,400.0,315.0,951,1056,2007,715.0,62.78026905829597,85.0,42.06098843322818,294.0,272.0,746.0,887.0,1633.0,566.0,48.96999387630129,22.0,39.41018766756032,454.0,346.0,800.0,78.26806178375685,108.0,42.99242424242424,396.0,257.0,653.0,62.322106552357624,139.0,44.64487034949267,-26.0,273.0,299.0,-63.0,-149.0,-13.810275181994683,-2.65080076566786,31.0,-147.0,-15.945955231399225,1.6524461070684282,0.47194719471947194,0.7548579970104634,0.4643150123051682,0.7464788732394366,concordant,concordant,-0.007632182414303745,-0.008379123771026786
E02000720,Newham,3,4,35.453324265668854,25.124224344907702,214.0,356.0,0.2177009155645981,0.3621566632756867,0.1444557477110885,-10.329099920761148,106.0,470.0,774,767,1541,576.0,32.32965606748864,-364.0,13.695090439276486,73.0,379.0,415.0,630.0,1045.0,452.0,26.475598086124403,-306.0,17.59036144578313,201.0,524.0,725.0,68.34782608695652,-323.0,26.205997392438068,166.0,261.0,427.0,41.460287081339715,-95.0,26.34920634920635,-332.0,54.0,386.0,58.0,-124.0,-5.854057981364239,3.895271006506645,228.0,-298.0,-26.8875390056168,0.1432089567682837,0.44273635664873173,0.8442569759896171,0.5142207053469852,0.8411483253588516,concordant,concordant,0.07148434869825343,-0.003108650630765486
E02000721,Newham,2,2,42.03435398137609,33.37428216612378,109.0,112.0,0.1108850457782299,0.1139369277721261,0.0030518819938962,-8.660071815252316,394.0,299.0,903,972,1875,693.0,62.82986666666667,95.0,43.63233665559247,271.0,249.0,635.0,1025.0,1660.0,520.0,40.65,22.0,42.67716535433071,419.0,304.0,723.0,67.93386666666666,115.0,43.10699588477366,474.0,166.0,640.0,47.4,308.0,46.2439024390244,360.0,444.0,84.0,-73.0,-173.0,-22.17986666666667,-0.9551713012617569,193.0,-83.0,-20.53386666666666,3.136906554250743,0.4894067796610169,0.7552,0.4482758620689655,0.6987951807228916,concordant,concordant,-0.0411309175920514,-0.05640481927710839
E02000722,Newham,2,3,41.33774620471675,27.697998923187367,118.0,279.0,0.1200406917599186,0.2838250254323499,0.1637843336724313,-13.639747281529385,376.0,369.0,1017,1287,2304,745.0,60.21875,7.0,36.97148475909538,344.0,304.0,986.0,1079.0,2065.0,648.0,50.642130750605325,40.0,34.88843813387424,594.0,362.0,956.0,93.328125,232.0,46.15384615384615,570.0,327.0,897.0,90.26150121065376,243.0,52.82669138090825,-42.0,333.0,375.0,33.0,-97.0,-9.576619249394675,-2.0830466252211437,11.0,-59.0,-3.066623789346238,6.672845227062098,0.43797766019988243,0.73828125,0.41941747572815535,0.7481840193704601,concordant,concordant,-0.01856018447172708,0.009902769370460085
E02000723,Newham,2,4,40.178302366037734,25.035432375740996,132.0,358.0,0.1342828077314344,0.3641912512716175,0.2299084435401831,-15.142869990296738,262.0,301.0,724,1194,1918,563.0,41.11678832116788,-39.0,36.187845303867405,193.0,246.0,611.0,1015.0,1626.0,439.0,29.199261992619927,-53.0,31.58756137479542,536.0,211.0,747.0,58.965589155370175,325.0,44.89112227805695,528.0,160.0,688.0,51.95571955719557,368.0,52.01970443349754,-501.0,76.0,577.0,-14.0,-124.0,-11.917526328547954,-4.600283929071985,43.0,-59.0,-7.009869598174603,7.12858215544059,0.4297709923664122,0.6830031282586028,0.3895297249334516,0.6931119311193112,divergent,divergent,-0.04024126743296058,0.010108802860708477
E02000724,Newham,2,3,37.50401507063197,27.70225366729867,178.0,278.0,0.1810783316378433,0.2828077314343845,0.1017293997965411,-9.801761403333302,272.0,275.0,854,1100,1954,547.0,38.280450358239506,-3.0,31.85011709601874,183.0,209.0,558.0,824.0,1382.0,392.0,27.675108538350216,-26.0,32.795698924731184,477.0,228.0,705.0,55.65813715455476,249.0,43.36363636363637,366.0,166.0,532.0,43.96237337192475,200.0,44.417475728155345,-40.0,210.0,250.0,-23.0,-155.0,-10.60534181988929,0.9455818287124451,-49.0,-173.0,-11.69576378263001,1.0538393645189785,0.43690095846645366,0.6407369498464688,0.42424242424242425,0.6685962373371924,divergent,divergent,-0.012658534224029405,0.02785928749072364
E02000725,Newham,1,2,45.56739395786391,30.49649914456801,57.0,190.0,0.0579857578840284,0.1932858596134282,0.1353001017293998,-15.070894813295896,843.0,0.0,1230,1172,2402,843.0,0.0,843.0,68.53658536585367,942.0,0.0,1352.0,1321.0,2673.0,942.0,0.0,942.0,69.67455621301775,835.0,0.0,835.0,0.0,835.0,71.24573378839591,952.0,0.0,952.0,0.0,952.0,72.0666161998486,654.0,853.0,199.0,99.0,99.0,0.0,1.137970847164084,117.0,117.0,0.0,0.8208824114526863,0.5023837902264601,0.6985845129059117,0.49736008447729674,0.7085671530115975,concordant,concordant,-0.005023705749163332,0.009982640105685725
E02000726,Newham,1,3,45.31515,27.459165690193288,63.0,287.0,0.0640895218718209,0.2919633774160732,0.2278738555442523,-17.855984309806715,929.0,0.0,1355,1288,2643,929.0,0.0,929.0,68.5608856088561,0.0,0.0,0.0,0.0,0.0,0.0,0.0,0.0,0.0,806.0,0.0,806.0,0.0,806.0,62.577639751552795,0.0,0.0,0.0,0.0,0.0,0.0,0.0,0.0,0.0,-929.0,-929.0,0.0,-68.5608856088561,-806.0,-806.0,0.0,-62.577639751552795,0.5354466858789625,0.6564510026485055,0.5,0.0,concordant,zero,-0.03544668587896249,-0.6564510026485055
E02000727,Newham,2,3,38.51831004455148,27.1976008492569,157.0,295.0,0.1597151576805696,0.3001017293997965,0.1403865717192269,-11.320709195294576,299.0,238.0,761,1036,1797,537.0,39.600445186421815,61.0,39.2904073587385,152.0,237.0,468.0,846.0,1314.0,389.0,27.41552511415525,-85.0,32.47863247863248,485.0,162.0,647.0,43.7228714524207,323.0,46.81467181467182,398.0,124.0,522.0,37.558599695586,274.0,47.04491725768322,-119.0,166.0,285.0,-146.0,-148.0,-12.184920072266564,-6.811774880106022,-49.0,-125.0,-6.164271756834701,0.23024544301139827,0.4535472972972973,0.6588759042849193,0.4270032930845225,0.693302891933029,concordant,divergent,-0.026544004212774808,0.0344269876481097
E02000728,Newham,4,4,31.88791734167983,25.8413141025641,316.0,336.0,0.3214649033570702,0.3418107833163784,0.0203458799593082,-6.046603239115733,100.0,846.0,735,1148,1883,946.0,44.92830589484865,-746.0,13.60544217687075,66.0,546.0,524.0,810.0,1334.0,612.0,27.013493253373312,-480.0,12.595419847328245,229.0,619.0,848.0,75.27934147636749,-390.0,19.94773519163763,234.0,445.0,679.0,78.0584707646177,-211.0,28.88888888888889,-377.0,87.0,464.0,266.0,-334.0,-17.914812641475336,-1.0100223295425046,179.0,-169.0,2.7791292882502034,8.94115369725126,0.5273132664437012,0.9527349973446628,0.4740511231603408,0.9677661169415293,concordant,concordant,-0.05326214328336043,0.015031119596866427
E02000729,Newham,2,4,36.847511177966105,26.259987174182875,187.0,324.0,0.190233977619532,0.3296032553407935,0.1393692777212614,-10.58752400378323,248.0,287.0,707,762,1469,535.0,48.45200816882233,-39.0,35.07779349363508,190.0,200.0,448.0,703.0,1151.0,390.0,33.01476976542137,-10.0,42.410714285714285,270.0,195.0,465.0,35.84070796460177,75.0,35.43307086614173,310.0,115.0,425.0,30.973066898349263,195.0,44.09672830725462,-332.0,86.0,418.0,29.0,-145.0,-15.437238403400961,7.332920792079207,120.0,-40.0,-4.8676410662525065,8.663657441112889,0.535,0.6807351940095303,0.4785276073619632,0.7080799304952216,divergent,divergent,-0.05647239263803683,0.027344736485691246
E02000730,Newham,3,4,35.20005727090747,27.073005010893244,220.0,300.0,0.2238046795523906,0.3051881993896236,0.0813835198372329,-8.127052260014228,103.0,563.0,774,913,1687,666.0,34.374036751630115,-460.0,13.30749354005168,110.0,522.0,623.0,905.0,1528.0,632.0,37.57853403141361,-412.0,17.656500802568218,231.0,540.0,771.0,73.94190871369294,-309.0,25.301204819277107,278.0,427.0,705.0,77.68717277486911,-149.0,30.718232044198896,-469.0,85.0,554.0,48.0,-34.0,3.204497279783496,4.349007262516537,160.0,-66.0,3.7452640611761723,5.417027224921789,0.46346555323590816,0.8518079430942501,0.47270007479431564,0.875,concordant,concordant,0.009234521558407482,0.02319205690574988
E02000731,Newham,2,3,41.400039251464314,29.364121366886433,117.0,220.0,0.1190233977619532,0.2238046795523906,0.1047812817904374,-12.03591788457788,390.0,391.0,1012,1257,2269,781.0,67.20581754076686,-1.0,38.537549407114625,213.0,248.0,589.0,943.0,1532.0,461.0,34.48041775456919,-35.0,36.16298811544992,538.0,319.0,857.0,75.6377258704275,219.0,42.80031821797932,452.0,197.0,649.0,58.12271540469974,255.0,47.932131495228,-104.0,227.0,331.0,-34.0,-320.0,-32.72539978619767,-2.3745612916647048,36.0,-208.0,-17.515010465727762,5.131813277248682,0.47680097680097683,0.7219039224327898,0.4153153153153153,0.7245430809399478,divergent,divergent,-0.061485661485661536,0.0026391585071580126
E02000732,Newham,1,2,49.077343591065286,33.482358747192414,27.0,110.0,0.0274669379450661,0.1119023397761953,0.0844354018311292,-15.594984843872872,582.0,0.0,760,716,1476,582.0,0.0,582.0,76.57894736842105,485.0,0.0,681.0,700.0,1381.0,485.0,0.0,485.0,71.21879588839941,536.0,0.0,536.0,0.0,536.0,74.86033519553072,531.0,0.0,531.0,0.0,531.0,75.85714285714286,345.0,426.0,81.0,-97.0,-97.0,0.0,-5.360151480021642,-5.0,-5.0,0.0,0.996807661612138,0.5205724508050089,0.7574525745257452,0.47736220472440943,0.7356987690079653,concordant,concordant,-0.04321024608059948,-0.021753805517779945
E02000733,Newham,1,3,45.484632428747176,29.707058852187473,60.0,211.0,0.0610376398779247,0.2146490335707019,0.1536113936927772,-15.777573576559703,599.0,0.0,950,974,1924,599.0,0.0,599.0,63.05263157894737,518.0,0.0,781.0,910.0,1691.0,518.0,0.0,518.0,66.32522407170295,638.0,0.0,638.0,0.0,638.0,65.50308008213553,633.0,0.0,633.0,0.0,633.0,69.56043956043956,-101.0,246.0,347.0,-81.0,-81.0,0.0,3.272592492755578,-5.0,-5.0,0.0,4.057359478304036,0.48423605497170574,0.6429313929313929,0.45004344048653344,0.6806623299822591,concordant,concordant,-0.0341926144851723,0.037730937050866165
E02000734,Newham,1,3,42.80004363124837,29.242256953304413,98.0,224.0,0.0996948118006103,0.2278738555442523,0.1281790437436419,-13.557786677943952,459.0,0.0,751,697,1448,459.0,0.0,459.0,61.118508655126504,331.0,0.0,490.0,647.0,1137.0,331.0,0.0,331.0,67.55102040816327,485.0,0.0,485.0,0.0,485.0,69.58393113342898,417.0,0.0,417.0,0.0,417.0,64.45131375579598,-89.0,177.0,266.0,-128.0,-128.0,0.0,6.4325117530367635,-68.0,-68.0,0.0,-5.132617377632997,0.486228813559322,0.6519337016574586,0.4425133689839572,0.6578715919085312,concordant,concordant,-0.043715444575364804,0.005937890251072608
E02000735,Newham,1,2,42.81176537984701,30.68628028822667,96.0,184.0,0.0976602238046795,0.1871820956256358,0.0895218718209562,-12.12548509162034,521.0,0.0,770,811,1581,521.0,0.0,521.0,67.66233766233766,359.0,0.0,503.0,848.0,1351.0,359.0,0.0,359.0,71.37176938369781,555.0,0.0,555.0,0.0,555.0,68.4340320591862,580.0,0.0,580.0,0.0,580.0,68.39622641509435,195.0,316.0,121.0,-162.0,-162.0,0.0,3.709431721360147,25.0,25.0,0.0,-0.03780564409184706,0.48420074349442377,0.6805819101834282,0.38232161874334397,0.695040710584752,concordant,concordant,-0.1018791247510798,0.014458800401323857
E02000736,Newham,1,2,43.3913796873177,32.12584119462199,84.0,146.0,0.0854526958290946,0.1485249237029501,0.0630722278738555,-11.265538492695711,513.0,0.0,697,894,1591,513.0,0.0,513.0,73.60114777618364,393.0,0.0,530.0,677.0,1207.0,393.0,0.0,393.0,74.15094339622641,689.0,0.0,689.0,0.0,689.0,77.06935123042506,522.0,0.0,522.0,0.0,522.0,77.10487444608567,264.0,366.0,102.0,-120.0,-120.0,0.0,0.5497956200427723,-167.0,-167.0,0.0,0.03552321566061778,0.42678868552412647,0.7554996857322439,0.42950819672131146,0.7580778790389395,concordant,concordant,0.0027195111971849983,0.0025781933066956197
E02000737,Newham,2,3,37.66567419758321,28.030856513653713,175.0,262.0,0.1780264496439471,0.2665310274669379,0.0885045778229908,-9.634817683929494,245.0,292.0,804,923,1727,537.0,41.42443543717429,-47.0,30.472636815920396,211.0,219.0,571.0,706.0,1277.0,430.0,36.18559122944401,-8.0,36.952714535901926,416.0,291.0,707.0,70.09612044006948,125.0,45.07042253521127,295.0,204.0,499.0,47.12607674236491,91.0,41.78470254957507,-93.0,191.0,284.0,39.0,-107.0,-5.238844207730281,6.48007771998153,-34.0,-208.0,-22.970043697704575,-3.2857199856361987,0.4316720257234727,0.7203242617255357,0.4628632938643703,0.7274862960062647,divergent,divergent,0.03119126814089762,0.007162034280729035
E02000738,Newham,3,5,34.29517396008031,22.980365417929836,251.0,422.0,0.2553407934893184,0.4292980671414038,0.1739572736520854,-11.314808542150477,109.0,515.0,772,877,1649,624.0,34.04184354154033,-406.0,14.11917098445596,143.0,396.0,756.0,666.0,1422.0,539.0,39.822784810126585,-253.0,18.91534391534391,251.0,588.0,839.0,89.50151607034566,-337.0,28.62029646522235,204.0,513.0,717.0,73.59493670886076,-309.0,30.630630630630627,-428.0,80.0,508.0,153.0,-85.0,5.780941268586254,4.79617293088795,28.0,-122.0,-15.906579361484901,2.0103341654082776,0.42652084757347913,0.8872043662825955,0.429140127388535,0.8832630098452883,concordant,concordant,0.002619279815055886,-0.003941356437307197
E02000739,Newham,2,3,39.94375669712794,28.75636445029625,136.0,240.0,0.138351983723296,0.2441505595116989,0.1057985757884028,-11.187392246831692,203.0,268.0,714,785,1499,471.0,36.29352901934623,-65.0,28.431372549019606,176.0,267.0,541.0,704.0,1245.0,443.0,37.744578313253015,-91.0,32.53234750462107,326.0,330.0,656.0,71.76784523015344,-4.0,41.52866242038217,291.0,214.0,505.0,50.019277108433734,77.0,41.33522727272727,-139.0,161.0,300.0,-26.0,-28.0,1.4510492939067845,4.100974955601465,81.0,-151.0,-21.748568121719707,-0.19343514765489545,0.4179236912156167,0.7518345563709139,0.46729957805907174,0.7614457831325301,concordant,divergent,0.049375886843455064,0.009611226761616187
E02000740,Newham,1,2,47.081519734474114,32.49887482259438,41.0,135.0,0.0417090539165818,0.1373346897253306,0.0956256358087487,-14.582644911879733,364.0,0.0,671,688,1359,364.0,0.0,364.0,54.24739195230999,317.0,0.0,485.0,633.0,1118.0,317.0,0.0,317.0,65.36082474226804,407.0,0.0,407.0,0.0,407.0,59.15697674418605,439.0,0.0,439.0,0.0,439.0,69.3522906793049,223.0,303.0,80.0,-47.0,-47.0,0.0,11.113432789958047,32.0,32.0,0.0,10.195313935118847,0.4721141374837873,0.5673289183222958,0.4193121693121693,0.6762075134168157,concordant,concordant,-0.052801968171617975,0.10887859509451991
E02000741,Newham,2,3,40.16931068635758,28.584588746053225,133.0,246.0,0.1353001017293998,0.2502543234994913,0.1149542217700915,-11.58472194030436,215.0,336.0,728,928,1656,551.0,43.6231884057971,-121.0,29.532967032967033,182.0,215.0,472.0,695.0,1167.0,397.0,33.53041988003427,-33.0,38.559322033898304,385.0,326.0,711.0,75.79106280193237,59.0,41.487068965517246,332.0,175.0,507.0,49.78577549271637,157.0,47.76978417266187,-115.0,174.0,289.0,88.0,-154.0,-10.092768525762828,9.026355000931272,98.0,-204.0,-26.005287309216,6.282715207144626,0.436608557844691,0.7620772946859904,0.4391592920353982,0.7746358183376179,divergent,divergent,0.0025507341907072267,0.012558523651627462
E02000742,Newham,2,2,40.595760675827606,31.15196406701328,125.0,172.0,0.1271617497456765,0.1749745676500508,0.0478128179043743,-9.443796608814324,298.0,246.0,815,778,1593,544.0,46.01883239171375,52.0,36.56441717791411,195.0,191.0,516.0,659.0,1175.0,386.0,31.697872340425533,4.0,37.7906976744186,339.0,273.0,612.0,58.09604519774011,66.0,43.573264781491,329.0,175.0,504.0,49.0,154.0,49.92412746585736,188.0,280.0,92.0,-48.0,-158.0,-14.320960051288218,1.2262804965044936,88.0,-108.0,-9.09604519774011,6.350862684366362,0.47058823529411764,0.7256748273697426,0.4337078651685393,0.7574468085106383,concordant,concordant,-0.03688037012557832,0.03177198114089563
E02000743,Newham,1,1,56.39671034324943,38.29495099524016,1.0,44.0,0.0010172939979654,0.0447609359104781,0.0437436419125127,-18.10175934800927,418.0,0.0,707,817,1524,418.0,0.0,418.0,59.12305516265912,445.0,0.0,735.0,890.0,1625.0,445.0,0.0,445.0,60.544217687074834,460.0,0.0,460.0,0.0,460.0,56.303549571603426,598.0,0.0,598.0,0.0,598.0,67.19101123595506,629.0,629.0,0.0,27.0,27.0,0.0,1.4211625244157133,138.0,138.0,0.0,10.887461664351633,0.4760820045558087,0.5761154855643045,0.42665388302972196,0.6418461538461538,concordant,concordant,-0.04942812152608672,0.06573066828184937
E02000744,Newham,1,1,48.559625891144606,35.410702959240645,31.0,74.0,0.0315361139369277,0.0752797558494405,0.0437436419125127,-13.14892293190396,492.0,0.0,894,879,1773,492.0,0.0,492.0,55.033557046979865,344.0,0.0,634.0,834.0,1468.0,344.0,0.0,344.0,54.25867507886435,527.0,0.0,527.0,0.0,527.0,59.954493742889646,525.0,0.0,525.0,0.0,525.0,62.94964028776978,503.0,503.0,0.0,-148.0,-148.0,0.0,-0.7748819681155155,-2.0,-2.0,0.0,2.9951465448801358,0.48282630029440626,0.5747320924985899,0.3958573072497123,0.5919618528610354,concordant,concordant,-0.08696899304469397,0.0172297603624455
E02000745,Newham,2,2,39.67531163370594,30.54680930560451,144.0,187.0,0.1464903357070193,0.190233977619532,0.0437436419125127,-9.12850232810143,278.0,295.0,732,786,1518,573.0,54.025032938076414,-17.0,37.97814207650273,323.0,222.0,704.0,617.0,1321.0,545.0,54.28160484481453,101.0,45.88068181818182,328.0,286.0,614.0,61.79710144927536,42.0,41.73027989821883,293.0,220.0,513.0,48.79636638909917,73.0,47.487844408427875,249.0,409.0,160.0,118.0,-28.0,0.2565719067381167,7.902539741679092,31.0,-101.0,-13.00073506017619,5.757564510209043,0.4827295703454086,0.7819499341238472,0.5151228733459358,0.8009084027252081,divergent,concordant,0.032393303000527174,0.018958468601360967
E02000746,Newham,1,2,43.99965947168789,32.287014017521905,77.0,143.0,0.0783316378433367,0.1454730417090539,0.0671414038657172,-11.712645454165989,450.0,0.0,654,686,1340,450.0,0.0,450.0,68.80733944954129,759.0,0.0,1082.0,623.0,1705.0,759.0,0.0,759.0,70.14787430683919,490.0,0.0,490.0,0.0,490.0,71.42857142857143,478.0,0.0,478.0,0.0,478.0,76.72552166934189,579.0,645.0,66.0,309.0,309.0,0.0,1.3405348572978966,-12.0,-12.0,0.0,5.296950240770457,0.4787234042553192,0.7014925373134329,0.6135812449474535,0.7255131964809384,concordant,concordant,0.1348578406921343,0.02402065916750551
E02000747,Newham,1,2,42.84179001564945,32.73259178990311,95.0,130.0,0.0966429298067141,0.1322482197355035,0.0356052899287894,-10.10919822574634,761.0,0.0,1215,1101,2316,761.0,0.0,761.0,62.63374485596708,866.0,0.0,1354.0,1282.0,2636.0,866.0,0.0,866.0,63.95864106351551,671.0,0.0,671.0,0.0,671.0,60.944595821980016,905.0,0.0,905.0,0.0,905.0,70.59282371294852,585.0,803.0,218.0,105.0,105.0,0.0,1.3248962075484272,234.0,234.0,0.0,9.6482278909685,0.5314245810055865,0.6183074265975821,0.48898927159796723,0.6718512898330804,concordant,concordant,-0.042435309407619304,0.05354386323549831
E02000748,Newham,3,4,34.914994552884615,26.135752044437588,229.0,329.0,0.2329603255340793,0.3346897253306205,0.1017293997965411,-8.779242508447027,96.0,492.0,605,809,1414,588.0,33.403111739745405,-396.0,15.867768595041325,75.0,325.0,396.0,518.0,914.0,400.0,26.668490153172865,-250.0,18.939393939393938,221.0,453.0,674.0,70.8012729844413,-232.0,27.317676143386898,150.0,287.0,437.0,47.10065645514223,-137.0,28.95752895752895,-296.0,55.0,351.0,146.0,-188.0,-6.7346215865725405,3.071625344352613,95.0,-237.0,-23.70061652929907,1.6398528141420528,0.4659270998415214,0.8925035360678925,0.4778972520908005,0.9157549234135668,concordant,concordant,0.011970152249279054,0.023251387345674335
E02000749,Newham,1,1,54.21514658071611,40.51207333333334,7.0,19.0,0.0071210579857578,0.0193285859613428,0.0122075279755849,-13.703073247382775,362.0,0.0,642,744,1386,362.0,0.0,362.0,56.38629283489096,358.0,0.0,648.0,702.0,1350.0,358.0,0.0,358.0,55.24691358024691,469.0,0.0,469.0,0.0,469.0,63.03763440860215,462.0,0.0,462.0,0.0,462.0,65.8119658119658,575.0,575.0,0.0,-4.0,-4.0,0.0,-1.139379254644048,-7.0,-7.0,0.0,2.7743314033636537,0.43561973525872444,0.5995670995670995,0.43658536585365854,0.6074074074074074,concordant,concordant,0.0009656305949340971,0.00784030784030787
E02000750,Newham,1,5,52.148174561598225,22.496705571338385,13.0,442.0,0.0132248219735503,0.4496439471007121,0.4364191251271617,-29.65146899025984,833.0,0.0,1251,1145,2396,833.0,0.0,833.0,66.58673061550759,0.0,0.0,0.0,0.0,0.0,0.0,0.0,0.0,0.0,801.0,0.0,801.0,0.0,801.0,69.95633187772926,0.0,0.0,0.0,0.0,0.0,0.0,0.0,0.0,0.0,-833.0,-833.0,0.0,-66.58673061550759,-801.0,-801.0,0.0,-69.95633187772926,0.5097919216646267,0.6819699499165276,0.5,0.0,concordant,zero,-0.009791921664626724,-0.6819699499165276
E02000751,Redbridge,10,10,9.351764970255228,7.202862998102467,907.0,945.0,0.9226856561546288,0.9613428280773144,0.0386571719226855,-2.148901972152762,0.0,397.0,592,417,1009,397.0,0.0,-397.0,0.0,0.0,440.0,602.0,455.0,1057.0,440.0,0.0,-440.0,0.0,0.0,582.0,582.0,0.0,-582.0,0.0,0.0,595.0,595.0,0.0,-595.0,0.0,-430.0,0.0,430.0,-43.0,43.0,0.0,0.0,-13.0,13.0,0.0,0.0,0.40551583248212464,0.9702675916749257,0.4251207729468599,0.97918637653737,concordant,concordant,0.019604940464735265,0.00891878486244424
E02000752,Redbridge,3,3,35.756428016140866,28.57728497690845,206.0,247.0,0.2095625635808748,0.2512716174974567,0.0417090539165818,-7.1791430392324145,233.0,26.0,407,277,684,259.0,8.85672514619883,207.0,57.24815724815725,318.0,44.0,523.0,328.0,851.0,362.0,16.44183313748531,274.0,60.80305927342257,233.0,113.0,346.0,38.49269005847953,120.0,84.11552346570397,265.0,157.0,422.0,48.889541715628674,108.0,80.79268292682927,296.0,332.0,36.0,67.0,103.0,7.585107991286481,3.5549020252653207,-12.0,76.0,10.396851657149142,-3.3228405388747007,0.428099173553719,0.8845029239766082,0.461734693877551,0.9212690951821386,concordant,concordant,0.03363552032383199,0.036766171205530385
E02000753,Redbridge,5,5,24.85718127077224,23.510569328686167,472.0,403.0,0.4801627670396745,0.409969481180061,-0.0701932858596134,-1.3466119420860745,167.0,87.0,301,287,588,254.0,24.709183673469383,80.0,55.48172757475083,207.0,102.0,438.0,280.0,718.0,309.0,29.4066852367688,105.0,47.26027397260274,195.0,117.0,312.0,38.80102040816327,78.0,67.94425087108013,172.0,215.0,387.0,51.5041782729805,-43.0,61.42857142857143,82.0,189.0,107.0,25.0,55.0,4.697501563299419,-8.221453602148088,-121.0,75.0,12.703157864817236,-6.515679442508699,0.44876325088339225,0.9625850340136054,0.44396551724137934,0.9693593314763231,concordant,divergent,-0.0047977336420129135,0.006774297462717738
E02000754,Redbridge,8,8,15.83634904037267,14.505686512040183,735.0,718.0,0.7477110885045778,0.7304170905391658,-0.0172939979654119,-1.330662528332487,57.0,218.0,398,306,704,275.0,17.650568181818183,-161.0,14.321608040201006,46.0,192.0,388.0,270.0,658.0,238.0,13.422492401215806,-146.0,11.855670103092782,61.0,313.0,374.0,27.120738636363637,-252.0,19.934640522875817,64.0,316.0,380.0,30.735562310030396,-252.0,23.703703703703702,-120.0,65.0,185.0,15.0,-37.0,-4.228075780602378,-2.465937937108224,0.0,6.0,3.614823673666759,3.769063180827885,0.423728813559322,0.921875,0.3851132686084142,0.939209726443769,concordant,concordant,-0.0386155449509078,0.01733472644376899
E02000755,Redbridge,7,7,18.239461278267537,16.18405319148936,666.0,653.0,0.6775178026449644,0.6642929806714141,-0.0132248219735503,-2.055408086778172,83.0,115.0,357,256,613,198.0,15.570962479608482,-32.0,23.24929971988795,93.0,102.0,313.0,198.0,511.0,195.0,18.563600782778867,-9.0,29.71246006389776,69.0,200.0,269.0,22.512234910277325,-131.0,26.953125,43.0,147.0,190.0,12.36986301369863,-104.0,21.71717171717172,-4.0,101.0,105.0,23.0,-3.0,2.9926383031703843,6.4631603440098075,27.0,-79.0,-10.142371896578695,-5.23595328282828,0.42398286937901497,0.7618270799347472,0.5064935064935064,0.7534246575342466,concordant,concordant,0.08251063711449147,-0.008402422400500598
E02000756,Redbridge,7,7,19.096984676167853,16.160764657677124,639.0,654.0,0.6500508646998983,0.6653102746693794,0.0152594099694811,-2.9362200184907294,178.0,342.0,883,703,1586,520.0,38.383354350567465,-164.0,20.15855039637599,130.0,390.0,903.0,728.0,1631.0,520.0,31.08522378908645,-260.0,14.396456256921372,170.0,461.0,631.0,49.41361916771753,-291.0,24.18207681365576,137.0,616.0,753.0,51.742489270386265,-479.0,18.81868131868132,-289.0,139.0,428.0,-96.0,0.0,-7.298130561481017,-5.762094139454618,-188.0,122.0,2.3288701026687377,-5.363395494974437,0.45178105994787143,0.7257250945775536,0.408483896307934,0.7805027590435316,concordant,concordant,-0.04329716363993741,0.05477766446597798
E02000757,Redbridge,9,9,11.559534872525182,9.429598489666136,850.0,878.0,0.8646998982706002,0.8931841302136317,0.0284842319430315,-2.1299363828590447,39.0,618.0,933,764,1697,657.0,14.202710665880966,-579.0,4.180064308681672,57.0,588.0,864.0,688.0,1552.0,645.0,21.59536082474227,-531.0,6.597222222222222,104.0,843.0,947.0,51.662934590453744,-739.0,13.612565445026178,64.0,764.0,828.0,31.50515463917526,-700.0,9.30232558139535,-437.0,69.0,506.0,48.0,-12.0,7.3926501588613025,2.4171579135405503,39.0,-119.0,-20.157779951278485,-4.310239863630828,0.4096009975062344,0.9451974071891573,0.4378818737270876,0.9490979381443299,concordant,concordant,0.02828087622085318,0.00390053095517251
E02000758,Redbridge,7,7,19.123400913824963,16.231595136378573,638.0,652.0,0.6490335707019329,0.6632756866734486,0.0142421159715157,-2.8918057774463897,63.0,133.0,376,345,721,196.0,11.62135922330097,-70.0,16.75531914893617,54.0,121.0,279.0,282.0,561.0,175.0,11.647058823529411,-67.0,19.35483870967742,79.0,210.0,289.0,23.009708737864077,-131.0,22.89855072463768,65.0,169.0,234.0,19.581105169340464,-104.0,23.04964539007092,-98.0,52.0,150.0,3.0,-21.0,0.025699600228440644,2.59951956074125,27.0,-55.0,-3.428603568523613,0.15109466543324146,0.4041237113402062,0.6726768377253814,0.4278728606356968,0.7290552584670231,concordant,concordant,0.0237491492954906,0.05637842074164168
E02000759,Redbridge,7,7,19.176955022334777,15.525825505395956,637.0,681.0,0.6480162767039674,0.6927772126144456,0.0447609359104781,-3.651129516938816,252.0,303.0,762,689,1451,555.0,52.62301860785665,-51.0,33.07086614173229,228.0,365.0,771.0,735.0,1506.0,593.0,55.2589641434263,-137.0,29.571984435797667,260.0,416.0,676.0,74.54169538249484,-156.0,37.735849056603776,269.0,422.0,691.0,75.37715803452855,-153.0,36.59863945578231,-126.0,233.0,359.0,-86.0,38.0,2.635945535569647,-3.4988817059346218,3.0,15.0,0.8354626520337121,-1.137209600821464,0.45085296506904954,0.8483804272915231,0.4618380062305296,0.852589641434263,concordant,concordant,0.01098504116148008,0.004209214142739892
E02000760,Redbridge,7,6,21.020518505102775,19.826413208076275,594.0,538.0,0.6042726347914548,0.5473041709053916,-0.0569684638860631,-1.1941052970264998,115.0,176.0,467,376,843,291.0,24.009489916963226,-61.0,24.62526766595289,66.0,217.0,439.0,445.0,884.0,283.0,16.20135746606335,-151.0,15.034168564920272,54.0,238.0,292.0,15.245551601423488,-184.0,14.361702127659576,109.0,241.0,350.0,29.716063348416288,-132.0,24.49438202247191,42.0,219.0,177.0,-90.0,-8.0,-7.808132450899876,-9.591099101032619,52.0,58.0,14.4705117469928,10.132679894812334,0.49914236706689535,0.6915776986951364,0.4470774091627172,0.7160633484162896,concordant,concordant,-0.052064957904178144,0.02448564972115319
E02000762,Redbridge,9,9,12.728988661685214,10.2111995763353,814.0,855.0,0.8280773143438453,0.8697863682604272,0.0417090539165818,-2.5177890853499143,4.0,335.0,372,382,754,339.0,1.7771883289124668,-331.0,1.0752688172043012,3.0,332.0,322.0,367.0,689.0,335.0,1.4455732946298985,-329.0,0.9316770186335404,16.0,360.0,376.0,7.639257294429708,-344.0,4.18848167539267,19.0,318.0,337.0,8.76923076923077,-299.0,5.177111716621254,-300.0,2.0,302.0,2.0,-4.0,-0.33161503428256833,-0.14359179857076088,45.0,-39.0,1.1299734748010621,0.9886300412285838,0.47412587412587415,0.9482758620689655,0.49851190476190477,0.9753265602322206,concordant,concordant,0.02438603063603062,0.027050698163255116
E02000763,Redbridge,6,7,21.29570971709007,17.387972435545805,584.0,616.0,0.5940996948118006,0.6266531027466938,0.0325534079348932,-3.907737281544264,192.0,183.0,449,457,906,375.0,38.78145695364238,9.0,42.76169265033408,183.0,171.0,508.0,477.0,985.0,354.0,31.76954314720812,12.0,36.023622047244096,249.0,213.0,462.0,58.53973509933775,36.0,54.48577680525164,237.0,267.0,504.0,64.24263959390863,-30.0,49.685534591194966,-148.0,66.0,214.0,3.0,-21.0,-7.011913806434265,-6.738070603089987,-66.0,42.0,5.7029044945708876,-4.800242214056674,0.44802867383512546,0.9238410596026491,0.4125874125874126,0.8710659898477158,concordant,divergent,-0.03544126124771285,-0.05277506975493329
E02000764,Redbridge,8,9,14.618990114285715,11.069743743025668,762.0,828.0,0.775178026449644,0.8423194303153612,0.0671414038657172,-3.5492463712600486,184.0,559.0,988,842,1830,743.0,56.20546448087432,-375.0,18.62348178137652,151.0,540.0,857.0,768.0,1625.0,691.0,50.17846153846154,-389.0,17.6196032672112,224.0,749.0,973.0,91.68087431693988,-525.0,26.60332541567696,171.0,668.0,839.0,70.29415384615385,-497.0,22.265625,-524.0,56.0,580.0,-14.0,-52.0,-6.0270029424127785,-1.0038785141653186,28.0,-134.0,-21.38672047078603,-4.337700415676959,0.432983682983683,0.9377049180327869,0.4516339869281046,0.9415384615384615,concordant,concordant,0.018650303944421576,0.0038335435056746636
E02000765,Redbridge,8,8,15.24584731286596,12.99657680060652,745.0,758.0,0.757884028484232,0.7711088504577823,0.0132248219735503,-2.2492705122594394,37.0,400.0,525,502,1027,437.0,14.410905550146056,-363.0,7.0476190476190474,34.0,413.0,517.0,519.0,1036.0,447.0,13.554054054054054,-379.0,6.5764023210831715,63.0,463.0,526.0,28.402142161635833,-400.0,12.549800796812749,68.0,448.0,516.0,29.405405405405407,-380.0,13.102119460500964,-364.0,47.0,411.0,-16.0,10.0,-0.856851496092002,-0.471216726535876,20.0,-10.0,1.0032632437695739,0.5523186636882151,0.4537902388369678,0.937682570593963,0.46417445482866043,0.9295366795366795,concordant,concordant,0.010384215991692647,-0.008145891057283472
E02000767,Redbridge,7,7,18.503202819065127,15.670712389929308,660.0,673.0,0.671414038657172,0.6846388606307223,0.0132248219735503,-2.83249042913582,66.0,268.0,520,505,1025,334.0,17.25658536585366,-202.0,12.692307692307692,92.0,274.0,611.0,519.0,1130.0,366.0,22.30796460176991,-182.0,15.057283142389524,108.0,335.0,443.0,35.297560975609755,-227.0,21.386138613861387,150.0,416.0,566.0,55.2212389380531,-266.0,28.901734104046245,-152.0,94.0,246.0,20.0,32.0,5.051379235916251,2.3649754500818325,-39.0,123.0,19.923677962443342,7.515595490184857,0.42985842985842987,0.7580487804878049,0.3927038626609442,0.8247787610619469,concordant,concordant,-0.037154567197485666,0.06672998057414203
E02000768,Redbridge,9,10,12.22209058869258,9.023436525612471,829.0,893.0,0.8433367243133265,0.9084435401831128,0.0651068158697864,-3.1986540630801077,3.0,346.0,386,396,782,349.0,1.3273657289002558,-343.0,0.7772020725388601,10.0,293.0,319.0,320.0,639.0,303.0,4.58528951486698,-283.0,3.1347962382445136,14.0,357.0,371.0,6.391304347826087,-343.0,3.535353535353535,11.0,280.0,291.0,4.820031298904539,-269.0,3.4375000000000004,-311.0,0.0,311.0,60.0,-46.0,3.2579237859667236,2.3575941657056534,74.0,-80.0,-1.5712730489215483,-0.09785353535353458,0.4847222222222222,0.9207161125319693,0.51010101010101,0.9295774647887324,concordant,concordant,0.025378787878787834,0.0088613522567631
E02000769,Redbridge,7,7,18.654217269087027,16.92342864312151,652.0,630.0,0.6632756866734486,0.6408952187182095,-0.022380467955239,-1.7307886259655163,116.0,576.0,1146,845,1991,692.0,33.55901557006529,-460.0,10.12216404886562,0.0,0.0,0.0,0.0,0.0,0.0,0.0,0.0,0.0,142.0,898.0,1040.0,64.0462079357107,-756.0,16.80473372781065,0.0,0.0,0.0,0.0,0.0,0.0,0.0,0.0,0.0,460.0,-692.0,-33.55901557006529,-10.12216404886562,756.0,-1040.0,-64.0462079357107,-16.80473372781065,0.3995381062355658,0.8699146157709694,0.5,0.0,concordant,zero,0.1004618937644342,-0.8699146157709694
E02000770,Redbridge,7,7,20.04266230362338,15.911643386509231,616.0,668.0,0.6266531027466938,0.6795523906408952,0.0528992878942014,-4.131018917114149,35.0,301.0,525,482,1007,336.0,10.461767626613703,-266.0,6.666666666666667,45.0,318.0,461.0,517.0,978.0,363.0,14.631901840490798,-273.0,9.761388286334055,71.0,409.0,480.0,28.837140019860975,-338.0,14.730290456431536,98.0,335.0,433.0,33.56850715746421,-237.0,18.95551257253385,-231.0,47.0,278.0,-7.0,27.0,4.170134213877095,3.0947216196673883,101.0,-47.0,4.731367137603236,4.225222116102312,0.4117647058823529,0.8103277060575969,0.45603015075376885,0.8139059304703476,concordant,concordant,0.04426544487141593,0.0035782244127507967
E02000772,Redbridge,6,7,22.03765520765165,18.02358639161158,558.0,595.0,0.5676500508646999,0.6052899287894201,0.0376398779247202,-4.014068816040066,195.0,328.0,721,723,1444,523.0,44.29362880886426,-133.0,27.045769764216367,113.0,301.0,429.0,689.0,1118.0,414.0,30.423076923076923,-188.0,26.340326340326342,296.0,439.0,735.0,89.98891966759003,-143.0,40.94052558782849,293.0,211.0,504.0,55.29785330948122,82.0,42.52539912917271,-359.0,55.0,414.0,-55.0,-109.0,-13.87055188578734,-0.7054434238900242,225.0,-231.0,-34.691066358108806,1.5848735413442228,0.41573926868044514,0.871191135734072,0.45098039215686275,0.8211091234347049,concordant,divergent,0.03524112347641761,-0.05008201229936715
E02000773,Redbridge,6,7,21.959269704283543,16.509376456408194,566.0,643.0,0.5757884028484231,0.6541200406917599,0.0783316378433367,-5.449893247875348,175.0,272.0,739,629,1368,447.0,34.7953216374269,-97.0,23.68064952638701,233.0,303.0,677.0,701.0,1378.0,536.0,51.23294629898403,-70.0,34.416543574593796,265.0,498.0,763.0,96.46929824561404,-233.0,42.130365659777425,323.0,339.0,662.0,79.46081277213352,-16.0,46.07703281027104,-245.0,100.0,345.0,27.0,89.0,16.43762466155713,10.735894048206784,217.0,-101.0,-17.00848547348052,3.9466671504936173,0.3694214876033058,0.8845029239766082,0.44741235392320533,0.8693759071117562,concordant,concordant,0.07799086631989954,-0.015127016864852072
E02000774,Redbridge,5,5,24.714774444444444,22.112884094530003,475.0,454.0,0.4832146490335707,0.461851475076297,-0.0213631739572736,-2.6018903499144415,241.0,244.0,640,535,1175,485.0,50.04595744680851,-3.0,37.65625,207.0,178.0,495.0,580.0,1075.0,385.0,34.2753488372093,29.0,41.81818181818181,264.0,371.0,635.0,83.35659574468085,-107.0,49.34579439252336,361.0,269.0,630.0,90.33395348837207,92.0,62.241379310344826,-30.0,176.0,206.0,32.0,-100.0,-15.770608609599208,4.161931818181813,199.0,-5.0,6.977357743691229,12.895584917821466,0.4330357142857143,0.9531914893617022,0.3793103448275862,0.9441860465116279,concordant,concordant,-0.053725369458128114,-0.009005442850074319
E02000776,Redbridge,6,7,21.152763799435025,17.057423624358034,590.0,627.0,0.6002034587995931,0.6378433367243134,0.0376398779247202,-4.095340175076991,115.0,315.0,627,569,1196,430.0,30.28846153846154,-200.0,18.341307814992025,72.0,240.0,385.0,504.0,889.0,312.0,19.437570303712036,-168.0,18.7012987012987,203.0,470.0,673.0,79.77424749163879,-267.0,35.67662565905096,197.0,281.0,478.0,62.26884139482565,-84.0,39.08730158730159,-240.0,30.0,270.0,32.0,-118.0,-10.850891234749504,0.35999088630667586,183.0,-195.0,-17.50540609681314,3.410675928250626,0.3898458748866727,0.9222408026755853,0.3949367088607595,0.8886389201349831,concordant,concordant,0.0050908339740867725,-0.033601882540602146
E02000777,Redbridge,7,7,18.48335304606493,17.298952435813035,661.0,618.0,0.6724313326551373,0.6286876907426246,-0.0437436419125126,-1.1844006102518954,76.0,217.0,370,315,685,293.0,24.075912408759123,-141.0,20.54054054054054,35.0,157.0,344.0,273.0,617.0,192.0,8.905996758508914,-122.0,10.174418604651162,75.0,266.0,341.0,29.124087591240876,-191.0,23.809523809523807,78.0,289.0,367.0,36.53484602917342,-211.0,28.57142857142857,-113.0,42.0,155.0,19.0,-101.0,-15.169915650250209,-10.366121935889378,-20.0,26.0,7.410758437932547,4.761904761904763,0.46214511041009465,0.9255474452554745,0.3434704830053667,0.9059967585089141,concordant,concordant,-0.11867462740472795,-0.019550686746560353
E02000779,Redbridge,3,4,33.767304487162946,26.407871511696943,265.0,318.0,0.2695829094608342,0.323499491353001,0.0539165818921668,-7.359432975466,503.0,190.0,927,1031,1958,693.0,48.810010214504594,313.0,54.26105717367853,431.0,207.0,788.0,837.0,1625.0,638.0,54.90276923076923,224.0,54.69543147208121,760.0,298.0,1058.0,115.66905005107252,462.0,73.71483996120271,550.0,256.0,806.0,86.64615384615385,294.0,65.71087216248507,21.0,364.0,343.0,-89.0,-55.0,6.092759016264637,0.4343742984026804,-168.0,-252.0,-29.022896204918666,-8.003967798717639,0.3957738435179897,0.8942798774259448,0.44182825484764543,0.8886153846153846,concordant,concordant,0.04605441132965571,-0.005664492810560251
E02000780,Redbridge,4,5,31.72315276123443,23.348161377947893,318.0,409.0,0.323499491353001,0.4160732451678535,0.0925737538148525,-8.374991383286542,514.0,477.0,1337,1291,2628,991.0,93.2945205479452,37.0,38.44427823485415,0.0,0.0,0.0,0.0,0.0,0.0,0.0,0.0,0.0,643.0,640.0,1283.0,156.59056316590562,3.0,49.80635166537567,0.0,0.0,0.0,0.0,0.0,0.0,0.0,0.0,0.0,-37.0,-991.0,-93.2945205479452,-38.44427823485415,-3.0,-1283.0,-156.59056316590562,-49.80635166537567,0.43579595426561124,0.865296803652968,0.5,0.0,concordant,zero,0.06420404573438876,-0.865296803652968
E02000781,Redbridge,7,7,19.291041617905208,16.982215621413623,635.0,629.0,0.6459816887080366,0.6398779247202442,-0.0061037639877924,-2.308825996491585,59.0,633.0,871,861,1732,692.0,21.562933025404156,-574.0,6.77382319173364,44.0,600.0,712.0,832.0,1544.0,644.0,17.098445595854923,-556.0,6.179775280898876,103.0,725.0,828.0,43.114896073903004,-622.0,11.962833914053428,132.0,594.0,726.0,50.78238341968912,-462.0,15.865384615384617,-555.0,44.0,599.0,18.0,-48.0,-4.464487429549234,-0.5940479108347638,160.0,-102.0,7.667487345786114,3.9025507013311884,0.45526315789473687,0.8775981524249422,0.47007299270072994,0.8873056994818653,concordant,concordant,0.014809834805993072,0.009707547056923116
E02000782,Redbridge,4,3,30.49912801916245,28.464855586648017,351.0,249.0,0.3570701932858596,0.2533062054933876,-0.1037639877924719,-2.0342724325144346,312.0,327.0,920,884,1804,639.0,56.55432372505543,-15.0,33.91304347826087,284.0,271.0,876.0,728.0,1604.0,555.0,47.98254364089775,13.0,32.42009132420091,401.0,441.0,842.0,98.02716186252772,-40.0,45.36199095022624,403.0,536.0,939.0,134.66832917705736,-133.0,55.35714285714286,299.0,453.0,154.0,28.0,-84.0,-8.57178008415768,-1.4929521540599566,-93.0,97.0,36.64116731452964,9.995151906916618,0.4314652261985145,0.8209534368070953,0.3714859437751004,0.9314214463840399,concordant,divergent,-0.059979282423414104,0.11046800957694458
E02000783,Redbridge,3,3,32.51164809510683,27.660824514400534,295.0,282.0,0.3001017293997965,0.2868769074262461,-0.0132248219735504,-4.850823580706294,364.0,151.0,674,618,1292,515.0,42.54179566563467,213.0,54.00593471810089,201.0,107.0,449.0,487.0,936.0,308.0,22.977564102564106,94.0,44.766146993318486,424.0,246.0,670.0,80.73065015479877,178.0,68.6084142394822,298.0,185.0,483.0,58.89957264957265,113.0,61.19096509240246,66.0,195.0,129.0,-119.0,-207.0,-19.564231563070567,-9.239787724782403,-65.0,-187.0,-21.83107750522612,-7.4174491470797435,0.4345991561181435,0.9171826625386997,0.3893805309734513,0.8450854700854701,concordant,concordant,-0.04521862514469216,-0.07209719245322965
E02000784,Richmond upon Thames,10,9,9.916945694339256,9.80582489389004,895.0,869.0,0.9104781281790436,0.884028484231943,-0.0264496439471007,-0.1111208004492176,0.0,615.0,752,747,1499,615.0,0.0,-615.0,0.0,0.0,595.0,701.0,742.0,1443.0,595.0,0.0,-595.0,0.0,0.0,671.0,671.0,0.0,-671.0,0.0,0.0,567.0,567.0,0.0,-567.0,0.0,-270.0,131.0,401.0,20.0,-20.0,0.0,0.0,104.0,-104.0,0.0,0.0,0.4782270606531882,0.8579052701801201,0.5120481927710844,0.8052668052668053,concordant,concordant,0.03382113211789617,-0.05263846491331481
E02000785,Richmond upon Thames,10,10,7.159368775348118,6.926790247437623,959.0,948.0,0.97558494404883,0.9643947100712106,-0.0111902339776195,-0.232578527910495,0.0,535.0,798,760,1558,535.0,0.0,-535.0,0.0,0.0,509.0,791.0,708.0,1499.0,509.0,0.0,-509.0,0.0,0.0,657.0,657.0,0.0,-657.0,0.0,0.0,641.0,641.0,0.0,-641.0,0.0,-508.0,0.0,508.0,26.0,-26.0,0.0,0.0,16.0,-16.0,0.0,0.0,0.4488255033557047,0.7650834403080873,0.4426086956521739,0.7671781187458305,concordant,concordant,-0.00621680770353078,0.002094678437743247
E02000786,Richmond upon Thames,9,9,11.724581876545471,9.700054975887769,844.0,871.0,0.8585961342828077,0.8860630722278738,0.0274669379450661,-2.024526900657703,307.0,390.0,1061,931,1992,697.0,60.105421686746986,-83.0,28.934967012252592,275.0,331.0,947.0,795.0,1742.0,606.0,52.253157290470725,-56.0,29.039070749736005,409.0,597.0,1006.0,122.57680722891568,-188.0,43.9312567132116,349.0,519.0,868.0,103.97876004592422,-170.0,43.89937106918239,-110.0,208.0,318.0,27.0,-91.0,-7.8522643962762615,0.10410373748341328,18.0,-138.0,-18.598047182991465,-0.03188564402920946,0.4092777451556078,0.8549196787148594,0.41112618724559025,0.8461538461538461,concordant,concordant,0.0018484420899824716,-0.008765832561013265
E02000787,Richmond upon Thames,9,8,13.271912231831203,13.612062804453725,789.0,744.0,0.8026449643947101,0.7568667344862665,-0.0457782299084436,0.3401505726225178,276.0,308.0,942,806,1748,584.0,48.63157894736842,-32.0,29.29936305732484,264.0,343.0,848.0,885.0,1733.0,607.0,52.25158684362378,-79.0,31.132075471698112,369.0,463.0,832.0,97.73855835240276,-94.0,45.78163771712159,416.0,435.0,851.0,104.4200807847663,-19.0,47.005649717514125,142.0,424.0,282.0,-47.0,23.0,3.620007896255359,1.8327124143732725,75.0,19.0,6.681522432363536,1.224012000392534,0.4124293785310734,0.8100686498855835,0.4163237311385459,0.8413156376226197,concordant,concordant,0.0038943526074725066,0.03124698773703627
E02000788,Richmond upon Thames,10,10,8.094903050161069,6.501084979793444,936.0,957.0,0.9521871820956256,0.9735503560528992,0.0213631739572737,-1.5938180703676244,0.0,435.0,855,641,1496,435.0,0.0,-435.0,0.0,0.0,370.0,630.0,551.0,1181.0,370.0,0.0,-370.0,0.0,0.0,676.0,676.0,0.0,-676.0,0.0,0.0,508.0,508.0,0.0,-508.0,0.0,-388.0,0.0,388.0,65.0,-65.0,0.0,0.0,168.0,-168.0,0.0,0.0,0.3915391539153915,0.7426470588235294,0.4214123006833713,0.7434377646062659,concordant,concordant,0.029873146767979808,0.0007907057827364339
E02000789,Richmond upon Thames,9,9,10.711676021304068,9.629095116501755,876.0,872.0,0.8911495422177009,0.8870803662258393,-0.0040691759918616,-1.0825809048023132,207.0,199.0,569,696,1265,406.0,32.56363636363636,8.0,36.37961335676626,219.0,191.0,632.0,627.0,1259.0,410.0,33.22398729150119,28.0,34.651898734177216,365.0,267.0,632.0,77.03952569169961,98.0,52.44252873563219,335.0,299.0,634.0,79.55917394757745,36.0,53.42902711323764,-10.0,234.0,244.0,20.0,4.0,0.6603509278648261,-1.7277146225890405,-62.0,2.0,2.51964825587784,0.9864983776054501,0.3911368015414258,0.8205533596837945,0.39272030651340994,0.82922954725973,concordant,concordant,0.0015835049719841177,0.008676187575935468
E02000790,Richmond upon Thames,10,10,5.993173040206685,5.384548026919548,974.0,976.0,0.9908443540183112,0.992878942014242,0.0020345879959308,-0.6086250132871367,0.0,205.0,572,493,1065,205.0,0.0,-205.0,0.0,0.0,261.0,562.0,478.0,1040.0,261.0,0.0,-261.0,0.0,0.0,329.0,329.0,0.0,-329.0,0.0,0.0,376.0,376.0,0.0,-376.0,0.0,-267.0,0.0,267.0,-56.0,56.0,0.0,0.0,-47.0,47.0,0.0,0.0,0.3838951310861423,0.5014084507042254,0.4097331240188383,0.6125,concordant,concordant,0.025837992932696008,0.1110915492957747
E02000791,Richmond upon Thames,10,10,7.793097903861822,5.957178856791641,942.0,965.0,0.958290946083418,0.9816887080366226,0.0233977619532044,-1.8359190470701812,0.0,462.0,721,740,1461,462.0,0.0,-462.0,0.0,0.0,418.0,625.0,708.0,1333.0,418.0,0.0,-418.0,0.0,0.0,545.0,545.0,0.0,-545.0,0.0,0.0,493.0,493.0,0.0,-493.0,0.0,-411.0,0.0,411.0,44.0,-44.0,0.0,0.0,52.0,-52.0,0.0,0.0,0.45878848063555117,0.6892539356605065,0.4588364434687157,0.6834208552138035,concordant,concordant,4.7962833164549856e-05,-0.005833080446703054
E02000792,Richmond upon Thames,10,10,7.840460146515953,5.73424224125825,940.0,970.0,0.9562563580874872,0.9867751780264497,0.0305188199389623,-2.1062179052577035,0.0,301.0,632,656,1288,301.0,0.0,-301.0,0.0,0.0,269.0,691.0,562.0,1253.0,269.0,0.0,-269.0,0.0,0.0,370.0,370.0,0.0,-370.0,0.0,0.0,412.0,412.0,0.0,-412.0,0.0,-296.0,0.0,296.0,32.0,-32.0,0.0,0.0,-42.0,42.0,0.0,0.0,0.4485842026825633,0.5209627329192547,0.39500734214390604,0.5434956105347167,concordant,concordant,-0.05357686053865729,0.022532877615462077
E02000793,Richmond upon Thames,9,9,11.180488765205611,11.206441567781374,861.0,818.0,0.8758901322482198,0.832146490335707,-0.0437436419125127,0.0259528025757607,190.0,255.0,568,456,1024,445.0,47.314453125,-65.0,33.45070422535211,172.0,191.0,453.0,412.0,865.0,363.0,37.97919075144509,-19.0,37.969094922737305,145.0,317.0,462.0,44.8876953125,-172.0,31.79824561403509,151.0,231.0,382.0,40.32485549132948,-80.0,36.650485436893206,-66.0,156.0,222.0,46.0,-82.0,-9.335262373554912,4.518390697385193,92.0,-80.0,-4.56283982117052,4.852239822858117,0.4906284454244763,0.8857421875,0.487248322147651,0.861271676300578,concordant,concordant,-0.0033801232768252976,-0.024470511199422007
E02000794,Richmond upon Thames,10,10,8.482971026630352,7.141383601756955,929.0,947.0,0.9450661241098678,0.9633774160732452,0.0183112919633773,-1.3415874248733974,0.0,308.0,609,563,1172,308.0,0.0,-308.0,0.0,0.0,215.0,637.0,425.0,1062.0,215.0,0.0,-215.0,0.0,0.0,342.0,342.0,0.0,-342.0,0.0,0.0,376.0,376.0,0.0,-376.0,0.0,-233.0,0.0,233.0,93.0,-93.0,0.0,0.0,-34.0,34.0,0.0,0.0,0.47384615384615386,0.5546075085324232,0.3637901861252115,0.556497175141243,concordant,concordant,-0.11005596772094234,0.001889666608819729
E02000795,Richmond upon Thames,10,10,10.218730808060307,8.906516199016488,890.0,899.0,0.9053916581892166,0.9145473041709054,0.0091556459816887,-1.312214609043819,0.0,310.0,496,456,952,310.0,0.0,-310.0,0.0,0.0,184.0,454.0,336.0,790.0,184.0,0.0,-184.0,0.0,0.0,288.0,288.0,0.0,-288.0,0.0,0.0,301.0,301.0,0.0,-301.0,0.0,-198.0,0.0,198.0,126.0,-126.0,0.0,0.0,-13.0,13.0,0.0,0.0,0.5183946488294314,0.6281512605042017,0.37938144329896906,0.6139240506329114,concordant,concordant,-0.13901320553046237,-0.014227209871290225
E02000796,Richmond upon Thames,8,7,15.645255032289343,16.40391660391566,739.0,646.0,0.7517802644964394,0.6571719226856562,-0.0946083418107832,0.7586615716263179,323.0,223.0,674,514,1188,546.0,60.63047138047138,100.0,47.92284866468843,180.0,237.0,477.0,468.0,945.0,417.0,45.142857142857146,-57.0,37.735849056603776,264.0,311.0,575.0,69.11111111111111,-47.0,51.36186770428015,194.0,280.0,474.0,57.48148148148148,-86.0,41.452991452991455,-39.0,178.0,217.0,-157.0,-129.0,-15.487614237614231,-10.186999608084655,-39.0,-101.0,-11.629629629629633,-9.908876251288696,0.4870651204281891,0.9436026936026936,0.468013468013468,0.9428571428571428,divergent,concordant,-0.01905165241472112,-0.000745550745550716
E02000797,Richmond upon Thames,10,10,7.768168024215504,6.68860379109226,944.0,956.0,0.960325534079349,0.9725330620549338,0.0122075279755848,-1.0795642331232438,0.0,353.0,812,723,1535,353.0,0.0,-353.0,0.0,0.0,303.0,835.0,674.0,1509.0,303.0,0.0,-303.0,0.0,0.0,438.0,438.0,0.0,-438.0,0.0,0.0,465.0,465.0,0.0,-465.0,0.0,-358.0,0.0,358.0,50.0,-50.0,0.0,0.0,-27.0,27.0,0.0,0.0,0.44627054361567636,0.5153094462540717,0.39453125,0.5089463220675944,concordant,concordant,-0.05173929361567636,-0.006363124186477331
E02000798,Richmond upon Thames,10,9,10.24853661160714,10.267734259426303,888.0,851.0,0.9033570701932858,0.8657171922685656,-0.0376398779247202,0.019197647819162,0.0,368.0,852,709,1561,368.0,0.0,-368.0,0.0,0.0,295.0,718.0,559.0,1277.0,295.0,0.0,-295.0,0.0,0.0,409.0,409.0,0.0,-409.0,0.0,0.0,418.0,418.0,0.0,-418.0,0.0,39.0,285.0,246.0,73.0,-73.0,0.0,0.0,-9.0,9.0,0.0,0.0,0.47361647361647363,0.4977578475336323,0.41374474053295934,0.5583398590446359,concordant,concordant,-0.05987173308351429,0.06058201151100362
E02000799,Richmond upon Thames,10,10,6.929929983320343,5.548346013943619,963.0,975.0,0.9796541200406916,0.9918616480162769,0.0122075279755849,-1.3815839693767238,0.0,323.0,645,749,1394,323.0,0.0,-323.0,0.0,0.0,230.0,589.0,558.0,1147.0,230.0,0.0,-230.0,0.0,0.0,340.0,340.0,0.0,-340.0,0.0,0.0,314.0,314.0,0.0,-314.0,0.0,-283.0,0.0,283.0,93.0,-93.0,0.0,0.0,26.0,-26.0,0.0,0.0,0.48717948717948717,0.47560975609756095,0.4227941176470588,0.4742807323452485,concordant,concordant,-0.06438536953242835,-0.0013290237523124748
E02000800,Richmond upon Thames,7,7,18.631682862654323,15.602358908151972,655.0,678.0,0.6663275686673449,0.6897253306205493,0.0233977619532044,-3.0293239545023507,262.0,64.0,390,277,667,326.0,25.13943028485757,198.0,67.17948717948717,228.0,56.0,314.0,198.0,512.0,284.0,24.9375,172.0,72.61146496815286,197.0,102.0,299.0,30.12593703148426,95.0,71.11913357400722,136.0,72.0,208.0,19.125,64.0,68.68686868686868,162.0,216.0,54.0,-26.0,-42.0,-0.20193028485757125,5.431977788665691,-31.0,-91.0,-11.00093703148426,-2.432264887138544,0.5216,0.9370314842578711,0.5772357723577236,0.9609375,concordant,concordant,0.055635772357723656,0.023906015742128917
E02000801,Richmond upon Thames,10,10,6.28608456083535,5.6623867488443755,971.0,973.0,0.987792472024415,0.989827060020346,0.0020345879959309,-0.6236978119909748,0.0,201.0,682,525,1207,201.0,0.0,-201.0,0.0,0.0,141.0,540.0,415.0,955.0,141.0,0.0,-141.0,0.0,0.0,326.0,326.0,0.0,-326.0,0.0,0.0,282.0,282.0,0.0,-282.0,0.0,-161.0,0.0,161.0,60.0,-60.0,0.0,0.0,44.0,-44.0,0.0,0.0,0.38140417457305503,0.43661971830985913,0.3333333333333333,0.44293193717277485,concordant,concordant,-0.04807084123972172,0.006312218862915719
E02000802,Richmond upon Thames,10,10,8.750400940417963,7.598219675398634,924.0,933.0,0.9399796541200408,0.9491353001017294,0.0091556459816887,-1.1521812650193288,0.0,204.0,567,441,1008,204.0,0.0,-204.0,0.0,0.0,203.0,527.0,386.0,913.0,203.0,0.0,-203.0,0.0,0.0,250.0,250.0,0.0,-250.0,0.0,0.0,277.0,277.0,0.0,-277.0,0.0,-213.0,0.0,213.0,1.0,-1.0,0.0,0.0,-27.0,27.0,0.0,0.0,0.44933920704845814,0.4503968253968254,0.42291666666666666,0.5257393209200438,concordant,concordant,-0.02642254038179148,0.07534249552321842
E02000803,Richmond upon Thames,8,7,15.24390358538404,17.43955727973339,746.0,614.0,0.7589013224821973,0.624618514750763,-0.1342828077314343,2.195653694349348,463.0,149.0,660,443,1103,612.0,62.54487760652765,314.0,70.15151515151516,339.0,113.0,513.0,388.0,901.0,452.0,42.516093229744726,226.0,66.08187134502924,264.0,175.0,439.0,41.885766092475066,89.0,59.59367945823928,259.0,140.0,399.0,40.244173140954494,119.0,66.75257731958763,277.0,364.0,87.0,-88.0,-160.0,-20.028784376782923,-4.069643806485914,30.0,-40.0,-1.6415929515205718,7.1588978613483505,0.582302568981922,0.9528558476881233,0.5311398354876615,0.9445061043285239,concordant,concordant,-0.05116273349426048,-0.00834974335959937
E02000804,Richmond upon Thames,10,10,8.0193515182944,6.896205580631924,937.0,949.0,0.953204476093591,0.965412004069176,0.0122075279755849,-1.1231459376624755,0.0,218.0,737,524,1261,218.0,0.0,-218.0,0.0,0.0,199.0,612.0,481.0,1093.0,199.0,0.0,-199.0,0.0,0.0,349.0,349.0,0.0,-349.0,0.0,0.0,308.0,308.0,0.0,-308.0,0.0,-221.0,0.0,221.0,19.0,-19.0,0.0,0.0,41.0,-41.0,0.0,0.0,0.3844797178130511,0.44964314036478986,0.39250493096646943,0.4638609332113449,concordant,concordant,0.008025213153418309,0.014217792846555055
E02000805,Richmond upon Thames,10,10,10.24170152118188,8.833813537002897,889.0,902.0,0.9043743641912512,0.9175991861648016,0.0132248219735503,-1.4078879841789824,0.0,481.0,873,832,1705,481.0,0.0,-481.0,0.0,0.0,388.0,701.0,673.0,1374.0,388.0,0.0,-388.0,0.0,0.0,487.0,487.0,0.0,-487.0,0.0,0.0,395.0,395.0,0.0,-395.0,0.0,-400.0,0.0,400.0,93.0,-93.0,0.0,0.0,92.0,-92.0,0.0,0.0,0.496900826446281,0.567741935483871,0.4955300127713921,0.5698689956331878,concordant,concordant,-0.0013708136748888933,0.0021270601493168506
E02000806,Richmond upon Thames,10,10,9.3966675323986,8.497609411535464,906.0,910.0,0.9216683621566631,0.9257375381485248,0.0040691759918616,-0.8990581208631347,0.0,311.0,660,446,1106,311.0,0.0,-311.0,0.0,0.0,239.0,616.0,365.0,981.0,239.0,0.0,-239.0,0.0,0.0,409.0,409.0,0.0,-409.0,0.0,0.0,347.0,347.0,0.0,-347.0,0.0,-248.0,0.0,248.0,72.0,-72.0,0.0,0.0,62.0,-62.0,0.0,0.0,0.43194444444444446,0.650994575045208,0.40784982935153585,0.5973496432212029,concordant,concordant,-0.02409461509290861,-0.05364493182400509
E02000807,Southwark,8,8,16.721401709370863,13.79343860613389,712.0,737.0,0.7243133265513734,0.7497456765005086,0.0254323499491352,-2.927963103236973,78.0,885.0,1009,1072,2081,963.0,33.171552138395,-807.0,7.730426164519326,55.0,937.0,1041.0,1110.0,2151.0,992.0,23.958623895862388,-882.0,5.283381364073007,109.0,889.0,998.0,46.564632388274866,-780.0,10.167910447761194,105.0,925.0,1030.0,45.1534170153417,-820.0,9.45945945945946,-788.0,91.0,879.0,-75.0,29.0,-9.212928242532612,-2.447044800446319,-40.0,32.0,-1.4112153729331638,-0.7084509883017347,0.4910759816420194,0.9423354156655455,0.49060336300692386,0.9400278940027894,concordant,concordant,-0.00047261863509551194,-0.0023075216627560513
E02000808,Southwark,6,6,23.651842900461435,19.593475997295467,508.0,553.0,0.5167853509664293,0.5625635808748728,0.0457782299084434,-4.058366903165968,294.0,1084.0,1204,1586,2790,1378.0,114.22795698924732,-790.0,24.418604651162788,344.0,1132.0,1541.0,1805.0,3346.0,1476.0,116.38015540944411,-788.0,22.323166774821544,293.0,747.0,1040.0,78.4483870967742,-454.0,18.474148802017652,443.0,892.0,1335.0,118.09802749551704,-449.0,24.542936288088644,-659.0,400.0,1059.0,2.0,98.0,2.1521984201967967,-2.0954378763412436,5.0,295.0,39.64964039874285,6.068787486070992,0.5698924731182796,0.8666666666666667,0.5250800426894343,0.8401075911536162,concordant,concordant,-0.04481243042884531,-0.02655907551305048
E02000809,Southwark,4,7,31.444335967221257,15.799870955548837,327.0,672.0,0.3326551373346897,0.6836215666327569,0.3509664292980671,-15.644465011672422,844.0,646.0,1531,1846,3377,1490.0,161.4521764880071,198.0,55.12736773350751,0.0,0.0,0.0,0.0,0.0,0.0,0.0,0.0,0.0,948.0,485.0,1433.0,136.15042937518507,463.0,51.35427952329361,0.0,0.0,0.0,0.0,0.0,0.0,0.0,0.0,0.0,-198.0,-1490.0,-161.4521764880071,-55.12736773350751,-463.0,-1433.0,-136.15042937518507,-51.35427952329361,0.5097502565856996,0.8655611489487711,0.5,0.0,concordant,zero,-0.009750256585699613,-0.8655611489487711
E02000810,Southwark,3,4,33.60626967519685,26.1410659076331,269.0,327.0,0.2736520854526958,0.3326551373346897,0.0590030518819938,-7.46520376756375,648.0,303.0,1107,1040,2147,951.0,91.45039590125756,345.0,58.536585365853654,617.0,296.0,1101.0,1048.0,2149.0,913.0,84.98464402047463,321.0,56.039963669391454,547.0,307.0,854.0,78.21564974382859,240.0,52.59615384615385,632.0,340.0,972.0,99.9906933457422,292.0,60.30534351145038,1.0,437.0,436.0,-24.0,-38.0,-6.465751880782932,-2.4966216964621992,52.0,118.0,21.77504360191361,7.709189665296535,0.5268698060941829,0.8407079646017699,0.4843501326259947,0.8771521637971149,concordant,concordant,-0.04251967346818819,0.03644419919534503
E02000812,Southwark,4,3,30.111717563654032,27.739778540530377,362.0,276.0,0.3682604272634791,0.2807731434384537,-0.0874872838250254,-2.371939023123659,731.0,741.0,1414,1627,3041,1472.0,178.12265702071687,-10.0,51.6973125884017,559.0,596.0,1194.0,1367.0,2561.0,1155.0,130.09137055837564,-37.0,46.81742043551089,620.0,513.0,1133.0,104.59059519894772,107.0,38.10694529809465,598.0,493.0,1091.0,115.11675126903552,105.0,43.7454279444038,349.0,712.0,363.0,-27.0,-317.0,-48.03128646234123,-4.879892152890811,-2.0,-42.0,10.526156070087794,5.63848264630915,0.5650671785028791,0.856626109832292,0.5142475512021372,0.8770011714174151,divergent,divergent,-0.050819627300741965,0.020375061585123033
E02000813,Southwark,4,3,30.990242380398097,27.199347715983244,338.0,294.0,0.3438453713123092,0.2990844354018311,-0.0447609359104781,-3.79089466441485,440.0,391.0,1108,866,1974,831.0,87.15298885511652,49.0,39.71119133574007,473.0,492.0,1224.0,1160.0,2384.0,965.0,97.61577181208054,-19.0,38.6437908496732,364.0,525.0,889.0,96.80851063829788,-161.0,42.032332563510394,555.0,584.0,1139.0,135.95637583892616,-29.0,47.8448275862069,407.0,669.0,262.0,-68.0,134.0,10.46278295696402,-1.067400486066866,132.0,250.0,39.14786520062829,5.812495022696503,0.4831395348837209,0.8713272543059777,0.45865019011406843,0.8825503355704698,divergent,concordant,-0.024489344769652477,0.011223081264492119
E02000814,Southwark,6,6,22.14248397942672,20.197261524920233,555.0,532.0,0.5645981688708036,0.5412004069175992,-0.0233977619532044,-1.945222454506489,261.0,764.0,1036,1269,2305,1025.0,86.50932754880694,-503.0,25.19305019305019,325.0,703.0,1297.0,1159.0,2456.0,1028.0,93.02728013029316,-378.0,25.057825751734775,400.0,661.0,1061.0,114.70715835140996,-261.0,31.520882584712375,336.0,868.0,1204.0,118.74918566775244,-532.0,28.99050905953408,-313.0,345.0,658.0,125.0,3.0,6.517952581486227,-0.13522444131541533,-271.0,143.0,4.042027316342484,-2.5303735251782946,0.4913710450623202,0.9049891540130152,0.460573476702509,0.9087947882736156,concordant,concordant,-0.030797568359811234,0.0038056342606004323
E02000815,Southwark,6,4,21.407469716684155,26.75764314942853,582.0,306.0,0.5920651068158698,0.311291963377416,-0.2807731434384537,5.350173432744377,146.0,1079.0,855,1390,2245,1225.0,70.17104677060134,-933.0,17.076023391812868,167.0,1056.0,1247.0,1514.0,2761.0,1223.0,63.87250996015936,-889.0,13.39214113873296,163.0,613.0,776.0,44.50734966592427,-450.0,11.726618705035971,195.0,926.0,1121.0,65.4002173125679,-731.0,12.87978863936592,-214.0,475.0,689.0,44.0,-2.0,-6.298536810441973,-3.683882253079908,-281.0,345.0,20.89286764664363,1.1531699343299486,0.6121939030484758,0.8913140311804009,0.5217576791808873,0.8489677653024267,concordant,concordant,-0.09043622386758843,-0.04234626587797419
E02000816,Southwark,3,3,34.295673482251466,28.85131911720847,250.0,236.0,0.254323499491353,0.2400813835198372,-0.0142421159715157,-5.444354365042997,512.0,246.0,1097,870,1967,758.0,64.03253685815963,266.0,46.672743846855056,516.0,357.0,1030.0,987.0,2017.0,873.0,91.32969757064949,159.0,50.09708737864078,485.0,394.0,879.0,97.14794102694458,91.0,55.74712643678161,495.0,371.0,866.0,91.0485870104115,124.0,50.15197568389058,132.0,461.0,329.0,-107.0,115.0,27.297160712489855,3.4243435317857234,33.0,-13.0,-6.099354016533084,-5.59515075289103,0.4630421502748931,0.8322318251143874,0.5020126509488212,0.8621715418939019,concordant,concordant,0.0389705006739281,0.029939716779514458
E02000817,Southwark,2,1,38.83776648444719,34.55739054899235,153.0,87.0,0.155645981688708,0.0885045778229908,-0.0671414038657171,-4.280375935454835,501.0,30.0,690,709,1399,531.0,10.743388134381702,471.0,72.60869565217392,489.0,46.0,655.0,602.0,1257.0,535.0,17.894988066825775,443.0,74.65648854961832,531.0,32.0,563.0,12.145818441744105,499.0,74.89421720733426,446.0,57.0,503.0,20.22434367541766,389.0,74.08637873754152,581.0,581.0,0.0,-28.0,4.0,7.151599932444073,2.0477928974443955,-110.0,-60.0,8.078525233673556,-0.8078384697927419,0.4853747714808044,0.781987133666905,0.5154142581888247,0.8257756563245824,concordant,concordant,0.030039486708020313,0.04378852265767741
E02000818,Southwark,2,1,38.56709349009442,34.455332292073415,156.0,91.0,0.1586978636826042,0.0925737538148524,-0.0661241098677517,-4.111761198021007,686.0,50.0,930,939,1869,736.0,18.35205992509363,636.0,73.76344086021506,914.0,86.0,1262.0,1106.0,2368.0,1000.0,33.19425675675676,828.0,72.42472266244057,662.0,64.0,726.0,22.66880684858213,598.0,70.50053248136315,817.0,97.0,914.0,33.466638513513516,720.0,73.86980108499095,1113.0,1113.0,0.0,192.0,264.0,14.842196831663127,-1.338718197774483,122.0,188.0,10.797831664931387,3.369268603627802,0.5034199726402189,0.7822364901016586,0.522466039707419,0.808277027027027,concordant,concordant,0.019046067067200134,0.02604053692536834
E02000819,Southwark,2,2,38.131830834636204,31.00217933545744,164.0,177.0,0.1668362156663275,0.1800610376398779,0.0132248219735503,-7.129651499178763,612.0,61.0,867,919,1786,673.0,20.902575587905936,551.0,70.58823529411765,484.0,69.0,751.0,970.0,1721.0,553.0,19.404997094712375,415.0,64.4474034620506,615.0,57.0,672.0,19.627659574468087,558.0,66.92056583242655,646.0,63.0,709.0,23.647879140034863,583.0,66.59793814432989,340.0,482.0,142.0,-136.0,-120.0,-1.4975784931935614,-6.14083183206705,25.0,37.0,4.0202195655667765,-0.3226276880966594,0.5003717472118959,0.7530795072788354,0.4381933438985737,0.7332945961650204,concordant,concordant,-0.06217840331332225,-0.019784911113815085
E02000820,Southwark,4,3,30.542049941582583,27.40824322691107,350.0,288.0,0.3560528992878942,0.2929806714140386,-0.0630722278738555,-3.1338067146715147,455.0,541.0,1159,1039,2198,996.0,111.9904458598726,-86.0,39.25798101811907,422.0,564.0,989.0,1213.0,2202.0,986.0,108.08719346049048,-142.0,42.669362992922146,351.0,538.0,889.0,85.91355777979982,-187.0,33.78248315688162,468.0,430.0,898.0,91.38964577656677,38.0,38.58202802967848,219.0,547.0,328.0,-56.0,-10.0,-3.9032523993821115,3.411381974803078,225.0,9.0,5.47608799676695,4.799544872796865,0.5283819628647215,0.8575978161965423,0.5233545647558386,0.8555858310626703,concordant,divergent,-0.005027398108882863,-0.0020119851338720185
E02000821,Southwark,2,1,37.35290342475554,39.2690625,180.0,31.0,0.1831129196337741,0.0315361139369277,-0.1515768056968464,1.9161590752444584,554.0,48.0,875,855,1730,602.0,15.371098265895954,506.0,63.31428571428571,480.0,65.0,724.0,1052.0,1776.0,545.0,17.56756756756757,415.0,66.29834254143645,533.0,26.0,559.0,8.010404624277456,507.0,62.3391812865497,608.0,48.0,656.0,16.43243243243243,560.0,57.79467680608364,627.0,627.0,0.0,-91.0,-57.0,2.1964693016716144,2.984056827150745,53.0,97.0,8.422027808154976,-4.54450448046606,0.5185185185185185,0.6710982658959538,0.4537885095753539,0.6762387387387387,concordant,concordant,-0.06473000894316461,0.00514047284278496
E02000822,Southwark,2,2,36.401005691036865,33.17434969156957,195.0,120.0,0.1983723296032553,0.1220752797558494,-0.0762970498474059,-3.2266559994672974,619.0,50.0,893,1048,1941,669.0,15.94538897475528,569.0,69.31690929451287,388.0,61.0,612.0,741.0,1353.0,449.0,17.492978566149297,327.0,63.39869281045751,688.0,20.0,708.0,7.0891293147861925,668.0,65.64885496183206,482.0,44.0,526.0,15.67479674796748,438.0,65.04723346828611,195.0,361.0,166.0,-242.0,-220.0,1.5475895913940168,-5.918216484055357,-230.0,-182.0,8.585667433181289,-0.6016214935459487,0.485838779956427,0.7094281298299846,0.4605128205128205,0.720620842572062,concordant,concordant,-0.025325959443606494,0.011192712742077449
E02000823,Southwark,3,3,32.92859056252425,28.614544499595983,287.0,244.0,0.2919633774160732,0.2482197355035605,-0.0437436419125127,-4.314046062928266,434.0,362.0,852,1050,1902,796.0,82.60147213459517,72.0,50.93896713615024,467.0,286.0,824.0,933.0,1757.0,753.0,76.01707455890723,181.0,56.6747572815534,537.0,258.0,795.0,72.84227129337539,279.0,51.142857142857146,510.0,256.0,766.0,74.30848036425726,254.0,54.662379421221864,121.0,412.0,291.0,109.0,-43.0,-6.5843975756879445,5.735790145403158,-25.0,-29.0,1.4662090708818738,3.519522278364718,0.5003142677561282,0.8364879074658255,0.4957208689927584,0.8645418326693227,concordant,concordant,-0.004593398763369783,0.028053925203497254
E02000824,Southwark,2,2,37.357020068979935,31.90757239123972,179.0,152.0,0.1820956256358087,0.1546286876907426,-0.0274669379450661,-5.449447677740213,560.0,39.0,950,952,1902,599.0,11.482649842271291,521.0,58.94736842105262,526.0,109.0,773.0,892.0,1665.0,635.0,34.43483483483484,417.0,68.04657179818886,599.0,42.0,641.0,13.227129337539433,557.0,62.92016806722689,588.0,34.0,622.0,12.007207207207207,554.0,65.91928251121077,339.0,484.0,145.0,-104.0,36.0,22.952184992563545,9.099203377136241,-3.0,-19.0,-1.2199221303322254,2.9991144439838777,0.4830645161290323,0.6519453207150369,0.5051710421638823,0.7549549549549549,concordant,concordant,0.022106526034850027,0.10300963423991805
E02000825,Southwark,2,2,38.31635532490414,33.30122310341229,160.0,115.0,0.1627670396744659,0.1169888097660223,-0.0457782299084435,-5.015132221491847,607.0,37.0,972,870,1842,644.0,12.19272529858849,570.0,62.44855967078189,418.0,64.0,604.0,769.0,1373.0,482.0,19.4843408594319,354.0,69.20529801324503,586.0,40.0,626.0,12.725298588490771,546.0,67.35632183908045,550.0,35.0,585.0,14.020393299344502,515.0,71.52145643693108,281.0,399.0,118.0,-216.0,-162.0,7.291615560843409,6.756738342463137,-31.0,-41.0,1.2950947108537303,4.165134597850624,0.5070866141732283,0.6894679695982627,0.45173383317713217,0.7771303714493809,concordant,concordant,-0.05535278099609614,0.08766240185111818
E02000826,Southwark,4,3,30.641559356435646,29.955234077659224,345.0,203.0,0.3509664292980671,0.2065106815869786,-0.1444557477110885,-0.6863252787764225,310.0,531.0,946,1033,1979,841.0,83.17837291561395,-221.0,32.76955602536998,341.0,517.0,903.0,1064.0,1967.0,858.0,89.62735129639044,-176.0,37.76301218161684,402.0,483.0,885.0,98.11318847902982,-81.0,38.915779283639885,365.0,426.0,791.0,79.0493136756482,-61.0,34.304511278195484,67.0,451.0,384.0,45.0,17.0,6.448978380776495,4.993456156246857,20.0,-94.0,-19.063874803381623,-4.611268005444401,0.48725376593279257,0.8721576553815058,0.5203153426318982,0.8383324860193188,concordant,concordant,0.03306157669910559,-0.033825169362187046
E02000827,Southwark,3,2,35.579618468964185,31.281899626219342,209.0,167.0,0.2126144455747711,0.1698880976602238,-0.0427263479145473,-4.297718842744839,596.0,373.0,1128,1163,2291,969.0,97.0353557398516,223.0,52.83687943262411,497.0,329.0,917.0,1115.0,2032.0,826.0,80.46899606299213,168.0,54.19847328244275,592.0,352.0,944.0,90.95766041030116,240.0,50.90283748925194,622.0,311.0,933.0,95.19783464566927,311.0,55.7847533632287,432.0,615.0,183.0,-55.0,-143.0,-16.566359676859463,1.3615938498186395,71.0,-11.0,4.240174235368116,4.881915873976766,0.5065342394145321,0.8350065473592317,0.4695849914724275,0.8656496062992126,concordant,concordant,-0.036949247942104635,0.03064305893998087
E02000828,Southwark,2,1,37.685120276063095,35.42614427570094,172.0,73.0,0.1749745676500508,0.074262461851475,-0.1007121057985758,-2.2589760003621535,570.0,54.0,888,940,1828,624.0,16.838074398249454,516.0,64.1891891891892,651.0,80.0,991.0,1037.0,2028.0,731.0,25.680473372781066,571.0,65.6912209889001,621.0,40.0,661.0,13.588621444201314,581.0,66.06382978723404,727.0,53.0,780.0,18.99950690335306,674.0,70.10607521697203,803.0,803.0,0.0,55.0,107.0,8.842398974531612,1.502031799710906,93.0,119.0,5.410885459151745,4.042245429737989,0.4856031128404669,0.7029540481400438,0.48378557246856385,0.745069033530572,concordant,concordant,-0.0018175403719030703,0.04211498539052816
E02000829,Southwark,2,1,42.28029318702474,34.771462364652464,105.0,82.0,0.1068158697863682,0.0834181078331637,-0.0233977619532044,-7.508830822372275,948.0,64.0,1330,1348,2678,1012.0,22.655713218820015,884.0,71.2781954887218,737.0,89.0,1089.0,1217.0,2306.0,826.0,28.444492627927147,648.0,67.67676767676768,925.0,83.0,1008.0,28.668782673637043,842.0,68.62017804154303,895.0,79.0,974.0,30.66131830008673,816.0,73.54149548069022,911.0,911.0,0.0,-236.0,-186.0,5.788779409107132,-3.6014278119541245,-26.0,-34.0,1.992535626449687,4.921317439147188,0.500990099009901,0.7542942494398805,0.4588888888888889,0.7805724197745013,concordant,concordant,-0.04210121012101209,0.026278170334620765
E02000830,Southwark,5,6,28.29956874408117,20.01590472084501,400.0,536.0,0.4069175991861648,0.5452695829094608,0.138351983723296,-8.28366402323616,319.0,592.0,1036,1100,2136,911.0,88.4119850187266,-273.0,30.79150579150579,270.0,683.0,1054.0,1202.0,2256.0,953.0,81.74202127659575,-413.0,25.61669829222011,313.0,578.0,891.0,84.69756554307116,-265.0,28.454545454545453,312.0,619.0,931.0,85.6063829787234,-307.0,25.9567387687188,-585.0,197.0,782.0,-140.0,42.0,-6.669963742130847,-5.174807499285681,-42.0,40.0,0.9088174356522387,-2.497806685826653,0.5055493895671476,0.8436329588014981,0.5058386411889597,0.8351063829787234,concordant,concordant,0.0002892516218121477,-0.008526575822774718
E02000831,Southwark,4,4,32.189267720196206,24.73823730695468,308.0,364.0,0.3133265513733469,0.3702950152594099,0.056968463886063,-7.451030413241526,556.0,473.0,1084,1105,2189,1029.0,120.14070351758794,83.0,51.291512915129154,495.0,478.0,1079.0,1097.0,2176.0,973.0,108.73621323529412,17.0,45.8758109360519,471.0,385.0,856.0,82.8391959798995,86.0,42.62443438914027,460.0,421.0,881.0,88.99816176470588,39.0,41.93254329990884,-10.0,491.0,501.0,-66.0,-56.0,-11.404490282293821,-5.415701979077255,-47.0,25.0,6.158965784806384,-0.6918910892314258,0.5458885941644562,0.8611238008222933,0.5248112189859763,0.8520220588235294,concordant,concordant,-0.021077375178479962,-0.009101741998763901
E02000832,Southwark,3,3,34.78922911847389,30.13412445108848,234.0,201.0,0.2380467955239064,0.2044760935910478,-0.0335707019328585,-4.655104667385412,630.0,350.0,1091,1007,2098,980.0,105.10009532888463,280.0,57.74518790100826,504.0,189.0,835.0,890.0,1725.0,693.0,55.22086956521739,315.0,60.359281437125745,539.0,323.0,862.0,82.98236415633937,216.0,53.525322740814296,587.0,229.0,816.0,77.92637681159421,358.0,65.95505617977528,242.0,478.0,236.0,35.0,-287.0,-49.87922576366724,2.614093536117487,142.0,-46.0,-5.055987344745162,12.429733438960987,0.5320304017372421,0.8779790276453765,0.4592445328031809,0.8747826086956522,concordant,concordant,-0.07278586893406125,-0.0031964189497243334
E02000833,Southwark,5,6,24.44702274274662,19.449354970760233,477.0,559.0,0.4852492370295015,0.5686673448626653,0.0834181078331638,-4.997667771986386,248.0,596.0,847,1000,1847,844.0,80.02598808879263,-348.0,29.279811097992912,158.0,404.0,538.0,798.0,1336.0,562.0,47.778443113772454,-246.0,29.36802973977695,209.0,429.0,638.0,48.54412560909583,-220.0,20.9,246.0,292.0,538.0,53.76646706586826,-46.0,30.82706766917293,-355.0,113.0,468.0,102.0,-282.0,-32.247544975020176,0.08821864178403871,174.0,-100.0,5.222341456772433,9.927067669172931,0.5695006747638327,0.8023822414726584,0.5109090909090909,0.8233532934131736,concordant,concordant,-0.058591583854741836,0.020971051940515295
E02000834,Southwark,6,6,22.027067208392214,18.201275478369386,560.0,589.0,0.5696846388606307,0.5991861648016277,0.0295015259409969,-3.825791730022829,264.0,709.0,1102,1138,2240,973.0,83.56071428571428,-445.0,23.95644283121597,187.0,619.0,1142.0,988.0,2130.0,806.0,54.34413145539906,-432.0,16.374781085814362,258.0,663.0,921.0,76.36339285714286,-405.0,22.671353251318106,222.0,792.0,1014.0,82.54647887323944,-570.0,22.46963562753037,-203.0,284.0,487.0,13.0,-167.0,-29.216582830315225,-7.5816617454016075,-165.0,93.0,6.183086016096581,-0.2017176237877365,0.513727560718057,0.8455357142857143,0.44285714285714284,0.8544600938967136,concordant,concordant,-0.07087041786091419,0.008924379610999345
E02000835,Southwark,5,6,26.954976417910448,20.375276356192423,431.0,525.0,0.4384537131230925,0.5340793489318413,0.0956256358087487,-6.579700061718025,262.0,312.0,833,547,1380,574.0,59.23478260869565,-50.0,31.45258103241296,186.0,310.0,580.0,609.0,1189.0,496.0,48.49453322119428,-124.0,32.068965517241374,180.0,470.0,650.0,61.30434782608695,-290.0,32.90676416819013,215.0,315.0,530.0,56.959629941127,-100.0,35.30377668308703,-226.0,135.0,361.0,-74.0,-78.0,-10.740249387501372,0.6163844848284121,190.0,-120.0,-4.344717884959955,2.3970125148969004,0.46895424836601307,0.8869565217391304,0.4834307992202729,0.862910008410429,concordant,concordant,0.014476550854259806,-0.024046513328701447
E02000836,Southwark,7,8,18.824234547330096,14.233004159733778,645.0,726.0,0.6561546286876907,0.7385554425228891,0.0824008138351983,-4.591230387596319,144.0,791.0,888,947,1835,935.0,62.07302452316076,-647.0,16.216216216216218,117.0,614.0,893.0,790.0,1683.0,731.0,42.68449197860963,-497.0,13.101903695408732,113.0,698.0,811.0,42.983106267029974,-585.0,11.932418162618797,155.0,735.0,890.0,67.6916221033868,-580.0,19.62025316455696,-519.0,101.0,620.0,150.0,-204.0,-19.388532544551133,-3.114312520807486,5.0,79.0,24.70851583635683,7.687835001938163,0.5355097365406644,0.9514986376021798,0.4509561998766194,0.9631610219845514,concordant,concordant,-0.08455353666404497,0.01166238438237166
E02000837,Southwark,8,9,14.15300029543203,9.928760901778157,770.0,862.0,0.7833163784333672,0.8769074262461851,0.0935910478128179,-4.224239393653875,40.0,663.0,780,730,1510,703.0,17.56291390728477,-623.0,5.128205128205128,38.0,601.0,647.0,682.0,1329.0,639.0,17.184349134687736,-563.0,5.873261205564142,43.0,698.0,741.0,19.87682119205298,-655.0,5.89041095890411,33.0,581.0,614.0,14.42663656884876,-548.0,4.838709677419355,-611.0,27.0,638.0,60.0,-64.0,-0.37856477259703425,0.7450560773590142,107.0,-127.0,-5.450184623204219,-1.051701281484755,0.4868421052631579,0.9562913907284768,0.509976057462091,0.9428141459744168,concordant,concordant,0.02313395219893305,-0.01347724475405998
E02000838,Southwark,6,7,22.849391428104575,17.231005382131322,539.0,621.0,0.5483214649033571,0.6317395727365208,0.0834181078331637,-5.618386045973253,227.0,576.0,1005,894,1899,803.0,68.85308056872037,-349.0,22.587064676616915,201.0,664.0,887.0,1036.0,1923.0,865.0,69.40405616224649,-463.0,22.66065388951522,179.0,617.0,796.0,58.15850447604002,-438.0,20.02237136465324,218.0,526.0,744.0,59.62974518980759,-308.0,21.042471042471043,-584.0,200.0,784.0,-114.0,62.0,0.5509755935261182,0.07358921289830533,130.0,-52.0,1.4712407137675712,1.0200996778178038,0.5021888680425266,0.8420221169036335,0.5376009944064637,0.8367134685387415,concordant,concordant,0.03541212636393709,-0.005308648364891977
E02000839,Southwark,6,6,22.34137574041812,20.295187232481343,551.0,528.0,0.560528992878942,0.5371312309257376,-0.0233977619532044,-2.0461885079367725,164.0,473.0,757,712,1469,637.0,52.80599046970728,-309.0,21.66446499339498,167.0,353.0,631.0,583.0,1214.0,520.0,48.559308072487646,-186.0,26.46592709984152,181.0,518.0,699.0,63.824370319945544,-337.0,25.42134831460674,186.0,402.0,588.0,61.59143327841845,-216.0,31.903945111492284,-158.0,179.0,337.0,123.0,-117.0,-4.246682397219637,4.8014621064465395,121.0,-111.0,-2.2329370415270944,6.482596796885545,0.47679640718562877,0.9094622191967324,0.4693140794223827,0.9126853377265239,concordant,concordant,-0.007482327763246088,0.0032231185297915133
E02000840,Sutton,4,2,32.001781977726104,31.984739064149174,312.0,151.0,0.3173957273652085,0.1536113936927772,-0.1637843336724313,-0.0170429135769296,394.0,23.0,471,403,874,417.0,10.36842105263158,371.0,83.65180467091295,445.0,14.0,545.0,380.0,925.0,459.0,6.735135135135135,431.0,81.65137614678899,349.0,22.0,371.0,8.784897025171624,327.0,86.60049627791562,329.0,51.0,380.0,18.13945945945946,278.0,86.57894736842105,497.0,503.0,6.0,60.0,42.0,-3.633285917496446,-2.0004285241239614,-49.0,9.0,9.354562434287836,-0.021548909494569557,0.5291878172588832,0.9016018306636155,0.5470798569725864,0.907027027027027,concordant,concordant,0.017892039713703234,0.005425196363411433
E02000841,Sutton,5,3,28.11384157780071,28.15254250082048,407.0,259.0,0.4140386571719227,0.2634791454730417,-0.150559511698881,0.0387009230197712,423.0,111.0,557,512,1069,534.0,43.9223573433115,312.0,75.94254937163375,334.0,75.0,468.0,431.0,899.0,409.0,27.8642936596218,259.0,71.36752136752136,381.0,100.0,481.0,35.64078578110384,281.0,74.4140625,322.0,92.0,414.0,32.95216907675194,230.0,74.70997679814386,359.0,399.0,40.0,-53.0,-125.0,-16.058063683689703,-4.575028004112383,-51.0,-67.0,-2.688616704351894,0.29591429814385606,0.5261083743842364,0.9494855004677268,0.49696233292831105,0.9154616240266963,concordant,concordant,-0.029146041455925364,-0.034023876441030554
E02000842,Sutton,9,9,12.269964779024264,9.867797972018996,828.0,866.0,0.8423194303153612,0.8809766022380467,0.0386571719226855,-2.4021668070052673,96.0,216.0,375,350,725,312.0,28.60137931034483,-120.0,25.6,108.0,199.0,425.0,362.0,787.0,307.0,27.30876747141042,-91.0,25.41176470588235,74.0,230.0,304.0,23.47586206896552,-156.0,21.142857142857142,98.0,254.0,352.0,31.628970775095297,-156.0,27.07182320441989,-86.0,100.0,186.0,29.0,-5.0,-1.292611838934409,-0.18823529411764994,0.0,48.0,8.153108706129778,5.928966061562747,0.5064935064935064,0.8496551724137931,0.4658573596358118,0.8373570520965693,concordant,concordant,-0.04063614685769462,-0.01229812031722377
E02000843,Sutton,7,7,17.97777024149433,15.418854378818738,678.0,687.0,0.6897253306205493,0.698880976602238,0.0091556459816887,-2.558915862675592,253.0,170.0,530,502,1032,423.0,41.67635658914729,83.0,47.735849056603776,364.0,200.0,853.0,512.0,1365.0,564.0,53.333333333333336,164.0,42.67291910902696,281.0,202.0,483.0,55.00193798449613,79.0,55.97609561752988,247.0,392.0,639.0,70.93333333333334,-145.0,48.2421875,100.0,349.0,249.0,81.0,141.0,11.656976744186046,-5.062929947576819,-224.0,156.0,15.931395348837206,-7.733908117529879,0.46688741721854304,0.877906976744186,0.4688279301745636,0.8813186813186813,concordant,divergent,0.0019405129560205459,0.0034117045744952446
E02000844,Sutton,7,6,20.303809928011315,20.514632718327185,607.0,519.0,0.6174974567650051,0.5279755849440488,-0.0895218718209562,0.2108227903158699,223.0,121.0,532,396,928,344.0,29.076508620689655,102.0,41.91729323308271,181.0,142.0,434.0,389.0,823.0,323.0,31.229647630619684,39.0,41.70506912442397,230.0,246.0,476.0,60.9698275862069,-16.0,58.08080808080808,177.0,198.0,375.0,42.58323207776428,-21.0,45.501285347043705,87.0,226.0,139.0,-63.0,-21.0,2.1531390099300296,-0.21222410865873798,-5.0,-101.0,-18.386595508442618,-12.579522733764378,0.4195121951219512,0.8836206896551724,0.46275071633237824,0.8481166464155528,divergent,divergent,0.04323852121042704,-0.03550404323961953
E02000845,Sutton,9,9,10.554411637532423,9.77036289321192,881.0,870.0,0.896236012207528,0.8850457782299085,-0.0111902339776195,-0.7840487443205024,172.0,174.0,521,415,936,346.0,31.974358974358974,-2.0,33.01343570057582,190.0,205.0,472.0,477.0,949.0,395.0,41.04320337197049,-15.0,40.25423728813559,168.0,231.0,399.0,41.46153846153846,-63.0,40.48192771084337,185.0,223.0,408.0,43.472075869336145,-38.0,38.78406708595388,-19.0,202.0,221.0,-13.0,49.0,9.068844397611517,7.240801587559773,25.0,9.0,2.0105374077976848,-1.6978606248894934,0.46442953020134226,0.7959401709401709,0.4919053549190536,0.8461538461538461,concordant,concordant,0.027475824717711317,0.05021367521367526
E02000846,Sutton,8,9,14.093149230114845,10.87425287197232,774.0,832.0,0.7873855544252288,0.8463886063072228,0.0590030518819939,-3.2188963581425263,150.0,188.0,442,407,849,338.0,33.21554770318021,-38.0,33.93665158371041,134.0,146.0,469.0,380.0,849.0,280.0,23.043580683156655,-12.0,28.57142857142857,138.0,239.0,377.0,38.84805653710247,-101.0,33.90663390663391,177.0,262.0,439.0,54.62190812720848,-85.0,46.578947368421055,-150.0,43.0,193.0,26.0,-58.0,-10.171967020023558,-5.365223012281838,16.0,62.0,15.773851590106005,12.672313461787148,0.4727272727272727,0.8421672555948174,0.3894297635605007,0.8468786808009423,concordant,concordant,-0.08329750916677203,0.004711425206124886
E02000847,Sutton,10,10,7.841789558763356,6.8768107815544495,939.0,950.0,0.955239064089522,0.9664292980671414,0.0111902339776195,-0.9649787772089063,0.0,248.0,488,356,844,248.0,0.0,-248.0,0.0,0.0,198.0,440.0,298.0,738.0,198.0,0.0,-198.0,0.0,0.0,342.0,342.0,0.0,-342.0,0.0,0.0,309.0,309.0,0.0,-309.0,0.0,-200.0,0.0,200.0,50.0,-50.0,0.0,0.0,33.0,-33.0,0.0,0.0,0.42033898305084744,0.6990521327014217,0.3905325443786982,0.6869918699186992,concordant,concordant,-0.029806438672149216,-0.012060262782722542
E02000848,Sutton,10,10,8.899427338319178,7.74729152163103,922.0,929.0,0.93794506612411,0.9450661241098678,0.0071210579857579,-1.1521358166881486,0.0,224.0,369,307,676,224.0,0.0,-224.0,0.0,0.0,235.0,375.0,310.0,685.0,235.0,0.0,-235.0,0.0,0.0,271.0,271.0,0.0,-271.0,0.0,0.0,275.0,275.0,0.0,-275.0,0.0,-234.0,0.0,234.0,-11.0,11.0,0.0,0.0,-4.0,4.0,0.0,0.0,0.45252525252525255,0.7322485207100592,0.46078431372549017,0.7445255474452555,concordant,concordant,0.008259061200237616,0.012277026735196261
E02000849,Sutton,8,8,16.07370769539078,12.792013321492009,727.0,767.0,0.7395727365208545,0.780264496439471,0.0406917599186165,-3.281694373898773,159.0,206.0,501,423,924,365.0,35.44805194805195,-47.0,31.736526946107784,88.0,143.0,444.0,351.0,795.0,231.0,15.828930817610065,-55.0,19.81981981981982,136.0,265.0,401.0,39.004329004329,-129.0,32.15130023640662,140.0,290.0,430.0,51.069182389937104,-150.0,39.88603988603989,-17.0,125.0,142.0,-8.0,-134.0,-19.619121130441883,-11.916707126287964,-21.0,29.0,12.064853385608103,7.734739649633269,0.4765013054830287,0.829004329004329,0.3494704992435703,0.8314465408805032,concordant,concordant,-0.1270308062394584,0.002442211876174216
E02000850,Sutton,9,9,13.185295749830246,12.180672038980507,793.0,788.0,0.8067141403865717,0.8016276703967447,-0.005086469989827,-1.004623710849737,34.0,394.0,547,525,1072,428.0,12.49626865671642,-360.0,6.2157221206581355,31.0,305.0,506.0,394.0,900.0,336.0,10.505555555555556,-274.0,6.126482213438735,53.0,439.0,492.0,21.70429104477612,-386.0,10.095238095238097,34.0,420.0,454.0,15.866666666666667,-386.0,8.629441624365482,-208.0,33.0,241.0,86.0,-92.0,-1.990713101160864,-0.08923990721940012,0.0,-38.0,-5.837624378109453,-1.4657964708726148,0.4652173913043478,0.8582089552238806,0.4253164556962025,0.8777777777777778,concordant,concordant,-0.03990093560814528,0.019568822553897136
E02000851,Sutton,6,5,23.662542241296517,21.226010519395132,506.0,483.0,0.5147507629704985,0.491353001017294,-0.0233977619532044,-2.4365317219013853,564.0,173.0,779,704,1483,737.0,65.79366149696561,391.0,72.400513478819,688.0,243.0,1052.0,946.0,1998.0,931.0,83.67567567567568,445.0,65.39923954372624,508.0,177.0,685.0,60.63115306810519,331.0,72.1590909090909,662.0,296.0,958.0,98.07407407407408,366.0,69.97885835095138,517.0,729.0,212.0,54.0,194.0,17.882014178710065,-7.001273935092755,35.0,273.0,37.442921005968884,-2.1802325581395223,0.5182841068917018,0.9588671611598112,0.49285336156696663,0.9454454454454454,concordant,concordant,-0.02543074532473516,-0.01342171571436579
E02000852,Sutton,9,9,11.03235457573312,9.235949021627189,864.0,884.0,0.8789420142421159,0.8992878942014242,0.0203458799593082,-1.796405554105931,67.0,267.0,516,431,947,334.0,18.890179514255543,-200.0,12.984496124031008,49.0,296.0,507.0,483.0,990.0,345.0,14.65050505050505,-247.0,9.664694280078894,62.0,372.0,434.0,24.35480464625132,-310.0,14.385150812064964,68.0,352.0,420.0,24.177777777777777,-284.0,14.078674948240169,-187.0,52.0,239.0,-47.0,11.0,-4.239674463750493,-3.3198018439521135,26.0,-14.0,-0.17702686847354343,-0.3064758638247955,0.4348958333333333,0.8109820485744457,0.45098039215686275,0.7727272727272727,concordant,concordant,0.016084558823529438,-0.03825477584717296
E02000853,Sutton,8,8,13.751179167281348,13.569511108305983,782.0,745.0,0.7955239064089522,0.757884028484232,-0.0376398779247202,-0.1816680589753652,223.0,149.0,520,385,905,372.0,36.71491712707182,74.0,42.88461538461538,203.0,182.0,491.0,397.0,888.0,385.0,41.60585585585586,21.0,41.34419551934827,173.0,227.0,400.0,43.39337016574586,-54.0,44.935064935064936,159.0,222.0,381.0,39.75,-63.0,40.050377833753146,49.0,230.0,181.0,-53.0,13.0,4.890938728784036,-1.5404198652671113,-9.0,-19.0,-3.643370165745857,-4.8846871013117905,0.48186528497409326,0.8530386740331491,0.5026109660574413,0.8626126126126126,divergent,divergent,0.02074568108334801,0.009573938579463426
E02000854,Sutton,9,9,11.525653934657091,9.897086063902108,854.0,863.0,0.8687690742624619,0.8779247202441506,0.0091556459816887,-1.6285678707549849,60.0,263.0,463,388,851,323.0,18.54289071680376,-203.0,12.958963282937368,58.0,210.0,452.0,337.0,789.0,268.0,15.437262357414449,-152.0,12.831858407079649,54.0,322.0,376.0,20.43243243243243,-268.0,13.917525773195877,60.0,311.0,371.0,23.65019011406844,-251.0,17.804154302670625,-96.0,59.0,155.0,51.0,-55.0,-3.1056283593893124,-0.1271048758577198,17.0,-5.0,3.2177576816360087,3.8866285294747485,0.46208869814020026,0.8213866039952996,0.4194053208137715,0.8098859315589354,concordant,concordant,-0.04268337732642874,-0.011500672436364212
E02000855,Sutton,10,10,6.883236711442147,6.350149707310997,966.0,960.0,0.982706002034588,0.9766022380467956,-0.0061037639877924,-0.5330870041311497,0.0,267.0,416,368,784,267.0,0.0,-267.0,0.0,0.0,235.0,459.0,294.0,753.0,235.0,0.0,-235.0,0.0,0.0,312.0,312.0,0.0,-312.0,0.0,0.0,342.0,342.0,0.0,-342.0,0.0,-237.0,0.0,237.0,32.0,-32.0,0.0,0.0,-30.0,30.0,0.0,0.0,0.46113989637305697,0.7385204081632653,0.4072790294627383,0.7662682602921647,concordant,concordant,-0.05386086691031866,0.02774785212889941
E02000856,Sutton,8,9,13.757103915728964,11.83447897746384,780.0,797.0,0.7934893184130214,0.8107833163784334,0.0172939979654119,-1.9226249382651233,176.0,225.0,607,521,1128,401.0,35.1063829787234,-49.0,28.995057660626028,191.0,249.0,634.0,544.0,1178.0,440.0,40.37266553480475,-58.0,30.126182965299687,171.0,309.0,480.0,46.84308510638298,-138.0,32.82149712092131,195.0,336.0,531.0,55.61969439728353,-141.0,35.845588235294116,-250.0,55.0,305.0,-9.0,39.0,5.26628255608135,1.1311253046736596,-3.0,51.0,8.776609290900552,3.0240911143728084,0.4551645856980704,0.7810283687943262,0.45314109165808447,0.8242784380305602,concordant,concordant,-0.002023494039985918,0.04325006923623398
E02000857,Sutton,9,9,13.095833608349148,10.296949437550737,796.0,849.0,0.8097660223804679,0.8636826042726348,0.0539165818921668,-2.798884170798411,185.0,442.0,825,702,1527,627.0,53.5494433529797,-257.0,22.424242424242426,123.0,330.0,778.0,586.0,1364.0,453.0,29.758064516129032,-207.0,15.809768637532134,149.0,512.0,661.0,49.95939751146038,-363.0,21.225071225071225,169.0,533.0,702.0,66.03885630498533,-364.0,28.83959044368601,-171.0,128.0,299.0,50.0,-174.0,-23.79137883685067,-6.614473786710292,-1.0,41.0,16.07945879352495,7.6145192186147845,0.48680124223602483,0.8434839554682384,0.3922077922077922,0.8467741935483871,concordant,concordant,-0.0945934500282326,0.003290238080148722
E02000858,Sutton,4,2,32.47331085164478,32.31579895908981,297.0,142.0,0.3021363173957274,0.1444557477110885,-0.1576805696846388,-0.1575118925549716,357.0,32.0,446,406,852,389.0,13.408450704225352,325.0,80.04484304932735,310.0,39.0,435.0,394.0,829.0,349.0,14.583835946924005,271.0,71.26436781609196,325.0,46.0,371.0,17.546948356807512,279.0,80.04926108374384,314.0,51.0,365.0,19.317249698431844,263.0,79.69543147208121,338.0,363.0,25.0,-54.0,-40.0,1.1753852426986526,-8.780475233235393,-16.0,-6.0,1.7703013416243323,-0.3538296116626327,0.5118421052631579,0.892018779342723,0.4887955182072829,0.8612786489746683,concordant,concordant,-0.02304658705587498,-0.030740130368054674
E02000859,Sutton,8,9,14.423679285119412,11.746062089971884,766.0,801.0,0.7792472024415056,0.814852492370295,0.0356052899287894,-2.677617195147528,188.0,173.0,540,445,985,361.0,33.01928934010152,15.0,34.81481481481482,159.0,213.0,512.0,414.0,926.0,372.0,36.573434125269976,-54.0,31.0546875,201.0,255.0,456.0,52.035532994923855,-54.0,45.1685393258427,141.0,261.0,402.0,39.74190064794816,-120.0,34.05797101449276,-204.0,45.0,249.0,-69.0,11.0,3.554144785168454,-3.7601273148148167,-66.0,-54.0,-12.293632346975699,-11.110568311349944,0.4418604651162791,0.8294416243654822,0.4806201550387597,0.8358531317494601,divergent,concordant,0.038759689922480633,0.006411507383977888
E02000860,Sutton,7,6,19.749557720452753,19.69012821758135,620.0,549.0,0.6307222787385555,0.5584944048830112,-0.0722278738555443,-0.0594295028714029,457.0,181.0,795,660,1455,638.0,56.85017182130584,276.0,57.484276729559745,435.0,184.0,803.0,625.0,1428.0,619.0,56.05042016806723,251.0,54.17185554171855,434.0,279.0,713.0,83.22061855670103,155.0,65.75757575757576,416.0,290.0,706.0,84.48179271708683,126.0,66.56,317.0,489.0,172.0,-25.0,-19.0,-0.7997516532386157,-3.3124211878411955,-29.0,-7.0,1.2611741603858064,0.8024242424242374,0.4722427831236121,0.9285223367697595,0.4671698113207547,0.9278711484593838,concordant,concordant,-0.005072971802857429,-0.0006511883103756944
E02000861,Sutton,10,10,6.889227884086967,5.020283266259899,965.0,979.0,0.9816887080366226,0.9959308240081384,0.0142421159715158,-1.8689446178270688,0.0,324.0,337,371,708,324.0,0.0,-324.0,0.0,0.0,298.0,389.0,346.0,735.0,298.0,0.0,-298.0,0.0,0.0,272.0,272.0,0.0,-272.0,0.0,0.0,342.0,342.0,0.0,-342.0,0.0,-296.0,0.0,296.0,26.0,-26.0,0.0,0.0,-70.0,70.0,0.0,0.0,0.5436241610738255,0.8418079096045198,0.465625,0.8707482993197279,concordant,concordant,-0.07799916107382548,0.02894038971520807
E02000863,Sutton,9,9,13.252166768964976,10.86407544945476,791.0,833.0,0.8046795523906409,0.8474059003051883,0.0427263479145473,-2.3880913195102167,32.0,203.0,297,286,583,235.0,11.14236706689537,-171.0,10.774410774410772,47.0,126.0,310.0,206.0,516.0,173.0,11.476744186046512,-79.0,15.161290322580644,43.0,201.0,244.0,14.825042881646656,-158.0,15.034965034965031,37.0,193.0,230.0,13.839147286821705,-156.0,17.96116504854369,-68.0,48.0,116.0,92.0,-62.0,0.3343771191511422,4.386879548169873,2.0,-14.0,-0.9858955948249513,2.9262000135786597,0.4906054279749478,0.8216123499142367,0.4292803970223325,0.7810077519379846,concordant,concordant,-0.06132503095261532,-0.040604597976252155
E02000864,Tower Hamlets,1,2,44.800270670121726,33.56669260059689,70.0,107.0,0.0712105798575788,0.108850457782299,0.0376398779247202,-11.23357806952484,586.0,0.0,903,922,1825,586.0,0.0,586.0,64.89479512735326,819.0,0.0,1190.0,1066.0,2256.0,819.0,0.0,819.0,68.82352941176471,626.0,0.0,626.0,0.0,626.0,67.89587852494577,684.0,0.0,684.0,0.0,684.0,64.16510318949344,469.0,689.0,220.0,233.0,233.0,0.0,3.9287342844114477,58.0,58.0,0.0,-3.7307753354523356,0.4834983498349835,0.6641095890410958,0.5449101796407185,0.6662234042553191,concordant,concordant,0.06141182980573501,0.002113815214223269
E02000865,Tower Hamlets,1,2,43.02269782867678,33.660838222222225,88.0,105.0,0.0895218718209562,0.1068158697863682,0.017293997965412,-9.36185960645456,513.0,0.0,807,808,1615,513.0,0.0,513.0,63.56877323420075,556.0,0.0,801.0,900.0,1701.0,556.0,0.0,556.0,69.41323345817729,509.0,0.0,509.0,0.0,509.0,62.995049504950494,598.0,0.0,598.0,0.0,598.0,66.44444444444444,287.0,454.0,167.0,43.0,43.0,0.0,5.84446022397654,89.0,89.0,0.0,3.449394939493949,0.5019569471624267,0.6328173374613003,0.48180242634315423,0.678424456202234,concordant,concordant,-0.020154520819272437,0.045607118740933705
E02000866,Tower Hamlets,3,4,34.60297437280067,25.290982715575183,239.0,348.0,0.2431332655137334,0.3540183112919634,0.1108850457782299,-9.31199165722548,374.0,623.0,1295,1199,2494,997.0,93.42502004811548,-249.0,28.88030888030888,396.0,628.0,1213.0,1253.0,2466.0,1024.0,100.84671532846716,-232.0,32.64633140972795,429.0,702.0,1131.0,120.75300721732155,-273.0,35.77981651376147,469.0,644.0,1113.0,122.48012976480128,-175.0,37.43016759776536,-322.0,310.0,632.0,17.0,27.0,7.4216952803516705,3.766022529419068,98.0,-18.0,1.7271225474797234,1.6503510840038942,0.46851503759398494,0.8532477947072975,0.4791764155357979,0.8665855636658556,concordant,concordant,0.010661377941812933,0.013337768958558094
E02000867,Tower Hamlets,4,4,31.178690425297887,25.024294206931444,332.0,360.0,0.3377416073245168,0.3662258392675483,0.0284842319430315,-6.154396218366443,323.0,1004.0,1483,1485,2968,1327.0,109.26280323450136,-681.0,21.780175320296696,275.0,1069.0,1520.0,1593.0,3113.0,1344.0,94.434628975265,-794.0,18.092105263157897,380.0,1070.0,1450.0,136.9946091644205,-690.0,25.589225589225588,409.0,1153.0,1562.0,151.4863475746868,-744.0,25.674827369742623,-459.0,357.0,816.0,-113.0,17.0,-14.828174259236363,-3.6880700571387983,-54.0,112.0,14.491738410266294,0.0856017805170346,0.47785379906373787,0.9356469002695418,0.46249139710942877,0.9335046578862833,concordant,concordant,-0.015362401954309102,-0.0021422423832584414
E02000868,Tower Hamlets,2,3,36.76189726779252,28.85113913043478,190.0,237.0,0.1932858596134282,0.2410986775178026,0.0478128179043743,-7.910758137357739,417.0,355.0,903,969,1872,772.0,79.07852564102564,62.0,46.17940199335549,379.0,319.0,887.0,1005.0,1892.0,698.0,63.90116279069768,60.0,42.728297632469,409.0,348.0,757.0,76.03205128205128,61.0,42.208462332301345,485.0,326.0,811.0,83.5676532769556,159.0,48.258706467661696,-49.0,347.0,396.0,-2.0,-74.0,-15.177362850327953,-3.4511043608864895,98.0,54.0,7.535601994904312,6.0502441353603515,0.5049051667756703,0.8167735042735043,0.4625579854208085,0.797568710359408,concordant,concordant,-0.04234718135486182,-0.01920479391409624
E02000869,Tower Hamlets,1,2,46.632956704645046,33.03527818329278,46.0,123.0,0.0467955239064089,0.1251271617497456,0.0783316378433367,-13.597678521352265,412.0,0.0,680,650,1330,412.0,0.0,412.0,60.588235294117645,463.0,0.0,669.0,665.0,1334.0,463.0,0.0,463.0,69.20777279521674,386.0,0.0,386.0,0.0,386.0,59.38461538461538,470.0,0.0,470.0,0.0,470.0,70.67669172932331,304.0,395.0,91.0,51.0,51.0,0.0,8.619537501099096,84.0,84.0,0.0,11.29207634470793,0.5162907268170426,0.6,0.4962486602357985,0.699400299850075,concordant,concordant,-0.020042066581244078,0.09940029985007504
E02000870,Tower Hamlets,3,3,35.37666359888837,29.586804174801017,217.0,213.0,0.2207527975584944,0.2166836215666327,-0.0040691759918616,-5.7898594240873535,198.0,464.0,726,845,1571,662.0,58.47994907702101,-266.0,27.27272727272727,219.0,433.0,741.0,769.0,1510.0,652.0,62.79933774834437,-214.0,29.554655870445345,274.0,403.0,677.0,70.28771483131763,-129.0,32.42603550295858,224.0,437.0,661.0,64.82649006622516,-213.0,29.128738621586475,-34.0,326.0,360.0,52.0,-10.0,4.31938867132336,2.2819285977180748,-84.0,-16.0,-5.461224765092467,-3.2972968813721018,0.4943988050784167,0.8523233609166136,0.49657273419649656,0.8695364238410596,concordant,concordant,0.0021739291180798426,0.01721306292444591
E02000871,Tower Hamlets,1,2,46.9031169211966,33.78368505404398,42.0,100.0,0.0427263479145473,0.1017293997965412,0.0590030518819939,-13.11943186715262,551.0,0.0,1027,798,1825,551.0,0.0,551.0,53.65141187925998,739.0,0.0,1125.0,1281.0,2406.0,739.0,0.0,739.0,65.68888888888888,474.0,0.0,474.0,0.0,474.0,59.3984962406015,803.0,0.0,803.0,0.0,803.0,62.68540202966433,432.0,636.0,204.0,188.0,188.0,0.0,12.037477009628901,329.0,329.0,0.0,3.2869057890628284,0.5375609756097561,0.5616438356164384,0.4792477302204929,0.6408977556109726,concordant,concordant,-0.058313245389263246,0.07925391999453424
E02000872,Tower Hamlets,1,2,45.31261923343554,30.514310022219625,64.0,189.0,0.0651068158697863,0.1922685656154628,0.1271617497456765,-14.798309211215916,667.0,0.0,1072,1153,2225,667.0,0.0,667.0,62.220149253731336,778.0,0.0,1102.0,1084.0,2186.0,778.0,0.0,778.0,70.5989110707804,746.0,0.0,746.0,0.0,746.0,64.70078057241977,744.0,0.0,744.0,0.0,744.0,68.63468634686348,519.0,657.0,138.0,111.0,111.0,0.0,8.378761817049067,-2.0,-2.0,0.0,3.9339057744437014,0.4720452937013447,0.635056179775281,0.5111695137976346,0.696248856358646,concordant,concordant,0.03912422009628996,0.061192676583365024
E02000873,Tower Hamlets,3,4,32.77123197966919,26.84948082378901,291.0,305.0,0.2960325534079349,0.3102746693794506,0.0142421159715157,-5.92175115588018,274.0,1040.0,865,1778,2643,1314.0,107.8168747635263,-766.0,31.676300578034684,442.0,928.0,1128.0,1549.0,2677.0,1370.0,153.2222637280538,-486.0,39.184397163120565,488.0,472.0,960.0,87.14945138100643,16.0,27.44656917885264,458.0,565.0,1023.0,96.66417631677253,-107.0,29.567462879276952,-531.0,354.0,885.0,280.0,56.0,45.4053889645275,7.50809658508588,-123.0,63.0,9.514724935766097,2.120893700424311,0.5778364116094987,0.8603859250851306,0.5725031341412453,0.8939110945087785,divergent,concordant,-0.005333277468253406,0.033525169423647916
E02000874,Tower Hamlets,2,2,39.31714895221394,33.369545216792844,147.0,113.0,0.1495422177009155,0.1149542217700915,-0.034587995930824,-5.947603735421097,322.0,358.0,669,889,1558,680.0,73.98973042362003,-36.0,48.13153961136024,412.0,440.0,864.0,1153.0,2017.0,852.0,89.87605354486861,-28.0,47.68518518518518,367.0,237.0,604.0,55.82734274711168,130.0,41.28233970753656,500.0,290.0,790.0,71.88894397620228,210.0,43.36513443191674,361.0,491.0,130.0,8.0,172.0,15.88632312124858,-0.4463544261750556,80.0,186.0,16.061601229090606,2.082794724380186,0.5295950155763239,0.8241335044929397,0.5188794153471377,0.8140803173029252,divergent,divergent,-0.010715600229186273,-0.010053187190014468
E02000875,Tower Hamlets,1,2,47.85937435381356,31.355196276811007,35.0,163.0,0.0356052899287894,0.1658189216683621,0.1302136317395727,-16.50417807700255,626.0,0.0,1060,1033,2093,626.0,0.0,626.0,59.056603773584904,830.0,0.0,1315.0,1304.0,2619.0,830.0,0.0,830.0,63.11787072243346,658.0,0.0,658.0,0.0,658.0,63.69796708615682,885.0,0.0,885.0,0.0,885.0,67.8680981595092,536.0,728.0,192.0,204.0,204.0,0.0,4.061266948848555,227.0,227.0,0.0,4.17013107335238,0.48753894080996885,0.6134734830387004,0.4839650145772595,0.6548300878197786,concordant,concordant,-0.003573926232709357,0.041356604781078166
E02000876,Tower Hamlets,1,2,44.82994538723887,33.78064609375,68.0,101.0,0.069175991861648,0.1027466937945066,0.0335707019328585,-11.049299293488872,552.0,0.0,820,1066,1886,552.0,0.0,552.0,67.31707317073172,693.0,0.0,1074.0,1118.0,2192.0,693.0,0.0,693.0,64.52513966480447,705.0,0.0,705.0,0.0,705.0,66.13508442776735,808.0,0.0,808.0,0.0,808.0,72.27191413237925,451.0,594.0,143.0,141.0,141.0,0.0,-2.791933505927247,103.0,103.0,0.0,6.136829704611898,0.43914081145584727,0.6664899257688229,0.46169220519653564,0.6847627737226277,concordant,concordant,0.022551393740688375,0.018272847953804794
E02000877,Tower Hamlets,1,2,45.86431315821687,31.26856564891917,52.0,168.0,0.0528992878942014,0.1709053916581892,0.1180061037639877,-14.595747509297702,726.0,0.0,1120,1183,2303,726.0,0.0,726.0,64.82142857142857,1041.0,0.0,1586.0,1521.0,3107.0,1041.0,0.0,1041.0,65.63682219419924,757.0,0.0,757.0,0.0,757.0,63.989856297548606,983.0,0.0,983.0,0.0,983.0,64.62853385930309,618.0,863.0,245.0,315.0,315.0,0.0,0.8153936227706708,226.0,226.0,0.0,0.6386775617544842,0.48954821308159135,0.6439426834563613,0.5143280632411067,0.6514322497586096,concordant,concordant,0.024779850159515338,0.007489566302248285
E02000878,Tower Hamlets,1,2,48.59070911821893,30.51716820946839,30.0,188.0,0.0305188199389623,0.1912512716174974,0.1607324516785351,-18.073540908750537,896.0,0.0,1273,2071,3344,896.0,0.0,896.0,70.38491751767478,938.0,0.0,1355.0,1803.0,3158.0,938.0,0.0,938.0,69.2250922509225,1360.0,0.0,1360.0,0.0,1360.0,65.6687590535973,1280.0,0.0,1280.0,0.0,1280.0,70.99278979478647,698.0,874.0,176.0,42.0,42.0,0.0,-1.1598252667522786,-80.0,-80.0,0.0,5.324030741189176,0.3971631205673759,0.6746411483253588,0.42290351668169524,0.7023432552248259,concordant,concordant,0.02574039611431933,0.02770210689946706
E02000879,Tower Hamlets,2,2,39.685263629814,30.615297000895257,143.0,185.0,0.1454730417090539,0.1881993896236012,0.0427263479145473,-9.069966628918742,391.0,390.0,863,980,1843,781.0,82.74009766684753,1.0,45.30706836616454,397.0,365.0,915.0,992.0,1907.0,762.0,75.98584163607761,32.0,43.387978142076506,424.0,364.0,788.0,83.74172544763972,60.0,43.26530612244898,413.0,318.0,731.0,68.86942842160461,95.0,41.63306451612903,362.0,496.0,134.0,31.0,-19.0,-6.754256030769923,-1.9190902240880376,35.0,-57.0,-14.872297026035113,-1.6322416063199512,0.49776927979604846,0.8513293543136191,0.5103817816476892,0.7829050865233351,concordant,concordant,0.012612501851640756,-0.06842426779028399
E02000880,Tower Hamlets,2,2,40.55613376385042,30.80582603851663,126.0,181.0,0.1281790437436419,0.1841302136317395,0.0559511698880976,-9.750307725333789,375.0,376.0,739,961,1700,751.0,82.94117647058823,-1.0,50.74424898511503,336.0,424.0,923.0,1095.0,2018.0,760.0,70.59663032705649,-88.0,36.403033586132175,408.0,249.0,657.0,59.76,159.0,42.45577523413112,452.0,372.0,824.0,83.32210109018831,80.0,41.278538812785385,337.0,493.0,156.0,-87.0,9.0,-12.344546143531744,-14.341215398982854,-79.0,167.0,23.562101090188314,-1.1772364213457323,0.5333806818181818,0.8282352941176471,0.4797979797979798,0.7849355797819624,divergent,divergent,-0.05358270202020199,-0.04329971433568469
E02000881,Tower Hamlets,1,1,49.56116159791576,39.50274349167181,25.0,28.0,0.0254323499491353,0.0284842319430315,0.0030518819938962,-10.058418106243955,404.0,0.0,733,597,1330,404.0,0.0,404.0,55.11596180081856,680.0,0.0,1110.0,997.0,2107.0,680.0,0.0,680.0,61.261261261261254,341.0,0.0,341.0,0.0,341.0,57.11892797319933,668.0,0.0,668.0,0.0,668.0,67.00100300902709,947.0,947.0,0.0,276.0,276.0,0.0,6.145299460442693,327.0,327.0,0.0,9.88207503582776,0.5422818791946309,0.5601503759398496,0.5044510385756676,0.6397721879449454,concordant,concordant,-0.037830840618963246,0.07962181200509577
E02000882,Tower Hamlets,1,1,50.49978066713157,35.63656744462025,20.0,69.0,0.0203458799593082,0.0701932858596134,0.0498474059003051,-14.86321322251132,456.0,0.0,702,774,1476,456.0,0.0,456.0,64.95726495726495,655.0,0.0,1066.0,792.0,1858.0,655.0,0.0,655.0,61.444652908067546,521.0,0.0,521.0,0.0,521.0,67.31266149870801,536.0,0.0,536.0,0.0,536.0,67.67676767676768,922.0,922.0,0.0,199.0,199.0,0.0,-3.5126120491974078,15.0,15.0,0.0,0.3641061780596715,0.46673490276356194,0.6619241192411924,0.5499580184718724,0.6410118406889128,concordant,concordant,0.08322311570831048,-0.020912278552279617
E02000883,Tower Hamlets,1,1,54.33815193710692,40.40641134361234,6.0,20.0,0.0061037639877924,0.0203458799593082,0.0142421159715157,-13.93174059349458,341.0,0.0,622,914,1536,341.0,0.0,341.0,54.82315112540193,476.0,0.0,860.0,804.0,1664.0,476.0,0.0,476.0,55.34883720930232,531.0,0.0,531.0,0.0,531.0,58.096280087527354,447.0,0.0,447.0,0.0,447.0,55.59701492537313,710.0,710.0,0.0,135.0,135.0,0.0,0.5256860839003892,-84.0,-84.0,0.0,-2.4992651621542237,0.39105504587155965,0.5677083333333334,0.5157096424702059,0.5546875,concordant,concordant,0.12465459659864625,-0.01302083333333337
E02000884,Tower Hamlets,1,4,48.18588985310734,24.328616976659372,32.0,380.0,0.0325534079348931,0.3865717192268565,0.3540183112919634,-23.85727287644797,1001.0,0.0,1407,1677,3084,1001.0,0.0,1001.0,71.14427860696517,1345.0,0.0,1846.0,2237.0,4083.0,1345.0,0.0,1345.0,72.86023835319611,1203.0,0.0,1203.0,0.0,1203.0,71.73524150268337,1658.0,0.0,1658.0,0.0,1658.0,74.11712114438981,-296.0,711.0,1007.0,344.0,344.0,0.0,1.7159597462309364,455.0,455.0,0.0,2.3818796417064476,0.4541742286751361,0.7146562905317769,0.4478854478854479,0.7354886113152094,concordant,concordant,-0.006288780789688253,0.020832320783432445
E02000885,Tower Hamlets,1,1,47.25674617984047,36.60490046885465,39.0,53.0,0.039674465920651,0.0539165818921668,0.0142421159715157,-10.651845710985818,371.0,0.0,583,873,1456,371.0,0.0,371.0,63.63636363636363,376.0,0.0,661.0,730.0,1391.0,376.0,0.0,376.0,56.88350983358548,559.0,0.0,559.0,0.0,559.0,64.03207331042383,460.0,0.0,460.0,0.0,460.0,63.013698630136986,586.0,586.0,0.0,5.0,5.0,0.0,-6.752853802778155,-99.0,-99.0,0.0,-1.0183746802868399,0.3989247311827957,0.6387362637362637,0.44976076555023925,0.6010064701653487,concordant,concordant,0.05083603436744355,-0.03772979357091499
E02000886,Tower Hamlets,2,4,36.42978332241332,25.34613524835428,194.0,347.0,0.1973550356052899,0.3530010172939979,0.155645981688708,-11.083648074059042,402.0,338.0,778,882,1660,740.0,81.85301204819277,64.0,51.670951156812336,590.0,336.0,1297.0,1160.0,2457.0,926.0,80.68376068376068,254.0,45.48959136468774,419.0,275.0,694.0,69.41265060240964,144.0,47.50566893424036,634.0,484.0,1118.0,124.89051689051688,150.0,54.65517241379311,-50.0,413.0,463.0,190.0,186.0,-1.1692513644320854,-6.181359792124596,6.0,424.0,55.477866288107236,7.149503479552749,0.5160390516039052,0.863855421686747,0.45303326810176126,0.8319088319088319,concordant,concordant,-0.06300578350214392,-0.03194658977791509
E02000887,Tower Hamlets,1,2,49.87452751732102,32.65090942879499,24.0,132.0,0.0244150559511698,0.1342828077314344,0.1098677517802645,-17.22361808852603,597.0,0.0,982,937,1919,597.0,0.0,597.0,60.79429735234216,672.0,0.0,1116.0,1194.0,2310.0,672.0,0.0,672.0,60.215053763440864,531.0,0.0,531.0,0.0,531.0,56.670224119530424,752.0,0.0,752.0,0.0,752.0,62.981574539363486,397.0,605.0,208.0,75.0,75.0,0.0,-0.5792435889012992,221.0,221.0,0.0,6.311350419833062,0.5292553191489362,0.5878061490359562,0.47191011235955055,0.6164502164502165,concordant,concordant,-0.05734520678938565,0.028644067414260288
E02000888,Tower Hamlets,1,5,45.33566286444562,23.273108407310705,62.0,413.0,0.0630722278738555,0.4201424211597152,0.3570701932858596,-22.06255445713491,616.0,0.0,856,992,1848,616.0,0.0,616.0,71.96261682242991,662.0,0.0,970.0,1188.0,2158.0,662.0,0.0,662.0,68.24742268041237,718.0,0.0,718.0,0.0,718.0,72.37903225806451,832.0,0.0,832.0,0.0,832.0,70.03367003367003,-539.0,206.0,745.0,46.0,46.0,0.0,-3.7151941420175376,114.0,114.0,0.0,-2.345362224394478,0.4617691154422789,0.7218614718614719,0.4431057563587684,0.6923076923076923,concordant,concordant,-0.018663359083510467,-0.02955377955377958
E02000889,Tower Hamlets,3,5,36.12845504232164,21.140198983481575,201.0,487.0,0.2044760935910478,0.4954221770091556,0.2909460834181078,-14.988256058840063,296.0,417.0,743,958,1701,713.0,72.56437389770723,-121.0,39.83849259757739,533.0,437.0,1323.0,1102.0,2425.0,970.0,96.04989690721648,96.0,40.28722600151172,465.0,359.0,824.0,98.13932980599648,106.0,48.53862212943633,570.0,684.0,1254.0,160.77525773195876,-114.0,51.72413793103448,-154.0,399.0,553.0,217.0,257.0,23.48552300950925,0.4487334039343267,-220.0,430.0,62.63592792596228,3.18551580159815,0.4638906961613533,0.9035861258083481,0.43615107913669066,0.9171134020618557,divergent,divergent,-0.027739617024662655,0.01352727625350758
E02000890,Tower Hamlets,8,9,15.075376077653148,9.304658349641226,750.0,882.0,0.762970498474059,0.8972533062054934,0.1342828077314344,-5.770717728011922,75.0,563.0,624,701,1325,638.0,31.867924528301888,-488.0,12.01923076923077,64.0,531.0,720.0,660.0,1380.0,595.0,24.62608695652174,-467.0,8.88888888888889,95.0,517.0,612.0,37.06792452830189,-422.0,13.55206847360913,84.0,614.0,698.0,37.37391304347826,-530.0,12.727272727272728,-567.0,25.0,592.0,21.0,-43.0,-7.241837571780149,-3.1303418803418808,-108.0,86.0,0.3059885151763737,-0.8247957463364024,0.5104,0.9433962264150944,0.46017014694508895,0.9369565217391305,concordant,concordant,-0.05022985305491101,-0.0064397046759638865
E02000891,Tower Hamlets,2,6,42.21155901745781,19.25768640502355,107.0,568.0,0.108850457782299,0.5778229908443541,0.468972533062055,-22.95387261243426,963.0,338.0,1718,1571,3289,1301.0,98.96442687747036,625.0,56.05355064027939,0.0,0.0,0.0,0.0,0.0,0.0,0.0,0.0,0.0,981.0,483.0,1464.0,144.06293706293707,498.0,62.44430299172502,0.0,0.0,0.0,0.0,0.0,0.0,0.0,0.0,0.0,-625.0,-1301.0,-98.96442687747036,-56.05355064027939,-498.0,-1464.0,-144.06293706293707,-62.44430299172502,0.4705244122965642,0.8406810580723624,0.5,0.0,concordant,zero,0.02947558770343578,-0.8406810580723624
E02000893,Tower Hamlets,4,6,29.071222641898867,20.85948215733982,383.0,499.0,0.3896236012207528,0.5076297049847406,0.1180061037639877,-8.211740484559048,204.0,396.0,669,798,1467,600.0,55.06748466257669,-192.0,30.493273542600896,253.0,327.0,710.0,780.0,1490.0,580.0,55.5241610738255,-74.0,35.63380281690141,326.0,418.0,744.0,92.88888888888889,-92.0,40.852130325814535,361.0,399.0,760.0,96.67046979865772,-38.0,46.282051282051285,-232.0,173.0,405.0,118.0,-20.0,0.4566764112488144,5.140529274300512,54.0,16.0,3.7815809097688344,5.429920956236749,0.44642857142857145,0.9161554192229039,0.43283582089552236,0.8993288590604027,concordant,concordant,-0.013592750533049092,-0.01682656016250117
E02000894,Tower Hamlets,6,8,22.006301032696836,13.132534530020337,564.0,755.0,0.5737538148524923,0.768056968463886,0.1943031536113937,-8.8737665026765,235.0,955.0,1194,1422,2616,1190.0,85.78937308868501,-720.0,19.68174204355109,189.0,840.0,1377.0,1254.0,2631.0,1029.0,60.34207525655644,-651.0,13.725490196078432,372.0,883.0,1255.0,125.56422018348624,-511.0,26.160337552742615,309.0,1113.0,1422.0,130.71721778791334,-804.0,24.641148325358852,-915.0,62.0,977.0,69.0,-161.0,-25.44729783212857,-5.956251847472657,-293.0,167.0,5.1529976044270995,-1.5191892273837624,0.4867075664621677,0.9346330275229358,0.41982864137086906,0.9315849486887116,concordant,concordant,-0.06687892509129861,-0.0030480788342241993
E02000895,Waltham Forest,4,5,28.561883225968167,23.47487130159503,393.0,405.0,0.3997965412004069,0.4120040691759918,0.0122075279755849,-5.087011924373137,104.0,121.0,373,251,624,225.0,20.166666666666668,-17.0,27.882037533512065,127.0,137.0,406.0,301.0,707.0,264.0,24.60961810466761,-10.0,31.2807881773399,91.0,207.0,298.0,30.1875,-116.0,36.254980079681275,127.0,243.0,370.0,43.65063649222065,-116.0,42.19269102990033,-30.0,126.0,156.0,7.0,39.0,4.442951438000943,3.398750643827835,0.0,72.0,13.463136492220649,5.937710950219056,0.43021032504780116,0.8381410256410257,0.416403785488959,0.8967468175388967,concordant,concordant,-0.013806539558842146,0.05860579189787107
E02000896,Waltham Forest,7,8,20.899416572498296,14.95624986378991,595.0,706.0,0.6052899287894201,0.7182095625635809,0.1129196337741608,-5.943166708708386,67.0,589.0,543,721,1264,656.0,31.220727848101262,-522.0,12.338858195211786,68.0,258.0,517.0,329.0,846.0,326.0,20.73758865248227,-190.0,13.152804642166345,98.0,451.0,549.0,34.96677215189873,-353.0,13.592233009708735,50.0,427.0,477.0,25.236406619385345,-377.0,15.19756838905775,-213.0,55.0,268.0,332.0,-330.0,-10.483139195618993,0.8139464469545583,-24.0,-72.0,-9.730365532513385,1.6053353793490146,0.5443983402489626,0.9533227848101266,0.40597758405977585,0.9491725768321513,concordant,concordant,-0.13842075618918676,-0.004150207977975273
E02000897,Waltham Forest,3,3,36.26351255540423,28.00218843305513,199.0,263.0,0.2024415055951169,0.2675483214649033,0.0651068158697864,-8.261324122349102,219.0,59.0,448,331,779,278.0,16.586649550706035,160.0,48.88392857142857,209.0,65.0,385.0,306.0,691.0,274.0,19.659913169319825,144.0,54.285714285714285,202.0,152.0,354.0,39.41463414634146,50.0,61.027190332326285,177.0,110.0,287.0,28.17655571635311,67.0,57.84313725490197,212.0,264.0,52.0,-16.0,-4.0,3.0732636186137903,5.401785714285715,17.0,-67.0,-11.238078429988352,-3.1840530774243163,0.439873417721519,0.8112965340179717,0.48841354723707664,0.8118668596237337,concordant,concordant,0.04854012951555764,0.0005703256057619788
E02000898,Waltham Forest,4,4,31.30768491096774,24.39077144286071,331.0,377.0,0.3367243133265514,0.3835198372329603,0.0467955239064089,-6.916913468107026,138.0,137.0,476,318,794,275.0,23.811083123425693,1.0,28.991596638655466,169.0,132.0,465.0,289.0,754.0,301.0,29.58620689655172,37.0,36.344086021505376,144.0,291.0,435.0,52.77581863979849,-147.0,45.28301886792453,129.0,244.0,373.0,41.745358090185675,-115.0,44.636678200692046,124.0,224.0,100.0,36.0,26.0,5.775123773126026,7.35248938284991,32.0,-62.0,-11.030460549612812,-0.6463406672324865,0.3873239436619718,0.8942065491183879,0.4465875370919881,0.8938992042440318,divergent,divergent,0.059263593430016304,-0.0003073448743561302
E02000899,Waltham Forest,5,6,24.08757532449495,20.38614203069658,486.0,524.0,0.4944048830111902,0.5330620549338759,0.0386571719226856,-3.7014332937983703,66.0,319.0,456,446,902,385.0,23.341463414634145,-253.0,14.473684210526317,79.0,236.0,457.0,357.0,814.0,315.0,22.904176904176904,-157.0,17.286652078774615,114.0,377.0,491.0,47.647450110864746,-263.0,25.56053811659193,110.0,365.0,475.0,49.32432432432432,-255.0,30.81232492997199,-167.0,59.0,226.0,96.0,-70.0,-0.4372865104572412,2.8129678682482986,8.0,-16.0,1.6768742134595769,5.251786813380061,0.4394977168949772,0.9711751662971175,0.3987341772151899,0.9705159705159705,concordant,concordant,-0.0407635396797873,-0.0006591957811470373
E02000900,Waltham Forest,3,3,34.505602328140455,27.38653810835629,243.0,289.0,0.2472024415055951,0.293997965412004,0.0467955239064089,-7.119064219784164,200.0,109.0,512,464,976,309.0,22.33606557377049,91.0,39.0625,150.0,119.0,434.0,430.0,864.0,269.0,20.65972222222222,31.0,34.56221198156682,236.0,199.0,435.0,48.118852459016395,37.0,50.86206896551724,212.0,139.0,351.0,34.10648148148148,73.0,49.30232558139535,157.0,259.0,102.0,-60.0,-40.0,-1.6763433515482689,-4.5002880184331815,36.0,-84.0,-14.012370977534914,-1.5597433841218873,0.4153225806451613,0.7622950819672131,0.4338709677419355,0.7175925925925926,concordant,concordant,0.0185483870967742,-0.04470248937462051
E02000901,Waltham Forest,6,8,22.23822877280973,15.1819799393287,554.0,697.0,0.5635808748728383,0.7090539165818922,0.1454730417090539,-7.05624883348103,73.0,273.0,525,389,914,346.0,21.804157549234137,-200.0,13.904761904761903,84.0,324.0,567.0,480.0,1047.0,408.0,25.994269340974213,-240.0,14.814814814814811,99.0,441.0,540.0,47.766958424507656,-342.0,25.449871465295633,130.0,467.0,597.0,57.9847182425979,-337.0,27.083333333333332,-340.0,28.0,368.0,-40.0,62.0,4.190111791740076,0.910052910052908,5.0,57.0,10.217759818090244,1.633461868037699,0.3905191873589165,0.9693654266958425,0.4059701492537313,0.9598853868194842,concordant,concordant,0.015450961894814819,-0.00948003987635826
E02000902,Waltham Forest,3,4,32.778068201919574,24.629003657978966,290.0,366.0,0.2950152594099695,0.3723296032553408,0.0773143438453713,-8.149064543940607,227.0,156.0,628,530,1158,383.0,30.580310880829018,71.0,36.146496815286625,206.0,157.0,564.0,600.0,1164.0,363.0,27.785223367697593,49.0,36.52482269503546,204.0,241.0,445.0,42.4559585492228,-37.0,38.49056603773585,279.0,180.0,459.0,43.144329896907216,99.0,46.5,-20.0,214.0,234.0,-22.0,-20.0,-2.795087513131424,0.3783258797488358,136.0,14.0,0.6883713476844164,8.009433962264147,0.46256038647342995,0.7150259067357513,0.4416058394160584,0.7061855670103093,divergent,concordant,-0.020954547057371542,-0.008840339725441959
E02000903,Waltham Forest,1,1,45.573991771536,35.59168159150043,56.0,71.0,0.056968463886063,0.0722278738555442,0.0152594099694811,-9.982310180035569,600.0,0.0,715,711,1426,600.0,0.0,600.0,83.91608391608392,516.0,0.0,620.0,552.0,1172.0,516.0,0.0,516.0,83.22580645161291,592.0,0.0,592.0,0.0,592.0,83.26300984528832,466.0,0.0,466.0,0.0,466.0,84.42028985507247,542.0,542.0,0.0,-84.0,-84.0,0.0,-0.6902774644710092,-126.0,-126.0,0.0,1.1572800097841451,0.5033557046979866,0.8359046283309958,0.5254582484725051,0.8378839590443686,concordant,concordant,0.02210254377451848,0.001979330713372862
E02000904,Waltham Forest,4,6,30.88875901798736,20.252925153516394,343.0,530.0,0.3489318413021363,0.5391658189216684,0.190233977619532,-10.635833864470964,116.0,585.0,661,793,1454,701.0,46.671251719394775,-469.0,17.549167927382754,105.0,343.0,605.0,597.0,1202.0,448.0,29.962562396006657,-238.0,17.355371900826448,147.0,499.0,646.0,50.44910591471802,-352.0,18.53720050441362,189.0,458.0,647.0,72.01497504159734,-269.0,31.65829145728643,-339.0,66.0,405.0,231.0,-253.0,-16.708689323388118,-0.19379602655630634,83.0,1.0,21.56586912687932,13.121090952872812,0.520415738678545,0.9264099037138928,0.4091324200913242,0.910981697171381,concordant,concordant,-0.11128331858722074,-0.015428206542511758
E02000905,Waltham Forest,3,5,35.11775438523308,21.851602007353673,225.0,462.0,0.2288911495422177,0.4699898270600203,0.2410986775178026,-13.266152377879404,284.0,347.0,1093,880,1973,631.0,49.94830207805373,-63.0,25.983531564501373,225.0,272.0,771.0,775.0,1546.0,497.0,39.58602846054334,-47.0,29.18287937743191,286.0,482.0,768.0,69.86923466801825,-196.0,32.5,306.0,344.0,650.0,68.08796895213455,-38.0,39.483870967741936,-305.0,149.0,454.0,16.0,-134.0,-10.36227361751039,3.1993478129305366,158.0,-118.0,-1.7812657158837055,6.983870967741936,0.451036454610436,0.7090724784591992,0.43330427201394944,0.7419146183699871,concordant,concordant,-0.017732182596486568,0.03284213991078788
E02000906,Waltham Forest,3,4,35.82551629649654,24.495634768907564,204.0,373.0,0.207527975584944,0.3794506612410986,0.1719226856561546,-11.329881527588974,201.0,311.0,854,890,1744,512.0,35.84346330275229,-110.0,23.536299765807964,246.0,312.0,826.0,801.0,1627.0,558.0,47.1739397664413,-66.0,29.782082324455207,346.0,358.0,704.0,71.02522935779817,-12.0,38.87640449438202,234.0,398.0,632.0,57.241548862937925,-164.0,29.213483146067414,-55.0,286.0,341.0,44.0,46.0,11.33047646368901,6.245782558647242,-152.0,-72.0,-13.783680494860242,-9.662921348314608,0.42105263157894735,0.6972477064220184,0.4689075630252101,0.7314074984634297,concordant,concordant,0.04785493144626274,0.034159792041411285
E02000907,Waltham Forest,1,1,50.69634291058212,36.8695726137296,18.0,51.0,0.0183112919633774,0.051881993896236,0.0335707019328585,-13.826770296852516,750.0,0.0,905,892,1797,750.0,0.0,750.0,82.87292817679558,712.0,0.0,894.0,836.0,1730.0,712.0,0.0,712.0,79.64205816554811,734.0,0.0,734.0,0.0,734.0,82.28699551569507,722.0,0.0,722.0,0.0,722.0,86.36363636363636,756.0,756.0,0.0,-38.0,-38.0,0.0,-3.2308700112474753,-12.0,-12.0,0.0,4.076640847941292,0.5053908355795148,0.8258208124652198,0.496513249651325,0.8289017341040462,concordant,concordant,-0.008877585928189824,0.0030809216388264504
E02000908,Waltham Forest,3,5,34.70858717097756,22.126199966049903,238.0,453.0,0.242115971515768,0.4608341810783316,0.2187182095625635,-12.582387204927652,346.0,383.0,1415,995,2410,729.0,54.986721991701245,-37.0,24.452296819787986,484.0,451.0,1481.0,1059.0,2540.0,935.0,85.93858267716536,33.0,32.68062120189062,314.0,684.0,998.0,89.11867219917012,-370.0,31.55778894472362,360.0,676.0,1036.0,95.81102362204724,-316.0,33.994334277620396,-363.0,322.0,685.0,70.0,206.0,30.951860685464112,8.228324382102631,54.0,38.0,6.692351422877124,2.4365453328967774,0.42211928199189347,0.716597510373444,0.4743784880771182,0.775984251968504,concordant,divergent,0.05225920608522472,0.059386741595059966
E02000909,Waltham Forest,4,6,31.657979431712967,20.60535833148436,320.0,513.0,0.3255340793489318,0.5218718209562564,0.1963377416073245,-11.052621100228606,134.0,518.0,856,787,1643,652.0,42.24710894704808,-384.0,15.654205607476634,184.0,501.0,815.0,745.0,1560.0,685.0,59.09230769230769,-317.0,22.57668711656442,205.0,640.0,845.0,79.85392574558735,-435.0,26.04828462515883,190.0,543.0,733.0,66.13461538461539,-353.0,25.503355704697988,-462.0,113.0,575.0,67.0,33.0,16.84519874525961,6.922481509087785,82.0,-112.0,-13.71931036097196,-0.5449289204608405,0.4355377421509686,0.9111381618989653,0.4830747531734838,0.908974358974359,concordant,concordant,0.04753701102251523,-0.002163802924606384
E02000910,Waltham Forest,3,4,35.02535667975322,24.58240698543145,226.0,369.0,0.2299084435401831,0.375381485249237,0.1454730417090539,-10.442949694321772,304.0,610.0,1163,1355,2518,914.0,73.64575059571088,-306.0,26.139294926913152,342.0,441.0,1173.0,1196.0,2369.0,783.0,63.66483748417053,-99.0,29.15601023017903,404.0,514.0,918.0,82.46862589356633,-110.0,29.81549815498155,458.0,578.0,1036.0,111.74504010130858,-120.0,38.29431438127091,-48.0,390.0,438.0,207.0,-131.0,-9.980913111540346,3.0167153032658796,-10.0,118.0,29.27641420774225,8.478816226289357,0.49890829694323147,0.727561556791104,0.43045629466739965,0.7678345293372731,concordant,concordant,-0.06845200227583181,0.04027297254616913
E02000911,Waltham Forest,1,3,43.51954715691685,29.245122545168893,82.0,223.0,0.0834181078331637,0.2268565615462869,0.1434384537131231,-14.274424611747955,890.0,0.0,1057,1219,2276,890.0,0.0,890.0,84.20056764427626,892.0,0.0,1102.0,1229.0,2331.0,892.0,0.0,892.0,80.94373865698729,1033.0,0.0,1033.0,0.0,1033.0,84.74159146841673,1010.0,0.0,1010.0,0.0,1010.0,82.1806346623271,368.0,632.0,264.0,2.0,2.0,0.0,-3.2568289872889693,-23.0,-23.0,0.0,-2.560956806089635,0.4628185127405096,0.8449033391915641,0.46898002103049424,0.8159588159588159,concordant,concordant,0.00616150828998463,-0.02894452323274821
E02000912,Waltham Forest,2,3,37.68100560402684,28.8334393620556,173.0,238.0,0.1759918616480162,0.242115971515768,0.0661241098677517,-8.847566241971244,386.0,237.0,760,949,1709,623.0,53.52954944411937,149.0,50.78947368421053,358.0,179.0,682.0,699.0,1381.0,537.0,46.40260680666184,179.0,52.49266862170088,567.0,235.0,802.0,77.96664716208309,332.0,59.74710221285564,403.0,197.0,600.0,57.488052136133234,206.0,57.65379113018598,188.0,369.0,181.0,30.0,-86.0,-7.126942637457532,1.703194937490352,-126.0,-202.0,-20.478595025949858,-2.0933110826696577,0.43719298245614036,0.8338209479227618,0.47229551451187335,0.8233164373642288,concordant,concordant,0.03510253205573299,-0.010504510558533076
E02000913,Waltham Forest,3,4,33.432526131403634,24.06185982017116,275.0,383.0,0.2797558494404883,0.3896236012207528,0.1098677517802644,-9.370666311232473,170.0,354.0,710,1005,1715,524.0,35.09037900874635,-184.0,23.943661971830984,154.0,234.0,629.0,707.0,1336.0,388.0,26.973053892215567,-80.0,24.483306836248012,388.0,363.0,751.0,82.12478134110788,25.0,38.60696517412936,294.0,283.0,577.0,62.27694610778443,11.0,41.584158415841586,-24.0,255.0,279.0,104.0,-136.0,-8.117325116530786,0.5396448644170277,-14.0,-174.0,-19.847835233323444,2.9771932417122287,0.4109803921568628,0.7434402332361516,0.40207253886010363,0.7223053892215568,divergent,divergent,-0.008907853296759138,-0.021134844014594756
E02000914,Waltham Forest,1,1,46.43499306718475,35.18019383378016,49.0,77.0,0.0498474059003051,0.0783316378433367,0.0284842319430315,-11.254799233404595,801.0,0.0,983,1083,2066,801.0,0.0,801.0,81.4852492370295,798.0,0.0,977.0,1031.0,2008.0,798.0,0.0,798.0,81.67860798362334,917.0,0.0,917.0,0.0,917.0,84.67220683287165,863.0,0.0,863.0,0.0,863.0,83.70514064015518,850.0,850.0,0.0,-3.0,-3.0,0.0,0.19335874659383023,-54.0,-54.0,0.0,-0.967066192716473,0.4662398137369034,0.8315585672797676,0.48043347381095725,0.827191235059761,concordant,concordant,0.014193660074053871,-0.004367332220006626
E02000915,Waltham Forest,3,5,34.81008706351961,21.75980552486188,233.0,463.0,0.237029501525941,0.4710071210579857,0.2339776195320447,-13.050281538657732,295.0,305.0,987,899,1886,600.0,47.7067868504772,-10.0,29.88855116514691,266.0,341.0,754.0,895.0,1649.0,607.0,55.006670709520925,-75.0,35.278514588859416,297.0,407.0,704.0,64.09278897136798,-110.0,33.03670745272525,339.0,325.0,664.0,66.81322013341419,14.0,37.87709497206704,-303.0,212.0,515.0,-65.0,7.0,7.2998838590437245,5.389963423712505,124.0,-40.0,2.7204311620462107,4.840387519341789,0.4601226993865031,0.6914103923647932,0.4775767112509835,0.7707701637355974,concordant,divergent,0.017454011864480423,0.07935977137080419
E02000916,Waltham Forest,2,4,36.848904779124936,27.134618754563473,186.0,297.0,0.1892166836215666,0.3021363173957274,0.1129196337741607,-9.714286024561464,449.0,224.0,950,1011,1961,673.0,51.288118306986235,225.0,47.26315789473684,541.0,234.0,1055.0,959.0,2014.0,775.0,62.85700099304866,307.0,51.279620853080566,609.0,309.0,918.0,95.96175420703725,300.0,60.23738872403561,541.0,272.0,813.0,73.06454816285998,269.0,56.41293013555787,-196.0,280.0,476.0,82.0,102.0,11.568882686062423,4.016462958343723,-31.0,-105.0,-22.897206044177267,-3.8244585884777393,0.4230043997485858,0.8113207547169812,0.4880352644836272,0.788480635551142,concordant,concordant,0.06503086473504144,-0.022840119165839168
E02000917,Waltham Forest,3,6,32.852819833169775,19.808602471368296,289.0,540.0,0.293997965412004,0.5493387589013224,0.2553407934893184,-13.04421736180148,245.0,426.0,1074,1093,2167,671.0,48.16335948315644,-181.0,22.81191806331471,210.0,443.0,968.0,1020.0,1988.0,653.0,46.79577464788732,-233.0,21.694214876033055,337.0,524.0,861.0,81.48961698200277,-187.0,30.83257090576395,320.0,516.0,836.0,83.05835010060362,-196.0,31.37254901960784,-713.0,92.0,805.0,-52.0,-18.0,-1.3675848352691204,-1.1177031872816556,-9.0,-25.0,1.5687331186008464,0.5399781138438868,0.43798955613577023,0.7069681587448085,0.43854936198791133,0.7489939637826962,concordant,concordant,0.0005598058521411042,0.042025805037887776
E02000918,Waltham Forest,2,4,37.67962799693185,26.857884743991644,174.0,304.0,0.1770091556459817,0.3092573753814852,0.1322482197355035,-10.821743252940204,540.0,185.0,921,1117,2038,725.0,49.01864573110893,355.0,58.63192182410424,500.0,159.0,842.0,838.0,1680.0,659.0,47.32142857142857,341.0,59.38242280285036,782.0,172.0,954.0,65.99803729146221,610.0,70.00895255147717,528.0,149.0,677.0,46.82857142857143,379.0,63.0071599045346,-33.0,316.0,349.0,-14.0,-66.0,-1.6972171596803634,0.7505009787461177,-231.0,-277.0,-19.16946586289078,-7.001792646942562,0.4318046456223943,0.823846908734053,0.49326347305389223,0.7952380952380952,concordant,concordant,0.06145882743149794,-0.028608813495957786
E02000919,Waltham Forest,3,5,33.17806229150851,21.244702415150545,281.0,482.0,0.2858596134282807,0.4903357070193286,0.2044760935910478,-11.933359876357963,197.0,471.0,1087,1116,2203,668.0,42.118474807081256,-274.0,18.12327506899724,235.0,437.0,956.0,1086.0,2042.0,672.0,50.29138099902057,-202.0,24.581589958158993,371.0,622.0,993.0,104.7489786654562,-251.0,33.24372759856631,422.0,481.0,903.0,99.40352595494612,-59.0,38.858195211786374,-471.0,205.0,676.0,72.0,4.0,8.172906191939312,6.458314889161752,192.0,-90.0,-5.345452710510088,5.614467613220064,0.4021673690547863,0.7539718565592374,0.4266666666666667,0.7713026444662096,concordant,concordant,0.02449929761188041,0.017330787906972178
E02000920,Waltham Forest,2,3,37.97561678130605,27.823772880015813,168.0,269.0,0.1709053916581892,0.2736520854526958,0.1027466937945066,-10.151843901290231,549.0,208.0,1038,1188,2226,757.0,51.299191374663074,341.0,52.89017341040463,487.0,183.0,904.0,1019.0,1923.0,670.0,46.344773790951635,304.0,53.87168141592921,733.0,255.0,988.0,83.96900269541779,478.0,61.7003367003367,636.0,212.0,848.0,70.11544461778472,424.0,62.414131501472035,238.0,513.0,275.0,-37.0,-87.0,-4.9544175837114395,0.9815080055245815,-54.0,-140.0,-13.853558077633068,0.7137948011353359,0.433810888252149,0.7839173405211141,0.4413702239789196,0.7893915756630265,concordant,concordant,0.007559335726770644,0.005474235141912476
E02000921,Waltham Forest,2,2,42.69199645395873,30.60685002209457,100.0,186.0,0.1017293997965412,0.1892166836215666,0.0874872838250254,-12.085146431864164,519.0,229.0,1005,1211,2216,748.0,53.63312274368231,290.0,51.64179104477612,520.0,190.0,987.0,1036.0,2023.0,710.0,48.838358872960946,330.0,52.68490374873353,722.0,251.0,973.0,81.778880866426,471.0,59.62014863748968,656.0,263.0,919.0,85.28324270884825,393.0,63.32046332046332,547.0,672.0,125.0,40.0,-38.0,-4.794763870721361,1.0431127039574122,-78.0,-54.0,3.504361842422256,3.700314682973641,0.4346310284718187,0.7766245487364621,0.4358502148557397,0.805239742956006,concordant,concordant,0.0012191863839209893,0.028615194219543838
E02000922,Waltham Forest,3,4,34.73163178466216,23.84354484097633,237.0,391.0,0.2410986775178026,0.3977619532044761,0.1566632756866734,-10.888086943685831,604.0,530.0,1462,1234,2696,1134.0,118.73887240356083,74.0,41.313269493844054,227.0,423.0,957.0,969.0,1926.0,650.0,49.85514018691589,-196.0,23.719958202716825,368.0,619.0,987.0,84.49258160237389,-251.0,29.821717990275527,320.0,508.0,828.0,84.40290758047767,-188.0,33.02373581011352,-186.0,280.0,466.0,-270.0,-484.0,-68.88373221664494,-17.59331129112723,63.0,-159.0,-0.0896740218962151,3.2020178198379945,0.5346534653465347,0.7867210682492581,0.4397834912043302,0.7673935617860852,divergent,concordant,-0.0948699741422045,-0.01932750646317294
E02000923,Wandsworth,7,8,17.782273660690393,12.64306568690096,682.0,772.0,0.6937945066124109,0.785350966429298,0.091556459816887,-5.139207973789434,283.0,637.0,989,911,1900,920.0,94.87947368421052,-354.0,28.61476238624874,257.0,618.0,938.0,946.0,1884.0,875.0,84.30254777070064,-361.0,27.398720682302773,216.0,611.0,827.0,69.46105263157895,-395.0,23.71020856201976,254.0,614.0,868.0,82.7791932059448,-360.0,26.849894291754755,-432.0,186.0,618.0,-7.0,-45.0,-10.576925913509882,-1.2160417039459652,35.0,41.0,13.318140574365842,3.139685729734996,0.5266170578133944,0.9194736842105263,0.5020080321285141,0.9251592356687898,concordant,concordant,-0.024609025684880326,0.005685551458263438
E02000924,Wandsworth,3,4,33.24279213884635,26.941605625717568,279.0,302.0,0.2838250254323499,0.3072227873855544,0.0233977619532044,-6.30118651312878,916.0,200.0,1281,1277,2558,1116.0,71.61845191555904,716.0,71.50663544106168,0.0,0.0,0.0,0.0,0.0,0.0,0.0,0.0,0.0,953.0,224.0,1177.0,83.45269741985926,729.0,74.62803445575568,0.0,0.0,0.0,0.0,0.0,0.0,0.0,0.0,0.0,-716.0,-1116.0,-71.61845191555904,-71.50663544106168,-729.0,-1177.0,-83.45269741985926,-74.62803445575568,0.48669864805931096,0.8964034401876466,0.5,0.0,concordant,zero,0.013301351940689043,-0.8964034401876466
E02000925,Wandsworth,2,4,36.600221875637104,26.599962948912495,192.0,310.0,0.1953204476093591,0.3153611393692777,0.1200406917599186,-10.000258926724609,665.0,15.0,732,743,1475,680.0,6.762711864406779,650.0,90.84699453551912,718.0,37.0,821.0,781.0,1602.0,755.0,16.583021223470663,681.0,87.4543239951279,681.0,17.0,698.0,7.848813559322034,664.0,91.65545087483176,681.0,44.0,725.0,18.704119850187265,637.0,87.19590268886044,433.0,597.0,164.0,31.0,75.0,9.820309359063884,-3.3926705403912223,-27.0,27.0,10.855306290865231,-4.459548185971315,0.4934687953555878,0.9342372881355933,0.5101351351351351,0.9238451935081149,concordant,concordant,0.01666633977954729,-0.010392094627478365
E02000926,Wandsworth,6,7,23.846716848298335,15.821903371011304,498.0,671.0,0.5066124109867752,0.6826042726347915,0.1759918616480162,-8.024813477287031,431.0,466.0,1216,1142,2358,897.0,85.17642069550466,-35.0,35.444078947368425,587.0,581.0,1573.0,1375.0,2948.0,1168.0,115.68758480325644,6.0,37.31722822631914,504.0,564.0,1068.0,120.54961832061068,-60.0,44.13309982486865,548.0,718.0,1266.0,133.46811397557667,-170.0,39.85454545454545,-50.0,608.0,658.0,41.0,271.0,30.51116410775178,1.873149278950713,-110.0,198.0,12.918495654965994,-4.278554370323199,0.45648854961832064,0.8333333333333334,0.4798685291700904,0.8256445047489823,concordant,divergent,0.023379979551769736,-0.0076888285843510484
E02000927,Wandsworth,5,5,28.09808683799705,22.187760243632336,409.0,450.0,0.4160732451678535,0.4577822990844354,0.0417090539165819,-5.910326594364715,456.0,328.0,848,1001,1849,784.0,80.8912925905895,128.0,53.77358490566038,477.0,290.0,888.0,905.0,1793.0,767.0,77.15002788622421,187.0,53.71621621621622,532.0,282.0,814.0,81.13791238507301,250.0,53.14685314685315,501.0,268.0,769.0,74.8845510317903,233.0,55.35911602209945,262.0,530.0,268.0,59.0,-17.0,-3.7412647043652925,-0.057368689444160736,-17.0,-45.0,-6.253361353282713,2.212262875246303,0.490613266583229,0.8642509464575446,0.4993489583333333,0.856664807585053,concordant,concordant,0.008735691750104302,-0.007586138872491599
E02000928,Wandsworth,9,9,11.83947643048002,9.812317584080064,838.0,868.0,0.8524923702950152,0.8830111902339777,0.0305188199389624,-2.0271588463999546,53.0,617.0,854,888,1742,670.0,18.772101033295066,-564.0,6.206088992974239,58.0,634.0,957.0,899.0,1856.0,692.0,19.8125,-576.0,6.0606060606060606,115.0,669.0,784.0,44.16475315729047,-554.0,12.950450450450452,113.0,742.0,855.0,45.175646551724135,-629.0,12.569521690767518,-390.0,115.0,505.0,-12.0,22.0,1.0403989667049345,-0.14548293236817855,-75.0,71.0,1.0108933944336655,-0.38092875968293427,0.4607977991746905,0.8346727898966705,0.4473173884938591,0.8335129310344828,concordant,concordant,-0.01348041068083139,-0.0011598588621877237
E02000929,Wandsworth,2,2,39.80228946269067,33.281182833310915,140.0,116.0,0.1424211597151576,0.1180061037639877,-0.0244150559511698,-6.521106629379759,649.0,29.0,706,793,1499,678.0,12.555703802535024,620.0,91.92634560906517,741.0,26.0,857.0,882.0,1739.0,767.0,11.078780908568143,715.0,86.46441073512253,709.0,11.0,720.0,5.202801867911941,698.0,89.40731399747793,796.0,39.0,835.0,17.85163887291547,757.0,90.24943310657596,708.0,742.0,34.0,95.0,89.0,-1.476922893966881,-5.4619348739426385,59.0,115.0,12.648837005003529,0.8421191090980358,0.48497854077253216,0.9326217478318879,0.4787765293383271,0.9212190914318574,concordant,concordant,-0.006202011434205068,-0.011402656400030464
E02000930,Wandsworth,6,8,21.582233989251755,14.546327584582038,575.0,716.0,0.5849440488301119,0.728382502543235,0.1434384537131231,-7.035906404669717,621.0,706.0,1523,1709,3232,1327.0,135.6516089108911,-85.0,40.77478660538411,632.0,769.0,1699.0,1841.0,3540.0,1401.0,137.29039548022598,-137.0,37.19835197174809,691.0,613.0,1304.0,131.05909653465346,78.0,40.433001755412526,691.0,773.0,1464.0,150.88785310734465,-82.0,37.53394894079305,-651.0,440.0,1091.0,-52.0,74.0,1.6387865693348829,-3.576434633636019,-160.0,160.0,19.82875657269119,-2.8990528146194734,0.5043709616115546,0.8140470297029703,0.48900523560209425,0.809322033898305,divergent,concordant,-0.015365726009460345,-0.004724995804665233
E02000931,Wandsworth,9,10,12.612734629218789,7.606388871224165,818.0,932.0,0.832146490335707,0.948118006103764,0.1159715157680569,-5.006345757994622,40.0,1065.0,1073,1231,2304,1105.0,18.489583333333332,-1025.0,3.727865796831314,42.0,1099.0,1240.0,1285.0,2525.0,1141.0,18.28039603960396,-1057.0,3.387096774193549,51.0,923.0,974.0,20.430989583333332,-872.0,4.1429731925264015,42.0,1110.0,1152.0,18.463366336633666,-1068.0,3.268482490272374,-1101.0,0.0,1101.0,-32.0,36.0,-0.2091872937293715,-0.3407690226377649,-196.0,178.0,-1.9676232466996666,-0.8744907022540276,0.5315055315055315,0.90234375,0.49760139555167904,0.9081188118811881,concordant,concordant,-0.03390413595385244,0.005775061881188148
E02000932,Wandsworth,8,9,13.99527605663073,11.198798954416215,777.0,819.0,0.7904374364191251,0.8331637843336724,0.0427263479145473,-2.7964771022145154,426.0,832.0,1664,1598,3262,1258.0,108.65481299816064,-406.0,25.600961538461537,477.0,952.0,2097.0,1749.0,3846.0,1429.0,118.07176287051482,-475.0,22.746781115879827,538.0,945.0,1483.0,155.85836909871244,-407.0,33.66708385481852,505.0,1306.0,1811.0,171.48465938637543,-801.0,28.87364208118925,-880.0,256.0,1136.0,-69.0,171.0,9.41694987235418,-2.8541804225817096,-394.0,328.0,15.626290287662982,-4.793441773629272,0.4589565851878876,0.8402820355610056,0.4410493827160494,0.8424336973478939,concordant,concordant,-0.017907202471838246,0.0021516617868883037
E02000933,Wandsworth,9,9,12.473283454504044,10.54486037126715,824.0,843.0,0.8382502543234995,0.8575788402848423,0.0193285859613427,-1.9284230832368936,83.0,688.0,1017,1076,2093,771.0,27.283325370281897,-605.0,8.16125860373648,91.0,670.0,975.0,961.0,1936.0,761.0,31.492768595041323,-579.0,9.333333333333334,169.0,743.0,912.0,59.993788819875775,-574.0,15.706319702602231,119.0,724.0,843.0,44.50206611570248,-605.0,12.382934443288242,-461.0,142.0,603.0,26.0,-10.0,4.209443224759426,1.1720747295968543,-31.0,-69.0,-15.491722704173291,-3.323385259313989,0.45811051693404636,0.8041089345437171,0.47443890274314215,0.8285123966942148,concordant,concordant,0.01632838580909579,0.024403462150497712
E02000934,Wandsworth,6,9,21.730415478308625,12.087714913625678,574.0,789.0,0.5839267548321465,0.8026449643947101,0.2187182095625636,-9.642700564682944,609.0,489.0,1325,1401,2726,1098.0,109.24468085106383,120.0,45.96226415094339,609.0,572.0,1498.0,1465.0,2963.0,1181.0,117.56598042524467,37.0,40.654205607476634,704.0,482.0,1186.0,124.47835656639764,222.0,50.24982155603141,682.0,586.0,1268.0,134.88086398920012,96.0,46.55290102389078,-810.0,217.0,1027.0,-83.0,83.0,8.321299574180841,-5.308058543466757,-126.0,82.0,10.402507422802486,-3.6969205321406235,0.4807355516637478,0.8378576669112252,0.48223764801959984,0.8265271684103949,concordant,concordant,0.0015020963558520228,-0.011330498500830344
E02000935,Wandsworth,3,3,33.87002287445255,28.712944420813837,262.0,243.0,0.2665310274669379,0.2472024415055951,-0.0193285859613428,-5.157078453638714,537.0,82.0,801,1016,1817,619.0,24.234452394056134,455.0,67.04119850187266,465.0,56.0,679.0,700.0,1379.0,521.0,18.883248730964468,409.0,68.48306332842415,620.0,101.0,721.0,34.46340121078701,519.0,61.023622047244096,483.0,89.0,572.0,31.17258883248731,394.0,69.0,350.0,425.0,75.0,-46.0,-98.0,-5.351203663091667,1.4418648265514946,-125.0,-149.0,-3.2908123782997016,7.976377952755904,0.4619402985074627,0.7374793615850302,0.47666971637694416,0.7926033357505439,concordant,concordant,0.014729417869481454,0.05512397416551362
E02000936,Wandsworth,8,8,16.845029829531814,12.45230757008285,708.0,781.0,0.7202441505595117,0.7945066124109867,0.074262461851475,-4.3927222594489646,316.0,629.0,1209,1190,2399,945.0,82.85285535639849,-313.0,26.1373035566584,374.0,705.0,1390.0,1348.0,2738.0,1079.0,96.30021913805696,-331.0,26.906474820143885,380.0,677.0,1057.0,107.23634847853272,-297.0,31.932773109243698,420.0,765.0,1185.0,117.34842951059169,-345.0,31.15727002967359,-111.0,541.0,652.0,-18.0,134.0,13.447363781658467,0.7691712634854859,-48.0,128.0,10.112081032058967,-0.7755030795701074,0.47202797202797203,0.8345143809920801,0.47659010600706714,0.8268809349890431,concordant,concordant,0.0045621339790951065,-0.007633446003036948
E02000937,Wandsworth,8,10,14.351434181771102,9.17311016743509,768.0,891.0,0.7812817904374364,0.906408952187182,0.1251271617497457,-5.178324014336013,236.0,571.0,963,950,1913,807.0,70.44223732357554,-335.0,24.5067497403946,186.0,526.0,868.0,876.0,1744.0,712.0,56.09862385321101,-340.0,21.428571428571427,235.0,578.0,813.0,71.00365917407214,-343.0,24.73684210526316,214.0,584.0,798.0,71.66055045871559,-370.0,24.429223744292237,-716.0,0.0,716.0,-5.0,-95.0,-14.34361347036453,-3.078178311823173,-27.0,-15.0,0.65689128464345,-0.307618360970924,0.4981481481481482,0.8468374281233665,0.47152317880794703,0.8658256880733946,concordant,concordant,-0.026624969340201143,0.018988259950028064
E02000938,Wandsworth,5,5,26.890927441860462,22.71332051159683,433.0,434.0,0.4404883011190234,0.4415055951169888,0.0010172939979654,-4.177606930263636,580.0,285.0,1089,884,1973,865.0,83.78104409528636,295.0,53.25987144168962,496.0,235.0,899.0,866.0,1765.0,731.0,66.03966005665723,261.0,55.172413793103445,490.0,433.0,923.0,107.53674607197162,57.0,55.42986425339367,530.0,321.0,851.0,96.39093484419264,209.0,61.20092378752887,268.0,531.0,263.0,-34.0,-134.0,-17.741384038629135,1.9125423514138262,152.0,-72.0,-11.145811227778978,5.771059534135205,0.4837807606263982,0.9062341611758743,0.4620733249051833,0.8963172804532578,concordant,concordant,-0.021707435721214863,-0.009916880722616539
E02000939,Wandsworth,9,10,10.65244854492972,7.413664436062781,878.0,941.0,0.8931841302136317,0.9572736520854528,0.0640895218718209,-3.2387841088669376,31.0,787.0,959,906,1865,818.0,13.081501340482571,-756.0,3.232533889468196,26.0,712.0,687.0,812.0,1499.0,738.0,12.349566377585056,-686.0,3.7845705967976713,32.0,821.0,853.0,14.08686327077748,-789.0,3.532008830022075,24.0,578.0,602.0,9.254169446297531,-554.0,2.955665024630542,-711.0,0.0,711.0,70.0,-80.0,-0.7319349628975154,0.5520367073294752,235.0,-251.0,-4.832693824479948,-0.5763438053915331,0.48952722920406944,0.8959785522788204,0.5507462686567164,0.8939292861907938,concordant,concordant,0.06121903945264695,-0.00204926608802658
E02000940,Wandsworth,5,5,25.60623563369496,21.52855133848899,460.0,475.0,0.4679552390640895,0.4832146490335707,0.0152594099694811,-4.077684295205966,643.0,216.0,982,957,1939,859.0,71.62867457452295,427.0,65.4786150712831,710.0,237.0,1186.0,1042.0,2228.0,947.0,75.52513464991023,473.0,59.86509274873525,660.0,238.0,898.0,81.01083032490975,422.0,68.96551724137932,718.0,326.0,1044.0,105.05745062836624,392.0,68.90595009596929,543.0,765.0,222.0,46.0,88.0,3.8964600753872816,-5.613522322547851,-30.0,146.0,24.046620303456493,-0.05956714541002839,0.4889015367103017,0.9061371841155235,0.47564038171772977,0.8936265709156194,concordant,concordant,-0.01326115499257191,-0.012510613199904097
E02000941,Wandsworth,8,8,17.150435476310232,12.460746739876456,700.0,780.0,0.7121057985757884,0.7934893184130214,0.081383519837233,-4.689688736433775,223.0,882.0,1194,1280,2474,1105.0,79.50121261115602,-659.0,18.67671691792295,213.0,742.0,1153.0,1206.0,2359.0,955.0,66.99703264094956,-529.0,18.473547267996533,253.0,810.0,1063.0,82.83346806790622,-557.0,19.765625,274.0,732.0,1006.0,85.02246714709622,-458.0,22.71973466003317,-193.0,438.0,631.0,130.0,-150.0,-12.504179970206465,-0.20316964992641573,99.0,-57.0,2.1889990791899976,2.9541096600331684,0.5096863468634686,0.8763136620856912,0.48699643039265683,0.8312844425604069,concordant,concordant,-0.022689916470811755,-0.04502921952528427
E02000942,Wandsworth,9,10,11.5323768622866,8.842615540396503,853.0,901.0,0.8677517802644964,0.9165818921668362,0.0488301119023397,-2.6897613218900975,95.0,707.0,1016,1048,2064,802.0,32.54118217054263,-612.0,9.350393700787402,77.0,732.0,1055.0,1022.0,2077.0,809.0,27.13721714010592,-655.0,7.298578199052133,137.0,736.0,873.0,48.85271317829457,-599.0,13.072519083969466,101.0,808.0,909.0,39.29128550794415,-707.0,9.882583170254405,-841.0,0.0,841.0,-43.0,7.0,-5.403965030436712,-2.051815501735269,-108.0,36.0,-9.561427670350419,-3.189935913715061,0.47880597014925375,0.811531007751938,0.4708963911525029,0.8271545498314877,concordant,concordant,-0.007909578996750821,0.015623542079549746
E02000943,Wandsworth,8,9,16.44269085455844,12.187672047866336,717.0,787.0,0.7293997965412004,0.8006103763987793,0.0712105798575789,-4.255018806692103,163.0,971.0,1218,1321,2539,1134.0,62.33674675068925,-808.0,13.382594417077176,155.0,1098.0,1410.0,1524.0,2934.0,1253.0,58.00613496932515,-943.0,10.99290780141844,158.0,900.0,1058.0,56.00630169358015,-742.0,11.960635881907644,193.0,1080.0,1273.0,71.04294478527608,-887.0,12.664041994750654,-1049.0,135.0,1184.0,-135.0,119.0,-4.330611781364098,-2.3896866156587357,-145.0,215.0,15.036643091695929,0.7034061128430107,0.5173357664233577,0.8633320204805042,0.49604117181314333,0.8609406952965235,concordant,concordant,-0.021294594610214324,-0.0023913251839806637
E02000944,Wandsworth,4,4,29.611998907854566,25.05396621715557,372.0,357.0,0.3784333672431332,0.3631739572736521,-0.0152594099694811,-4.558032690698997,607.0,105.0,782,746,1528,712.0,41.71138743455497,502.0,77.62148337595907,519.0,107.0,717.0,704.0,1421.0,626.0,39.080225193525685,412.0,72.38493723849372,598.0,126.0,724.0,49.31151832460733,472.0,80.16085790884718,574.0,144.0,718.0,58.16748768472906,430.0,81.5340909090909,423.0,529.0,106.0,-90.0,-86.0,-2.631162241029287,-5.2365461374653535,-42.0,-6.0,8.855969360121733,1.3732330002437294,0.4958217270194986,0.9397905759162304,0.46577380952380953,0.9458128078817734,concordant,concordant,-0.03004791749568908,0.006022231965542968
E02000945,Wandsworth,3,3,34.37066355249344,27.481830031152647,245.0,286.0,0.2492370295015259,0.2909460834181078,0.0417090539165819,-6.888833521340793,666.0,72.0,1090,845,1935,738.0,24.781395348837208,594.0,61.100917431192656,517.0,63.0,748.0,745.0,1493.0,580.0,21.815807099799063,454.0,69.11764705882352,610.0,96.0,706.0,30.26356589147287,514.0,72.18934911242604,574.0,70.0,644.0,26.912257200267916,504.0,77.04697986577182,448.0,518.0,70.0,-140.0,-158.0,-2.965588249038145,8.016729627630866,-10.0,-62.0,-3.3513086912049523,4.857630753345774,0.5110803324099723,0.7462532299741602,0.4738562091503268,0.8198258539852645,concordant,concordant,-0.037224123259645525,0.07357262401110432
E02000946,Wandsworth,6,7,22.251354621944284,18.02979160475483,552.0,594.0,0.5615462868769074,0.6042726347914548,0.0427263479145473,-4.221563017189453,623.0,287.0,1425,828,2253,910.0,79.3612960497115,336.0,43.719298245614034,524.0,303.0,1233.0,954.0,2187.0,827.0,72.59807956104252,221.0,42.49797242497972,459.0,637.0,1096.0,129.77496671105192,-178.0,55.434782608695656,556.0,513.0,1069.0,130.41975308641975,43.0,58.280922431865825,164.0,521.0,357.0,-115.0,-83.0,-6.763216488668974,-1.2213258206343127,221.0,-27.0,0.6447863753678291,2.8461398231701693,0.45363908275174475,0.8903683976919663,0.4361814345991561,0.8669410150891632,divergent,concordant,-0.017457648152588656,-0.023427382602803082
E02000947,Wandsworth,9,10,11.830082874927957,8.234073716082449,839.0,916.0,0.8535096642929807,0.9318413021363174,0.0783316378433367,-3.596009158845506,112.0,650.0,1127,993,2120,762.0,34.339622641509436,-538.0,9.937888198757763,84.0,695.0,1119.0,1033.0,2152.0,779.0,27.12825278810409,-611.0,7.506702412868632,165.0,831.0,996.0,64.67688679245283,-666.0,16.61631419939577,173.0,894.0,1067.0,71.86895910780669,-721.0,16.747337850919653,-775.0,0.0,775.0,-73.0,17.0,-7.211369853405348,-2.431185785889131,-55.0,71.0,7.192072315353855,0.13102365152388273,0.4334470989761092,0.8292452830188679,0.4219934994582882,0.8578066914498141,concordant,concordant,-0.011453599517821045,0.028561408430946233
E02000948,Wandsworth,7,8,19.855125485471294,13.889657839089717,619.0,736.0,0.62970498474059,0.7487283825025433,0.1190233977619532,-5.9654676463815814,442.0,961.0,1548,1632,3180,1403.0,133.57295597484276,-519.0,28.552971576227392,467.0,955.0,1593.0,1583.0,3176.0,1422.0,140.42348866498742,-488.0,29.3157564344005,521.0,963.0,1484.0,157.7745283018868,-442.0,31.924019607843135,485.0,981.0,1466.0,149.80636020151132,-496.0,30.63802905874921,-626.0,411.0,1037.0,31.0,19.0,6.850532690144661,0.7627848581731094,-54.0,-18.0,-7.968168100375465,-1.285990549093924,0.485971596813301,0.9078616352201258,0.49238227146814406,0.9093198992443325,concordant,concordant,0.006410674654843074,0.0014582640242067901
E02000949,Wandsworth,8,9,16.722404058847527,11.208387221487436,711.0,817.0,0.7232960325534079,0.8311291963377416,0.1078331637843337,-5.514016837360092,208.0,970.0,1305,1302,2607,1178.0,77.39163789796702,-762.0,15.938697318007664,181.0,918.0,1331.0,1294.0,2625.0,1099.0,63.29828571428571,-737.0,13.598797896318557,182.0,899.0,1081.0,62.76102800153433,-717.0,13.978494623655912,204.0,951.0,1155.0,73.90628571428572,-747.0,15.765069551777431,-791.0,184.0,975.0,25.0,-79.0,-14.093352183681304,-2.3398994216891076,-30.0,74.0,11.145257712751388,1.786574928121519,0.5214696768481629,0.8665132336018412,0.48757763975155277,0.8586666666666667,concordant,concordant,-0.03389203709661015,-0.007846566935174493
E02000950,Wandsworth,8,8,15.562994195038268,13.02614440245015,740.0,757.0,0.7527975584944049,0.7700915564598169,0.0172939979654119,-2.536849792588118,269.0,393.0,847,794,1641,662.0,64.42230347349178,-124.0,31.75914994096812,242.0,409.0,774.0,795.0,1569.0,651.0,63.08349267049075,-167.0,31.266149870801037,301.0,458.0,759.0,84.00853138330287,-157.0,37.90931989924433,287.0,424.0,711.0,77.55768005098788,-137.0,36.10062893081761,-91.0,299.0,390.0,-43.0,-11.0,-1.3388108030010315,-0.49300007016708136,20.0,-48.0,-6.450851332314983,-1.808690968426724,0.46586910626319494,0.8659354052407069,0.4779735682819383,0.8680688336520076,concordant,concordant,0.012104462018743378,0.0021334284113007085
E02000951,Wandsworth,6,7,22.9549845443609,16.914541554559044,534.0,631.0,0.54323499491353,0.641912512716175,0.098677517802645,-6.040442989801857,425.0,497.0,990,1068,2058,922.0,102.6360544217687,-72.0,42.92929292929293,458.0,457.0,969.0,1025.0,1994.0,915.0,104.9679037111334,1.0,47.26522187822497,479.0,437.0,916.0,101.71185617103984,42.0,44.8501872659176,454.0,400.0,854.0,91.07321965897692,54.0,44.29268292682927,-120.0,397.0,517.0,73.0,-7.0,2.3318492893646976,4.335928948932043,12.0,-62.0,-10.638636512062916,-0.5575043390883252,0.5016322089227421,0.8931000971817298,0.5172413793103449,0.8871614844533601,divergent,concordant,0.015609170387602789,-0.005938612728369708
E02000952,Wandsworth,5,6,24.138798061371265,19.61165995779906,485.0,550.0,0.4933875890132248,0.5595116988809766,0.0661241098677518,-4.527138103572206,576.0,253.0,897,881,1778,829.0,81.96175478065241,323.0,64.21404682274247,512.0,281.0,845.0,896.0,1741.0,793.0,82.63756461803561,231.0,60.591715976331365,518.0,217.0,735.0,63.22047244094488,301.0,58.796821793416576,510.0,239.0,749.0,70.01148765077542,271.0,56.91964285714286,81.0,443.0,362.0,-92.0,-36.0,0.6758098373831984,-3.62233084641111,-30.0,14.0,6.79101520983054,-1.8771789362737152,0.5300511508951407,0.8796400449943758,0.5142671854734111,0.8856978747846066,concordant,concordant,-0.01578396542172955,0.00605782979023084
E02000953,Wandsworth,7,9,18.42384611377753,12.053719261762414,662.0,790.0,0.6734486266531028,0.8036622583926755,0.1302136317395726,-6.370126852015115,495.0,582.0,1144,1055,2199,1077.0,131.00954979536152,-87.0,43.269230769230774,357.0,580.0,1000.0,1088.0,2088.0,937.0,99.16666666666669,-223.0,35.699999999999996,380.0,563.0,943.0,97.28967712596636,-183.0,36.018957345971565,379.0,575.0,954.0,104.37021072796936,-196.0,34.83455882352941,-650.0,151.0,801.0,-136.0,-140.0,-31.842883128694837,-7.569230769230778,-13.0,11.0,7.080533602003001,-1.1843985224421516,0.5331683168316832,0.9185993633469759,0.49550502379693284,0.9056513409961686,concordant,concordant,-0.037663293034750356,-0.012948022350807276
E02000954,Wandsworth,7,7,19.741198908072793,16.686362232588067,621.0,641.0,0.6317395727365208,0.6520854526958291,0.0203458799593082,-3.054836675484726,172.0,473.0,777,785,1562,645.0,52.08450704225352,-301.0,22.136422136422137,173.0,580.0,799.0,915.0,1714.0,753.0,58.5414235705951,-407.0,21.65206508135169,218.0,504.0,722.0,70.34058898847631,-286.0,27.77070063694267,247.0,498.0,745.0,71.76546091015169,-251.0,26.994535519125684,-250.0,264.0,514.0,-106.0,108.0,6.45691652834158,-0.484357055070447,35.0,23.0,1.4248719216753756,-0.776165117816987,0.4718361375274323,0.8751600512163893,0.5026702269692924,0.8739789964994166,concordant,concordant,0.030834089441860113,-0.0011810547169727181
E02000955,Wandsworth,4,4,29.05807649091451,25.777324765276283,384.0,338.0,0.3906408952187182,0.3438453713123092,-0.0467955239064089,-3.2807517256382255,544.0,106.0,783,885,1668,650.0,34.57074340527578,438.0,69.47637292464879,597.0,152.0,825.0,932.0,1757.0,749.0,51.64712578258395,445.0,72.36363636363636,640.0,111.0,751.0,42.589928057553955,529.0,72.31638418079096,674.0,138.0,812.0,52.937962435970405,536.0,72.3175965665236,505.0,646.0,141.0,7.0,99.0,17.07638237730817,2.887263438987574,7.0,61.0,10.34803437841645,0.0012123857326429288,0.46395431834404,0.8399280575539568,0.4798206278026906,0.8884462151394422,concordant,concordant,0.015866309458650585,0.04851815758548539
E02000956,Wandsworth,4,5,31.41774828423102,22.833442487684728,328.0,429.0,0.3336724313326551,0.4364191251271617,0.1027466937945066,-8.584305796546293,956.0,129.0,1242,1116,2358,1085.0,52.30025445292621,827.0,76.97262479871175,806.0,182.0,1088.0,1202.0,2290.0,988.0,64.05764192139738,624.0,74.08088235294117,826.0,149.0,975.0,52.19423240033927,677.0,74.01433691756273,898.0,177.0,1075.0,69.40873362445414,721.0,74.70881863560732,380.0,704.0,324.0,-203.0,-97.0,11.757387468471165,-2.891742445770575,44.0,100.0,17.214501224114876,0.6944817180445853,0.5266990291262136,0.8736217133163698,0.47891420261754725,0.9008733624454148,concordant,concordant,-0.047784826508666334,0.027251649129044986
E02000957,Wandsworth,5,6,27.836248437057325,19.243999097065466,415.0,569.0,0.422177009155646,0.5788402848423194,0.1566632756866734,-8.592249339991863,762.0,484.0,1344,1247,2591,1246.0,142.34195291393286,278.0,56.69642857142857,678.0,552.0,1466.0,1612.0,3078.0,1230.0,121.5906432748538,126.0,46.24829467939973,613.0,415.0,1028.0,98.18409880355075,198.0,49.1579791499599,866.0,592.0,1458.0,166.56010396361273,274.0,53.72208436724566,-143.0,577.0,720.0,-152.0,-16.0,-20.751309639079054,-10.448133892028842,76.0,430.0,68.37600516006198,4.564105217285757,0.5479331574318381,0.8776534156696256,0.4575892857142857,0.8732943469785575,concordant,concordant,-0.09034387171755243,-0.004359068691068169
E02000958,Wandsworth,7,7,20.78405996614678,15.490504752089771,597.0,684.0,0.6073245167853509,0.6958290946083419,0.0885045778229909,-5.29355521405701,121.0,577.0,639,867,1506,698.0,46.35922974767596,-456.0,18.9358372456964,103.0,498.0,612.0,800.0,1412.0,601.0,36.327195467422094,-395.0,16.830065359477125,230.0,427.0,657.0,65.2124833997344,-197.0,26.52825836216839,216.0,418.0,634.0,63.94334277620396,-202.0,27.0,-325.0,153.0,478.0,61.0,-97.0,-10.032034280253868,-2.1057718862192765,-5.0,-23.0,-1.2691406235304328,0.4717416378316095,0.5151291512915129,0.899734395750332,0.48663967611336034,0.8746458923512748,concordant,concordant,-0.02848947517815259,-0.025088503399057216
E02000959,Wandsworth,4,6,30.43012726669432,20.70418861868905,353.0,506.0,0.3591047812817904,0.5147507629704985,0.155645981688708,-9.725938648005272,501.0,147.0,725,788,1513,648.0,48.67614011896894,354.0,69.10344827586206,582.0,174.0,881.0,774.0,1655.0,756.0,61.18912386706948,408.0,66.06129398410897,551.0,139.0,690.0,50.62062128222075,412.0,69.9238578680203,531.0,184.0,715.0,59.03564954682779,347.0,68.6046511627907,0.0,358.0,358.0,54.0,108.0,12.512983748100545,-3.042154291753093,-65.0,25.0,8.415028264607038,-1.319206705229604,0.484304932735426,0.88433575677462,0.5139360978925901,0.888821752265861,concordant,concordant,0.029631165157164074,0.004485995491241068
E02000960,Westminster,9,9,12.870541974622355,9.878800369198313,806.0,864.0,0.8199389623601221,0.8789420142421159,0.0590030518819938,-2.9917416054240427,16.0,624.0,626,752,1378,640.0,7.245283018867925,-608.0,2.5559105431309903,13.0,537.0,610.0,660.0,1270.0,550.0,5.496850393700788,-524.0,2.1311475409836063,30.0,535.0,565.0,11.64731494920174,-505.0,3.98936170212766,30.0,521.0,551.0,12.307086614173228,-491.0,4.545454545454546,-480.0,28.0,508.0,84.0,-90.0,-1.748432625167137,-0.42476300214738405,14.0,-14.0,0.6597716649714886,0.5560928433268857,0.5311203319502075,0.874455732946299,0.49954586739327883,0.8669291338582678,concordant,concordant,-0.03157446455692864,-0.007526599088031216
E02000961,Westminster,6,7,21.15320674327473,16.046753796811622,589.0,659.0,0.5991861648016277,0.6703967446592065,0.0712105798575788,-5.106452946463108,489.0,365.0,988,1062,2050,854.0,87.06585365853658,124.0,49.49392712550607,623.0,397.0,1400.0,1015.0,2415.0,1020.0,102.4144927536232,226.0,44.5,588.0,386.0,974.0,110.7160975609756,202.0,55.36723163841808,503.0,654.0,1157.0,136.21614906832298,-151.0,49.556650246305416,18.0,474.0,456.0,102.0,166.0,15.348639095086611,-4.993927125506069,-353.0,183.0,25.50005150734738,-5.810581392112667,0.4671772428884026,0.8917073170731707,0.46853468075333027,0.9014492753623189,concordant,divergent,0.0013574378649276464,0.009741958289148145
E02000962,Westminster,8,7,17.355233016001854,16.47128509812379,692.0,644.0,0.7039674465920651,0.6551373346897253,-0.0488301119023397,-0.8839479178780643,179.0,625.0,840,976,1816,804.0,61.605176211453745,-446.0,21.30952380952381,180.0,620.0,873.0,950.0,1823.0,800.0,61.2177729018102,-440.0,20.61855670103093,213.0,561.0,774.0,65.8001101321586,-348.0,21.82377049180328,225.0,594.0,819.0,73.31321996708722,-369.0,23.684210526315788,-16.0,362.0,378.0,6.0,-4.0,-0.3874033096435454,-0.690967108492881,-21.0,45.0,7.513109834928628,1.8604400345125072,0.5095057034220533,0.8689427312775331,0.49413218035824585,0.8880965441579813,concordant,concordant,-0.015373523063807404,0.019153812880448262
E02000963,Westminster,1,2,47.67014181318151,33.100005077522894,37.0,122.0,0.0376398779247202,0.1241098677517802,0.08646998982706,-14.570136735658616,593.0,0.0,861,946,1807,593.0,0.0,593.0,68.87340301974449,527.0,0.0,711.0,755.0,1466.0,527.0,0.0,527.0,74.1209563994374,720.0,0.0,720.0,0.0,720.0,76.10993657505286,595.0,0.0,595.0,0.0,595.0,78.80794701986756,386.0,521.0,135.0,-66.0,-66.0,0.0,5.247553379692917,-125.0,-125.0,0.0,2.698010444814699,0.45163747143945165,0.7266187050359713,0.4696969696969697,0.7653478854024557,concordant,concordant,0.01805949825751807,0.03872918036648443
E02000964,Westminster,1,3,44.77394609450952,29.667481932126364,71.0,212.0,0.0722278738555442,0.2156663275686673,0.143438453713123,-15.106464162383157,1063.0,0.0,1388,1394,2782,1063.0,0.0,1063.0,76.5850144092219,934.0,0.0,1094.0,1186.0,2280.0,934.0,0.0,934.0,85.37477148080438,1105.0,0.0,1105.0,0.0,1105.0,79.26829268292683,975.0,0.0,975.0,0.0,975.0,82.20910623946037,384.0,697.0,313.0,-129.0,-129.0,0.0,8.789757071582486,-130.0,-130.0,0.0,2.9408135565335414,0.49031365313653136,0.7792954708842559,0.4892613933996857,0.837280701754386,concordant,concordant,-0.00105225973684564,0.05798523087013008
E02000965,Westminster,7,8,20.03190121618176,15.313459289496912,617.0,691.0,0.6276703967446592,0.7029501525940997,0.0752797558494404,-4.7184419266848465,376.0,738.0,1243,1190,2433,1114.0,114.0517879161529,-362.0,30.24939662107804,291.0,749.0,1047.0,1177.0,2224.0,1040.0,98.00314748201438,-458.0,27.793696275071632,354.0,737.0,1091.0,107.23304562268804,-383.0,29.747899159663863,290.0,639.0,929.0,83.3228417266187,-349.0,24.63891248937978,-627.0,216.0,843.0,-96.0,-74.0,-16.04864043413852,-2.4557003460064095,34.0,-162.0,-23.910203896069333,-5.108986670284082,0.5052154195011338,0.906288532675709,0.5281868969019807,0.885341726618705,concordant,concordant,0.02297147740084693,-0.02094680605700394
E02000966,Westminster,8,9,15.86646513016412,11.8888945846984,734.0,794.0,0.7466937945066124,0.8077314343845371,0.0610376398779246,-3.977570545465719,154.0,864.0,1107,1132,2239,1018.0,59.42652970075927,-710.0,13.911472448057811,144.0,750.0,1011.0,1052.0,2063.0,894.0,52.350945225399904,-606.0,14.243323442136498,158.0,839.0,997.0,59.20589548905762,-681.0,13.957597173144876,162.0,772.0,934.0,60.62239457101309,-610.0,15.399239543726235,-839.0,33.0,872.0,104.0,-124.0,-7.0755844753593635,0.3318509940786871,71.0,-63.0,1.4164990819554717,1.4416423705813592,0.5052109181141439,0.899955337204109,0.4890590809628009,0.8860882210373243,concordant,concordant,-0.016151837151342996,-0.01386711616678471
E02000967,Westminster,9,9,12.805781013856496,9.32516913738765,810.0,881.0,0.8240081383519837,0.896236012207528,0.0722278738555443,-3.4806118764688456,28.0,879.0,876,1033,1909,907.0,12.892613933996858,-851.0,3.1963470319634704,21.0,795.0,705.0,986.0,1691.0,816.0,9.872856298048491,-774.0,2.9787234042553195,24.0,705.0,729.0,8.863279203771608,-681.0,2.3233301064859635,19.0,603.0,622.0,6.775280898876405,-584.0,1.9269776876267748,-738.0,29.0,767.0,77.0,-91.0,-3.019757635948366,-0.2176236277081509,97.0,-107.0,-2.087998304895203,-0.3963524188591887,0.55440097799511,0.856993190151912,0.5674547983310153,0.8503843879361325,concordant,concordant,0.013053820335905297,-0.00660880221577953
E02000968,Westminster,1,1,46.633238366308646,41.57188322442906,45.0,13.0,0.0457782299084435,0.0132248219735503,-0.0325534079348931,-5.061355141879588,816.0,0.0,992,1396,2388,816.0,0.0,816.0,82.25806451612904,856.0,0.0,989.0,1322.0,2311.0,856.0,0.0,856.0,86.5520728008089,1094.0,0.0,1094.0,0.0,1094.0,78.36676217765043,1143.0,0.0,1143.0,0.0,1143.0,86.45990922844176,854.0,854.0,0.0,40.0,40.0,0.0,4.294008284679862,49.0,49.0,0.0,8.09314705079133,0.4272251308900524,0.7998324958123953,0.42821410705352675,0.8649935093033319,concordant,concordant,0.0009889761634743754,0.0651610134909365
E02000969,Westminster,1,1,42.987912226720645,38.760282162588794,89.0,38.0,0.0905391658189216,0.0386571719226856,-0.051881993896236,-4.227630064131851,727.0,0.0,970,1094,2064,727.0,0.0,727.0,74.94845360824742,564.0,0.0,738.0,798.0,1536.0,564.0,0.0,564.0,76.42276422764228,836.0,0.0,836.0,0.0,836.0,76.41681901279708,649.0,0.0,649.0,0.0,649.0,81.32832080200501,624.0,624.0,0.0,-163.0,-163.0,0.0,1.4743106193948563,-187.0,-187.0,0.0,4.911501789207932,0.46513115802943056,0.7572674418604651,0.4649629018961253,0.7897135416666666,concordant,concordant,-0.00016825613330523348,0.0324460998062015
E02000970,Westminster,9,9,12.733477150840477,9.603868243912096,813.0,874.0,0.82706002034588,0.8891149542217701,0.0620549338758901,-3.129608906928379,19.0,950.0,851,1128,1979,969.0,9.120768064679131,-931.0,2.2326674500587544,7.0,786.0,804.0,946.0,1750.0,793.0,3.144,-779.0,0.8706467661691543,33.0,691.0,724.0,11.522486104092977,-658.0,2.925531914893617,17.0,630.0,647.0,6.12,-613.0,1.7970401691331923,-669.0,65.0,734.0,152.0,-176.0,-5.976768064679131,-1.3620206838896003,45.0,-77.0,-5.402486104092977,-1.1284917457604249,0.5723567631423508,0.8554825669530066,0.5506944444444445,0.8228571428571428,concordant,concordant,-0.021662318697906358,-0.032625424095863775
E02000971,Westminster,7,7,17.627172216936252,15.57238404964376,687.0,679.0,0.698880976602238,0.6907426246185148,-0.0081383519837232,-2.0547881672924913,319.0,794.0,1071,1360,2431,1113.0,104.19004524886878,-475.0,29.785247432306257,265.0,619.0,1179.0,1160.0,2339.0,884.0,70.13039760581445,-354.0,22.476675148430875,370.0,560.0,930.0,85.23241464417934,-190.0,27.205882352941178,335.0,697.0,1032.0,99.82684908080375,-362.0,28.879310344827587,-225.0,353.0,578.0,121.0,-229.0,-34.05964764305433,-7.308572283875382,-172.0,102.0,14.594434436624411,1.6734279918864097,0.5447870778267254,0.8403948992184286,0.4613778705636743,0.8191534843950407,concordant,concordant,-0.08340920726305112,-0.021241414823387927
E02000972,Westminster,6,6,22.762904041870673,20.047615885147696,541.0,535.0,0.5503560528992879,0.5442522889114955,-0.0061037639877924,-2.715288156722977,499.0,499.0,1159,1052,2211,998.0,112.61917684305745,0.0,43.05435720448663,400.0,425.0,991.0,1014.0,2005.0,825.0,84.78802992518703,-25.0,40.363269424823415,402.0,505.0,907.0,91.8181818181818,-103.0,38.21292775665399,454.0,495.0,949.0,112.0847880299252,-41.0,44.773175542406314,26.0,403.0,377.0,-25.0,-173.0,-27.831146917870413,-2.6910877796632136,62.0,42.0,20.266606211743408,6.560247785752324,0.5238845144356955,0.8616010854816825,0.4650507328072153,0.884788029925187,zero,concordant,-0.058833781628480186,0.023186944443504554
E02000973,Westminster,5,7,25.753076710980444,17.76054742126883,453.0,605.0,0.4608341810783316,0.6154628687690743,0.1546286876907426,-7.992529289711616,716.0,460.0,1139,1310,2449,1176.0,134.4875459371172,256.0,62.86215978928885,679.0,423.0,1197.0,1107.0,2304.0,1102.0,124.66015625,256.0,56.72514619883041,768.0,378.0,1146.0,118.53981216823192,390.0,58.62595419847329,619.0,454.0,1073.0,121.97309027777776,165.0,55.91689250225835,-271.0,299.0,570.0,0.0,-74.0,-9.827389687117204,-6.137013590458444,-225.0,-73.0,3.4332781095458387,-2.7090616962149383,0.5064599483204134,0.9481420988158432,0.5066666666666667,0.9440104166666666,concordant,concordant,0.00020671834625329844,-0.004131682149176585
E02000974,Westminster,7,6,19.418615181067345,19.778714572508267,630.0,541.0,0.6408952187182095,0.5503560528992879,-0.0905391658189216,0.3600993914409223,260.0,813.0,956,1328,2284,1073.0,92.54816112084065,-553.0,27.19665271966527,280.0,567.0,1249.0,1013.0,2262.0,847.0,70.18567639257294,-287.0,22.41793434747798,293.0,498.0,791.0,63.88528896672504,-205.0,22.063253012048193,256.0,727.0,983.0,82.27763041556145,-471.0,25.271470878578477,219.0,612.0,393.0,266.0,-226.0,-22.362484728267702,-4.778718372187289,-266.0,192.0,18.392341448836405,3.2082178665302834,0.5756437768240343,0.8161120840630472,0.4628415300546448,0.8090185676392573,concordant,concordant,-0.11280224676938955,-0.0070935164237899695
E02000975,Westminster,7,8,19.5138616112824,12.238303472149376,626.0,786.0,0.6368260427263479,0.7995930824008138,0.1627670396744659,-7.275558139133025,271.0,847.0,1105,1342,2447,1118.0,93.80343277482632,-576.0,24.524886877828052,227.0,756.0,1244.0,1210.0,2454.0,983.0,69.93154034229829,-529.0,18.2475884244373,265.0,636.0,901.0,68.87617490805067,-371.0,19.746646795827125,225.0,836.0,1061.0,76.65036674816626,-611.0,18.59504132231405,-791.0,147.0,938.0,47.0,-135.0,-23.87189243252803,-6.2772984533907525,-240.0,160.0,7.774191840115591,-1.1516054735130759,0.5537394749876177,0.825091949325705,0.4809197651663405,0.8329258353708231,concordant,concordant,-0.07281970982127717,0.007833886045118144
E02000976,Westminster,6,7,23.173297298411423,17.89070033065659,530.0,597.0,0.5391658189216684,0.6073245167853509,0.0681586978636825,-5.282596967754834,614.0,738.0,1351,1664,3015,1352.0,150.29253731343283,-124.0,45.44781643227239,517.0,550.0,1255.0,1477.0,2732.0,1067.0,104.08125915080528,-33.0,41.19521912350598,758.0,629.0,1387.0,158.13665008291875,129.0,45.55288461538461,782.0,599.0,1381.0,171.45607613469986,183.0,52.94515910629654,-293.0,403.0,696.0,91.0,-285.0,-46.21127816262755,-4.252597308766411,54.0,-6.0,13.319426051781107,7.39227449091193,0.4936108068638189,0.9084577114427861,0.43586601307189543,0.8960468521229868,divergent,divergent,-0.05774479379192349,-0.012410859319799239
E02000977,Westminster,7,6,20.303301348464625,19.28145999691691,608.0,566.0,0.6185147507629705,0.5757884028484231,-0.0427263479145473,-1.0218413515477105,216.0,668.0,961,1015,1976,884.0,73.02024291497976,-452.0,22.47658688865765,161.0,500.0,789.0,837.0,1626.0,661.0,49.5079950799508,-339.0,20.405576679340935,234.0,613.0,847.0,72.59210526315789,-379.0,23.054187192118228,225.0,521.0,746.0,72.0940959409594,-296.0,26.881720430107524,-18.0,304.0,322.0,113.0,-223.0,-23.51224783502896,-2.0710102093167144,83.0,-101.0,-0.4980093221984845,3.8275332379892966,0.510687463893703,0.8760121457489879,0.46979388770433544,0.8653136531365314,concordant,concordant,-0.040893576189367564,-0.010698492612456478
E02000978,Westminster,9,10,11.474002777238404,8.156269337678522,855.0,918.0,0.8697863682604272,0.9338758901322484,0.064089521871821,-3.3177334395598823,43.0,1622.0,864,1994,2858,1665.0,24.403778866340097,-1579.0,4.976851851851852,49.0,968.0,788.0,1193.0,1981.0,1017.0,23.9434628975265,-919.0,6.218274111675127,33.0,617.0,650.0,7.124212736179146,-584.0,1.6549648946840525,15.0,561.0,576.0,4.247854618879354,-546.0,1.2573344509639564,-1171.0,0.0,1171.0,660.0,-648.0,-0.46031596881359604,1.241422259823275,38.0,-74.0,-2.876358117299792,-0.39763044372009615,0.7192224622030238,0.8100069979006298,0.6384180790960452,0.8041393235739526,concordant,concordant,-0.08080438310697857,-0.00586767432667723
E02000979,Westminster,6,6,23.856118017572083,20.43121106471816,497.0,523.0,0.5055951169888098,0.5320447609359105,0.0264496439471007,-3.424906952853924,355.0,433.0,899,978,1877,788.0,81.89397975492808,-78.0,39.48832035595105,305.0,352.0,833.0,868.0,1701.0,657.0,63.11581422692534,-47.0,36.61464585834334,401.0,397.0,798.0,84.81459776238678,4.0,41.00204498977505,369.0,410.0,779.0,88.94179894179894,-41.0,42.51152073732719,-48.0,323.0,371.0,31.0,-131.0,-18.778165528002745,-2.873674497607716,-45.0,-19.0,4.127201179412154,1.5094757475521376,0.4968474148802018,0.8449653702717101,0.4575208913649025,0.8442092886537331,divergent,concordant,-0.039326523515299305,-0.0007560816179770224
E02000980,Westminster,5,5,23.99302454629203,23.260192644483364,491.0,414.0,0.4994913530010172,0.4211597151576806,-0.0783316378433366,-0.732831901808666,534.0,280.0,939,884,1823,814.0,82.01865057597367,254.0,56.86900958466453,511.0,239.0,841.0,852.0,1693.0,750.0,72.13762551683402,272.0,60.76099881093936,530.0,331.0,861.0,96.23148656061436,199.0,59.95475113122172,516.0,265.0,781.0,80.76786769049025,251.0,60.56338028169014,231.0,484.0,253.0,18.0,-64.0,-9.881025059139645,3.8919892262748306,52.0,-80.0,-15.463618870124108,0.6086291504684169,0.48597014925373133,0.9188151398793198,0.48987589810581317,0.9043118724158299,concordant,concordant,0.003905748852081836,-0.014503267463489955
E02000981,Westminster,7,8,18.899775502168833,14.606049924660976,644.0,714.0,0.6551373346897253,0.7263479145473042,0.0712105798575788,-4.293725577507857,257.0,796.0,1001,1157,2158,1053.0,94.7970342910102,-539.0,25.674325674325676,216.0,666.0,1040.0,1047.0,2087.0,882.0,68.92956396741735,-450.0,20.76923076923077,257.0,651.0,908.0,77.52873030583874,-394.0,22.212618841832324,252.0,724.0,976.0,87.42117872544323,-472.0,24.068767908309457,-607.0,145.0,752.0,89.0,-171.0,-25.867470323592855,-4.905094905094906,-78.0,68.0,9.892448419604492,1.8561490664771334,0.5369709331973483,0.9087117701575533,0.4747039827771798,0.8902731193100144,concordant,concordant,-0.062266950420168554,-0.01843865084753893
E02000982,Westminster,6,4,22.44394328977574,25.229968473576776,549.0,351.0,0.5584944048830112,0.3570701932858596,-0.2014242115971515,2.786025183801037,370.0,327.0,858,868,1726,697.0,70.09849362688297,43.0,43.12354312354312,262.0,250.0,642.0,623.0,1265.0,512.0,51.77865612648221,12.0,40.809968847352025,304.0,342.0,646.0,60.23638470451912,-38.0,35.02304147465438,253.0,252.0,505.0,50.4,1.0,40.6099518459069,337.0,457.0,120.0,-31.0,-185.0,-18.31983750040076,-2.3135742761910976,39.0,-141.0,-9.83638470451912,5.586910371252522,0.5189873417721519,0.7780996523754345,0.5034414945919371,0.8039525691699605,divergent,concordant,-0.015545847180214789,0.02585291679452595
E02000983,Westminster,6,5,22.444794861038652,21.728471580530783,548.0,466.0,0.5574771108850458,0.474059003051882,-0.0834181078331638,-0.7163232805078685,349.0,408.0,929,905,1834,757.0,77.6401308615049,-59.0,37.56727664155005,221.0,421.0,692.0,870.0,1562.0,642.0,59.565300896286814,-200.0,31.9364161849711,317.0,389.0,706.0,67.2371864776445,-72.0,35.027624309392266,282.0,355.0,637.0,64.0909090909091,-73.0,32.41379310344827,9.0,343.0,334.0,-141.0,-115.0,-18.074829965218086,-5.630860456578951,-1.0,-69.0,-3.146277386735406,-2.6138312059439954,0.51742993848257,0.7977099236641222,0.5019546520719312,0.8188220230473752,concordant,concordant,-0.015475286410638778,0.02111209938325298
E02006782,Bromley,7,6,19.056491320309146,19.54619867633957,640.0,554.0,0.6510681586978637,0.5635808748728383,-0.0874872838250254,0.4897073560304257,160.0,206.0,444,465,909,366.0,36.25962596259626,-46.0,36.03603603603604,149.0,200.0,426.0,407.0,833.0,349.0,35.77430972388956,-51.0,34.97652582159624,242.0,256.0,498.0,68.15401540154015,-14.0,52.04301075268817,187.0,259.0,446.0,58.142857142857146,-72.0,45.94594594594595,24.0,188.0,164.0,-5.0,-17.0,-0.4853162387067016,-1.059510214439797,-58.0,-52.0,-10.011158258683004,-6.0970648067422175,0.4236111111111111,0.9504950495049505,0.4389937106918239,0.9543817527010804,concordant,concordant,0.015382599580712808,0.003886703196129937
E02006783,Lewisham,2,1,38.12211024762551,35.4899540245027,165.0,72.0,0.167853509664293,0.0732451678535096,-0.0946083418107833,-2.6321562231228057,359.0,19.0,446,542,988,378.0,6.903846153846154,340.0,80.49327354260089,375.0,38.0,429.0,454.0,883.0,413.0,16.138165345413363,337.0,87.41258741258741,447.0,15.0,462.0,6.786437246963563,432.0,82.47232472324724,361.0,9.0,370.0,3.679501698754247,352.0,79.51541850220264,401.0,401.0,0.0,-3.0,35.0,9.23431919156721,6.919313869986524,-80.0,-92.0,-3.1069355482093157,-2.956906221044605,0.45,0.8502024291497976,0.5274584929757343,0.8867497168742922,concordant,concordant,0.07745849297573432,0.03654728772449456
E02006784,Lewisham,2,2,39.0436011747947,33.778356620834884,151.0,102.0,0.1536113936927772,0.103763987792472,-0.0498474059003051,-5.265244553959818,401.0,16.0,521,491,1012,417.0,6.339920948616601,385.0,76.96737044145874,327.0,19.0,395.0,397.0,792.0,346.0,7.84469696969697,308.0,82.78481012658227,407.0,33.0,440.0,13.271739130434783,374.0,82.89205702647658,344.0,29.0,373.0,12.595959595959595,315.0,86.64987405541562,194.0,250.0,56.0,-77.0,-71.0,1.5047760210803691,5.8174396851235315,-59.0,-67.0,-0.675779534475188,3.7578170289390442,0.4865810968494749,0.8468379446640316,0.4812239221140473,0.9078282828282829,concordant,concordant,-0.005357174735427628,0.06099033816425126
E02006785,Bexley,8,7,15.067257841276597,17.555093295335233,752.0,610.0,0.7650050864699899,0.6205493387589013,-0.1444557477110886,2.4878354540586365,92.0,119.0,302,300,602,211.0,18.186046511627907,-27.0,30.4635761589404,104.0,117.0,270.0,301.0,571.0,221.0,21.30998248686515,-13.0,38.51851851851852,135.0,188.0,323.0,42.159468438538205,-53.0,45.0,141.0,139.0,280.0,34.32399299474606,2.0,46.84385382059801,26.0,130.0,104.0,14.0,10.0,3.1239359752372415,8.05494235957812,55.0,-43.0,-7.8354754437921486,1.8438538205980066,0.3951310861423221,0.8870431893687708,0.4411177644710579,0.8774080560420315,concordant,divergent,0.045986678328735764,-0.009635133326739265
E02006786,Greenwich,3,4,34.37993648102231,24.861289997311104,244.0,362.0,0.2482197355035605,0.3682604272634791,0.1200406917599186,-9.518646483711208,176.0,190.0,516,588,1104,366.0,30.28985507246377,-14.0,34.10852713178294,229.0,106.0,432.0,409.0,841.0,335.0,28.863258026159333,123.0,53.00925925925925,282.0,224.0,506.0,57.21739130434783,58.0,47.95918367346938,223.0,124.0,347.0,32.87990487514863,99.0,54.52322738386308,48.0,190.0,142.0,137.0,-31.0,-1.4265970463044368,18.90073212747631,41.0,-159.0,-24.337486429199195,6.5640437103936975,0.4197247706422018,0.7898550724637681,0.4912023460410557,0.8109393579072532,divergent,concordant,0.07147757539885391,0.021084285443485173
E02006787,Bromley,10,9,7.644158161480512,10.263266052731172,945.0,852.0,0.9613428280773144,0.866734486266531,-0.0946083418107832,2.6191078912506596,0.0,331.0,507,448,955,331.0,0.0,-331.0,0.0,0.0,310.0,472.0,418.0,890.0,310.0,0.0,-310.0,0.0,0.0,425.0,425.0,0.0,-425.0,0.0,0.0,403.0,403.0,0.0,-403.0,0.0,-142.0,78.0,220.0,21.0,-21.0,0.0,0.0,22.0,-22.0,0.0,0.0,0.43783068783068785,0.7916230366492146,0.43478260869565216,0.801123595505618,concordant,concordant,-0.003048079135035686,0.00950055885640333
E02006788,Croydon,5,2,25.310371444118157,30.45134844776504,466.0,192.0,0.474059003051882,0.1953204476093591,-0.2787385554425229,5.140977003646881,161.0,223.0,476,527,1003,384.0,35.79561316051844,-62.0,33.82352941176471,170.0,184.0,463.0,485.0,948.0,354.0,32.9957805907173,-14.0,36.7170626349892,241.0,242.0,483.0,58.14755732801595,-1.0,45.73055028462998,252.0,215.0,467.0,57.151898734177216,37.0,51.958762886597945,309.0,334.0,25.0,48.0,-30.0,-2.79983256980114,2.8935332232244875,38.0,-16.0,-0.9956585938387335,6.228212601967968,0.4429065743944637,0.864406779661017,0.43118148599269185,0.8660337552742616,concordant,divergent,-0.011725088401771833,0.0016269756132446522
E02006789,Bromley,8,8,14.432453952868851,13.734641885625969,765.0,740.0,0.7782299084435402,0.7527975584944049,-0.0254323499491353,-0.697812067242884,219.0,76.0,373,254,627,295.0,26.545454545454547,143.0,58.71313672922251,187.0,57.0,305.0,175.0,480.0,244.0,22.20625,130.0,61.31147540983607,155.0,130.0,285.0,32.1371610845295,25.0,61.023622047244096,102.0,94.0,196.0,19.975,8.0,58.285714285714285,113.0,176.0,63.0,-13.0,-51.0,-4.339204545454546,2.5983386806135584,-17.0,-89.0,-12.162161084529501,-2.7379077615298115,0.5086206896551724,0.9250398724082934,0.5545454545454546,0.9166666666666666,concordant,concordant,0.04592476489028219,-0.00837320574162681
E02006791,Ealing,7,7,17.735338637071653,15.630997633836143,683.0,676.0,0.6948118006103764,0.6876907426246185,-0.0071210579857579,-2.1043410032355077,421.0,424.0,930,918,1848,845.0,96.5930735930736,-3.0,45.26881720430108,292.0,326.0,809.0,694.0,1503.0,618.0,63.334664005322686,-34.0,36.093943139678615,428.0,414.0,842.0,95.88311688311688,14.0,46.62309368191721,306.0,444.0,750.0,90.39520958083833,-138.0,44.09221902017291,-43.0,287.0,330.0,-31.0,-227.0,-33.25840958775091,-9.174874064622465,-152.0,-92.0,-5.487907302278558,-2.530874661744299,0.5008891523414345,0.9128787878787878,0.4517543859649123,0.9101796407185628,divergent,concordant,-0.0491347663765222,-0.0026991471602250128
E02006792,Hounslow,8,8,16.499050087033485,13.173791790532816,715.0,753.0,0.7273652085452695,0.7660223804679552,0.0386571719226856,-3.325258296500669,205.0,644.0,1067,1023,2090,849.0,63.16746411483253,-439.0,19.21274601686973,247.0,570.0,1021.0,958.0,1979.0,817.0,71.14199090449722,-323.0,24.191968658178254,215.0,661.0,876.0,67.99760765550239,-446.0,21.01661779081134,241.0,621.0,862.0,75.62455785750379,-380.0,25.156576200417536,-369.0,249.0,618.0,116.0,-32.0,7.9745267896646865,4.9792226413085245,66.0,-14.0,7.626950202001396,4.139958409606198,0.49217391304347824,0.8253588516746412,0.4865991661703395,0.8484082870136432,concordant,concordant,-0.005574746873138747,0.023049435339002056
E02006793,Enfield,1,1,48.146533172725945,39.73378967304625,33.0,25.0,0.0335707019328586,0.0254323499491353,-0.0081383519837232,-8.412743499679692,572.0,0.0,836,760,1596,572.0,0.0,572.0,68.42105263157895,374.0,0.0,579.0,670.0,1249.0,374.0,0.0,374.0,64.59412780656304,581.0,0.0,581.0,0.0,581.0,76.44736842105263,531.0,0.0,531.0,0.0,531.0,79.25373134328359,311.0,311.0,0.0,-198.0,-198.0,0.0,-3.826924825015908,-50.0,-50.0,0.0,2.80636292223096,0.49609713790112747,0.7224310776942355,0.41325966850828727,0.7245796637309848,concordant,concordant,-0.0828374693928402,0.002148586036749278
E02006794,Haringey,1,1,55.820902862171174,43.505945545171336,2.0,7.0,0.0020345879959308,0.0071210579857578,0.005086469989827,-12.314957316999838,475.0,0.0,814,723,1537,475.0,0.0,475.0,58.353808353808354,290.0,0.0,518.0,671.0,1189.0,290.0,0.0,290.0,55.98455598455598,421.0,0.0,421.0,0.0,421.0,58.229598893499315,469.0,0.0,469.0,0.0,469.0,69.89567809239941,300.0,300.0,0.0,-185.0,-185.0,0.0,-2.369252369252372,48.0,48.0,0.0,11.666079198900093,0.5301339285714286,0.58295380611581,0.3820816864295125,0.6383515559293524,concordant,concordant,-0.1480522421419161,0.055397749813542396
E02006795,Harrow,9,9,12.05132583707604,11.156114538527714,833.0,822.0,0.8474059003051883,0.8362156663275687,-0.0111902339776195,-0.8952112985483272,67.0,417.0,500,561,1061,484.0,26.332704995287465,-350.0,13.4,87.0,369.0,517.0,552.0,1069.0,456.0,30.03086997193639,-282.0,16.827852998065765,82.0,380.0,462.0,29.368520263901974,-298.0,14.616755793226382,95.0,379.0,474.0,33.681010289990645,-284.0,17.21014492753623,-362.0,48.0,410.0,68.0,-28.0,3.6981649766489255,3.427852998065765,14.0,12.0,4.312490026088671,2.5933891343098487,0.5116279069767442,0.8916116870876531,0.49032258064516127,0.8699719363891487,concordant,concordant,-0.02130532633158294,-0.021639750698504434
E02006796,Hillingdon,8,8,17.178109948186528,12.927289714350232,696.0,760.0,0.7080366225839267,0.7731434384537131,0.0651068158697864,-4.250820233836295,180.0,221.0,561,481,1042,401.0,38.17658349328215,-41.0,32.0855614973262,151.0,231.0,609.0,471.0,1080.0,382.0,32.297222222222224,-80.0,24.794745484400657,175.0,311.0,486.0,52.23128598848368,-136.0,36.38253638253639,161.0,380.0,541.0,56.648148148148145,-219.0,34.182590233545646,-89.0,144.0,233.0,-39.0,-19.0,-5.879361271059928,-7.290816012925546,-83.0,55.0,4.416862159664468,-2.1999461489907404,0.45208568207440814,0.8512476007677543,0.41386782231852653,0.8546296296296296,concordant,concordant,-0.0382178597558816,0.0033820288618753303
E02006798,Lewisham,3,1,35.135149628777924,35.76367588481542,223.0,66.0,0.2268565615462869,0.0671414038657172,-0.1597151576805697,0.628526256037496,510.0,277.0,903,983,1886,787.0,74.90455991516437,233.0,56.47840531561462,449.0,314.0,781.0,1137.0,1918.0,763.0,73.50677789363921,135.0,57.49039692701664,571.0,286.0,857.0,86.58854718981972,285.0,58.08748728382503,713.0,231.0,944.0,85.87226277372262,482.0,62.70888302550571,667.0,667.0,0.0,-98.0,-24.0,-1.3977820215251597,1.011991611402017,197.0,87.0,-0.7162844160970963,4.621395741680686,0.4787104622871046,0.8716861081654295,0.44698301113063854,0.8899895724713243,concordant,concordant,-0.03172745115646608,0.0183034643058948
E02006799,Barking and Dagenham,3,1,35.16053963461081,34.92821182174156,222.0,79.0,0.2258392675483214,0.0803662258392675,-0.1454730417090539,-0.2323278128692436,356.0,151.0,731,671,1402,507.0,38.342368045649074,205.0,48.700410396716826,295.0,129.0,574.0,446.0,1020.0,424.0,37.30882352941177,166.0,51.393728222996515,433.0,279.0,712.0,86.16761768901569,154.0,64.53055141579732,254.0,184.0,438.0,45.819607843137256,70.0,56.95067264573991,417.0,417.0,0.0,-39.0,-83.0,-1.0335445162373063,2.6933178262796886,-84.0,-274.0,-40.34800984587843,-7.579878770057412,0.4159146841673503,0.869472182596291,0.4918793503480278,0.8450980392156863,concordant,concordant,0.07596466618067754,-0.02437414338060473
E02006800,Redbridge,6,5,23.655930750635015,21.115020217620216,507.0,488.0,0.5157680569684638,0.496439471007121,-0.0193285859613427,-2.5409105330147987,240.0,563.0,1015,1117,2132,803.0,63.37711069418386,-323.0,23.645320197044335,239.0,625.0,944.0,1092.0,2036.0,864.0,73.36689587426326,-386.0,25.31779661016949,426.0,647.0,1073.0,129.27861163227016,-221.0,38.137869292748434,334.0,585.0,919.0,95.96758349705304,-251.0,30.586080586080588,-186.0,349.0,535.0,-63.0,61.0,9.989785180079402,1.6724764131251568,-30.0,-154.0,-33.311028135217114,-7.551788706667846,0.42803837953091683,0.8799249530956847,0.4845765563656758,0.8757367387033399,concordant,concordant,0.05653817683475898,-0.004188214392344847
E02006801,Lambeth,5,6,25.69412884615385,20.595528575748418,456.0,515.0,0.4638860630722278,0.5239064089521872,0.0600203458799593,-5.098600270405434,404.0,693.0,1029,1359,2388,1097.0,117.24120603015076,-289.0,39.261418853255584,466.0,625.0,1130.0,1426.0,2556.0,1091.0,113.94757433489828,-159.0,41.23893805309734,519.0,481.0,1000.0,104.53894472361809,38.0,38.18984547461369,629.0,519.0,1148.0,127.71948356807512,110.0,44.109396914446,-427.0,304.0,731.0,130.0,-6.0,-3.2936316952524862,1.9775191998417583,72.0,148.0,23.180538844457033,5.919551439832311,0.5231282784930854,0.878140703517588,0.4872711031710585,0.8759780907668232,divergent,divergent,-0.035857175322026924,-0.002162612750764792
E02006802,Southwark,3,2,33.47277584647303,32.09325977133741,274.0,147.0,0.2787385554425229,0.1495422177009155,-0.1291963377416073,-1.3795160751356192,562.0,365.0,906,1160,2066,927.0,99.28848015488867,197.0,62.03090507726269,698.0,312.0,1083.0,1244.0,2327.0,1010.0,93.58659217877096,386.0,64.4506001846722,652.0,235.0,887.0,74.16263310745401,417.0,56.20689655172414,807.0,259.0,1066.0,89.82079931241942,548.0,64.87138263665595,742.0,853.0,111.0,189.0,83.0,-5.7018879761177175,2.4196951074095097,131.0,179.0,15.658166204965411,8.66448608493181,0.5110253583241455,0.8780251694094869,0.4865125240847784,0.8921357971637301,concordant,concordant,-0.02451283423936712,0.01411062775424321
E02006836,Sutton,10,10,7.437845826997672,4.518212211025489,948.0,981.0,0.9643947100712106,0.9979654120040692,0.0335707019328586,-2.9196336159721836,0.0,310.0,485,402,887,310.0,0.0,-310.0,0.0,0.0,257.0,504.0,356.0,860.0,257.0,0.0,-257.0,0.0,0.0,375.0,375.0,0.0,-375.0,0.0,0.0,421.0,421.0,0.0,-421.0,0.0,-258.0,0.0,258.0,53.0,-53.0,0.0,0.0,-46.0,46.0,0.0,0.0,0.45255474452554745,0.7722660653889515,0.37905604719764013,0.7883720930232558,concordant,concordant,-0.07349869732790731,0.016106027634304354
E02006853,Tower Hamlets,2,6,38.60943,20.949234397829265,154.0,495.0,0.1566632756866734,0.503560528992879,0.3468972533062054,-17.660195602170738,649.0,122.0,1096,681,1777,771.0,44.55711873944851,527.0,59.21532846715328,833.0,291.0,1363.0,1182.0,2545.0,1124.0,95.2467583497053,542.0,61.11518708730741,402.0,253.0,655.0,57.23466516601013,149.0,59.03083700440529,792.0,329.0,1121.0,102.38428290766208,463.0,67.00507614213198,-246.0,348.0,594.0,15.0,353.0,50.68963961025679,1.8998586201541343,314.0,466.0,45.14961774165195,7.974239137726691,0.5406732117812062,0.8024760832864378,0.5006681514476615,0.8821218074656189,concordant,concordant,-0.04000506033354467,0.07964572417918103
E02006854,Tower Hamlets,9,8,10.53685,13.934680048173425,882.0,734.0,0.8972533062054934,0.7466937945066124,-0.1505595116988809,3.3978300481734234,15.0,628.0,1039,738,1777,643.0,5.30106921778278,-613.0,1.4436958614051971,18.0,730.0,1360.0,869.0,2229.0,748.0,5.895020188425303,-712.0,1.3235294117647058,41.0,970.0,1011.0,22.380416432189083,-929.0,5.555555555555555,68.0,1314.0,1382.0,40.08613728129206,-1246.0,7.825086306098965,-532.0,76.0,608.0,-99.0,105.0,0.5939509706425223,-0.12016644964049128,-317.0,371.0,17.705720849102978,2.2695307505434092,0.3887545344619105,0.9307822172200337,0.3511737089201878,0.955585464333782,concordant,concordant,-0.03758082554172271,0.02480324711374826
E02006882,Harrow,9,8,13.264953788344856,12.478481377961009,790.0,778.0,0.8036622583926755,0.7914547304170906,-0.0122075279755848,-0.7864724103838476,28.0,824.0,824,1016,1840,852.0,12.539130434782608,-796.0,3.3980582524271843,42.0,638.0,601.0,820.0,1421.0,680.0,18.857142857142858,-596.0,6.988352745424292,50.0,728.0,778.0,19.782608695652176,-678.0,4.921259842519685,70.0,499.0,569.0,24.58128078817734,-429.0,8.536585365853659,-376.0,122.0,498.0,200.0,-172.0,6.318012422360249,3.5902944929971077,249.0,-209.0,4.798672092525166,3.615325523333974,0.5226993865030675,0.8858695652173914,0.544435548438751,0.8789584799437016,concordant,concordant,0.021736161935683507,-0.0069110852736897765
E02006918,Hackney,2,1,42.37577331858407,34.59156349467676,104.0,86.0,0.1057985757884028,0.0874872838250254,-0.0183112919633774,-7.784209823907311,288.0,241.0,914,639,1553,529.0,44.69285254346426,47.0,31.50984682713348,211.0,210.0,661.0,654.0,1315.0,421.0,33.6958174904943,1.0,31.921331316187597,245.0,403.0,648.0,63.57694784288474,-158.0,38.341158059467915,311.0,268.0,579.0,63.382509505703425,43.0,47.55351681957187,428.0,428.0,0.0,-46.0,-108.0,-10.997035052969963,0.41148448905411783,201.0,-69.0,-0.19443833718131742,9.212358760103953,0.4494477485131691,0.7578879587894398,0.421,0.7604562737642585,divergent,concordant,-0.028447748513169113,0.002568314974818686
E02006921,Hackney,1,1,46.40006139721074,35.71100546707868,50.0,67.0,0.0508646998982706,0.0681586978636826,0.017293997965412,-10.689055930132064,374.0,0.0,595,600,1195,374.0,0.0,374.0,62.857142857142854,324.0,0.0,473.0,537.0,1010.0,324.0,0.0,324.0,68.49894291754757,402.0,0.0,402.0,0.0,402.0,67.0,403.0,0.0,403.0,0.0,403.0,75.04655493482309,372.0,372.0,0.0,-50.0,-50.0,0.0,5.641800060404712,1.0,1.0,0.0,8.046554934823092,0.48195876288659795,0.6493723849372385,0.44566712517193946,0.7198019801980198,concordant,concordant,-0.03629163771465849,0.0704295952607813
E02006924,Redbridge,7,7,17.639410719092332,16.086962554080262,686.0,657.0,0.6978636826042727,0.6683621566632757,-0.0295015259409969,-1.5524481650120698,124.0,513.0,801,832,1633,637.0,38.954072259644825,-389.0,15.480649188514356,83.0,605.0,745.0,990.0,1735.0,688.0,28.94236311239193,-522.0,11.140939597315436,177.0,586.0,763.0,63.51622780159216,-409.0,21.27403846153846,263.0,575.0,838.0,87.16138328530259,-312.0,26.565656565656564,-503.0,88.0,591.0,-133.0,51.0,-10.011709147252894,-4.33970959119892,97.0,75.0,23.645155483710433,5.291618104118104,0.455,0.8573178199632578,0.4508519003931848,0.8795389048991354,concordant,concordant,-0.004148099606815225,0.0222210849358776
E02006925,Redbridge,8,9,14.066332474888604,10.627992830777966,775.0,841.0,0.7884028484231943,0.8555442522889115,0.0671414038657172,-3.4383396441106377,70.0,496.0,756,625,1381,566.0,25.141202027516293,-426.0,9.25925925925926,49.0,499.0,711.0,723.0,1434.0,548.0,17.050906555090656,-450.0,6.891701828410689,86.0,653.0,739.0,40.66473569876901,-567.0,13.76,170.0,609.0,779.0,72.19665271966527,-439.0,23.513139695712308,-539.0,11.0,550.0,-24.0,-18.0,-8.090295472425638,-2.3675574308485707,128.0,40.0,31.53191702089626,9.753139695712308,0.4337164750957854,0.944967414916727,0.4129615674453655,0.9253835425383543,concordant,concordant,-0.02075490765041993,-0.01958387237837267
E02006927,Greenwich,6,5,23.39757567159052,22.64631417989418,519.0,438.0,0.5279755849440488,0.4455747711088504,-0.0824008138351983,-0.75126149169634,119.0,846.0,549,1249,1798,965.0,55.99221357063403,-727.0,21.67577413479053,186.0,410.0,915.0,726.0,1641.0,596.0,46.47166361974406,-224.0,20.327868852459016,248.0,364.0,612.0,50.206896551724135,-116.0,19.855884707766215,226.0,585.0,811.0,80.56672760511883,-359.0,31.129476584022036,116.0,410.0,294.0,503.0,-369.0,-9.520549950889972,-1.3479052823315136,-243.0,199.0,30.359831053394693,11.273591876255821,0.6119213696892835,0.8770856507230256,0.4235963041933191,0.8574040219378428,concordant,concordant,-0.18832506549596434,-0.01968162878518276
E02006928,Greenwich,1,6,43.937,20.76187300019751,78.0,503.0,0.0793489318413021,0.5116988809766022,0.4323499491353,-23.175126999802487,921.0,0.0,1098,1106,2204,921.0,0.0,921.0,83.87978142076503,1197.0,0.0,1357.0,1409.0,2766.0,1197.0,0.0,1197.0,88.20928518791452,1035.0,0.0,1035.0,0.0,1035.0,93.58047016274864,1255.0,0.0,1255.0,0.0,1255.0,89.07026259758695,-300.0,347.0,647.0,276.0,276.0,0.0,4.32950376714949,220.0,220.0,0.0,-4.510207565161693,0.4708588957055215,0.8874773139745916,0.48817292006525287,0.8864786695589298,concordant,concordant,0.017314024359731395,-0.0009986444156617758
E02006929,Greenwich,3,4,35.453564395625115,27.1150059073724,213.0,298.0,0.2166836215666327,0.3031536113936928,0.08646998982706,-8.338558488252716,672.0,238.0,1187,835,2022,910.0,79.0979228486647,434.0,56.61331086773378,0.0,0.0,0.0,0.0,0.0,0.0,0.0,0.0,0.0,550.0,389.0,939.0,105.811078140455,161.0,65.86826347305389,0.0,0.0,0.0,0.0,0.0,0.0,0.0,0.0,0.0,-434.0,-910.0,-79.0979228486647,-56.61331086773378,-161.0,-939.0,-105.811078140455,-65.86826347305389,0.4921579232017307,0.9144411473788329,0.5,0.0,concordant,zero,0.007842076798269315,-0.9144411473788329
E02006930,Greenwich,6,6,23.43407011973807,20.582795807350404,517.0,516.0,0.525940996948118,0.5249237029501526,-0.0010172939979654,-2.8512743123876696,150.0,618.0,771,886,1657,768.0,55.944477972238985,-468.0,19.45525291828794,189.0,533.0,1181.0,858.0,2039.0,722.0,49.40510053948014,-344.0,16.003386960203215,148.0,498.0,646.0,44.48038624019312,-350.0,16.70428893905192,198.0,842.0,1040.0,81.76360961255517,-644.0,23.076923076923077,-167.0,277.0,444.0,124.0,-46.0,-6.539377432758847,-3.451865958084724,-294.0,394.0,37.28322337236205,6.372634137871156,0.5431400282885431,0.8533494266747134,0.4097616345062429,0.8641490926924963,concordant,concordant,-0.1333783937823002,0.010799666017782927
E02006931,Greenwich,5,6,26.460324700854702,19.13596799574694,440.0,570.0,0.4476093591047813,0.5798575788402849,0.1322482197355036,-7.32435670510776,387.0,545.0,1080,1022,2102,932.0,100.34015223596576,-158.0,35.833333333333336,276.0,462.0,905.0,874.0,1779.0,738.0,71.67622259696459,-186.0,30.497237569060776,396.0,632.0,1028.0,119.06374881065652,-236.0,38.74755381604697,348.0,568.0,916.0,111.10961214165262,-220.0,39.816933638443935,-214.0,211.0,425.0,-28.0,-194.0,-28.663929639001168,-5.33609576427256,16.0,-112.0,-7.954136669003901,1.069379822396968,0.47551020408163264,0.9324452901998097,0.44619105199516323,0.9297358066329399,concordant,concordant,-0.029319152086469402,-0.0027094835668698414
