msoa11cd,ladnm,Wealth_Decile,Wealth_Decile_2019,IMD_2010,IMD_2019,IMD_Rank_2010,IMD_Rank_2019,IMD_Pctile_2010,IMD_Pctile_2019,IMD_Pctile_Change,IMD_Score_Change,Inflow_Wealthier_11,Outflow_Poorer_11,Total_Inflow_11,Total_Outflow_11,Total_Migration_11,CFI_Churn_11,CFI_Rate_11,Net_Cascade_11,Pct_Inflow_Wealthier_11,Inflow_Wealthier_21,Outflow_Poorer_21,Total_Inflow_21,Total_Outflow_21,Total_Migration_21,CFI_Churn_21,CFI_Rate_21,Net_Cascade_21,Pct_Inflow_Wealthier_21,Outflow_Wealthier_11,Inflow_Poorer_11,Counter_Churn_11,Counter_Rate_11,Net_Counter_11,Pct_Outflow_Wealthier_11,Outflow_Wealthier_21,Inflow_Poorer_21,Counter_Churn_21,Counter_Rate_21,Net_Counter_21,Pct_Outflow_Wealthier_21,Net_Cascade_21_alt,Inflow_Wealthier_21_alt,Outflow_Poorer_21_alt,Delta_Net_Cascade,Delta_CFI_Churn,Delta_CFI_Rate,Delta_Pct_Inflow_Wealthier,Delta_Net_Counter,Delta_Counter_Churn,Delta_Counter_Rate,Delta_Pct_Outflow_Wealthier,Cascade_Dominance_11,Cross_Decile_Share_11,Cascade_Dominance_21,Cross_Decile_Share_21,Sign_Concordance_11,Sign_Concordance_21,Delta_Cascade_Dominance,Delta_Cross_Decile_Share,Wealth_Decile_National,Inflow_Wealthier_nat_11,Outflow_Poorer_nat_11,Outflow_Wealthier_nat_11,Inflow_Poorer_nat_11,Total_Inflow_nat_11,Total_Outflow_nat_11,Ext_Inflow_nat_11,Ext_Outflow_nat_11,Total_Migration_nat_11,CFI_Churn_nat_11,CFI_Rate_nat_11,Net_Cascade_nat_11,Pct_Inflow_Wealthier_nat_11,Counter_Churn_nat_11,Counter_Rate_nat_11,Net_Counter_nat_11,Cascade_Dominance_nat_11,Ext_Net_nat_11,Inflow_Wealthier_nat_21,Outflow_Poorer_nat_21,Outflow_Wealthier_nat_21,Inflow_Poorer_nat_21,Total_Inflow_nat_21,Total_Outflow_nat_21,Ext_Inflow_nat_21,Ext_Outflow_nat_21,Total_Migration_nat_21,CFI_Churn_nat_21,CFI_Rate_nat_21,Net_Cascade_nat_21,Pct_Inflow_Wealthier_nat_21,Counter_Churn_nat_21,Counter_Rate_nat_21,Net_Counter_nat_21,Cascade_Dominance_nat_21,Ext_Net_nat_21
E02000001,City of London,9,8,10.7001903992737,14.720484223119485,876.0,712.0,0.8920570264765784,0.725050916496945,-0.1670061099796334,4.020293823845785,30.0,783.0,692,857,1549,813.0,15.164622336991608,-753.0,4.335260115606936,28.0,901.0,1206,979,2185,929.0,11.545995423340962,-873.0,2.321724709784411,24.0,615.0,639.0,9.528728211749517,-591.0,2.8004667444574096,8.0,1096.0,1104.0,4.012814645308924,-1088.0,0.8171603677221655,-637.0,141.0,778.0,-120.0,116.0,-3.6186269136506457,-2.0135354058225254,-497.0,465.0,-5.5159135664405925,-1.983306376735244,0.5599173553719008,0.9373789541639768,0.4569601574028529,0.9304347826086956,concordant,concordant,-0.1029571979690478,-0.0069441715552811,8,27,1120,20,1129,1185,1175,493,318,2360,1147,12.813559322033898,-1093,2.278481012658228,1149,9.567796610169491,-1109,0.49956445993031356,175,27,1340,5,1510,1576,1387,370,408,2963,1367,12.210597367532905,-1313,1.7131979695431472,1515,2.5480931488356395,-1505,0.47432338653712697,-38
E02000002,Barking and Dagenham,1,1,43.42144398081181,34.76755983195555,83.0,83.0,0.0845213849287169,0.0845213849287169,0.0,-8.653884148856257,497.0,0.0,581,395,976,497.0,0.0,497.0,85.54216867469879,351.0,0.0,413,360,773,351.0,0.0,351.0,84.98789346246973,344.0,0.0,344.0,0.0,344.0,87.0886075949367,309.0,0.0,309.0,0.0,309.0,85.83333333333333,319.0,319.0,0.0,-146.0,-146.0,0.0,-0.554275212229058,-35.0,-35.0,0.0,-1.2552742616033754,0.5909631391200951,0.8616803278688525,0.5318181818181819,0.8538163001293662,concordant,concordant,-0.0591449573019132,-0.0078640277394863,1,539,0,477,0,630,528,49,133,1158,539,0.0,539,85.55555555555556,477,0.0,477,0.530511811023622,-84,404,0,535,0,473,589,60,229,1062,404,0.0,404,85.41226215644821,535,0.0,535,0.43024494142705005,-169
E02000003,Barking and Dagenham,5,4,25.643614588352413,25.149725932835818,458.0,354.0,0.4663951120162933,0.3604887983706721,-0.1059063136456212,-0.4938886555165958,229.0,380.0,738,669,1407,609.0,61.84790334044065,-151.0,31.029810298102984,249.0,362.0,759,728,1487,611.0,60.61735036987223,-113.0,32.80632411067194,244.0,470.0,714.0,81.50675195451315,-226.0,36.47234678624813,332.0,478.0,810.0,106.72225958305312,-146.0,45.604395604395606,-8.0,302.0,310.0,38.0,2.0,-1.230552970568425,1.776513812568954,80.0,96.0,25.215507628539967,9.132048818147474,0.4603174603174603,0.9402985074626866,0.4299788881069669,0.9556153328850032,concordant,concordant,-0.0303385722104933,0.0153168254223167,4,296,405,391,481,858,882,120,213,1740,701,68.89655172413794,-109,34.4988344988345,872,108.0867816091954,-90,0.445645263827082,-93,264,376,676,490,856,1143,97,415,1999,640,49.656828414207105,-112,30.8411214953271,1166,165.70285142571285,186,0.35437430786268,-318
E02000004,Barking and Dagenham,6,5,22.60185641216435,23.560044369645045,546.0,400.0,0.5560081466395111,0.4073319755600815,-0.1486761710794296,0.9581879574806962,120.0,133.0,447,256,703,253.0,22.7027027027027,-13.0,26.845637583892614,112.0,129.0,446,308,754,241.0,19.161803713527853,-17.0,25.112107623318387,111.0,295.0,406.0,46.578947368421055,-184.0,43.359375,165.0,301.0,466.0,65.86870026525199,-136.0,53.57142857142857,18.0,143.0,125.0,-4.0,-12.0,-3.540898989174849,-1.7335299605742271,48.0,60.0,19.289752896830933,10.21205357142857,0.3839150227617602,0.937411095305832,0.3408769448373409,0.9376657824933688,concordant,concordant,-0.0430380779244193,0.0002546871875366,4,188,121,255,261,515,396,68,140,911,309,24.970362239297476,67,36.50485436893204,516,73.05708013172338,-6,0.37454545454545457,-72,191,122,400,265,512,542,66,234,1054,313,22.108159392789375,69,37.3046875,665,100.56925996204933,135,0.32004089979550104,-168
E02000005,Barking and Dagenham,4,3,32.39406328077552,30.212965379205887,300.0,198.0,0.3054989816700611,0.2016293279022403,-0.1038696537678207,-2.181097901569633,212.0,274.0,661,523,1184,486.0,49.060810810810814,-62.0,32.07261724659607,273.0,207.0,700,539,1239,480.0,45.610169491525426,66.0,39.0,178.0,395.0,573.0,59.383445945945944,-217.0,34.03441682600382,283.0,339.0,622.0,77.43099273607749,-56.0,52.50463821892394,106.0,310.0,204.0,128.0,-6.0,-3.4506413192853884,6.927382753403933,161.0,49.0,18.04754679013154,18.470221392920116,0.4589235127478753,0.8944256756756757,0.4355716878402904,0.8894269572235673,concordant,divergent,-0.0233518249075849,-0.0049987184521083,3,263,274,397,389,724,753,63,230,1477,537,48.78943805010156,-11,36.32596685082873,786,104.55856465809073,8,0.40589569160997735,-167,324,204,631,327,792,924,92,385,1716,528,38.51748251748252,120,40.909090909090914,958,120.24300699300699,304,0.3553162853297443,-293
E02000007,Barking and Dagenham,2,1,40.31009679672392,36.007463265728475,129.0,63.0,0.1313645621181262,0.0641547861507128,-0.0672097759674134,-4.302633530995443,514.0,115.0,890,551,1441,629.0,41.02012491325468,399.0,57.752808988764045,380.0,82.0,628,630,1258,462.0,24.76947535771065,298.0,60.509554140127385,352.0,162.0,514.0,39.57251908396947,190.0,63.883847549909255,436.0,138.0,574.0,47.828298887122415,298.0,69.2063492063492,404.0,404.0,0.0,-101.0,-167.0,-16.250649555544033,2.75674515136334,108.0,60.0,8.255779803152947,5.322501656439947,0.5503062117235346,0.7931991672449688,0.4459459459459459,0.8235294117647058,concordant,concordant,-0.1043602657775886,0.030330244519737,2,483,122,501,170,1019,785,129,234,1804,605,32.66407982261641,361,47.399411187438666,671,47.211751662971174,331,0.47413793103448276,-105,373,85,669,143,722,950,94,320,1672,458,18.96232057416268,288,51.66204986149584,812,57.2171052631579,526,0.3606299212598425,-226
E02000008,Barking and Dagenham,3,1,35.556605736018675,34.4495850024426,210.0,92.0,0.2138492871690427,0.0936863543788187,-0.120162932790224,-1.1070207335760711,343.0,309.0,867,764,1631,652.0,64.98283261802575,34.0,39.561707035755475,290.0,172.0,753,604,1357,462.0,36.757553426676495,118.0,38.51261620185923,343.0,390.0,733.0,82.01716738197425,-47.0,44.89528795811518,354.0,356.0,710.0,92.8695652173913,-2.0,58.609271523178805,522.0,522.0,0.0,84.0,-190.0,-28.22527919134926,-1.049090833896244,45.0,-23.0,10.852397835417053,13.71398356506362,0.4707581227436823,0.8491722869405273,0.39419795221843,0.8636698599852616,divergent,divergent,-0.0765601705252522,0.0144975730447343,2,449,130,665,164,967,1082,100,318,2049,579,28.487066861883847,319,46.43226473629783,829,53.225963884821866,501,0.4112215909090909,-218,383,71,814,158,843,1063,90,459,1906,454,14.267051416579223,312,45.43297746144721,972,67.47743966421825,656,0.31837307152875177,-369
E02000009,Barking and Dagenham,4,1,30.95492824538416,36.33654626808835,341.0,57.0,0.3472505091649694,0.0580448065173116,-0.2892057026476579,5.381618022704188,284.0,385.0,795,669,1464,669.0,74.68579234972678,-101.0,35.72327044025157,214.0,303.0,729,663,1392,517.0,46.581896551724135,-89.0,29.35528120713306,221.0,422.0,643.0,63.70355191256831,-201.0,33.03437967115097,268.0,424.0,692.0,81.63218390804597,-156.0,40.42232277526395,532.0,532.0,0.0,12.0,-152.0,-28.103895798002647,-6.367989233118507,45.0,49.0,17.928631995477666,7.387943104112978,0.5099085365853658,0.8961748633879781,0.4276261373035566,0.8685344827586207,concordant,concordant,-0.0822823992818092,-0.0276403806293574,3,394,385,391,416,917,851,122,182,1768,779,85.7975113122172,9,42.966194111232284,807,92.0,-25,0.4911727616645649,-60,346,300,670,416,869,1078,140,415,1947,646,53.312788906009246,46,39.81588032220944,1086,143.15356959424756,254,0.3729792147806005,-275
E02000010,Barking and Dagenham,3,1,35.01250658502612,34.49335914640853,228.0,89.0,0.2321792260692464,0.0906313645621181,-0.1415478615071283,-0.5191474386175869,213.0,236.0,632,567,1199,449.0,41.924937447873226,-23.0,33.70253164556962,223.0,166.0,522,487,1009,389.0,36.68780971258672,57.0,42.72030651340996,258.0,312.0,570.0,67.13594662218516,-54.0,45.5026455026455,235.0,245.0,480.0,57.06144697720515,-10.0,48.25462012320328,341.0,341.0,0.0,80.0,-60.0,-5.237127735286506,9.017774867840338,44.0,-90.0,-10.074499644980008,2.7519746205577817,0.4406280667320902,0.8498748957464554,0.4476409666283084,0.8612487611496531,concordant,divergent,0.0070128998962181,0.0113738654031977,2,298,98,455,150,712,764,80,197,1476,396,19.78590785907859,200,41.853932584269664,605,46.239837398373986,305,0.3956043956043956,-117,330,78,593,115,620,835,98,348,1455,408,17.690721649484537,252,53.2258064516129,708,46.86941580756014,478,0.3655913978494624,-250
E02000011,Barking and Dagenham,5,4,25.69644999353483,25.713968791598877,454.0,339.0,0.4623217922606925,0.345213849287169,-0.1171079429735234,0.0175187980640423,63.0,234.0,514,426,940,297.0,15.682978723404256,-171.0,12.2568093385214,79.0,248.0,413,429,842,327.0,23.268408551068884,-169.0,19.128329297820823,166.0,436.0,602.0,76.99574468085106,-270.0,38.967136150234744,118.0,314.0,432.0,44.00475059382423,-196.0,27.505827505827508,-124.0,112.0,236.0,2.0,30.0,7.585429827664628,6.871519959299423,74.0,-170.0,-32.990994087026834,-11.461308644407236,0.3303670745272525,0.9563829787234044,0.4308300395256917,0.9014251781472684,concordant,concordant,0.1004629649984392,-0.0549578005761358,4,99,246,321,444,572,623,58,197,1195,345,20.379916317991633,-147,17.307692307692307,765,119.26694560669456,-123,0.3108108108108108,-139,112,271,325,323,464,664,51,235,1128,383,26.907801418439718,-159,24.137931034482758,648,93.06294326241135,2,0.37148399612027155,-184
E02000012,Barking and Dagenham,7,6,20.31549040554207,20.63216642107202,605.0,510.0,0.6160896130346232,0.5193482688391039,-0.0967413441955192,0.3166760155299499,29.0,467.0,608,590,1198,496.0,11.304674457429048,-438.0,4.769736842105264,22.0,438.0,461,559,1020,460.0,9.447058823529412,-416.0,4.772234273318872,86.0,549.0,635.0,39.41068447412354,-463.0,14.576271186440678,88.0,392.0,480.0,33.819607843137256,-304.0,15.742397137745977,-343.0,58.0,401.0,22.0,-36.0,-1.857615633899636,0.0024974312136079,159.0,-155.0,-5.5910766309862865,1.1661259513052986,0.4385499557913351,0.9440734557595992,0.4893617021276595,0.9215686274509804,concordant,concordant,0.0508117463363244,-0.0225048283086189,5,98,465,337,546,676,835,68,245,1511,563,30.15883520847121,-367,14.497041420118343,883,121.77498345466579,-209,0.3893499308437068,-177,104,433,382,387,536,850,75,291,1386,537,32.49062049062049,-329,19.402985074626866,769,106.66233766233766,-5,0.4111791730474732,-216
E02000013,Barking and Dagenham,2,1,37.172274852416095,36.09122608596511,181.0,60.0,0.1843177189409368,0.0610997963340122,-0.1232179226069246,-1.0810487664509836,305.0,72.0,567,546,1113,377.0,19.730458221024257,233.0,53.79188712522046,353.0,87.0,594,466,1060,440.0,28.972641509433963,266.0,59.427609427609426,364.0,125.0,489.0,40.880503144654085,239.0,66.66666666666666,309.0,98.0,407.0,28.567924528301887,211.0,66.30901287553648,398.0,398.0,0.0,33.0,63.0,9.242183288409706,5.635722302388963,-28.0,-82.0,-12.312578616352198,-0.3576537911301756,0.4353348729792148,0.7780772686433064,0.5194805194805194,0.7990566037735849,concordant,concordant,0.0841456465013046,0.0209793351302784,2,253,72,440,129,618,730,51,184,1348,325,13.513353115727003,181,40.93851132686084,569,42.10682492581602,311,0.3635346756152125,-133,312,87,528,101,637,778,43,312,1415,399,19.18303886925795,225,48.97959183673469,629,37.68763250883392,427,0.38813229571984437,-269
E02000014,Barking and Dagenham,2,1,36.7377620718996,36.55000135163235,191.0,54.0,0.1945010183299389,0.054989816700611,-0.1395112016293279,-0.1877607202672422,377.0,102.0,655,625,1280,479.0,30.0421875,275.0,57.55725190839694,264.0,106.0,526,604,1130,370.0,24.764601769911504,158.0,50.19011406844106,355.0,183.0,538.0,50.75390625,172.0,56.8,421.0,129.0,550.0,48.061061946902655,292.0,69.70198675496688,326.0,326.0,0.0,-117.0,-109.0,-5.2775857300884965,-7.36713783995588,120.0,12.0,-2.6928443030973455,12.901986754966885,0.4709931170108161,0.79453125,0.4021739130434782,0.8141592920353983,concordant,concordant,-0.0688192039673378,0.0196280420353982,2,328,106,470,192,753,868,98,243,1621,434,21.448488587291795,222,43.559096945551126,662,55.66933991363356,278,0.395985401459854,-145,240,111,577,146,590,898,64,294,1488,351,17.903225806451612,129,40.67796610169492,723,56.61424731182796,431,0.3268156424581006,-230
E02000015,Barking and Dagenham,1,1,44.54999939574243,39.60161035457348,74.0,26.0,0.075356415478615,0.0264765784114052,-0.0488798370672097,-4.9483890411689515,582.0,0.0,676,590,1266,582.0,0.0,582.0,86.09467455621301,376.0,0.0,465,414,879,376.0,0.0,376.0,80.86021505376344,525.0,0.0,525.0,0.0,525.0,88.98305084745762,350.0,0.0,350.0,0.0,350.0,84.54106280193237,330.0,330.0,0.0,-206.0,-206.0,0.0,-5.2344595024495675,-175.0,-175.0,0.0,-4.44198804552525,0.5257452574525745,0.8744075829383886,0.5179063360881543,0.825938566552901,concordant,concordant,-0.0078389213644202,-0.0484690163854876,1,635,0,725,0,738,794,62,204,1532,635,0.0,635,86.04336043360433,725,0.0,725,0.46691176470588236,-142,431,0,607,0,523,674,58,260,1197,431,0.0,431,82.40917782026769,607,0.0,607,0.41522157996146436,-202
E02000016,Barking and Dagenham,2,2,39.3159271651902,33.661131007315696,148.0,104.0,0.1507128309572301,0.1059063136456211,-0.0448065173116089,-5.654796157874507,537.0,199.0,1006,979,1985,736.0,53.835264483627206,338.0,53.37972166998012,631.0,227.0,1135,973,2108,858.0,67.94924098671727,404.0,55.59471365638766,639.0,238.0,877.0,76.61561712846347,401.0,65.27068437180796,604.0,294.0,898.0,84.23908918406072,310.0,62.076053442959925,369.0,654.0,285.0,66.0,122.0,14.113976503090065,2.21499198640754,-91.0,21.0,7.623472055597247,-3.194630928848035,0.4562926224426534,0.8125944584382871,0.4886104783599089,0.8330170777988615,concordant,concordant,0.0323178559172554,0.0204226193605743,2,622,209,705,263,1179,1180,173,201,2359,831,55.1072488342518,413,52.756573367260394,968,78.59898261975414,442,0.46192329071706506,-28,640,240,839,312,1264,1309,129,336,2573,880,59.696851923824326,400,50.63291139240506,1151,101.736494364555,527,0.43328409650418515,-207
E02000017,Barking and Dagenham,5,3,26.361153281948692,27.270586768505,442.0,290.0,0.45010183299389,0.2953156822810591,-0.1547861507128309,0.9094334865563064,101.0,630.0,771,920,1691,731.0,37.62862211709048,-529.0,13.09987029831388,129.0,485.0,606,750,1356,614.0,46.139380530973455,-356.0,21.287128712871286,243.0,637.0,880.0,91.53814311058544,-394.0,26.413043478260867,228.0,455.0,683.0,76.50442477876106,-227.0,30.4,-15.0,267.0,282.0,173.0,-117.0,8.510758413882975,8.187258414557407,167.0,-197.0,-15.033718331824376,3.986956521739131,0.4537554314090627,0.9526907155529272,0.4734001542020046,0.9564896755162242,concordant,concordant,0.0196447227929419,0.0037989599632969,4,168,649,401,648,854,1124,83,204,1978,817,55.122345803842265,-481,19.672131147540984,1049,131.3690596562184,-247,0.4378349410503751,-121,196,505,447,458,696,1033,90,283,1729,701,57.24696356275304,-309,28.160919540229884,905,118.40717177559283,-11,0.4364881693648817,-193
E02000018,Barking and Dagenham,2,1,36.88907695613048,36.41188683602772,184.0,56.0,0.1873727087576374,0.0570264765784114,-0.130346232179226,-0.4771901201027617,423.0,112.0,810,735,1545,535.0,30.664077669902913,311.0,52.22222222222223,330.0,126.0,589,673,1262,456.0,32.94770206022187,204.0,56.02716468590832,478.0,198.0,676.0,61.258252427184466,280.0,65.03401360544217,449.0,139.0,588.0,49.4540412044374,310.0,66.71619613670133,412.0,412.0,0.0,-107.0,-79.0,2.283624390318959,3.804942463686089,30.0,-88.0,-11.804211222747064,1.6821825312591585,0.4417836498761354,0.7838187702265372,0.4367816091954023,0.8272583201267829,concordant,concordant,-0.0050020406807331,0.0434395499002456,2,372,121,543,206,879,949,69,214,1828,493,24.62363238512035,251,42.32081911262799,749,61.191466083150985,337,0.3969404186795491,-145,291,128,694,148,654,1012,65,339,1666,419,22.357743097238895,163,44.4954128440367,842,61.65186074429772,546,0.33227597145122917,-274
E02000019,Barking and Dagenham,3,2,33.570357300628324,32.065294026890015,270.0,149.0,0.2749490835030549,0.1517311608961303,-0.1232179226069246,-1.5050632737383085,199.0,254.0,526,610,1136,453.0,44.49471830985915,-55.0,37.832699619771866,238.0,159.0,678,481,1159,397.0,32.65056082830026,79.0,35.10324483775811,306.0,265.0,571.0,71.38204225352112,41.0,50.1639344262295,261.0,326.0,587.0,73.41328731665229,-65.0,54.26195426195426,171.0,317.0,146.0,134.0,-56.0,-11.844157481558897,-2.729454782013754,-106.0,16.0,2.0312450631311663,4.098019835724756,0.4423828125,0.9014084507042254,0.4034552845528455,0.8490077653149266,divergent,divergent,-0.0389275279471544,-0.0524006853892987,2,259,140,467,124,586,771,60,161,1357,399,26.720707442888724,119,44.19795221843004,591,42.673544583640385,343,0.403030303030303,-101,338,68,634,188,742,851,64,370,1593,406,14.42812303829253,270,45.55256064690027,822,74.82234777150032,446,0.3306188925081433,-306
E02000020,Barking and Dagenham,4,2,31.91231639068564,33.22273172595296,315.0,118.0,0.3207739307535641,0.120162932790224,-0.2006109979633401,1.3104153352673222,212.0,423.0,762,688,1450,635.0,61.84551724137931,-211.0,27.821522309711288,238.0,397.0,747,752,1499,635.0,63.03268845897265,-159.0,31.860776439089697,203.0,481.0,684.0,67.34,-278.0,29.505813953488374,286.0,435.0,721.0,82.99533022014677,-149.0,38.03191489361702,244.0,401.0,157.0,52.0,0.0,1.1871712175933382,4.03925412937841,129.0,37.0,15.655330220146766,8.526100940128646,0.4814253222137983,0.9096551724137932,0.4682890855457227,0.904603068712475,concordant,concordant,-0.0131362366680756,-0.0050521037013181,3,275,405,407,466,827,904,65,216,1731,680,64.34142114384748,-130,33.252720677146314,873,109.56787983824378,-59,0.437862202189311,-151,338,390,666,427,862,1156,115,404,2018,728,65.32210109018831,-52,39.21113689095127,1093,140.9226957383548,239,0.39978034047226796,-289
E02000021,Barking and Dagenham,4,2,30.252866915485832,31.823478887744592,356.0,158.0,0.3625254582484725,0.1608961303462321,-0.2016293279022403,1.57061197225876,144.0,401.0,809,670,1479,545.0,39.04259634888438,-257.0,17.79975278121137,161.0,295.0,544,547,1091,456.0,43.53345554537122,-134.0,29.59558823529412,203.0,585.0,788.0,80.29411764705883,-382.0,30.29850746268657,202.0,333.0,535.0,61.65536205316224,-131.0,36.92870201096892,79.0,267.0,188.0,123.0,-89.0,4.490859196486838,11.795835454082749,251.0,-253.0,-18.638755593896583,6.6301945482823506,0.4088522130532633,0.9012846517917512,0.4601412714429869,0.9083409715857012,concordant,concordant,0.0512890583897235,0.0070563197939499,3,239,400,359,575,910,849,101,179,1759,639,54.34906196702672,-161,26.263736263736266,934,117.35361000568504,-216,0.4062301335028608,-78,232,290,476,329,623,838,79,291,1461,522,46.050650239561946,-58,37.23916532905297,805,107.1895961670089,147,0.3933685003767898,-212
E02000022,Barking and Dagenham,1,1,51.32951170886077,38.646125014415865,16.0,39.0,0.0162932790224032,0.0397148676171079,0.0234215885947046,-12.6833866944449,608.0,0.0,734,694,1428,608.0,0.0,608.0,82.83378746594006,420.0,0.0,509,741,1250,420.0,0.0,420.0,82.5147347740668,585.0,0.0,585.0,0.0,585.0,84.29394812680115,630.0,0.0,630.0,0.0,630.0,85.02024291497976,387.0,387.0,0.0,-188.0,-188.0,0.0,-0.3190526918732672,45.0,45.0,0.0,0.7262947881786062,0.509639564124057,0.8354341736694678,0.4,0.84,concordant,concordant,-0.1096395641240569,0.0045658263305321,1,689,0,732,0,825,844,91,150,1669,689,0.0,689,83.51515151515152,732,0.0,732,0.4848698099929627,-59,492,0,916,0,588,1040,79,299,1628,492,0.0,492,83.6734693877551,916,0.0,916,0.3494318181818182,-220
E02000023,Barking and Dagenham,1,1,45.4978988336933,39.06830407275603,59.0,33.0,0.060081466395112,0.0336048879837067,-0.0264765784114053,-6.42959476093727,414.0,0.0,543,528,1071,414.0,0.0,414.0,76.24309392265194,415.0,0.0,558,469,1027,415.0,0.0,415.0,74.37275985663082,460.0,0.0,460.0,0.0,460.0,87.12121212121212,404.0,0.0,404.0,0.0,404.0,86.14072494669509,351.0,351.0,0.0,1.0,1.0,0.0,-1.8703340660211152,-56.0,-56.0,0.0,-0.9804871745170374,0.4736842105263157,0.8160597572362278,0.5067155067155067,0.7974683544303798,concordant,concordant,0.0330312961891909,-0.018591402805848,1,461,0,608,0,591,676,48,148,1267,461,0.0,461,78.00338409475465,608,0.0,608,0.431244153414406,-100,473,0,659,0,620,727,62,258,1347,473,0.0,473,76.29032258064517,659,0.0,659,0.4178445229681979,-196
E02000024,Barnet,10,10,9.036841806222924,9.191532295006873,916.0,887.0,0.9327902240325866,0.9032586558044806,-0.0295315682281059,0.1546904887839471,0.0,450.0,658,503,1161,450.0,0.0,-450.0,0.0,0.0,469.0,647,511,1158,469.0,0.0,-469.0,0.0,0.0,603.0,603.0,0.0,-603.0,0.0,0.0,601.0,601.0,0.0,-601.0,0.0,-475.0,0.0,475.0,-19.0,19.0,0.0,0.0,2.0,-2.0,0.0,0.0,0.4273504273504273,0.9069767441860463,0.4383177570093458,0.924006908462867,concordant,concordant,0.0109673296589184,0.0170301642768205,9,3,808,7,864,911,845,253,342,1756,811,1.3804100227790432,-805,0.3293084522502744,871,3.4441913439635536,-857,0.4821640903686088,-89,1,980,10,759,794,1013,147,502,1807,981,0.5423353624792474,-979,0.12594458438287154,769,4.200332042058661,-749,0.5605714285714286,-355
E02000025,Barnet,8,7,16.300101609100047,15.932634441805227,722.0,665.0,0.7352342158859471,0.6771894093686355,-0.0580448065173115,-0.3674671672948193,199.0,207.0,655,518,1173,406.0,35.11764705882353,-8.0,30.38167938931298,178.0,184.0,630,447,1077,362.0,30.410399257195916,-6.0,28.253968253968253,194.0,308.0,502.0,50.93947144075021,-114.0,37.45173745173745,157.0,323.0,480.0,47.085422469823584,-166.0,35.123042505592835,100.0,251.0,151.0,2.0,-44.0,-4.707247801627613,-2.1277111353447253,-52.0,-22.0,-3.854048970926627,-2.3286949461446156,0.4471365638766519,0.7740835464620631,0.4299287410926365,0.7818012999071495,concordant,concordant,-0.0172078227840153,0.0077177534450864,6,264,204,260,305,819,809,164,291,1628,468,33.08108108108108,60,32.234432234432234,565,48.71007371007371,-45,0.4530493707647628,-127,235,179,197,317,760,819,130,372,1579,414,26.640278657378087,56,30.92105263157895,514,39.549715009499685,-120,0.44612068965517243,-242
E02000026,Barnet,10,9,9.57761295865674,10.84753755904312,902.0,833.0,0.9185336048879836,0.8482688391038696,-0.0702647657841141,1.2699246003863802,0.0,342.0,526,392,918,342.0,0.0,-342.0,0.0,0.0,227.0,401,273,674,227.0,0.0,-227.0,0.0,0.0,481.0,481.0,0.0,-481.0,0.0,0.0,366.0,366.0,0.0,-366.0,0.0,-191.0,27.0,218.0,115.0,-115.0,0.0,0.0,115.0,-115.0,0.0,0.0,0.4155528554070474,0.8965141612200436,0.3827993254637437,0.8798219584569733,concordant,concordant,-0.0327535299433037,-0.0166922027630702,9,0,601,2,619,652,644,126,252,1296,601,0.0,-601,0.0,621,0.9552469135802469,-617,0.4918166939443535,-126,1,573,1,469,497,606,96,333,1103,574,0.5194922937443336,-572,0.2012072434607646,470,0.4252039891205802,-468,0.5498084291187739,-237
E02000027,Barnet,6,5,21.507758026672224,22.828095124615235,575.0,429.0,0.5855397148676171,0.4368635437881873,-0.1486761710794297,1.3203370979430105,416.0,93.0,581,552,1133,509.0,34.146513680494266,323.0,71.60068846815835,336.0,86.0,505,367,872,422.0,33.137614678899084,250.0,66.53465346534654,418.0,132.0,550.0,48.699029126213595,286.0,75.72463768115942,254.0,120.0,374.0,34.95412844036697,134.0,69.20980926430518,316.0,383.0,67.0,-73.0,-87.0,-1.0088990015951822,-5.066035002811816,-152.0,-176.0,-13.744900685846623,-6.514828416854243,0.4806421152030217,0.9346866725507502,0.5301507537688442,0.9128440366972476,concordant,concordant,0.0495086385658225,-0.0218426358535025,5,483,124,620,149,713,817,132,265,1530,607,39.14509803921569,359,67.74193548387096,769,60.37908496732026,471,0.44113372093023256,-133,430,106,606,145,646,757,141,390,1403,536,32.48752672843906,324,66.56346749226006,751,62.63007840342124,461,0.41647241647241645,-249
E02000028,Barnet,9,8,13.171328759811871,12.807654082259054,793.0,765.0,0.8075356415478615,0.7790224032586558,-0.0285132382892057,-0.363674677552817,107.0,288.0,551,419,970,395.0,31.769072164948454,-181.0,19.419237749546276,97.0,409.0,499,526,1025,506.0,38.705365853658535,-312.0,19.438877755511022,93.0,380.0,473.0,36.43298969072165,-287.0,22.195704057279237,70.0,354.0,424.0,24.17560975609756,-284.0,13.307984790874524,-230.0,139.0,369.0,-131.0,111.0,6.93629368871008,0.0196400059647459,3.0,-49.0,-12.257379934624089,-8.887719266404712,0.4550691244239631,0.8948453608247423,0.5440860215053763,0.9073170731707316,concordant,concordant,0.0890168970814132,0.0124717123459894,7,136,418,107,442,670,601,119,182,1271,554,44.726986624704956,-282,20.298507462686565,549,37.210070810385524,-335,0.5022665457842248,-63,131,691,94,420,596,848,97,322,1444,822,62.68767313019391,-560,21.97986577181208,514,27.34072022160665,-326,0.6152694610778443,-225
E02000029,Barnet,8,7,13.73416365058119,16.010651527016446,783.0,661.0,0.7973523421588594,0.6731160896130346,-0.1242362525458248,2.2764878764352563,189.0,291.0,692,595,1287,480.0,42.73426573426573,-102.0,27.3121387283237,169.0,219.0,652,469,1121,388.0,33.016057091882246,-50.0,25.920245398773005,209.0,371.0,580.0,60.24786324786325,-162.0,35.12605042016806,138.0,340.0,478.0,41.85548617305977,-202.0,29.42430703624733,124.0,276.0,152.0,52.0,-92.0,-9.718208642383487,-1.391893329550694,-40.0,-102.0,-18.392377074803484,-5.701743383920732,0.4528301886792453,0.8236208236208237,0.4480369515011547,0.7725245316681534,concordant,concordant,-0.0047932371780905,-0.0510962919526702,7,130,628,152,647,855,849,163,254,1704,758,47.91079812206573,-498,15.204678362573098,799,57.713615023474176,-495,0.48683365446371224,-91,124,725,102,553,758,877,106,408,1635,849,54.984709480122326,-601,16.358839050131927,655,34.49908256880734,-451,0.5644946808510638,-302
E02000030,Barnet,9,8,12.779513005366924,13.464058337801609,811.0,748.0,0.8258655804480651,0.7617107942973523,-0.0641547861507128,0.684545332434686,87.0,348.0,560,574,1134,435.0,26.6984126984127,-261.0,15.535714285714286,39.0,325.0,502,426,928,364.0,13.658405172413794,-286.0,7.768924302788845,109.0,388.0,497.0,37.29453262786596,-279.0,18.98954703832753,48.0,350.0,398.0,18.103448275862068,-302.0,11.267605633802818,-154.0,107.0,261.0,-25.0,-71.0,-13.040007525998906,-7.766789982925442,-23.0,-99.0,-19.191084352003895,-7.721941404524712,0.4667381974248927,0.8218694885361552,0.4776902887139108,0.8211206896551724,concordant,concordant,0.010952091289018,-0.0007487988809827,7,146,638,175,463,668,903,108,329,1571,784,59.292170591979634,-492,21.856287425149702,638,51.575429662635266,-288,0.5513361462728551,-221,114,645,73,448,631,770,129,344,1401,759,52.48394004282655,-531,18.066561014263076,521,23.34332619557459,-375,0.59296875,-215
E02000031,Barnet,10,10,10.342756777899645,8.982775245199614,885.0,895.0,0.9012219959266804,0.9114052953156824,0.0101832993890019,-1.359981532700031,0.0,438.0,647,475,1122,438.0,0.0,-438.0,0.0,0.0,401.0,601,431,1032,401.0,0.0,-401.0,0.0,0.0,583.0,583.0,0.0,-583.0,0.0,0.0,559.0,559.0,0.0,-559.0,0.0,-396.0,0.0,396.0,37.0,-37.0,0.0,0.0,24.0,-24.0,0.0,0.0,0.4289911851126347,0.9099821746880572,0.4177083333333333,0.9302325581395348,concordant,concordant,-0.0112828517793013,0.0202503834514777,8,62,610,28,679,771,678,124,203,1449,672,26.100759144237404,-548,8.041504539559014,707,13.120772946859903,-651,0.4873096446700508,-79,41,642,27,659,727,676,126,245,1403,683,18.761225944404845,-601,5.639614855570839,686,12.682109764789736,-632,0.4989043097151205,-119
E02000032,Barnet,10,10,7.991801512027491,8.446300998573467,937.0,911.0,0.9541751527494908,0.9276985743380856,-0.0264765784114052,0.4544994865459753,0.0,401.0,437,473,910,401.0,0.0,-401.0,0.0,0.0,340.0,371,409,780,340.0,0.0,-340.0,0.0,0.0,393.0,393.0,0.0,-393.0,0.0,0.0,330.0,330.0,0.0,-330.0,0.0,-388.0,0.0,388.0,61.0,-61.0,0.0,0.0,63.0,-63.0,0.0,0.0,0.5050377833753149,0.8725274725274725,0.5074626865671642,0.8589743589743589,concordant,concordant,0.0024249031918492,-0.0135531135531136,9,0,588,2,499,528,637,91,164,1165,588,0.0,-588,0.0,501,0.8566523605150215,-497,0.5399449035812672,-73,0,589,2,400,435,646,64,237,1081,589,0.0,-589,0.0,402,0.7400555041628122,-398,0.5943491422805247,-173
E02000033,Barnet,7,7,18.199760590371323,17.063479789497258,668.0,625.0,0.6802443991853361,0.6364562118126272,-0.0437881873727088,-1.136280800874065,303.0,203.0,642,546,1188,506.0,51.775252525252526,100.0,47.19626168224299,225.0,194.0,501,477,978,419.0,44.6319018404908,31.0,44.91017964071856,281.0,273.0,554.0,64.57323232323232,8.0,51.46520146520146,228.0,202.0,430.0,47.0920245398773,26.0,47.79874213836478,-5.0,206.0,211.0,-69.0,-87.0,-7.143350684761728,-2.2860820415244305,18.0,-124.0,-17.481207783355018,-3.66645932683668,0.4773584905660377,0.8922558922558923,0.4935217903415783,0.8680981595092024,concordant,concordant,0.0161632997755405,-0.0241577327466898,5,386,177,502,243,724,767,82,221,1491,563,45.82293762575453,209,53.31491712707182,745,81.8148893360161,259,0.4304281345565749,-139,319,179,509,163,595,756,94,279,1351,498,42.26572908956329,140,53.61344537815126,672,61.41154700222058,346,0.4256410256410256,-185
E02000034,Barnet,8,8,15.184146474494591,12.823898695749945,747.0,762.0,0.7606924643584522,0.7759674134419552,0.015274949083503,-2.3602477787446485,128.0,293.0,698,677,1375,421.0,27.27563636363636,-165.0,18.33810888252149,136.0,317.0,610,671,1281,453.0,33.65495706479313,-181.0,22.295081967213115,169.0,341.0,510.0,41.912,-172.0,24.963072378138847,182.0,298.0,480.0,42.33879781420765,-116.0,27.123695976154995,-238.0,117.0,355.0,-16.0,32.0,6.379320701156772,3.956973084691626,56.0,-30.0,0.4267978142076529,2.160623598016148,0.4522019334049409,0.6770909090909091,0.4855305466237942,0.7283372365339579,concordant,concordant,0.0333286132188532,0.0512463274430488,6,198,282,246,338,830,900,132,223,1730,480,32.27514450867052,-84,23.85542168674699,584,48.06242774566474,-92,0.45112781954887216,-91,198,309,249,289,705,1008,95,337,1713,507,35.71628721541156,-111,28.085106382978726,538,42.00875656742557,-40,0.4851674641148325,-242
E02000035,Barnet,8,8,14.132519355932205,13.702045025078736,772.0,742.0,0.7861507128309573,0.7556008146639511,-0.0305498981670061,-0.4304743308534675,228.0,345.0,811,780,1591,573.0,49.44060339409177,-117.0,28.113440197287296,181.0,343.0,771,778,1549,524.0,40.07940606843125,-162.0,23.476005188067443,218.0,368.0,586.0,50.42363293526084,-150.0,27.94871794871795,237.0,404.0,641.0,61.81278244028405,-167.0,30.46272493573265,-251.0,133.0,384.0,-45.0,-49.0,-9.36119732566052,-4.637435009219853,-17.0,55.0,11.389149505023212,2.5140069870146995,0.4943917169974116,0.7284726587052168,0.4497854077253219,0.7520981278244029,concordant,concordant,-0.0446063092720896,0.023625469119186,7,150,696,159,701,972,953,161,173,1925,846,54.23376623376623,-546,15.432098765432098,860,57.90077922077922,-542,0.4958968347010551,-12,104,864,186,707,916,1133,145,355,2049,968,43.85358711566618,-760,11.353711790393014,893,64.17862371888727,-521,0.5201504567436862,-210
E02000036,Barnet,8,7,17.051150382574697,16.32370046042915,703.0,647.0,0.7158859470468432,0.6588594704684317,-0.0570264765784114,-0.7274499221455457,145.0,389.0,747,714,1461,534.0,38.607118412046546,-244.0,19.410977242302543,99.0,292.0,539,591,1130,391.0,25.582300884955753,-193.0,18.367346938775512,180.0,456.0,636.0,56.18069815195072,-276.0,25.210084033613445,142.0,344.0,486.0,43.2283185840708,-202.0,24.027072758037225,-64.0,191.0,255.0,51.0,-143.0,-13.024817527090793,-1.0436303035270311,74.0,-150.0,-12.952379567879923,-1.18301127557622,0.4564102564102564,0.8008213552361396,0.4458380843785632,0.7761061946902655,concordant,concordant,-0.0105721720316931,-0.024715160545874,6,172,339,199,407,906,1044,159,330,1950,511,29.90153846153846,-167,18.984547461368653,606,41.5348717948718,-208,0.4574753804834378,-171,102,252,172,306,660,983,121,392,1643,354,15.64455264759586,-150,15.454545454545453,478,32.03408399269629,-134,0.4254807692307692,-271
E02000037,Barnet,8,9,15.660595157991994,11.128158463756176,737.0,823.0,0.7505091649694501,0.8380855397148677,0.0875763747454175,-4.532436694235816,146.0,331.0,689,563,1252,477.0,38.59904153354633,-185.0,21.190130624092888,108.0,236.0,540,429,969,344.0,26.30340557275542,-128.0,20.0,113.0,396.0,509.0,35.74121405750799,-283.0,20.071047957371228,88.0,284.0,372.0,25.79153766769866,-196.0,20.51282051282051,-358.0,15.0,373.0,57.0,-133.0,-12.295635960790907,-1.1901306240928875,87.0,-137.0,-9.94967638980933,0.4417725554492833,0.4837728194726166,0.7875399361022364,0.4804469273743016,0.7389060887512899,concordant,concordant,-0.0033258920983149,-0.0486338473509464,6,163,246,141,353,811,838,122,275,1649,409,24.31655548817465,-83,20.098643649815042,494,30.18374772589448,-212,0.4529346622369878,-153,175,201,106,253,648,777,108,348,1425,376,24.68421052631579,-26,27.00617283950617,359,18.819649122807018,-147,0.5115646258503401,-240
E02000038,Barnet,8,7,15.354761634011794,15.568224800070306,742.0,679.0,0.7556008146639511,0.6914460285132383,-0.0641547861507128,0.2134631660585118,175.0,476.0,974,850,1824,651.0,45.66885964912281,-301.0,17.967145790554415,90.0,394.0,733,674,1407,484.0,25.202558635394457,-304.0,12.278308321964529,156.0,586.0,742.0,50.11842105263158,-430.0,18.352941176470587,130.0,495.0,625.0,45.73560767590618,-365.0,19.287833827893177,-89.0,245.0,334.0,-3.0,-167.0,-20.46630101372835,-5.688837468589886,65.0,-117.0,-4.382813376725402,0.93489265142259,0.4673366834170854,0.7637061403508771,0.436429215509468,0.7882018479033405,concordant,concordant,-0.0309074679076174,0.0244957075524633,6,223,467,201,581,1152,1123,178,273,2275,690,45.776263736263736,-244,19.35763888888889,782,51.332307692307694,-380,0.46875,-95,116,394,181,488,873,1053,140,379,1926,510,23.73001038421599,-278,13.287514318442154,669,45.86085150571132,-307,0.43256997455470736,-239
E02000039,Barnet,9,9,10.951033428314606,10.702963094393189,868.0,835.0,0.8839103869653768,0.8503054989816701,-0.0336048879837067,-0.2480703339214187,19.0,380.0,467,502,969,399.0,7.450980392156863,-361.0,4.068522483940043,12.0,271.0,488,367,855,283.0,3.803508771929824,-259.0,2.459016393442623,33.0,326.0,359.0,11.10216718266254,-293.0,6.573705179282868,22.0,373.0,395.0,9.59766081871345,-351.0,5.994550408719346,-306.0,13.0,319.0,102.0,-116.0,-3.647471620227039,-1.6095060904974203,-58.0,36.0,-1.5045063639490903,-0.5791547705635223,0.5263852242744064,0.782249742002064,0.4174041297935103,0.7929824561403509,concordant,concordant,-0.108981094480896,0.0107327141382869,8,16,664,26,547,579,712,112,210,1291,680,8.229279628195197,-648,2.763385146804836,573,11.016266460108444,-521,0.5426975259377494,-98,12,586,20,568,610,628,122,261,1238,598,5.680129240710824,-574,1.9672131147540985,588,9.176090468497577,-548,0.5042158516020236,-139
E02000040,Barnet,7,7,18.235370685146588,15.441477714748784,667.0,684.0,0.6792260692464358,0.6965376782077393,0.0173116089613034,-2.7938929703978026,374.0,260.0,663,695,1358,634.0,71.60530191458027,114.0,56.41025641025641,333.0,162.0,774,440,1214,495.0,44.43657331136738,171.0,43.02325581395349,345.0,233.0,578.0,59.19366715758469,112.0,49.64028776978417,234.0,367.0,601.0,70.73970345963757,-133.0,53.18181818181819,160.0,328.0,168.0,57.0,-139.0,-27.168728603212884,-13.38700059630292,-245.0,23.0,11.546036302052876,3.541530412034014,0.523102310231023,0.8924889543446245,0.4516423357664234,0.9028006589785832,concordant,divergent,-0.0714599744645996,0.0103117046339586,5,533,239,633,199,819,949,156,254,1768,772,72.05147058823529,294,65.07936507936508,832,71.24830316742081,434,0.48129675810473815,-98,550,146,565,317,980,770,206,330,1750,696,45.885714285714286,404,56.12244897959183,882,102.34571428571428,248,0.44106463878326996,-124
E02000041,Barnet,7,6,17.658500677562138,18.284720521720836,684.0,587.0,0.6965376782077393,0.5977596741344195,-0.0987780040733197,0.6262198441586975,360.0,256.0,739,622,1361,616.0,67.71491550330639,104.0,48.714479025710425,271.0,253.0,603,551,1154,524.0,59.41334488734835,18.0,44.94195688225539,300.0,314.0,614.0,69.2138133725202,-14.0,48.231511254019296,218.0,246.0,464.0,46.47140381282496,-28.0,39.56442831215971,130.0,309.0,179.0,-86.0,-92.0,-8.301570615958035,-3.772522143455035,-14.0,-150.0,-22.742409559695247,-8.667082941859583,0.5008130081300813,0.9037472446730346,0.5303643724696356,0.8561525129982669,divergent,divergent,0.0295513643395542,-0.0475947316747676,6,154,321,148,379,870,859,131,237,1729,475,28.591093117408906,-167,17.70114942528736,527,32.441873915558126,-231,0.4740518962075848,-106,139,331,100,331,691,868,88,317,1559,470,29.511866581141756,-192,20.11577424023155,431,21.23155869146889,-231,0.5216426193118757,-229
E02000042,Barnet,8,8,16.35417120594041,15.162757182177875,720.0,697.0,0.7331975560081466,0.709775967413442,-0.0234215885947046,-1.1914140237625332,260.0,447.0,1199,948,2147,707.0,54.13134606427573,-187.0,21.684737281067555,166.0,440.0,1016,961,1977,606.0,36.94486595852302,-274.0,16.338582677165352,216.0,594.0,810.0,59.75966464834653,-378.0,22.78481012658228,250.0,593.0,843.0,74.98735457764289,-343.0,26.014568158168572,-309.0,191.0,500.0,-87.0,-101.0,-17.186480105752715,-5.346154603902203,35.0,33.0,15.22768992929636,3.229758031586293,0.4660514172709294,0.7065673032137867,0.4182194616977225,0.7329286798179059,concordant,concordant,-0.0478319555732069,0.0263613766041191,6,388,432,343,581,1442,1233,243,285,2675,820,62.66018691588785,-44,26.907073509015255,924,74.49831775700935,-238,0.4701834862385321,-42,294,422,354,588,1212,1385,196,424,2597,716,47.77358490566038,-128,24.257425742574256,942,80.15094339622641,-234,0.43184559710494574,-228
E02000043,Barnet,10,10,8.314445686200624,7.517256488549618,932.0,937.0,0.9490835030549898,0.9541751527494908,0.005091649694501,-0.7971891976510062,0.0,568.0,603,641,1244,568.0,0.0,-568.0,0.0,0.0,451.0,500,477,977,451.0,0.0,-451.0,0.0,0.0,582.0,582.0,0.0,-582.0,0.0,0.0,472.0,472.0,0.0,-472.0,0.0,-449.0,0.0,449.0,117.0,-117.0,0.0,0.0,110.0,-110.0,0.0,0.0,0.4939130434782608,0.9244372990353698,0.4886240520043337,0.9447287615148412,concordant,concordant,-0.0052889914739271,0.0202914624794715,9,0,748,12,703,718,793,115,152,1511,748,0.0,-748,0.0,715,5.58305757776307,-691,0.5112781954887218,-37,0,675,0,560,585,686,85,209,1271,675,0.0,-675,0.0,560,0.0,-560,0.5465587044534413,-124
E02000044,Barnet,6,5,22.81006740032214,23.627358342016905,539.0,396.0,0.5488798370672098,0.4032586558044806,-0.1456211812627291,0.8172909416947647,343.0,224.0,644,665,1309,567.0,58.6951871657754,119.0,53.2608695652174,241.0,156.0,511,483,994,397.0,37.82293762575453,85.0,47.16242661448141,363.0,228.0,591.0,63.22689075630253,135.0,54.58646616541354,265.0,225.0,490.0,59.98490945674044,40.0,54.865424430641816,169.0,297.0,128.0,-34.0,-170.0,-20.87224954002087,-6.098442950735986,-95.0,-101.0,-3.2419812995620916,0.278958265228276,0.4896373056994819,0.8846447669977082,0.447576099210823,0.892354124748491,concordant,concordant,-0.0420612064886589,0.0077093577507827,4,468,192,621,185,727,881,83,216,1608,660,55.88059701492537,276,64.37414030261348,806,71.44589552238806,436,0.45020463847203274,-133,362,129,581,175,597,768,86,285,1365,491,34.21098901098901,233,60.63651591289783,756,74.48717948717949,406,0.3937449879711307,-199
E02000045,Barnet,6,6,21.812188949887663,19.81691523251556,572.0,538.0,0.5824847250509165,0.5478615071283096,-0.0346232179226069,-1.9952737173721005,504.0,234.0,854,764,1618,738.0,72.88998763906056,270.0,59.01639344262295,329.0,241.0,709,743,1452,570.0,54.60674931129476,88.0,46.403385049365305,456.0,278.0,734.0,78.34857849196538,178.0,59.68586387434554,406.0,335.0,741.0,93.67079889807162,71.0,54.643337819650064,65.0,316.0,251.0,-182.0,-168.0,-18.2832383277658,-12.613008393257644,-107.0,7.0,15.32222040610624,-5.042526054695479,0.501358695652174,0.9097651421508036,0.4347826086956521,0.9028925619834712,concordant,concordant,-0.0665760869565217,-0.0068725801673323,4,681,200,757,257,1001,1045,147,281,2046,881,66.56891495601172,481,68.03196803196802,1014,95.08748778103617,500,0.46490765171503956,-134,464,213,769,310,820,1065,111,322,1885,677,52.43076923076923,251,56.58536585365853,1079,126.46684350132627,459,0.38553530751708426,-211
E02000046,Barnet,8,8,14.1475183675492,12.421965949332606,771.0,781.0,0.785132382892057,0.7953156822810591,0.010183299389002,-1.7255524182165942,226.0,383.0,800,830,1630,609.0,53.103067484662574,-157.0,28.249999999999996,148.0,441.0,707,791,1498,589.0,43.570093457943926,-293.0,20.933521923620933,228.0,370.0,598.0,51.75460122699386,-142.0,27.46987951807229,196.0,420.0,616.0,54.953271028037385,-224.0,24.778761061946906,-333.0,127.0,460.0,-136.0,-20.0,-9.532974026718648,-7.316478076379063,-82.0,18.0,3.198669801043522,-2.691118456125384,0.5045567522783762,0.7404907975460123,0.4887966804979253,0.8044058744993324,concordant,concordant,-0.0157600717804508,0.0639150769533201,7,116,730,112,764,1026,1007,226,177,2033,846,41.65272995573045,-614,11.306042884990253,876,42.08952287260207,-652,0.4912891986062718,49,77,852,116,663,833,1086,126,295,1919,929,34.18655549765503,-775,9.243697478991598,779,40.07712350182387,-547,0.5439110070257611,-169
E02000047,Barnet,5,4,27.21455021630177,26.343321425604387,425.0,320.0,0.4327902240325865,0.3258655804480652,-0.1069246435845213,-0.8712287906973835,610.0,201.0,1048,946,1994,811.0,61.489468405215646,409.0,58.206106870229014,502.0,135.0,826,833,1659,637.0,40.8499095840868,367.0,60.77481840193705,660.0,309.0,969.0,102.27683049147444,351.0,69.76744186046511,574.0,196.0,770.0,67.81434599156118,378.0,68.90756302521008,536.0,634.0,98.0,-42.0,-174.0,-20.639558821128844,2.5687115317080327,27.0,-199.0,-34.46248449991326,-0.8598788352550315,0.4556179775280899,0.892678034102307,0.4527363184079602,0.8481012658227848,concordant,concordant,-0.0028816591201297,-0.0445767682795221,3,848,158,1053,230,1177,1263,129,317,2440,1006,54.911475409836065,690,72.04757858963467,1283,99.25819672131148,823,0.4394932284840542,-188,796,98,1048,147,1005,1185,179,352,2190,894,35.620091324200914,698,79.20398009950249,1195,70.34520547945205,901,0.4279559597893729,-173
E02000048,Barnet,9,8,12.49889802648467,12.82208079820014,822.0,763.0,0.8370672097759674,0.7769857433808554,-0.060081466395112,0.3231827717154694,74.0,518.0,788,758,1546,592.0,24.794307891332473,-444.0,9.390862944162436,45.0,528.0,672,734,1406,573.0,16.89900426742532,-483.0,6.696428571428571,89.0,544.0,633.0,31.31694695989651,-455.0,11.74142480211082,64.0,500.0,564.0,22.759601706970127,-436.0,8.71934604904632,-278.0,126.0,404.0,-39.0,-19.0,-7.895303623907154,-2.6944343727338644,19.0,-69.0,-8.557345252926382,-3.0220787530645,0.483265306122449,0.7923673997412678,0.503957783641161,0.8086770981507824,concordant,concordant,0.0206924775187119,0.0163096984095145,7,160,724,183,692,974,1012,186,254,1986,884,58.328298086606246,-564,16.427104722792606,875,63.764350453172206,-509,0.5025582717453099,-68,103,802,149,591,798,1054,126,320,1852,905,44.6036717062635,-699,12.907268170426065,740,47.54805615550756,-442,0.5501519756838906,-194
E02000049,Barnet,2,1,36.81464040221098,35.91760942500828,188.0,65.0,0.1914460285132382,0.0661914460285132,-0.125254582484725,-0.8970309772027036,561.0,30.0,590,913,1503,591.0,11.19760479041916,531.0,95.08474576271186,495.0,30.0,580,525,1105,525.0,13.43891402714932,465.0,85.34482758620689,864.0,6.0,870.0,3.4491017964071857,858.0,94.6330777656079,483.0,55.0,538.0,24.040723981900452,428.0,92.0,523.0,523.0,0.0,-66.0,-66.0,2.24130923673016,-9.739918176504972,-430.0,-332.0,20.591622185493268,-2.6330777656078936,0.4045174537987679,0.9720558882235528,0.4938852304797742,0.9619909502262444,concordant,concordant,0.0893677766810062,-0.0100649379973085,2,646,37,1030,9,695,1092,105,179,1787,683,13.375489647453833,609,92.94964028776978,1039,5.1874650251818695,1021,0.39663182346109177,-74,568,33,779,55,681,841,101,316,1522,601,12.315374507227332,535,83.40675477239354,834,28.150459921156372,724,0.418815331010453,-215
E02000050,Barnet,6,6,21.40852568064388,18.30702076350093,580.0,585.0,0.5906313645621182,0.5957230142566191,0.0050916496945009,-3.1015049171429503,549.0,289.0,910,942,1852,838.0,85.67008639308855,260.0,60.32967032967033,437.0,198.0,744,736,1480,635.0,58.46351351351351,239.0,58.73655913978495,558.0,254.0,812.0,76.52915766738661,304.0,59.23566878980891,468.0,247.0,715.0,78.1054054054054,221.0,63.58695652173913,243.0,438.0,195.0,-21.0,-203.0,-27.20657287957504,-1.5931111898853771,-83.0,-97.0,1.5762477380187931,4.351287731930221,0.5078787878787879,0.8909287257019438,0.4703703703703704,0.9121621621621622,concordant,concordant,-0.0375084175084175,0.0212334364602183,5,660,364,724,327,1098,1194,188,252,2292,1024,104.81675392670157,296,60.10928961748634,1051,103.29319371727749,397,0.49349397590361443,-64,507,240,749,293,888,1111,144,375,1999,747,60.87043521760881,267,57.0945945945946,1042,109.78339169584793,456,0.417551704863052,-231
E02000051,Barnet,9,9,12.939065069735168,10.394447587719297,801.0,844.0,0.8156822810590632,0.8594704684317719,0.0437881873727087,-2.5446174820158713,67.0,617.0,860,801,1661,684.0,24.88801926550271,-550.0,7.790697674418605,91.0,616.0,748,832,1580,707.0,35.47848101265823,-525.0,12.16577540106952,45.0,591.0,636.0,16.011438892233596,-546.0,5.617977528089887,81.0,530.0,611.0,27.170886075949365,-449.0,9.735576923076923,-530.0,107.0,637.0,25.0,23.0,10.59046174715552,4.3750777266509155,97.0,-25.0,11.15944718371577,4.117599394987036,0.5181818181818182,0.7947019867549668,0.5364188163884673,0.8341772151898734,concordant,concordant,0.0182369982066491,0.0394752284349065,7,187,765,122,698,1055,1032,195,231,2087,952,68.54575946334451,-578,17.725118483412324,820,40.80306660277911,-576,0.5372460496613995,-36,151,913,151,595,876,1191,128,359,2067,1064,66.69714562167393,-762,17.23744292237443,746,43.46637639090469,-444,0.5878453038674033,-231
E02000052,Barnet,8,9,16.48015166529181,11.881966251198463,715.0,794.0,0.7281059063136456,0.8085539714867617,0.080448065173116,-4.598185414093345,183.0,588.0,1068,922,1990,771.0,54.072361809045226,-405.0,17.134831460674157,194.0,582.0,852,828,1680,776.0,67.20714285714286,-388.0,22.769953051643192,171.0,725.0,896.0,62.29899497487437,-554.0,18.546637744034708,155.0,513.0,668.0,47.330357142857146,-358.0,18.719806763285025,-606.0,75.0,681.0,17.0,5.0,13.13478104809763,5.635121590969035,196.0,-228.0,-14.968637832017222,0.1731690192503165,0.4625074985002999,0.8376884422110553,0.5373961218836565,0.8595238095238096,concordant,concordant,0.0748886233833565,0.0218353673127542,6,212,554,214,692,1406,1245,338,323,2651,766,44.3032817804602,-342,15.078236130867708,906,55.86118445869483,-478,0.458133971291866,15,226,562,174,497,1008,1240,156,412,2248,788,56.5,-336,22.42063492063492,671,38.468861209964416,-323,0.5400959561343386,-256
E02000053,Barnet,6,6,21.41362408237653,20.76039420674578,579.0,503.0,0.5896130346232179,0.5122199592668024,-0.0773930753564154,-0.6532298756307497,389.0,328.0,876,817,1693,717.0,75.36444181925576,61.0,44.40639269406393,793.0,780.0,1970,1732,3702,1573.0,167.08265802269042,13.0,40.253807106598984,390.0,394.0,784.0,90.76196101594802,-4.0,47.735618115055075,717.0,898.0,1615.0,173.92382495948135,-181.0,41.3972286374134,-20.0,734.0,754.0,-48.0,856.0,91.71821620343466,-4.152585587464948,-177.0,831.0,83.16186394353333,-6.338389477641677,0.4776815456362425,0.8865918487891317,0.4934127979924718,0.8611561318206374,divergent,divergent,0.0157312523562292,-0.0254357169684942,5,627,401,495,464,1204,1048,328,231,2252,1028,111.64609236234459,226,52.076411960132894,959,101.98934280639432,31,0.517362858580775,97,1027,915,1227,1117,2451,2474,481,742,4925,1942,190.8030456852792,112,41.90126478988168,2344,278.2860913705584,110,0.45310312645823614,-261
E02000054,Barnet,8,7,15.17531391618096,16.54641009125067,748.0,641.0,0.7617107942973523,0.6527494908350305,-0.1089613034623218,1.3710961750697097,140.0,443.0,729,750,1479,583.0,41.93373901284651,-303.0,19.204389574759944,151.0,551.0,733,813,1546,702.0,53.816946959896505,-400.0,20.600272851296044,171.0,468.0,639.0,54.10953346855984,-297.0,22.8,156.0,463.0,619.0,46.71927554980595,-307.0,19.18819188191882,-180.0,253.0,433.0,-97.0,119.0,11.883207947049996,1.3958832765361002,-10.0,-20.0,-7.390257918753889,-3.611808118081182,0.4770867430441898,0.8262339418526031,0.5314155942467828,0.8544631306597671,concordant,concordant,0.0543288512025929,0.0282291888071639,6,160,426,181,459,877,960,148,210,1837,586,37.10397387044094,-266,18.244013683010262,640,45.22536744692433,-278,0.47797716150081565,-62,163,543,190,459,853,1093,120,280,1946,706,45.4825282631038,-380,19.10902696365768,649,44.815005138746145,-269,0.5210332103321034,-160
E02000055,Barnet,7,7,18.36901511051213,15.525799810164813,662.0,681.0,0.6741344195519349,0.6934826883910387,0.0193482688391037,-2.8432153003473175,569.0,454.0,1091,1188,2279,1023.0,113.3505923650724,115.0,52.15398716773603,483.0,667.0,1210,1381,2591,1150.0,124.33847935160168,-184.0,39.917355371900825,644.0,446.0,1090.0,126.03071522597632,198.0,54.20875420875421,605.0,603.0,1208.0,140.80084909301428,2.0,43.80883417813179,-251.0,421.0,672.0,-299.0,127.0,10.987886986529276,-12.2366317958352,-196.0,118.0,14.770133867037956,-10.399920030622418,0.4841457643161382,0.9271610355419044,0.4877014418999151,0.9100733307603242,concordant,divergent,0.0035556775837769,-0.0170877047815801,5,849,393,926,377,1351,1460,260,272,2811,1242,118.69690501600854,456,62.84233900814211,1303,124.19139096406973,549,0.48801571709233793,-12,733,556,1049,533,1433,1813,223,432,3246,1289,125.55391250770178,177,51.151430565247736,1582,172.24799753542823,516,0.4489724834552421,-209
E02000056,Barnet,10,10,8.99654355829353,8.09332322357019,918.0,919.0,0.9348268839103868,0.9358452138492872,0.0010183299389002,-0.9032203347233398,0.0,668.0,729,684,1413,668.0,0.0,-668.0,0.0,0.0,635.0,674,671,1345,635.0,0.0,-635.0,0.0,0.0,702.0,702.0,0.0,-702.0,0.0,0.0,652.0,652.0,0.0,-652.0,0.0,-614.0,0.0,614.0,33.0,-33.0,0.0,0.0,50.0,-50.0,0.0,0.0,0.4875912408759124,0.9695682944090588,0.4933954933954934,0.9568773234200744,concordant,concordant,0.0058042525195809,-0.0126909709889844,9,2,885,1,900,926,900,197,216,1826,887,0.9693318729463308,-883,0.21598272138228944,901,0.4928806133625411,-899,0.4960850111856823,-19,0,919,3,767,783,946,109,275,1729,919,0.0,-919,0.0,770,1.330827067669173,-764,0.5441089402013025,-166
E02000057,Barnet,8,8,16.062759997327632,14.00602963341423,728.0,729.0,0.7413441955193483,0.7423625254582484,0.0010183299389001,-2.0567303639134025,185.0,364.0,691,714,1405,549.0,47.92882562277581,-179.0,26.772793053545584,173.0,488.0,697,766,1463,661.0,57.70608339029392,-315.0,24.820659971305595,206.0,405.0,611.0,59.380782918149464,-199.0,28.851540616246496,146.0,422.0,568.0,42.113465481886536,-276.0,19.06005221932115,-487.0,73.0,560.0,-136.0,112.0,9.777257767518108,-1.952133082239989,-77.0,-43.0,-17.26731743626293,-9.791488396925343,0.4732758620689655,0.8256227758007118,0.5378356387306753,0.8400546821599453,concordant,concordant,0.0645597766617098,0.0144319063592335,6,200,359,225,391,836,869,145,155,1705,559,42.111436950146626,-159,23.923444976076556,616,51.598240469208214,-166,0.4757446808510638,-10,188,487,153,411,778,973,81,207,1751,675,52.28783552255854,-299,24.164524421593832,564,35.9126213592233,-258,0.5447941888619855,-126
E02000058,Barnet,9,9,10.616926650978474,10.384583465079514,878.0,845.0,0.8940936863543788,0.860488798370672,-0.0336048879837067,-0.2323431858989604,77.0,631.0,948,966,1914,708.0,25.385057471264368,-554.0,8.122362869198312,75.0,535.0,871,850,1721,610.0,23.31493317838466,-460.0,8.610792192881746,98.0,605.0,703.0,30.97701149425287,-507.0,10.144927536231885,88.0,511.0,599.0,26.12899477048228,-423.0,10.352941176470589,-540.0,119.0,659.0,94.0,-98.0,-2.070124292879708,0.4884293236834338,84.0,-104.0,-4.848016723770591,0.208013640238704,0.5017717930545712,0.7371995820271683,0.5045492142266336,0.7024985473561882,concordant,concordant,0.0027774211720623,-0.03470103467098,8,72,1023,89,976,1153,1208,205,242,2361,1095,31.19695044472681,-951,6.2445793581960105,1065,36.79119017365523,-887,0.5069444444444444,-37,75,969,84,811,964,1132,93,282,2096,1044,34.67318702290076,-894,7.780082987551867,895,32.50190839694657,-727,0.5384218669417226,-189
E02000059,Barnet,5,5,24.46313097810498,22.050963226259434,476.0,455.0,0.4847250509164969,0.4633401221995926,-0.0213849287169042,-2.412167751845548,635.0,215.0,1011,1015,2026,850.0,67.38647581441263,420.0,62.809099901088025,608.0,256.0,1051,1216,2267,864.0,68.65813850904279,352.0,57.84966698382493,681.0,280.0,961.0,94.11648568608096,401.0,67.09359605911331,833.0,289.0,1122.0,106.19188354653728,544.0,68.50328947368422,288.0,596.0,308.0,-68.0,14.0,1.2716626946301517,-4.9594329172630935,143.0,161.0,12.07539786045632,1.40969341457091,0.4693539480949751,0.8938795656465943,0.4350453172205438,0.8760476400529333,concordant,concordant,-0.0343086308744313,-0.0178319255936609,4,662,265,832,311,1114,1281,103,266,2395,927,73.24843423799582,397,59.42549371633752,1143,108.0384133611691,521,0.44782608695652176,-163,669,325,1130,370,1187,1598,136,382,2785,994,78.07001795332137,344,56.36057287278854,1500,150.12567324955117,760,0.39855653568564553,-246
E02000060,Barnet,9,8,12.564203890109892,15.245502361673417,818.0,693.0,0.8329938900203666,0.7057026476578412,-0.1272912423625254,2.6812984715635224,43.0,700.0,963,996,1959,743.0,15.364982133741703,-657.0,4.46521287642783,19.0,637.0,687,921,1608,656.0,7.526741293532338,-618.0,2.7656477438136826,36.0,700.0,736.0,12.863705972434916,-664.0,3.614457831325301,32.0,498.0,530.0,9.91044776119403,-466.0,3.474484256243214,-346.0,135.0,481.0,39.0,-87.0,-7.838240840209365,-1.6995651326141474,198.0,-206.0,-2.953258211240886,-0.1399735750820867,0.5023664638269101,0.7549770290964778,0.5531197301854974,0.7375621890547264,concordant,concordant,0.0507532663585873,-0.0174148400417514,7,218,853,236,879,1166,1176,203,180,2342,1071,79.399658411614,-635,18.69639794168096,1115,88.57557643040137,-643,0.489935956084172,23,155,838,230,582,779,1148,92,227,1927,993,67.40529320186819,-683,19.897304236200256,812,69.46549039958485,-352,0.5501385041551247,-135
E02000061,Barnet,9,8,11.801582147011109,13.939017152255635,840.0,732.0,0.8553971486761711,0.745417515274949,-0.109979633401222,2.1374350052445283,49.0,675.0,1017,966,1983,724.0,16.67927382753404,-626.0,4.818092428711897,58.0,719.0,950,998,1948,777.0,21.40759753593429,-661.0,6.105263157894736,48.0,721.0,769.0,17.45234493192133,-673.0,4.968944099378882,77.0,710.0,787.0,28.064681724845997,-633.0,7.715430861723446,-358.0,221.0,579.0,-35.0,53.0,4.72832370840025,1.2871707291828391,40.0,18.0,10.612336792924664,2.7464867623445643,0.4849296718017414,0.7528996469994957,0.4968030690537084,0.8028747433264887,concordant,concordant,0.0118733972519669,0.0499750963269929,8,43,1055,45,1104,1265,1197,248,231,2462,1098,18.426076360682373,-1012,3.399209486166008,1149,20.178716490658,-1059,0.4886515353805073,17,56,1118,66,953,1094,1302,144,304,2396,1174,26.130217028380635,-1062,5.118829981718465,1019,26.251252086811352,-887,0.5353397172822617,-160
E02000062,Barnet,4,2,29.38983416403785,32.412267776777675,378.0,138.0,0.384928716904277,0.1405295315682281,-0.2443991853360488,3.0224336127398246,474.0,130.0,722,573,1295,604.0,47.58301158301158,344.0,65.65096952908587,280.0,142.0,543,727,1270,422.0,31.30708661417323,138.0,51.56537753222836,377.0,147.0,524.0,42.79459459459459,230.0,65.79406631762653,471.0,186.0,657.0,68.98110236220472,285.0,64.78679504814305,353.0,410.0,57.0,-206.0,-182.0,-16.275924968838353,-14.08559199685751,55.0,133.0,26.18650776761013,-1.007271269483482,0.5354609929078015,0.871042471042471,0.3911028730305839,0.8496062992125984,concordant,concordant,-0.1443581198772175,-0.0214361718298725,3,582,129,531,147,841,754,119,181,1595,711,47.07084639498433,453,69.20332936979786,678,48.938557993730406,384,0.5118790496760259,-62,336,140,603,185,616,907,73,180,1523,476,30.886408404464873,196,54.54545454545454,788,73.24688115561392,418,0.37658227848101267,-107
E02000063,Barnet,7,5,20.54068284177306,22.01048084934821,598.0,457.0,0.6089613034623218,0.4653767820773931,-0.1435845213849287,1.4697980075751502,202.0,430.0,682,712,1394,632.0,62.30989956958393,-228.0,29.61876832844575,161.0,417.0,527,734,1261,578.0,53.241078509119745,-256.0,30.55028462998102,226.0,411.0,637.0,66.63271162123385,-185.0,31.741573033707866,197.0,334.0,531.0,52.17922283901665,-137.0,26.83923705722071,1.0,244.0,243.0,-28.0,-54.0,-9.068821060464188,0.9315163015352717,48.0,-106.0,-14.4534887822172,-4.902335976487155,0.4980299448384555,0.9103299856527975,0.521190261496844,0.8794607454401269,concordant,concordant,0.0231603166583885,-0.0308692402126707,5,345,382,400,376,815,880,133,168,1695,727,77.75221238938053,-37,42.331288343558285,776,88.73156342182891,24,0.48369926813040587,-35,252,359,422,317,609,924,82,190,1533,611,59.013698630136986,-107,41.37931034482759,739,87.26288323548597,105,0.4525925925925926,-108
E02000064,Barnet,6,5,23.26157348431498,22.209279016841148,524.0,447.0,0.5336048879837068,0.455193482688391,-0.0784114052953157,-1.052294467473832,390.0,277.0,730,669,1399,667.0,77.21944245889921,113.0,53.42465753424658,266.0,315.0,654,696,1350,581.0,62.06666666666667,-49.0,40.67278287461774,332.0,286.0,618.0,67.87133666904933,46.0,49.62630792227205,300.0,328.0,628.0,72.88888888888889,-28.0,43.103448275862064,93.0,334.0,241.0,-162.0,-86.0,-15.15277579223254,-12.75187465962884,-74.0,10.0,5.017552219839558,-6.522859646409984,0.5190661478599222,0.9185132237312366,0.4805624483043837,0.8955555555555555,concordant,concordant,-0.0385036995555384,-0.022957668175681,4,604,239,485,260,923,801,193,132,1724,843,83.73317865429235,365,65.43878656554712,745,73.14385150812065,225,0.5308564231738035,61,416,276,560,305,783,923,129,227,1706,692,67.30128956623682,140,53.12899106002554,865,100.11723329425557,255,0.4444444444444444,-98
E02000065,Bexley,6,6,23.40327591964519,20.69324370335821,517.0,507.0,0.5264765784114053,0.5162932790224033,-0.0101832993890019,-2.710032216286979,82.0,477.0,670,626,1296,559.0,30.180555555555557,-395.0,12.238805970149254,70.0,358.0,450,466,916,428.0,27.35807860262009,-288.0,15.555555555555555,103.0,570.0,673.0,45.30092592592592,-467.0,16.45367412140575,78.0,364.0,442.0,30.995633187772924,-286.0,16.738197424892704,-283.0,64.0,347.0,107.0,-131.0,-2.8224769529354674,3.316749585406301,181.0,-231.0,-14.305292738152993,0.284523303486953,0.4537337662337662,0.9506172839506172,0.4919540229885057,0.9497816593886464,concordant,concordant,0.0382202567547395,-0.0008356245619709,4,166,473,328,554,754,848,84,222,1602,639,49.01248439450686,-307,22.015915119363395,882,113.42821473158551,-226,0.42011834319526625,-138,179,348,389,351,558,773,108,307,1331,527,46.80090157776108,-169,32.07885304659498,740,102.58377160030052,38,0.4159431728492502,-199
E02000066,Bexley,4,3,32.245535241157555,28.275488745351343,306.0,253.0,0.3116089613034623,0.2576374745417515,-0.0539714867617108,-3.970046495806212,280.0,252.0,697,775,1472,532.0,47.93478260869565,28.0,40.17216642754663,199.0,193.0,432,501,933,392.0,41.165058949624864,6.0,46.06481481481482,400.0,295.0,695.0,80.16304347826087,105.0,51.61290322580645,233.0,170.0,403.0,42.454448017148984,63.0,46.50698602794411,149.0,260.0,111.0,-22.0,-140.0,-6.7697236590707845,5.8926483872681885,-42.0,-292.0,-37.70859546111189,-5.10591719786234,0.4335778321108394,0.8335597826086957,0.4930817610062893,0.8520900321543409,concordant,concordant,0.0595039288954498,0.0185302495456451,3,334,252,587,295,789,1019,92,244,1808,586,46.55309734513274,82,42.33206590621039,882,95.77710176991151,292,0.3991825613079019,-152,293,193,468,170,546,774,114,273,1320,486,42.84015151515152,100,53.663003663003664,638,60.27272727272727,298,0.43238434163701067,-159
E02000067,Bexley,5,4,27.938461446857143,25.826375825292025,412.0,336.0,0.4195519348268839,0.3421588594704684,-0.0773930753564154,-2.112085621565118,274.0,245.0,737,589,1326,519.0,50.625942684766216,29.0,37.177747625508815,297.0,274.0,711,576,1287,571.0,63.23076923076923,23.0,41.77215189873418,330.0,443.0,773.0,110.24886877828054,-113.0,56.02716468590832,284.0,381.0,665.0,84.07459207459208,-97.0,49.30555555555556,177.0,371.0,194.0,-6.0,52.0,12.604826546003018,4.594404273225365,16.0,-108.0,-26.174276703688463,-6.7216091303527605,0.4017027863777089,0.9743589743589745,0.4619741100323624,0.9603729603729604,divergent,divergent,0.0602713236546534,-0.0139860139860139,3,402,159,563,241,855,812,118,223,1667,561,38.34313137372526,243,47.01754385964912,804,81.39352129574085,322,0.41098901098901097,-105,467,166,694,230,866,973,155,397,1839,633,42.15443175638934,301,53.92609699769053,924,86.79717237629146,464,0.40655105973025046,-242
E02000068,Bexley,4,3,29.685682636708176,28.265863918833222,368.0,255.0,0.3747454175152749,0.2596741344195519,-0.115071283095723,-1.4198187178749535,255.0,123.0,532,484,1016,378.0,30.871062992125985,132.0,47.93233082706767,227.0,158.0,519,525,1044,385.0,34.3544061302682,69.0,43.73795761078998,276.0,164.0,440.0,44.55118110236221,112.0,57.02479338842975,296.0,207.0,503.0,58.689655172413794,89.0,56.38095238095238,190.0,312.0,122.0,-63.0,7.0,3.4833431381422173,-4.194373216277697,-23.0,63.0,14.138474070051586,-0.6438410074773699,0.4621026894865526,0.8051181102362205,0.4335585585585585,0.8505747126436781,concordant,concordant,-0.028544130927994,0.0454566024074576,3,347,123,442,164,661,710,129,226,1371,470,31.13129102844639,224,52.49621785173979,606,52.87235594456601,278,0.4368029739776952,-97,298,158,608,207,627,878,108,353,1505,456,31.285049833887044,140,47.52791068580542,815,83.62524916943522,401,0.35877261998426435,-245
E02000069,Bexley,7,6,20.390815711979336,19.411223468910705,603.0,560.0,0.6140529531568228,0.570264765784114,-0.0437881873727088,-0.9795922430686304,133.0,189.0,392,313,705,322.0,35.65531914893617,-56.0,33.92857142857143,121.0,258.0,562,388,950,379.0,32.86105263157895,-137.0,21.530249110320284,122.0,254.0,376.0,43.95460992907802,-132.0,38.977635782747605,122.0,431.0,553.0,55.34947368421053,-309.0,31.443298969072163,-103.0,134.0,237.0,-81.0,57.0,-2.7942665173572223,-12.398322318251148,-177.0,177.0,11.394863755132512,-7.534336813675441,0.4613180515759312,0.9900709219858156,0.4066523605150214,0.9810526315789474,concordant,concordant,-0.0546656910609097,-0.0090182904068681,5,215,187,281,254,474,472,82,159,946,402,42.5,28,45.358649789029535,535,75.44820295983087,27,0.42902881536819637,-77,208,254,360,431,649,626,87,238,1275,462,41.43686274509804,-46,32.04930662557781,791,121.69411764705882,-71,0.3687150837988827,-151
E02000070,Bexley,8,8,13.747562507174605,13.549518928436676,782.0,745.0,0.7963340122199593,0.7586558044806517,-0.0376782077393075,-0.1980435787379271,77.0,202.0,441,342,783,279.0,19.86462324393359,-125.0,17.46031746031746,105.0,161.0,427,295,722,266.0,23.414127423822716,-56.0,24.59016393442623,112.0,317.0,429.0,45.34355044699872,-205.0,32.748538011695906,93.0,281.0,374.0,36.19529085872576,-188.0,31.52542372881356,-106.0,87.0,193.0,69.0,-13.0,3.5495041798891265,7.129846474108771,17.0,-55.0,-9.148259588272955,-1.2231142828823458,0.3940677966101695,0.9042145593869731,0.415625,0.8864265927977839,concordant,concordant,0.0215572033898305,-0.0177879665891892,7,55,409,77,434,523,524,82,182,1047,464,21.485195797516713,-354,10.51625239005736,511,31.917860553963706,-357,0.4758974358974359,-100,83,499,72,377,490,598,63,303,1088,582,38.0670955882353,-416,16.93877551020408,449,24.948529411764707,-305,0.5645004849660524,-240
E02000071,Bexley,8,7,17.34101227287671,17.870554619636746,692.0,599.0,0.7046843177189409,0.609979633401222,-0.0947046843177189,0.5295423467600351,91.0,213.0,405,364,769,304.0,25.20546163849155,-122.0,22.469135802469136,86.0,228.0,386,336,722,314.0,27.157894736842103,-142.0,22.279792746113987,105.0,255.0,360.0,34.81794538361508,-150.0,28.846153846153843,82.0,247.0,329.0,28.05263157894737,-165.0,24.404761904761905,-97.0,121.0,218.0,-20.0,10.0,1.9524330983505536,-0.189343056355149,-15.0,-31.0,-6.765313804667713,-4.441391941391938,0.4578313253012048,0.8634590377113134,0.4883359253499222,0.8905817174515236,concordant,concordant,0.0305046000487174,0.0271226797402102,6,128,213,132,255,488,562,83,198,1050,341,25.965714285714284,-85,26.229508196721312,387,32.05714285714286,-123,0.4684065934065934,-115,114,228,102,247,481,633,95,297,1114,342,23.33213644524237,-114,23.7006237006237,349,22.615798922800717,-145,0.49493487698986977,-202
E02000072,Bexley,3,2,34.20228492756093,31.57721736516661,255.0,161.0,0.2596741344195519,0.1639511201629327,-0.0957230142566191,-2.625067562394321,559.0,29.0,706,644,1350,588.0,12.008148148148148,530.0,79.17847025495752,541.0,54.0,781,518,1299,595.0,22.489607390300232,487.0,69.27016645326505,598.0,85.0,683.0,37.65185185185185,513.0,92.85714285714286,438.0,144.0,582.0,48.55427251732102,294.0,84.55598455598455,621.0,646.0,25.0,-43.0,7.0,10.481459242152084,-9.908303801692467,-219.0,-101.0,10.902420665469164,-8.30115830115831,0.4626278520849725,0.9414814814814816,0.5055225148683092,0.9060816012317168,concordant,concordant,0.0428946627833367,-0.0353998802497648,2,709,17,910,45,856,955,150,311,1811,726,6.655438983986747,692,82.82710280373831,955,22.611816675869687,865,0.4318857822724569,-161,734,36,914,85,974,992,193,474,1966,770,13.440488301119023,698,75.35934291581108,999,39.51678535096643,829,0.43527416619559073,-281
E02000073,Bexley,10,10,8.940693490675121,8.703328624806343,919.0,906.0,0.9358452138492872,0.9226069246435844,-0.0132382892057026,-0.2373648658687788,0.0,259.0,430,345,775,259.0,0.0,-259.0,0.0,0.0,282.0,419,358,777,282.0,0.0,-282.0,0.0,0.0,375.0,375.0,0.0,-375.0,0.0,0.0,360.0,360.0,0.0,-360.0,0.0,-282.0,0.0,282.0,-23.0,23.0,0.0,0.0,15.0,-15.0,0.0,0.0,0.4085173501577287,0.8180645161290323,0.4392523364485981,0.8262548262548263,concordant,concordant,0.0307349862908694,0.0081903101257939,9,8,468,32,480,534,553,104,208,1087,476,3.4443422263109476,-460,1.4981273408239701,512,14.130634774609016,-448,0.4817813765182186,-104,14,636,27,436,495,712,76,354,1207,650,7.376967688483845,-622,2.8282828282828283,463,9.753106876553439,-409,0.5840071877807727,-278
E02000074,Bexley,4,3,30.99578502155454,29.74117918004446,337.0,209.0,0.3431771894093686,0.2128309572301425,-0.130346232179226,-1.254605841510081,254.0,96.0,443,383,826,350.0,29.520581113801452,158.0,57.33634311512416,190.0,89.0,365,312,677,279.0,24.977843426883307,101.0,52.054794520547944,236.0,132.0,368.0,37.714285714285715,104.0,61.61879895561357,184.0,129.0,313.0,35.06056129985229,55.0,58.97435897435898,159.0,233.0,74.0,-57.0,-71.0,-4.542737686918144,-5.281548594576215,-49.0,-55.0,-2.6537244144334267,-2.6444399812545925,0.4874651810584958,0.8692493946731235,0.4712837837837837,0.8744460856720827,concordant,concordant,-0.016181397274712,0.0051966909989592,3,353,96,412,132,556,597,113,214,1153,449,29.39115351257589,257,63.48920863309353,544,47.1673894189072,280,0.4521651560926485,-101,258,89,460,129,439,607,74,295,1046,347,21.952198852772465,169,58.76993166287016,589,56.73040152963671,331,0.37072649572649574,-221
E02000075,Bexley,10,10,9.2466418594615,8.89717351764278,910.0,899.0,0.9266802443991852,0.9154786150712833,-0.0112016293279021,-0.349468341818719,0.0,171.0,273,228,501,171.0,0.0,-171.0,0.0,0.0,243.0,358,291,649,243.0,0.0,-243.0,0.0,0.0,216.0,216.0,0.0,-216.0,0.0,0.0,281.0,281.0,0.0,-281.0,0.0,-241.0,0.0,241.0,-72.0,72.0,0.0,0.0,-65.0,65.0,0.0,0.0,0.4418604651162791,0.7724550898203593,0.4637404580152672,0.8073959938366718,concordant,concordant,0.0218799928989881,0.0349409040163125,9,10,346,11,279,335,403,62,175,738,356,4.688346883468835,-336,2.9850746268656714,290,4.158536585365853,-268,0.5510835913312694,-113,13,520,14,365,442,568,84,277,1010,533,6.693069306930693,-507,2.941176470588235,379,5.0594059405940595,-351,0.5844298245614035,-193
E02000077,Bexley,8,8,14.59129154505944,12.745681586608445,762.0,768.0,0.7759674134419552,0.7820773930753564,0.0061099796334012,-1.8456099584509964,136.0,129.0,387,323,710,265.0,24.70985915492958,7.0,35.14211886304909,110.0,142.0,452,372,824,252.0,18.95631067961165,-32.0,24.336283185840703,140.0,186.0,326.0,36.67605633802817,-46.0,43.343653250774,172.0,305.0,477.0,63.66504854368932,-133.0,46.236559139784944,-68.0,101.0,169.0,-39.0,-13.0,-5.753548475317928,-10.805835677208387,-87.0,151.0,26.988992205661155,2.8929058890109474,0.4483925549915397,0.8323943661971831,0.345679012345679,0.8847087378640777,divergent,concordant,-0.1027135426458607,0.0523143716668945,7,100,295,100,318,465,445,78,122,910,395,32.417582417582416,-195,21.50537634408602,418,34.94505494505494,-218,0.4858548585485855,-44,68,457,136,407,523,638,71,266,1161,525,26.766580534022395,-389,13.001912045889103,543,47.67614125753661,-271,0.49157303370786515,-195
E02000078,Bexley,9,9,11.01519091454664,10.34814640356461,864.0,846.0,0.879837067209776,0.8615071283095723,-0.0183299389002036,-0.6670445109820307,24.0,164.0,282,228,510,188.0,7.7176470588235295,-140.0,8.51063829787234,49.0,184.0,385,245,630,233.0,14.311111111111112,-135.0,12.727272727272728,39.0,218.0,257.0,16.67058823529412,-179.0,17.105263157894736,20.0,287.0,307.0,9.11111111111111,-267.0,8.16326530612245,-152.0,48.0,200.0,5.0,45.0,6.593464052287582,4.216634429400388,-88.0,50.0,-7.559477124183008,-8.941997851772287,0.4224719101123595,0.8725490196078431,0.4314814814814814,0.8571428571428571,concordant,concordant,0.0090095713691218,-0.015406162464986,8,24,381,39,329,361,423,79,195,784,405,11.66326530612245,-357,6.64819944598338,368,16.366071428571427,-290,0.5239327296248383,-116,47,525,20,439,502,556,117,311,1058,572,23.322306238185256,-478,9.362549800796813,459,8.298676748582231,-419,0.5548011639185257,-194
E02000079,Bexley,9,8,13.0314485380801,13.067737594617324,797.0,755.0,0.8116089613034623,0.7688391038696538,-0.0427698574338084,0.0362890565372246,135.0,226.0,544,461,1005,361.0,30.35820895522388,-91.0,24.816176470588236,129.0,291.0,721,487,1208,420.0,31.075331125827816,-162.0,17.891816920943135,146.0,359.0,505.0,52.15323383084577,-213.0,31.670281995661604,104.0,527.0,631.0,45.370860927152314,-423.0,21.35523613963039,-70.0,182.0,252.0,-71.0,59.0,0.7171221706039361,-6.9243595496451,-210.0,126.0,-6.782372903693457,-10.315045856031215,0.4168591224018476,0.8616915422885573,0.3996194100856327,0.8700331125827815,concordant,concordant,-0.0172397123162148,0.0083415702942242,7,174,470,203,433,661,718,117,257,1379,644,59.30384336475707,-296,26.32375189107413,636,63.74111675126903,-230,0.503125,-140,159,575,164,624,849,799,128,312,1648,734,55.47633495145631,-416,18.727915194346288,788,62.09708737864078,-460,0.48226018396846254,-184
E02000080,Bexley,9,9,12.415966450159068,11.92746678872953,825.0,791.0,0.840122199592668,0.8054989816700611,-0.0346232179226069,-0.488499661429536,135.0,245.0,579,369,948,380.0,34.889240506329116,-110.0,23.316062176165804,83.0,277.0,480,442,922,360.0,24.936008676789587,-194.0,17.291666666666668,61.0,400.0,461.0,25.738396624472575,-339.0,16.53116531165312,104.0,339.0,443.0,38.23861171366595,-235.0,23.52941176470588,-202.0,88.0,290.0,-84.0,-20.0,-9.95323182953953,-6.024395509499136,104.0,-18.0,12.500215089193372,6.9982464530527615,0.4518430439952438,0.8871308016877637,0.448318804483188,0.8709327548806941,concordant,concordant,-0.0035242395120557,-0.0161980468070696,7,159,456,107,463,671,616,92,247,1287,615,56.33566433566433,-297,23.69597615499255,570,38.4933954933955,-356,0.5189873417721519,-155,126,529,142,403,568,736,88,294,1304,655,51.11503067484663,-403,22.183098591549296,545,43.88496932515337,-261,0.5458333333333333,-206
E02000081,Bexley,8,7,14.80849674763743,16.31653587903639,755.0,648.0,0.7688391038696538,0.659877800407332,-0.1089613034623218,1.5080391313989612,135.0,108.0,391,291,682,243.0,21.378299120234605,27.0,34.52685421994885,155.0,149.0,462,335,797,304.0,28.97741530740276,6.0,33.549783549783555,134.0,215.0,349.0,42.24340175953079,-81.0,46.04810996563574,162.0,255.0,417.0,51.831869510664994,-93.0,48.35820895522388,56.0,198.0,142.0,-21.0,61.0,7.599116187168157,-0.9770706701652968,-12.0,68.0,9.588467751134203,2.310098989588141,0.4104729729729729,0.8680351906158358,0.421636615811373,0.904642409033877,divergent,divergent,0.0111636428384001,0.0366072184180412,6,147,108,155,215,487,475,96,184,962,255,16.503118503118504,39,30.184804928131413,370,34.641372141372145,-60,0.408,-88,186,149,169,255,549,673,87,338,1222,335,22.67921440261866,37,33.87978142076503,424,35.265957446808514,-86,0.4413702239789196,-251
E02000082,Bexley,10,10,9.348468976678683,8.814773633998266,907.0,903.0,0.9236252545824848,0.919551934826884,-0.0040733197556007,-0.5336953426804172,0.0,287.0,374,374,748,287.0,0.0,-287.0,0.0,0.0,308.0,524,374,898,308.0,0.0,-308.0,0.0,0.0,316.0,316.0,0.0,-316.0,0.0,0.0,464.0,464.0,0.0,-464.0,0.0,-308.0,0.0,308.0,-21.0,21.0,0.0,0.0,-148.0,148.0,0.0,0.0,0.4759535655058043,0.8061497326203209,0.3989637305699481,0.8596881959910914,concordant,concordant,-0.0769898349358561,0.0535384633707705,9,37,510,41,403,461,597,87,223,1058,547,17.83553875236295,-473,8.026030368763557,444,15.617202268431003,-362,0.5519677093844602,-136,30,610,39,561,621,676,97,302,1297,640,14.109483423284503,-580,4.830917874396135,600,16.86892829606785,-522,0.5161290322580645,-205
E02000083,Bexley,6,5,21.85970514891004,21.449695225225224,569.0,477.0,0.5794297352342159,0.4857433808553971,-0.0936863543788187,-0.4100099236848145,247.0,121.0,462,311,773,368.0,38.66364812419146,126.0,53.46320346320347,239.0,146.0,524,368,892,385.0,39.11883408071749,93.0,45.61068702290076,180.0,181.0,361.0,42.14747736093143,-1.0,57.87781350482315,206.0,245.0,451.0,56.58071748878924,-39.0,55.97826086956522,170.0,294.0,124.0,-33.0,17.0,0.4551859565260301,-7.852516440302708,-38.0,90.0,14.433240127857808,-1.8995526352579333,0.50480109739369,0.943078913324709,0.4605263157894737,0.937219730941704,divergent,divergent,-0.0442747816042162,-0.0058591823830048,4,424,114,544,170,639,675,177,364,1314,538,36.78538812785388,310,66.35367762128325,714,70.38051750380518,374,0.42971246006389774,-187,463,139,742,232,744,904,220,536,1648,602,39.05157766990291,324,62.23118279569893,974,104.45631067961165,510,0.3819796954314721,-316
E02000084,Bexley,10,10,8.733224478056574,9.105052779796512,924.0,891.0,0.940936863543788,0.9073319755600816,-0.0336048879837066,0.3718283017399386,0.0,317.0,490,418,908,317.0,0.0,-317.0,0.0,0.0,301.0,566,431,997,301.0,0.0,-301.0,0.0,0.0,364.0,364.0,0.0,-364.0,0.0,0.0,482.0,482.0,0.0,-482.0,0.0,-301.0,0.0,301.0,16.0,-16.0,0.0,0.0,-118.0,118.0,0.0,0.0,0.4654919236417034,0.75,0.384418901660281,0.7853560682046138,concordant,concordant,-0.0810730219814224,0.0353560682046137,9,33,618,68,483,609,717,119,299,1326,651,15.380090497737557,-585,5.41871921182266,551,24.76923076923077,-415,0.5415973377703827,-180,38,667,60,630,714,797,148,366,1511,705,16.774321641297153,-629,5.322128851540616,690,25.016545334215753,-570,0.5053763440860215,-218
E02000085,Bexley,9,9,11.640789962498417,11.577483086419754,844.0,803.0,0.8594704684317719,0.8177189409368636,-0.0417515274949082,-0.063306876078661,99.0,198.0,424,392,816,297.0,24.022058823529413,-99.0,23.349056603773587,118.0,193.0,491,355,846,311.0,26.919621749408982,-75.0,24.03258655804481,107.0,258.0,365.0,33.830882352941174,-151.0,27.29591836734694,98.0,267.0,365.0,30.9290780141844,-169.0,27.605633802816904,-85.0,121.0,206.0,24.0,14.0,2.897562925879569,0.6835299542712221,-18.0,0.0,-2.901804338756772,0.3097154354699647,0.4486404833836858,0.8112745098039216,0.4600591715976331,0.7990543735224587,concordant,concordant,0.0114186882139473,-0.0122201362814629,8,97,439,107,367,491,579,67,187,1070,536,39.797196261682245,-342,19.75560081466395,474,36.7,-260,0.5306930693069307,-120,118,484,97,420,584,608,93,253,1192,602,47.91275167785235,-366,20.205479452054796,517,34.17785234899329,-323,0.5379803395889187,-160
E02000086,Bexley,10,10,7.206032785889739,7.6400766428282285,956.0,930.0,0.9735234215885948,0.9470468431771896,-0.0264765784114052,0.4340438569384899,0.0,217.0,364,318,682,217.0,0.0,-217.0,0.0,0.0,266.0,361,358,719,266.0,0.0,-266.0,0.0,0.0,279.0,279.0,0.0,-279.0,0.0,0.0,298.0,298.0,0.0,-298.0,0.0,-266.0,0.0,266.0,-49.0,49.0,0.0,0.0,-19.0,19.0,0.0,0.0,0.4375,0.7272727272727273,0.4716312056737589,0.7844228094575799,concordant,concordant,0.0341312056737588,0.0571500821848526,10,0,440,0,415,450,483,86,165,933,440,0.0,-440,0.0,415,0.0,-415,0.5146198830409356,-79,0,547,0,396,424,584,63,226,1008,547,0.0,-547,0.0,396,0.0,-396,0.5800636267232238,-163
E02000087,Bexley,10,10,7.051178587808419,7.91500439753738,961.0,926.0,0.9786150712830958,0.9429735234215886,-0.0356415478615071,0.8638258097289606,0.0,212.0,377,280,657,212.0,0.0,-212.0,0.0,0.0,201.0,441,260,701,201.0,0.0,-201.0,0.0,0.0,269.0,269.0,0.0,-269.0,0.0,0.0,306.0,306.0,0.0,-306.0,0.0,-202.0,0.0,202.0,11.0,-11.0,0.0,0.0,-37.0,37.0,0.0,0.0,0.4407484407484408,0.7321156773211568,0.3964497041420118,0.7232524964336662,concordant,concordant,-0.0442987366064289,-0.0088631808874906,10,0,551,0,510,527,560,150,280,1087,551,0.0,-551,0.0,510,0.0,-510,0.5193213949104618,-130,0,596,0,554,581,602,140,342,1183,596,0.0,-596,0.0,554,0.0,-554,0.5182608695652174,-202
E02000088,Bexley,10,10,9.005323741889622,8.580550497866287,917.0,908.0,0.9338085539714868,0.924643584521385,-0.0091649694501018,-0.4247732440233349,0.0,279.0,376,346,722,279.0,0.0,-279.0,0.0,0.0,223.0,373,334,707,223.0,0.0,-223.0,0.0,0.0,289.0,289.0,0.0,-289.0,0.0,0.0,294.0,294.0,0.0,-294.0,0.0,-223.0,0.0,223.0,56.0,-56.0,0.0,0.0,-5.0,5.0,0.0,0.0,0.4911971830985915,0.7867036011080333,0.4313346228239845,0.7312588401697313,concordant,concordant,-0.059862560274607,-0.0554447609383019,9,71,451,26,353,439,518,63,172,957,522,33.45977011494253,-380,16.173120728929387,379,9.590386624869383,-327,0.5793562708102109,-109,39,545,61,409,488,656,115,322,1144,584,18.579545454545453,-506,7.991803278688526,470,21.808566433566433,-348,0.5540796963946869,-207
E02000089,Bexley,10,10,7.351837859437235,7.935679305097643,951.0,925.0,0.9684317718940936,0.9419551934826884,-0.0264765784114052,0.5838414456604077,0.0,256.0,376,356,732,256.0,0.0,-256.0,0.0,0.0,181.0,379,261,640,181.0,0.0,-181.0,0.0,0.0,299.0,299.0,0.0,-299.0,0.0,0.0,320.0,320.0,0.0,-320.0,0.0,-181.0,0.0,181.0,75.0,-75.0,0.0,0.0,-21.0,21.0,0.0,0.0,0.4612612612612612,0.7581967213114754,0.3612774451097804,0.7828125,concordant,concordant,-0.0999838161514808,0.0246157786885246,10,0,476,0,419,457,525,81,169,982,476,0.0,-476,0.0,419,0.0,-419,0.5318435754189944,-88,0,455,0,415,446,495,67,234,941,455,0.0,-455,0.0,415,0.0,-415,0.5229885057471264,-167
E02000090,Bexley,9,9,11.898237853197342,11.417497471214894,836.0,808.0,0.8513238289205702,0.8228105906313645,-0.0285132382892057,-0.4807403819824483,158.0,266.0,688,533,1221,424.0,34.42096642096642,-108.0,22.96511627906977,148.0,309.0,723,669,1392,457.0,32.85344827586207,-161.0,20.470262793914245,131.0,406.0,537.0,43.55937755937756,-275.0,24.577861163227016,195.0,424.0,619.0,59.39655172413793,-229.0,29.14798206278027,-250.0,145.0,395.0,-53.0,33.0,-1.5675181451043514,-2.4948534851555237,46.0,82.0,15.83717416476037,4.5701208995532525,0.441207075962539,0.7870597870597871,0.4247211895910781,0.7729885057471264,concordant,concordant,-0.0164858863714609,-0.0140712813126606,8,158,606,131,706,901,765,213,232,1666,764,57.47178871548619,-448,17.53607103218646,837,55.513805522208884,-575,0.4772017489069332,-19,147,736,194,932,1113,990,390,321,2103,883,51.44650499286733,-589,13.20754716981132,1126,85.97622444127437,-738,0.439522150323544,69
E02000091,Bexley,9,8,12.663692027267093,12.677847819426002,816.0,770.0,0.8309572301425662,0.7841140529531568,-0.0468431771894093,0.0141557921589097,154.0,274.0,684,493,1177,428.0,35.850467289719624,-120.0,22.514619883040936,157.0,267.0,722,558,1280,424.0,32.74921875,-110.0,21.74515235457064,137.0,356.0,493.0,41.437553101104506,-219.0,27.789046653144016,156.0,419.0,575.0,51.065625,-263.0,27.956989247311824,72.0,306.0,234.0,10.0,-4.0,-3.101248539719627,-0.7694675284702974,-44.0,82.0,9.628071898895492,0.1679425941678083,0.4647122692725298,0.7824978759558199,0.4244244244244244,0.78046875,concordant,concordant,-0.0402878448481054,-0.0020291259558198,7,293,569,205,597,937,808,253,315,1745,862,95.53982808022923,-276,31.270010672358588,802,70.13467048710602,-392,0.5180288461538461,-62,275,651,273,540,878,960,156,402,1838,926,97.40206746463548,-376,31.32118451025057,813,80.20674646354733,-267,0.5324899367452559,-246
E02000092,Bexley,4,2,31.1720372237784,30.79426125857441,333.0,182.0,0.3391038696537678,0.185336048879837,-0.1537678207739307,-0.3777759652039911,241.0,36.0,372,230,602,277.0,14.411960132890366,205.0,64.78494623655914,257.0,32.0,348,208,556,289.0,14.79136690647482,225.0,73.85057471264368,182.0,70.0,252.0,21.162790697674417,112.0,79.13043478260869,164.0,64.0,228.0,18.87769784172662,100.0,78.84615384615384,291.0,300.0,9.0,20.0,12.0,0.3794067735844546,9.06562847608454,-12.0,-24.0,-2.2850928559477985,-0.2842809364548486,0.5236294896030246,0.8787375415282392,0.5589941972920697,0.9298561151079136,concordant,concordant,0.035364707689045,0.0511185735796744,3,316,36,358,70,450,417,78,187,867,352,13.121107266435986,280,70.22222222222221,428,28.904267589388695,288,0.4512820512820513,-109,351,32,398,64,447,443,99,235,890,383,12.620224719101124,319,78.52348993288591,462,28.620224719101124,334,0.4532544378698225,-136
E02000093,Brent,6,6,21.2258367995957,18.51265270980605,584.0,581.0,0.594704684317719,0.5916496945010183,-0.0030549898167006,-2.7131840897896495,263.0,302.0,719,779,1498,565.0,53.02136181575434,-39.0,36.57858136300417,407.0,298.0,1007,763,1770,705.0,68.52316384180791,109.0,40.41708043694141,362.0,341.0,703.0,82.4045393858478,21.0,46.46983311938382,376.0,453.0,829.0,96.23050847457628,-77.0,49.279161205766705,36.0,313.0,277.0,148.0,140.0,15.501802026053577,3.838499073937242,-98.0,126.0,13.825969088728485,2.809328086382884,0.445583596214511,0.8464619492656876,0.4595827900912647,0.8666666666666667,divergent,divergent,0.0139991938767536,0.020204717400979,5,275,384,478,432,808,984,89,205,1792,659,58.92857142857143,-109,34.03465346534654,910,115.23214285714286,46,0.420012746972594,-116,397,356,682,537,1124,1157,117,394,2281,753,61.96054362121876,41,35.320284697508896,1219,160.55852696185883,145,0.38184584178498987,-277
E02000094,Brent,5,6,24.150200038874917,19.701443778110946,484.0,547.0,0.4928716904276985,0.5570264765784114,0.0641547861507128,-4.448756260763972,286.0,124.0,583,644,1227,410.0,28.903015484922577,162.0,49.056603773584904,390.0,141.0,802,750,1552,531.0,35.43170103092783,249.0,48.6284289276808,363.0,164.0,527.0,48.51833740831296,199.0,56.36645962732919,462.0,249.0,711.0,74.12242268041237,213.0,61.6,-125.0,163.0,288.0,87.0,121.0,6.528685546005256,-0.4281748459041026,14.0,184.0,25.60408527209941,5.233540372670809,0.4375667022411953,0.7636511817440913,0.427536231884058,0.8002577319587629,concordant,concordant,-0.0100304703571373,0.0366065502146716,4,283,184,419,201,646,784,63,140,1430,467,36.41398601398601,99,43.808049535603715,620,58.8944055944056,218,0.4296228150873965,-77,405,192,714,309,913,1081,111,331,1994,597,38.99699097291876,213,44.359255202628695,1023,110.64493480441324,405,0.3685185185185185,-220
E02000095,Brent,5,6,25.4529232454884,18.901116121982717,463.0,574.0,0.4714867617107943,0.5845213849287169,0.1130346232179225,-6.551807123505682,324.0,208.0,594,789,1383,532.0,48.72885032537961,116.0,54.54545454545454,390.0,151.0,669,804,1473,541.0,39.979633401222,239.0,58.29596412556054,460.0,118.0,578.0,39.248011569052785,342.0,58.30164765525983,527.0,146.0,673.0,52.23489477257298,381.0,65.54726368159204,-67.0,191.0,258.0,123.0,9.0,-8.749216924157608,3.750509580105998,39.0,95.0,12.986883203520192,7.245616026332215,0.4792792792792792,0.8026030368763557,0.4456342668863262,0.8241683638832314,concordant,concordant,-0.033645012392953,0.0215653270068757,4,320,248,527,148,669,961,75,172,1630,568,48.68711656441718,72,47.832585949177876,675,47.85030674846626,379,0.4569589702333065,-97,376,167,703,194,749,1064,80,260,1813,543,34.63430777716492,209,50.200267022696934,897,75.22448979591837,509,0.3770833333333333,-180
E02000096,Brent,8,9,14.634358061331929,11.05660951621478,760.0,828.0,0.7739307535641547,0.8431771894093686,0.0692464358452138,-3.5777485451171493,79.0,402.0,526,637,1163,481.0,27.306964746345656,-323.0,15.019011406844108,57.0,275.0,414,462,876,332.0,17.893835616438356,-218.0,13.768115942028986,133.0,353.0,486.0,40.368873602751506,-220.0,20.87912087912088,94.0,278.0,372.0,29.831050228310502,-184.0,20.346320346320347,-394.0,10.0,404.0,105.0,-149.0,-9.4131291299073,-1.2508954648151214,36.0,-114.0,-10.537823374441004,-0.5328005328005325,0.4974146845915201,0.8314703353396389,0.4715909090909091,0.8036529680365296,concordant,concordant,-0.025823775500611,-0.0278173673031092,7,35,694,87,541,640,859,114,222,1499,729,16.20413609072715,-659,5.46875,628,31.398932621747832,-454,0.5372144436256449,-108,28,598,43,413,479,709,65,247,1188,626,14.094276094276093,-570,5.845511482254697,456,14.948653198653199,-370,0.5785582255083179,-182
E02000097,Brent,6,6,23.222842675820495,19.284324330332336,527.0,564.0,0.5366598778004074,0.5743380855397149,0.0376782077393075,-3.938518345488159,152.0,371.0,505,726,1231,523.0,45.80991064175467,-219.0,30.099009900990097,140.0,305.0,619,630,1249,445.0,34.18734987990392,-165.0,22.617124394184167,230.0,296.0,526.0,55.30463038180341,-66.0,31.68044077134986,216.0,368.0,584.0,63.64131305044035,-152.0,34.285714285714285,-129.0,123.0,252.0,54.0,-78.0,-11.62256076185075,-7.481885506805931,-86.0,58.0,8.33668266863694,2.605273514364423,0.4985700667302192,0.8521527213647441,0.4324586977648202,0.8238590872698158,concordant,concordant,-0.066111368965399,-0.0282936340949282,4,249,227,468,172,569,899,64,173,1468,476,38.503405994550405,22,43.7609841827768,640,54.833787465940055,296,0.4265232974910394,-109,247,193,532,239,698,868,79,238,1566,440,30.44125159642401,54,35.38681948424069,771,81.19284802043423,293,0.3633360858794385,-159
E02000098,Brent,5,5,24.057873358509568,21.869006846846847,488.0,459.0,0.4969450101832994,0.4674134419551934,-0.0295315682281059,-2.18886651166272,275.0,224.0,581,865,1446,499.0,42.60027662517289,51.0,47.332185886402755,270.0,181.0,535,755,1290,451.0,37.88372093023256,89.0,50.467289719626166,495.0,212.0,707.0,72.57261410788382,283.0,57.22543352601156,469.0,153.0,622.0,55.62558139534884,316.0,62.11920529801325,78.0,253.0,175.0,38.0,-48.0,-4.716555694940325,3.135103833223411,33.0,-85.0,-16.947032712534984,4.893771772001692,0.4137645107794361,0.8340248962655602,0.4203168685927306,0.8317829457364341,concordant,concordant,0.0065523578132944,-0.0022419505291261,4,229,277,519,241,668,1050,87,185,1718,506,36.92258440046566,-48,34.2814371257485,760,72.80500582072177,278,0.39968404423380727,-98,256,207,483,204,602,996,67,241,1598,463,33.16145181476846,49,42.524916943521596,687,61.659574468085104,279,0.4026086956521739,-174
E02000099,Brent,6,6,23.503194765131504,18.820169756207168,514.0,575.0,0.5234215885947047,0.5855397148676171,0.0621181262729124,-4.683025008924336,205.0,420.0,766,802,1568,625.0,54.910714285714285,-215.0,26.762402088772845,265.0,281.0,867,727,1594,546.0,46.715809284818064,-16.0,30.565167243367934,279.0,411.0,690.0,73.13073979591837,-132.0,34.78802992518703,297.0,484.0,781.0,90.18067754077792,-187.0,40.852819807427785,-40.0,255.0,295.0,199.0,-79.0,-8.19490500089622,3.8027651545950896,-55.0,91.0,17.049937744859548,6.064789882240753,0.4752851711026616,0.8386479591836735,0.4114544084400904,0.8324968632371392,concordant,concordant,-0.0638307626625712,-0.0061510959465342,4,370,286,508,244,902,1012,136,210,1914,656,55.28735632183908,84,41.019955654102,752,64.76071055381401,264,0.4659090909090909,-74,371,188,636,240,959,1027,92,300,1986,559,35.11983887210474,183,38.68613138686132,876,76.85800604229607,396,0.38954703832752613,-208
E02000100,Brent,8,8,16.663743371483072,12.250444992710552,712.0,784.0,0.725050916496945,0.7983706720977597,0.0733197556008147,-4.41329837877252,73.0,614.0,502,806,1308,687.0,34.26758409785933,-541.0,14.54183266932271,63.0,650.0,506,865,1371,713.0,29.86870897155361,-587.0,12.450592885375494,111.0,360.0,471.0,30.55045871559633,-249.0,13.771712158808931,128.0,364.0,492.0,33.98395331874544,-236.0,14.797687861271678,-592.0,46.0,638.0,-46.0,26.0,-4.398875126305718,-2.0912397839472163,13.0,21.0,3.4334946031491107,1.0259757024627465,0.5932642487046632,0.8853211009174312,0.591701244813278,0.8789204959883297,concordant,concordant,-0.0015630038913851,-0.0064006049291015,6,116,609,142,355,979,1053,477,247,2032,725,34.76574803149607,-493,11.8488253319714,497,24.808070866141733,-213,0.5932896890343698,230,97,649,170,364,720,1133,214,268,1853,746,33.973556395035075,-552,13.472222222222221,534,33.39449541284404,-194,0.5828125,-54
E02000101,Brent,2,3,38.46718823724818,27.68633350676379,158.0,279.0,0.1608961303462321,0.2841140529531568,0.1232179226069246,-10.78085473048439,646.0,62.0,737,779,1516,708.0,26.41952506596306,584.0,87.65264586160109,602.0,51.0,694,752,1446,653.0,21.232365145228215,551.0,86.74351585014409,704.0,69.0,773.0,32.04221635883905,635.0,90.37227214377408,667.0,72.0,739.0,33.211618257261414,595.0,88.6968085106383,383.0,532.0,149.0,-33.0,-55.0,-5.187159920734846,-0.9091300114569948,-40.0,-34.0,1.1694018984223646,-1.6754636331357773,0.4780553679945982,0.9769129287598944,0.4691091954022988,0.9626556016597512,concordant,concordant,-0.0089461725922994,-0.0142573271001433,2,649,70,828,77,806,981,69,202,1787,719,25.422495803021825,579,80.5210918114144,905,35.6776720761052,751,0.44273399014778325,-133,607,55,833,82,759,1018,65,266,1777,662,18.787281935846934,552,79.97364953886694,915,38.43894203714125,751,0.4197844007609385,-201
E02000102,Brent,3,2,35.50564096537251,33.10145888053041,211.0,121.0,0.2148676171079429,0.1232179226069246,-0.0916496945010183,-2.4041820848420983,369.0,143.0,658,696,1354,512.0,38.9711964549483,226.0,56.079027355623104,238.0,133.0,480,651,1131,371.0,27.98762157382847,105.0,49.583333333333336,465.0,173.0,638.0,59.41285081240768,292.0,66.8103448275862,472.0,156.0,628.0,65.10344827586206,316.0,72.50384024577573,169.0,267.0,98.0,-121.0,-141.0,-10.983574881119829,-6.4956940222897686,24.0,-10.0,5.690597463454381,5.693495418189528,0.4452173913043478,0.8493353028064993,0.3713713713713714,0.883289124668435,concordant,concordant,-0.0738460199329764,0.0339538218619357,2,410,115,583,141,698,808,40,112,1506,525,31.308100929614874,295,58.73925501432665,724,54.58366533864542,442,0.42033626901521215,-72,302,103,633,130,544,811,64,160,1355,405,22.956457564575647,199,55.51470588235294,763,60.730627306273064,503,0.3467465753424658,-96
E02000103,Brent,4,3,31.041659579273183,28.897435159149705,336.0,234.0,0.3421588594704684,0.2382892057026476,-0.1038696537678207,-2.1442244201234786,402.0,252.0,827,725,1552,654.0,65.27319587628865,150.0,48.60943168077388,288.0,287.0,729,873,1602,575.0,51.59550561797753,1.0,39.50617283950617,391.0,344.0,735.0,86.66494845360825,47.0,53.93103448275862,458.0,319.0,777.0,91.19975031210986,139.0,52.46277205040092,163.0,408.0,245.0,-149.0,-79.0,-13.677690258311124,-9.10325884126771,92.0,42.0,4.534801858501609,-1.4682624323576974,0.4708423326133909,0.8949742268041238,0.4252958579881656,0.8439450686641697,concordant,concordant,-0.0455464746252252,-0.051029158139954,3,438,245,526,343,897,889,70,164,1786,683,60.08398656215006,193,48.82943143812709,869,101.01791713325868,183,0.44007731958762886,-94,362,286,671,319,836,1123,107,250,1959,648,52.84941296579888,76,43.301435406698566,990,109.26442062276672,352,0.3956043956043956,-143
E02000104,Brent,6,5,22.399759736958767,23.181167785234894,549.0,415.0,0.5590631364562119,0.4226069246435845,-0.1364562118126273,0.7814080482761305,108.0,368.0,558,659,1217,476.0,32.65735414954807,-260.0,19.35483870967742,100.0,289.0,531,645,1176,389.0,24.57482993197279,-189.0,18.832391713747647,158.0,362.0,520.0,46.99753492193919,-204.0,23.975720789074355,206.0,326.0,532.0,57.105442176870746,-120.0,31.93798449612403,41.0,178.0,137.0,71.0,-87.0,-8.08252421757528,-0.5224469959297728,84.0,12.0,10.107907254931554,7.962263707049676,0.4779116465863454,0.8184059161873459,0.4223669923995657,0.7831632653061225,concordant,concordant,-0.0555446541867796,-0.0352426508812234,4,232,232,289,204,670,784,112,125,1454,464,37.01788170563962,0,34.626865671641795,493,40.5474552957359,85,0.48484848484848486,-13,211,192,454,233,618,874,87,229,1492,403,27.152815013404826,19,34.14239482200647,687,70.89946380697052,221,0.3697247706422018,-142
E02000105,Brent,5,5,25.907993962182132,21.4174492812723,450.0,478.0,0.4582484725050916,0.4867617107942973,0.0285132382892057,-4.4905446809098315,353.0,284.0,859,1051,1910,637.0,52.48795811518325,69.0,41.09429569266589,411.0,228.0,759,821,1580,639.0,59.30886075949367,183.0,54.1501976284585,496.0,220.0,716.0,57.13089005235602,276.0,47.19314938154139,407.0,158.0,565.0,40.7,249.0,49.57369062119367,153.0,390.0,237.0,114.0,2.0,6.820902644310422,13.055901935792612,-27.0,-151.0,-16.43089005235602,2.380541239652281,0.4708056171470806,0.7083769633507854,0.5307308970099668,0.7620253164556962,concordant,concordant,0.0599252798628862,0.0536483531049107,4,334,445,504,411,959,1207,100,156,2166,779,68.61957525392428,-111,34.82794577685089,915,95.63434903047091,93,0.45985832349468714,-56,423,334,570,257,852,1062,93,241,1914,757,73.81504702194357,89,49.647887323943664,827,76.53605015673982,313,0.4779040404040404,-148
E02000106,Brent,3,2,33.170731411373204,33.326787599188044,282.0,114.0,0.2871690427698574,0.1160896130346232,-0.1710794297352342,0.1560561878148405,513.0,291.0,942,1105,2047,804.0,72.92769907181241,222.0,54.45859872611465,473.0,348.0,858,1334,2192,821.0,75.09306569343066,125.0,55.12820512820513,689.0,333.0,1022.0,112.08451392281388,356.0,62.35294117647059,847.0,326.0,1173.0,125.96806569343066,521.0,63.493253373313344,394.0,604.0,210.0,-97.0,17.0,2.1653666216182472,0.66960640209048,165.0,151.0,13.883551770616776,1.140312196842757,0.4403066812705367,0.8920371275036639,0.4117352056168505,0.9096715328467152,concordant,concordant,-0.0285714756536861,0.0176344053430513,2,642,255,860,268,1071,1275,129,170,2346,897,69.78260869565217,387,59.943977591036415,1128,98.24381926683716,592,0.44296296296296295,-41,572,239,1109,224,957,1593,99,259,2550,811,53.61098039215686,333,59.77011494252874,1333,97.41803921568628,885,0.37826492537313433,-160
E02000107,Brent,4,4,30.966089681069956,25.179422019154728,340.0,353.0,0.3462321792260692,0.3594704684317719,0.0132382892057026,-5.786667661915228,641.0,446.0,1329,1395,2724,1087.0,104.95080763582966,195.0,48.23175319789315,560.0,435.0,1167,1392,2559,995.0,95.1934349355217,125.0,47.98628963153384,688.0,405.0,1093.0,102.29074889867842,283.0,49.31899641577061,696.0,396.0,1092.0,107.70457209847596,300.0,50.0,104.0,584.0,480.0,-70.0,-92.0,-9.757372700307968,-0.2454635663593052,17.0,-1.0,5.413823199797548,0.6810035842293871,0.4986238532110091,0.8002936857562408,0.4767609008145663,0.8155529503712388,concordant,concordant,-0.0218629523964428,0.0152592646149979,3,857,444,899,403,1602,1647,273,252,3249,1301,117.11542012927055,413,53.495630461922595,1302,111.5103108648815,496,0.49980791394544755,21,671,430,1010,396,1306,1742,139,350,3048,1101,94.66207349081365,241,51.378254211332305,1406,131.2204724409449,614,0.43917032309533305,-211
E02000108,Brent,5,6,26.73734961269745,20.698059812235012,435.0,506.0,0.4429735234215886,0.515274949083503,0.0723014256619144,-6.039289800462438,255.0,169.0,573,737,1310,424.0,32.896946564885496,86.0,44.50261780104712,255.0,152.0,501,598,1099,407.0,35.26842584167425,103.0,50.898203592814376,348.0,99.0,447.0,26.299236641221373,249.0,47.218453188602446,290.0,121.0,411.0,31.929026387625115,169.0,48.49498327759198,-230.0,117.0,347.0,17.0,-17.0,2.3714792767887545,6.395585791767253,-80.0,-36.0,5.629789746403741,1.2765300889895317,0.4867967853042479,0.6648854961832061,0.4975550122249388,0.7443130118289354,concordant,concordant,0.0107582269206908,0.0794275156457292,3,489,112,602,62,653,857,80,120,1510,601,36.27019867549669,377,74.88514548238896,664,24.717880794701987,540,0.475098814229249,-40,452,105,614,86,620,840,119,242,1460,557,32.50684931506849,347,72.90322580645162,700,36.16712328767123,528,0.44311853619729513,-123
E02000109,Brent,6,5,22.933359840457552,21.547692966636607,535.0,473.0,0.544806517311609,0.4816700610997963,-0.0631364562118126,-1.385666873820945,194.0,454.0,1175,723,1898,648.0,46.40463645943098,-260.0,16.51063829787234,465.0,1209.0,2092,2112,4204,1674.0,133.72621313035205,-744.0,22.22753346080306,174.0,855.0,1029.0,78.38250790305585,-681.0,24.066390041493776,632.0,1341.0,1973.0,201.5965746907707,-709.0,29.924242424242426,51.0,684.0,633.0,-484.0,1026.0,87.32157667092108,5.716895162930719,-28.0,944.0,123.21406678771484,5.85785238274865,0.3864042933810375,0.8835616438356164,0.4590074033452152,0.8675071360608944,concordant,concordant,0.0726031099641776,-0.016054507774722,4,323,314,338,646,1289,868,114,145,2157,637,47.01993509503941,9,25.058184639255238,984,101.22763096893834,-308,0.3929673041332511,-31,1671,817,1509,1067,3245,2923,1153,811,6168,2488,221.33706225680933,854,51.494607087827426,2576,261.04134241245134,442,0.4913112164296998,342
E02000110,Brent,5,6,26.626919551131444,20.8727315428301,438.0,497.0,0.4460285132382892,0.5061099796334012,0.060081466395112,-5.754188008301345,236.0,556.0,860,979,1839,792.0,71.35182164219685,-320.0,27.44186046511628,209.0,677.0,813,1131,1944,886.0,72.78446502057614,-468.0,25.707257072570727,332.0,558.0,890.0,100.7373572593801,-226.0,33.912155260469866,353.0,547.0,900.0,99.32664609053498,-194.0,31.21131741821397,-616.0,157.0,773.0,-148.0,94.0,1.4326433783792822,-1.734603392545555,32.0,10.0,-1.4107111688451257,-2.700837842255897,0.4708680142687277,0.9146275149537793,0.496080627099664,0.918724279835391,concordant,concordant,0.0252126128309363,0.0040967648816117,4,394,588,438,568,1069,1158,209,179,2227,982,104.02873821284238,-194,36.85687558465856,1006,111.71261787157611,-130,0.4939637826961771,30,294,720,541,574,939,1397,126,266,2336,1014,90.61643835616438,-426,31.309904153354633,1115,132.93407534246575,-33,0.47627994363550963,-140
E02000111,Brent,5,5,27.149569854835413,22.217877004848937,426.0,446.0,0.4338085539714867,0.4541751527494908,0.020366598778004,-4.931692849986476,267.0,212.0,707,1034,1741,479.0,32.51234922458357,55.0,37.765205091937766,330.0,173.0,813,1118,1931,503.0,29.564992232004144,157.0,40.59040590405904,537.0,194.0,731.0,59.83802412406663,343.0,51.93423597678917,464.0,186.0,650.0,44.69394096323148,278.0,41.50268336314848,-8.0,180.0,188.0,102.0,24.0,-2.9473569925794294,2.825200812121274,-65.0,-81.0,-15.144083160835144,-10.43155261364069,0.3958677685950413,0.6950028719126938,0.4362532523850824,0.597099948213361,concordant,concordant,0.040385483790041,-0.0979029236993328,3,467,152,901,151,767,1221,60,187,1988,619,35.70623742454728,315,60.88657105606258,1052,68.43611670020121,750,0.37043686415320165,-127,541,125,1099,141,866,1452,53,334,2318,666,29.173856773080242,416,62.47113163972286,1240,66.85030198446937,958,0.34942287513116477,-281
E02000112,Brent,5,5,26.429677364291777,23.599742559523808,441.0,397.0,0.4490835030549898,0.4042769857433808,-0.044806517311609,-2.8299348047679658,295.0,331.0,789,1096,1885,626.0,51.80106100795756,-36.0,37.38910012674271,625.0,297.0,1514,1162,2676,922.0,69.36659192825113,328.0,41.28137384412153,485.0,257.0,742.0,66.12466843501326,228.0,44.25182481751825,548.0,520.0,1068.0,106.48729446935724,28.0,47.16006884681583,25.0,320.0,295.0,364.0,296.0,17.56553092029357,3.8922737173788207,-200.0,326.0,40.362626034343975,2.9082440292975846,0.4576023391812865,0.7257294429708223,0.4633165829145728,0.7436472346786248,divergent,concordant,0.0057142437332862,0.0179177917078025,4,221,489,393,416,877,1241,88,145,2118,710,51.024079320113316,-268,25.19954389965792,809,77.18980169971671,-23,0.467412771560237,-57,338,483,541,754,1616,1450,102,288,3066,821,53.24657534246575,-145,20.915841584158414,1295,133.044357469015,-213,0.3879962192816635,-186
E02000113,Brent,1,1,50.072507560849296,45.0679723035117,22.0,5.0,0.0224032586558044,0.005091649694501,-0.0173116089613034,-5.004535257337594,518.0,0.0,638,678,1316,518.0,0.0,518.0,81.19122257053291,471.0,0.0,566,709,1275,471.0,0.0,471.0,83.21554770318022,490.0,0.0,490.0,0.0,490.0,72.27138643067846,626.0,0.0,626.0,0.0,626.0,88.29337094499294,428.0,428.0,0.0,-47.0,-47.0,0.0,2.0243251326473057,136.0,136.0,0.0,16.021984514314482,0.5138888888888888,0.7659574468085106,0.4293527803099362,0.8603921568627451,concordant,concordant,-0.0845361085789526,0.0944347100542344,1,530,0,557,0,708,803,70,125,1511,530,0.0,530,74.85875706214689,557,0.0,557,0.48758049678012877,-55,483,0,790,0,619,896,53,187,1515,483,0.0,483,78.02907915993538,790,0.0,790,0.37941869599371564,-134
E02000114,Brent,4,4,32.284846362930075,24.566917720834685,304.0,371.0,0.3095723014256619,0.3778004073319755,0.0682281059063136,-7.717928642095391,550.0,418.0,1134,1211,2345,968.0,98.03837953091684,132.0,48.50088183421517,591.0,493.0,1263,1322,2585,1084.0,112.71295938104448,98.0,46.79334916864608,580.0,345.0,925.0,85.33049040511727,235.0,47.89430222956235,636.0,463.0,1099.0,113.91411992263056,173.0,48.1089258698941,171.0,623.0,452.0,-34.0,116.0,14.674579850127644,-1.70753266556909,-62.0,174.0,28.583629517513288,0.2146236403317516,0.5113576333861596,0.8072494669509594,0.4965643609711406,0.8444874274661509,concordant,concordant,-0.0147932724150189,0.0372379605151914,3,774,415,747,345,1415,1414,281,203,2829,1189,113.54188759278897,359,54.699646643109546,1092,91.09756097560975,402,0.5212626041209996,78,650,487,917,462,1363,1655,100,333,3018,1137,104.88734261100066,163,47.68892149669846,1379,140.37574552683895,455,0.45190779014308424,-233
E02000115,Brent,4,4,30.233784383693045,23.96195340628309,358.0,388.0,0.3645621181262729,0.395112016293279,0.030549898167006,-6.271830977409955,646.0,320.0,1199,1238,2437,966.0,84.82560525235945,326.0,53.87823185988324,416.0,318.0,1007,1072,2079,734.0,63.63059163059163,98.0,41.31082423038729,698.0,318.0,1016.0,91.08083709478868,380.0,56.38126009693053,517.0,380.0,897.0,94.4973544973545,137.0,48.22761194029851,179.0,448.0,269.0,-228.0,-232.0,-21.19501362176782,-12.567407629495952,-243.0,-119.0,3.416517402565816,-8.153648156632023,0.4873864783047427,0.8132950348789495,0.4500306560392397,0.7845117845117845,concordant,concordant,-0.0373558222655029,-0.028783250367165,3,901,317,883,306,1491,1468,292,230,2959,1218,96.52483947279487,584,60.42924211938296,1189,91.31395741804664,577,0.5060240963855421,62,593,303,826,378,1205,1433,198,361,2638,896,68.11182714177407,290,49.21161825726141,1204,118.35784685367703,448,0.4266666666666667,-163
E02000116,Brent,1,1,42.98006987243959,34.40406928406467,90.0,93.0,0.0916496945010183,0.0947046843177189,0.0030549898167006,-8.576000588374924,842.0,0.0,978,895,1873,842.0,0.0,842.0,86.09406952965234,728.0,0.0,867,935,1802,728.0,0.0,728.0,83.9677047289504,783.0,0.0,783.0,0.0,783.0,87.48603351955308,816.0,0.0,816.0,0.0,816.0,87.27272727272727,704.0,704.0,0.0,-114.0,-114.0,0.0,-2.1263648007019498,33.0,33.0,0.0,-0.2133062468258089,0.5181538461538462,0.8675920982381207,0.4715025906735751,0.8568257491675916,concordant,concordant,-0.046651255480271,-0.010766349070529,1,935,0,866,0,1130,1020,152,125,2150,935,0.0,935,82.7433628318584,866,0.0,866,0.5191560244308717,27,727,0,1060,0,932,1201,65,266,2133,727,0.0,727,78.00429184549357,1060,0.0,1060,0.4068270844991606,-201
E02000117,Brent,1,1,45.61755650961458,40.87962306326662,55.0,18.0,0.0560081466395112,0.0183299389002036,-0.0376782077393075,-4.737933446347959,972.0,0.0,1175,1044,2219,972.0,0.0,972.0,82.72340425531914,686.0,0.0,819,1195,2014,686.0,0.0,686.0,83.76068376068376,851.0,0.0,851.0,0.0,851.0,81.51340996168582,1008.0,0.0,1008.0,0.0,1008.0,84.35146443514644,544.0,544.0,0.0,-286.0,-286.0,0.0,1.0372795053646229,157.0,157.0,0.0,2.838054473460616,0.5331870543060888,0.8215412347904462,0.4049586776859504,0.8411122144985105,concordant,concordant,-0.1282283766201384,0.0195709797080643,1,832,0,925,0,1247,1229,72,185,2476,832,0.0,832,66.72012830793905,925,0.0,925,0.4735344336937962,-113,650,0,1146,0,931,1431,112,236,2362,650,0.0,650,69.81740064446831,1146,0.0,1146,0.3619153674832962,-124
E02000118,Brent,5,5,28.334302550663132,23.451696060577017,398.0,406.0,0.405295315682281,0.4134419551934827,0.0081466395112016,-4.882606490086118,251.0,224.0,632,846,1478,475.0,38.04059539918809,27.0,39.71518987341772,299.0,204.0,761,934,1695,503.0,35.9858407079646,95.0,39.2904073587385,398.0,168.0,566.0,45.239512855209746,230.0,47.04491725768322,463.0,179.0,642.0,48.89498525073746,284.0,49.57173447537473,-18.0,185.0,203.0,68.0,28.0,-2.0547546912234935,-0.4247825146792223,54.0,76.0,3.655472395527717,2.526817217691516,0.4562920268972142,0.7043301759133965,0.4393013100436681,0.6755162241887905,concordant,concordant,-0.016990716853546,-0.0288139517246059,3,411,162,638,120,683,969,51,123,1652,573,40.303874092009686,249,60.17569546120058,758,46.34382566585956,518,0.43050338091660406,-72,502,139,1008,140,843,1326,82,392,2169,641,32.17058552328262,363,59.549228944246735,1148,65.06224066390041,868,0.3583007266629402,-310
E02000119,Brent,1,1,55.33502082142857,45.55961340206186,5.0,4.0,0.005091649694501,0.0040733197556008,-0.0010183299389002,-9.775407419366708,511.0,0.0,662,556,1218,511.0,0.0,511.0,77.19033232628398,720.0,0.0,920,710,1630,720.0,0.0,720.0,78.26086956521739,415.0,0.0,415.0,0.0,415.0,74.64028776978418,597.0,0.0,597.0,0.0,597.0,84.08450704225352,673.0,673.0,0.0,209.0,209.0,0.0,1.0705372389334116,182.0,182.0,0.0,9.44421927246934,0.5518358531317494,0.7602627257799671,0.5466970387243736,0.8079754601226994,concordant,concordant,-0.0051388144073758,0.0477127343427322,1,474,0,467,0,716,652,54,96,1368,474,0.0,474,66.20111731843575,467,0.0,467,0.5037194473963869,-42,820,0,801,0,1064,962,144,252,2026,820,0.0,820,77.06766917293233,801,0.0,801,0.5058605798889574,-108
E02000120,Brent,3,4,33.561413477317124,25.24858486532706,271.0,349.0,0.2759674134419552,0.355397148676171,0.0794297352342158,-8.312828611990064,876.0,291.0,1280,1302,2582,1167.0,98.72811773818744,585.0,68.4375,775.0,359.0,1220,1444,2664,1134.0,104.4388138138138,416.0,63.52459016393443,888.0,265.0,1153.0,91.138652207591,623.0,68.20276497695853,926.0,328.0,1254.0,114.012012012012,598.0,64.12742382271468,113.0,589.0,476.0,-169.0,-33.0,5.710696075626359,-4.912909836065573,-25.0,101.0,22.873359804421,-4.0753411542438585,0.5030172413793104,0.8985282726568552,0.4748743718592965,0.8963963963963963,concordant,concordant,-0.0281428695200138,-0.0021318762604588,2,1184,204,1179,186,1584,1588,304,286,3172,1388,76.14627994955863,980,74.74747474747475,1365,69.13430012610341,993,0.5041772611696331,18,1019,201,1319,225,1460,1832,240,388,3292,1220,62.21719319562576,818,69.79452054794521,1544,90.1503645200486,1094,0.44138929088277856,-148
E02000121,Brent,6,5,23.168626830851895,22.230575781326543,530.0,445.0,0.539714867617108,0.4531568228105906,-0.0865580448065173,-0.9380510495253525,130.0,545.0,637,853,1490,675.0,47.5503355704698,-415.0,20.40816326530612,152.0,591.0,739,991,1730,743.0,51.92601156069364,-439.0,20.56833558863329,234.0,464.0,698.0,72.86979865771812,-230.0,27.43259085580305,286.0,522.0,808.0,86.29595375722543,-236.0,28.85973763874874,34.0,206.0,172.0,-24.0,68.0,4.37567599022384,0.1601723233271705,-6.0,110.0,13.426155099507312,1.427146782945691,0.4916241806263656,0.921476510067114,0.4790457769181173,0.8965317919075144,concordant,concordant,-0.0125784037082483,-0.0249447181595996,4,204,433,393,378,703,997,66,144,1700,637,51.96,-229,29.01849217638691,771,87.38470588235295,15,0.4524147727272727,-78,238,450,803,441,809,1475,70,484,2284,688,46.89141856392294,-212,29.419035846724352,1244,155.04509632224168,362,0.35610766045548653,-414
E02000122,Brent,6,7,21.31719914345835,17.425947625610828,582.0,614.0,0.5926680244399185,0.6252545824847251,0.0325865580448065,-3.8912515178475218,190.0,522.0,802,768,1570,712.0,63.17197452229299,-332.0,23.690773067331673,148.0,576.0,795,782,1577,724.0,54.0570703868104,-428.0,18.61635220125786,172.0,538.0,710.0,58.94012738853503,-366.0,22.395833333333336,152.0,577.0,729.0,55.6144578313253,-425.0,19.437340153452684,-453.0,122.0,575.0,-96.0,12.0,-9.11490413548259,-5.074420866073812,-59.0,19.0,-3.325669557209729,-2.9584931798806515,0.5007032348804501,0.9057324840764333,0.4982794218857536,0.9213696892834496,concordant,concordant,-0.0024238129946964,0.0156372052070163,5,257,586,316,601,952,967,150,199,1919,843,78.4794163626889,-329,26.99579831932773,917,98.96612819176654,-285,0.47897727272727275,-49,203,615,377,639,886,1046,91,264,1932,818,64.6195652173913,-412,22.91196388261851,1016,124.69099378881988,-262,0.44601962922573607,-173
E02000123,Brent,2,1,42.45749719473091,36.124354966286305,103.0,59.0,0.1048879837067209,0.060081466395112,-0.0448065173116089,-6.333142228444608,1099.0,544.0,1593,1867,3460,1643.0,172.7907514450867,555.0,68.98932831136221,801.0,414.0,1187,1877,3064,1215.0,108.22911227154049,387.0,67.4810446503791,1235.0,380.0,1615.0,135.635838150289,855.0,66.14890198178897,1382.0,289.0,1671.0,130.35182767624022,1093.0,73.62812999467235,887.0,887.0,0.0,-168.0,-428.0,-64.56163917354621,-1.5082836609831105,238.0,56.0,-5.2840104740487845,7.479228012883382,0.5042971147943524,0.9416184971098266,0.420997920997921,0.941906005221932,concordant,concordant,-0.0832991937964313,0.0002875081121055,1,1424,0,1519,0,1804,2070,211,203,3874,1424,0.0,1424,78.93569844789357,1519,0.0,1519,0.4838600067957866,8,1074,0,1925,0,1366,2341,179,464,3707,1074,0.0,1074,78.62371888726209,1925,0.0,1925,0.3581193731243748,-285
E02000124,Brent,4,5,30.17044065349247,21.09339867667391,359.0,488.0,0.3655804480651731,0.4969450101832994,0.1313645621181263,-9.07704197681856,647.0,444.0,1239,1241,2480,1091.0,115.83387096774192,203.0,52.21953188054883,530.0,380.0,1083,1134,2217,910.0,90.84348218313036,150.0,48.938134810710984,655.0,455.0,1110.0,120.17137096774194,200.0,52.780016116035455,615.0,452.0,1067.0,125.38565629228688,163.0,54.232804232804234,-14.0,483.0,497.0,-53.0,-181.0,-24.990388784611554,-3.281397069837844,-37.0,-43.0,5.214285324544946,1.4527881167687795,0.4956837800999545,0.8875,0.4602933737986849,0.8917456021650879,concordant,concordant,-0.0353904063012696,0.0042456021650879,3,903,441,860,448,1525,1499,286,258,3024,1344,131.6875,462,59.21311475409836,1308,127.4074074074074,412,0.5067873303167421,28,635,375,989,450,1205,1548,122,414,2753,1010,86.49654921903378,260,52.69709543568465,1439,161.66000726480203,539,0.41241322988975093,-292
E02000125,Brent,5,6,25.5762435654184,18.76533574074074,461.0,576.0,0.4694501018329939,0.5865580448065173,0.1171079429735234,-6.810907824677663,348.0,659.0,1137,1117,2254,1007.0,101.74445430346051,-311.0,30.606860158311346,305.0,625.0,852,1080,1932,930.0,98.66718426501036,-320.0,35.798122065727696,352.0,696.0,1048.0,108.69210292812777,-344.0,31.5129811996419,351.0,474.0,825.0,86.11490683229813,-123.0,32.5,-452.0,260.0,712.0,-9.0,-77.0,-3.077270038450152,5.191261907416351,221.0,-223.0,-22.577196095829635,0.9870188003581006,0.4900243309002433,0.9117125110913932,0.5299145299145299,0.908385093167702,concordant,concordant,0.0398901990142865,-0.0033274179236911,4,466,698,539,724,1341,1376,204,259,2717,1164,119.71586308428414,-232,34.750186428038774,1263,143.62753036437246,-185,0.4796044499381953,-55,350,670,683,500,982,1491,130,411,2473,1020,94.82410028305702,-320,35.64154786150713,1183,138.09138697937726,183,0.46300499319110305,-281
E02000126,Brent,1,1,55.63967388038585,38.51658784055832,3.0,41.0,0.0030549898167006,0.0417515274949083,0.0386965376782077,-17.123086039827534,596.0,0.0,689,611,1300,596.0,0.0,596.0,86.5021770682148,445.0,0.0,521,819,1340,445.0,0.0,445.0,85.41266794625719,522.0,0.0,522.0,0.0,522.0,85.43371522094927,687.0,0.0,687.0,0.0,687.0,83.88278388278388,477.0,477.0,0.0,-151.0,-151.0,0.0,-1.0895091219576187,165.0,165.0,0.0,-1.550931338165384,0.5330948121645797,0.86,0.3931095406360424,0.844776119402985,concordant,concordant,-0.1399852715285372,-0.0152238805970149,1,649,0,573,0,774,705,85,94,1479,649,0.0,649,83.8501291989664,573,0.0,573,0.5310965630114566,-9,511,0,848,0,595,996,74,177,1591,511,0.0,511,85.88235294117646,848,0.0,848,0.37601177336276675,-103
E02000127,Bromley,4,2,32.39469872097135,31.154922960069445,299.0,171.0,0.3044806517311609,0.1741344195519348,-0.130346232179226,-1.2397757609019031,376.0,128.0,615,524,1139,504.0,42.25460930640913,248.0,61.138211382113816,313.0,104.0,532,460,992,417.0,32.814516129032256,209.0,58.83458646616542,356.0,204.0,560.0,63.76119402985075,152.0,67.93893129770993,323.0,160.0,483.0,52.096774193548384,163.0,70.21739130434783,386.0,411.0,25.0,-39.0,-87.0,-9.440093177376871,-2.3036249159483972,11.0,-77.0,-11.664419836302365,2.2784600066379,0.4736842105263157,0.9341527655838456,0.4633333333333333,0.907258064516129,concordant,concordant,-0.0103508771929824,-0.0268947010677165,3,416,127,489,201,698,696,83,172,1394,543,37.89956958393113,289,59.598853868194844,690,70.50860832137734,288,0.44038929440389296,-89,385,104,551,160,630,723,98,263,1353,489,29.59349593495935,281,61.111111111111114,711,65.15890613451589,391,0.4075,-165
E02000128,Bromley,8,9,13.624992254592817,11.754557284299858,784.0,799.0,0.7983706720977597,0.8136456211812627,0.015274949083503,-1.8704349702929584,186.0,229.0,507,435,942,415.0,45.21656050955414,-43.0,36.68639053254438,172.0,131.0,458,361,819,303.0,27.511599511599513,41.0,37.55458515283843,160.0,270.0,430.0,45.859872611464965,-110.0,36.7816091954023,196.0,265.0,461.0,63.41880341880342,-69.0,54.29362880886427,-74.0,111.0,185.0,84.0,-112.0,-17.70496099795463,0.868194620294048,41.0,31.0,17.558930807338456,17.512019613461973,0.4911242603550296,0.8970276008492569,0.3965968586387434,0.9328449328449328,concordant,divergent,-0.0945274017162861,0.0358173319956759,7,172,489,151,438,628,656,121,221,1284,661,65.50467289719626,-317,27.388535031847134,589,51.50934579439252,-287,0.5288,-100,156,430,173,337,513,628,55,267,1141,586,58.79053461875548,-274,30.409356725146196,510,51.09640666082384,-164,0.5346715328467153,-212
E02000130,Bromley,7,7,19.69147752767248,17.555817572335922,623.0,608.0,0.6344195519348269,0.6191446028513238,-0.0152749490835031,-2.135659955336557,122.0,362.0,722,694,1416,484.0,31.189265536723163,-240.0,16.897506925207757,115.0,340.0,631,658,1289,455.0,30.333591931730023,-225.0,18.225039619651348,254.0,529.0,783.0,94.89124293785312,-275.0,36.59942363112392,264.0,466.0,730.0,95.44142746314972,-202.0,40.121580547112465,-224.0,112.0,336.0,15.0,-29.0,-0.8556736049931395,1.3275326944435903,73.0,-53.0,0.5501845252966007,3.522156915988546,0.3820047355958958,0.894774011299435,0.3839662447257383,0.9193173002327386,concordant,concordant,0.0019615091298425,0.0245432889333035,5,243,358,492,522,840,932,118,238,1772,601,49.09367945823928,-115,28.92857142857143,1014,144.93453724604967,-30,0.3721362229102167,-120,193,339,663,456,708,1055,77,397,1763,532,37.111174134997164,-146,27.25988700564972,1119,171.4849688031764,207,0.32222895215021197,-320
E02000131,Bromley,4,5,28.64109139937458,22.164807626864174,391.0,450.0,0.3981670061099796,0.4582484725050916,0.060081466395112,-6.476283772510403,657.0,300.0,1192,1055,2247,957.0,87.71695594125501,357.0,55.11744966442953,666.0,267.0,1120,1043,2163,933.0,82.21081830790568,399.0,59.464285714285715,639.0,384.0,1023.0,109.20160213618158,255.0,60.56872037914693,655.0,322.0,977.0,97.50809061488673,333.0,62.799616490891665,102.0,513.0,411.0,42.0,-24.0,-5.506137633349326,4.346836049856186,78.0,-46.0,-11.693511521294852,2.230896111744734,0.4833333333333333,0.8811748998664887,0.4884816753926702,0.8830328247803976,concordant,concordant,0.0051483420593368,0.0018579249139089,3,737,300,832,382,1388,1347,196,292,2735,1037,80.84095063985374,437,53.09798270893372,1214,116.20621572212066,450,0.4606841403820524,-96,677,266,1059,319,1265,1573,145,530,2838,943,63.4538407329105,411,53.51778656126483,1378,119.03488372093024,740,0.4062903920723826,-385
E02000132,Bromley,8,7,16.06468179817906,15.421347252518958,727.0,685.0,0.7403258655804481,0.6975560081466395,-0.0427698574338085,-0.6433345456601014,351.0,299.0,995,801,1796,650.0,58.43485523385301,52.0,35.27638190954774,294.0,347.0,989,737,1726,641.0,59.106604866743915,-53.0,29.726996966632964,376.0,556.0,932.0,116.40089086859687,-180.0,46.94132334581773,326.0,584.0,910.0,110.30359212050983,-258.0,44.23337856173677,120.0,397.0,277.0,-105.0,-9.0,0.6717496328909078,-5.549384942914774,-78.0,-22.0,-6.0972987480870415,-2.707944784080958,0.4108723135271808,0.8808463251670379,0.4132817537072856,0.8986095017381228,divergent,concordant,0.0024094401801048,0.0177631765710849,6,366,299,397,553,1213,1087,218,286,2300,665,47.58,67,30.17312448474856,950,95.45260869565217,-156,0.4117647058823529,-68,312,347,330,584,1163,1167,174,430,2330,659,46.465236051502146,-35,26.827171109200343,914,82.71244635193133,-254,0.4189446916719644,-256
E02000133,Bromley,10,10,7.481780072975224,6.742223472208981,946.0,953.0,0.9633401221995926,0.970468431771894,0.0071283095723014,-0.7395566007662424,0.0,461.0,748,639,1387,461.0,0.0,-461.0,0.0,0.0,455.0,726,590,1316,455.0,0.0,-455.0,0.0,0.0,607.0,607.0,0.0,-607.0,0.0,0.0,597.0,597.0,0.0,-597.0,0.0,-441.0,0.0,441.0,6.0,-6.0,0.0,0.0,10.0,-10.0,0.0,0.0,0.4316479400749063,0.7700072098053352,0.432509505703422,0.7993920972644377,concordant,concordant,0.0008615656285156,0.0293848874591025,9,84,805,96,809,945,970,197,331,1915,889,35.31070496083551,-721,8.88888888888889,905,40.5556135770235,-713,0.4955406911928651,-134,65,843,77,750,863,960,137,370,1823,908,30.05759736697751,-778,7.531865585168019,827,31.67855183763028,-673,0.523342939481268,-233
E02000134,Bromley,8,7,17.117325207463104,15.9732266469153,700.0,663.0,0.7128309572301426,0.675152749490835,-0.0376782077393075,-1.1440985605478031,401.0,361.0,1096,938,2034,762.0,71.17059980334317,40.0,36.58759124087591,372.0,445.0,1059,941,2000,817.0,82.77,-73.0,35.12747875354108,479.0,596.0,1075.0,140.3559488692232,-117.0,51.06609808102346,396.0,625.0,1021.0,123.75,-229.0,42.08289054197662,-2.0,411.0,413.0,-113.0,55.0,11.59940019665683,-1.4601124873348326,-112.0,-54.0,-16.605948869223198,-8.983207539046845,0.4148067501360915,0.9031465093411996,0.4445048966267682,0.919,divergent,concordant,0.0296981464906767,0.0158534906588004,6,424,358,498,596,1342,1261,246,323,2603,782,58.31425278524779,66,31.594634873323397,1094,114.02535535920092,-98,0.4168443496801706,-77,384,443,411,624,1194,1387,135,446,2581,827,65.9093374660984,-59,32.1608040201005,1035,99.36613715614104,-213,0.44414607948442536,-311
E02000135,Bromley,2,2,38.27453998356277,33.39903611432986,162.0,111.0,0.164969450101833,0.1130346232179226,-0.0519348268839103,-4.875503869232908,795.0,7.0,902,828,1730,802.0,3.2167630057803467,788.0,88.13747228381375,678.0,38.0,785,794,1579,716.0,16.31665611146295,640.0,86.36942675159236,750.0,43.0,793.0,18.641618497109828,707.0,90.57971014492752,685.0,27.0,712.0,11.713109563014566,658.0,86.272040302267,539.0,610.0,71.0,-148.0,-86.0,13.099893105682604,-1.768045532221393,-49.0,-81.0,-6.928508934095262,-4.307669842660516,0.5028213166144201,0.9219653179190752,0.5014005602240896,0.9043698543381888,concordant,concordant,-0.0014207563903304,-0.0175954635808863,2,793,10,823,43,1031,994,129,166,2025,803,3.916049382716049,783,76.91561590688652,866,17.47604938271605,780,0.4811264230077891,-37,680,44,920,29,884,1102,99,308,1986,724,15.065458207452165,636,76.92307692307693,949,13.434038267875126,891,0.4327555289898386,-209
E02000136,Bromley,7,6,19.60749731075419,20.13959566660842,624.0,532.0,0.6354378818737271,0.5417515274949084,-0.0936863543788186,0.5320983558542309,182.0,93.0,363,276,639,275.0,26.488262910798124,89.0,50.13774104683195,200.0,96.0,366,285,651,296.0,29.493087557603687,104.0,54.644808743169406,166.0,163.0,329.0,42.34428794992175,3.0,60.14492753623188,169.0,144.0,313.0,37.38248847926267,25.0,59.29824561403508,145.0,222.0,77.0,15.0,21.0,3.004824646805563,4.507067696337458,22.0,-16.0,-4.961799470659081,-0.8466819221968009,0.4552980132450331,0.945226917057903,0.4860426929392447,0.935483870967742,concordant,concordant,0.0307446796942115,-0.009743046090161,5,309,90,327,159,490,437,127,161,927,399,30.0,219,63.06122448979592,486,56.0873786407767,168,0.45084745762711864,-34,285,87,405,143,451,521,85,236,972,372,25.50925925925926,198,63.19290465631929,548,59.583333333333336,262,0.4043478260869565,-151
E02000137,Bromley,9,10,10.982708339637108,8.41208028673835,866.0,912.0,0.8818737270875764,0.9287169042769856,0.0468431771894093,-2.5706280528987566,244.0,276.0,738,581,1319,520.0,51.05686125852919,-32.0,33.06233062330624,178.0,318.0,641,573,1214,496.0,46.626029654036245,-140.0,27.769110764430575,263.0,437.0,700.0,87.13495072024261,-174.0,45.26678141135972,187.0,409.0,596.0,63.000823723229,-222.0,32.63525305410122,-391.0,0.0,391.0,-108.0,-24.0,-4.430831604492944,-5.293219858875663,-48.0,-104.0,-24.134126997013617,-12.631528357258505,0.4262295081967213,0.9249431387414708,0.4542124542124542,0.899505766062603,concordant,concordant,0.0279829460157329,-0.0254373726788678,8,189,501,213,597,883,793,145,212,1676,690,56.497016706443915,-312,21.404303510758776,810,75.8717183770883,-384,0.46,-67,150,659,154,520,744,884,103,311,1628,809,60.71867321867322,-509,20.161290322580644,674,49.189189189189186,-366,0.545515846257586,-208
E02000138,Bromley,10,10,7.778212401587701,6.405692298391972,942.0,957.0,0.959266802443992,0.9745417515274948,0.015274949083503,-1.372520103195729,0.0,423.0,764,602,1366,423.0,0.0,-423.0,0.0,0.0,460.0,720,603,1323,460.0,0.0,-460.0,0.0,0.0,600.0,600.0,0.0,-600.0,0.0,0.0,574.0,574.0,0.0,-574.0,0.0,-439.0,0.0,439.0,-37.0,37.0,0.0,0.0,26.0,-26.0,0.0,0.0,0.4134897360703812,0.7489019033674963,0.4448742746615087,0.781557067271353,concordant,concordant,0.0313845385911274,0.0326551639038567,9,82,660,82,751,896,810,132,208,1706,742,31.72332942555686,-578,9.151785714285714,833,36.09730363423212,-669,0.4711111111111111,-76,69,818,84,690,812,947,92,344,1759,887,32.087549744172826,-749,8.497536945812808,774,32.950540079590674,-606,0.5340156532209512,-252
E02000139,Bromley,8,8,14.82386508649094,12.80906155065381,754.0,764.0,0.7678207739307535,0.7780040733197556,0.010183299389002,-2.01480353583713,141.0,199.0,641,485,1126,340.0,24.91918294849023,-58.0,21.99687987519501,171.0,222.0,623,505,1128,393.0,33.65425531914894,-51.0,27.447833065810595,216.0,392.0,608.0,75.19715808170515,-176.0,44.53608247422681,216.0,377.0,593.0,72.19148936170212,-161.0,42.772277227722775,-91.0,178.0,269.0,7.0,53.0,8.735072370658706,5.450953190615586,15.0,-15.0,-3.0056687200030296,-1.7638052465040346,0.3586497890295358,0.8419182948490231,0.3985801217038539,0.874113475177305,concordant,concordant,0.039930332674318,0.0321951803282818,6,148,199,222,392,772,700,131,215,1472,347,20.008152173913043,-51,19.170984455958546,614,59.119565217391305,-170,0.3610822060353798,-84,181,220,226,375,688,826,65,321,1514,401,26.30118890356671,-39,26.308139534883722,601,55.9775429326288,-149,0.4001996007984032,-256
E02000140,Bromley,2,1,37.52346456037806,35.658324308276924,177.0,68.0,0.180244399185336,0.0692464358452138,-0.1109979633401222,-1.8651402521011349,470.0,12.0,546,407,953,482.0,5.918153200419727,458.0,86.08058608058609,391.0,14.0,433,329,762,405.0,7.183727034120735,377.0,90.30023094688222,372.0,17.0,389.0,6.63588667366212,355.0,91.4004914004914,293.0,13.0,306.0,4.998687664041995,280.0,89.05775075987842,393.0,393.0,0.0,-81.0,-77.0,1.2655738337010076,4.219644866296136,-75.0,-83.0,-1.637199009620125,-2.3427406406129876,0.5533869115958668,0.91395592864638,0.569620253164557,0.9330708661417324,concordant,concordant,0.0162333415686901,0.0191149374953524,2,468,12,508,21,624,608,78,201,1232,480,4.558441558441558,456,75.0,529,8.659090909090908,487,0.4757185332011893,-123,379,15,498,14,500,572,67,243,1072,394,5.303171641791045,364,75.8,512,6.503731343283582,484,0.434878587196468,-176
E02000141,Bromley,7,7,18.105070531700285,15.660851020684062,673.0,674.0,0.685336048879837,0.6863543788187373,0.0010183299389002,-2.4442195110162235,134.0,268.0,580,518,1098,402.0,32.70673952641166,-134.0,23.103448275862068,145.0,299.0,572,523,1095,444.0,39.593607305936075,-154.0,25.34965034965035,199.0,382.0,581.0,69.23315118397086,-183.0,38.41698841698842,203.0,386.0,589.0,71.55981735159817,-183.0,38.81453154875717,-167.0,124.0,291.0,-20.0,42.0,6.886867779524415,2.2462020737882824,0.0,8.0,2.326666167627309,0.3975431317687494,0.4089521871820956,0.895264116575592,0.4298160696999032,0.94337899543379,concordant,concordant,0.0208638825178075,0.0481148788581979,5,232,263,364,351,678,683,98,165,1361,495,44.83174136664218,-31,34.21828908554572,715,93.87509184423219,13,0.4090909090909091,-67,212,292,468,382,639,787,67,264,1426,504,43.410939691444604,-80,33.17683881064163,850,125.36886395511921,86,0.3722304283604136,-197
E02000142,Bromley,10,10,8.663348743995172,8.116031601123597,925.0,918.0,0.9419551934826884,0.9348268839103868,-0.0071283095723014,-0.5473171428715755,0.0,467.0,630,650,1280,467.0,0.0,-467.0,0.0,0.0,344.0,597,484,1081,344.0,0.0,-344.0,0.0,0.0,459.0,459.0,0.0,-459.0,0.0,0.0,449.0,449.0,0.0,-449.0,0.0,-327.0,0.0,327.0,123.0,-123.0,0.0,0.0,10.0,-10.0,0.0,0.0,0.5043196544276458,0.7234375,0.4337957124842371,0.7335800185013877,concordant,concordant,-0.0705239419434087,0.0101425185013876,9,62,769,74,618,753,915,123,265,1668,831,28.583932853717027,-707,8.233731739707835,692,27.41726618705036,-544,0.5456336178594878,-142,63,658,73,587,699,769,102,285,1468,721,28.23841961852861,-595,9.012875536480687,660,29.190054495912808,-514,0.5220854453294714,-183
E02000144,Bromley,10,10,9.947103223361363,8.478019714989822,893.0,910.0,0.9093686354378818,0.9266802443991852,0.0173116089613034,-1.4690835083715417,0.0,468.0,761,656,1417,468.0,0.0,-468.0,0.0,0.0,528.0,911,735,1646,528.0,0.0,-528.0,0.0,0.0,568.0,568.0,0.0,-568.0,0.0,0.0,713.0,713.0,0.0,-713.0,0.0,-501.0,0.0,501.0,-60.0,60.0,0.0,0.0,-145.0,145.0,0.0,0.0,0.4517374517374517,0.7311220889202541,0.4254633360193392,0.7539489671931956,concordant,concordant,-0.0262741157181125,0.0228268782729414,8,193,670,188,692,985,963,224,307,1948,863,66.38090349075975,-477,19.593908629441625,880,66.78439425051334,-504,0.4951233505450373,-83,195,858,207,779,1056,1152,145,417,2208,1053,75.77445652173913,-663,18.46590909090909,986,73.03125,-572,0.5164296223639039,-272
E02000145,Bromley,3,2,36.18182819812021,33.56163361778576,200.0,108.0,0.2036659877800407,0.109979633401222,-0.0936863543788187,-2.6201945803344486,469.0,76.0,629,452,1081,545.0,32.973172987974095,393.0,74.56279809220986,317.0,62.0,444,447,891,379.0,22.058361391694724,255.0,71.3963963963964,371.0,105.0,476.0,36.036077705827935,266.0,82.07964601769912,359.0,85.0,444.0,34.248035914702584,274.0,80.31319910514542,280.0,316.0,36.0,-138.0,-166.0,-10.914811596279373,-3.1664016958134624,8.0,-32.0,-1.7880417911253517,-1.766446912553704,0.5337904015670911,0.9444958371877892,0.4605103280680437,0.9236812570145904,concordant,concordant,-0.0732800734990473,-0.0208145801731987,2,616,10,586,17,776,667,147,215,1443,626,4.2688842688842685,606,79.38144329896907,603,6.903672903672904,569,0.5093572009764036,-68,409,9,673,24,534,759,90,312,1293,418,2.8468677494199537,400,76.59176029962546,697,12.491879350348027,649,0.37488789237668163,-222
E02000146,Bromley,9,9,10.478399180201826,9.9676368159204,883.0,860.0,0.8991853360488798,0.8757637474541752,-0.0234215885947046,-0.5107623642814278,252.0,257.0,733,527,1260,509.0,51.4,-5.0,34.379263301500686,267.0,234.0,772,472,1244,501.0,50.22347266881029,33.0,34.58549222797927,240.0,443.0,683.0,84.38095238095238,-203.0,45.54079696394687,204.0,449.0,653.0,73.63022508038586,-245.0,43.22033898305085,42.0,272.0,230.0,38.0,-8.0,-1.1765273311897104,0.2062289264785874,-42.0,-30.0,-10.750727300566524,-2.320457980896016,0.4270134228187919,0.946031746031746,0.4341421143847487,0.927652733118971,concordant,divergent,0.0071286915659567,-0.0183790129127749,8,216,475,204,576,850,740,117,213,1590,691,64.52830188679245,-259,25.41176470588235,780,73.90188679245283,-372,0.4697484704282801,-96,231,600,179,580,882,828,110,356,1710,831,81.05263157894737,-369,26.190476190476193,759,60.71345029239766,-401,0.5226415094339623,-246
E02000147,Bromley,10,10,4.508848176308194,4.908987892870246,980.0,979.0,0.9979633401221996,0.9969450101832994,-0.0010183299389001,0.4001397165620517,0.0,222.0,479,358,837,222.0,0.0,-222.0,0.0,0.0,256.0,451,418,869,256.0,0.0,-256.0,0.0,0.0,289.0,289.0,0.0,-289.0,0.0,0.0,295.0,295.0,0.0,-295.0,0.0,-245.0,0.0,245.0,-34.0,34.0,0.0,0.0,-6.0,6.0,0.0,0.0,0.4344422700587084,0.6105137395459976,0.4646098003629764,0.6340621403912543,concordant,concordant,0.0301675303042679,0.0235484008452566,10,0,527,0,485,571,578,92,220,1149,527,0.0,-527,0.0,485,0.0,-485,0.5207509881422925,-128,0,611,0,496,540,679,89,261,1219,611,0.0,-611,0.0,496,0.0,-496,0.5519421860885275,-172
E02000148,Bromley,10,10,7.116127217463933,7.357472893827902,959.0,941.0,0.9765784114052952,0.9582484725050916,-0.0183299389002037,0.2413456763639692,0.0,188.0,363,287,650,188.0,0.0,-188.0,0.0,0.0,215.0,388,315,703,215.0,0.0,-215.0,0.0,0.0,232.0,232.0,0.0,-232.0,0.0,0.0,273.0,273.0,0.0,-273.0,0.0,-214.0,0.0,214.0,-27.0,27.0,0.0,0.0,-41.0,41.0,0.0,0.0,0.4476190476190476,0.6461538461538462,0.4405737704918033,0.6941678520625889,concordant,concordant,-0.0070452771272443,0.0480140059087427,10,0,418,0,364,419,451,56,164,870,418,0.0,-418,0.0,364,0.0,-364,0.5345268542199488,-108,0,507,0,390,452,566,64,251,1018,507,0.0,-507,0.0,390,0.0,-390,0.5652173913043478,-187
E02000149,Bromley,6,5,23.37698091333679,23.112002465483236,519.0,416.0,0.5285132382892057,0.4236252545824847,-0.1048879837067209,-0.2649784478535544,209.0,111.0,409,378,787,320.0,29.477763659466326,98.0,51.1002444987775,237.0,74.0,465,305,770,311.0,22.776623376623377,163.0,50.967741935483865,230.0,161.0,391.0,47.05209656925032,69.0,60.84656084656085,205.0,189.0,394.0,50.31818181818182,16.0,67.21311475409836,209.0,278.0,69.0,65.0,-9.0,-6.70114028284295,-0.1325025632936345,-53.0,3.0,3.2660852489315033,6.366553907537508,0.450070323488045,0.903430749682338,0.4411347517730496,0.9155844155844156,concordant,concordant,-0.0089355717149953,0.0121536659020776,4,331,101,435,156,513,573,104,195,1086,432,30.783609576427256,230,64.5224171539961,591,62.48618784530387,279,0.4222873900293255,-91,364,69,512,178,587,601,122,296,1188,433,21.141414141414142,295,62.01022146507667,690,76.71380471380472,334,0.38557435440783616,-174
E02000150,Bromley,9,9,11.796424063106215,11.160133218390804,841.0,820.0,0.8564154786150713,0.835030549898167,-0.0213849287169042,-0.6362908447154112,179.0,215.0,471,432,903,394.0,42.61904761904762,-36.0,38.004246284501065,149.0,234.0,470,431,901,383.0,38.69700332963374,-85.0,31.70212765957447,175.0,255.0,430.0,49.41860465116279,-80.0,40.50925925925926,160.0,277.0,437.0,49.18978912319645,-117.0,37.12296983758701,-115.0,118.0,233.0,-49.0,-11.0,-3.9220442894138823,-6.302118624926596,-37.0,7.0,-0.2288155279663399,-3.3862894216722523,0.4781553398058252,0.9125138427464008,0.4670731707317073,0.9100998890122086,concordant,concordant,-0.0110821690741179,-0.0024139537341922,8,166,408,173,333,536,622,65,190,1158,574,58.487046632124354,-242,30.970149253731343,506,49.748704663212436,-160,0.5314814814814814,-125,147,492,157,371,553,681,83,250,1234,639,58.60940032414911,-345,26.582278481012654,528,47.20178282009724,-214,0.5475578406169666,-167
E02000151,Bromley,10,10,4.608493942962768,4.035781282586027,978.0,982.0,0.9959266802443992,1.0,0.0040733197556007,-0.572712660376741,0.0,205.0,335,348,683,205.0,0.0,-205.0,0.0,0.0,179.0,356,298,654,179.0,0.0,-179.0,0.0,0.0,232.0,232.0,0.0,-232.0,0.0,0.0,251.0,251.0,0.0,-251.0,0.0,-175.0,0.0,175.0,26.0,-26.0,0.0,0.0,-19.0,19.0,0.0,0.0,0.4691075514874142,0.6398243045387995,0.4162790697674418,0.6574923547400612,concordant,concordant,-0.0528284817199723,0.0176680502012617,10,0,413,0,357,422,521,87,173,943,413,0.0,-413,0.0,357,0.0,-357,0.5363636363636364,-86,0,465,0,356,423,553,67,255,976,465,0.0,-465,0.0,356,0.0,-356,0.5663824604141291,-188
E02000152,Bromley,6,4,23.504589496348142,24.334110890565036,513.0,378.0,0.5224032586558045,0.384928716904277,-0.1374745417515275,0.8295213942168935,246.0,74.0,449,329,778,320.0,23.398457583547557,172.0,54.78841870824054,290.0,87.0,470,386,856,377.0,29.47429906542056,203.0,61.702127659574465,227.0,144.0,371.0,42.01542416452442,83.0,68.9969604863222,280.0,162.0,442.0,52.99065420560748,118.0,72.53886010362694,277.0,333.0,56.0,31.0,57.0,6.075841481873002,6.913708951333923,35.0,71.0,10.97523004108306,3.5418996173047503,0.4630969609261939,0.8881748071979434,0.4603174603174603,0.9567757009345794,concordant,concordant,-0.0027795006087336,0.068600893736636,4,322,63,378,131,515,471,66,142,986,385,20.574036511156187,259,62.5242718446602,509,50.2210953346856,247,0.4306487695749441,-76,383,78,516,140,562,619,92,233,1181,461,25.295512277730737,305,68.14946619217082,656,61.16850127011008,376,0.41271262309758283,-141
E02000153,Bromley,10,10,6.033459909477756,6.094153517050459,972.0,962.0,0.989816700610998,0.979633401221996,-0.0101832993890019,0.0606936075727029,0.0,164.0,381,329,710,164.0,0.0,-164.0,0.0,0.0,145.0,370,268,638,145.0,0.0,-145.0,0.0,0.0,274.0,274.0,0.0,-274.0,0.0,0.0,232.0,232.0,0.0,-232.0,0.0,-142.0,0.0,142.0,19.0,-19.0,0.0,0.0,42.0,-42.0,0.0,0.0,0.3744292237442922,0.6169014084507042,0.3846153846153846,0.5909090909090909,concordant,concordant,0.0101861608710924,-0.0259923175416132,10,0,408,0,409,444,475,63,146,919,408,0.0,-408,0.0,409,0.0,-409,0.49938800489596086,-83,0,439,0,387,444,505,74,237,949,439,0.0,-439,0.0,387,0.0,-387,0.5314769975786925,-163
E02000154,Bromley,9,9,10.796055072747832,11.251371650717704,872.0,815.0,0.8879837067209776,0.829938900203666,-0.0580448065173115,0.4553165779698691,179.0,274.0,549,459,1008,453.0,48.65674603174603,-95.0,32.60473588342441,159.0,287.0,535,465,1000,446.0,45.633,-128.0,29.719626168224305,136.0,334.0,470.0,45.06349206349206,-198.0,29.629629629629623,129.0,345.0,474.0,44.505,-216.0,27.741935483870968,-126.0,160.0,286.0,-33.0,-7.0,-3.023746031746029,-2.8851097152001053,-18.0,4.0,-0.5584920634920607,-1.887694145758655,0.4907908992416034,0.9156746031746033,0.4847826086956521,0.92,concordant,concordant,-0.0060082905459513,0.0043253968253968,8,173,528,128,498,695,681,146,222,1376,701,66.38372093023256,-355,24.89208633093525,626,46.325581395348834,-370,0.5282592313489073,-76,150,659,123,487,661,819,126,354,1480,809,66.79054054054055,-509,22.692889561270803,610,40.47364864864865,-364,0.5701198026779423,-228
E02000155,Bromley,8,7,17.20918700217234,17.19982082429501,694.0,621.0,0.7067209775967414,0.6323828920570265,-0.0743380855397148,-0.0093661778773288,108.0,174.0,318,359,677,282.0,27.75775480059084,-66.0,33.9622641509434,163.0,134.0,424,321,745,297.0,29.318120805369126,29.0,38.443396226415096,167.0,181.0,348.0,44.64844903988183,-14.0,46.51810584958218,156.0,237.0,393.0,49.62684563758389,-81.0,48.598130841121495,70.0,180.0,110.0,95.0,15.0,1.560366004778288,4.481132075471699,-67.0,45.0,4.978396597702059,2.080024991539318,0.4476190476190476,0.930576070901034,0.4304347826086956,0.9261744966442952,concordant,divergent,-0.0171842650103519,-0.0044015742567387,6,115,172,179,181,406,529,88,170,935,287,21.155080213903744,-57,28.32512315270936,360,34.65133689839572,-2,0.4435857805255023,-82,173,134,167,237,523,602,99,281,1125,307,20.60622222222222,39,33.07839388145315,404,35.181333333333335,-70,0.4317862165963432,-182
E02000156,Bromley,10,10,7.399662821068299,6.711487266553481,949.0,954.0,0.9663951120162932,0.9714867617107944,0.005091649694501,-0.6881755545148183,0.0,380.0,629,574,1203,380.0,0.0,-380.0,0.0,0.0,362.0,645,568,1213,362.0,0.0,-362.0,0.0,0.0,418.0,418.0,0.0,-418.0,0.0,0.0,454.0,454.0,0.0,-454.0,0.0,-360.0,0.0,360.0,18.0,-18.0,0.0,0.0,-36.0,36.0,0.0,0.0,0.4761904761904761,0.6633416458852868,0.4436274509803921,0.6727122835943941,concordant,concordant,-0.032563025210084,0.0093706377091072,10,0,756,0,660,737,831,108,257,1568,756,0.0,-756,0.0,660,0.0,-660,0.5338983050847458,-149,0,855,0,686,764,936,119,368,1700,855,0.0,-855,0.0,686,0.0,-686,0.554834523036989,-249
E02000157,Bromley,10,10,5.15125285233551,5.383091201186357,977.0,976.0,0.994908350305499,0.9938900203665988,-0.0010183299389001,0.2318383488508466,0.0,185.0,372,278,650,185.0,0.0,-185.0,0.0,0.0,204.0,434,309,743,204.0,0.0,-204.0,0.0,0.0,218.0,218.0,0.0,-218.0,0.0,0.0,304.0,304.0,0.0,-304.0,0.0,-200.0,0.0,200.0,-19.0,19.0,0.0,0.0,-86.0,86.0,0.0,0.0,0.4590570719602977,0.62,0.4015748031496063,0.6837146702557201,concordant,concordant,-0.0574822688106914,0.06371467025572,10,0,390,0,321,440,458,68,180,898,390,0.0,-390,0.0,321,0.0,-321,0.5485232067510548,-112,0,502,0,433,525,577,91,268,1102,502,0.0,-502,0.0,433,0.0,-433,0.5368983957219251,-177
E02000158,Bromley,6,7,21.450589653041824,18.094705116638742,578.0,592.0,0.5885947046843177,0.6028513238289206,0.0142566191446028,-3.3558845364030816,209.0,241.0,401,552,953,450.0,52.85309548793284,-32.0,52.119700748129674,215.0,89.0,389,261,650,304.0,29.43846153846154,126.0,55.26992287917738,276.0,166.0,442.0,48.07555089192025,110.0,50.0,159.0,144.0,303.0,35.22461538461538,15.0,60.91954022988506,67.0,173.0,106.0,158.0,-146.0,-23.414633949471305,3.1502221310477054,-95.0,-139.0,-12.850935507304868,10.919540229885058,0.5044843049327354,0.9359916054564532,0.500823723228995,0.933846153846154,divergent,concordant,-0.0036605817037403,-0.0021454516102994,5,285,271,400,192,495,703,94,151,1198,556,64.46994991652754,14,57.57575757575758,592,64.10684474123539,208,0.4843205574912892,-57,299,102,377,172,496,490,107,229,986,401,30.93103448275862,197,60.28225806451613,549,65.76470588235294,205,0.42210526315789476,-122
E02000159,Bromley,10,10,7.237949547122724,7.260148747315677,955.0,942.0,0.9725050916496945,0.959266802443992,-0.0132382892057025,0.0221992001929525,0.0,266.0,391,384,775,266.0,0.0,-266.0,0.0,0.0,191.0,365,294,659,191.0,0.0,-191.0,0.0,0.0,259.0,259.0,0.0,-259.0,0.0,0.0,216.0,216.0,0.0,-216.0,0.0,-188.0,0.0,188.0,75.0,-75.0,0.0,0.0,43.0,-43.0,0.0,0.0,0.5066666666666667,0.6774193548387096,0.4692874692874693,0.6176024279210925,concordant,concordant,-0.0373791973791974,-0.059816926917617,10,0,493,0,417,465,560,74,176,1025,493,0.0,-493,0.0,417,0.0,-417,0.5417582417582417,-102,0,470,0,342,435,520,70,226,955,470,0.0,-470,0.0,342,0.0,-342,0.5788177339901478,-156
E02000160,Bromley,10,10,7.596944079302443,7.990305309181761,945.0,923.0,0.9623217922606924,0.939918533604888,-0.0224032586558045,0.3933612298793179,0.0,217.0,439,391,830,217.0,0.0,-217.0,0.0,0.0,144.0,428,274,702,144.0,0.0,-144.0,0.0,0.0,277.0,277.0,0.0,-277.0,0.0,0.0,297.0,297.0,0.0,-297.0,0.0,-143.0,0.0,143.0,73.0,-73.0,0.0,0.0,-20.0,20.0,0.0,0.0,0.4392712550607287,0.5951807228915663,0.3265306122448979,0.6282051282051282,concordant,concordant,-0.1127406428158308,0.0330244053135618,9,92,416,111,376,533,569,94,178,1102,508,34.72958257713248,-324,17.26078799249531,487,37.87295825771325,-265,0.5105527638190954,-84,82,431,88,414,528,554,100,280,1082,513,32.66358595194085,-349,15.530303030303031,502,33.67097966728281,-326,0.5054187192118227,-180
E02000161,Bromley,10,10,4.314845820451843,5.1688684997699035,981.0,977.0,0.9989816700610998,0.994908350305499,-0.0040733197556008,0.8540226793180601,0.0,276.0,407,398,805,276.0,0.0,-276.0,0.0,0.0,216.0,459,367,826,216.0,0.0,-216.0,0.0,0.0,305.0,305.0,0.0,-305.0,0.0,0.0,340.0,340.0,0.0,-340.0,0.0,-216.0,0.0,216.0,60.0,-60.0,0.0,0.0,-35.0,35.0,0.0,0.0,0.4750430292598967,0.7217391304347827,0.3884892086330935,0.6731234866828087,concordant,concordant,-0.0865538206268031,-0.0486156437519739,10,0,541,0,475,542,643,135,245,1185,541,0.0,-541,0.0,475,0.0,-475,0.53248031496063,-110,0,575,0,445,539,699,80,332,1238,575,0.0,-575,0.0,445,0.0,-445,0.5637254901960784,-252
E02000162,Bromley,9,8,12.524626148662785,13.508810934592816,820.0,747.0,0.835030549898167,0.7606924643584522,-0.0743380855397148,0.984184785930033,180.0,129.0,373,285,658,309.0,35.2887537993921,51.0,48.257372654155496,173.0,107.0,403,269,672,280.0,27.546130952380953,66.0,42.92803970223325,123.0,156.0,279.0,29.161094224924017,-33.0,43.15789473684211,117.0,203.0,320.0,35.34375,-86.0,43.49442379182156,112.0,201.0,89.0,15.0,-29.0,-7.742622847011145,-5.329332951922247,-53.0,41.0,6.1826557750759825,0.3365290549794508,0.5255102040816326,0.8936170212765957,0.4666666666666667,0.8928571428571429,divergent,divergent,-0.0588435374149659,-0.0007598784194527,7,216,269,153,226,453,445,80,160,898,485,64.70378619153675,-53,47.682119205298015,379,38.505567928730514,-73,0.5613425925925926,-80,199,324,158,290,496,497,93,228,993,523,64.93051359516616,-125,40.12096774193548,448,46.14300100704934,-132,0.5386199794026777,-135
E02000163,Bromley,10,10,7.330790403398693,7.727085717952009,952.0,929.0,0.9694501018329938,0.9460285132382892,-0.0234215885947046,0.3962953145533161,0.0,180.0,409,257,666,180.0,0.0,-180.0,0.0,0.0,185.0,404,260,664,185.0,0.0,-185.0,0.0,0.0,307.0,307.0,0.0,-307.0,0.0,0.0,267.0,267.0,0.0,-267.0,0.0,-184.0,0.0,184.0,-5.0,5.0,0.0,0.0,40.0,-40.0,0.0,0.0,0.3696098562628336,0.7312312312312312,0.4092920353982301,0.6807228915662651,concordant,concordant,0.0396821791353964,-0.0505083396649661,10,0,446,0,465,530,496,121,239,1026,446,0.0,-446,0.0,465,0.0,-465,0.48957189901207465,-118,0,514,0,429,522,575,118,315,1097,514,0.0,-514,0.0,429,0.0,-429,0.545068928950159,-197
E02000165,Bromley,10,10,9.212837169907736,9.006367838910947,913.0,894.0,0.929735234215886,0.910386965376782,-0.0193482688391039,-0.2064693309967893,0.0,183.0,334,236,570,183.0,0.0,-183.0,0.0,0.0,175.0,323,230,553,175.0,0.0,-175.0,0.0,0.0,251.0,251.0,0.0,-251.0,0.0,0.0,247.0,247.0,0.0,-247.0,0.0,-168.0,0.0,168.0,8.0,-8.0,0.0,0.0,4.0,-4.0,0.0,0.0,0.4216589861751152,0.7614035087719299,0.4146919431279621,0.7631103074141049,concordant,concordant,-0.0069670430471531,0.001706798642175,9,46,366,35,366,440,413,106,177,853,412,19.737397420867527,-320,10.454545454545453,401,15.017584994138335,-331,0.5067650676506765,-71,46,496,31,326,398,544,75,314,942,542,24.220806794055203,-450,11.557788944723619,357,10.72823779193206,-295,0.6028921023359288,-239
E02000166,Camden,6,6,22.096886846289753,20.44251639344262,555.0,521.0,0.5651731160896131,0.5305498981670062,-0.0346232179226069,-1.6543704528471324,228.0,358.0,653,686,1339,586.0,60.95892457057506,-130.0,34.915773353751916,182.0,309.0,604,578,1182,491.0,47.578680203045685,-127.0,30.132450331125828,253.0,340.0,593.0,64.2419716206124,-87.0,36.88046647230321,216.0,340.0,556.0,62.131979695431475,-124.0,37.37024221453287,-33.0,257.0,290.0,3.0,-95.0,-13.380244367529372,-4.783323022626089,-37.0,-37.0,-2.1099919251809283,0.4897757422296607,0.4970313825275657,0.8805078416728902,0.4689589302769819,0.8857868020304569,concordant,concordant,-0.0280724522505838,0.0052789603575666,4,430,345,472,316,838,888,185,202,1726,775,85.95017381228273,85,51.3126491646778,788,86.41483198146003,156,0.49584133077415227,-17,314,288,525,315,719,875,115,297,1594,602,56.732747804266,26,43.671766342141865,840,103.74843161856964,210,0.4174757281553398,-182
E02000167,Camden,9,10,10.532950047205436,6.397151924839597,882.0,958.0,0.8981670061099797,0.9755600814663952,0.0773930753564153,-4.13579812236584,23.0,631.0,790,841,1631,654.0,8.898221949724096,-608.0,2.911392405063291,19.0,564.0,790,758,1548,583.0,6.922480620155039,-545.0,2.4050632911392404,44.0,605.0,649.0,16.32127529123237,-561.0,5.231866825208085,33.0,601.0,634.0,12.812015503875967,-568.0,4.353562005277045,-594.0,0.0,594.0,63.0,-71.0,-1.9757413295690576,-0.5063291139240507,-7.0,-15.0,-3.509259787356404,-0.8783048199310404,0.5019186492709132,0.7988963825873697,0.4790468364831553,0.7861757105943152,concordant,concordant,-0.0228718127877579,-0.0127206719930544,8,20,969,40,841,965,1111,175,270,2076,989,9.335260115606937,-949,2.072538860103627,881,16.204238921001927,-801,0.5288770053475936,-95,17,885,29,810,924,1019,134,261,1943,902,7.743180648481729,-868,1.83982683982684,839,12.08955223880597,-781,0.5180930499712809,-127
E02000168,Camden,6,7,23.833968997797356,16.301063330040613,500.0,649.0,0.5091649694501018,0.6608961303462322,0.1517311608961303,-7.532905667756744,180.0,527.0,840,813,1653,707.0,57.386569872958255,-347.0,21.428571428571427,191.0,590.0,832,883,1715,781.0,65.70845481049562,-399.0,22.956730769230766,178.0,563.0,741.0,60.62552934059286,-385.0,21.894218942189426,186.0,557.0,743.0,60.40932944606414,-371.0,21.064552661381654,-440.0,173.0,613.0,-52.0,74.0,8.32188493753737,1.5281593406593394,14.0,2.0,-0.2161998945287209,-0.8296662808077713,0.4882596685082873,0.8759830611010284,0.5124671916010499,0.8886297376093294,concordant,concordant,0.0242075230927626,0.0126466765083009,4,399,497,387,542,1038,1007,198,194,2045,896,96.96968215158924,-98,38.4393063583815,929,102.56919315403422,-155,0.49095890410958903,4,370,560,567,535,988,1255,156,372,2243,930,92.37628176549265,-190,37.449392712550605,1102,135.24074899687918,32,0.45767716535433073,-216
E02000169,Camden,9,10,11.585478528217887,5.946124186046513,847.0,965.0,0.8625254582484725,0.9826883910386964,0.120162932790224,-5.639354342171375,31.0,826.0,742,1069,1811,857.0,14.139149641082277,-795.0,4.177897574123989,9.0,556.0,755,747,1502,565.0,3.3315579227696404,-547.0,1.1920529801324504,46.0,560.0,606.0,14.224185532854776,-514.0,4.303086997193639,51.0,594.0,645.0,20.169107856191744,-543.0,6.827309236947792,-577.0,0.0,577.0,248.0,-292.0,-10.807591718312636,-2.985844593991539,-29.0,39.0,5.944922323336968,2.5242222397541525,0.5857826384142174,0.8078409718387631,0.4669421487603306,0.8055925432756325,concordant,concordant,-0.1188404896538868,-0.0022484285631306,8,30,1071,40,1004,1135,1231,393,162,2366,1101,13.579881656804734,-1041,2.643171806167401,1044,16.973795435333898,-964,0.5132867132867133,231,5,798,45,763,867,962,112,215,1829,803,2.1815199562602516,-793,0.5767012687427913,808,18.77255330781848,-718,0.49844816883923027,-103
E02000170,Camden,8,8,16.624588354881265,13.196566253263708,713.0,751.0,0.7260692464358453,0.7647657841140529,0.0386965376782076,-3.4280221016175574,163.0,914.0,1109,1181,2290,1077.0,65.05764192139738,-751.0,14.697926059513074,100.0,785.0,991,1046,2037,885.0,38.537064310260185,-685.0,10.090817356205854,166.0,845.0,1011.0,61.2532751091703,-679.0,14.055884843353091,155.0,752.0,907.0,57.22140402552774,-597.0,14.818355640535373,-573.0,128.0,701.0,66.0,-192.0,-26.520577611137192,-4.607108703307221,82.0,-104.0,-4.031871083642564,0.7624707971822815,0.5158045977011494,0.9117903930131004,0.4938616071428571,0.8797250859106529,concordant,concordant,-0.0219429905582922,-0.0320653071024474,6,178,905,181,832,1364,1461,255,280,2825,1083,57.02300884955752,-727,13.049853372434017,1013,53.30690265486726,-651,0.5166984732824428,-25,108,779,182,741,1189,1402,198,356,2591,887,32.470860671555386,-671,9.083263246425567,923,52.05017367811656,-559,0.4900552486187845,-158
E02000171,Camden,7,8,18.761711944231266,14.361147302668938,646.0,720.0,0.6578411405295316,0.7331975560081466,0.075356415478615,-4.400564641562324,222.0,540.0,832,819,1651,762.0,72.61053906723198,-318.0,26.682692307692307,217.0,494.0,774,769,1543,711.0,69.47375243033052,-277.0,28.03617571059431,222.0,529.0,751.0,71.13143549364021,-307.0,27.106227106227102,202.0,497.0,699.0,65.06416072585871,-295.0,26.26788036410923,-344.0,167.0,511.0,41.0,-51.0,-3.136786636901462,1.353483402902004,12.0,-52.0,-6.067274767781498,-0.8383467421178707,0.5036351619299405,0.9164142943670502,0.5042553191489362,0.913804277381724,concordant,concordant,0.0006201572189956,-0.0026100169853263,5,393,522,438,490,995,1033,163,214,2028,915,101.15680473372781,-129,39.49748743718593,928,105.82840236686391,-52,0.4964731416169289,-51,367,478,515,455,909,1070,135,301,1979,845,88.64375947448207,-111,40.374037403740374,970,118.40576048509348,60,0.465564738292011,-166
E02000172,Camden,2,3,37.137742762392826,29.4224440044762,182.0,218.0,0.185336048879837,0.2219959266802444,0.0366598778004073,-7.715298757916628,775.0,70.0,941,1128,2069,845.0,26.220396326727887,705.0,82.35919234856536,712.0,92.0,886,1035,1921,804.0,34.09890681936491,620.0,80.36117381489842,895.0,72.0,967.0,31.14548090865152,823.0,79.34397163120568,830.0,89.0,919.0,38.453930244664235,741.0,80.19323671497585,422.0,584.0,162.0,-85.0,-41.0,7.878510492637027,-1.9980185336669365,-82.0,-48.0,7.308449336012714,0.8492650837701774,0.4663355408388521,0.8757854035766071,0.4666279744631457,0.8969286829776159,concordant,concordant,0.0002924336242935,0.0211432794010087,2,959,82,910,74,1311,1369,370,241,2680,1041,29.342537313432835,877,73.15026697177727,984,25.12686567164179,836,0.5140740740740741,129,821,97,1024,91,1165,1391,279,356,2556,918,31.156885758998435,724,70.47210300429184,1115,36.45696400625978,933,0.4515494343334973,-77
E02000173,Camden,8,10,16.40104503179153,8.938290639837215,719.0,896.0,0.7321792260692465,0.9124236252545824,0.180244399185336,-7.462754391954315,217.0,686.0,921,1074,1995,903.0,74.61754385964912,-469.0,23.561346362649292,235.0,612.0,963,1072,2035,847.0,70.67321867321867,-377.0,24.40290758047767,275.0,612.0,887.0,84.3609022556391,-337.0,25.605214152700185,288.0,623.0,911.0,88.16904176904177,-335.0,26.86567164179105,-883.0,0.0,883.0,92.0,-56.0,-3.944325186430447,0.841561217828378,2.0,24.0,3.808139513402665,1.2604574890908644,0.5044692737430168,0.8972431077694235,0.4817974971558589,0.8638820638820639,concordant,concordant,-0.0226717765871578,-0.0333610438873596,6,223,677,291,592,1214,1289,293,215,2503,900,60.316020775069916,-454,18.369028006589787,883,68.82620854974031,-301,0.5047672462142456,78,252,596,315,617,1122,1368,159,296,2490,848,60.318072289156625,-344,22.459893048128343,932,78.05421686746988,-302,0.4764044943820225,-137
E02000174,Camden,4,5,31.40758254073904,21.866668215417107,329.0,460.0,0.335030549898167,0.4684317718940937,0.1334012219959267,-9.540914325321932,435.0,376.0,841,940,1781,811.0,91.83604716451433,59.0,51.72413793103448,453.0,405.0,914,949,1863,858.0,98.47826086956522,48.0,49.562363238512035,430.0,324.0,754.0,78.22571588994947,106.0,45.744680851063826,410.0,381.0,791.0,83.84863123993559,29.0,43.203371970495255,-46.0,396.0,442.0,-11.0,47.0,6.642213705050892,-2.1617746925224424,-77.0,37.0,5.6229153499861155,-2.5413088805685717,0.5182108626198083,0.8787198203256598,0.5203153426318982,0.8851315083199142,concordant,concordant,0.0021044800120898,0.0064116879942544,3,579,370,607,324,1047,1172,206,232,2219,949,96.54348805768365,209,55.30085959885387,931,88.62911221270842,283,0.5047872340425532,-26,593,405,717,380,1104,1321,190,372,2425,998,99.03711340206186,188,53.71376811594203,1097,112.35463917525773,337,0.4763723150357995,-182
E02000175,Camden,6,8,22.019633821202532,15.199653641386238,561.0,694.0,0.5712830957230143,0.7067209775967414,0.135437881873727,-6.8199801798162945,515.0,645.0,1149,1351,2500,1160.0,132.87,-130.0,44.82158398607485,534.0,651.0,1329,1388,2717,1185.0,127.94773647405226,-117.0,40.18058690744921,576.0,511.0,1087.0,117.7344,65.0,42.635085122131755,594.0,631.0,1225.0,137.95141700404858,-37.0,42.79538904899135,-724.0,175.0,899.0,13.0,25.0,-4.922263525947741,-4.640997078625638,-102.0,138.0,20.217017004048586,0.1603039268595978,0.516243880729862,0.8988,0.491701244813278,0.8870077291129923,divergent,concordant,-0.024542635916584,-0.0117922708870077,4,929,609,906,454,1524,1636,375,285,3160,1538,179.0382911392405,320,60.95800524934383,1360,130.16582278481013,452,0.5307108350586611,90,924,582,1137,586,1669,1873,340,485,3542,1506,151.82608695652175,342,55.36249251048532,1723,188.1089779785432,551,0.4663982657169402,-145
E02000176,Camden,9,10,12.899689763062923,8.016324858366728,802.0,921.0,0.8167006109979633,0.9378818737270876,0.1211812627291242,-4.8833649046961956,21.0,632.0,757,771,1528,653.0,8.68586387434555,-611.0,2.7741083223249667,29.0,686.0,755,817,1572,715.0,12.655216284987278,-657.0,3.8410596026490063,31.0,618.0,649.0,12.537958115183246,-587.0,4.020752269779507,24.0,618.0,642.0,9.435114503816791,-594.0,2.937576499388005,-698.0,0.0,698.0,-46.0,62.0,3.969352410641727,1.0669512803240395,-7.0,-7.0,-3.1028436113664544,-1.083175770391502,0.5015360983102919,0.8520942408376964,0.52689756816507,0.8632315521628499,concordant,concordant,0.0253614698547781,0.0111373113251534,7,104,781,122,754,913,931,156,160,1844,885,44.04772234273319,-677,11.391018619934282,876,49.88503253796095,-632,0.5025553662691652,-4,93,879,113,730,872,1022,117,205,1894,972,43.1610348468849,-786,10.6651376146789,843,43.553326293558605,-617,0.5355371900826447,-88
E02000177,Camden,3,3,34.56624696691998,27.632996899379872,242.0,284.0,0.2464358452138492,0.2892057026476578,0.0427698574338085,-6.933250067540104,605.0,257.0,922,1001,1923,862.0,80.8554342173687,348.0,65.6182212581345,571.0,211.0,893,1032,1925,782.0,62.58753246753247,360.0,63.941769316909294,648.0,182.0,830.0,61.32917316692668,466.0,64.73526473526474,657.0,205.0,862.0,69.96623376623377,452.0,63.662790697674424,471.0,601.0,130.0,12.0,-80.0,-18.267901749836227,-1.6764519412252028,-14.0,32.0,8.637060599307091,-1.072474037590311,0.5094562647754137,0.8798751950078003,0.4756690997566909,0.854025974025974,concordant,concordant,-0.0337871650187227,-0.0258492209818262,2,861,90,806,73,1174,1156,252,155,2330,951,33.257510729613735,771,73.33901192504258,879,25.252360515021458,733,0.519672131147541,97,761,87,957,98,1082,1331,189,299,2413,848,27.43762950683796,674,70.33271719038817,1055,38.86697057604641,859,0.44561219127693114,-110
E02000178,Camden,4,4,30.807406748334653,26.68319258202568,344.0,307.0,0.35030549898167,0.3126272912423625,-0.0376782077393075,-4.124214166308974,750.0,429.0,1239,1370,2609,1179.0,123.3231123035646,321.0,60.53268765133172,680.0,440.0,1226,1396,2622,1120.0,114.1113653699466,240.0,55.46492659053833,719.0,352.0,1071.0,97.00574932924492,367.0,52.481751824817515,793.0,385.0,1178.0,116.4397406559878,408.0,56.80515759312321,369.0,710.0,341.0,-81.0,-59.0,-9.211746933618002,-5.067761060793387,41.0,107.0,19.433991326742884,4.3234057683056974,0.524,0.8623993867382139,0.4873803307223672,0.8764302059496567,concordant,concordant,-0.0366196692776327,0.0140308192114427,3,1003,429,909,348,1532,1613,293,243,3145,1432,136.81621621621622,574,65.46997389033943,1257,100.5825119236884,561,0.5325399776868724,50,881,435,1087,384,1470,1743,244,347,3213,1316,119.27637721755369,446,59.93197278911565,1471,129.91223155929038,703,0.4721923214926444,-103
E02000179,Camden,6,7,22.039602673408123,15.92515038434661,556.0,666.0,0.5661914460285132,0.6782077393075356,0.1120162932790224,-6.1144522890615125,365.0,264.0,822,683,1505,629.0,64.0265780730897,101.0,44.40389294403893,242.0,361.0,524,711,1235,603.0,70.73846153846154,-119.0,46.18320610687023,335.0,361.0,696.0,80.35548172757476,-26.0,49.04831625183016,276.0,215.0,491.0,48.04858299595141,61.0,38.81856540084388,-188.0,208.0,396.0,-220.0,-26.0,6.711883465371841,1.7793131628313006,87.0,-205.0,-32.30689873162334,-10.229750850986278,0.4747169811320754,0.8803986710963455,0.5511882998171846,0.8858299595141701,divergent,divergent,0.0764713186851092,0.0054312884178245,4,536,236,519,339,948,824,126,141,1772,772,71.38600451467269,300,56.540084388185655,858,99.28950338600451,180,0.4736196319018405,-15,354,325,490,204,604,903,80,192,1507,679,76.3437292634373,29,58.609271523178805,694,66.33045786330457,286,0.4945375091041515,-112
E02000180,Camden,5,5,28.312955766886123,23.5154621785174,399.0,402.0,0.4063136456211813,0.4093686354378819,0.0030549898167006,-4.797493588368724,365.0,873.0,956,1364,2320,1238.0,137.3469827586207,-508.0,38.17991631799163,379.0,610.0,1046,1125,2171,989.0,106.49009672961768,-231.0,36.233269598470365,417.0,472.0,889.0,84.83793103448276,-55.0,30.57184750733138,417.0,590.0,1007.0,113.3256563795486,-173.0,37.06666666666666,-137.0,402.0,539.0,277.0,-249.0,-30.85688602900302,-1.9466467195212689,-118.0,118.0,28.48772534506584,6.494819159335282,0.5820404325340856,0.9168103448275862,0.4954909819639279,0.9193919852602488,concordant,concordant,-0.0865494505701576,0.0025816404326625,3,979,673,724,356,1486,1630,530,266,3116,1652,211.44640564826702,306,65.88156123822341,1080,82.71630295250321,368,0.6046852122986823,264,699,464,840,437,1326,1504,280,379,2830,1163,114.60636042402827,235,52.71493212669684,1277,129.71024734982333,403,0.4766393442622951,-99
E02000181,Camden,8,8,17.15644991177997,12.549205871648672,698.0,773.0,0.7107942973523421,0.7871690427698574,0.0763747454175153,-4.607244040131297,140.0,930.0,1006,1286,2292,1070.0,56.80628272251309,-790.0,13.916500994035786,135.0,821.0,1140,1128,2268,956.0,48.86904761904762,-686.0,11.842105263157894,211.0,755.0,966.0,69.50479930191972,-544.0,16.40746500777605,160.0,861.0,1021.0,60.74074074074074,-701.0,14.184397163120568,-496.0,193.0,689.0,104.0,-114.0,-7.9372351034654685,-2.0743957308778924,-157.0,55.0,-8.764058561178977,-2.223067844655482,0.5255402750491159,0.8883071553228621,0.4835609509357612,0.8716931216931217,concordant,concordant,-0.0419793241133547,-0.0166140336297403,6,146,914,231,743,1305,1498,299,212,2803,1060,47.60756332500892,-768,11.187739463601533,974,61.231894398858365,-512,0.5211406096361848,87,151,815,182,857,1379,1487,239,359,2866,966,42.93963712491277,-664,10.949963741841914,1039,54.422191207257505,-675,0.48179551122194514,-120
E02000182,Camden,7,8,20.42072622666866,14.248015745965096,602.0,724.0,0.6130346232179226,0.7372708757637475,0.1242362525458249,-6.172710480703563,319.0,438.0,747,836,1583,757.0,88.26405559065066,-119.0,42.704149933065594,293.0,430.0,901,823,1724,723.0,73.0800464037123,-137.0,32.51942286348501,325.0,362.0,687.0,74.32090966519267,-37.0,38.875598086124405,323.0,525.0,848.0,98.36136890951276,-202.0,39.24665856622114,-285.0,180.0,465.0,-18.0,-34.0,-15.184009186938354,-10.184727069580582,-165.0,161.0,24.04045924432009,0.3710604800967374,0.5242382271468145,0.912192040429564,0.4602164226607256,0.9112529002320184,concordant,concordant,-0.0640218044860888,-0.0009391401975455,5,446,379,491,323,867,982,120,146,1849,825,91.41914548404543,67,51.44175317185697,814,85.77230935640887,168,0.5033557046979866,-26,426,395,570,452,1018,1058,117,235,2076,821,81.05491329479769,31,41.846758349705304,1022,124.10404624277457,118,0.44546934346174716,-118
E02000183,Camden,6,6,21.20543697662075,18.61980294504968,585.0,579.0,0.5957230142566191,0.5896130346232179,-0.0061099796334012,-2.585634031571068,248.0,385.0,723,783,1506,633.0,63.39973439575033,-137.0,34.3015214384509,225.0,352.0,769,723,1492,577.0,53.08310991957104,-127.0,29.258777633289988,283.0,359.0,642.0,67.46148738379814,-76.0,36.14303959131545,287.0,444.0,731.0,85.40750670241287,-157.0,39.695712309820195,-40.0,288.0,328.0,10.0,-56.0,-10.316624476179292,-5.04274380516091,-81.0,89.0,17.94601931861473,3.552672718504745,0.4964705882352941,0.8466135458167331,0.441131498470948,0.8766756032171582,concordant,concordant,-0.055339089764346,0.0300620574004251,5,371,480,448,464,928,1011,205,228,1939,851,91.84115523465704,-109,39.978448275862064,912,107.2057761732852,-16,0.4826999432785026,-23,289,416,558,532,905,1078,136,355,1983,705,60.62733232476047,-127,31.933701657458563,1090,149.70045385779122,26,0.39275766016713093,-219
E02000184,Camden,3,3,35.01582373902274,30.14434646824565,227.0,200.0,0.2311608961303462,0.2036659877800407,-0.0274949083503054,-4.871477270777092,718.0,338.0,1142,1284,2426,1056.0,100.03462489694972,380.0,62.87215411558669,827.0,368.0,1246,1289,2535,1195.0,120.05364891518738,459.0,66.37239165329053,749.0,290.0,1039.0,89.53421269579555,459.0,58.333333333333336,786.0,290.0,1076.0,89.9171597633136,496.0,60.97750193948798,613.0,859.0,246.0,79.0,139.0,20.01902401823766,3.500237537703846,37.0,37.0,0.3829470675180602,2.644168606154643,0.5040572792362769,0.8635614179719703,0.5261999119330691,0.8958579881656805,concordant,concordant,0.0221426326967922,0.0322965701937102,2,1121,135,980,133,1542,1514,400,230,3056,1256,49.52061518324607,986,72.69779507133592,1113,42.65052356020942,847,0.5301815111861545,170,1288,176,1162,131,1705,1663,459,374,3368,1464,67.3064133016627,1112,75.54252199413489,1293,45.19655581947743,1031,0.5310119695321001,85
E02000185,Camden,3,3,35.80940246441496,29.76935278598565,205.0,207.0,0.2087576374745417,0.2107942973523421,0.0020366598778003,-6.0400496784293125,614.0,183.0,847,1105,1952,797.0,57.5625,431.0,72.49114521841794,628.0,207.0,920,1001,1921,835.0,67.67100468505987,421.0,68.26086956521739,804.0,143.0,947.0,58.89959016393443,661.0,72.76018099547511,699.0,201.0,900.0,73.13846954711087,498.0,69.83016983016984,458.0,651.0,193.0,-10.0,38.0,10.10850468505987,-4.23027565320055,-163.0,-47.0,14.238879383176446,-2.930011165305274,0.4569954128440367,0.8934426229508197,0.4812680115273775,0.9031754294638208,concordant,concordant,0.0242725986833408,0.0097328065130012,2,809,122,969,81,1040,1267,193,162,2307,931,42.78196792371045,687,77.78846153846153,1050,34.022106631989594,888,0.46996466431095407,31,793,146,925,122,1085,1225,165,224,2310,939,50.12034632034632,647,73.08755760368663,1047,48.85281385281385,803,0.472809667673716,-59
E02000186,Camden,4,4,30.986012874233584,25.35959703903095,339.0,346.0,0.345213849287169,0.3523421588594704,0.0071283095723014,-5.626415835202632,493.0,395.0,920,1020,1940,888.0,100.37886597938144,98.0,53.586956521739125,479.0,362.0,1004,949,1953,841.0,88.78545826932924,117.0,47.70916334661355,509.0,341.0,850.0,89.46855670103093,168.0,49.90196078431373,489.0,417.0,906.0,104.41013824884791,72.0,51.52792413066386,199.0,500.0,301.0,19.0,-47.0,-11.593407710052205,-5.877793175125575,-96.0,56.0,14.94158154781698,1.625963346350133,0.5109321058688148,0.8958762886597939,0.4813966800228964,0.894521249359959,concordant,concordant,-0.0295354258459183,-0.0013550392998348,3,752,395,704,334,1218,1253,298,233,2471,1147,120.2104411169567,357,61.74055829228243,1038,95.15823553217321,370,0.5249427917620137,65,742,360,763,411,1314,1278,310,329,2592,1102,103.05555555555556,382,56.468797564687975,1174,120.98495370370371,352,0.484182776801406,-19
E02000187,Camden,2,1,39.63475536848559,34.75225391566265,146.0,84.0,0.1486761710794297,0.0855397148676171,-0.0631364562118126,-4.882501452822943,723.0,90.0,847,931,1778,813.0,36.59730033745782,633.0,85.36009445100355,766.0,128.0,950,938,1888,894.0,51.932203389830505,638.0,80.63157894736842,756.0,68.0,824.0,28.913385826771652,688.0,81.203007518797,745.0,104.0,849.0,41.03813559322034,641.0,79.42430703624733,888.0,888.0,0.0,5.0,81.0,15.334903052372688,-4.728515503635123,-47.0,25.0,12.124749766448687,-1.7787004825496666,0.4966401954795357,0.9206974128233972,0.5129087779690189,0.9231991525423728,concordant,concordant,0.0162685824894831,0.0025017397189757,2,753,98,699,72,1043,1068,196,137,2111,851,34.956892468024634,655,72.19558964525407,771,23.840833728090953,627,0.5246609124537608,59,879,137,857,107,1219,1203,269,265,2422,1016,49.72047894302229,742,72.10828547990155,964,37.860858794384804,750,0.5131313131313131,4
E02000188,Camden,3,3,32.86733948690218,28.46804810669207,288.0,248.0,0.2932790224032586,0.2525458248472505,-0.0407331975560081,-4.399291380210112,865.0,273.0,1182,1133,2315,1138.0,102.00647948164146,592.0,73.18104906937394,432.0,234.0,709,917,1626,666.0,62.169741697416974,198.0,60.9308885754584,724.0,224.0,948.0,70.05442764578834,500.0,63.90114739629303,565.0,133.0,698.0,46.214637146371466,432.0,61.61395856052344,311.0,467.0,156.0,-394.0,-472.0,-39.83673778422449,-12.250160493915544,-68.0,-250.0,-23.83979049941687,-2.287188835769584,0.5455417066155321,0.9010799136069114,0.4882697947214076,0.8388683886838868,concordant,concordant,-0.0572719118941245,-0.0622115249230246,2,1272,94,928,56,1588,1337,406,204,2925,1366,40.87794871794872,1178,80.10075566750629,984,17.76683760683761,872,0.5812765957446808,202,732,90,789,63,1008,1141,299,224,2149,822,30.6561191251745,642,72.61904761904762,852,23.13029315960912,726,0.4910394265232975,75
E02000189,Camden,5,4,25.474859807777943,25.628438356164384,462.0,342.0,0.470468431771894,0.3482688391038696,-0.1221995926680244,0.153578548386438,628.0,1541.0,1438,2539,3977,2169.0,243.33618305255217,-913.0,43.671766342141865,631.0,991.0,1464,1843,3307,1622.0,189.09011188388268,-360.0,43.10109289617486,684.0,663.0,1347.0,114.0286648227307,21.0,26.939740055139826,640.0,682.0,1322.0,131.98669488962807,-42.0,34.725990233315244,177.0,853.0,676.0,553.0,-547.0,-54.24607116866949,-0.5706734459670031,-63.0,-25.0,17.958030066897365,7.786250178175418,0.6168941979522184,0.8840834800100579,0.5509510869565217,0.8902328394315089,divergent,concordant,-0.0659431109956967,0.006149359421451,4,1646,1676,894,736,2579,2918,1141,379,5497,3322,501.8548299072221,-30,63.8231872818922,1630,119.69874476987448,158,0.6708400646203554,762,1321,1091,899,760,2298,2266,834,423,4564,2412,315.77804557405784,230,57.48476936466492,1659,149.7020157756354,139,0.5924834193072955,411
E02000191,Camden,7,8,18.5417108176604,14.910271007639142,657.0,707.0,0.6690427698574338,0.719959266802444,0.0509164969450102,-3.631439810021256,282.0,1618.0,1289,1989,3278,1900.0,139.1934106162294,-1336.0,21.87742435996897,200.0,1358.0,948,1706,2654,1558.0,102.33609645817634,-1158.0,21.09704641350211,232.0,895.0,1127.0,63.343502135448446,-663.0,11.664152840623428,211.0,655.0,866.0,52.074227581009794,-444.0,12.368112543962486,-1296.0,159.0,1455.0,178.0,-342.0,-36.85731415805304,-0.7803779464668601,219.0,-261.0,-11.269274554438653,0.7039597033390574,0.6276841757515692,0.9234289200732154,0.6427392739273927,0.9133383571966842,concordant,concordant,0.0150550981758235,-0.0100905628765312,5,1334,1566,508,879,2323,2242,1034,253,4565,2900,457.62190580503835,-232,57.42574257425742,1387,97.81642935377874,-371,0.6764637275484021,781,876,1322,523,636,1597,1977,649,271,3574,2198,324.0268606603246,-446,54.852849092047585,1159,93.0688304420817,-113,0.6547512660113196,378
E02000192,Camden,4,5,30.374227148246472,23.021447548106764,354.0,419.0,0.3604887983706721,0.4266802443991853,0.0661914460285132,-7.3527796001397085,478.0,239.0,714,692,1406,717.0,81.25320056899004,239.0,66.94677871148458,331.0,237.0,663,635,1298,568.0,60.43682588597843,94.0,49.924585218702866,396.0,183.0,579.0,51.54196301564723,213.0,57.22543352601156,338.0,259.0,597.0,67.4437596302003,79.0,53.22834645669291,-53.0,262.0,315.0,-145.0,-149.0,-20.81637468301161,-17.022193492781717,-134.0,18.0,15.901796614553078,-3.9970870693186455,0.5532407407407407,0.92176386913229,0.4875536480686695,0.8975346687211094,concordant,concordant,-0.0656870926720711,-0.0242292004111807,3,634,239,470,180,932,830,218,138,1762,873,85.99659477866061,395,68.02575107296137,650,48.01362088535755,290,0.5732107682206172,80,469,237,510,254,832,845,169,210,1677,706,66.28085867620752,232,56.370192307692314,764,77.24508050089446,256,0.48027210884353744,-41
E02000193,Camden,5,7,24.079412731323725,17.801022276923074,487.0,602.0,0.4959266802443992,0.6130346232179226,0.1171079429735234,-6.27839045440065,435.0,445.0,1026,1062,2088,880.0,92.70833333333331,-10.0,42.39766081871345,378.0,371.0,873,824,1697,749.0,82.63877430760165,7.0,43.29896907216495,470.0,390.0,860.0,87.78735632183908,80.0,44.25612052730697,363.0,333.0,696.0,71.23099587507366,30.0,44.05339805825243,-361.0,187.0,548.0,17.0,-131.0,-10.069559025731664,0.9013082534515036,-50.0,-164.0,-16.556360446765424,-0.2027224690545424,0.5057471264367817,0.8333333333333334,0.5183391003460207,0.8515026517383618,divergent,concordant,0.012591973909239,0.0181693184050284,4,839,495,568,439,1548,1276,522,214,2824,1334,147.06267705382436,344,54.19896640826873,1007,88.29745042492918,129,0.569841947885519,308,587,407,560,373,1193,1099,320,275,2292,994,104.23603839441536,180,49.20368818105616,933,91.13438045375219,187,0.5158277114686041,45
E02000194,Croydon,5,5,27.43738927897884,23.44658497221035,422.0,407.0,0.4297352342158859,0.4144602851323828,-0.015274949083503,-3.990804306768492,294.0,446.0,880,845,1725,740.0,76.01391304347825,-152.0,33.409090909090914,279.0,267.0,885,778,1663,546.0,44.794347564642216,12.0,31.52542372881356,272.0,438.0,710.0,69.06434782608696,-166.0,32.18934911242604,361.0,451.0,812.0,97.90198436560432,-90.0,46.40102827763496,-7.0,315.0,322.0,164.0,-194.0,-31.21956547883604,-1.883667180277353,76.0,102.0,28.83763653951736,14.21167916520892,0.5103448275862069,0.8405797101449275,0.4020618556701031,0.8165965123271197,concordant,divergent,-0.1082829719161038,-0.0239831978178077,3,519,238,536,217,1028,1053,148,208,2081,757,59.35703988467083,281,50.4863813229572,753,55.89235944257568,319,0.5013245033112583,-60,476,158,820,244,1015,1188,130,410,2203,634,34.13890149795733,318,46.89655172413793,1064,90.82160689968225,576,0.37338044758539457,-280
E02000195,Croydon,7,8,18.64841372049825,15.2828198019802,652.0,692.0,0.6639511201629328,0.7046843177189409,0.0407331975560081,-3.3655939185180515,79.0,446.0,697,587,1284,525.0,27.44080996884735,-367.0,11.33428981348637,82.0,442.0,582,662,1244,524.0,29.135048231511256,-360.0,14.0893470790378,113.0,561.0,674.0,49.37149532710281,-448.0,19.250425894378196,163.0,458.0,621.0,60.01125401929261,-295.0,24.62235649546828,-459.0,42.0,501.0,7.0,-1.0,1.6942382626639052,2.7550572655514305,153.0,-53.0,10.6397586921898,5.371930601090085,0.4378648874061718,0.9338006230529596,0.4576419213973799,0.920418006430868,concordant,concordant,0.0197770339912081,-0.0133826166220913,5,165,432,315,550,782,788,85,201,1570,597,45.40127388535032,-267,21.099744245524295,865,110.35031847133757,-235,0.40834473324213405,-116,155,428,424,446,654,923,72,261,1577,583,42.06721623335447,-273,23.700305810397555,870,119.9137603043754,-22,0.4012388162422574,-189
E02000196,Croydon,5,4,26.273647129542077,24.416559833506764,445.0,376.0,0.4531568228105906,0.3828920570264765,-0.070264765784114,-1.8570872960353135,192.0,222.0,526,551,1077,414.0,39.57660167130919,-30.0,36.50190114068441,225.0,254.0,578,649,1227,479.0,46.577017114914426,-29.0,38.92733564013841,254.0,214.0,468.0,50.46982358402971,40.0,46.098003629764065,301.0,265.0,566.0,65.0081499592502,36.0,46.379044684129425,79.0,297.0,218.0,1.0,65.0,7.000415443605235,2.425434499453999,-4.0,98.0,14.538326375220493,0.2810410543653603,0.4693877551020408,0.8189415041782729,0.4583732057416268,0.8516707416462918,divergent,divergent,-0.011014549360414,0.0327292374680188,4,184,263,274,272,586,664,60,113,1250,447,38.7136,-79,31.399317406143346,546,59.6224,2,0.4501510574018127,-53,194,312,406,316,637,847,59,198,1484,506,40.78706199460917,-118,30.4552590266876,722,86.45283018867924,90,0.41205211726384366,-139
E02000197,Croydon,6,6,21.99235828568287,20.895488907319095,564.0,495.0,0.5743380855397149,0.5040733197556008,-0.0702647657841141,-1.096869378363774,166.0,336.0,804,697,1501,502.0,37.15922718187875,-170.0,20.64676616915423,118.0,372.0,584,694,1278,490.0,34.347417840375584,-254.0,20.205479452054796,266.0,565.0,831.0,100.126582278481,-299.0,38.1635581061693,232.0,395.0,627.0,71.70579029733959,-163.0,33.429394812680115,-296.0,114.0,410.0,-84.0,-12.0,-2.811809341503164,-0.4412867170994339,136.0,-204.0,-28.42079198114141,-4.734163293489182,0.3765941485371343,0.8880746169220519,0.4386750223813787,0.8740219092331768,concordant,concordant,0.0620808738442443,-0.0140527076888751,4,253,264,459,414,871,858,67,161,1729,517,38.63042220936958,-11,29.047072330654423,873,109.90514748409485,45,0.37194244604316545,-94,225,246,528,305,660,968,76,274,1628,471,33.9987714987715,-21,34.090909090909086,833,98.91891891891892,223,0.36119631901840493,-198
E02000198,Croydon,4,2,29.828975247831476,31.283496550137997,366.0,166.0,0.3727087576374745,0.1690427698574338,-0.2036659877800407,1.4545213023065209,403.0,163.0,763,732,1495,566.0,43.93913043478261,240.0,52.8178243774574,422.0,192.0,739,681,1420,614.0,57.05915492957747,230.0,57.1041948579161,429.0,251.0,680.0,72.02608695652174,178.0,58.606557377049185,379.0,190.0,569.0,50.7112676056338,189.0,55.65345080763583,474.0,559.0,85.0,-10.0,48.0,13.120024494794857,4.2863704804587,11.0,-111.0,-21.314819350887937,-2.953106569413358,0.4542536115569823,0.8334448160535117,0.5190194420963652,0.8330985915492958,concordant,concordant,0.0647658305393828,-0.0003462245042159,3,396,163,445,248,836,829,73,97,1665,559,38.76756756756757,233,47.368421052631575,693,66.28228228228228,197,0.4464856230031949,-24,438,192,556,190,819,903,80,222,1722,630,48.836236933797906,246,53.47985347985348,746,61.347270615563296,366,0.4578488372093023,-142
E02000199,Croydon,6,5,23.255173858837487,21.93459211603696,525.0,458.0,0.5346232179226069,0.4663951120162933,-0.0682281059063136,-1.3205817428005275,128.0,334.0,650,597,1247,462.0,34.28388131515638,-206.0,19.692307692307693,115.0,405.0,585,712,1297,520.0,35.90979182729375,-290.0,19.65811965811966,183.0,471.0,654.0,69.12028869286287,-288.0,30.65326633165829,240.0,433.0,673.0,80.12336160370084,-193.0,33.70786516853933,-186.0,170.0,356.0,-84.0,58.0,1.6259105121373736,-0.034188034188034,95.0,19.0,11.003072910837972,3.0545988368810377,0.4139784946236559,0.8949478748997595,0.4358759430008382,0.9198149575944488,concordant,concordant,0.0218974483771822,0.0248670826946892,4,236,303,356,394,740,746,90,149,1486,539,48.12113055181696,-67,31.891891891891895,750,94.39030955585464,-38,0.4181536074476338,-59,185,380,587,397,649,1029,64,317,1678,565,41.895113230035754,-195,28.50539291217257,984,138.87902264600714,190,0.3647514525500323,-253
E02000200,Croydon,5,4,27.57531253195081,26.746037568689022,419.0,306.0,0.4266802443991853,0.3116089613034623,-0.115071283095723,-0.8292749632617884,277.0,417.0,858,794,1652,694.0,69.92070217917676,-140.0,32.28438228438228,299.0,330.0,830,772,1602,629.0,61.59176029962547,-31.0,36.02409638554217,256.0,443.0,699.0,68.64891041162228,-187.0,32.241813602015114,325.0,359.0,684.0,72.83083645443196,-34.0,42.09844559585492,160.0,472.0,312.0,109.0,-65.0,-8.328941879551287,3.7397141011598904,153.0,-15.0,4.181926042809678,9.856631993839803,0.498205312275664,0.8432203389830508,0.479055597867479,0.8196004993757803,concordant,concordant,-0.019149714408185,-0.0236198396072705,3,458,281,489,257,984,971,126,177,1955,739,65.83017902813299,177,46.54471544715447,746,64.28286445012787,232,0.49764309764309766,-51,442,216,655,237,922,1049,92,277,1971,658,48.43835616438356,226,47.939262472885034,892,78.75951293759513,418,0.42451612903225805,-185
E02000201,Croydon,3,2,35.644580713681925,32.375662321882245,208.0,139.0,0.2118126272912423,0.1415478615071283,-0.070264765784114,-3.26891839179968,588.0,95.0,847,646,1493,683.0,37.4146014735432,493.0,69.42148760330579,433.0,108.0,632,703,1335,541.0,35.029213483146066,325.0,68.5126582278481,450.0,137.0,587.0,41.2926992632284,313.0,69.65944272445822,500.0,122.0,622.0,45.69288389513109,378.0,71.12375533428164,362.0,427.0,65.0,-168.0,-142.0,-2.3853879903971347,-0.9088293754576852,65.0,35.0,4.40018463190269,1.4643126098234234,0.5377952755905512,0.8506363027461487,0.4651762682717111,0.8711610486891386,concordant,concordant,-0.07261900731884,0.0205247459429899,2,685,51,603,41,944,799,97,153,1743,736,20.04302925989673,634,72.5635593220339,644,14.184165232358003,562,0.5333333333333333,-56,512,33,758,27,705,961,73,258,1666,545,10.141656662665065,479,72.62411347517731,785,12.28451380552221,731,0.40977443609022557,-185
E02000202,Croydon,7,5,17.964405222274216,21.210436688881092,678.0,483.0,0.6904276985743381,0.4918533604887983,-0.1985743380855397,3.246031466606876,91.0,508.0,632,678,1310,599.0,35.28854961832061,-417.0,14.39873417721519,50.0,498.0,617,725,1342,548.0,18.55439642324888,-448.0,8.103727714748784,123.0,494.0,617.0,46.383206106870226,-371.0,18.141592920353983,171.0,543.0,714.0,69.19001490312965,-372.0,23.58620689655172,-240.0,146.0,386.0,-31.0,-51.0,-16.73415319507173,-6.2950064624664055,-1.0,97.0,22.806808796259425,5.444613976197736,0.4925986842105263,0.9282442748091604,0.4342313787638668,0.940387481371088,concordant,concordant,-0.0583673054466594,0.0121432065619276,5,150,466,260,428,690,815,58,137,1505,616,46.44518272425249,-316,21.73913043478261,688,73.94019933554817,-168,0.4723926380368098,-79,109,473,428,501,676,979,59,254,1655,582,31.15226586102719,-364,16.124260355029584,929,129.56374622356495,-73,0.38517538054268696,-195
E02000203,Croydon,4,2,30.1595201406022,31.876307135728545,360.0,153.0,0.3665987780040733,0.1558044806517311,-0.2107942973523421,1.7167869951263413,394.0,154.0,742,622,1364,548.0,44.483870967741936,240.0,53.09973045822103,349.0,204.0,614,791,1405,553.0,50.673309608540926,145.0,56.84039087947883,335.0,185.0,520.0,45.436217008797655,150.0,53.85852090032154,440.0,174.0,614.0,54.49110320284697,266.0,55.62579013906448,368.0,485.0,117.0,-95.0,5.0,6.18943864079899,3.7406604212578,116.0,94.0,9.054886194049317,1.7672692387429407,0.5131086142322098,0.782991202346041,0.4738646101113967,0.8306049822064057,concordant,concordant,-0.039244004120813,0.0476137798603646,3,407,154,398,185,819,749,77,127,1568,561,39.973214285714285,253,49.694749694749696,583,46.95790816326531,213,0.49038461538461536,-50,378,201,614,174,698,1020,84,229,1718,579,44.22467986030268,177,54.15472779369628,788,62.18626309662398,440,0.42355523043160204,-145
E02000204,Croydon,6,5,21.204372720314662,23.33938686357534,586.0,410.0,0.5967413441955194,0.4175152749490835,-0.1792260692464358,2.135014143260676,193.0,409.0,874,720,1594,602.0,49.52132998745295,-216.0,22.08237986270023,165.0,421.0,635,755,1390,586.0,49.97482014388489,-256.0,25.984251968503933,252.0,582.0,834.0,92.01003764115433,-330.0,35.0,249.0,377.0,626.0,67.53453237410072,-128.0,32.980132450331126,-188.0,186.0,374.0,-40.0,-16.0,0.4534901564319398,3.901872105803705,202.0,-208.0,-24.47550526705361,-2.0198675496688736,0.4192200557103064,0.9008782936010038,0.4834983498349835,0.8719424460431655,concordant,concordant,0.0642782941246771,-0.0289358475578382,5,188,463,284,676,959,861,85,141,1820,651,47.82637362637362,-275,19.603753910323256,960,105.48571428571428,-392,0.40409683426443205,-56,173,503,376,470,709,977,74,222,1686,676,51.61269276393831,-330,24.400564174894217,846,104.81613285883749,-94,0.44415243101182655,-148
E02000206,Croydon,4,2,31.63753758884579,32.66016979062812,322.0,131.0,0.3279022403258655,0.1334012219959267,-0.1945010183299388,1.0226322017823255,555.0,261.0,990,976,1966,816.0,73.68006103763987,294.0,56.060606060606055,450.0,207.0,874,873,1747,657.0,53.319977103606185,243.0,51.48741418764302,520.0,253.0,773.0,66.91759918616481,267.0,53.278688524590166,513.0,256.0,769.0,75.17344018317115,257.0,58.76288659793815,493.0,585.0,92.0,-51.0,-159.0,-20.36008393403369,-4.5731918729630365,-10.0,-4.0,8.255840997006345,5.484198073347983,0.513530522341095,0.8082400813835199,0.4607293127629733,0.8162564396107613,concordant,concordant,-0.0528012095781216,0.0080163582272414,3,582,261,663,253,1100,1208,110,232,2308,843,65.81542461005199,321,52.90909090909091,916,72.67720970537262,410,0.47924957362137577,-122,442,205,689,256,964,1145,90,272,2109,647,42.96348980559507,237,45.850622406639005,945,83.6339497392129,433,0.4064070351758794,-182
E02000207,Croydon,3,3,33.02746268140904,28.9408804206418,283.0,232.0,0.2881873727087576,0.2362525458248472,-0.0519348268839104,-4.086582260767241,467.0,83.0,645,725,1370,550.0,28.29270072992701,384.0,72.40310077519379,417.0,67.0,609,615,1224,484.0,22.82598039215686,350.0,68.4729064039409,590.0,67.0,657.0,28.854014598540147,523.0,81.37931034482759,485.0,101.0,586.0,40.02042483660131,384.0,78.86178861788618,185.0,361.0,176.0,-34.0,-66.0,-5.466720337770148,-3.9301943712528953,-139.0,-71.0,11.16641023806116,-2.5175217269414105,0.4556752278376139,0.881021897810219,0.4523364485981308,0.8741830065359477,concordant,concordant,-0.0033387792394831,-0.0068388912742712,2,551,31,730,18,729,865,84,140,1594,582,10.715809284818068,520,75.58299039780522,748,8.243412797992471,712,0.43759398496240604,-56,524,15,780,32,716,909,107,294,1625,539,4.836923076923077,509,73.18435754189943,812,15.36,748,0.39896373056994816,-187
E02000208,Croydon,3,1,34.30410638304392,37.00035305719921,249.0,49.0,0.2535641547861507,0.0498981670061099,-0.2036659877800407,2.69624667415529,1036.0,150.0,1331,1040,2371,1186.0,65.54196541543652,886.0,77.83621337340345,699.0,121.0,902,1077,1979,820.0,42.738251642243554,578.0,77.49445676274944,810.0,193.0,1003.0,65.93420497680303,617.0,77.88461538461539,888.0,123.0,1011.0,55.19151086407276,765.0,82.45125348189416,814.0,814.0,0.0,-308.0,-366.0,-22.803713773192968,-0.3417566106540164,148.0,8.0,-10.74269411273027,4.566638097278769,0.5417999086340795,0.9232391396035428,0.4478427089022392,0.9252147549267308,concordant,concordant,-0.0939571997318402,0.0019756153231879,2,1166,51,964,63,1461,1194,130,154,2655,1217,22.39774011299435,1115,79.80835044490075,1027,22.87457627118644,901,0.5423351158645277,-24,822,31,1189,31,1024,1378,122,301,2402,853,10.608659450457951,791,80.2734375,1220,15.345129059117403,1158,0.41148094548962855,-179
E02000209,Croydon,5,4,26.078018300451628,25.654668953687825,448.0,341.0,0.4562118126272912,0.3472505091649694,-0.1089613034623218,-0.4233493467638034,235.0,311.0,631,708,1339,546.0,54.58177744585512,-76.0,37.24247226624406,256.0,253.0,539,655,1194,509.0,54.244556113902846,3.0,47.49536178107607,333.0,309.0,642.0,76.84615384615384,24.0,47.03389830508475,360.0,194.0,554.0,58.49246231155779,166.0,54.961832061068705,60.0,309.0,249.0,79.0,-37.0,-0.3372213319522714,10.252889514832011,142.0,-88.0,-18.353691534596052,7.927933755983958,0.4595959595959596,0.8872292755787902,0.4788334901222953,0.890284757118928,divergent,concordant,0.0192375305263357,0.0030554815401377,4,210,352,454,358,698,915,67,207,1613,562,45.82765034097954,-142,30.08595988538682,812,100.76379417234966,96,0.4090247452692867,-140,233,275,523,264,594,875,55,220,1469,508,43.61810755616065,-42,39.225589225589225,787,93.99046970728386,259,0.39227799227799226,-165
E02000210,Croydon,7,6,19.291186922984355,18.30019387036167,633.0,586.0,0.6446028513238289,0.5967413441955194,-0.0478615071283095,-0.9909930526226844,124.0,386.0,595,588,1183,510.0,40.459847844463226,-262.0,20.840336134453786,120.0,352.0,602,557,1159,472.0,36.44521138912856,-232.0,19.93355481727575,144.0,448.0,592.0,54.532544378698226,-304.0,24.489795918367346,187.0,447.0,634.0,72.12165660051768,-260.0,33.572710951526034,-162.0,165.0,327.0,30.0,-38.0,-4.014636455334667,-0.9067813171780372,44.0,42.0,17.589112221819455,9.082915033158688,0.4627949183303085,0.9315300084530854,0.4267631103074141,0.9542709232096636,concordant,concordant,-0.0360318080228944,0.0227409147565781,5,232,381,328,442,703,771,108,183,1474,613,59.9674355495251,-149,33.001422475106686,770,98.35549525101764,-114,0.4432393347794649,-75,217,348,528,438,699,898,97,341,1597,565,47.28616155291171,-131,31.04434907010014,966,144.81152160300564,90,0.3690398432397126,-244
E02000211,Croydon,9,9,11.374527161625,10.669117249846533,857.0,838.0,0.8727087576374746,0.8533604887983707,-0.0193482688391039,-0.7054099117784691,73.0,223.0,371,355,726,296.0,22.422865013774103,-150.0,19.67654986522911,77.0,225.0,438,383,821,302.0,21.10231425091352,-148.0,17.579908675799086,101.0,273.0,374.0,37.97933884297521,-172.0,28.450704225352112,116.0,320.0,436.0,45.21315468940317,-204.0,30.287206266318535,-168.0,62.0,230.0,2.0,6.0,-1.3205507628605844,-2.0966411894300236,-32.0,62.0,7.233815846427959,1.8365020409664223,0.4417910447761194,0.9228650137741048,0.4092140921409214,0.8989037758830695,concordant,concordant,-0.032576952635198,-0.0239612378910352,8,73,379,99,377,460,497,89,142,957,452,28.910135841170323,-306,15.869565217391305,476,39.0,-278,0.4870689655172414,-53,73,478,112,404,497,614,59,231,1111,551,31.407740774077407,-405,14.688128772635814,516,40.72727272727273,-292,0.5164011246485474,-172
E02000212,Croydon,4,3,29.527263739293677,29.82695001103509,375.0,206.0,0.3818737270875764,0.2097759674134419,-0.1720977596741344,0.2996862717414146,475.0,182.0,888,734,1622,657.0,53.2983970406905,293.0,53.490990990990994,301.0,135.0,602,740,1342,436.0,30.279433681073023,166.0,50.0,395.0,246.0,641.0,59.9075215782984,149.0,53.81471389645777,463.0,161.0,624.0,55.54619970193741,302.0,62.56756756756757,144.0,314.0,170.0,-127.0,-221.0,-23.01896335961748,-3.490990990990994,153.0,-17.0,-4.361321876360989,8.752853671109804,0.5061633281972265,0.8002466091245376,0.4113207547169811,0.789865871833085,concordant,concordant,-0.0948425734802453,-0.0103807372914526,3,503,182,485,246,987,870,99,136,1857,685,49.29779213785676,321,50.96251266464032,731,64.24878836833602,239,0.4837570621468927,-37,343,135,654,161,686,981,84,241,1667,478,27.77744451109778,208,50.0,815,63.16376724655069,493,0.3696829079659706,-157
E02000213,Croydon,2,1,37.81096726101978,38.76390809669992,170.0,37.0,0.1731160896130346,0.0376782077393075,-0.135437881873727,0.9529408356801384,1050.0,30.0,1168,995,2163,1080.0,14.563106796116504,1020.0,89.8972602739726,1110.0,47.0,1238,1270,2508,1157.0,20.80143540669857,1063.0,89.66074313408724,941.0,61.0,1002.0,26.53767914932963,880.0,94.57286432160804,1177.0,46.0,1223.0,21.587719298245613,1131.0,92.6771653543307,1143.0,1143.0,0.0,43.0,77.0,6.238328610582066,-0.2365171398853647,251.0,221.0,-4.949959851084017,-1.8956989672773403,0.5187319884726225,0.9625520110957004,0.4861344537815126,0.94896331738437,concordant,concordant,-0.0325975346911098,-0.0135886937113304,2,1119,30,974,63,1378,1185,210,190,2563,1149,13.097932110807648,1089,81.20464441219158,1037,23.941474834178695,911,0.5256175663311985,20,1117,56,1519,59,1423,1749,185,479,3172,1173,19.720050441361916,1061,78.49613492621222,1578,28.253783102143757,1460,0.42639040348964014,-294
E02000214,Croydon,9,9,12.692027490378448,10.980857277142407,815.0,830.0,0.829938900203666,0.845213849287169,0.015274949083503,-1.7111702132360378,20.0,301.0,317,367,684,321.0,8.801169590643275,-281.0,6.309148264984227,26.0,250.0,374,299,673,276.0,9.658246656760772,-224.0,6.951871657754011,41.0,289.0,330.0,17.323099415204677,-248.0,11.1716621253406,25.0,331.0,356.0,12.295690936106984,-306.0,8.361204013377927,-218.0,27.0,245.0,57.0,-45.0,0.8570770661174976,0.642723392769784,-58.0,26.0,-5.0274084790976925,-2.8104581119626726,0.4930875576036866,0.9517543859649122,0.4367088607594936,0.9390787518573552,concordant,concordant,-0.0563786968441929,-0.0126756341075571,7,25,438,55,364,399,512,82,145,911,463,12.019758507135016,-413,6.265664160401002,419,21.975850713501647,-309,0.5249433106575964,-63,39,452,38,373,418,516,44,217,934,491,18.873661670235546,-413,9.330143540669857,411,15.17558886509636,-335,0.5443458980044346,-173
E02000215,Croydon,6,5,23.67688194713824,23.594019057358,504.0,398.0,0.5132382892057027,0.405295315682281,-0.1079429735234216,-0.082862889780241,482.0,577.0,1334,1104,2438,1059.0,114.0746513535685,-95.0,36.13193403298351,335.0,542.0,1145,1082,2227,877.0,81.53120790300854,-207.0,29.257641921397383,477.0,775.0,1252.0,151.6304347826087,-298.0,43.20652173913043,486.0,701.0,1187.0,152.9797934440952,-215.0,44.91682070240296,-87.0,401.0,488.0,-112.0,-182.0,-32.54344345055996,-6.874292111586126,83.0,-65.0,1.3493586614865194,1.7102989632725285,0.4582431847684985,0.9479081214109926,0.4249031007751938,0.9268073641670408,concordant,concordant,-0.0333400839933047,-0.0211007572439516,4,800,509,790,694,1641,1402,307,298,3043,1309,133.81531383503122,291,48.750761730652044,1484,180.17088399605652,96,0.46867167919799496,9,534,471,1019,627,1314,1593,169,511,2907,1005,86.52012383900929,63,40.63926940639269,1646,219.7843137254902,392,0.37910222557525464,-342
E02000216,Croydon,9,8,13.295774869100624,13.455914982678983,787.0,749.0,0.8014256619144603,0.7627291242362525,-0.0386965376782078,0.1601401135783593,28.0,419.0,560,526,1086,447.0,10.802946593001842,-391.0,5.0,39.0,394.0,506,542,1048,433.0,14.662213740458014,-355.0,7.707509881422925,60.0,493.0,553.0,27.23756906077348,-433.0,11.40684410646388,88.0,449.0,537.0,37.70229007633588,-361.0,16.236162361623617,-244.0,62.0,306.0,36.0,-14.0,3.8592671474561726,2.707509881422925,72.0,-16.0,10.464721015562397,4.829318255159736,0.447,0.9208103130755064,0.4463917525773196,0.9255725190839694,concordant,concordant,-0.0006082474226803,0.0047622060084629,7,48,619,83,663,736,734,176,208,1470,667,20.212244897959184,-571,6.521739130434782,746,37.43469387755102,-580,0.4720452937013447,-32,51,681,118,511,582,850,76,308,1432,732,24.25349162011173,-630,8.762886597938143,629,42.107541899441344,-393,0.5378398236590742,-232
E02000217,Croydon,4,3,30.57095345891825,29.344598423127465,349.0,221.0,0.355397148676171,0.225050916496945,-0.130346232179226,-1.2263550357907853,707.0,139.0,1212,811,2023,846.0,48.57785467128028,568.0,58.333333333333336,629.0,169.0,1056,946,2002,798.0,53.0974025974026,460.0,59.564393939393945,546.0,278.0,824.0,75.03114186851211,268.0,67.32429099876695,632.0,258.0,890.0,81.44655344655345,374.0,66.8076109936575,385.0,584.0,199.0,-108.0,-48.0,4.519547926122321,1.231060606060609,106.0,66.0,6.415411578041343,-0.5166800051094498,0.5065868263473053,0.8255066732575383,0.4727488151658768,0.8431568431568431,concordant,concordant,-0.0338380111814285,0.0176501698993047,3,804,136,693,273,1411,1065,199,254,2476,940,44.16155088852989,668,56.98086463501063,966,76.40912762520193,420,0.4931794333683106,-55,625,169,931,258,1202,1348,146,402,2550,794,41.42156862745098,456,51.99667221297837,1189,94.19529411764705,673,0.40040342914775595,-256
E02000218,Croydon,5,5,25.673075853463857,22.906992338293794,456.0,426.0,0.4643584521384928,0.4338085539714867,-0.030549898167006,-2.766083515170063,149.0,139.0,320,349,669,288.0,30.95814648729447,10.0,46.5625,183.0,80.0,313,287,600,263.0,24.4,103.0,58.46645367412141,163.0,122.0,285.0,29.724962630792227,41.0,46.70487106017192,171.0,105.0,276.0,29.925,66.0,59.58188153310105,36.0,147.0,111.0,93.0,-25.0,-6.558146487294472,11.90395367412141,25.0,-9.0,0.2000373692077737,12.877010472929127,0.5026178010471204,0.8565022421524664,0.4879406307977736,0.8983333333333333,concordant,concordant,-0.0146771702493467,0.0418310911808669,4,168,173,251,148,367,470,47,121,837,341,34.72401433691756,-5,45.776566757493185,399,44.38231780167264,103,0.4608108108108108,-74,213,98,313,121,366,464,53,177,830,311,25.149397590361446,115,58.19672131147541,434,45.63012048192771,192,0.4174496644295302,-124
E02000219,Croydon,10,10,9.557111806141036,9.19818679145795,903.0,886.0,0.919551934826884,0.9022403258655805,-0.0173116089613034,-0.358925014683086,0.0,293.0,339,374,713,293.0,0.0,-293.0,0.0,0.0,220.0,369,280,649,220.0,0.0,-220.0,0.0,0.0,287.0,287.0,0.0,-287.0,0.0,0.0,293.0,293.0,0.0,-293.0,0.0,-233.0,0.0,233.0,73.0,-73.0,0.0,0.0,-6.0,6.0,0.0,0.0,0.5051724137931034,0.8134642356241234,0.428849902534113,0.7904468412942989,concordant,concordant,-0.0763225112589903,-0.0230173943298245,9,33,493,37,358,407,568,68,194,975,526,16.686153846153847,-460,8.108108108108109,395,13.585641025641026,-321,0.5711183496199783,-126,47,420,28,388,457,476,88,196,933,467,21.157556270096464,-373,10.284463894967178,416,11.644158628081458,-360,0.5288788221970555,-108
E02000220,Croydon,5,3,28.24847034510677,27.664538984296076,402.0,280.0,0.4093686354378819,0.285132382892057,-0.1242362525458248,-0.5839313608106949,790.0,409.0,1424,1125,2549,1199.0,126.7595135347195,381.0,55.47752808988764,880.0,666.0,1833,1728,3561,1546.0,164.58298230834035,214.0,48.00872885979269,623.0,525.0,1148.0,128.31502550019616,98.0,55.37777777777778,930.0,791.0,1721.0,206.57961246840776,139.0,53.81944444444444,805.0,1166.0,361.0,-167.0,347.0,37.823468773620846,-7.468799230094952,41.0,573.0,78.2645869682116,-1.5583333333333371,0.5108649339582446,0.9207532365633582,0.4732170186715641,0.9174389216512217,concordant,concordant,-0.0376479152866804,-0.0033143149121366,3,1215,212,970,273,1766,1422,342,297,3188,1427,80.79673776662484,1003,68.7995469988675,1243,83.06461731493098,697,0.5344569288389514,45,1313,374,1765,482,2170,2479,337,751,4649,1687,105.62744676274468,939,60.50691244239631,2247,182.99204129920412,1283,0.4288256227758007,-414
E02000221,Croydon,4,3,29.349014750509163,27.744066473176662,379.0,274.0,0.3859470468431772,0.2790224032586558,-0.1069246435845214,-1.6049482773324968,461.0,99.0,684,610,1294,560.0,35.26970633693972,362.0,67.39766081871345,453.0,106.0,692,539,1231,559.0,39.00731112916328,347.0,65.46242774566474,403.0,124.0,527.0,38.618238021638334,279.0,66.06557377049181,359.0,110.0,469.0,32.07961007311129,249.0,66.60482374768088,347.0,457.0,110.0,-15.0,-1.0,3.737604792223557,-1.9352330730487068,-30.0,-58.0,-6.5386279485270435,0.5392499771890726,0.515179392824287,0.8400309119010819,0.5437743190661478,0.8350934199837531,concordant,concordant,0.0285949262418607,-0.0049374919173288,3,509,99,541,124,812,830,128,220,1642,608,30.688794153471378,410,62.684729064039416,665,40.85505481120585,417,0.47761194029850745,-92,494,106,619,110,787,826,95,287,1613,600,32.463732176069435,388,62.7700127064803,729,42.21326720396776,509,0.45146726862302483,-192
E02000222,Croydon,7,8,18.5529052477506,15.011405623471884,656.0,702.0,0.6680244399185336,0.714867617107943,0.0468431771894094,-3.5414996242787176,286.0,285.0,773,644,1417,571.0,57.522935779816514,1.0,36.99870633893919,267.0,244.0,726,526,1252,511.0,52.03514376996805,23.0,36.77685950413223,319.0,432.0,751.0,97.25335215243472,-113.0,49.53416149068323,236.0,421.0,657.0,79.35782747603834,-185.0,44.866920152091254,-158.0,144.0,302.0,22.0,-60.0,-5.487792009848462,-0.2218468348069606,-72.0,-94.0,-17.895524676396377,-4.667241338591978,0.4319213313161876,0.9329569513055752,0.4375,0.9329073482428116,divergent,divergent,0.0055786686838124,-4.960306276369231e-05,5,542,282,618,427,1027,940,254,296,1967,824,77.70411794611083,260,52.775073028237586,1045,134.15658362989325,191,0.44087747458533977,-42,396,239,548,411,855,838,129,312,1693,635,55.90313053750738,157,46.31578947368421,959,133.03484937979917,137,0.3983688833124216,-183
E02000223,Croydon,1,1,42.808619366861784,38.80256021188935,97.0,35.0,0.0987780040733197,0.0356415478615071,-0.0631364562118126,-4.006059154972434,519.0,0.0,556,549,1105,519.0,0.0,519.0,93.3453237410072,219.0,0.0,242,309,551,219.0,0.0,219.0,90.49586776859503,486.0,0.0,486.0,0.0,486.0,88.52459016393442,271.0,0.0,271.0,0.0,271.0,87.70226537216828,188.0,188.0,0.0,-300.0,-300.0,0.0,-2.849455972412173,-215.0,-215.0,0.0,-0.8223247917661354,0.5164179104477612,0.9095022624434388,0.446938775510204,0.8892921960072595,concordant,concordant,-0.0694791349375571,-0.0202100664361793,1,584,0,582,0,625,645,69,96,1270,584,0.0,584,93.44,582,0.0,582,0.5008576329331046,-27,269,0,462,0,292,501,50,192,793,269,0.0,269,92.12328767123287,462,0.0,462,0.3679890560875513,-142
E02000224,Croydon,8,8,17.05720046199896,15.198427930733772,702.0,695.0,0.714867617107943,0.7077393075356415,-0.0071283095723014,-1.8587725312651864,157.0,316.0,711,528,1239,473.0,40.041969330104926,-159.0,22.081575246132207,107.0,332.0,593,570,1163,439.0,30.5451418744626,-225.0,18.04384485666105,138.0,464.0,602.0,51.68038740920097,-326.0,26.136363636363637,153.0,422.0,575.0,55.51676698194325,-269.0,26.842105263157897,-242.0,89.0,331.0,-66.0,-34.0,-9.496827455642324,-4.037730389471157,57.0,-27.0,3.836379572742281,0.7057416267942607,0.44,0.8676351896690879,0.4329388560157791,0.8718830610490111,concordant,concordant,-0.0070611439842209,0.0042478713799232,6,180,313,150,464,852,803,141,275,1655,493,34.042296072507554,-133,21.12676056338028,614,42.05438066465257,-314,0.44534778681120146,-134,116,331,168,419,692,980,99,410,1672,447,22.964114832535884,-215,16.76300578034682,587,42.100478468899524,-251,0.4323017408123791,-311
E02000225,Croydon,4,2,31.92605021499668,32.091960429769394,314.0,148.0,0.319755600814664,0.1507128309572301,-0.1690427698574338,0.1659102147727118,151.0,111.0,325,334,659,262.0,25.433990895295903,40.0,46.46153846153846,148.0,65.0,283,229,512,213.0,18.7890625,83.0,52.29681978798587,209.0,130.0,339.0,41.229135053110774,79.0,62.5748502994012,152.0,75.0,227.0,22.265625,77.0,66.37554585152839,138.0,193.0,55.0,43.0,-49.0,-6.644928395295903,5.835281326447408,-2.0,-112.0,-18.963510053110777,3.800695552127188,0.4359400998336106,0.9119878603945372,0.484090909090909,0.859375,concordant,concordant,0.0481508092572984,-0.0526128603945371,3,181,110,290,130,379,427,54,93,806,291,24.70223325062035,71,47.75725593667546,420,46.774193548387096,160,0.4092827004219409,-39,177,65,335,75,323,417,40,188,740,242,15.547297297297296,112,54.79876160990712,410,33.9527027027027,260,0.37116564417177916,-148
E02000226,Croydon,10,9,8.10192331171243,9.35379762526096,934.0,879.0,0.9511201629327902,0.895112016293279,-0.0560081466395112,1.251874313548532,0.0,296.0,396,353,749,296.0,0.0,-296.0,0.0,0.0,229.0,429,262,691,229.0,0.0,-229.0,0.0,0.0,355.0,355.0,0.0,-355.0,0.0,0.0,406.0,406.0,0.0,-406.0,0.0,-179.0,23.0,202.0,67.0,-67.0,0.0,0.0,-51.0,51.0,0.0,0.0,0.4546850998463901,0.8691588785046729,0.3606299212598425,0.918958031837916,concordant,concordant,-0.0940551785865476,0.0497991533332431,9,21,512,39,464,501,563,105,210,1064,533,10.105263157894736,-491,4.191616766467066,503,17.007518796992482,-425,0.5144787644787645,-105,13,501,18,503,526,534,97,272,1060,514,6.1443396226415095,-488,2.4714828897338403,521,8.541509433962265,-485,0.4966183574879227,-175
E02000227,Croydon,8,7,16.405335404434318,17.855985997766513,718.0,600.0,0.7311608961303462,0.6109979633401222,-0.1201629327902239,1.4506505933321954,185.0,290.0,580,533,1113,475.0,48.20305480682839,-105.0,31.896551724137932,122.0,257.0,558,475,1033,379.0,30.352371732817037,-135.0,21.863799283154123,205.0,368.0,573.0,67.78077268643307,-163.0,38.46153846153847,175.0,391.0,566.0,66.23910939012585,-216.0,36.84210526315789,-27.0,184.0,211.0,-30.0,-96.0,-17.850683074011354,-10.03275244098381,-53.0,-7.0,-1.5416632963072203,-1.6194331983805768,0.4532442748091603,0.9415992812219228,0.401058201058201,0.914811229428848,concordant,concordant,-0.0521860737509592,-0.0267880517930747,6,191,290,217,367,727,859,147,326,1586,481,34.92433795712484,-99,26.27235213204952,584,50.21374527112232,-150,0.4516431924882629,-179,126,257,195,387,673,910,115,435,1583,383,20.456096020214783,-131,18.7221396731055,582,47.672141503474414,-192,0.39689119170984455,-320
E02000228,Croydon,10,10,6.2650296316204495,5.678492029352227,971.0,971.0,0.9887983706720976,0.9887983706720976,0.0,-0.5865376022682227,0.0,229.0,434,272,706,229.0,0.0,-229.0,0.0,0.0,248.0,404,293,697,248.0,0.0,-248.0,0.0,0.0,376.0,376.0,0.0,-376.0,0.0,0.0,369.0,369.0,0.0,-369.0,0.0,-252.0,0.0,252.0,-19.0,19.0,0.0,0.0,7.0,-7.0,0.0,0.0,0.3785123966942149,0.8569405099150141,0.4019448946515397,0.8852223816355811,concordant,concordant,0.0234324979573248,0.0282818717205669,10,0,563,0,546,559,569,125,297,1128,563,0.0,-563,0.0,546,0.0,-546,0.5076645626690712,-172,0,573,0,515,519,585,115,292,1104,573,0.0,-573,0.0,515,0.0,-515,0.5266544117647058,-177
E02000229,Croydon,1,1,43.39109879667399,38.61102333283156,85.0,40.0,0.0865580448065173,0.0407331975560081,-0.0458248472505091,-4.780075463842429,318.0,0.0,376,289,665,318.0,0.0,318.0,84.57446808510637,221.0,0.0,257,251,508,221.0,0.0,221.0,85.99221789883269,257.0,0.0,257.0,0.0,257.0,88.92733564013841,230.0,0.0,230.0,0.0,230.0,91.63346613545816,206.0,206.0,0.0,-97.0,-97.0,0.0,1.4177498137263171,-27.0,-27.0,0.0,2.706130495319755,0.5530434782608695,0.8646616541353384,0.4900221729490022,0.8877952755905512,concordant,concordant,-0.0630213053118672,0.0231336214552128,1,376,0,397,0,437,429,61,140,866,376,0.0,376,86.04118993135012,397,0.0,397,0.48641655886157825,-79,262,0,416,0,298,437,41,186,735,262,0.0,262,87.91946308724832,416,0.0,416,0.3864306784660767,-145
E02000230,Croydon,8,8,16.332304161274266,15.020043971631203,721.0,701.0,0.7342158859470469,0.7138492871690427,-0.0203665987780041,-1.3122601896430606,259.0,321.0,719,577,1296,580.0,64.15046296296296,-62.0,36.02225312934632,196.0,312.0,780,601,1381,508.0,44.28095582910934,-116.0,25.128205128205128,173.0,367.0,540.0,48.98996913580247,-194.0,29.98266897746967,210.0,464.0,674.0,70.55756698044895,-254.0,34.94176372712147,-111.0,190.0,301.0,-54.0,-72.0,-19.869507133853624,-10.89404800114119,-60.0,134.0,21.567597844646485,4.959094749651797,0.5178571428571429,0.8641975308641975,0.4297800338409475,0.8559015206372194,concordant,concordant,-0.0880771090161953,-0.0082960102269781,6,283,321,180,367,950,881,231,304,1831,604,49.61387220098307,-38,29.789473684210527,547,36.078645548880395,-187,0.5247610773240661,-73,214,312,226,464,979,1092,199,491,2071,526,32.239497827136645,-98,21.859039836567927,690,50.634476098503136,-238,0.43256578947368424,-292
E02000231,Croydon,10,10,9.69086212335719,8.918442212366294,897.0,897.0,0.9134419551934828,0.9134419551934828,0.0,-0.7724199109908962,0.0,302.0,521,318,839,302.0,0.0,-302.0,0.0,0.0,333.0,599,350,949,333.0,0.0,-333.0,0.0,0.0,475.0,475.0,0.0,-475.0,0.0,0.0,515.0,515.0,0.0,-515.0,0.0,-328.0,0.0,328.0,-31.0,31.0,0.0,0.0,-40.0,40.0,0.0,0.0,0.3886743886743887,0.9261025029797376,0.392688679245283,0.8935721812434141,concordant,concordant,0.0040142905708943,-0.0325303217363236,9,27,591,12,605,651,607,130,289,1258,618,12.68441971383148,-564,4.147465437788019,617,5.771065182829889,-593,0.5004048582995951,-159,51,694,7,655,735,709,136,359,1444,745,24.51108033240997,-643,6.938775510204081,662,3.175207756232687,-648,0.5294953802416489,-223
E02000232,Croydon,9,8,12.804713298533914,12.265697036569987,810.0,783.0,0.824847250509165,0.7973523421588594,-0.0274949083503055,-0.5390162619639263,49.0,134.0,328,214,542,183.0,12.11439114391144,-85.0,14.9390243902439,52.0,87.0,314,143,457,139.0,9.899343544857768,-35.0,16.560509554140125,46.0,233.0,279.0,19.774907749077492,-187.0,21.49532710280374,36.0,227.0,263.0,17.88183807439825,-191.0,25.174825174825177,18.0,81.0,63.0,50.0,-44.0,-2.2150475990536727,1.6214851638962262,-4.0,-16.0,-1.8930696746792428,3.6794980720214383,0.3961038961038961,0.8523985239852399,0.3457711442786069,0.8796498905908097,concordant,concordant,-0.0503327518252891,0.0272513666055698,7,53,358,57,324,420,442,92,228,862,411,22.011600928074245,-305,12.619047619047619,381,21.424593967517403,-267,0.5189393939393939,-136,63,353,50,331,420,409,106,266,829,416,26.82629674306393,-290,15.0,381,19.96381182147165,-281,0.5219573400250941,-160
E02000233,Croydon,7,8,18.194066259168704,13.950693228346458,670.0,730.0,0.6822810590631364,0.7433808553971487,0.0610997963340123,-4.243373030822246,181.0,107.0,404,273,677,288.0,28.60709010339734,74.0,44.801980198019805,150.0,83.0,360,277,637,233.0,19.5447409733124,67.0,41.66666666666667,150.0,203.0,353.0,44.97784342688331,-53.0,54.94505494505495,174.0,183.0,357.0,49.98744113029827,-9.0,62.8158844765343,-43.0,77.0,120.0,-7.0,-55.0,-9.06234913008494,-3.135313531353134,44.0,4.0,5.009597703414961,7.870829531479352,0.4492979719188767,0.946824224519941,0.3949152542372881,0.9262166405023547,divergent,divergent,-0.0543827176815886,-0.0206075840175862,5,319,105,359,194,542,482,138,209,1024,424,32.7099609375,214,58.85608856088561,553,68.013671875,165,0.43398157625383826,-71,251,82,477,173,461,580,101,303,1041,333,19.77137367915466,169,54.4468546637744,650,79.27089337175792,304,0.3387589013224822,-202
E02000234,Croydon,8,7,17.170481702106446,17.071025974025975,697.0,623.0,0.709775967413442,0.6344195519348269,-0.075356415478615,-0.0994557280804713,125.0,136.0,456,338,794,261.0,21.410579345088163,-11.0,27.412280701754387,174.0,160.0,682,377,1059,334.0,26.288951841359772,14.0,25.513196480938415,150.0,242.0,392.0,45.71788413098237,-92.0,44.37869822485207,146.0,419.0,565.0,57.76581680830973,-273.0,38.726790450928384,165.0,297.0,132.0,25.0,73.0,4.878372496271609,-1.899084220815972,-181.0,173.0,12.04793267732736,-5.651907773923689,0.3996937212863706,0.8224181360201511,0.371523915461624,0.8489140698772427,concordant,divergent,-0.0281698058247465,0.0264959338570915,6,150,136,164,240,614,573,158,235,1187,286,17.186183656276327,14,24.429967426710096,404,33.1592249368155,-76,0.4144927536231884,-77,196,160,156,419,826,751,144,374,1577,356,19.8858592263792,36,23.728813559322035,575,41.448319594166136,-263,0.38238453276047263,-230
E02000235,Croydon,9,9,12.835428970149252,11.419714125403283,806.0,807.0,0.8207739307535642,0.8217922606924644,0.0010183299389001,-1.4157148447459686,29.0,177.0,406,272,678,206.0,7.570796460176991,-148.0,7.142857142857142,35.0,128.0,384,200,584,163.0,7.671232876712328,-93.0,9.114583333333332,38.0,328.0,366.0,18.383480825958703,-290.0,13.970588235294118,27.0,302.0,329.0,13.962328767123289,-275.0,13.5,-112.0,34.0,146.0,55.0,-43.0,0.100436416535337,1.9717261904761896,15.0,-37.0,-4.421152058835414,-0.4705882352941177,0.3601398601398601,0.8436578171091446,0.3313008130081301,0.8424657534246576,concordant,concordant,-0.02883904713173,-0.0011920636844869,7,54,467,58,420,522,565,116,293,1087,521,23.199632014719413,-413,10.344827586206897,478,22.410303587856486,-362,0.5215215215215215,-177,67,440,45,418,510,514,126,314,1024,507,28.7890625,-373,13.137254901960786,463,18.369140625,-373,0.522680412371134,-188
E02000236,Croydon,9,9,11.459712175218698,9.523745568167325,855.0,874.0,0.8706720977596741,0.890020366598778,0.0193482688391039,-1.9359666070513732,24.0,151.0,250,235,485,175.0,7.472164948453608,-127.0,9.6,49.0,155.0,504,230,734,204.0,10.34741144414169,-106.0,9.722222222222223,46.0,169.0,215.0,16.028865979381443,-123.0,19.574468085106385,38.0,389.0,427.0,20.138964577656676,-351.0,16.52173913043478,-112.0,53.0,165.0,21.0,29.0,2.8752464956880814,0.1222222222222235,-228.0,212.0,4.110098598275233,-3.052728954671604,0.4487179487179487,0.8041237113402062,0.3232963549920761,0.8596730245231607,concordant,concordant,-0.1254215937258726,0.0555493131829545,8,24,429,46,361,421,486,171,251,907,453,11.351708930540243,-405,5.7007125890736345,407,18.308710033076075,-315,0.5267441860465116,-80,47,510,38,540,628,567,124,337,1195,557,20.05857740585774,-463,7.484076433121019,578,17.171548117154813,-502,0.4907488986784141,-213
E02000237,Croydon,9,8,11.628229298996656,12.532055858664588,845.0,775.0,0.860488798370672,0.7892057026476579,-0.0712830957230141,0.903826559667932,18.0,128.0,272,191,463,146.0,4.976241900647948,-110.0,6.61764705882353,15.0,98.0,335,153,488,113.0,3.012295081967213,-83.0,4.477611940298507,26.0,225.0,251.0,12.63498920086393,-199.0,13.612565445026178,13.0,264.0,277.0,7.032786885245901,-251.0,8.49673202614379,4.0,72.0,68.0,27.0,-33.0,-1.9639468186807352,-2.140035118525023,-52.0,26.0,-5.60220231561803,-5.115833418882387,0.3677581863979849,0.857451403887689,0.2897435897435897,0.7991803278688525,concordant,concordant,-0.0780145966543951,-0.0582710760188365,8,18,424,26,382,416,472,144,281,888,442,8.594594594594595,-406,4.326923076923077,408,11.184684684684685,-356,0.52,-137,15,460,13,413,458,486,123,333,944,475,7.309322033898305,-445,3.2751091703056767,426,5.6875,-400,0.5271920088790233,-210
E02000238,Ealing,7,6,20.49423097368421,18.73264404859967,599.0,578.0,0.609979633401222,0.5885947046843177,-0.0213849287169042,-1.76158692508454,147.0,404.0,688,754,1442,551.0,41.18446601941748,-257.0,21.36627906976744,210.0,413.0,766,728,1494,623.0,58.05220883534137,-203.0,27.415143603133156,227.0,473.0,700.0,74.45977808599167,-246.0,30.106100795755967,180.0,455.0,635.0,54.81927710843374,-275.0,24.725274725274726,-137.0,243.0,380.0,54.0,72.0,16.86774281592389,6.048864533365716,-29.0,-65.0,-19.640500977557934,-5.380826070481241,0.4404476418864908,0.8675450762829403,0.4952305246422893,0.8420348058902276,concordant,concordant,0.0547828827557985,-0.0255102703927126,5,241,399,420,472,772,936,84,182,1708,640,56.299180327868854,-158,31.21761658031088,892,116.06557377049181,-52,0.4177545691906005,-98,333,405,562,452,870,1088,104,360,1958,738,68.87895812053115,-72,38.275862068965516,1014,129.7364657814096,110,0.4212328767123288,-256
E02000239,Ealing,8,8,13.800544335555555,12.7684889134032,778.0,767.0,0.7922606924643585,0.7810590631364562,-0.0112016293279022,-1.0320554221523572,59.0,451.0,534,640,1174,510.0,22.66524701873935,-392.0,11.04868913857678,43.0,469.0,523,660,1183,512.0,17.047337278106507,-426.0,8.221797323135755,100.0,408.0,508.0,34.75298126064736,-308.0,15.625,101.0,439.0,540.0,37.48013524936602,-338.0,15.3030303030303,-438.0,43.0,481.0,-34.0,2.0,-5.617909740632843,-2.8268918154410247,-30.0,32.0,2.727153988718662,-0.3219696969697008,0.5009823182711198,0.8671209540034072,0.4866920152091255,0.8892645815722738,concordant,concordant,-0.0142903030619943,0.0221436275688666,7,48,705,78,555,620,821,86,181,1441,753,23.483691880638446,-657,7.741935483870968,633,30.041637751561417,-477,0.5432900432900433,-95,34,809,79,549,601,925,78,265,1526,843,18.024901703800786,-775,5.657237936772046,628,28.421363040629096,-470,0.5730795377294358,-187
E02000240,Ealing,3,3,32.94782712323429,29.908371280344554,286.0,204.0,0.2912423625254582,0.2077393075356415,-0.0835030549898167,-3.039455842889737,601.0,72.0,765,743,1508,673.0,28.694960212201593,529.0,78.56209150326798,455.0,76.0,601,539,1140,531.0,30.333333333333332,379.0,75.7071547420965,566.0,93.0,659.0,34.90583554376658,473.0,76.17765814266487,392.0,81.0,473.0,27.852631578947367,311.0,72.72727272727273,335.0,447.0,112.0,-150.0,-142.0,1.638373121131739,-2.854936761171473,-162.0,-186.0,-7.053203964819211,-3.450385415392134,0.5052552552552553,0.883289124668435,0.5288844621513944,0.8807017543859649,concordant,concordant,0.0236292068961391,-0.0025873702824701,2,710,52,831,71,853,987,88,244,1840,762,20.065217391304348,658,83.2356389214537,902,32.06576086956522,760,0.4579326923076923,-156,565,66,727,68,692,863,91,324,1555,631,23.980707395498392,499,81.64739884393065,795,31.791639871382635,659,0.4424964936886395,-233
E02000241,Ealing,7,6,19.926802169001355,20.341377146240376,617.0,526.0,0.6283095723014257,0.5356415478615071,-0.0926680244399186,0.4145749772390203,83.0,298.0,521,497,1018,381.0,24.296660117878194,-215.0,15.930902111324375,126.0,247.0,541,486,1027,373.0,30.303797468354432,-121.0,23.290203327171906,150.0,329.0,479.0,48.47740667976424,-179.0,30.18108651911469,147.0,318.0,465.0,45.517039922103216,-171.0,30.246913580246915,-87.0,148.0,235.0,94.0,-8.0,6.007137350476238,7.35930121584753,8.0,-14.0,-2.9603667576610277,0.0658270611322251,0.4430232558139534,0.8447937131630648,0.4451073985680191,0.815968841285297,concordant,concordant,0.0020841427540656,-0.0288248718777678,5,157,296,336,322,583,681,62,184,1264,453,36.765822784810126,-139,26.929674099485418,658,85.59493670886076,14,0.4077407740774077,-122,212,244,336,314,615,675,74,189,1290,456,40.09922480620155,-32,34.47154471544715,650,81.7860465116279,22,0.41229656419529837,-115
E02000242,Ealing,8,8,16.177831749223717,15.130992319726923,724.0,699.0,0.7372708757637475,0.7118126272912424,-0.0254582484725051,-1.046839429496794,20.0,480.0,459,595,1054,500.0,9.108159392789371,-460.0,4.357298474945534,17.0,400.0,384,492,876,417.0,7.762557077625571,-383.0,4.427083333333334,55.0,378.0,433.0,19.72485768500949,-323.0,9.243697478991598,40.0,330.0,370.0,15.068493150684931,-290.0,8.130081300813007,-387.0,18.0,405.0,77.0,-83.0,-1.3456023151638004,0.0697848583878002,33.0,-63.0,-4.656364534324558,-1.1136161781785905,0.5359056806002144,0.8851992409867173,0.5298602287166455,0.8984018264840182,concordant,concordant,-0.0060454518835688,0.0132025854973009,6,44,438,72,303,514,709,55,114,1223,482,15.757972199509403,-394,8.560311284046692,375,17.838103025347507,-231,0.5624270711785297,-59,30,371,58,307,440,646,56,154,1086,401,10.248618784530386,-341,6.8181818181818175,365,16.39594843462247,-249,0.5234986945169713,-98
E02000243,Ealing,5,4,25.60419346456693,24.032607788915772,460.0,385.0,0.4684317718940937,0.3920570264765784,-0.0763747454175152,-1.5715856756511537,356.0,231.0,721,765,1486,587.0,55.34051144010767,125.0,49.375866851595006,261.0,174.0,507,551,1058,435.0,42.92438563327032,87.0,51.4792899408284,450.0,236.0,686.0,71.46702557200538,214.0,58.82352941176471,316.0,159.0,475.0,47.48960302457467,157.0,57.3502722323049,164.0,294.0,130.0,-38.0,-152.0,-12.41612580683735,2.103423089233395,-57.0,-211.0,-23.977422547430713,-1.4732571794598073,0.4611154752553024,0.8566621803499327,0.478021978021978,0.8601134215500945,concordant,concordant,0.0169065027666756,0.0034512412001618,4,394,271,579,318,795,937,74,172,1732,665,61.647806004618936,123,49.55974842767296,897,106.30600461893765,261,0.42573623559539053,-98,285,219,503,215,579,779,72,228,1358,504,45.96097201767305,66,49.22279792746114,718,79.63549337260677,288,0.41243862520458263,-156
E02000244,Ealing,7,7,17.71249505716676,17.113022827984423,683.0,622.0,0.6955193482688391,0.6334012219959266,-0.0621181262729124,-0.5994722291823358,148.0,375.0,530,645,1175,523.0,47.234042553191486,-227.0,27.92452830188679,115.0,324.0,530,544,1074,439.0,34.6927374301676,-209.0,21.69811320754717,206.0,313.0,519.0,54.87489361702128,-107.0,31.93798449612403,125.0,332.0,457.0,38.64059590316574,-207.0,22.977941176470587,-260.0,106.0,366.0,18.0,-84.0,-12.54130512302389,-6.226415094339622,-100.0,-62.0,-16.23429771385554,-8.960043319653444,0.5019193857965452,0.8868085106382979,0.4899553571428571,0.8342644320297952,concordant,concordant,-0.011964028653688,-0.0525440786085027,6,40,439,64,379,601,824,71,179,1425,479,12.322807017543859,-399,6.655574043261231,443,17.02175438596491,-315,0.5195227765726681,-108,45,417,54,414,589,746,59,202,1335,462,14.0561797752809,-372,7.6400679117147705,468,16.746067415730337,-360,0.4967741935483871,-143
E02000245,Ealing,1,1,42.90443864762138,37.993874625489745,92.0,46.0,0.0936863543788187,0.0468431771894093,-0.0468431771894093,-4.910564022131638,629.0,0.0,677,724,1401,629.0,0.0,629.0,92.9098966026588,614.0,0.0,688,528,1216,614.0,0.0,614.0,89.24418604651163,659.0,0.0,659.0,0.0,659.0,91.0220994475138,517.0,0.0,517.0,0.0,517.0,97.91666666666666,585.0,585.0,0.0,-15.0,-15.0,0.0,-3.6657105561471752,-142.0,-142.0,0.0,6.8945672191528615,0.4883540372670807,0.9193433261955746,0.5428824049513705,0.9300986842105264,concordant,concordant,0.0545283676842897,0.0107553580149517,1,688,0,828,0,739,893,62,169,1632,688,0.0,688,93.09878213802436,828,0.0,828,0.45382585751978893,-107,702,0,727,0,776,738,88,210,1514,702,0.0,702,90.4639175257732,727,0.0,727,0.4912526242127362,-122
E02000246,Ealing,3,2,33.97641724508458,30.372713315217393,257.0,195.0,0.2617107942973523,0.1985743380855397,-0.0631364562118126,-3.6037039298671902,468.0,66.0,656,621,1277,534.0,24.18794048551292,402.0,71.34146341463415,383.0,67.0,489,532,1021,450.0,25.1332027424094,316.0,78.32310838445807,462.0,112.0,574.0,40.51996867658575,350.0,74.39613526570048,413.0,48.0,461.0,19.416258570029385,365.0,77.63157894736842,371.0,423.0,52.0,-86.0,-84.0,0.945262256896477,6.981644969823918,15.0,-113.0,-21.103710106556363,3.2354436816679453,0.4819494584837545,0.8676585747846516,0.4939626783754116,0.8922624877571009,concordant,concordant,0.0120132198916571,0.0246039129724493,2,568,57,648,102,740,797,84,176,1537,625,21.0644111906311,511,76.75675675675676,750,43.00325309043591,546,0.45454545454545453,-92,465,56,755,45,568,870,79,338,1438,521,18.108484005563284,409,81.86619718309859,800,23.626564673157162,710,0.39439818319454956,-259
E02000247,Ealing,4,3,29.88549167498865,27.71270396627707,365.0,276.0,0.3716904276985743,0.2810590631364562,-0.0906313645621181,-2.1727877087115814,559.0,228.0,898,836,1734,787.0,73.50173010380622,331.0,62.24944320712695,385.0,177.0,592,661,1253,562.0,54.385474860335194,208.0,65.03378378378379,509.0,211.0,720.0,61.937139561707035,298.0,60.88516746411483,435.0,158.0,593.0,54.852354349561054,277.0,65.80937972768533,304.0,431.0,127.0,-123.0,-225.0,-19.11625524347103,2.784340576656838,-21.0,-127.0,-7.084785212145981,4.924212263570496,0.522229595222296,0.8690888119953863,0.4865800865800865,0.9217877094972068,concordant,concordant,-0.0356495086422093,0.0526988975018203,3,578,205,673,152,976,1066,78,230,2042,783,58.02644466209598,373,59.221311475409834,825,50.09598432908913,521,0.4869402985074627,-152,407,148,659,138,664,941,72,280,1605,555,37.530218068535824,259,61.295180722891565,797,56.66168224299066,521,0.41050295857988167,-208
E02000248,Ealing,8,6,17.53649321788928,18.93524399894487,688.0,573.0,0.7006109979633401,0.5835030549898167,-0.1171079429735234,1.3987507810555897,72.0,606.0,758,810,1568,678.0,27.8265306122449,-534.0,9.49868073878628,79.0,585.0,560,754,1314,664.0,35.17123287671233,-506.0,14.107142857142858,105.0,594.0,699.0,39.776785714285715,-489.0,12.962962962962962,91.0,422.0,513.0,29.225266362252665,-331.0,12.06896551724138,-118.0,223.0,341.0,28.0,-14.0,7.344702264467433,4.608462118356577,158.0,-186.0,-10.55151935203305,-0.8939974457215811,0.4923747276688453,0.8781887755102041,0.5641461342395921,0.895738203957382,concordant,concordant,0.0717714065707468,0.0175494284471778,6,92,584,122,575,916,1009,158,199,1925,676,27.91064935064935,-492,10.043668122270741,697,36.44155844155844,-453,0.4923525127458121,-41,95,561,103,414,659,992,99,238,1651,656,32.280436099333734,-466,14.41578148710167,517,25.827983040581465,-311,0.5592497868712702,-139
E02000249,Ealing,5,4,27.573395791995853,24.630608220937702,420.0,365.0,0.4276985743380855,0.3716904276985743,-0.0560081466395112,-2.942787571058151,295.0,273.0,643,587,1230,568.0,65.47560975609755,22.0,45.878693623639194,244.0,194.0,527,563,1090,438.0,43.42752293577982,50.0,46.29981024667932,227.0,269.0,496.0,49.644715447154475,-42.0,38.67120954003408,266.0,203.0,469.0,49.539449541284405,63.0,47.246891651865006,116.0,277.0,161.0,28.0,-130.0,-22.048086820317735,0.4211166230401275,105.0,-27.0,-0.1052659058700697,8.575682111830929,0.5338345864661654,0.865040650406504,0.4829106945975744,0.8321100917431192,divergent,concordant,-0.050923891868591,-0.0329305586633847,3,438,149,461,102,728,747,85,160,1475,587,44.245423728813556,289,60.16483516483516,563,31.879322033898305,359,0.5104347826086957,-75,358,97,574,101,590,787,63,224,1377,455,25.218591140159766,261,60.67796610169491,675,42.101670297748726,473,0.4026548672566372,-161
E02000250,Ealing,10,10,9.517738123015262,8.0784108040201,904.0,920.0,0.920570264765784,0.9368635437881874,0.0162932790224032,-1.4393273189951614,0.0,524.0,516,539,1055,524.0,0.0,-524.0,0.0,0.0,412.0,389,431,820,412.0,0.0,-412.0,0.0,0.0,507.0,507.0,0.0,-507.0,0.0,0.0,384.0,384.0,0.0,-384.0,0.0,-406.0,0.0,406.0,112.0,-112.0,0.0,0.0,123.0,-123.0,0.0,0.0,0.5082444228903976,0.9772511848341232,0.5175879396984925,0.9707317073170731,concordant,concordant,0.0093435168080948,-0.00651947751705,9,4,695,5,631,638,709,122,170,1347,699,2.0638455827765405,-691,0.6269592476489028,636,2.342242019302153,-626,0.5235955056179775,-48,0,642,5,473,477,661,88,230,1138,642,0.0,-642,0.0,478,2.078207381370826,-468,0.5732142857142857,-142
E02000251,Ealing,7,7,20.098229045820744,17.298753162922797,613.0,618.0,0.6242362525458248,0.6293279022403259,0.005091649694501,-2.799475882897948,44.0,377.0,451,514,965,421.0,17.18963730569948,-333.0,9.75609756097561,53.0,377.0,482,517,999,430.0,20.001001001001,-324.0,10.99585062240664,86.0,358.0,444.0,31.90466321243523,-272.0,16.731517509727624,90.0,392.0,482.0,35.31531531531532,-302.0,17.408123791102515,-355.0,46.0,401.0,9.0,9.0,2.8113636953015195,1.2397530614310313,-30.0,38.0,3.4106521028800856,0.676606281374891,0.4867052023121387,0.8963730569948186,0.4714912280701754,0.9129129129129128,concordant,concordant,-0.0152139742419632,0.0165398559180942,5,113,377,245,358,518,660,67,146,1178,490,36.16383701188455,-264,21.814671814671815,603,74.45670628183362,-113,0.44830741079597436,-79,129,372,313,392,543,730,61,213,1273,501,37.696779261586805,-243,23.756906077348066,705,96.38334642576591,-79,0.4154228855721393,-152
E02000252,Ealing,4,3,31.97043001648465,28.185328832552585,313.0,256.0,0.3187372708757637,0.2606924643584521,-0.0580448065173116,-3.7851011839320634,584.0,312.0,1075,1085,2160,896.0,84.35555555555555,272.0,54.325581395348834,974.0,604.0,1597,2025,3622,1578.0,162.42297073440088,370.0,60.98935504070131,619.0,338.0,957.0,96.86203703703704,281.0,57.05069124423963,1259.0,486.0,1745.0,168.93263390392048,773.0,62.17283950617284,699.0,1125.0,426.0,98.0,682.0,78.06741517884532,6.663773645352478,492.0,788.0,72.07059686688343,5.122148261933212,0.4835402050728548,0.8578703703703704,0.4748721035209148,0.9174489232468248,concordant,concordant,-0.0086681015519399,0.0595785528764545,3,701,287,743,327,1298,1310,223,225,2608,988,77.142254601227,414,54.00616332819723,1070,93.15989263803681,416,0.4800777453838678,-2,1877,563,1505,462,2612,2450,1015,425,5062,2440,208.7615566969577,1314,71.86064318529863,1967,137.35875148162782,1043,0.5536646244610847,590
E02000253,Ealing,4,1,32.280214490240866,33.80143238339204,305.0,99.0,0.3105906313645621,0.1008146639511201,-0.2097759674134419,1.5212178931511744,429.0,205.0,715,676,1391,634.0,63.22429906542056,224.0,60.0,357.0,161.0,556,620,1176,518.0,48.875,196.0,64.20863309352518,405.0,190.0,595.0,55.319913731128686,215.0,59.9112426035503,421.0,153.0,574.0,54.77295918367347,268.0,67.90322580645162,518.0,518.0,0.0,-28.0,-116.0,-14.34929906542056,4.2086330935251794,53.0,-21.0,-0.5469545474552149,7.9919832029013165,0.51586655817738,0.8835370237239396,0.4743589743589743,0.9285714285714286,concordant,concordant,-0.0415075838184056,0.0450344048474889,3,446,168,521,137,791,832,76,156,1623,614,46.16635859519408,278,56.38432364096081,658,43.97843499691928,384,0.4827044025157233,-80,388,131,612,101,626,856,70,236,1482,519,34.29689608636977,257,61.980830670926515,713,41.7085020242915,511,0.4212662337662338,-166
E02000254,Ealing,6,5,23.572653763549,22.69048282222735,511.0,434.0,0.5203665987780041,0.4419551934826884,-0.0784114052953156,-0.8821709413216503,116.0,416.0,446,643,1089,532.0,44.31221303948577,-300.0,26.00896860986547,94.0,355.0,437,552,989,449.0,33.74115267947422,-261.0,21.51029748283753,177.0,312.0,489.0,50.710743801652896,-135.0,27.527216174183515,161.0,322.0,483.0,52.41860465116279,-161.0,29.166666666666668,-216.0,103.0,319.0,39.0,-83.0,-10.57106036001155,-4.49867112702794,-26.0,-6.0,1.707860849509892,1.639450492483153,0.5210577864838394,0.9375573921028466,0.4817596566523605,0.942366026289181,concordant,concordant,-0.0392981298314788,0.0048086341863343,4,190,385,374,270,519,840,73,197,1359,575,53.82634289919058,-195,36.60886319845857,644,74.30463576158941,104,0.4716981132075472,-124,169,310,428,301,509,816,72,264,1325,479,39.53962264150943,-141,33.20235756385069,729,97.22867924528302,127,0.396523178807947,-192
E02000255,Ealing,5,5,25.146452918119387,21.19055711661083,468.0,484.0,0.4765784114052953,0.4928716904276985,0.0162932790224032,-3.955895801508557,444.0,300.0,857,933,1790,744.0,74.41340782122904,144.0,51.80863477246208,399.0,230.0,716,649,1365,629.0,67.23076923076923,169.0,55.72625698324022,544.0,360.0,904.0,109.40782122905028,184.0,58.30653804930333,356.0,240.0,596.0,62.59340659340659,116.0,54.85362095531587,167.0,398.0,231.0,25.0,-115.0,-7.182638590459817,3.9176222107781418,-68.0,-308.0,-46.81441463564369,-3.452917093987459,0.4514563106796116,0.9206703910614524,0.5134693877551021,0.8974358974358975,concordant,concordant,0.0620130770754904,-0.023234493625555,4,590,361,716,388,1058,1191,201,258,2249,951,94.70431302801245,229,55.765595463138,1104,123.52512227656736,328,0.46277372262773725,-57,489,257,621,294,849,948,133,299,1797,746,69.93489148580969,232,57.59717314487632,915,101.59933222036727,327,0.44912703190848885,-166
E02000256,Ealing,8,8,16.780798065681076,14.112202417259686,708.0,726.0,0.7209775967413442,0.7393075356415478,0.0183299389002036,-2.6685956484213893,201.0,758.0,1059,1089,2148,959.0,70.93016759776536,-557.0,18.980169971671387,163.0,758.0,1003,1041,2044,921.0,60.44716242661448,-595.0,16.25124626121635,197.0,746.0,943.0,68.41806331471136,-549.0,18.089990817263544,191.0,740.0,931.0,69.14872798434442,-549.0,18.34774255523535,-595.0,165.0,760.0,-38.0,-38.0,-10.48300517115088,-2.7289237104550352,0.0,-12.0,0.7306646696330574,0.2577517379718053,0.5042060988433228,0.8854748603351955,0.4973002159827214,0.9060665362035224,concordant,concordant,-0.0069058828606013,0.0205916758683269,6,209,719,211,731,1381,1445,322,356,2826,928,53.17445152158528,-510,15.133960897900073,942,54.57926397735315,-520,0.49625668449197863,-34,172,738,200,713,1163,1463,160,422,2626,910,48.33815689261234,-566,14.789337919174548,913,54.3031226199543,-513,0.49917718047174986,-262
E02000257,Ealing,7,7,18.98999238670516,16.08274297015462,642.0,657.0,0.6537678207739308,0.6690427698574338,0.015274949083503,-2.9072494165505383,503.0,715.0,1669,1570,3239,1218.0,111.0358135226922,-212.0,30.137807070101857,472.0,859.0,1736,1796,3532,1331.0,114.79275198187996,-387.0,27.188940092165897,553.0,891.0,1444.0,152.1219512195122,-338.0,35.22292993630573,596.0,985.0,1581.0,166.21177802944507,-389.0,33.18485523385301,-605.0,410.0,1015.0,-175.0,113.0,3.756938459187765,-2.9488669779359604,-51.0,137.0,14.089826809932871,-2.0380747024527253,0.4575507137490608,0.8218585983328188,0.4570741758241758,0.8244620611551529,concordant,concordant,-0.000476537924885,0.002603462822334,5,1088,700,1048,873,2234,2026,565,456,4260,1788,178.7793427230047,388,48.701880035810206,1921,214.7661971830986,175,0.4820706389862497,109,824,840,1285,927,2063,2446,327,650,4509,1664,153.50632069194944,-16,39.94183228308289,2212,264.1816367265469,358,0.4293085655314757,-323
E02000258,Ealing,7,6,21.104471007429417,18.524353407963726,590.0,580.0,0.6008146639511202,0.5906313645621182,-0.0101832993890019,-2.580117599465691,137.0,423.0,632,685,1317,560.0,44.00227790432802,-286.0,21.677215189873415,142.0,433.0,727,731,1458,575.0,42.17146776406036,-291.0,19.53232462173315,136.0,399.0,535.0,41.20273348519362,-263.0,19.854014598540147,144.0,473.0,617.0,46.71604938271605,-329.0,19.699042407660738,-125.0,241.0,366.0,-5.0,15.0,-1.8308101402676584,-2.1448905681402657,-66.0,82.0,5.513315897522432,-0.154972190879409,0.5114155251141552,0.8314350797266514,0.4823825503355705,0.8175582990397805,concordant,concordant,-0.0290329747785847,-0.0138767806868709,5,345,418,317,392,824,857,192,172,1681,763,85.78822129684711,-73,41.86893203883495,709,73.92266508030934,-75,0.5183423913043478,20,248,431,412,464,824,992,97,261,1816,679,58.859030837004404,-183,30.097087378640776,876,105.26872246696036,-52,0.4366559485530547,-164
E02000259,Ealing,8,8,15.994646784576162,14.8128058833037,730.0,708.0,0.7433808553971487,0.7209775967413442,-0.0224032586558045,-1.1818409012724604,59.0,417.0,561,549,1110,476.0,22.164864864864864,-358.0,10.51693404634581,37.0,435.0,442,541,983,472.0,16.373346897253306,-398.0,8.3710407239819,60.0,445.0,505.0,24.054054054054053,-385.0,10.92896174863388,53.0,363.0,416.0,19.57171922685656,-310.0,9.79667282809612,-392.0,41.0,433.0,-40.0,-4.0,-5.791517967611558,-2.1458933223639107,75.0,-89.0,-4.482334827197494,-1.1322889205377589,0.4852191641182466,0.8837837837837837,0.5315315315315315,0.9033570701932858,concordant,concordant,0.0463123674132848,0.019573286409502,6,60,403,68,436,630,732,69,183,1362,463,17.75330396475771,-343,9.523809523809524,504,21.76798825256975,-368,0.4788004136504654,-114,42,430,61,350,507,755,65,214,1262,472,14.310618066561014,-388,8.284023668639055,411,16.917591125198097,-289,0.5345413363533409,-149
E02000260,Ealing,3,4,32.61966792996556,26.543921131270015,292.0,310.0,0.2973523421588595,0.3156822810590631,0.0183299389002036,-6.075746798695544,413.0,62.0,591,785,1376,475.0,18.609011627906977,351.0,69.88155668358715,448.0,95.0,553,764,1317,543.0,32.31586940015186,353.0,81.0126582278481,637.0,84.0,721.0,38.88662790697674,553.0,81.14649681528662,598.0,66.0,664.0,29.968109339407743,532.0,78.27225130890052,-167.0,200.0,367.0,2.0,68.0,13.706857772244884,11.131101544260956,-21.0,-57.0,-8.918518567568999,-2.874245506386103,0.3971571906354515,0.8691860465116279,0.4498757249378625,0.9164768413059984,concordant,concordant,0.0527185343024109,0.0472907947943705,3,300,137,511,155,659,918,68,133,1577,437,26.062143310082433,163,45.52352048558422,666,50.225110970196575,356,0.39619220308250225,-65,273,164,552,99,624,1012,71,248,1636,437,27.366748166259168,109,43.75,651,33.40342298288508,453,0.4016544117647059,-177
E02000261,Ealing,5,5,28.05565321010589,23.57625087614326,410.0,399.0,0.4175152749490835,0.4063136456211813,-0.0112016293279022,-4.479402333962632,466.0,451.0,1135,1040,2175,917.0,96.6280459770115,15.0,41.05726872246696,561.0,670.0,1323,1398,2721,1231.0,138.1367144432194,-109.0,42.40362811791383,481.0,526.0,1007.0,116.32459770114944,-45.0,46.25,618.0,624.0,1242.0,141.72436604189636,-6.0,44.20600858369099,-84.0,569.0,653.0,-124.0,314.0,41.50866846620791,1.3463593954468749,39.0,235.0,25.399768340746917,-2.0439914163090123,0.4766112266112266,0.8845977011494253,0.4977759805903761,0.9088570378537304,divergent,concordant,0.0211647539791494,0.024259336704305,3,805,267,785,311,1396,1270,261,230,2666,1072,80.62078019504877,538,57.664756446991404,1096,91.5735183795949,474,0.4944649446494465,31,821,456,1104,404,1534,1834,211,436,3368,1277,111.15676959619952,365,53.52020860495437,1508,132.42755344418052,700,0.4585278276481149,-225
E02000262,Ealing,4,4,30.31078975798319,26.466562263334417,355.0,313.0,0.3615071283095723,0.3187372708757637,-0.0427698574338085,-3.844227494648777,654.0,234.0,1048,1066,2114,888.0,72.39167455061495,420.0,62.40458015267175,657.0,320.0,1102,1109,2211,977.0,95.08819538670284,337.0,59.61887477313974,694.0,287.0,981.0,94.2185430463576,407.0,65.1031894934334,670.0,349.0,1019.0,105.75757575757576,321.0,60.41478809738503,270.0,630.0,360.0,-83.0,89.0,22.696520836087885,-2.7857053795320112,-86.0,38.0,11.53903271121817,-4.688401396048377,0.4751203852327448,0.8841059602649006,0.4894789579158317,0.9027589326096788,concordant,concordant,0.0143585726830868,0.0186529723447782,3,789,190,896,261,1294,1333,246,267,2627,979,57.06509326227636,599,60.97372488408037,1157,89.02017510468215,635,0.4583333333333333,-21,714,299,949,315,1288,1479,186,370,2767,1013,77.15431875677629,415,55.434782608695656,1264,108.0357788218287,634,0.4448836187966623,-184
E02000263,Ealing,4,3,29.7681858331185,29.491472479698135,367.0,216.0,0.3737270875763747,0.219959266802444,-0.1537678207739307,-0.2767133534203658,271.0,333.0,548,1006,1554,604.0,58.07142857142857,-62.0,49.45255474452554,178.0,317.0,561,966,1527,495.0,36.95219384413883,-139.0,31.72905525846702,482.0,173.0,655.0,53.65894465894466,309.0,47.912524850894634,505.0,287.0,792.0,94.91486574983628,218.0,52.27743271221532,208.0,311.0,103.0,-77.0,-109.0,-21.119234727289736,-17.72349948605852,-91.0,137.0,41.25592109089162,4.364907861320688,0.4797458300238284,0.8101673101673101,0.3846153846153846,0.8428290766208252,divergent,divergent,-0.0951304454084437,0.032661766453515,3,337,225,671,92,636,1232,88,226,1868,562,40.59154175588865,112,52.987421383647806,763,33.04710920770878,579,0.4241509433962264,-138,228,180,833,162,639,1324,78,358,1963,408,20.906775343861437,48,35.68075117370892,995,68.74477840040754,671,0.2908054169636493,-280
E02000264,Ealing,7,7,18.05432769344687,18.1030026502831,676.0,591.0,0.6883910386965377,0.6018329938900203,-0.0865580448065174,0.0486749568362299,253.0,478.0,979,971,1950,731.0,62.017435897435895,-225.0,25.842696629213485,251.0,566.0,1043,1016,2059,817.0,68.99757163671686,-315.0,24.065196548418022,329.0,503.0,832.0,84.8651282051282,-174.0,33.88259526261586,253.0,567.0,820.0,69.67022826614861,-314.0,24.901574803149607,-412.0,222.0,634.0,-90.0,86.0,6.980135739280961,-1.7775000807954626,-140.0,-12.0,-15.194899938979589,-8.98102045946625,0.4676903390914907,0.8015384615384615,0.499083689676237,0.7950461389023799,concordant,concordant,0.0313933505847462,-0.0064923226360816,5,544,465,594,484,1244,1227,265,256,2471,1009,102.37150951031971,79,43.729903536977496,1078,116.34803723188992,110,0.4834690943938668,9,507,550,641,556,1272,1391,229,375,2663,1057,104.71273000375517,-43,39.85849056603774,1197,133.8325197146076,85,0.468944099378882,-146
E02000265,Ealing,3,3,32.523462163863655,27.64073759524252,294.0,283.0,0.2993890020366598,0.2881873727087576,-0.0112016293279021,-4.882724568621136,1034.0,112.0,1250,1267,2517,1146.0,46.010329757647995,922.0,82.72,844.0,92.0,1018,1072,2090,936.0,37.15215311004785,752.0,82.90766208251473,1030.0,104.0,1134.0,42.55860150973381,926.0,81.29439621152328,873.0,96.0,969.0,40.09952153110048,777.0,81.43656716417911,618.0,776.0,158.0,-170.0,-210.0,-8.858176647600146,0.1876620825147341,-149.0,-165.0,-2.4590799786333335,0.1421709526558316,0.5026315789473684,0.9058402860548272,0.4913385826771653,0.9114832535885168,concordant,concordant,-0.011292996270203,0.0056429675336896,3,1034,216,1109,201,1483,1582,233,315,3065,1250,72.86916802610114,818,69.72353337828724,1310,72.72724306688417,908,0.48828125,-82,942,193,1083,172,1265,1473,247,401,2738,1135,66.4010226442659,749,74.46640316205534,1255,68.0336011687363,911,0.47489539748953974,-154
E02000266,Ealing,1,1,46.70188995215311,36.88706065559666,43.0,50.0,0.0437881873727087,0.0509164969450101,0.0071283095723014,-9.814829296556448,878.0,0.0,949,1006,1955,878.0,0.0,878.0,92.51844046364594,821.0,0.0,854,764,1618,821.0,0.0,821.0,96.135831381733,963.0,0.0,963.0,0.0,963.0,95.72564612326045,709.0,0.0,709.0,0.0,709.0,92.80104712041884,787.0,787.0,0.0,-57.0,-57.0,0.0,3.617390918087054,-254.0,-254.0,0.0,-2.924599002841603,0.4769147202607278,0.941687979539642,0.5366013071895425,0.945611866501854,concordant,concordant,0.0596865869288146,0.0039238869622122,1,1015,0,1218,0,1088,1262,139,256,2350,1015,0.0,1015,93.29044117647058,1218,0.0,1218,0.45454545454545453,-117,939,0,1138,0,977,1194,123,430,2171,939,0.0,939,96.11054247697032,1138,0.0,1138,0.4520943668753009,-307
E02000267,Ealing,6,6,22.021765506786025,19.028426202548992,560.0,572.0,0.570264765784114,0.5824847250509165,0.0122199592668025,-2.9933393042370326,267.0,271.0,649,577,1226,538.0,59.01876019575857,-4.0,41.14021571648691,285.0,229.0,672,463,1135,514.0,57.502202643171806,56.0,42.410714285714285,257.0,342.0,599.0,71.69168026101141,-85.0,44.54072790294627,195.0,324.0,519.0,55.66519823788546,-129.0,42.11663066954643,35.0,274.0,239.0,60.0,-24.0,-1.516557552586761,1.270498569227378,-44.0,-80.0,-16.02648202312595,-2.4240972333998414,0.4731750219876869,0.9274061990212072,0.4975798644724105,0.9101321585903084,concordant,divergent,0.0244048424847235,-0.0172740404308987,4,370,240,449,295,745,765,96,188,1510,610,58.80794701986755,130,49.664429530201346,744,87.71854304635761,154,0.4505169867060561,-92,358,205,474,292,742,740,70,277,1482,563,49.52091767881242,153,48.24797843665768,766,93.39271255060729,182,0.4236267870579383,-207
E02000268,Ealing,7,6,20.487510661466125,20.64204977728285,600.0,509.0,0.6109979633401222,0.5183299389002036,-0.0926680244399186,0.1545391158167248,270.0,536.0,904,1023,1927,806.0,75.10119356512715,-266.0,29.867256637168143,249.0,446.0,895,920,1815,695.0,61.186776859504135,-197.0,27.821229050279328,293.0,483.0,776.0,73.44006227296316,-190.0,28.641251221896383,295.0,430.0,725.0,69.88980716253444,-135.0,32.065217391304344,93.0,451.0,358.0,69.0,-111.0,-13.914416705623012,-2.0460275868888154,55.0,-51.0,-3.550255110428722,3.4239661694079615,0.5094816687737042,0.820965230928905,0.4894366197183099,0.7823691460055097,concordant,concordant,-0.0200450490553942,-0.0385960849233953,5,536,517,584,474,1156,1297,252,274,2453,1053,112.96860986547085,19,46.36678200692042,1058,112.84794129637179,110,0.4988157271435339,-22,423,438,722,422,1052,1329,157,409,2381,861,77.81352372952541,-15,40.20912547528518,1144,127.96472070558589,300,0.42942643391521196,-252
E02000269,Ealing,9,9,12.074136028843771,10.623610073010765,831.0,841.0,0.8462321792260692,0.8564154786150713,0.010183299389002,-1.450525955833008,27.0,673.0,919,822,1741,700.0,10.437105112004597,-646.0,2.9379760609358,20.0,626.0,776,735,1511,646.0,8.28590337524818,-606.0,2.5773195876288657,50.0,812.0,862.0,23.319931074095347,-762.0,6.082725060827251,35.0,698.0,733.0,16.168100595632033,-663.0,4.761904761904762,-591.0,23.0,614.0,40.0,-54.0,-2.151201736756416,-0.3606564733069342,99.0,-129.0,-7.151830478463314,-1.3208202989224889,0.4481434058898847,0.897185525560023,0.4684554024655547,0.9126406353408338,concordant,concordant,0.0203119965756699,0.0154551097808108,8,24,1029,49,1096,1171,1150,252,328,2321,1053,10.640241275312365,-1005,2.0495303159692573,1145,23.138302455838,-1047,0.47907188353048225,-76,19,1050,31,820,886,1129,110,394,2015,1069,9.900744416873449,-1031,2.144469525959368,851,12.615384615384615,-789,0.5567708333333333,-284
E02000270,Ealing,3,1,33.4102310791993,35.99719163190494,276.0,64.0,0.2810590631364562,0.065173116089613,-0.2158859470468432,2.5869605527056407,617.0,96.0,893,866,1759,713.0,33.673678226264926,521.0,69.09294512877939,811.0,103.0,1120,869,1989,914.0,41.99748617395676,708.0,72.41071428571428,682.0,135.0,817.0,52.34223990903923,547.0,78.75288683602771,682.0,205.0,887.0,70.29160382101558,477.0,78.48101265822784,1027.0,1027.0,0.0,187.0,201.0,8.323807947691833,3.3177691569348866,-70.0,70.0,17.949363911976356,-0.271874177799873,0.4660130718954248,0.869812393405344,0.5074958356468628,0.9054801407742584,concordant,concordant,0.041482763751438,0.0356677473689144,2,781,60,916,96,1015,1072,122,206,2087,841,22.453282223287015,721,76.94581280788178,1012,42.13512218495448,820,0.45385860766324876,-84,996,72,981,111,1283,1144,163,275,2427,1068,29.54758961681088,924,77.63055339049104,1092,44.866501854140914,870,0.49444444444444446,-112
E02000271,Ealing,9,9,12.715798570309037,9.82919416909621,814.0,866.0,0.8289205702647657,0.8818737270875764,0.0529531568228106,-2.886604401212825,26.0,631.0,701,791,1492,657.0,10.99597855227882,-605.0,3.708987161198289,23.0,549.0,739,639,1378,572.0,9.163280116110304,-526.0,3.1123139377537212,40.0,581.0,621.0,15.576407506702411,-541.0,5.056890012642225,43.0,637.0,680.0,19.87735849056604,-594.0,6.729264475743349,-510.0,19.0,529.0,79.0,-85.0,-1.8326984361685152,-0.5966732234445677,-53.0,59.0,4.300950983863627,1.672374463101124,0.5140845070422535,0.8565683646112601,0.4568690095846645,0.9085631349782292,concordant,concordant,-0.0572154974575889,0.0519947703669692,7,45,857,80,762,895,1024,194,233,1919,902,20.096404377279832,-812,5.027932960893855,842,31.766545075560188,-682,0.5172018348623854,-39,43,877,67,782,898,985,159,346,1883,920,20.027084439723843,-834,4.788418708240535,849,27.824747742963357,-715,0.5200678349349915,-187
E02000272,Ealing,9,9,11.049683628482514,10.154082105586248,862.0,855.0,0.8778004073319755,0.8706720977596741,-0.0071283095723013,-0.8956015228962659,15.0,402.0,523,494,1017,417.0,5.929203539823009,-387.0,2.8680688336520075,9.0,363.0,365,437,802,372.0,4.0735660847880295,-354.0,2.4657534246575343,34.0,425.0,459.0,14.208456243854474,-391.0,6.882591093117409,17.0,302.0,319.0,6.401496259351621,-285.0,3.8901601830663615,-357.0,12.0,369.0,33.0,-45.0,-1.8556374550349792,-0.4023154089944731,106.0,-140.0,-7.806959984502853,-2.992430910051047,0.476027397260274,0.8613569321533924,0.5383502170767004,0.8615960099750624,concordant,concordant,0.0623228198164264,0.0002390778216699,8,15,647,31,553,635,722,112,228,1357,662,7.151805453205601,-632,2.3622047244094486,584,12.633014001473839,-522,0.5313001605136437,-116,9,609,14,400,448,666,83,229,1114,618,4.920107719928187,-600,2.0089285714285716,414,5.026929982046679,-386,0.5988372093023255,-146
E02000274,Ealing,4,3,32.375847218251785,28.3128246462348,301.0,251.0,0.3065173116089613,0.2556008146639511,-0.0509164969450101,-4.063022572016983,349.0,398.0,744,1137,1881,747.0,73.84476342371079,-49.0,46.90860215053764,207.0,343.0,607,1120,1727,550.0,41.11233352634626,-136.0,34.102141680395384,586.0,292.0,878.0,90.9686337054758,294.0,51.53913808267371,597.0,283.0,880.0,97.8291835552982,314.0,53.30357142857143,79.0,263.0,184.0,-87.0,-197.0,-32.732429897364526,-12.806460470142255,20.0,2.0,6.860549849822405,1.7644333458977215,0.4596923076923077,0.8639021796916534,0.3846153846153846,0.8280254777070064,divergent,divergent,-0.075076923076923,-0.0358767019846469,3,421,358,749,232,849,1390,105,253,2239,779,67.31487271103171,63,49.58775029446408,981,77.60964716391246,517,0.4426136363636364,-148,303,294,1005,233,723,1582,116,462,2305,597,38.6472885032538,9,41.90871369294606,1238,101.59002169197397,772,0.32534059945504085,-346
E02000275,Ealing,3,3,34.333983501830474,28.17782754506893,248.0,257.0,0.2525458248472505,0.2617107942973523,0.0091649694501018,-6.156155956761548,417.0,55.0,552,566,1118,472.0,20.514311270125223,362.0,75.54347826086956,350.0,85.0,464,731,1195,435.0,24.89539748953975,265.0,75.43103448275862,411.0,65.0,476.0,23.8953488372093,346.0,72.6148409893993,580.0,50.0,630.0,24.267782426778243,530.0,79.34336525307798,114.0,221.0,107.0,-97.0,-37.0,4.381086219414527,-0.1124437781109435,184.0,154.0,0.3724335895689421,6.728524263678679,0.4978902953586498,0.8479427549194991,0.4084507042253521,0.891213389121339,concordant,concordant,-0.0894395911332976,0.0432706342018398,2,511,54,617,57,615,737,63,171,1352,565,20.409763313609467,457,83.08943089430895,674,26.01257396449704,560,0.45601291364003227,-108,472,71,774,45,549,903,85,172,1452,543,23.079889807162534,401,85.97449908925319,819,23.987603305785125,729,0.3986784140969163,-87
E02000276,Ealing,8,8,14.966897119309728,13.741856141420298,752.0,738.0,0.7657841140529531,0.7515274949083504,-0.0142566191446027,-1.2250409778894298,108.0,539.0,714,802,1516,647.0,38.39841688654354,-431.0,15.126050420168069,116.0,454.0,631,659,1290,570.0,40.82480620155039,-338.0,18.38351822503962,171.0,533.0,704.0,60.12071240105541,-362.0,21.3216957605985,128.0,459.0,587.0,45.544186046511626,-331.0,19.423368740515933,-357.0,103.0,460.0,93.0,-77.0,2.426389315006851,3.257467804871551,31.0,-117.0,-14.57652635454378,-1.8983270200825688,0.4789045151739452,0.8911609498680739,0.4926534140017286,0.8968992248062015,concordant,concordant,0.0137488988277834,0.0057382749381276,6,110,526,197,522,925,1091,211,289,2016,636,28.700396825396826,-416,11.891891891891893,719,51.00892857142857,-325,0.4693726937269373,-78,121,448,138,451,770,947,139,288,1717,569,31.5713453698311,-327,15.714285714285714,589,36.248107163657544,-313,0.4913644214162349,-149
E02000277,Enfield,6,4,23.83618138257308,26.28489744973688,499.0,322.0,0.5081466395112016,0.3279022403258655,-0.180244399185336,2.4487160671637973,95.0,279.0,539,383,922,374.0,28.747288503253795,-184.0,17.625231910946194,52.0,267.0,426,398,824,319.0,16.849514563106798,-215.0,12.206572769953052,83.0,412.0,495.0,37.08893709327549,-329.0,21.671018276762403,118.0,363.0,481.0,51.98300970873787,-245.0,29.64824120603015,-128.0,84.0,212.0,-31.0,-55.0,-11.897773940146998,-5.418659140993142,84.0,-14.0,14.894072615462376,7.977222929267747,0.430379746835443,0.9425162689804772,0.39875,0.970873786407767,concordant,concordant,-0.031629746835443,0.0283575174272897,4,183,265,360,400,624,660,85,277,1284,448,37.768691588785046,-82,29.326923076923077,760,112.14953271028037,-40,0.3708609271523179,-192,154,263,455,354,525,735,99,337,1260,417,32.144444444444446,-109,29.333333333333332,809,127.83333333333333,101,0.3401305057096248,-238
E02000278,Enfield,2,1,38.58764642978387,38.42983080834834,155.0,42.0,0.1578411405295315,0.0427698574338085,-0.115071283095723,-0.1578156214355246,406.0,104.0,660,506,1166,510.0,36.21269296740995,302.0,61.51515151515151,280.0,99.0,437,451,888,379.0,31.216216216216218,181.0,64.07322654462243,336.0,163.0,499.0,46.97084048027444,173.0,66.40316205533597,301.0,79.0,380.0,26.778153153153152,222.0,66.74057649667405,307.0,307.0,0.0,-121.0,-131.0,-4.9964767511937325,2.5580750294709205,49.0,-119.0,-20.192687327121288,0.3374144413380833,0.5054509415262636,0.8653516295025729,0.4993412384716733,0.8547297297297297,concordant,concordant,-0.0061097030545902,-0.0106218997728432,2,452,105,620,169,768,837,108,331,1605,557,29.570093457943926,347,58.854166666666664,789,65.2834890965732,451,0.4138187221396731,-223,362,103,602,83,566,791,129,340,1357,465,27.476787030213707,259,63.957597173144876,685,36.820928518791455,519,0.4043478260869565,-211
E02000279,Enfield,4,2,32.21312893832943,32.448723032537266,307.0,137.0,0.3126272912423625,0.1395112016293279,-0.1731160896130346,0.2355940942078334,409.0,301.0,1132,656,1788,710.0,68.85290827740492,108.0,36.130742049469966,230.0,234.0,693,609,1302,464.0,41.336405529953915,-4.0,33.18903318903319,318.0,645.0,963.0,114.71476510067114,-327.0,48.47560975609756,337.0,422.0,759.0,109.2273425499232,-85.0,55.33661740558292,157.0,302.0,145.0,-112.0,-246.0,-27.516502747451007,-2.9417088604367763,242.0,-204.0,-5.487422550747951,6.861007649485359,0.4243873281530185,0.935682326621924,0.3793949304987735,0.9393241167434716,divergent,concordant,-0.044992397654245,0.0036417901215476,3,501,287,606,644,1327,1050,195,394,2377,788,60.49095498527556,214,37.75433308214017,1250,164.18342448464452,-38,0.38665358194308147,-199,316,234,824,422,846,1159,153,550,2005,550,36.87980049875312,82,37.35224586288416,1246,173.43042394014964,402,0.3062360801781737,-397
E02000280,Enfield,7,5,20.29299657709924,21.468448379979097,608.0,476.0,0.6191446028513238,0.4847250509164969,-0.1344195519348268,1.1754518028798593,195.0,210.0,501,391,892,405.0,45.908071748878925,-15.0,38.92215568862276,151.0,141.0,457,295,752,292.0,28.3125,10.0,33.04157549234136,155.0,275.0,430.0,47.785874439461885,-120.0,39.64194373401534,129.0,265.0,394.0,45.45877659574468,-136.0,43.728813559322035,108.0,220.0,112.0,25.0,-113.0,-17.595571748878925,-5.8805801962814,-16.0,-36.0,-2.3270978437172047,4.086869825306692,0.4850299401197604,0.9360986547085202,0.4256559766763848,0.9122340425531916,concordant,divergent,-0.0593739634433756,-0.0238646121553286,5,321,210,414,274,626,650,125,259,1276,531,52.82915360501568,111,51.2779552715655,688,88.89968652037618,140,0.43560295324036097,-134,237,141,471,260,543,636,86,341,1179,378,28.34351145038168,96,43.646408839779006,731,103.8676844783715,211,0.3408476104598738,-255
E02000281,Enfield,4,3,29.469572625919636,27.972087435954556,376.0,264.0,0.3828920570264765,0.2688391038696537,-0.1140529531568227,-1.4974851899650794,390.0,159.0,741,459,1200,549.0,51.675,231.0,52.63157894736842,287.0,199.0,557,442,999,486.0,57.170170170170174,88.0,51.526032315978455,251.0,304.0,555.0,63.586666666666666,-53.0,54.68409586056645,226.0,230.0,456.0,52.032032032032035,-4.0,51.13122171945701,113.0,294.0,181.0,-143.0,-63.0,5.4951701701701765,-1.105546631389963,49.0,-99.0,-11.554634634634631,-3.5528741411094416,0.4972826086956521,0.92,0.5159235668789809,0.9429429429429428,divergent,divergent,0.0186409581833287,0.0229429429429428,3,426,159,469,304,843,715,102,256,1558,585,43.47496790757381,267,50.5338078291815,773,91.51219512195122,165,0.43078055964653905,-154,387,199,619,230,695,884,138,442,1579,586,48.77327422419253,188,55.68345323741008,849,90.16466117796074,389,0.4083623693379791,-304
E02000282,Enfield,1,1,43.609851547997806,40.06445952729555,81.0,22.0,0.0824847250509165,0.0224032586558044,-0.060081466395112,-3.545392020702259,684.0,0.0,846,660,1506,684.0,0.0,684.0,80.85106382978722,432.0,0.0,543,610,1153,432.0,0.0,432.0,79.55801104972376,549.0,0.0,549.0,0.0,549.0,83.18181818181817,477.0,0.0,477.0,0.0,477.0,78.19672131147541,348.0,348.0,0.0,-252.0,-252.0,0.0,-1.293052780063462,-72.0,-72.0,0.0,-4.985096870342758,0.5547445255474452,0.8187250996015937,0.4752475247524752,0.7883781439722463,concordant,concordant,-0.07949700079497,-0.0303469556293474,1,783,0,753,0,947,869,101,209,1816,783,0.0,783,82.68215417106653,753,0.0,753,0.509765625,-108,526,0,750,0,637,883,94,273,1520,526,0.0,526,82.574568288854,750,0.0,750,0.4122257053291536,-179
E02000283,Enfield,5,2,27.759390204178537,31.001213530163895,416.0,178.0,0.4236252545824847,0.1812627291242362,-0.2423625254582485,3.241823325985358,92.0,331.0,545,468,1013,423.0,30.061204343534055,-239.0,16.88073394495413,89.0,282.0,441,387,828,371.0,30.31159420289855,-193.0,20.181405895691608,112.0,393.0,505.0,43.45113524185587,-281.0,23.931623931623932,77.0,308.0,385.0,28.64251207729469,-231.0,19.896640826873384,63.0,191.0,128.0,46.0,-52.0,0.2503898593644962,3.3006719507374775,50.0,-120.0,-14.808623164561183,-4.034983104750548,0.4558189655172414,0.91609081934847,0.4907407407407407,0.9130434782608696,concordant,concordant,0.0349217752234993,-0.0030473410876004,3,181,244,349,297,629,700,84,232,1329,425,33.231000752445446,-63,28.7758346581876,646,77.99322799097065,52,0.3968253968253968,-148,193,215,411,254,535,716,94,329,1251,408,33.16946442845723,-22,36.074766355140184,665,83.44844124700239,157,0.38024231127679403,-235
E02000284,Enfield,8,7,15.803134472195122,17.070983778065123,735.0,624.0,0.7484725050916496,0.6354378818737271,-0.1130346232179225,1.267849305870001,82.0,332.0,629,477,1106,414.0,24.61482820976492,-250.0,13.036565977742448,113.0,319.0,588,444,1032,432.0,34.929263565891475,-206.0,19.217687074829932,92.0,460.0,552.0,38.264014466546115,-368.0,19.28721174004193,65.0,419.0,484.0,26.390503875968992,-354.0,14.63963963963964,-151.0,142.0,293.0,44.0,18.0,10.314435356126555,6.181121097087484,14.0,-68.0,-11.873510590577125,-4.647572100402289,0.4285714285714285,0.8734177215189873,0.4716157205240174,0.8875968992248062,concordant,concordant,0.0430442919525889,0.0141791777058188,6,85,332,94,460,783,781,154,304,1564,417,18.043478260869566,-247,10.855683269476373,554,27.647058823529413,-366,0.4294541709577755,-150,114,317,66,419,696,804,108,360,1500,431,24.092,-203,16.379310344827587,485,18.436,-353,0.4705240174672489,-252
E02000285,Enfield,9,9,10.762750633621344,11.391912029272756,873.0,811.0,0.8890020366598778,0.8258655804480651,-0.0631364562118126,0.6291613956514137,11.0,224.0,292,260,552,235.0,4.463768115942029,-213.0,3.767123287671233,20.0,218.0,330,243,573,238.0,7.609075043630018,-198.0,6.0606060606060606,22.0,266.0,288.0,10.601449275362318,-244.0,8.461538461538462,20.0,292.0,312.0,10.191972076788833,-272.0,8.23045267489712,-208.0,9.0,217.0,15.0,3.0,3.1453069276879884,2.2934827729348277,-28.0,24.0,-0.4094771985734855,-0.2310857866413425,0.4493307839388145,0.947463768115942,0.4327272727272727,0.9598603839441536,concordant,concordant,-0.0166035112115418,0.0123966158282116,8,8,438,12,337,358,472,66,212,830,446,4.2216867469879515,-430,2.2346368715083798,349,4.872289156626506,-325,0.5610062893081761,-146,11,461,19,358,391,486,61,243,877,472,5.782212086659065,-450,2.813299232736573,377,7.755986316989738,-339,0.5559481743227326,-182
E02000286,Enfield,8,7,15.07210509683746,16.912818267088756,750.0,631.0,0.7637474541751528,0.6425661914460286,-0.1211812627291242,1.8407131702512969,180.0,392.0,700,652,1352,572.0,52.18934911242604,-212.0,25.71428571428571,172.0,320.0,728,492,1220,492.0,45.114754098360656,-148.0,23.626373626373624,174.0,451.0,625.0,58.04289940828402,-277.0,26.68711656441718,114.0,485.0,599.0,45.31967213114754,-371.0,23.17073170731707,-98.0,202.0,300.0,64.0,-80.0,-7.07459501406538,-2.0879120879120876,-94.0,-26.0,-12.72322727713648,-3.5163848571001104,0.4778613199665831,0.8853550295857988,0.4509624197983501,0.8942622950819672,concordant,concordant,-0.0268989001682329,0.0089072654961683,6,195,388,177,448,931,939,231,287,1870,583,40.45989304812834,-193,20.945220193340493,625,42.40427807486631,-271,0.4826158940397351,-56,180,320,120,479,831,834,103,342,1665,500,34.5945945945946,-140,21.660649819494584,599,34.52252252252252,-359,0.4549590536851683,-239
E02000287,Enfield,9,8,11.08154635233768,13.160404373177842,861.0,753.0,0.8767820773930753,0.7668024439918534,-0.1099796334012219,2.078858020840162,93.0,365.0,429,483,912,458.0,37.2203947368421,-272.0,21.678321678321677,96.0,251.0,420,370,790,347.0,30.50126582278481,-155.0,22.857142857142858,77.0,267.0,344.0,22.542763157894736,-190.0,15.942028985507244,55.0,288.0,343.0,20.050632911392405,-233.0,14.864864864864863,-82.0,118.0,200.0,117.0,-111.0,-6.719128914057293,1.178821178821181,-43.0,-1.0,-2.492130246502331,-1.0771641206423812,0.571072319201995,0.8793859649122807,0.5028985507246376,0.8734177215189873,concordant,concordant,-0.0681737684773573,-0.0059682433932933,8,62,630,66,581,707,726,278,243,1433,692,27.257501744591764,-568,8.76944837340877,647,26.759246336357293,-515,0.5168035847647499,35,83,530,47,396,517,615,97,245,1132,613,38.860424028268554,-447,16.054158607350097,443,16.441696113074205,-349,0.5804924242424242,-148
E02000288,Enfield,3,2,34.22211056720687,33.579485377402285,252.0,106.0,0.2566191446028513,0.1079429735234216,-0.1486761710794297,-0.6426251898045834,626.0,254.0,1206,715,1921,880.0,82.77147319104633,372.0,51.90713101160862,373.0,190.0,644,656,1300,563.0,54.51538461538462,183.0,57.919254658385086,419.0,458.0,877.0,99.89692868297762,-39.0,58.6013986013986,403.0,211.0,614.0,65.41,192.0,61.4329268292683,200.0,377.0,177.0,-189.0,-317.0,-28.256088575661707,6.012123646776466,231.0,-263.0,-34.48692868297762,2.831528227869697,0.5008537279453614,0.9146277980218636,0.4783347493627867,0.9053846153846152,divergent,concordant,-0.0225189785825746,-0.0092431826372482,2,786,119,738,248,1362,1033,156,318,2395,905,39.053862212943635,667,57.70925110132159,986,76.41920668058455,490,0.4785827604442094,-162,551,106,779,101,821,1032,177,376,1853,657,31.51969778737183,445,67.11327649208283,880,42.46033459255262,678,0.42745608327911516,-199
E02000289,Enfield,10,9,9.661355378444208,10.25233727451872,898.0,852.0,0.9144602851323828,0.8676171079429735,-0.0468431771894093,0.5909818960745117,0.0,197.0,292,242,534,197.0,0.0,-197.0,0.0,0.0,199.0,367,250,617,199.0,0.0,-199.0,0.0,0.0,254.0,254.0,0.0,-254.0,0.0,0.0,328.0,328.0,0.0,-328.0,0.0,-174.0,12.0,186.0,-2.0,2.0,0.0,0.0,-74.0,74.0,0.0,0.0,0.4368070953436807,0.8445692883895131,0.3776091081593928,0.8541329011345219,concordant,concordant,-0.0591979871842879,0.0095636127450088,9,1,410,1,320,353,436,61,194,789,411,0.5196451204055766,-409,0.28328611898017,321,0.4055766793409379,-319,0.5614754098360656,-133,2,465,1,409,445,507,78,257,952,467,0.976890756302521,-463,0.44943820224719105,410,0.42962184873949577,-408,0.5324971493728621,-179
E02000290,Enfield,2,1,39.2495030682132,38.839320709559345,149.0,34.0,0.1517311608961303,0.0346232179226069,-0.1171079429735234,-0.4101823586538557,367.0,116.0,627,549,1176,483.0,36.20068027210884,251.0,58.53269537480064,303.0,64.0,493,458,951,367.0,20.391167192429023,239.0,61.4604462474645,354.0,169.0,523.0,50.87244897959184,185.0,64.48087431693989,332.0,127.0,459.0,44.33648790746582,205.0,72.48908296943232,319.0,319.0,0.0,-12.0,-116.0,-15.809513079679816,2.9277508726638644,20.0,-64.0,-6.535961072126014,8.008208652492428,0.4801192842942346,0.8554421768707483,0.4443099273607748,0.868559411146162,concordant,concordant,-0.0358093569334598,0.0131172342754136,2,348,117,440,172,705,737,78,188,1442,465,28.235783633841887,231,49.361702127659576,612,52.48266296809986,268,0.43175487465181056,-110,301,66,469,128,543,636,50,178,1179,367,16.849872773536894,235,55.432780847145494,597,50.917726887192536,341,0.38070539419087135,-128
E02000291,Enfield,6,5,22.03595138614971,22.769043029435817,558.0,431.0,0.5682281059063137,0.4389002036659877,-0.1293279022403259,0.7330916432861052,413.0,371.0,884,796,1680,784.0,91.20416666666668,42.0,46.71945701357466,287.0,339.0,716,632,1348,626.0,72.17581602373888,-52.0,40.08379888268156,384.0,417.0,801.0,95.31428571428572,-33.0,48.24120603015075,263.0,399.0,662.0,77.84643916913947,-136.0,41.61392405063291,-13.0,289.0,302.0,-94.0,-158.0,-19.028350642927805,-6.635658130893098,-103.0,-139.0,-17.467846545146244,-6.627281979517839,0.4946372239747634,0.9434523809523808,0.4860248447204969,0.9554896142433236,divergent,concordant,-0.0086123792542665,0.0120372332909425,4,619,352,673,390,1075,1085,191,289,2160,971,100.87407407407407,267,57.581395348837205,1063,121.51388888888889,283,0.4773844641101278,-98,415,317,677,380,839,1038,123,406,1877,732,70.08790623335109,98,49.463647199046484,1057,137.05913692061802,297,0.4091671324762437,-283
E02000292,Enfield,7,5,20.28418657942845,21.630351197726352,609.0,470.0,0.620162932790224,0.4786150712830957,-0.1415478615071283,1.3461646182979017,114.0,378.0,679,577,1256,492.0,34.30891719745223,-264.0,16.789396170839467,110.0,325.0,663,556,1219,435.0,29.3273174733388,-215.0,16.59125188536953,171.0,514.0,685.0,69.97929936305732,-343.0,29.636048526863085,188.0,473.0,661.0,72.94831829368334,-285.0,33.81294964028777,-48.0,220.0,268.0,49.0,-57.0,-4.981599724113433,-0.1981442854699366,58.0,-24.0,2.969018930626021,4.176901113424684,0.4180118946474087,0.9371019108280256,0.3968978102189781,0.8990976210008204,concordant,concordant,-0.0211140844284306,-0.0380042898272051,5,209,376,430,513,773,836,94,259,1609,585,48.8402734617775,-167,27.037516170763258,943,137.09757613424486,-83,0.38285340314136124,-165,207,322,537,443,760,905,97,349,1665,529,40.03243243243243,-115,27.236842105263158,980,142.87747747747747,94,0.35056328694499667,-252
E02000293,Enfield,10,9,8.895326801807515,10.699650412717824,922.0,836.0,0.9389002036659878,0.8513238289205702,-0.0875763747454175,1.8043236109103071,0.0,259.0,360,314,674,259.0,0.0,-259.0,0.0,0.0,249.0,307,312,619,249.0,0.0,-249.0,0.0,0.0,287.0,287.0,0.0,-287.0,0.0,0.0,247.0,247.0,0.0,-247.0,0.0,-185.0,38.0,223.0,10.0,-10.0,0.0,0.0,40.0,-40.0,0.0,0.0,0.4743589743589743,0.8100890207715133,0.5020161290322581,0.8012924071082391,concordant,concordant,0.0276571546732837,-0.0087966136632742,9,0,461,3,432,459,491,99,177,950,461,0.0,-461,0.0,435,1.3642105263157895,-429,0.5145089285714286,-78,3,494,1,341,373,530,66,218,903,497,1.6411960132890366,-491,0.8042895442359249,342,0.37763012181616834,-340,0.5923718712753278,-152
E02000294,Enfield,5,3,28.116986427525624,29.838090023549565,406.0,205.0,0.4134419551934827,0.2087576374745417,-0.2046843177189409,1.7211035960239407,112.0,436.0,602,685,1287,548.0,37.94250194250194,-324.0,18.6046511627907,141.0,342.0,670,572,1242,483.0,38.82608695652174,-201.0,21.044776119402982,161.0,445.0,606.0,55.66822066822067,-284.0,23.503649635036496,192.0,465.0,657.0,71.8840579710145,-273.0,33.56643356643357,-57.0,215.0,272.0,123.0,-65.0,0.8835850140198005,2.4401249566122836,11.0,51.0,16.21583730279383,10.062783931397073,0.4748700173310225,0.8966588966588966,0.4236842105263158,0.9178743961352656,concordant,concordant,-0.0511858068047067,0.021215499476369,3,327,366,369,398,812,881,210,196,1693,693,70.69226225634968,-39,40.27093596059113,767,86.74660366213821,-29,0.47465753424657536,14,263,298,489,389,778,866,108,294,1644,561,47.67274939172749,-35,33.804627249357324,878,115.70620437956204,100,0.3898540653231411,-186
E02000295,Enfield,9,8,11.98511555505135,14.264162270898526,833.0,723.0,0.8482688391038696,0.7362525458248472,-0.1120162932790224,2.2790467158471763,106.0,398.0,676,570,1246,504.0,33.858747993579456,-292.0,15.680473372781064,71.0,357.0,541,515,1056,428.0,24.00284090909091,-286.0,13.12384473197782,111.0,538.0,649.0,47.92776886035313,-427.0,19.473684210526315,114.0,431.0,545.0,46.52840909090909,-317.0,22.135922330097088,-190.0,114.0,304.0,6.0,-76.0,-9.855907084488546,-2.5566286408032433,110.0,-104.0,-1.3993597694440396,2.662238119570773,0.4371205550737207,0.9253611556982344,0.4398766700924974,0.9214015151515152,concordant,concordant,0.0027561150187767,-0.0039596405467191,8,87,634,86,681,809,786,133,216,1595,721,34.58181818181818,-547,10.754017305315204,767,36.718495297805646,-595,0.4845430107526882,-83,47,632,80,564,672,778,131,263,1450,679,20.48551724137931,-585,6.9940476190476195,644,31.117241379310343,-484,0.5132275132275133,-132
E02000296,Enfield,7,6,19.478001771368643,18.736596991132807,626.0,577.0,0.6374745417515275,0.5875763747454175,-0.04989816700611,-0.7414047802358361,315.0,320.0,963,813,1776,635.0,56.75675675675676,-5.0,32.71028037383177,315.0,312.0,800,775,1575,627.0,62.4,3.0,39.375,369.0,541.0,910.0,112.4037162162162,-172.0,45.38745387453875,337.0,402.0,739.0,86.01523809523809,-65.0,43.483870967741936,75.0,368.0,293.0,8.0,-8.0,5.643243243243241,6.664719626168228,107.0,-171.0,-26.388478120978107,-1.9035829067968135,0.4110032362459547,0.8699324324324325,0.45900439238653,0.8673015873015874,concordant,divergent,0.0480011561405753,-0.0026308451308451,5,599,299,667,526,1245,1108,282,295,2353,898,76.11602209944752,300,48.11244979919679,1193,149.10412239694008,141,0.4294595887135342,-13,429,308,732,392,912,1160,112,385,2072,737,63.770270270270274,121,47.03947368421053,1124,138.48648648648648,340,0.39602364320257927,-273
E02000297,Enfield,9,9,10.853698627124112,11.153847965296428,871.0,822.0,0.8869653767820774,0.8370672097759674,-0.04989816700611,0.3001493381723144,75.0,382.0,547,470,1017,457.0,28.171091445427727,-307.0,13.711151736745888,45.0,317.0,412,419,831,362.0,17.166064981949457,-272.0,10.92233009708738,57.0,431.0,488.0,24.156342182890857,-374.0,12.127659574468083,55.0,334.0,389.0,22.10589651022864,-279.0,13.126491646778044,-319.0,26.0,345.0,35.0,-95.0,-11.00502646347827,-2.788821639658508,95.0,-99.0,-2.0504456726622173,0.9988320723099609,0.4835978835978836,0.9292035398230089,0.4820239680426098,0.9037304452466908,concordant,concordant,-0.0015739155552737,-0.025473094576318,8,57,640,49,533,642,722,95,252,1364,697,26.744868035190617,-583,8.878504672897195,582,19.147360703812318,-484,0.5449569976544175,-157,26,699,43,435,504,789,92,370,1293,725,14.055684454756381,-673,5.158730158730158,478,14.466357308584687,-392,0.6026600166251039,-278
E02000298,Enfield,10,10,10.149730907472415,8.6342442002442,890.0,907.0,0.9063136456211812,0.9236252545824848,0.0173116089613034,-1.5154867072282163,0.0,422.0,539,526,1065,422.0,0.0,-422.0,0.0,0.0,388.0,493,446,939,388.0,0.0,-388.0,0.0,0.0,434.0,434.0,0.0,-434.0,0.0,0.0,417.0,417.0,0.0,-417.0,0.0,-430.0,0.0,430.0,34.0,-34.0,0.0,0.0,17.0,-17.0,0.0,0.0,0.4929906542056075,0.8037558685446009,0.4819875776397515,0.8572949946751863,concordant,concordant,-0.0110030765658559,0.0535391261305854,8,102,621,103,524,680,783,141,257,1463,723,43.29596719070403,-519,15.0,627,36.89131920710868,-421,0.5355555555555556,-116,73,603,57,430,559,724,66,278,1283,676,34.309431021044425,-530,13.059033989266547,487,19.10366328916602,-373,0.5812553740326741,-212
E02000299,Enfield,3,1,33.89813588810137,34.10902891590886,261.0,97.0,0.2657841140529531,0.0987780040733197,-0.1670061099796334,0.2108930278074865,421.0,381.0,964,980,1944,802.0,82.5108024691358,40.0,43.67219917012448,212.0,347.0,551,850,1401,559.0,52.50820842255532,-135.0,38.475499092558984,497.0,475.0,972.0,121.4377572016461,22.0,50.71428571428571,411.0,288.0,699.0,84.4882226980728,123.0,48.35294117647059,324.0,324.0,0.0,-175.0,-243.0,-30.002594046580477,-5.196700077565495,101.0,-273.0,-36.94953450357329,-2.361344537815121,0.4520856820744081,0.912551440329218,0.444356120826709,0.8979300499643112,concordant,divergent,-0.007729561247699,-0.0146213903649068,2,513,203,700,302,1056,1180,92,200,2236,716,46.57379248658319,310,48.57954545454545,1002,94.5438282647585,398,0.4167636786961583,-108,296,213,688,182,633,1127,82,277,1760,509,35.82272727272727,83,46.76145339652449,870,71.14545454545454,506,0.369108049311095,-195
E02000300,Enfield,5,2,28.158851488292264,31.690634891882716,405.0,159.0,0.4124236252545825,0.1619144602851323,-0.2505091649694501,3.5317834035904525,163.0,575.0,876,868,1744,738.0,53.741399082568805,-412.0,18.60730593607306,162.0,430.0,611,733,1344,592.0,51.830357142857146,-268.0,26.5139116202946,198.0,635.0,833.0,72.09288990825688,-437.0,22.811059907834103,219.0,393.0,612.0,64.03794642857143,-174.0,29.877216916780352,88.0,324.0,236.0,144.0,-146.0,-1.9110419397116587,7.906605684221539,263.0,-221.0,-8.054943479685448,7.066157008946249,0.4697644812221515,0.900802752293578,0.4916943521594684,0.8958333333333334,concordant,concordant,0.0219298709373169,-0.0049694189602446,3,257,476,387,556,962,1042,86,174,2004,733,61.0439121756487,-219,26.715176715176714,943,107.37125748502994,-169,0.4373508353221957,-88,251,350,540,304,690,1023,79,290,1713,601,51.284296555750146,-99,36.3768115942029,844,95.83187390542908,236,0.415916955017301,-211
E02000301,Enfield,2,1,40.87686071989716,39.40452036986176,124.0,30.0,0.1262729124236252,0.0305498981670061,-0.0957230142566191,-1.4723403500354024,574.0,239.0,1003,974,1977,813.0,69.39099645928174,335.0,57.22831505483549,323.0,169.0,617,764,1381,492.0,39.527154236060824,154.0,52.35008103727715,587.0,302.0,889.0,89.66818411734953,285.0,60.26694045174538,480.0,190.0,670.0,66.03910209992759,290.0,62.82722513089005,332.0,332.0,0.0,-181.0,-321.0,-29.863842223220914,-4.878234017558341,5.0,-219.0,-23.629082017421936,2.5602846791446723,0.4776733254994124,0.860900354071826,0.423407917383821,0.8414192614047792,concordant,concordant,-0.0542654081155914,-0.0194810926670467,2,495,245,622,311,1097,1162,94,188,2259,740,53.68525896414343,250,45.12306289881495,933,85.63169544046038,311,0.44231918708906154,-94,322,181,686,194,709,1043,92,279,1752,503,33.26598173515982,141,45.41607898448519,880,75.96118721461187,492,0.36370209689081706,-187
E02000302,Enfield,7,6,20.85787932740812,19.461557333943063,595.0,557.0,0.6059063136456212,0.5672097759674134,-0.0386965376782078,-1.3963219934650546,138.0,294.0,572,573,1145,432.0,35.43406113537118,-156.0,24.125874125874127,129.0,278.0,483,489,972,407.0,36.89506172839506,-149.0,26.70807453416149,210.0,369.0,579.0,67.67685589519651,-159.0,36.64921465968586,139.0,291.0,430.0,41.61419753086419,-152.0,28.425357873210633,-72.0,173.0,245.0,7.0,-25.0,1.4610005930238827,2.5822004082873633,7.0,-149.0,-26.06265836433232,-8.223856786475228,0.4272997032640949,0.8829694323144105,0.4862604540023895,0.8611111111111112,concordant,concordant,0.0589607507382945,-0.0218583212032993,5,224,292,359,366,657,721,85,148,1378,516,47.46589259796807,-68,34.09436834094368,725,95.35123367198838,-7,0.41579371474617244,-63,195,272,390,275,549,739,66,250,1288,467,41.18012422360248,-77,35.51912568306011,665,83.26863354037268,115,0.4125441696113074,-184
E02000303,Enfield,2,1,39.750529821215736,39.495709096894544,141.0,29.0,0.1435845213849287,0.0295315682281059,-0.1140529531568228,-0.2548207243211919,475.0,255.0,879,902,1781,730.0,68.00954519932623,220.0,54.0386803185438,314.0,148.0,542,616,1158,462.0,40.13126079447323,166.0,57.93357933579336,517.0,243.0,760.0,70.53958450308815,274.0,57.3170731707317,369.0,160.0,529.0,50.984455958549226,209.0,59.9025974025974,332.0,332.0,0.0,-54.0,-268.0,-27.878284404853,3.894899017249564,-65.0,-231.0,-19.555128544538924,2.5855242318656977,0.4899328859060403,0.8366086468276249,0.4661957618567104,0.8557858376511226,concordant,concordant,-0.0237371240493298,0.0191771908234976,2,458,272,555,249,970,1054,91,152,2024,730,61.54940711462451,186,47.21649484536082,804,68.27816205533597,306,0.4758800521512386,-61,326,152,557,164,604,869,62,253,1473,478,33.64019008825526,174,53.973509933774835,721,62.01493550577054,393,0.3986655546288574,-191
E02000304,Enfield,10,9,9.603391190752872,9.395457433606351,901.0,878.0,0.9175152749490836,0.8940936863543788,-0.0234215885947046,-0.2079337571465203,0.0,435.0,600,511,1111,435.0,0.0,-435.0,0.0,0.0,382.0,480,442,922,382.0,0.0,-382.0,0.0,0.0,523.0,523.0,0.0,-523.0,0.0,0.0,418.0,418.0,0.0,-418.0,0.0,-309.0,47.0,356.0,53.0,-53.0,0.0,0.0,105.0,-105.0,0.0,0.0,0.4540709812108559,0.8622862286228623,0.4775,0.8676789587852495,concordant,concordant,0.023429018789144,0.0053927301623871,9,1,639,0,670,717,682,117,171,1399,640,0.45675482487491065,-638,0.1394700139470014,670,0.0,-670,0.48854961832061067,-54,0,625,1,517,570,663,90,221,1233,625,0.0,-625,0.0,518,0.41930251419302517,-516,0.5468066491688539,-131
E02000305,Enfield,7,8,18.103557163210937,15.372604843988654,674.0,688.0,0.6863543788187373,0.7006109979633401,0.0142566191446028,-2.7309523192222827,224.0,350.0,912,693,1605,574.0,48.84735202492212,-126.0,24.561403508771928,159.0,362.0,626,697,1323,521.0,43.50566893424036,-203.0,25.399361022364214,222.0,572.0,794.0,79.1177570093458,-350.0,32.03463203463203,223.0,387.0,610.0,65.2312925170068,-164.0,31.99426111908178,-409.0,88.0,497.0,-77.0,-53.0,-5.341683090681755,0.8379575135922863,186.0,-184.0,-13.886464492338987,-0.0403709155502518,0.4195906432748538,0.8523364485981308,0.4606542882404951,0.854875283446712,concordant,concordant,0.0410636449656413,0.0025388348485811,5,391,347,517,559,1079,986,167,293,2065,738,65.70314769975786,44,36.23725671918443,1076,139.95302663438255,-42,0.40683572216097025,-126,236,349,522,381,700,995,74,298,1695,585,48.59233038348083,-113,33.714285714285715,903,117.33451327433629,141,0.39314516129032256,-224
E02000306,Enfield,1,1,52.14041435785332,43.56118441182551,14.0,6.0,0.0142566191446028,0.0061099796334012,-0.0081466395112016,-8.579229946027809,541.0,0.0,747,696,1443,541.0,0.0,541.0,72.42302543507363,310.0,0.0,428,533,961,310.0,0.0,310.0,72.42990654205607,519.0,0.0,519.0,0.0,519.0,74.56896551724138,425.0,0.0,425.0,0.0,425.0,79.73733583489681,244.0,244.0,0.0,-231.0,-231.0,0.0,0.0068811069824477,-94.0,-94.0,0.0,5.16837031765543,0.5103773584905661,0.7345807345807346,0.4217687074829932,0.7648283038501561,concordant,concordant,-0.0886086510075728,0.0302475692694215,1,596,0,664,0,807,848,60,152,1655,596,0.0,596,73.85377942998761,664,0.0,664,0.473015873015873,-92,393,0,614,0,514,725,86,192,1239,393,0.0,393,76.45914396887159,614,0.0,614,0.3902681231380338,-106
E02000307,Enfield,5,4,26.839223410310947,25.027692124105013,433.0,359.0,0.4409368635437882,0.3655804480651731,-0.0753564154786151,-1.811531286205934,172.0,425.0,781,762,1543,597.0,47.37524303305249,-253.0,22.02304737516005,108.0,349.0,564,733,1297,457.0,29.060909791827292,-241.0,19.148936170212767,275.0,536.0,811.0,95.52819183408944,-261.0,36.08923884514436,302.0,412.0,714.0,95.93215111796454,-110.0,41.20054570259209,-159.0,150.0,309.0,12.0,-140.0,-18.3143332412252,-2.8741112049472832,151.0,-97.0,0.4039592838750963,5.11130685744773,0.4240056818181818,0.9125081011017498,0.390264730999146,0.902852737085582,concordant,concordant,-0.0337409508190357,-0.0096553640161677,3,290,358,466,453,880,936,99,174,1816,648,57.169603524229075,-68,32.95454545454545,919,116.24339207048457,13,0.4135290363752393,-75,198,276,609,325,628,1019,64,286,1647,474,33.18032786885246,-78,31.528662420382165,934,120.17304189435337,284,0.3366477272727273,-222
E02000308,Enfield,5,5,25.193128138572902,21.17568637970979,467.0,485.0,0.4755600814663951,0.4938900203665988,0.0183299389002036,-4.017441758863114,362.0,366.0,752,871,1623,728.0,81.63401109057301,-4.0,48.138297872340424,367.0,230.0,786,623,1409,597.0,59.90773598296664,137.0,46.69211195928753,448.0,351.0,799.0,96.88724584103512,97.0,51.43513203214696,331.0,358.0,689.0,84.10078069552874,-27.0,53.13001605136437,122.0,361.0,239.0,141.0,-131.0,-21.72627510760637,-1.4461859130528936,-124.0,-110.0,-12.786465145506384,1.6948840192174115,0.4767518009168304,0.9408502772643254,0.4642301710730949,0.9127040454222852,divergent,divergent,-0.0125216298437355,-0.02814623184204,4,400,408,578,375,877,1084,125,213,1961,808,83.22284548699643,-8,45.61003420752566,953,110.53034166241713,203,0.45883021010789327,-88,363,274,527,402,870,880,84,257,1750,637,56.83542857142857,89,41.724137931034484,929,121.05942857142857,125,0.40676883780332057,-173
E02000309,Enfield,1,1,44.113987597483074,38.22551165980796,76.0,45.0,0.0773930753564154,0.0458248472505091,-0.0315682281059063,-5.888475937675118,620.0,0.0,905,1024,1929,620.0,0.0,620.0,68.50828729281768,472.0,0.0,664,945,1609,472.0,0.0,472.0,71.08433734939759,779.0,0.0,779.0,0.0,779.0,76.07421875,754.0,0.0,754.0,0.0,754.0,79.78835978835978,400.0,400.0,0.0,-148.0,-148.0,0.0,2.576050056579902,-25.0,-25.0,0.0,3.714141038359784,0.4431736954967834,0.7252462415759461,0.3849918433931484,0.761963952765693,concordant,concordant,-0.0581818521036349,0.0367177111897468,1,709,0,972,0,1001,1221,96,197,2222,709,0.0,709,70.82917082917083,972,0.0,972,0.421772754312909,-101,550,0,1102,0,758,1296,94,351,2054,550,0.0,550,72.55936675461741,1102,0.0,1102,0.33292978208232443,-257
E02000311,Enfield,4,4,29.979820409238247,26.65358460673104,364.0,308.0,0.3706720977596741,0.3136456211812627,-0.0570264765784114,-3.326235802507206,433.0,436.0,891,991,1882,869.0,100.31243358129647,-3.0,48.597081930415264,303.0,303.0,683,779,1462,606.0,62.79685362517099,0.0,44.36310395314788,496.0,421.0,917.0,110.95430393198724,75.0,50.05045408678102,429.0,342.0,771.0,100.35430916552669,87.0,55.070603337612326,14.0,283.0,269.0,3.0,-263.0,-37.515579956125485,-4.2339779772673864,12.0,-146.0,-10.599994766460554,5.020149250831302,0.486562150055991,0.9489904357066952,0.4400871459694989,0.9418604651162792,divergent,zero,-0.0464750040864921,-0.0071299705904159,3,490,429,548,421,1025,1129,134,138,2154,919,97.59052924791087,61,47.80487804878049,969,107.10677808727948,127,0.4867584745762712,-4,402,295,660,340,831,1055,148,276,1886,697,62.87910922587487,107,48.375451263537904,1000,118.98197242841994,320,0.41072480848556275,-128
E02000312,Enfield,6,6,23.867979597059104,19.41314520643807,495.0,559.0,0.5040733197556008,0.5692464358452138,0.065173116089613,-4.454834390621034,412.0,759.0,1308,1271,2579,1171.0,121.25164792555256,-347.0,31.49847094801223,273.0,630.0,1013,1120,2133,903.0,80.63291139240506,-357.0,26.94965449160908,420.0,808.0,1228.0,131.58588600232648,-388.0,33.044846577498035,428.0,683.0,1111.0,137.04828879512425,-255.0,38.21428571428571,-409.0,243.0,652.0,-10.0,-268.0,-40.6187365331475,-4.548816456403149,133.0,-117.0,5.462402792797775,5.169439136787673,0.488120050020842,0.9302055060100816,0.4483614697120159,0.9442100328176276,concordant,concordant,-0.0397585803088261,0.0140045268075462,4,715,692,684,756,1591,1525,283,254,3116,1407,158.78690629011552,23,44.940289126335635,1440,165.9512195121951,-72,0.49420442571127504,29,430,562,835,643,1165,1518,152,398,2683,992,90.0708162504659,-132,36.9098712446352,1478,200.11367871785316,192,0.40161943319838056,-246
E02000313,Greenwich,1,3,46.47337429332927,29.034084854263146,48.0,228.0,0.0488798370672097,0.2321792260692464,0.1832993890020366,-17.439289439066126,481.0,0.0,618,455,1073,481.0,0.0,481.0,77.831715210356,263.0,0.0,306,407,713,263.0,0.0,263.0,85.94771241830065,382.0,0.0,382.0,0.0,382.0,83.95604395604396,353.0,0.0,353.0,0.0,353.0,86.73218673218673,109.0,203.0,94.0,-218.0,-218.0,0.0,8.115997207944659,-29.0,-29.0,0.0,2.776142776142777,0.5573580533024334,0.804287045666356,0.4269480519480519,0.8639551192145862,concordant,concordant,-0.1304100013543814,0.0596680735482302,1,527,0,525,0,685,614,67,159,1299,527,0.0,527,76.93430656934306,525,0.0,525,0.5009505703422054,-92,319,0,543,0,369,609,63,202,978,319,0.0,319,86.44986449864498,543,0.0,543,0.3700696055684455,-139
E02000314,Greenwich,4,5,30.63770173413424,23.07788787169115,346.0,417.0,0.3523421588594704,0.4246435845213849,0.0723014256619145,-7.5598138624430895,362.0,668.0,1213,1157,2370,1030.0,102.03206751054852,-306.0,29.843363561417977,349.0,514.0,1081,1037,2118,863.0,84.69593956562795,-165.0,32.28492136910268,354.0,648.0,1002.0,96.78987341772152,-294.0,30.596369922212617,403.0,592.0,995.0,112.64211520302172,-189.0,38.862102217936354,-372.0,259.0,631.0,141.0,-167.0,-17.336127944920563,2.441557807684706,105.0,-7.0,15.852241785300194,8.265732295723737,0.5068897637795275,0.8573839662447258,0.4644779332615716,0.8772426817752597,concordant,concordant,-0.0424118305179559,0.0198587155305338,3,626,666,727,646,1504,1573,291,416,3077,1292,135.49431264218396,-40,41.62234042553192,1373,152.62983425414365,81,0.4848030018761726,-125,520,511,940,592,1318,1616,237,579,2934,1031,90.5657805044308,9,39.45371775417299,1532,189.6659850034083,348,0.40226297307842374,-342
E02000315,Greenwich,2,1,42.47607162334802,36.290120328926825,102.0,58.0,0.1038696537678207,0.0590631364562118,-0.0448065173116089,-6.185951294421194,483.0,118.0,749,654,1403,601.0,40.622950819672134,365.0,64.48598130841121,326.0,94.0,505,603,1108,420.0,27.657039711191334,232.0,64.55445544554456,503.0,199.0,702.0,71.34497505345688,304.0,76.91131498470948,477.0,135.0,612.0,58.118231046931406,342.0,79.1044776119403,483.0,483.0,0.0,-133.0,-181.0,-12.9659111084808,0.0684741371333501,38.0,-90.0,-13.226744006525472,2.1931626272308193,0.4612432847275518,0.9287241625089094,0.4069767441860465,0.9314079422382672,concordant,concordant,-0.0542665405415053,0.0026837797293577,1,639,0,725,0,842,843,93,189,1685,639,0.0,639,75.89073634204276,725,0.0,725,0.46847507331378296,-96,472,0,841,0,608,939,103,336,1547,472,0.0,472,77.63157894736842,841,0.0,841,0.3594821020563595,-233
E02000316,Greenwich,1,4,42.87325735805085,23.836059833708916,93.0,392.0,0.0947046843177189,0.3991853360488798,0.3044806517311609,-19.037197524341934,1175.0,0.0,1507,1110,2617,1175.0,0.0,1175.0,77.96947577969475,1150.0,0.0,1539,1493,3032,1150.0,0.0,1150.0,74.72384665367122,838.0,0.0,838.0,0.0,838.0,75.49549549549549,1135.0,0.0,1135.0,0.0,1135.0,76.02143335565975,83.0,681.0,598.0,-25.0,-25.0,0.0,-3.2456291260235304,297.0,297.0,0.0,0.5259378601642624,0.583705911574764,0.76920137562094,0.5032822757111597,0.7536279683377308,concordant,concordant,-0.0804236358636043,-0.0155734072832092,1,1571,0,1105,0,1949,1415,442,305,3364,1571,0.0,1571,80.6054386865059,1105,0.0,1105,0.5870702541106129,137,1457,0,1772,0,1893,2181,354,688,4074,1457,0.0,1457,76.9677760169044,1772,0.0,1772,0.4512232889439455,-334
E02000317,Greenwich,1,2,46.646049676224614,32.47226067933219,44.0,136.0,0.0448065173116089,0.1384928716904277,0.0936863543788187,-14.173788996892426,513.0,0.0,686,762,1448,513.0,0.0,513.0,74.78134110787173,443.0,0.0,576,516,1092,443.0,0.0,443.0,76.90972222222221,566.0,0.0,566.0,0.0,566.0,74.2782152230971,380.0,0.0,380.0,0.0,380.0,73.64341085271317,376.0,423.0,47.0,-70.0,-70.0,0.0,2.128381114350489,-186.0,-186.0,0.0,-0.6348043703839323,0.4754402224281742,0.7451657458563536,0.5382746051032807,0.7536630036630036,concordant,concordant,0.0628343826751064,0.00849725780665,1,616,0,688,0,804,928,118,166,1732,616,0.0,616,76.61691542288557,688,0.0,688,0.4723926380368098,-48,509,0,600,0,660,747,84,231,1407,509,0.0,509,77.12121212121212,600,0.0,600,0.45897204688908927,-147
E02000318,Greenwich,3,4,32.98717852977037,26.536444850872257,285.0,311.0,0.290224032586558,0.3167006109979633,0.0264765784114052,-6.450733678898111,386.0,392.0,840,1052,1892,778.0,79.97463002114165,-6.0,45.95238095238095,297.0,336.0,770,1001,1771,633.0,56.34782608695652,-39.0,38.57142857142858,449.0,303.0,752.0,71.90644820295984,146.0,42.68060836501901,542.0,273.0,815.0,83.5494071146245,269.0,54.145854145854145,-168.0,217.0,385.0,-33.0,-145.0,-23.626803934185126,-7.3809523809523725,123.0,63.0,11.642958911664664,11.465245780835131,0.5084967320261438,0.8086680761099366,0.4371546961325966,0.8176171654432524,divergent,divergent,-0.0713420358935471,0.0089490893333157,2,503,353,628,261,956,1231,116,179,2187,856,81.18838591678097,150,52.61506276150628,889,74.94650205761317,367,0.49054441260744985,-63,429,243,846,219,902,1305,132,304,2207,672,47.23470774807431,186,47.5609756097561,1065,83.94834617127322,627,0.38687392055267705,-172
E02000319,Greenwich,3,4,33.85532826472858,24.171681404958676,264.0,382.0,0.2688391038696537,0.3890020366598778,0.120162932790224,-9.6836468597699,529.0,426.0,1215,1089,2304,955.0,97.80989583333331,103.0,43.53909465020576,339.0,232.0,713,865,1578,571.0,49.840304182509506,107.0,47.54558204768583,490.0,454.0,944.0,96.55381944444444,36.0,44.995408631772264,444.0,256.0,700.0,72.03041825095058,188.0,51.32947976878612,23.0,283.0,260.0,4.0,-384.0,-47.96959165082381,4.006487397480072,152.0,-244.0,-24.523401193493868,6.334071137013858,0.5028962611901,0.82421875,0.4492525570416995,0.8054499366286438,concordant,concordant,-0.0536437041484005,-0.0187688133713561,2,716,341,696,372,1401,1294,186,205,2695,1057,90.59591836734694,375,51.10635260528195,1068,96.07124304267161,324,0.49741176470588233,-19,446,196,795,188,820,1201,107,336,2021,642,43.25383473527956,250,54.390243902439025,983,73.95348837209302,607,0.3950769230769231,-229
E02000320,Greenwich,4,5,31.58518638888889,22.930003411572052,323.0,423.0,0.3289205702647658,0.4307535641547861,0.1018329938900203,-8.655182977316834,107.0,237.0,480,469,949,344.0,26.721812434141203,-130.0,22.291666666666668,159.0,210.0,449,415,864,369.0,38.645833333333336,-51.0,35.4120267260579,154.0,310.0,464.0,50.30558482613277,-156.0,32.83582089552239,151.0,223.0,374.0,38.973379629629626,-72.0,36.385542168674704,-136.0,131.0,267.0,79.0,25.0,11.924020899192133,13.120360059391237,84.0,-90.0,-11.332205196503146,3.549721273152315,0.4257425742574257,0.8514225500526871,0.4966352624495289,0.8599537037037037,concordant,concordant,0.0708926881921032,0.0085311536510166,3,162,237,290,310,546,632,66,163,1178,399,32.592529711375214,-75,29.67032967032967,600,76.3157894736842,-20,0.3993993993993994,-97,234,208,351,223,550,645,101,230,1195,442,40.72970711297071,26,42.54545454545455,574,65.50041841004185,128,0.43503937007874016,-129
E02000321,Greenwich,1,2,45.41702813888889,32.89893154223714,61.0,127.0,0.0621181262729124,0.1293279022403258,0.0672097759674134,-12.518096596651745,552.0,0.0,747,705,1452,552.0,0.0,552.0,73.89558232931726,361.0,0.0,496,485,981,361.0,0.0,361.0,72.78225806451613,520.0,0.0,520.0,0.0,520.0,73.75886524822694,381.0,0.0,381.0,0.0,381.0,78.55670103092784,323.0,362.0,39.0,-191.0,-191.0,0.0,-1.113324264801136,-139.0,-139.0,0.0,4.797835782700901,0.5149253731343284,0.7382920110192838,0.4865229110512129,0.7563710499490316,concordant,concordant,-0.0284024620831154,0.0180790389297478,1,639,0,641,0,845,852,98,147,1697,639,0.0,639,75.62130177514793,641,0.0,641,0.49921875,-49,420,0,602,0,567,720,71,235,1287,420,0.0,420,74.07407407407408,602,0.0,602,0.410958904109589,-164
E02000323,Greenwich,1,2,46.071049488476675,32.19790005441683,51.0,144.0,0.0519348268839103,0.1466395112016293,0.0947046843177189,-13.873149434059847,831.0,0.0,1082,1194,2276,831.0,0.0,831.0,76.80221811460258,742.0,0.0,1007,983,1990,742.0,0.0,742.0,73.68421052631578,868.0,0.0,868.0,0.0,868.0,72.69681742043551,776.0,0.0,776.0,0.0,776.0,78.94201424211597,689.0,735.0,46.0,-89.0,-89.0,0.0,-3.118007588286801,-92.0,-92.0,0.0,6.245196821680466,0.4891112419070041,0.7464850615114236,0.4888010540184453,0.7628140703517587,concordant,concordant,-0.0003101878885587,0.0163290088403351,1,915,0,1103,0,1197,1465,115,271,2662,915,0.0,915,76.44110275689223,1103,0.0,1103,0.45341922695738357,-156,857,0,1115,0,1142,1344,135,361,2486,857,0.0,857,75.04378283712785,1115,0.0,1115,0.4345841784989858,-226
E02000324,Greenwich,2,3,39.746777532467526,29.340322482197355,142.0,222.0,0.1446028513238289,0.2260692464358452,0.0814663951120163,-10.406455050270171,465.0,128.0,643,596,1239,593.0,48.03874092009685,337.0,72.31726283048211,347.0,87.0,486,501,987,434.0,30.58662613981763,260.0,71.39917695473251,420.0,132.0,552.0,44.74576271186441,288.0,70.46979865771812,380.0,92.0,472.0,35.42046605876393,288.0,75.84830339321357,260.0,345.0,85.0,-77.0,-159.0,-17.45211478027922,-0.9180858757495968,0.0,-80.0,-9.32529665310048,5.378504735495454,0.5179039301310043,0.9241323648103308,0.4790286975717439,0.917933130699088,concordant,concordant,-0.0388752325592604,-0.0061992341112427,2,438,151,460,141,738,738,95,142,1476,589,44.8089430894309,287,59.34959349593496,601,43.94308943089431,319,0.49495798319327733,-47,372,98,565,106,573,748,87,247,1321,470,27.597274791824375,274,64.92146596858639,671,45.33686601059803,459,0.4119193689745837,-160
E02000326,Greenwich,4,6,30.016503855728427,20.648771529957692,363.0,508.0,0.3696537678207739,0.5173116089613035,0.1476578411405295,-9.367732325770737,285.0,316.0,682,686,1368,601.0,65.83333333333333,-31.0,41.78885630498534,290.0,212.0,712,509,1221,502.0,50.352170352170354,78.0,40.73033707865169,250.0,308.0,558.0,56.28654970760234,-58.0,36.44314868804665,233.0,324.0,557.0,61.828009828009826,-91.0,45.77603143418468,-108.0,182.0,290.0,109.0,-99.0,-15.481162981162974,-1.058519226333651,-33.0,-1.0,5.541460120407486,9.332882746138033,0.5185504745470233,0.8472222222222222,0.4740321057601511,0.8673218673218673,concordant,divergent,-0.0445183687868722,0.0200996450996451,3,423,316,464,304,834,910,152,224,1744,739,76.64449541284404,107,50.719424460431654,768,80.88073394495413,160,0.49037823490378235,-72,379,210,509,323,807,798,95,289,1605,589,49.58878504672897,169,46.96406443618339,832,102.43426791277258,186,0.414496833216045,-194
E02000327,Greenwich,1,2,44.71888610695971,30.41027660187185,72.0,193.0,0.0733197556008146,0.1965376782077393,0.1232179226069246,-14.308609505087858,539.0,0.0,728,649,1377,539.0,0.0,539.0,74.03846153846155,380.0,0.0,538,432,970,380.0,0.0,380.0,70.63197026022306,491.0,0.0,491.0,0.0,491.0,75.65485362095532,317.0,0.0,317.0,0.0,317.0,73.37962962962963,355.0,391.0,36.0,-159.0,-159.0,0.0,-3.406491278238491,-174.0,-174.0,0.0,-2.2752239913256886,0.5233009708737864,0.7480029048656499,0.5451936872309899,0.7185567010309278,concordant,concordant,0.0218927163572035,-0.029446203834722,1,812,0,739,0,1011,914,283,265,1925,812,0.0,812,80.31651829871414,739,0.0,739,0.5235332043842682,18,537,0,705,0,712,834,174,402,1546,537,0.0,537,75.42134831460675,705,0.0,705,0.4323671497584541,-228
E02000328,Greenwich,6,7,23.46912351801393,16.88360272350503,515.0,632.0,0.5244399185336049,0.6435845213849287,0.1191446028513237,-6.5855207945088985,175.0,344.0,711,498,1209,519.0,49.79321753515302,-169.0,24.613220815752463,112.0,322.0,547,542,1089,434.0,33.11662075298439,-210.0,20.47531992687386,107.0,365.0,472.0,32.303556658395365,-258.0,21.4859437751004,127.0,355.0,482.0,41.40036730945822,-228.0,23.43173431734317,-290.0,100.0,390.0,-41.0,-85.0,-16.67659678216863,-4.137900888878605,30.0,10.0,9.096810651062851,1.945790542242772,0.5237134207870837,0.8196856906534326,0.4737991266375546,0.8411386593204775,concordant,concordant,-0.0499142941495291,0.0214529686670449,4,346,302,350,307,876,735,165,237,1611,648,64.86157666045935,44,39.49771689497717,657,66.69770328988206,43,0.496551724137931,-72,222,288,385,306,649,799,102,257,1448,510,44.15469613259668,-66,34.20647149460709,691,81.36049723756906,79,0.42464612822647796,-155
E02000329,Greenwich,5,6,24.833221644012944,19.490797039836245,474.0,555.0,0.4826883910386965,0.5651731160896131,0.0824847250509165,-5.342424604176699,92.0,238.0,399,394,793,330.0,27.611601513240856,-146.0,23.05764411027569,78.0,229.0,348,379,727,307.0,24.56946354883081,-151.0,22.41379310344828,139.0,287.0,426.0,50.306431273644385,-148.0,35.27918781725889,132.0,241.0,373.0,43.75790921595598,-109.0,34.82849604221636,-184.0,63.0,247.0,-5.0,-23.0,-3.0421379644100455,-0.6438510068274077,39.0,-53.0,-6.548522057688402,-0.4506917750425288,0.4365079365079365,0.953341740226986,0.4514705882352941,0.9353507565337,concordant,concordant,0.0149626517273576,-0.017990983693286,4,97,246,199,293,438,496,39,102,934,343,25.548179871520343,-149,22.146118721461185,492,62.42719486081371,-94,0.41077844311377243,-63,108,239,253,251,410,540,62,161,950,347,27.170526315789473,-131,26.34146341463415,504,66.84526315789473,2,0.40775558166862513,-99
E02000331,Greenwich,4,3,32.39916692121057,29.183950786143427,298.0,226.0,0.3034623217922607,0.230142566191446,-0.0733197556008146,-3.215216135067145,288.0,309.0,737,662,1399,597.0,63.61115082201572,-21.0,39.07734056987788,206.0,211.0,578,562,1140,417.0,38.128070175438594,-5.0,35.6401384083045,261.0,324.0,585.0,60.44603288062902,-63.0,39.42598187311178,252.0,276.0,528.0,61.01052631578948,-24.0,44.83985765124555,233.0,361.0,128.0,16.0,-180.0,-25.48308064657713,-3.4372021615733814,39.0,-57.0,0.5644934351604576,5.413875778133772,0.5050761421319797,0.8448892065761258,0.4412698412698412,0.8289473684210527,concordant,concordant,-0.0638063008621384,-0.0159418381550731,3,493,309,433,324,955,855,218,193,1810,802,84.16408839779005,184,51.62303664921466,757,77.50939226519337,109,0.514432328415651,25,295,211,575,273,685,893,107,331,1578,506,39.445500633713564,84,43.06569343065693,848,99.47718631178707,302,0.37370753323485967,-224
E02000332,Greenwich,6,7,23.22329063973528,15.90175885042456,526.0,668.0,0.5356415478615071,0.6802443991853361,0.144602851323829,-7.321531789310722,62.0,354.0,513,503,1016,416.0,21.60236220472441,-292.0,12.08576998050682,94.0,325.0,476,469,945,419.0,32.32804232804233,-231.0,19.747899159663863,118.0,410.0,528.0,47.618110236220474,-292.0,23.45924453280318,99.0,340.0,439.0,35.61904761904762,-241.0,21.108742004264393,-291.0,76.0,367.0,61.0,3.0,10.725680123317918,7.662129179157043,51.0,-89.0,-11.999062617172854,-2.3505025285387866,0.4406779661016949,0.9291338582677166,0.4883449883449883,0.907936507936508,concordant,concordant,0.0476670222432934,-0.0211973503312086,4,167,322,299,362,614,683,101,180,1297,489,41.46029298380879,-155,27.19869706840391,661,83.45258288357749,-63,0.4252173913043478,-79,166,298,365,301,545,730,69,261,1275,464,38.79843137254902,-132,30.458715596330276,666,86.1686274509804,64,0.41061946902654867,-192
E02000333,Greenwich,7,8,21.09053105918009,13.90021314803248,591.0,734.0,0.6018329938900203,0.7474541751527495,0.1456211812627291,-7.190317911147611,107.0,558.0,704,680,1384,665.0,43.14017341040462,-451.0,15.198863636363637,85.0,422.0,520,517,1037,507.0,34.59016393442623,-337.0,16.346153846153847,107.0,568.0,675.0,43.91329479768786,-461.0,15.735294117647058,70.0,416.0,486.0,28.081002892960463,-346.0,13.539651837524175,-387.0,48.0,435.0,114.0,-158.0,-8.550009475978392,1.14729020979021,115.0,-189.0,-15.832291904727398,-2.1956422801228825,0.4962686567164179,0.9682080924855492,0.5105740181268882,0.957569913211186,concordant,concordant,0.0143053614104702,-0.010638179274363,5,294,552,398,561,890,970,186,290,1860,846,87.2516129032258,-258,33.03370786516854,959,120.04193548387097,-163,0.46869806094182825,-104,197,417,399,415,632,846,112,329,1478,614,55.581190798376184,-220,31.170886075949365,814,112.03315290933695,-16,0.42997198879551823,-217
E02000334,Greenwich,4,4,29.409164507651877,25.993311114555883,377.0,332.0,0.3839103869653767,0.3380855397148676,-0.0458248472505091,-3.4158533930959933,220.0,115.0,465,400,865,335.0,29.248554913294797,105.0,47.31182795698925,119.0,135.0,322,372,694,254.0,23.14841498559078,-16.0,36.95652173913043,201.0,159.0,360.0,36.94682080924856,42.0,50.24999999999999,173.0,156.0,329.0,38.887608069164266,17.0,46.50537634408602,14.0,142.0,128.0,-121.0,-81.0,-6.100139927704017,-10.355306217858818,-25.0,-31.0,1.9407872599157088,-3.744623655913976,0.4820143884892086,0.8034682080924855,0.4356775300171526,0.840057636887608,concordant,divergent,-0.0463368584720559,0.0365894287951225,3,295,113,350,157,555,556,90,156,1111,408,30.004500450045004,182,53.153153153153156,507,49.45994599459946,193,0.4459016393442623,-66,183,134,361,155,391,566,69,194,957,317,25.62382445141066,49,46.80306905370844,516,58.469174503657264,206,0.38055222088835533,-125
E02000335,Greenwich,8,9,14.06606125515346,11.431670360520094,775.0,805.0,0.7892057026476579,0.8197556008146639,0.030549898167006,-2.6343908946333645,33.0,222.0,343,295,638,255.0,11.482758620689657,-189.0,9.620991253644316,48.0,222.0,341,348,689,270.0,15.46589259796807,-174.0,14.076246334310852,43.0,291.0,334.0,19.612852664576803,-248.0,14.576271186440678,101.0,281.0,382.0,41.19158200290275,-180.0,29.02298850574713,-225.0,30.0,255.0,15.0,15.0,3.983133977278414,4.455255080666536,68.0,48.0,21.578729338325942,14.446717319306453,0.432937181663837,0.9231974921630094,0.4141104294478527,0.9462989840348331,concordant,concordant,-0.0188267522159842,0.0231014918718237,7,30,386,34,362,402,440,59,145,842,416,13.752969121140142,-356,7.462686567164178,396,14.617577197149643,-328,0.5123152709359606,-86,39,371,89,349,398,474,57,126,872,410,16.59288990825688,-332,9.798994974874372,438,35.6204128440367,-260,0.4834905660377358,-69
E02000337,Greenwich,3,2,36.29991576650645,30.83114061167296,198.0,180.0,0.2016293279022403,0.1832993890020366,-0.0183299389002036,-5.468775154833491,337.0,131.0,504,516,1020,468.0,43.28137254901961,206.0,66.86507936507937,192.0,58.0,359,372,731,250.0,15.233926128590973,134.0,53.48189415041783,342.0,117.0,459.0,39.22941176470588,225.0,66.27906976744185,284.0,120.0,404.0,46.621067031463745,164.0,76.34408602150538,214.0,241.0,27.0,-72.0,-218.0,-28.047446420428635,-13.383185214661538,-61.0,-55.0,7.391655266757866,10.065016254063522,0.5048543689320388,0.9088235294117648,0.382262996941896,0.8946648426812586,concordant,concordant,-0.1225913719901428,-0.0141586867305061,2,406,43,477,59,573,651,69,135,1224,449,14.263071895424837,363,70.85514834205934,536,22.99264705882353,418,0.4558375634517767,-66,272,40,525,70,439,613,80,241,1052,312,10.342205323193916,232,61.958997722095674,595,34.93346007604563,455,0.3439911797133407,-161
E02000339,Greenwich,7,7,18.195884680067003,17.054623308390386,669.0,627.0,0.6812627291242362,0.6384928716904277,-0.0427698574338085,-1.141261371676617,63.0,177.0,312,286,598,240.0,18.64715719063545,-114.0,20.192307692307693,66.0,154.0,341,280,621,220.0,16.367149758454108,-88.0,19.35483870967742,70.0,218.0,288.0,25.51839464882943,-148.0,24.475524475524477,105.0,247.0,352.0,41.76328502415459,-142.0,37.5,-52.0,87.0,139.0,26.0,-20.0,-2.2800074321813426,-0.8374689826302735,6.0,64.0,16.24489037532516,13.024475524475523,0.4545454545454545,0.882943143812709,0.3846153846153846,0.9210950080515298,concordant,concordant,-0.0699300699300699,0.0381518642388207,5,140,176,213,218,389,428,77,142,817,316,30.159118727050185,-36,35.98971722365039,431,56.834761321909426,-5,0.42302543507362783,-65,116,154,282,246,391,455,50,175,846,270,21.11583924349882,-38,29.66751918158568,528,82.0,36,0.3383458646616541,-125
E02000340,Greenwich,7,8,20.457196154730617,14.542221922588832,601.0,716.0,0.6120162932790224,0.7291242362525459,0.1171079429735234,-5.914974232141784,130.0,237.0,481,434,915,367.0,33.67213114754098,-107.0,27.027027027027028,169.0,246.0,533,427,960,415.0,43.30625,-77.0,31.70731707317073,157.0,305.0,462.0,52.333333333333336,-148.0,36.175115207373274,153.0,340.0,493.0,54.1875,-187.0,35.831381733021075,-158.0,119.0,277.0,30.0,48.0,9.634118852459018,4.680290046143703,-39.0,31.0,1.8541666666666643,-0.3437334743521987,0.4427020506634499,0.9060109289617486,0.4570484581497797,0.9458333333333332,concordant,concordant,0.0143464074863298,0.0398224043715846,5,207,237,291,303,556,567,75,133,1123,444,43.68566340160285,-30,37.23021582733813,594,78.51558325912734,-12,0.4277456647398844,-58,252,244,407,337,615,680,82,253,1295,496,47.48108108108108,8,40.97560975609756,744,105.91428571428571,70,0.4,-171
E02000341,Greenwich,2,1,41.59666179617337,38.41635975012249,115.0,43.0,0.1171079429735234,0.0437881873727087,-0.0733197556008146,-3.1803020460508833,390.0,77.0,495,475,970,467.0,30.95876288659794,313.0,78.78787878787878,291.0,60.0,408,399,807,351.0,21.635687732342006,231.0,71.32352941176471,360.0,67.0,427.0,24.8659793814433,293.0,75.78947368421053,307.0,79.0,386.0,30.053283767038415,228.0,76.94235588972431,381.0,381.0,0.0,-82.0,-116.0,-9.323075154255932,-7.464349376114072,-65.0,-41.0,5.187304385595116,1.1528822055137766,0.5223713646532439,0.9216494845360824,0.4762550881953867,0.9132589838909542,concordant,concordant,-0.0461162764578571,-0.0083905006451282,2,351,86,455,75,545,636,50,161,1181,437,25.559695173581712,265,64.40366972477064,530,28.895004233700256,380,0.45191313340227507,-111,311,62,427,88,459,568,51,169,1027,373,18.775073028237586,249,67.75599128540306,515,36.58812074001948,339,0.42004504504504503,-118
E02000342,Greenwich,5,5,25.139133582089553,21.596820544176097,469.0,472.0,0.4775967413441955,0.4806517311608961,0.0030549898167006,-3.542313037913459,276.0,235.0,547,694,1241,511.0,52.26430298146656,41.0,50.45703839122486,226.0,196.0,494,502,996,422.0,44.47389558232932,30.0,45.74898785425101,416.0,225.0,641.0,75.42304593070105,191.0,59.94236311239193,274.0,233.0,507.0,64.09839357429719,41.0,54.581673306772906,64.0,229.0,165.0,-11.0,-89.0,-7.790407399137237,-4.70805053697385,-150.0,-134.0,-11.32465235640386,-5.360689805619025,0.4435763888888889,0.9282836422240128,0.4542518837459634,0.9327309236947792,concordant,concordant,0.0106754948570745,0.0044472814707662,4,851,264,544,248,1179,872,632,178,2051,1115,109.53876157971722,587,72.17981340118745,792,65.7786445636275,296,0.5846879916098584,454,470,213,447,254,780,725,286,223,1505,683,66.51827242524917,257,60.256410256410255,701,75.4405315614618,193,0.4934971098265896,63
E02000343,Greenwich,5,4,28.250860113857676,25.219478726483356,401.0,352.0,0.4083503054989816,0.3584521384928716,-0.0498981670061099,-3.0313813873743207,193.0,153.0,451,389,840,346.0,35.15357142857143,40.0,42.793791574279375,156.0,117.0,381,331,712,273.0,25.634831460674157,39.0,40.94488188976378,215.0,210.0,425.0,53.75,5.0,55.26992287917738,191.0,196.0,387.0,52.57865168539326,-5.0,57.70392749244713,125.0,203.0,78.0,-1.0,-73.0,-9.518739967897275,-1.848909684515597,-10.0,-38.0,-1.171348314606739,2.4340046132697495,0.4487678339818418,0.9178571428571428,0.4136363636363636,0.9269662921348316,concordant,divergent,-0.0351314703454781,0.0091091492776886,3,297,98,350,122,517,508,66,119,1025,395,28.39609756097561,199,57.446808510638306,472,41.65853658536585,228,0.4555940023068051,-53,233,66,400,144,438,518,57,187,956,299,16.085774058577407,167,53.19634703196348,544,60.2510460251046,256,0.35468564650059314,-130
E02000344,Greenwich,8,8,17.386526372318773,12.952855458119142,690.0,758.0,0.7026476578411406,0.7718940936863544,0.0692464358452138,-4.433670914199631,78.0,212.0,432,352,784,290.0,21.09183673469388,-134.0,18.055555555555554,80.0,178.0,391,317,708,258.0,20.112994350282484,-98.0,20.460358056265985,99.0,306.0,405.0,38.640306122448976,-207.0,28.125,118.0,253.0,371.0,42.166666666666664,-135.0,37.22397476340694,-78.0,91.0,169.0,36.0,-32.0,-0.9788423844113971,2.404802500710431,72.0,-34.0,3.526360544217688,9.098974763406945,0.4172661870503597,0.8864795918367347,0.410174880763116,0.8884180790960452,concordant,concordant,-0.0070913062872436,0.0019384872593104,6,104,212,119,305,463,454,31,102,917,316,24.04362050163577,-108,22.4622030237581,424,39.58015267175573,-186,0.42702702702702705,-71,107,178,129,253,451,495,60,178,946,285,20.133192389006343,-71,23.725055432372503,382,34.5,-124,0.4272863568215892,-118
E02000345,Hackney,3,3,36.00282053518895,28.995613425200965,202.0,231.0,0.2057026476578411,0.235234215885947,0.0295315682281059,-7.007207109987988,160.0,414.0,628,681,1309,574.0,50.603514132925895,-254.0,25.477707006369428,149.0,440.0,474,798,1272,589.0,51.540880503144656,-291.0,31.434599156118143,200.0,422.0,622.0,64.47669977081742,-222.0,29.368575624082233,313.0,292.0,605.0,71.85220125786164,21.0,39.22305764411028,-175.0,125.0,300.0,-37.0,15.0,0.9373663702187612,5.956892149748715,243.0,-17.0,7.375501487044218,9.854482020028044,0.479933110367893,0.9136745607333844,0.4932998324958124,0.9386792452830188,concordant,divergent,0.0133667221279193,0.0250046845496345,2,230,268,342,264,696,822,68,141,1518,498,40.60606060606061,-38,33.04597701149425,606,59.47826086956522,78,0.45108695652173914,-73,218,249,450,188,539,934,65,136,1473,467,36.85132382892057,-31,40.44526901669759,638,57.43380855397149,262,0.42262443438914027,-71
E02000346,Hackney,1,1,52.96210919632336,47.16933467501491,10.0,3.0,0.010183299389002,0.0030549898167006,-0.0071283095723014,-5.792774521308452,348.0,0.0,506,640,1146,348.0,0.0,348.0,68.77470355731225,843.0,0.0,1152,1064,2216,843.0,0.0,843.0,73.17708333333334,387.0,0.0,387.0,0.0,387.0,60.46875000000001,781.0,0.0,781.0,0.0,781.0,73.40225563909775,948.0,948.0,0.0,495.0,495.0,0.0,4.4023797760210925,394.0,394.0,0.0,12.93350563909774,0.473469387755102,0.6413612565445026,0.5190886699507389,0.7328519855595668,concordant,concordant,0.0456192821956368,0.0914907290150641,1,430,0,475,0,595,750,89,110,1345,430,0.0,430,72.26890756302521,475,0.0,475,0.47513812154696133,-21,1015,0,1021,0,1342,1330,190,266,2672,1015,0.0,1015,75.63338301043218,1021,0.0,1021,0.49852652259332025,-76
E02000347,Hackney,2,3,40.26683882855706,28.999221284954935,131.0,230.0,0.1334012219959267,0.2342158859470468,0.1008146639511201,-11.267617543602128,275.0,168.0,544,678,1222,443.0,37.806873977086745,107.0,50.55147058823529,308.0,179.0,539,638,1177,487.0,46.8411214953271,129.0,57.14285714285714,326.0,156.0,482.0,41.61702127659574,170.0,48.08259587020649,326.0,129.0,455.0,35.72982158028887,197.0,51.09717868338558,-5.0,236.0,241.0,22.0,44.0,9.034247518240356,6.591386554621849,27.0,-27.0,-5.8871996963068725,3.0145828131790893,0.4789189189189189,0.7569558101472995,0.5169851380042463,0.800339847068819,concordant,concordant,0.0380662190853273,0.0433840369215194,2,272,177,277,162,638,777,94,99,1415,449,34.024028268551234,95,42.63322884012539,439,31.713074204946995,115,0.5056306306306306,-5,239,200,462,155,596,865,57,227,1461,439,32.71731690622861,39,40.100671140939596,617,49.01437371663244,307,0.41571969696969696,-170
E02000348,Hackney,1,2,43.1787800135468,33.21411143021252,86.0,119.0,0.0875763747454175,0.1211812627291242,0.0336048879837067,-9.96466858333428,423.0,0.0,632,797,1429,423.0,0.0,423.0,66.93037974683544,353.0,0.0,443,646,1089,353.0,0.0,353.0,79.68397291196389,556.0,0.0,556.0,0.0,556.0,69.76160602258469,441.0,0.0,441.0,0.0,441.0,68.26625386996903,155.0,298.0,143.0,-70.0,-70.0,0.0,12.75359316512845,-115.0,-115.0,0.0,-1.495352152615652,0.432073544433095,0.6850944716585025,0.4445843828715365,0.72910927456382,concordant,concordant,0.0125108384384415,0.0440148029053175,1,501,0,636,0,724,892,92,95,1616,501,0.0,501,69.1988950276243,636,0.0,636,0.44063324538258575,-3,396,0,603,0,504,817,61,171,1321,396,0.0,396,78.57142857142857,603,0.0,603,0.3963963963963964,-110
E02000350,Hackney,4,4,31.046107553146708,24.30656054300436,335.0,381.0,0.3411405295315682,0.3879837067209776,0.0468431771894093,-6.739547010142349,161.0,891.0,1087,1160,2247,1052.0,63.8411214953271,-730.0,14.811407543698252,223.0,829.0,1180,1135,2315,1052.0,79.8561555075594,-606.0,18.89830508474576,173.0,733.0,906.0,56.434801958166446,-560.0,14.913793103448276,175.0,793.0,968.0,59.94600431965443,-618.0,15.418502202643172,-376.0,302.0,678.0,124.0,0.0,16.01503401223229,4.0868975410475095,-58.0,62.0,3.5112023614879817,0.5047090991948959,0.5372829417773238,0.8713840676457499,0.5207920792079208,0.8725701943844493,concordant,concordant,-0.016490862569403,0.0011861267386993,3,395,886,336,732,1338,1347,251,187,2685,1281,130.34264432029795,-491,29.52167414050822,1068,91.60223463687151,-396,0.545338441890166,64,333,827,448,792,1349,1444,169,309,2793,1160,98.60042964554243,-494,24.68495181616012,1240,127.0375939849624,-344,0.48333333333333334,-140
E02000351,Hackney,3,4,35.83492944151121,27.087761951219512,203.0,298.0,0.2067209775967413,0.3034623217922607,0.0967413441955193,-8.747167490291694,644.0,470.0,1388,1381,2769,1114.0,109.3102202961358,174.0,46.39769452449568,552.0,640.0,1359,1468,2827,1192.0,124.96639547223204,-88.0,40.618101545253865,720.0,534.0,1254.0,138.85157096424703,186.0,52.13613323678494,625.0,580.0,1205.0,128.22780332507958,45.0,42.57493188010899,-225.0,473.0,698.0,-262.0,78.0,15.65617517609624,-5.779592979241812,-141.0,-49.0,-10.623767639167454,-9.561201356675952,0.4704391891891892,0.8551823763091368,0.4972882770129328,0.8478952953661125,concordant,divergent,0.0268490878237436,-0.0072870809430243,2,1058,257,973,277,1800,1630,412,249,3430,1315,79.27288629737609,801,58.77777777777777,1250,78.57755102040817,696,0.5126705653021443,163,801,397,1127,339,1603,1969,244,501,3572,1198,89.02491601343785,404,49.96880848409233,1466,106.9577267637178,788,0.4496996996996997,-257
E02000352,Hackney,2,4,36.391342984163884,26.09956461286805,196.0,330.0,0.1995926680244399,0.3360488798370672,0.1364562118126273,-10.291778371295834,391.0,156.0,816,643,1459,547.0,41.8067169294037,235.0,47.91666666666667,334.0,144.0,644,669,1313,478.0,36.63061690784463,190.0,51.86335403726709,294.0,212.0,506.0,42.71967100753941,82.0,45.72317262830482,362.0,160.0,522.0,44.11271896420411,202.0,54.11061285500748,-167.0,192.0,359.0,-45.0,-69.0,-5.176100021559066,3.946687370600415,120.0,16.0,1.3930479566647025,8.387440226702658,0.5194681861348528,0.7217272104180946,0.478,0.7616146230007617,concordant,concordant,-0.0414681861348528,0.039887412582667,2,404,181,358,222,939,783,123,140,1722,585,42.46457607433217,223,43.024494142705,580,46.153310104529616,136,0.5021459227467812,-17,347,162,443,167,734,856,90,187,1590,509,35.35471698113208,185,47.275204359673026,610,46.52893081761006,276,0.4548704200178731,-97
E02000353,Hackney,4,5,31.078615128435658,23.555051141885325,334.0,401.0,0.340122199592668,0.4083503054989816,0.0682281059063136,-7.523563986550329,243.0,672.0,1034,1041,2075,915.0,78.69686746987952,-429.0,23.500967117988395,192.0,691.0,987,1043,2030,883.0,65.35566502463054,-499.0,19.45288753799392,193.0,645.0,838.0,59.99277108433735,-452.0,18.539865513928913,186.0,655.0,841.0,60.01477832512315,-469.0,17.833173537871524,-645.0,147.0,792.0,-70.0,-32.0,-13.341202445248982,-4.048079579994475,-17.0,3.0,0.022007240785804,-0.7066919760573889,0.5219623502567028,0.8448192771084337,0.5121809744779582,0.8492610837438423,concordant,concordant,-0.0097813757787446,0.0044418066354086,3,424,668,363,645,1254,1235,220,194,2489,1092,113.79349136199276,-244,33.811802232854866,1008,94.06789875451989,-282,0.52,26,281,680,505,655,1142,1384,155,341,2526,961,75.64528899445764,-399,24.605954465849386,1160,130.94813935075217,-150,0.4530881659594531,-186
E02000354,Hackney,1,1,50.85291586866291,34.86709130724555,17.0,80.0,0.0173116089613034,0.0814663951120163,0.0641547861507128,-15.98582456141736,778.0,0.0,1165,1103,2268,778.0,0.0,778.0,66.78111587982832,721.0,0.0,986,1227,2213,721.0,0.0,721.0,73.1237322515213,782.0,0.0,782.0,0.0,782.0,70.89755213055304,890.0,0.0,890.0,0.0,890.0,72.53463732681337,782.0,782.0,0.0,-57.0,-57.0,0.0,6.3426163716929835,108.0,108.0,0.0,1.6370851962603297,0.4987179487179487,0.6878306878306878,0.4475481067659839,0.727971079981925,concordant,concordant,-0.0511698419519648,0.0401403921512372,1,935,0,928,0,1350,1290,185,187,2640,935,0.0,935,69.25925925925925,928,0.0,928,0.5018786902844874,-2,806,0,1172,0,1117,1554,131,327,2671,806,0.0,806,72.1575649059982,1172,0.0,1172,0.4074823053589484,-196
E02000355,Hackney,2,3,38.41368870005893,28.735513864628825,159.0,241.0,0.1619144602851323,0.2454175152749491,0.0835030549898167,-9.678174835430102,375.0,408.0,1029,956,1985,783.0,77.07808564231738,-33.0,36.44314868804665,323.0,372.0,889,1063,1952,695.0,61.55532786885246,-49.0,36.33295838020247,323.0,415.0,738.0,67.52896725440806,-92.0,33.78661087866109,433.0,349.0,782.0,77.41649590163935,84.0,40.733772342427095,-181.0,283.0,464.0,-16.0,-88.0,-15.522757773464916,-0.1101903078441779,176.0,44.0,9.887528647231292,6.947161463766008,0.514792899408284,0.7662468513853904,0.4705484089370345,0.7566598360655737,concordant,divergent,-0.0442444904712494,-0.0095870153198166,2,465,447,357,434,1218,1120,189,164,2338,912,88.90290846877673,18,38.17733990147783,791,66.26946107784431,-77,0.5355255431591309,25,309,414,515,372,988,1304,99,241,2292,723,55.81413612565445,-105,31.275303643724694,887,83.58638743455498,143,0.44906832298136645,-142
E02000356,Hackney,4,4,30.12409869044378,23.85055364399892,361.0,390.0,0.3676171079429735,0.3971486761710794,0.0295315682281058,-6.2735450464448625,156.0,526.0,882,811,1693,682.0,48.46780862374483,-370.0,17.687074829931973,213.0,627.0,910,888,1798,840.0,74.27753058954394,-414.0,23.406593406593405,175.0,604.0,779.0,62.43354991139988,-429.0,21.57829839704069,158.0,571.0,729.0,50.17686318131257,-413.0,17.792792792792792,-163.0,318.0,481.0,-44.0,158.0,25.809721965799113,5.719518576661432,16.0,-50.0,-12.25668673008731,-3.7855056042478985,0.4668035592060233,0.8629651506202008,0.5353728489483748,0.8726362625139044,concordant,concordant,0.0685692897423514,0.0096711118937035,3,347,525,349,604,1105,1009,223,198,2114,872,86.17549668874172,-178,31.402714932126695,953,99.71428571428571,-255,0.4778082191780822,25,289,624,456,570,1042,1210,132,322,2252,913,80.07815275310834,-335,27.735124760076772,1026,115.41740674955595,-114,0.4708612686952037,-190
E02000357,Hackney,1,1,45.66032814639533,43.06423223030123,54.0,9.0,0.054989816700611,0.0091649694501018,-0.0458248472505091,-2.596095916094093,196.0,0.0,392,532,924,196.0,0.0,196.0,50.0,256.0,0.0,398,495,893,256.0,0.0,256.0,64.321608040201,298.0,0.0,298.0,0.0,298.0,56.01503759398496,332.0,0.0,332.0,0.0,332.0,67.07070707070707,284.0,284.0,0.0,60.0,60.0,0.0,14.321608040201,34.0,34.0,0.0,11.055669476722116,0.3967611336032389,0.5346320346320347,0.4353741496598639,0.658454647256439,concordant,concordant,0.038613016056625,0.1238226126244043,1,242,0,362,0,444,619,52,87,1063,242,0.0,242,54.5045045045045,362,0.0,362,0.40066225165562913,-35,321,0,468,0,474,648,76,153,1122,321,0.0,321,67.72151898734177,468,0.0,468,0.4068441064638783,-77
E02000358,Hackney,2,2,41.26033902875746,32.00512557702171,119.0,150.0,0.1211812627291242,0.1527494908350305,0.0315682281059063,-9.255213451735749,694.0,441.0,1463,1489,2952,1135.0,103.67682926829268,253.0,47.43677375256323,668.0,428.0,1390,1432,2822,1096.0,101.31254429482637,240.0,48.05755395683453,725.0,421.0,1146.0,103.3960027100271,304.0,48.69039623908664,693.0,393.0,1086.0,96.50921332388376,300.0,48.39385474860335,606.0,882.0,276.0,-13.0,-39.0,-2.3642849734663116,0.6207802042713055,-4.0,-60.0,-6.886789386143349,-0.2965414904832855,0.4975887768522578,0.7726964769647696,0.5022914757103575,0.7732104890148831,concordant,concordant,0.0047026988580997,0.0005140120501134,2,817,471,730,444,1753,1713,290,224,3466,1288,111.02336987882285,346,46.605818596691385,1174,93.51413733410271,286,0.5231519090170593,66,630,447,800,418,1559,1796,169,364,3355,1077,83.93740685543965,183,40.41051956382296,1218,99.67213114754098,382,0.469281045751634,-195
E02000359,Hackney,2,2,38.15224604923264,30.71862104172832,163.0,183.0,0.1659877800407332,0.1863543788187372,0.020366598778004,-7.433625007504318,226.0,301.0,726,737,1463,527.0,46.49760765550239,-75.0,31.129476584022036,269.0,307.0,698,841,1539,576.0,53.6601689408707,-38.0,38.53868194842407,233.0,313.0,546.0,49.84894053315106,-80.0,31.614654002713703,339.0,270.0,609.0,59.473684210526315,69.0,40.30915576694411,131.0,347.0,216.0,37.0,49.0,7.162561285368305,7.409205364402034,149.0,63.0,9.624743677375257,8.694501764230406,0.4911463187325256,0.7334244702665755,0.4860759493670886,0.7699805068226121,concordant,divergent,-0.005070369365437,0.0365560365560365,2,309,330,252,333,877,847,151,110,1724,639,59.14733178654292,-21,35.23375142531357,585,48.675174013921115,-81,0.5220588235294118,41,306,328,462,284,822,1070,124,229,1892,634,53.04862579281184,-22,37.22627737226277,746,69.34883720930233,178,0.45942028985507244,-105
E02000360,Hackney,1,1,49.5551619261424,36.47772832221652,26.0,55.0,0.0264765784114052,0.0560081466395112,0.0295315682281059,-13.077433603925884,761.0,0.0,1155,1181,2336,761.0,0.0,761.0,65.88744588744588,684.0,0.0,1030,1185,2215,684.0,0.0,684.0,66.40776699029126,750.0,0.0,750.0,0.0,750.0,63.50550381033023,801.0,0.0,801.0,0.0,801.0,67.59493670886076,828.0,828.0,0.0,-77.0,-77.0,0.0,0.5203211028453865,51.0,51.0,0.0,4.089432898530525,0.5036399735274653,0.646832191780822,0.4606060606060606,0.6704288939051919,concordant,concordant,-0.0430339129214046,0.0235967021243699,1,945,0,902,0,1351,1370,196,189,2721,945,0.0,945,69.94818652849742,902,0.0,902,0.5116404981050352,7,804,0,1101,0,1166,1531,136,346,2697,804,0.0,804,68.95368782161235,1101,0.0,1101,0.4220472440944882,-210
E02000361,Hackney,1,2,44.982477977748694,33.019894332939785,67.0,124.0,0.0682281059063136,0.1262729124236252,0.0580448065173116,-11.962583644808907,680.0,0.0,1058,1024,2082,680.0,0.0,680.0,64.27221172022685,879.0,0.0,1272,1302,2574,879.0,0.0,879.0,69.10377358490565,690.0,0.0,690.0,0.0,690.0,67.3828125,906.0,0.0,906.0,0.0,906.0,69.5852534562212,468.0,776.0,308.0,199.0,199.0,0.0,4.831561864678804,216.0,216.0,0.0,2.2024409562211957,0.4963503649635036,0.6580211335254563,0.492436974789916,0.6934731934731935,concordant,concordant,-0.0039133901735876,0.0354520599477371,1,928,0,794,0,1310,1171,252,147,2481,928,0.0,928,70.83969465648855,794,0.0,794,0.5389082462253194,105,1038,0,1206,0,1452,1644,180,342,3096,1038,0.0,1038,71.48760330578511,1206,0.0,1206,0.4625668449197861,-162
E02000362,Hackney,1,1,52.62552788621719,42.2926722417428,12.0,11.0,0.0122199592668024,0.0112016293279022,-0.0010183299389002,-10.332855644474392,452.0,0.0,724,604,1328,452.0,0.0,452.0,62.430939226519335,546.0,0.0,840,779,1619,546.0,0.0,546.0,65.0,378.0,0.0,378.0,0.0,378.0,62.58278145695364,497.0,0.0,497.0,0.0,497.0,63.7997432605905,676.0,676.0,0.0,94.0,94.0,0.0,2.5690607734806647,119.0,119.0,0.0,1.2169618036368632,0.5445783132530121,0.625,0.5234899328859061,0.644224830142063,concordant,concordant,-0.021088380367106,0.019224830142063,1,570,0,510,0,856,752,132,148,1608,570,0.0,570,66.58878504672897,510,0.0,510,0.5277777777777778,-16,650,0,741,0,958,1056,118,277,2014,650,0.0,650,67.84968684759917,741,0.0,741,0.4672897196261682,-159
E02000363,Hackney,1,1,53.099016996772704,42.04983381974249,8.0,12.0,0.0081466395112016,0.0122199592668024,0.0040733197556008,-11.049183177030216,504.0,0.0,930,1047,1977,504.0,0.0,504.0,54.19354838709678,661.0,0.0,1109,991,2100,661.0,0.0,661.0,59.60324616771867,591.0,0.0,591.0,0.0,591.0,56.446991404011456,578.0,0.0,578.0,0.0,578.0,58.32492431886983,820.0,820.0,0.0,157.0,157.0,0.0,5.40969778062189,-13.0,-13.0,0.0,1.877932914858377,0.4602739726027397,0.5538694992412747,0.5334947538337369,0.59,concordant,concordant,0.0732207812309971,0.0361305007587252,1,650,0,779,0,1093,1258,163,211,2351,650,0.0,650,59.469350411710884,779,0.0,779,0.4548635409377187,-48,765,0,801,0,1231,1259,122,268,2490,765,0.0,765,62.144597887896026,801,0.0,801,0.4885057471264368,-146
E02000364,Hackney,2,3,41.00117891169504,27.97226360338573,123.0,263.0,0.125254582484725,0.2678207739307535,0.1425661914460285,-13.028915308309312,562.0,334.0,1327,1021,2348,896.0,79.94378194207836,228.0,42.35116804822909,476.0,383.0,1038,1189,2227,859.0,81.86259541984732,93.0,45.857418111753375,411.0,456.0,867.0,79.81942078364565,-45.0,40.25465230166503,533.0,317.0,850.0,75.86933093848226,216.0,44.827586206896555,-85.0,405.0,490.0,-135.0,-37.0,1.918813477768964,3.506250063524284,261.0,-17.0,-3.95008984516339,4.5729339052315225,0.5082246171298922,0.7508517887563884,0.502633118782914,0.7674000898069151,divergent,concordant,-0.0055914983469782,0.0165483010505267,2,580,357,479,470,1562,1226,235,205,2788,937,74.26829268292683,223,37.13188220230474,949,80.74964131994261,9,0.4968186638388123,30,493,406,677,327,1201,1507,163,318,2708,899,73.91358936484491,87,41.04912572855953,1004,81.75,350,0.4724119810825013,-155
E02000365,Hackney,3,3,35.409901002830566,29.748566519224227,216.0,208.0,0.219959266802444,0.2118126272912423,-0.0081466395112016,-5.661334483606339,602.0,973.0,1768,1705,3473,1575.0,168.65706881658508,-371.0,34.04977375565611,728.0,1288.0,2160,2213,4373,2016.0,214.42122112965927,-560.0,33.7037037037037,533.0,981.0,1514.0,150.55369997120644,-448.0,31.26099706744868,710.0,1221.0,1931.0,198.2414818202607,-511.0,32.08314505196566,61.0,890.0,829.0,-189.0,441.0,45.76415231307419,-0.3460700519524096,-63.0,417.0,47.68778184905426,0.8221479845169775,0.5098737455487212,0.8894327670601785,0.510767671649354,0.9025840384175624,concordant,concordant,0.0008939261006327,0.0131512713573838,2,1037,533,849,534,2192,2012,424,307,4204,1570,131.47502378686966,504,47.308394160583944,1383,107.84157944814463,315,0.5316627158821537,117,994,729,1252,655,2421,2750,261,537,5171,1723,140.13266292786696,265,41.05741429161503,1907,158.58828079675112,597,0.4746556473829201,-276
E02000366,Hackney,1,1,43.76929675828048,34.18647836512262,80.0,95.0,0.0814663951120163,0.0967413441955193,0.015274949083503,-9.582818393157858,434.0,0.0,803,811,1614,434.0,0.0,434.0,54.04732254047323,480.0,0.0,741,749,1490,480.0,0.0,480.0,64.77732793522267,492.0,0.0,492.0,0.0,492.0,60.66584463625154,483.0,0.0,483.0,0.0,483.0,64.48598130841121,594.0,594.0,0.0,46.0,46.0,0.0,10.73000539474944,-9.0,-9.0,0.0,3.82013667215967,0.468682505399568,0.573729863692689,0.4984423676012461,0.6463087248322148,concordant,concordant,0.029759862201678,0.0725788611395258,1,701,0,685,0,1080,1025,277,214,2105,701,0.0,701,64.9074074074074,685,0.0,685,0.5057720057720058,63,608,0,800,0,877,1085,136,336,1962,608,0.0,608,69.327251995439,800,0.0,800,0.4318181818181818,-200
E02000367,Hackney,2,2,40.32211571800367,31.86222479489517,128.0,154.0,0.130346232179226,0.1568228105906313,0.0264765784114053,-8.459890923108507,494.0,470.0,1285,1212,2497,964.0,92.98358029635564,24.0,38.44357976653697,680.0,506.0,1455,1478,2933,1186.0,117.31333106034776,174.0,46.735395189003434,473.0,543.0,1016.0,102.8590308370044,-70.0,39.026402640264024,597.0,499.0,1096.0,101.56938288441869,98.0,40.39242219215156,537.0,867.0,330.0,150.0,222.0,24.329750763992124,8.291815422466463,168.0,80.0,-1.2896479525857103,1.3660195518875329,0.4868686868686869,0.7929515418502202,0.5197195442594216,0.7780429594272077,divergent,concordant,0.0328508573907346,-0.0149085824230125,2,639,515,593,558,1569,1480,284,268,3049,1154,107.93210888816006,124,40.72657743785851,1151,108.52541816989176,35,0.500650759219089,16,803,538,776,513,1775,1873,320,395,3648,1341,118.42489035087719,265,45.23943661971831,1289,109.125,263,0.5098859315589354,-75
E02000368,Hackney,1,1,50.49459584356147,37.53115089163238,21.0,48.0,0.0213849287169042,0.0488798370672097,0.0274949083503055,-12.963444951929093,567.0,0.0,967,921,1888,567.0,0.0,567.0,58.63495346432265,612.0,0.0,957,969,1926,612.0,0.0,612.0,63.94984326018809,577.0,0.0,577.0,0.0,577.0,62.64929424538545,689.0,0.0,689.0,0.0,689.0,71.10423116615067,749.0,749.0,0.0,45.0,45.0,0.0,5.31488979586544,112.0,112.0,0.0,8.45493692076522,0.4956293706293706,0.6059322033898306,0.4704073789392775,0.6754932502596054,concordant,concordant,-0.0252219916900931,0.0695610468697748,1,777,0,732,0,1181,1083,214,162,2264,777,0.0,777,65.79170194750212,732,0.0,732,0.5149105367793241,52,747,0,955,0,1110,1252,153,283,2362,747,0.0,747,67.29729729729729,955,0.0,955,0.4388954171562867,-130
E02000369,Hackney,1,1,47.50930526651717,34.93833780442113,38.0,78.0,0.0386965376782077,0.0794297352342158,0.0407331975560081,-12.570967462096036,818.0,0.0,1221,1310,2531,818.0,0.0,818.0,66.994266994267,1112.0,0.0,1561,1666,3227,1112.0,0.0,1112.0,71.2363869314542,876.0,0.0,876.0,0.0,876.0,66.87022900763358,1169.0,0.0,1169.0,0.0,1169.0,70.16806722689076,1349.0,1349.0,0.0,294.0,294.0,0.0,4.242119937187212,293.0,293.0,0.0,3.297838219257173,0.4828807556080283,0.6693006716712762,0.4875054800526085,0.706848466067555,concordant,concordant,0.0046247244445801,0.0375477943962788,1,1084,0,1025,0,1506,1504,285,194,3010,1084,0.0,1084,71.97875166002656,1025,0.0,1025,0.5139876718824087,91,1271,0,1592,0,1740,2105,179,439,3845,1271,0.0,1271,73.04597701149426,1592,0.0,1592,0.44393992315752706,-260
E02000370,Hackney,1,2,47.87427375015058,32.319589783978394,34.0,141.0,0.0346232179226069,0.1435845213849287,0.1089613034623218,-15.554683966172185,583.0,0.0,804,834,1638,583.0,0.0,583.0,72.51243781094527,842.0,0.0,1092,977,2069,842.0,0.0,842.0,77.10622710622711,618.0,0.0,618.0,0.0,618.0,74.10071942446042,719.0,0.0,719.0,0.0,719.0,73.59263050153531,619.0,748.0,129.0,259.0,259.0,0.0,4.593789295281837,101.0,101.0,0.0,-0.5080889229251113,0.485428809325562,0.7332112332112332,0.5393978219090326,0.7544707588206864,concordant,concordant,0.0539690125834705,0.0212595256094532,1,798,0,757,0,1022,992,218,158,2014,798,0.0,798,78.08219178082192,757,0.0,757,0.5131832797427652,60,1002,0,988,0,1268,1262,176,285,2530,1002,0.0,1002,79.02208201892745,988,0.0,988,0.5035175879396985,-109
E02000371,Hackney,1,3,55.41682451982651,29.41761959430906,4.0,219.0,0.0040733197556008,0.2230142566191446,0.2189409368635437,-25.999204925517457,1249.0,0.0,1800,2302,4102,1249.0,0.0,1249.0,69.38888888888889,1821.0,0.0,2520,2496,5016,1821.0,0.0,1821.0,72.26190476190476,1639.0,0.0,1639.0,0.0,1639.0,71.1989574283232,1840.0,0.0,1840.0,0.0,1840.0,73.71794871794873,413.0,1264.0,851.0,572.0,572.0,0.0,2.8730158730158735,201.0,201.0,0.0,2.518991289625532,0.4324792243767313,0.7040468064358849,0.4974050805790767,0.7298644338118022,concordant,concordant,0.0649258562023454,0.0258176273759173,1,2076,0,1921,0,2640,2626,840,324,5266,2076,0.0,2076,78.63636363636364,1921,0.0,1921,0.5193895421566175,516,2369,0,2333,0,3091,3035,571,539,6126,2369,0.0,2369,76.6418634746037,2333,0.0,2333,0.5038281582305402,32
E02000372,Hammersmith and Fulham,2,2,40.1093214506812,31.85196263832584,134.0,155.0,0.1364562118126273,0.1578411405295315,0.0213849287169042,-8.25735881235536,806.0,98.0,1053,950,2003,904.0,39.43484772840739,708.0,76.5432098765432,888.0,193.0,1156,1286,2442,1081.0,70.18181818181819,695.0,76.8166089965398,795.0,122.0,917.0,48.42236645032451,673.0,83.6842105263158,956.0,140.0,1096.0,54.80753480753481,816.0,74.33903576982893,707.0,865.0,158.0,-13.0,177.0,30.746970453410796,0.273399119996597,143.0,179.0,6.385168357210297,-9.34517475648687,0.4964305326743548,0.909136295556665,0.4965548920532843,0.8914823914823915,concordant,concordant,0.0001243593789295,-0.0176539040742734,2,883,114,960,159,1253,1219,200,269,2472,997,40.720873786407765,769,70.4708699122107,1119,61.74757281553398,801,0.47117202268431,-69,1110,204,2884,151,1503,3383,347,2097,4886,1314,46.34465820712239,906,73.85229540918164,3035,89.12893982808023,2733,0.302138422625891,-1750
E02000373,Hammersmith and Fulham,1,1,45.17235415440072,39.21332851333032,65.0,32.0,0.0661914460285132,0.0325865580448065,-0.0336048879837067,-5.959025641070404,552.0,0.0,582,618,1200,552.0,0.0,552.0,94.84536082474226,446.0,0.0,478,535,1013,446.0,0.0,446.0,93.30543933054392,572.0,0.0,572.0,0.0,572.0,92.55663430420712,496.0,0.0,496.0,0.0,496.0,92.71028037383178,422.0,422.0,0.0,-106.0,-106.0,0.0,-1.5399214941983388,-76.0,-76.0,0.0,0.1536460696246564,0.491103202846975,0.9366666666666666,0.4734607218683652,0.9299111549851924,concordant,concordant,-0.0176424809786098,-0.0067555116814741,1,620,0,659,0,651,722,69,104,1373,620,0.0,620,95.23809523809523,659,0.0,659,0.4847537138389367,-35,513,0,623,0,561,665,83,130,1226,513,0.0,513,91.44385026737967,623,0.0,623,0.4515845070422535,-47
E02000374,Hammersmith and Fulham,5,3,27.949637899272023,27.84842760791367,411.0,267.0,0.4185336048879837,0.2718940936863543,-0.1466395112016293,-0.1012102913583525,283.0,402.0,724,820,1544,685.0,73.68264248704664,-119.0,39.08839779005525,247.0,496.0,705,1005,1710,743.0,71.64444444444445,-249.0,35.0354609929078,341.0,363.0,704.0,80.17033678756476,-22.0,41.58536585365854,384.0,404.0,788.0,90.72280701754386,-20.0,38.2089552238806,124.0,366.0,242.0,-130.0,58.0,-2.0381980426021897,-4.052936797147446,2.0,84.0,10.552470229979091,-3.3764106297779364,0.4931605471562275,0.8996113989637305,0.4853037230568256,0.8953216374269006,concordant,concordant,-0.0078568240994018,-0.0042897615368299,3,537,262,496,283,931,940,207,120,1871,799,75.19722073757349,275,57.67991407089151,779,75.02298236237306,213,0.5063371356147022,87,490,363,724,316,923,1299,218,294,2222,853,80.04950495049505,127,53.08775731310943,1040,102.96309630963097,408,0.450607501320655,-76
E02000375,Hammersmith and Fulham,3,2,33.71317966420034,31.148660008684324,267.0,173.0,0.2718940936863543,0.1761710794297352,-0.0957230142566191,-2.5645196555160155,578.0,237.0,850,1059,1909,815.0,71.7579884756417,341.0,68.0,581.0,219.0,935,1031,1966,800.0,64.71973550356053,362.0,62.139037433155075,647.0,169.0,816.0,57.27763226820325,478.0,61.095372993389994,656.0,241.0,897.0,80.41505595116989,415.0,63.62754607177498,608.0,681.0,73.0,21.0,-15.0,-7.0382529720811675,-5.8609625668449254,-63.0,81.0,23.13742368296664,2.532173078384986,0.4996934396076027,0.8543740178103719,0.4714201532115498,0.8631739572736521,concordant,concordant,-0.0282732863960529,0.0087999394632801,2,817,84,842,73,1076,1221,226,162,2297,901,29.87723117109273,733,75.92936802973978,915,26.759251197213757,769,0.4961453744493392,64,801,94,970,95,1141,1328,206,297,2469,895,30.495747266099634,707,70.20157756354075,1065,37.322802754151475,875,0.45663265306122447,-91
E02000376,Hammersmith and Fulham,2,2,36.46607060882141,30.261164242071576,193.0,196.0,0.1965376782077393,0.1995926680244399,0.0030549898167006,-6.204906366749828,786.0,91.0,937,1088,2025,877.0,35.321481481481484,695.0,83.88473852721452,772.0,125.0,994,1163,2157,897.0,44.73806212331942,647.0,77.66599597585513,925.0,81.0,1006.0,37.0,844.0,85.01838235294117,915.0,100.0,1015.0,42.42002781641168,815.0,78.67583834909716,553.0,704.0,151.0,-48.0,20.0,9.41658064183794,-6.218742551359398,-29.0,9.0,5.420027816411682,-6.3425440038440115,0.4657461497610196,0.9298765432098766,0.4691422594142259,0.8864163189615206,concordant,concordant,0.0033961096532063,-0.0434602242483559,2,917,101,952,84,1209,1274,272,186,2483,1018,37.3004430124849,816,75.84780810587263,1036,32.206202174788565,868,0.495618305744888,86,830,144,1012,110,1225,1460,231,297,2685,974,44.513966480446925,686,67.75510204081633,1122,41.45996275605214,902,0.46469465648854963,-66
E02000377,Hammersmith and Fulham,3,3,33.67802338597136,28.286956117515807,268.0,252.0,0.2729124236252546,0.2566191446028513,-0.0162932790224032,-5.391067268455551,685.0,211.0,1030,1104,2134,896.0,67.72961574507966,474.0,66.50485436893204,614.0,175.0,927,1091,2018,789.0,53.24578790882062,439.0,66.23516720604098,750.0,201.0,951.0,70.64198687910029,549.0,67.93478260869566,752.0,175.0,927.0,65.21308225966304,577.0,68.9275893675527,383.0,618.0,235.0,-35.0,-107.0,-14.48382783625904,-0.26968716289106,28.0,-24.0,-5.4289046194372474,0.9928067588570428,0.4851109907958852,0.8655107778819119,0.4597902097902098,0.8503468780971258,concordant,concordant,-0.0253207810056754,-0.015163899784786,2,992,110,982,83,1315,1318,285,214,2633,1102,41.443220660843146,882,75.43726235741445,1065,30.95556399544246,899,0.5085371481310568,71,873,67,1114,94,1170,1428,243,337,2598,940,22.513856812933025,806,74.61538461538461,1208,40.306389530408005,1020,0.4376163873370577,-94
E02000378,Hammersmith and Fulham,4,5,28.716140857055404,23.67004650803461,387.0,395.0,0.3940936863543788,0.4022403258655804,0.0081466395112016,-5.046094349020795,526.0,356.0,811,963,1774,882.0,105.55580608793689,170.0,64.85819975339088,521.0,372.0,923,1018,1941,893.0,99.8516228748068,149.0,56.44637053087757,546.0,242.0,788.0,74.4825253664036,304.0,56.69781931464174,584.0,334.0,918.0,100.4925296239052,250.0,57.36738703339882,1.0,436.0,435.0,-21.0,11.0,-5.704183213130094,-8.411829222513305,-54.0,130.0,26.010004257501592,0.6695677187570794,0.5281437125748503,0.9413754227733936,0.4930977360574268,0.933024214322514,concordant,concordant,-0.0350459765174234,-0.0083512084508793,3,717,333,670,234,1051,1152,240,189,2203,1050,108.37993645029505,384,68.22074215033301,904,71.16659101225602,436,0.5373592630501536,51,631,354,788,321,1102,1294,179,276,2396,985,93.22787979966611,277,57.25952813067151,1109,105.57095158597663,467,0.47039159503342887,-97
E02000379,Hammersmith and Fulham,6,6,23.287407983115685,19.271693340284113,522.0,566.0,0.5315682281059063,0.5763747454175153,0.044806517311609,-4.015714642831572,317.0,403.0,1142,766,1908,720.0,66.95545073375263,-86.0,27.75831873905429,227.0,349.0,685,711,1396,576.0,56.75,-122.0,33.13868613138686,276.0,710.0,986.0,102.70440251572327,-434.0,36.0313315926893,296.0,365.0,661.0,77.39255014326648,-69.0,41.63150492264416,-32.0,287.0,319.0,-36.0,-144.0,-10.205450733752627,5.380367392332573,365.0,-325.0,-25.3118523724568,5.600173329954863,0.4220398593200469,0.8941299790356394,0.465642683912692,0.8861031518624641,concordant,concordant,0.043602824592645,-0.0080268271731752,4,478,360,534,605,1297,1017,155,251,2314,838,74.3647363872083,118,36.85427910562837,1139,139.6153846153846,-71,0.4238745574102175,-96,353,313,602,327,792,998,107,287,1790,666,61.725698324022346,40,44.57070707070707,929,109.97430167597766,275,0.41755485893416927,-180
E02000380,Hammersmith and Fulham,6,7,21.81896561316732,17.501367217062263,571.0,611.0,0.5814663951120163,0.6221995926680245,0.0407331975560082,-4.317598396105058,313.0,425.0,753,729,1482,738.0,89.76045883940621,-112.0,41.56706507304117,143.0,350.0,610,629,1239,493.0,40.3954802259887,-207.0,23.442622950819672,199.0,358.0,557.0,48.071524966261805,-159.0,27.29766803840878,193.0,371.0,564.0,57.7909604519774,-178.0,30.683624801271858,-296.0,115.0,411.0,-95.0,-245.0,-49.36497861341751,-18.1244421222215,-19.0,7.0,9.719435485715591,3.385956762863078,0.5698841698841699,0.8738191632928475,0.4664143803216651,0.8531073446327684,concordant,concordant,-0.1034697895625048,-0.020711818660079,4,500,371,390,298,925,905,172,176,1830,871,101.36612021857924,129,54.054054054054056,688,63.50819672131148,92,0.5586914688903143,-4,277,319,493,318,730,915,120,286,1645,596,53.7161094224924,-42,37.945205479452056,811,95.30334346504559,175,0.4235963041933191,-166
E02000381,Hammersmith and Fulham,5,6,24.02875187821833,20.110977892695537,490.0,533.0,0.4989816700610998,0.5427698574338086,0.0437881873727087,-3.9177739855227927,571.0,435.0,1070,1105,2175,1006.0,114.2,136.0,53.364485981308405,440.0,377.0,854,932,1786,817.0,92.87793952967525,63.0,51.52224824355972,556.0,382.0,938.0,97.65149425287356,174.0,50.31674208144796,447.0,339.0,786.0,84.84490481522957,108.0,47.96137339055794,-70.0,388.0,458.0,-73.0,-189.0,-21.322060470324757,-1.8422377377486825,-66.0,-152.0,-12.806589437643993,-2.3553686908900247,0.5174897119341564,0.8937931034482759,0.5096693699313787,0.8975363941769317,concordant,concordant,-0.0078203420027777,0.0037432907286557,4,619,519,662,436,1307,1382,237,277,2689,1138,119.47229453328374,100,47.360367253251724,1098,107.3380438824842,226,0.5089445438282647,-40,481,438,680,375,1042,1306,188,374,2348,919,89.72657580919932,43,46.161228406909785,1055,108.603066439523,305,0.4655521783181358,-186
E02000382,Hammersmith and Fulham,3,5,32.548242678774116,21.62350389071416,293.0,471.0,0.2983706720977597,0.4796334012219959,0.1812627291242362,-10.924738788059956,575.0,146.0,767,904,1671,721.0,50.2393776181927,429.0,74.96740547588006,555.0,92.0,766,737,1503,647.0,33.97205588822355,463.0,72.45430809399478,628.0,89.0,717.0,33.44823459006583,539.0,69.46902654867256,549.0,101.0,650.0,36.89221556886228,448.0,74.49118046132972,215.0,434.0,219.0,34.0,-74.0,-16.267321729969147,-2.5130973818852738,-91.0,-67.0,3.4439809787964464,5.02215391265716,0.5013908205841446,0.8605625374027528,0.4988434849653045,0.8629407850964738,concordant,concordant,-0.00254733561884,0.0023782476937209,3,677,268,664,190,972,1091,205,187,2063,945,87.9476490547746,409,69.65020576131687,854,61.153659718856034,474,0.5252918287937743,18,611,188,794,211,934,1064,168,327,1998,799,57.491491491491495,423,65.41755888650964,1005,83.85085085085085,583,0.4429046563192905,-159
E02000383,Hammersmith and Fulham,6,7,22.857693903731978,17.56270871783737,537.0,607.0,0.5468431771894093,0.6181262729124236,0.0712830957230142,-5.294985185894607,547.0,661.0,1292,1321,2613,1208.0,138.37236892460774,-114.0,42.3374613003096,312.0,646.0,1176,1236,2412,958.0,83.56218905472637,-334.0,26.53061224489796,482.0,550.0,1032.0,101.45426712590891,-68.0,36.48750946252839,403.0,673.0,1076.0,112.44568822553896,-270.0,32.605177993527505,-482.0,233.0,715.0,-220.0,-250.0,-54.81017986988137,-15.80684905541164,-202.0,44.0,10.991421099630044,-3.8823314690008814,0.5392857142857143,0.8572522005357827,0.4709931170108161,0.8432835820895522,concordant,concordant,-0.0682925972748981,-0.0139686184462304,4,1052,581,802,446,1750,1598,458,277,3348,1633,182.56033452807645,471,60.11428571428571,1248,106.83751493428913,356,0.5668170774036793,181,654,540,776,554,1469,1558,293,322,3027,1194,116.66997026759168,114,44.52008168822328,1330,142.02312520647507,222,0.47305863708399365,-29
E02000384,Hammersmith and Fulham,3,2,33.94453740846995,32.95610309278351,258.0,126.0,0.2627291242362525,0.1283095723014256,-0.1344195519348268,-0.9884343156864404,715.0,148.0,985,1017,2002,863.0,52.857142857142854,567.0,72.58883248730965,876.0,152.0,1200,1031,2231,1028.0,59.682653518601526,724.0,73.0,721.0,132.0,853.0,47.53846153846154,589.0,70.89478859390364,743.0,180.0,923.0,59.94621246077992,563.0,72.06595538312318,946.0,1004.0,58.0,157.0,165.0,6.825510661458672,0.4111675126903549,-26.0,70.0,12.407750922318378,1.1711667892195408,0.502913752913753,0.8571428571428571,0.5269092772936955,0.8744957418198117,concordant,concordant,0.0239955243799425,0.0173528846769546,2,983,76,967,40,1215,1225,230,208,2440,1059,30.618032786885244,907,80.90534979423867,1007,15.852459016393443,927,0.5125847047434656,22,1177,75,1099,88,1474,1351,274,320,2825,1252,31.24778761061947,1102,79.8507462686567,1187,34.23433628318584,1011,0.5133251332513326,-46
E02000385,Hammersmith and Fulham,6,7,21.49848176079195,17.250843427620634,576.0,619.0,0.5865580448065173,0.630346232179226,0.0437881873727087,-4.24763833317132,413.0,472.0,983,1053,2036,885.0,95.74459724950884,-59.0,42.01424211597152,326.0,552.0,1043,1171,2214,878.0,81.27913279132791,-226.0,31.255992329817833,386.0,393.0,779.0,74.50785854616896,-7.0,36.65716999050333,432.0,557.0,989.0,108.6829268292683,-125.0,36.89154568744662,-380.0,255.0,635.0,-167.0,-7.0,-14.465464458180932,-10.758249786153687,-118.0,210.0,34.175068283099336,0.2343756969432959,0.5318509615384616,0.8172888015717092,0.4702731655061596,0.8432700993676604,concordant,concordant,-0.0615777960323019,0.0259812977959511,5,683,640,505,562,1344,1252,361,199,2596,1323,168.38212634822804,43,50.81845238095239,1067,109.32588597842835,-57,0.5535564853556485,162,515,722,669,706,1302,1506,259,335,2808,1237,132.41809116809117,-207,39.55453149001536,1375,168.20299145299145,-37,0.473583460949464,-76
E02000386,Hammersmith and Fulham,3,2,35.22844183259586,30.904684308148884,219.0,179.0,0.2230142566191446,0.1822810590631364,-0.0407331975560081,-4.323757524446979,714.0,126.0,889,1047,1936,840.0,46.46900826446281,588.0,80.31496062992126,683.0,118.0,927,1004,1931,801.0,41.7369238736406,565.0,73.67853290183388,813.0,83.0,896.0,34.854855371900825,730.0,77.65042979942693,763.0,141.0,904.0,55.713619886069395,622.0,75.99601593625498,725.0,781.0,56.0,-23.0,-39.0,-4.732084390822209,-6.636427728087384,-108.0,8.0,20.85876451416857,-1.6544138631719534,0.4838709677419355,0.8966942148760331,0.4697947214076246,0.8829621957534955,concordant,concordant,-0.0140762463343108,-0.0137320191225375,2,1014,56,984,37,1177,1211,288,164,2388,1070,23.77889447236181,958,86.15123194562447,1021,15.246231155778894,947,0.5117168818747011,124,936,56,1097,71,1173,1319,246,315,2492,992,21.03370786516854,880,79.79539641943734,1168,31.254815409309792,1026,0.45925925925925926,-69
E02000387,Hammersmith and Fulham,5,5,27.740441570471937,22.140879927726676,417.0,451.0,0.4246435845213849,0.4592668024439919,0.0346232179226069,-5.599561642745261,498.0,329.0,904,929,1833,827.0,89.38461538461539,169.0,55.088495575221245,453.0,308.0,897,937,1834,761.0,76.07633587786259,145.0,50.50167224080268,462.0,298.0,760.0,75.10965630114566,164.0,49.730893433799785,505.0,338.0,843.0,93.06979280261724,167.0,53.89541088580576,227.0,510.0,283.0,-24.0,-66.0,-13.308279506752797,-4.586823334418568,3.0,83.0,17.96013650147158,4.164517452005974,0.5211090107120353,0.8657937806873978,0.4744389027431421,0.8745910577971646,concordant,concordant,-0.0466701079688931,0.0087972771097668,3,852,240,708,205,1194,1115,290,186,2309,1092,88.55781723689908,612,71.35678391959799,913,62.858380251190994,503,0.5446384039900249,104,733,228,850,217,1107,1200,210,263,2307,961,72.44213263979194,505,66.21499548328816,1067,79.95231902904204,633,0.47386587771203154,-53
E02000388,Hammersmith and Fulham,5,6,25.665795541331384,19.704416081375637,457.0,546.0,0.4653767820773931,0.5560081466395111,0.090631364562118,-5.961379459955747,722.0,292.0,1104,1166,2270,1014.0,92.87400881057268,430.0,65.39855072463769,786.0,360.0,1340,1349,2689,1146.0,105.2287095574563,426.0,58.656716417910445,735.0,259.0,994.0,83.86123348017621,476.0,63.0360205831904,840.0,397.0,1237.0,124.01636296020826,443.0,62.268346923647144,186.0,649.0,463.0,-4.0,132.0,12.354700746883625,-6.741834306727242,-33.0,243.0,40.155129480032045,-0.7676736595432558,0.5049800796812749,0.8845814977973568,0.4809064204783886,0.8862030494607661,concordant,concordant,-0.0240736592028862,0.0016215516634092,4,795,382,663,343,1465,1362,361,196,2827,1177,107.42483197736117,413,54.26621160409556,1006,80.44181110718075,320,0.5391662849289968,165,855,471,932,501,1682,1791,342,442,3473,1326,115.95306651310106,384,50.83234244946492,1433,134.44630002879356,431,0.4806089162740123,-100
E02000389,Hammersmith and Fulham,8,9,15.466655147183523,11.327990161545,740.0,814.0,0.7535641547861507,0.8289205702647657,0.075356415478615,-4.138664985638524,155.0,696.0,1078,1026,2104,851.0,51.27376425855513,-541.0,14.37847866419295,163.0,802.0,1279,1083,2362,965.0,55.345469940728194,-639.0,12.7443315089914,145.0,757.0,902.0,52.16967680608365,-612.0,14.132553606237815,145.0,947.0,1092.0,58.1350550381033,-802.0,13.388734995383194,-795.0,80.0,875.0,-98.0,114.0,4.071705682173061,-1.63414715520155,-190.0,190.0,5.965378232019653,-0.7438186108546212,0.4854535082715345,0.8331749049429658,0.4691298006806028,0.8708721422523286,concordant,concordant,-0.0163237075909316,0.0376972373093628,6,219,685,208,743,1382,1378,304,352,2760,904,54.35326086956522,-466,15.846599131693198,951,55.994202898550725,-535,0.48733153638814014,-48,228,787,193,929,1513,1581,234,498,3094,1015,57.994828700711054,-559,15.069398545935227,1122,57.94990303813833,-736,0.47496490407112774,-264
E02000390,Hammersmith and Fulham,6,6,23.861172298387096,18.475516601101493,496.0,583.0,0.505091649694501,0.5936863543788188,0.0885947046843177,-5.385655697285603,368.0,491.0,919,1132,2051,859.0,88.09751340809362,-123.0,40.04352557127312,323.0,411.0,929,1001,1930,734.0,68.7839378238342,-88.0,34.76856835306781,420.0,344.0,764.0,70.44368600682594,76.0,37.102473498233216,365.0,392.0,757.0,74.13471502590673,-27.0,36.463536463536464,168.0,487.0,319.0,35.0,-125.0,-19.313575584259425,-5.274957218205309,-103.0,-7.0,3.691029019080787,-0.6389370346967524,0.5292667898952557,0.7913213066796685,0.4922870556673374,0.7725388601036269,divergent,concordant,-0.0369797342279182,-0.0187824465760415,4,696,409,675,292,1220,1355,301,223,2575,1105,110.54912621359223,287,57.049180327868854,967,76.54368932038835,383,0.5333011583011583,78,619,337,773,316,1191,1369,262,368,2560,956,81.485546875,282,51.97313182199832,1089,95.4171875,457,0.46748166259168705,-106
E02000391,Hammersmith and Fulham,6,7,23.706305313753393,17.440295185278547,502.0,612.0,0.5112016293279023,0.6232179226069247,0.1120162932790224,-6.266010128474846,399.0,384.0,865,990,1855,783.0,82.59622641509434,15.0,46.127167630057805,378.0,392.0,981,952,1933,770.0,76.65597516813244,-14.0,38.53211009174312,347.0,281.0,628.0,52.564420485175205,66.0,35.05050505050505,361.0,356.0,717.0,66.48525607863425,5.0,37.92016806722689,-121.0,326.0,447.0,-29.0,-13.0,-5.940251246961893,-7.595057538314684,-61.0,89.0,13.920835593459046,2.8696630167218373,0.554925584691708,0.7606469002695417,0.5178211163416274,0.7692705638903259,concordant,divergent,-0.0371044683500806,0.0086236636207841,4,687,300,691,218,1131,1293,266,303,2424,987,85.02475247524752,387,60.742705570291776,909,62.1443894389439,473,0.5205696202531646,-37,677,327,777,293,1241,1339,260,387,2580,1004,85.80581395348837,350,54.55278001611603,1070,88.2406976744186,484,0.4840887174541948,-127
E02000392,Hammersmith and Fulham,6,7,22.00896198893297,17.88842457381795,562.0,598.0,0.5723014256619144,0.6089613034623218,0.0366598778004073,-4.12053741511502,484.0,475.0,1211,1342,2553,959.0,90.05092048570309,9.0,39.96696944673823,492.0,539.0,1315,1348,2663,1031.0,99.58242583552384,-47.0,37.41444866920152,569.0,423.0,992.0,94.27614571092832,146.0,42.399403874813714,518.0,535.0,1053.0,104.066841907623,-17.0,38.4272997032641,-234.0,428.0,662.0,-56.0,72.0,9.531505349820748,-2.5525207775367136,-163.0,61.0,9.790696196694682,-3.972104171549617,0.4915427985648385,0.764198981590286,0.494721689059501,0.7825760420578295,concordant,concordant,0.0031788904946624,0.0183770604675435,4,971,369,933,331,1642,1650,431,308,3292,1340,108.83930741190765,602,59.135200974421444,1264,93.81014580801944,602,0.5145929339477726,123,837,445,1043,443,1625,1832,310,484,3457,1282,107.74226207694532,392,51.50769230769231,1486,133.65606016777554,600,0.46315028901734107,-174
E02000393,Hammersmith and Fulham,8,9,16.41308392969657,9.297754901960785,717.0,882.0,0.730142566191446,0.8981670061099797,0.1680244399185336,-7.115329027735784,137.0,623.0,883,956,1839,760.0,46.41163675910821,-486.0,15.51528878822197,106.0,590.0,894,880,1774,696.0,35.253664036076664,-484.0,11.85682326621924,123.0,585.0,708.0,39.127243066884176,-462.0,12.866108786610878,132.0,641.0,773.0,47.695603156708,-509.0,15.0,-567.0,65.0,632.0,2.0,-64.0,-11.157972723031548,-3.6584655220027287,-47.0,65.0,8.568360089823827,2.1338912133891217,0.5177111716621253,0.7982599238716693,0.473791695030633,0.8280721533258174,concordant,concordant,-0.0439194766314922,0.029812229454148,6,200,614,214,574,1197,1224,314,268,2421,814,50.72284180090872,-414,16.70843776106934,788,50.737711689384554,-360,0.5081148564294632,46,169,577,202,637,1121,1239,227,359,2360,746,41.31906779661017,-408,15.075825156110614,839,54.522881355932206,-435,0.47066246056782335,-132
E02000394,Hammersmith and Fulham,5,6,27.32203105022831,19.704611542473057,423.0,545.0,0.4307535641547861,0.554989816700611,0.1242362525458248,-7.617419507755255,587.0,243.0,948,960,1908,830.0,74.75943396226415,344.0,61.9198312236287,755.0,237.0,1295,946,2241,992.0,79.84605087014725,518.0,58.301158301158296,614.0,219.0,833.0,70.4748427672956,395.0,63.95833333333333,612.0,390.0,1002.0,106.50602409638554,222.0,64.69344608879493,358.0,649.0,291.0,174.0,162.0,5.086616907883098,-3.6186729224704024,-173.0,169.0,36.03118132908995,0.7351127554615999,0.4990980156343956,0.8715932914046122,0.4974924774322969,0.8897813476126729,concordant,concordant,-0.0016055382020987,0.0181880562080607,3,1095,178,964,166,1370,1263,422,303,2633,1273,74.02582605393087,917,79.92700729927007,1130,60.77630079756931,798,0.5297544735746983,119,1151,171,1086,289,1609,1368,314,422,2977,1322,66.11387302653678,980,71.53511497824736,1375,105.42626805508901,797,0.4901742677048572,-108
E02000395,Hammersmith and Fulham,8,9,14.64093596874475,10.788867529880475,759.0,834.0,0.7729124236252546,0.8492871690427699,0.0763747454175153,-3.852068438864272,97.0,450.0,741,736,1477,547.0,29.55314827352742,-353.0,13.090418353576249,121.0,559.0,753,829,1582,680.0,42.755372945638435,-438.0,16.06905710491368,134.0,504.0,638.0,45.72511848341232,-370.0,18.206521739130434,130.0,513.0,643.0,42.15549936788875,-383.0,15.681544028950542,-551.0,57.0,608.0,-85.0,133.0,13.202224672111017,2.9786387513374297,-13.0,5.0,-3.5696191155235653,-2.5249777101798916,0.4616033755274261,0.8023019634394042,0.5139833711262283,0.8362831858407079,concordant,concordant,0.0523799955988021,0.0339812224013037,7,73,812,104,837,983,991,242,255,1974,885,30.02836879432624,-739,7.426246185147507,941,44.09726443768997,-733,0.4846659364731654,-13,86,980,103,829,975,1145,222,316,2120,1066,39.75471698113208,-894,8.82051282051282,932,40.27688679245283,-726,0.5335335335335335,-94
E02000396,Hammersmith and Fulham,6,7,22.724394254485148,18.11127878699092,542.0,590.0,0.5519348268839104,0.6008146639511202,0.0488798370672097,-4.613115467494229,289.0,336.0,704,779,1483,625.0,65.47808496291302,-47.0,41.05113636363637,244.0,285.0,707,767,1474,529.0,47.17774762550882,-41.0,34.51202263083451,279.0,258.0,537.0,48.53809844908968,21.0,35.815147625160456,274.0,287.0,561.0,53.35006784260515,-13.0,35.72359843546285,-129.0,214.0,343.0,6.0,-96.0,-18.30033733740419,-6.539113732801859,-34.0,24.0,4.811969393515469,-0.0915491896976092,0.5378657487091222,0.7835468644639245,0.4853211009174312,0.7394843962008141,divergent,concordant,-0.0525446477916909,-0.0440624682631104,4,501,286,561,217,897,1035,193,256,1932,787,74.16459627329192,215,55.852842809364546,778,63.01086956521739,344,0.5028753993610223,-63,435,254,600,239,885,1068,178,301,1953,689,56.574500768049155,181,49.152542372881356,839,73.42549923195085,361,0.45091623036649214,-123
E02000397,Haringey,3,4,34.33681337939859,26.154820830824807,247.0,325.0,0.2515274949083503,0.3309572301425661,0.0794297352342158,-8.181992548573785,452.0,304.0,1001,909,1910,756.0,71.9413612565445,148.0,45.154845154845155,423.0,296.0,848,922,1770,719.0,70.73898305084745,127.0,49.88207547169811,519.0,414.0,933.0,112.49528795811518,105.0,57.0957095709571,521.0,322.0,843.0,94.78079096045198,199.0,56.50759219088937,69.0,393.0,324.0,-21.0,-37.0,-1.202378205697045,4.727230316852953,94.0,-90.0,-17.714496997663204,-0.5881173800677288,0.4476021314387211,0.8842931937172774,0.4603072983354673,0.8824858757062147,concordant,concordant,0.0127051668967462,-0.0018073180110627,2,626,185,703,224,1172,1090,171,181,2262,811,51.198054818744474,441,53.412969283276446,927,69.61626878868258,479,0.4666283084004603,-10,501,184,766,172,926,1165,78,243,2091,685,44.086083213773314,317,54.1036717062635,938,63.00908656145385,594,0.42205791743684534,-165
E02000398,Haringey,1,1,52.991245678787024,49.73926438589592,9.0,1.0,0.0091649694501018,0.0010183299389002,-0.0081466395112016,-3.2519812928911023,426.0,0.0,793,753,1546,426.0,0.0,426.0,53.72005044136192,321.0,0.0,522,726,1248,321.0,0.0,321.0,61.49425287356321,428.0,0.0,428.0,0.0,428.0,56.83930942895087,492.0,0.0,492.0,0.0,492.0,67.76859504132231,311.0,311.0,0.0,-105.0,-105.0,0.0,7.774202432201292,64.0,64.0,0.0,10.929285612371444,0.4988290398126463,0.5523932729624839,0.3948339483394834,0.6514423076923077,concordant,concordant,-0.1039950914731629,0.0990490347298238,1,451,0,529,0,842,859,49,106,1701,451,0.0,451,53.56294536817102,529,0.0,529,0.4602040816326531,-57,371,0,674,0,573,924,51,198,1497,371,0.0,371,64.74694589877836,674,0.0,674,0.3550239234449761,-147
E02000400,Haringey,4,5,29.15588871804903,21.73250910636231,381.0,464.0,0.3879837067209776,0.4725050916496945,0.0845213849287169,-7.423379611686723,307.0,315.0,748,736,1484,622.0,65.16509433962264,-8.0,41.0427807486631,292.0,283.0,630,699,1329,575.0,62.1790820165538,9.0,46.34920634920635,350.0,382.0,732.0,90.09433962264151,-32.0,47.55434782608695,356.0,265.0,621.0,70.9857035364936,91.0,50.92989985693849,-70.0,268.0,338.0,17.0,-47.0,-2.9860123230688416,5.30642560054325,123.0,-111.0,-19.10863608614791,3.375552030851537,0.4593796159527326,0.912398921832884,0.4807692307692308,0.8999247554552295,concordant,concordant,0.0213896148164981,-0.0124741663776545,3,389,315,518,382,854,922,106,186,1776,704,68.99493243243244,74,45.550351288056206,900,111.41666666666667,136,0.4389027431421446,-80,356,283,612,265,704,982,74,283,1686,639,59.755634638196916,73,50.56818181818182,877,96.19217081850533,347,0.42150395778364114,-209
E02000401,Haringey,1,1,47.120221287496285,43.1129188879335,40.0,8.0,0.0407331975560081,0.0081466395112016,-0.0325865580448065,-4.007302399562782,283.0,0.0,496,528,1024,283.0,0.0,283.0,57.056451612903224,336.0,0.0,502,394,896,336.0,0.0,336.0,66.93227091633466,382.0,0.0,382.0,0.0,382.0,72.34848484848484,302.0,0.0,302.0,0.0,302.0,76.6497461928934,355.0,355.0,0.0,53.0,53.0,0.0,9.875819303431436,-80.0,-80.0,0.0,4.301261344408559,0.4255639097744361,0.6494140625,0.5266457680250783,0.7120535714285714,concordant,concordant,0.1010818582506422,0.0626395089285714,1,352,0,478,0,572,638,76,110,1210,352,0.0,352,61.53846153846154,478,0.0,478,0.42409638554216866,-34,365,0,478,0,558,578,56,184,1136,365,0.0,365,65.41218637992831,478,0.0,478,0.43297746144721233,-128
E02000402,Haringey,1,1,52.913019351948634,41.390514294222754,11.0,15.0,0.0112016293279022,0.015274949083503,0.0040733197556008,-11.52250505772588,365.0,0.0,576,574,1150,365.0,0.0,365.0,63.36805555555556,289.0,0.0,416,622,1038,289.0,0.0,289.0,69.47115384615384,355.0,0.0,355.0,0.0,355.0,61.846689895470384,424.0,0.0,424.0,0.0,424.0,68.16720257234726,263.0,263.0,0.0,-76.0,-76.0,0.0,6.1030982905982825,69.0,69.0,0.0,6.320512676876881,0.5069444444444444,0.6260869565217392,0.4053295932678822,0.6868978805394991,concordant,concordant,-0.1016148511765622,0.0608109240177598,1,399,0,460,0,631,695,55,121,1326,399,0.0,399,63.23296354992076,460,0.0,460,0.46449359720605354,-66,308,0,563,0,455,764,39,142,1219,308,0.0,308,67.6923076923077,563,0.0,563,0.35361653272101035,-103
E02000403,Haringey,3,4,35.738222944853455,25.146772575679837,207.0,355.0,0.2107942973523421,0.3615071283095723,0.1507128309572301,-10.591450369173618,419.0,432.0,1123,1118,2241,851.0,80.7710843373494,-13.0,37.31077471059662,378.0,362.0,824,878,1702,740.0,80.39717978848414,16.0,45.87378640776699,515.0,560.0,1075.0,128.6925479696564,-45.0,46.06440071556351,418.0,337.0,755.0,82.76498237367802,81.0,47.60820045558087,-48.0,330.0,378.0,29.0,-111.0,-0.373904548865255,8.563011697170374,126.0,-320.0,-45.92756559597838,1.5437997400173629,0.4418483904465213,0.8594377510040161,0.4949832775919732,0.8783783783783784,concordant,concordant,0.0531348871454519,0.0189406273743623,2,578,259,675,274,1281,1277,158,159,2558,837,58.52306489444879,319,45.120999219359874,949,72.30258014073495,401,0.4686450167973124,-1,483,204,693,181,928,1152,104,274,2080,687,47.371153846153845,279,52.047413793103445,874,60.30432692307692,512,0.44010249839846255,-170
E02000404,Haringey,2,2,41.70488055092276,31.824714052697615,114.0,157.0,0.1160896130346232,0.159877800407332,0.0437881873727087,-9.880166498225144,418.0,246.0,817,876,1693,664.0,60.73715298287065,172.0,51.162790697674424,273.0,192.0,585,863,1448,465.0,36.19889502762431,81.0,46.666666666666664,463.0,234.0,697.0,63.99409332545777,229.0,52.853881278538815,502.0,184.0,686.0,63.790055248618785,318.0,58.16917728852838,153.0,334.0,181.0,-91.0,-199.0,-24.538257955246337,-4.49612403100776,89.0,-11.0,-0.2040380768389837,5.3152960099895665,0.4878765613519471,0.8038984051978736,0.4039965247610773,0.794889502762431,concordant,concordant,-0.0838800365908697,-0.0090089024354426,2,416,277,456,270,935,997,118,121,1932,693,59.643892339544514,139,44.49197860962567,726,63.72670807453416,186,0.4883720930232558,-3,251,214,563,213,657,1080,72,217,1737,465,30.92343120322395,37,38.20395738203957,776,69.03799654576856,350,0.37469782433521354,-145
E02000405,Haringey,7,9,19.009153211667684,11.869625451263536,640.0,795.0,0.6517311608961304,0.8095723014256619,0.1578411405295315,-7.139527760404148,142.0,293.0,546,495,1041,435.0,39.96733909702209,-151.0,26.00732600732601,92.0,290.0,561,439,1000,382.0,26.68,-198.0,16.39928698752228,132.0,329.0,461.0,41.71757925072046,-197.0,26.666666666666668,84.0,375.0,459.0,31.5,-291.0,19.134396355353076,-378.0,8.0,386.0,-47.0,-53.0,-13.287339097022093,-9.60803901980373,-94.0,-2.0,-10.217579250720462,-7.532270311313592,0.4854910714285714,0.8607108549471661,0.4542211652794292,0.841,concordant,concordant,-0.0312699061491422,-0.0197108549471661,5,299,288,386,317,699,744,153,249,1443,587,59.67567567567568,11,42.77539341917024,703,84.7969507969508,69,0.45503875968992247,-96,146,284,350,368,613,698,52,259,1311,430,31.627765064836,-138,23.817292006525285,718,98.24561403508773,-18,0.37456445993031356,-207
E02000406,Haringey,2,2,42.50844688113879,33.5264641025641,101.0,109.0,0.1028513238289205,0.1109979633401222,0.0081466395112016,-8.98198277857469,321.0,232.0,727,836,1563,553.0,47.6468330134357,89.0,44.15405777166438,370.0,183.0,706,838,1544,553.0,43.85362694300518,187.0,52.40793201133145,444.0,224.0,668.0,63.63147792706334,220.0,53.110047846889955,457.0,173.0,630.0,51.20531088082902,284.0,54.53460620525061,308.0,483.0,175.0,98.0,0.0,-3.7932060704305215,8.25387423966707,64.0,-38.0,-12.42616704623432,1.424558358360656,0.4529074529074529,0.781190019193858,0.4674556213017751,0.7661917098445595,concordant,concordant,0.0145481683943222,-0.0149983093492984,1,636,0,742,0,865,977,138,141,1842,636,0.0,636,73.52601156069363,742,0.0,742,0.46153846153846156,-3,624,0,893,0,801,1084,95,246,1885,624,0.0,624,77.90262172284645,893,0.0,893,0.41133816743572843,-151
E02000407,Haringey,1,1,50.661455530634576,40.34503501544799,19.0,21.0,0.0193482688391038,0.0213849287169042,0.0020366598778004,-10.316420515186586,453.0,0.0,763,944,1707,453.0,0.0,453.0,59.37090432503277,385.0,0.0,652,1005,1657,385.0,0.0,385.0,59.04907975460123,595.0,0.0,595.0,0.0,595.0,63.02966101694915,661.0,0.0,661.0,0.0,661.0,65.77114427860697,422.0,422.0,0.0,-68.0,-68.0,0.0,-0.3218245704315379,66.0,66.0,0.0,2.7414832616578195,0.4322519083969465,0.6139425893380199,0.3680688336520076,0.6312613156306578,concordant,concordant,-0.0641830747449389,0.0173187262926378,1,520,0,698,0,859,1067,96,123,1926,520,0.0,520,60.53550640279395,698,0.0,698,0.4269293924466338,-27,448,0,851,0,719,1224,67,219,1943,448,0.0,448,62.30876216968011,851,0.0,851,0.3448806774441878,-152
E02000408,Haringey,1,1,50.07155350761955,37.74927442852067,23.0,47.0,0.0234215885947046,0.0478615071283095,0.0244399185336048,-12.322279079098877,556.0,0.0,832,717,1549,556.0,0.0,556.0,66.82692307692307,346.0,0.0,578,710,1288,346.0,0.0,346.0,59.86159169550172,407.0,0.0,407.0,0.0,407.0,56.76429567642957,451.0,0.0,451.0,0.0,451.0,63.521126760563384,371.0,371.0,0.0,-210.0,-210.0,0.0,-6.965331381421343,44.0,44.0,0.0,6.756831084133815,0.5773624091381101,0.6216914138153647,0.4341279799247177,0.6187888198757764,concordant,concordant,-0.1432344292133924,-0.0029025939395883,1,714,0,512,0,1001,829,169,112,1830,714,0.0,714,71.32867132867133,512,0.0,512,0.5823817292006526,57,416,0,615,0,651,882,73,172,1533,416,0.0,416,63.90168970814132,615,0.0,615,0.4034917555771096,-99
E02000409,Haringey,1,1,44.63015176957255,39.809839622641505,73.0,24.0,0.0743380855397148,0.0244399185336048,-0.0498981670061099,-4.820312146931045,376.0,0.0,554,668,1222,376.0,0.0,376.0,67.87003610108303,380.0,0.0,560,629,1189,380.0,0.0,380.0,67.85714285714286,427.0,0.0,427.0,0.0,427.0,63.92215568862275,458.0,0.0,458.0,0.0,458.0,72.81399046104929,420.0,420.0,0.0,4.0,4.0,0.0,-0.0128932439401694,31.0,31.0,0.0,8.891834772426535,0.4682440846824408,0.6571194762684124,0.4534606205250596,0.704793944491169,concordant,concordant,-0.0147834641573811,0.0476744682227566,1,447,0,519,0,639,785,85,117,1424,447,0.0,447,69.95305164319248,519,0.0,519,0.46273291925465837,-32,416,0,621,0,616,819,56,190,1435,416,0.0,416,67.53246753246754,621,0.0,621,0.40115718418514945,-134
E02000410,Haringey,8,9,17.173730023905573,11.072047169811322,696.0,826.0,0.7087576374745418,0.8411405295315683,0.1323828920570264,-6.101682854094252,60.0,598.0,853,791,1644,658.0,21.824817518248175,-538.0,7.033997655334115,39.0,457.0,596,608,1204,496.0,14.803156146179402,-418.0,6.543624161073826,77.0,695.0,772.0,32.55170316301703,-618.0,9.734513274336283,78.0,494.0,572.0,32.00332225913621,-416.0,12.828947368421051,-479.0,19.0,498.0,120.0,-162.0,-7.021661372068772,-0.4903734942602895,202.0,-200.0,-0.548380903880819,3.094434094084768,0.4601398601398601,0.8698296836982968,0.4644194756554307,0.8870431893687708,concordant,concordant,0.0042796155155706,0.0172135056704739,6,83,591,89,682,1069,1034,216,243,2103,674,23.325249643366618,-508,7.764265668849392,771,28.862577270565858,-593,0.46643598615916954,-27,59,453,82,484,775,896,179,288,1671,512,15.994614003590664,-394,7.612903225806451,566,23.751047277079593,-402,0.4749536178107607,-109
E02000411,Haringey,2,2,41.03240491814278,32.82515801935351,121.0,129.0,0.1232179226069246,0.1313645621181262,0.0081466395112016,-8.207246898789272,347.0,299.0,777,911,1688,646.0,61.46504739336493,48.0,44.65894465894466,546.0,345.0,1066,1201,2267,891.0,83.09219232465814,201.0,51.21951219512195,475.0,271.0,746.0,76.25888625592417,204.0,52.14050493962679,631.0,351.0,982.0,97.69783855315394,280.0,52.53955037468776,354.0,629.0,275.0,153.0,245.0,21.627144931293216,6.560567536177288,76.0,236.0,21.438952297229775,0.3990454350609695,0.4640804597701149,0.8246445497630331,0.4757074212493326,0.8262020291133657,concordant,concordant,0.0116269614792177,0.0015574793503325,2,485,336,555,285,1006,1106,229,195,2112,821,77.1590909090909,149,48.210735586481114,840,74.8934659090909,270,0.4942805538832029,34,879,366,823,368,1564,1553,498,352,3117,1245,103.21270452358037,513,56.20204603580563,1191,97.16522297080526,455,0.5110837438423645,146
E02000412,Haringey,1,1,47.732441232282326,34.36582609266308,36.0,94.0,0.0366598778004073,0.0957230142566191,0.0590631364562118,-13.366615139619247,676.0,0.0,871,933,1804,676.0,0.0,676.0,77.61194029850746,715.0,0.0,864,911,1775,715.0,0.0,715.0,82.75462962962963,786.0,0.0,786.0,0.0,786.0,84.2443729903537,777.0,0.0,777.0,0.0,777.0,85.29088913282108,720.0,720.0,0.0,39.0,39.0,0.0,5.14268933112217,-9.0,-9.0,0.0,1.0465161424673823,0.4623803009575923,0.8104212860310421,0.4792225201072386,0.8405633802816901,concordant,concordant,0.0168422191496462,0.0301420942506479,1,844,0,910,0,1089,1113,218,180,2202,844,0.0,844,77.50229568411386,910,0.0,910,0.4811858608893957,38,841,0,989,0,1030,1160,166,249,2190,841,0.0,841,81.6504854368932,989,0.0,989,0.45956284153005467,-83
E02000413,Haringey,7,8,19.336452817333335,15.14302187168611,632.0,698.0,0.6435845213849287,0.7107942973523421,0.0672097759674134,-4.193430945647226,220.0,325.0,787,707,1494,545.0,47.85809906291834,-105.0,27.95425667090216,154.0,335.0,603,587,1190,489.0,43.35294117647059,-181.0,25.538971807628524,277.0,442.0,719.0,81.95046854082999,-165.0,39.17963224893918,164.0,339.0,503.0,46.719327731092434,-175.0,27.938671209540033,-216.0,135.0,351.0,-76.0,-56.0,-4.505157886447755,-2.4152848632736372,-10.0,-216.0,-35.23114080973755,-11.240961039399146,0.4311708860759494,0.8460508701472557,0.4929435483870967,0.8336134453781513,concordant,concordant,0.0617726623111473,-0.0124374247691043,5,399,311,497,420,953,906,166,199,1859,710,66.75040344271113,88,41.86778593913956,917,112.28617536309844,77,0.4363859864781807,-33,264,312,481,306,688,890,85,303,1578,576,52.19771863117871,-48,38.372093023255815,787,93.27376425855513,175,0.42259721203228173,-218
E02000414,Haringey,2,3,39.15834078929019,29.47818581445523,150.0,217.0,0.1527494908350305,0.2209775967413442,0.0682281059063136,-9.68015497483496,389.0,326.0,885,928,1813,715.0,69.94704908990623,63.0,43.954802259887,252.0,307.0,671,911,1582,559.0,48.90265486725664,-55.0,37.5558867362146,420.0,315.0,735.0,72.97297297297297,105.0,45.258620689655174,431.0,281.0,712.0,76.55562579013906,150.0,47.310647639956095,-191.0,243.0,434.0,-118.0,-156.0,-21.044394222649583,-6.3989155236724,45.0,-23.0,3.5826528171660925,2.0520269503009203,0.493103448275862,0.7997793712079426,0.4398111723052714,0.8034134007585335,concordant,divergent,-0.0532922759705906,0.0036340295505908,2,420,344,471,333,1014,1084,129,156,2098,764,68.86558627264061,76,41.42011834319527,804,74.75834127740706,138,0.4872448979591837,-27,265,335,529,294,773,1118,102,207,1891,600,46.94606028556319,-70,34.28201811125485,823,82.24537281861448,235,0.42164441321152496,-105
E02000415,Haringey,2,3,38.11587008327246,27.363437377963734,166.0,289.0,0.1690427698574338,0.2942973523421588,0.125254582484725,-10.752432705308724,397.0,283.0,829,1007,1836,680.0,61.19335511982571,114.0,47.88902291917974,431.0,229.0,906,863,1769,660.0,55.79366873940079,202.0,47.57174392935982,530.0,224.0,754.0,64.66230936819171,306.0,52.63157894736842,464.0,270.0,734.0,70.81967213114754,194.0,53.76593279258402,135.0,428.0,293.0,88.0,-20.0,-5.399686380424917,-0.3172789898199184,-112.0,-20.0,6.157362762955827,1.1343538452155997,0.4741980474198047,0.7810457516339869,0.4734576757532281,0.7880158281514981,concordant,concordant,-0.0007403716665766,0.0069700765175111,2,435,310,535,266,990,1136,161,129,2126,745,63.42897460018815,125,43.93939393939394,801,66.9379115710254,269,0.481888745148771,32,352,261,589,315,1000,1114,94,251,2114,613,43.45884578997162,91,35.199999999999996,904,87.76490066225166,274,0.4040870138431114,-157
E02000416,Haringey,4,3,32.02049718120805,28.27418700231184,311.0,254.0,0.3167006109979633,0.2586558044806517,-0.0580448065173115,-3.746310178896209,416.0,371.0,876,822,1698,787.0,90.89281507656068,45.0,47.48858447488584,367.0,317.0,916,776,1692,684.0,68.75827423167848,50.0,40.06550218340612,360.0,373.0,733.0,79.08127208480565,-13.0,43.79562043795621,370.0,467.0,837.0,102.12174940898343,-97.0,47.680412371134025,430.0,575.0,145.0,5.0,-103.0,-22.134540844882196,-7.423082291479723,-84.0,104.0,23.040477324177782,3.884791933177816,0.5177631578947368,0.8951707891637221,0.4497041420118343,0.898936170212766,divergent,divergent,-0.0680590158829024,0.0037653810490438,3,522,371,536,371,1054,1038,178,216,2092,893,92.57265774378585,151,49.52561669829222,907,95.05544933078394,165,0.4961111111111111,-38,411,314,655,466,1030,1115,114,339,2145,725,60.16503496503496,97,39.90291262135922,1121,142.2983682983683,189,0.3927410617551463,-225
E02000417,Haringey,7,8,19.737971270221692,13.702921983624284,621.0,741.0,0.6323828920570265,0.754582484725051,0.1221995926680244,-6.035049286597408,198.0,409.0,774,753,1527,607.0,53.03339882121807,-211.0,25.581395348837212,154.0,341.0,645,599,1244,495.0,42.21382636655949,-187.0,23.875968992248065,187.0,444.0,631.0,54.37328094302554,-257.0,24.833997343957503,158.0,372.0,530.0,47.247588424437296,-214.0,26.37729549248748,-222.0,130.0,352.0,24.0,-112.0,-10.819572454658584,-1.7054263565891468,43.0,-101.0,-7.125692518588245,1.5432981485299777,0.4903069466882068,0.8107400130975769,0.4829268292682926,0.8239549839228296,concordant,concordant,-0.0073801174199141,0.0132149708252526,5,427,401,455,428,971,998,197,245,1969,828,86.96140172676486,26,43.97528321318229,883,98.90299644489589,27,0.48392752776154296,-48,278,327,477,367,753,902,108,303,1655,605,54.92809667673716,-49,36.918990703851264,844,105.77583081570997,110,0.41752933057280883,-195
E02000418,Haringey,7,9,19.008149978217464,11.9366082134812,641.0,790.0,0.6527494908350305,0.8044806517311609,0.1517311608961303,-7.071541764736265,56.0,338.0,446,515,961,394.0,19.69614984391259,-282.0,12.556053811659194,49.0,238.0,368,336,704,287.0,16.56534090909091,-189.0,13.31521739130435,98.0,310.0,408.0,31.612903225806452,-212.0,19.02912621359223,42.0,264.0,306.0,15.75,-222.0,12.5,-284.0,13.0,297.0,93.0,-107.0,-3.1308089348216797,0.7591635796451559,-10.0,-102.0,-15.862903225806452,-6.529126213592232,0.4912718204488778,0.8345473465140478,0.4839797639123103,0.8423295454545454,concordant,concordant,-0.0072920565365675,0.0077821989404975,5,161,335,339,309,549,754,103,239,1303,496,41.39293937068304,-174,29.326047358834245,648,80.39217191097467,30,0.43356643356643354,-136,110,230,291,259,422,583,54,247,1005,340,25.17412935323383,-120,26.066350710900476,550,74.99402985074627,32,0.38202247191011235,-193
E02000419,Haringey,2,4,39.94239960656142,25.24468995042812,137.0,350.0,0.1395112016293279,0.3564154786150713,0.2169042769857433,-14.697709656133302,784.0,400.0,1320,1483,2803,1184.0,111.8801284338209,384.0,59.3939393939394,650.0,334.0,1361,1236,2597,984.0,83.5964574509049,316.0,47.75900073475386,811.0,250.0,1061.0,72.33321441312879,561.0,54.68644639244774,693.0,416.0,1109.0,111.00808625336929,277.0,56.067961165048544,-127.0,454.0,581.0,-68.0,-200.0,-28.283670982916007,-11.634938659185536,-284.0,48.0,38.6748718402405,1.381514772600802,0.5273942093541203,0.8009275775954334,0.4701385570950788,0.8059299191374663,concordant,concordant,-0.0572556522590414,0.0050023415420328,2,874,439,744,266,1600,1701,280,218,3301,1313,116.23326264768252,435,54.625,1010,59.95274159345653,478,0.5652173913043478,62,606,351,854,455,1510,1586,149,350,3096,957,68.70348837209302,255,40.13245033112583,1309,125.50710594315245,399,0.4223300970873786,-201
E02000420,Haringey,1,1,43.84638246232508,36.060579013430406,79.0,62.0,0.080448065173116,0.0631364562118126,-0.0173116089613034,-7.785803448894676,534.0,0.0,874,998,1872,534.0,0.0,534.0,61.098398169336384,529.0,0.0,805,1062,1867,529.0,0.0,529.0,65.71428571428571,639.0,0.0,639.0,0.0,639.0,64.02805611222445,723.0,0.0,723.0,0.0,723.0,68.07909604519774,571.0,571.0,0.0,-5.0,-5.0,0.0,4.615887544949324,84.0,84.0,0.0,4.051039932973296,0.4552429667519181,0.6266025641025641,0.4225239616613419,0.6705945366898768,concordant,concordant,-0.0327190050905762,0.0439919725873126,1,647,0,751,0,1001,1131,127,133,2132,647,0.0,647,64.63536463536464,751,0.0,751,0.46280400572246067,-6,598,0,1019,0,889,1384,84,322,2273,598,0.0,598,67.2665916760405,1019,0.0,1019,0.36982065553494126,-238
E02000421,Haringey,1,1,48.925301386401784,41.38769233822945,28.0,16.0,0.0285132382892057,0.0162932790224032,-0.0122199592668024,-7.537609048172335,454.0,0.0,700,887,1587,454.0,0.0,454.0,64.85714285714286,558.0,0.0,813,994,1807,558.0,0.0,558.0,68.63468634686348,585.0,0.0,585.0,0.0,585.0,65.95264937993235,678.0,0.0,678.0,0.0,678.0,68.2092555331992,599.0,599.0,0.0,104.0,104.0,0.0,3.777543489720614,93.0,93.0,0.0,2.256606153266844,0.436958614051973,0.6546943919344675,0.4514563106796116,0.6840066408411732,concordant,concordant,0.0144976966276386,0.0293122489067056,1,647,0,708,0,906,1020,206,133,1926,647,0.0,647,71.41280353200882,708,0.0,708,0.4774907749077491,73,715,0,989,0,984,1315,171,321,2299,715,0.0,715,72.66260162601627,989,0.0,989,0.41960093896713613,-150
E02000422,Haringey,1,3,45.8268478913738,29.55728720009455,53.0,215.0,0.0539714867617108,0.2189409368635438,0.164969450101833,-16.269560691279253,563.0,0.0,862,886,1748,563.0,0.0,563.0,65.31322505800465,454.0,0.0,650,947,1597,454.0,0.0,454.0,69.84615384615384,553.0,0.0,553.0,0.0,553.0,62.41534988713319,671.0,0.0,671.0,0.0,671.0,70.85533262935586,-49.0,279.0,328.0,-109.0,-109.0,0.0,4.532928788149192,118.0,118.0,0.0,8.439982742222668,0.5044802867383512,0.6384439359267735,0.4035555555555555,0.704445835942392,concordant,concordant,-0.1009247311827956,0.0660019000156184,1,666,0,668,0,972,1025,110,139,1997,666,0.0,666,68.51851851851852,668,0.0,668,0.4992503748125937,-29,520,0,905,0,725,1196,75,249,1921,520,0.0,520,71.72413793103448,905,0.0,905,0.3649122807017544,-174
E02000423,Haringey,2,5,38.3061067870248,23.01422982551799,161.0,420.0,0.1639511201629327,0.4276985743380855,0.2637474541751528,-15.291876961506809,537.0,295.0,989,1191,2180,832.0,72.66743119266054,242.0,54.29726996966633,524.0,296.0,1042,1225,2267,820.0,68.41817379797088,228.0,50.28790786948176,591.0,233.0,824.0,63.16651376146789,358.0,49.622166246851386,667.0,298.0,965.0,87.67798853109836,369.0,54.44897959183673,-696.0,162.0,858.0,-14.0,-12.0,-4.249257394689664,-4.009362100184575,11.0,141.0,24.511474769630475,4.8268133449853465,0.5024154589371981,0.7596330275229358,0.4593837535014005,0.7873842082046758,concordant,concordant,-0.0430317054357975,0.0277511806817399,2,536,326,581,256,1176,1383,187,192,2559,862,68.28292301680344,210,45.57823129251701,837,58.12270418132083,325,0.5073572689817539,-5,429,318,742,327,1166,1522,124,297,2688,747,50.752232142857146,111,36.79245283018868,1069,90.265625,415,0.41134361233480177,-173
E02000424,Haringey,5,6,28.17584476799111,19.608352853463465,404.0,550.0,0.4114052953156822,0.560081466395112,0.1486761710794297,-8.567491914527643,354.0,427.0,891,794,1685,781.0,89.7080118694362,-73.0,39.73063973063973,243.0,405.0,691,672,1363,648.0,72.20469552457814,-162.0,35.166425470332854,334.0,496.0,830.0,98.31691394658752,-162.0,42.0654911838791,254.0,417.0,671.0,77.70946441672781,-163.0,37.79761904761904,-179.0,226.0,405.0,-89.0,-133.0,-17.503316344858064,-4.564214260306876,-1.0,-159.0,-20.607449529859707,-4.26787213626006,0.4847920546244568,0.9560830860534124,0.491281273692191,0.9677182685253118,concordant,concordant,0.0064892190677341,0.0116351824718994,3,581,288,559,374,1099,1004,208,210,2103,869,79.5663338088445,293,52.86624203821656,933,99.41321921065145,185,0.48224195338512765,-2,365,309,625,300,791,1038,100,366,1829,674,61.66484417714598,56,46.144121365360306,925,102.51503553854565,325,0.42151344590368983,-266
E02000425,Haringey,4,3,31.703127177508268,27.75180733118971,319.0,273.0,0.3248472505091649,0.2780040733197556,-0.0468431771894093,-3.951319846318558,91.0,477.0,459,695,1154,568.0,37.614384748700175,-386.0,19.825708061002175,56.0,473.0,539,660,1199,529.0,22.091743119266056,-417.0,10.38961038961039,178.0,339.0,517.0,52.2894280762565,-161.0,25.611510791366904,150.0,452.0,602.0,56.54712260216847,-302.0,22.727272727272727,-189.0,111.0,300.0,-31.0,-39.0,-15.52264162943412,-9.436097671391783,-141.0,85.0,4.2576945259119725,-2.884238064094177,0.5235023041474655,0.940207972270364,0.4677276746242264,0.9432860717264387,concordant,concordant,-0.055774629523239,0.0030780994560748,3,135,477,242,338,523,785,64,90,1308,612,49.231651376146786,-342,25.812619502868067,580,62.535168195718654,-96,0.5134228187919463,-26,97,472,288,451,588,813,49,153,1401,569,32.67951463240542,-375,16.49659863945578,739,92.71092077087795,-163,0.4350152905198777,-104
E02000426,Haringey,7,8,17.60046325211707,15.292752093537684,687.0,691.0,0.6995926680244399,0.7036659877800407,0.0040733197556008,-2.3077111585793855,240.0,359.0,860,679,1539,599.0,55.98440545808967,-119.0,27.906976744186046,208.0,296.0,609,553,1162,504.0,52.984509466437174,-88.0,34.15435139573071,236.0,467.0,703.0,71.6127355425601,-231.0,34.75699558173785,179.0,317.0,496.0,48.832185886402755,-138.0,32.368896925858955,-195.0,129.0,324.0,31.0,-95.0,-2.999895991652494,6.247374651544661,93.0,-207.0,-22.780549656157348,-2.388098655878892,0.4600614439324116,0.8460038986354775,0.504,0.8605851979345955,concordant,concordant,0.0439385560675883,0.014581299299118,6,127,443,152,616,1026,864,166,185,1890,570,29.76772486772487,-316,12.378167641325536,768,49.54074074074074,-464,0.4260089686098655,-19,113,370,106,389,714,823,105,270,1537,483,27.20234222511386,-257,15.826330532212884,495,26.82758620689655,-283,0.4938650306748466,-165
E02000427,Haringey,3,4,33.551083023052236,25.72474003121896,272.0,338.0,0.2769857433808554,0.3441955193482688,0.0672097759674134,-7.826342991833275,414.0,470.0,1020,1058,2078,884.0,93.6381135707411,-56.0,40.588235294117645,383.0,513.0,1010,1097,2107,896.0,93.25059326056004,-130.0,37.92079207920792,429.0,448.0,877.0,92.48893166506257,-19.0,40.54820415879017,462.0,462.0,924.0,101.30232558139537,0.0,42.11485870556062,-100.0,365.0,465.0,-74.0,12.0,-0.3875203101810598,-2.667443214909724,19.0,47.0,8.8133939163328,1.566654546770451,0.5019875070982396,0.8474494706448508,0.4923076923076923,0.8637873754152824,concordant,zero,-0.0096798147905472,0.0163379047704316,2,679,227,630,240,1282,1256,262,198,2538,906,60.7301024428684,452,52.96411856474259,870,59.57446808510638,390,0.5101351351351351,64,520,247,794,227,1144,1427,134,330,2571,767,49.95721509140412,273,45.45454545454545,1021,70.10423959548814,567,0.42897091722595077,-196
E02000428,Haringey,1,2,44.82291281828539,31.039075784412955,69.0,175.0,0.070264765784114,0.1782077393075356,0.1079429735234215,-13.783837033872434,589.0,0.0,839,874,1713,589.0,0.0,589.0,70.20262216924911,591.0,0.0,860,1177,2037,591.0,0.0,591.0,68.72093023255815,660.0,0.0,660.0,0.0,660.0,75.51487414187643,869.0,0.0,869.0,0.0,869.0,73.83177570093457,284.0,546.0,262.0,2.0,2.0,0.0,-1.4816919366909644,209.0,209.0,0.0,-1.683098440941862,0.4715772618094475,0.7291301809690601,0.4047945205479452,0.7167403043691704,concordant,concordant,-0.0667827412615023,-0.0123898765998897,1,741,0,773,0,1002,1008,163,134,2010,741,0.0,741,73.95209580838323,773,0.0,773,0.4894319682959049,29,736,0,1112,0,1012,1444,152,267,2456,736,0.0,736,72.72727272727273,1112,0.0,1112,0.39826839826839827,-115
E02000429,Haringey,7,8,18.57984607267951,13.435188500212432,655.0,750.0,0.6670061099796334,0.7637474541751528,0.0967413441955193,-5.144657572467075,146.0,515.0,856,844,1700,661.0,44.22941176470588,-369.0,17.056074766355138,112.0,382.0,615,633,1248,494.0,34.282051282051285,-270.0,18.211382113821134,179.0,606.0,785.0,63.80823529411765,-427.0,21.208530805687204,138.0,449.0,587.0,49.64903846153846,-311.0,21.80094786729858,-295.0,49.0,344.0,99.0,-167.0,-9.947360482654595,1.155307347465996,116.0,-198.0,-14.159196832579193,0.5924170616113749,0.4571230982019363,0.8505882352941176,0.4569842738205365,0.8661858974358975,concordant,concordant,-0.0001388243813998,0.0155976621417798,5,373,506,513,595,1057,1108,201,264,2165,879,87.17690531177828,-133,35.28855250709555,1108,140.98614318706697,-82,0.4423754403623553,-63,229,370,481,443,726,955,111,322,1681,599,50.404521118381915,-141,31.54269972451791,924,126.75966686496133,38,0.3933026920551543,-211
E02000430,Haringey,6,8,23.90255175138196,15.082182035928144,494.0,700.0,0.5030549898167006,0.7128309572301426,0.2097759674134419,-8.820369715453817,287.0,595.0,1136,944,2080,882.0,82.0985576923077,-308.0,25.264084507042256,186.0,495.0,838,761,1599,681.0,57.5797373358349,-309.0,22.195704057279237,290.0,789.0,1079.0,110.0048076923077,-499.0,30.720338983050848,195.0,589.0,784.0,71.82926829268293,-394.0,25.624178712220765,-524.0,64.0,588.0,-1.0,-201.0,-24.51882035647279,-3.068380449763019,105.0,-295.0,-38.17553939962477,-5.096160270830083,0.4497705252422233,0.9427884615384616,0.4648464163822525,0.9161976235146968,concordant,concordant,0.0150758911400292,-0.0265908380237648,4,582,574,555,776,1428,1198,292,254,2626,1156,127.21553693830921,8,40.7563025210084,1331,164.00609291698402,-221,0.46481704865299556,38,322,479,617,573,967,1177,129,416,2144,801,71.9393656716418,-157,33.29886246122027,1190,164.89785447761193,44,0.40231039678553493,-287
E02000431,Haringey,8,8,16.996010210919973,13.944561375321337,704.0,731.0,0.7169042769857433,0.7443991853360489,0.0274949083503055,-3.051448835598636,103.0,662.0,1001,848,1849,765.0,36.87723093564089,-559.0,10.289710289710287,73.0,612.0,750,768,1518,685.0,29.43083003952569,-539.0,9.733333333333333,100.0,803.0,903.0,43.428880475932935,-703.0,11.79245283018868,83.0,604.0,687.0,33.025032938076414,-521.0,10.807291666666668,-369.0,96.0,465.0,20.0,-80.0,-7.446400896115197,-0.5563769563769547,182.0,-216.0,-10.40384753785652,-0.9851611635220116,0.4586330935251798,0.9021092482422932,0.499271137026239,0.9038208168642952,concordant,concordant,0.0406380435010592,0.001711568622002,6,132,621,119,771,1338,1079,337,231,2417,753,33.914770376499796,-489,9.865470852017937,890,37.95986760446835,-652,0.45830797321972,106,91,580,92,589,875,1161,125,393,2036,671,25.923379174852652,-489,10.4,681,26.61493123772102,-497,0.496301775147929,-268
E02000432,Haringey,4,5,30.63143572358227,23.337715896802106,347.0,411.0,0.3533604887983707,0.4185336048879837,0.065173116089613,-7.293719826780169,304.0,477.0,941,882,1823,781.0,79.54360943499725,-173.0,32.30605738575983,257.0,470.0,818,814,1632,727.0,74.01348039215686,-213.0,31.41809290953545,313.0,526.0,839.0,90.31157432803072,-213.0,35.487528344671205,250.0,446.0,696.0,68.32107843137256,-196.0,30.71253071253071,-218.0,258.0,476.0,-40.0,-54.0,-5.530129042840386,-0.8879644762243792,17.0,-143.0,-21.99049589665816,-4.774997632140494,0.4820987654320988,0.8886450905101481,0.5108924806746311,0.8719362745098039,concordant,concordant,0.0287937152425323,-0.0167088160003441,3,449,477,493,523,1142,1117,201,235,2259,926,94.80876494023904,-28,39.3169877408056,1016,114.1385568835768,-30,0.4768280123583934,-34,363,470,503,441,961,1110,143,296,2071,833,82.38049251569291,-107,37.77315296566077,944,107.10912602607436,62,0.46876758581879574,-153
E02000433,Harrow,9,8,11.53463865794952,12.482092947513468,850.0,776.0,0.8655804480651731,0.790224032586558,-0.075356415478615,0.9474542895639466,25.0,351.0,457,498,955,376.0,9.188481675392673,-326.0,5.470459518599562,21.0,243.0,566,362,928,264.0,5.498922413793103,-222.0,3.7102473498233217,26.0,333.0,359.0,9.065968586387434,-307.0,5.220883534136546,37.0,420.0,457.0,16.745689655172413,-383.0,10.220994475138122,-87.0,104.0,191.0,104.0,-112.0,-3.6895592615995696,-1.7602121687762406,-76.0,98.0,7.679721068784978,5.000110941001576,0.5115646258503401,0.7696335078534031,0.3661581137309292,0.7769396551724138,concordant,concordant,-0.1454065121194108,0.0073061473190106,8,23,700,23,576,629,770,172,272,1399,723,11.508220157255183,-677,3.6565977742448332,599,9.469621157969978,-553,0.5468986384266263,-100,20,627,32,642,702,707,136,345,1409,647,8.899929027679205,-607,2.849002849002849,674,14.5805535841022,-610,0.489780469341408,-209
E02000434,Harrow,9,8,13.2238975482068,14.779285080601536,791.0,709.0,0.8054989816700611,0.7219959266802444,-0.0835030549898167,1.555387532394736,15.0,353.0,838,451,1289,368.0,4.107835531419705,-338.0,1.7899761336515514,42.0,495.0,591,658,1249,537.0,16.645316253002402,-453.0,7.1065989847715745,20.0,675.0,695.0,10.47323506594259,-655.0,4.434589800443459,37.0,461.0,498.0,13.65652522017614,-424.0,5.623100303951368,-280.0,136.0,416.0,-115.0,169.0,12.537480721582696,5.316622851120023,231.0,-197.0,3.18329015423355,1.188510503507909,0.3461900282220131,0.8246702870442203,0.518840579710145,0.8286629303442754,concordant,concordant,0.1726505514881318,0.0039926433000551,7,126,618,83,761,971,726,133,275,1697,744,45.8856806128462,-492,12.976313079299691,844,37.2203889216264,-678,0.46851385390428213,-142,108,838,142,554,720,1018,129,360,1738,946,52.07364787111622,-730,15.0,696,45.263521288837744,-412,0.5761266747868453,-231
E02000435,Harrow,6,6,21.479885861836788,20.201595351162208,577.0,530.0,0.5875763747454175,0.539714867617108,-0.0478615071283095,-1.27829051067458,345.0,55.0,535,397,932,400.0,20.359442060085836,290.0,64.48598130841121,335.0,74.0,486,443,929,409.0,26.68460710441335,261.0,68.93004115226337,316.0,129.0,445.0,43.738197424892704,187.0,79.59697732997482,322.0,82.0,404.0,28.421959095801935,240.0,72.686230248307,168.0,296.0,128.0,-29.0,9.0,6.3251650443275125,4.444059843852159,53.0,-41.0,-15.316238329090767,-6.910747081667822,0.4733727810650887,0.9066523605150214,0.5030750307503075,0.8751345532831001,concordant,concordant,0.0297022496852187,-0.0315178072319213,5,395,75,493,166,695,644,160,247,1339,470,22.12471994025392,320,56.83453237410072,659,61.11874533233757,327,0.4162976085031001,-87,385,115,535,127,620,724,134,281,1344,500,32.942708333333336,270,62.096774193548384,662,50.554315476190474,408,0.43029259896729777,-147
E02000436,Harrow,10,10,7.799240358180561,7.798958944793851,940.0,927.0,0.9572301425661914,0.9439918533604889,-0.0132382892057025,-0.0002814133867099,0.0,239.0,312,264,576,239.0,0.0,-239.0,0.0,0.0,238.0,246,270,516,238.0,0.0,-238.0,0.0,0.0,276.0,276.0,0.0,-276.0,0.0,0.0,219.0,219.0,0.0,-219.0,0.0,-244.0,0.0,244.0,1.0,-1.0,0.0,0.0,57.0,-57.0,0.0,0.0,0.4640776699029126,0.8940972222222222,0.5207877461706784,0.8856589147286822,concordant,concordant,0.0567100762677657,-0.00843830749354,9,17,481,4,365,401,502,89,238,903,498,9.055370985603544,-464,4.239401496259352,369,1.6168327796234774,-361,0.5743944636678201,-149,7,467,7,296,321,497,75,227,818,474,3.9963325183374083,-460,2.1806853582554515,303,2.533007334963325,-289,0.61003861003861,-152
E02000437,Harrow,8,7,17.329681172257374,16.723624657534245,693.0,637.0,0.7057026476578412,0.6486761710794298,-0.0570264765784114,-0.6060565147231287,99.0,249.0,568,460,1028,348.0,23.979571984435797,-150.0,17.429577464788732,138.0,275.0,562,432,994,413.0,38.17907444668008,-137.0,24.55516014234875,149.0,387.0,536.0,56.09241245136187,-238.0,32.391304347826086,109.0,354.0,463.0,38.818913480885314,-245.0,25.23148148148148,-21.0,197.0,218.0,13.0,65.0,14.199502462244286,7.125582677560018,-7.0,-73.0,-17.273498970476552,-7.159822866344605,0.3936651583710407,0.8599221789883269,0.4714611872146119,0.8812877263581489,concordant,concordant,0.0777960288435711,0.0213655473698219,6,129,241,168,387,703,734,135,274,1437,370,21.63465553235908,-112,18.349928876244665,555,45.24425887265136,-219,0.4,-139,164,274,126,354,638,815,76,383,1453,438,30.926359256710256,-110,25.705329153605017,480,30.697866483138334,-228,0.477124183006536,-307
E02000438,Harrow,7,7,18.64691396017699,17.792472801788378,653.0,603.0,0.664969450101833,0.6140529531568228,-0.0509164969450101,-0.8544411583886138,318.0,111.0,599,402,1001,429.0,35.26273726273726,207.0,53.08848080133556,214.0,141.0,518,403,921,355.0,32.762214983713356,73.0,41.31274131274131,236.0,218.0,454.0,51.39660339660339,18.0,58.70646766169154,194.0,245.0,439.0,51.60694896851248,-51.0,48.13895781637717,36.0,187.0,151.0,-134.0,-74.0,-2.500522279023905,-11.775739488594247,-69.0,-15.0,0.2103455719090874,-10.567509845314367,0.4858437146092865,0.8821178821178821,0.4471032745591939,0.8621064060803475,concordant,divergent,-0.0387404400500925,-0.0200114760375346,5,444,106,500,180,722,664,123,262,1386,550,33.95670995670996,338,61.495844875346265,680,64.93506493506493,320,0.44715447154471544,-139,327,135,517,228,624,724,106,321,1348,462,32.74851632047478,192,52.40384615384615,745,87.44510385756676,289,0.3827671913835957,-215
E02000439,Harrow,7,6,18.815433906897393,18.49153883383268,645.0,582.0,0.6568228105906314,0.5926680244399185,-0.0641547861507129,-0.3238950730647154,201.0,344.0,660,692,1352,545.0,51.142011834319526,-143.0,30.454545454545457,227.0,273.0,630,613,1243,500.0,49.855993563958165,-46.0,36.03174603174603,277.0,365.0,642.0,74.78180473372781,-88.0,40.028901734104046,275.0,329.0,604.0,72.78761061946902,-54.0,44.86133768352366,105.0,281.0,176.0,97.0,-45.0,-1.2860182703613603,5.577200577200575,34.0,-38.0,-1.9941941142587891,4.832435949419612,0.4591406908171861,0.8779585798816568,0.4528985507246377,0.8881737731295254,concordant,concordant,-0.0062421400925484,0.0102151932478685,5,309,260,496,317,749,889,89,197,1638,569,49.04761904761905,49,41.25500667556742,813,95.99023199023199,179,0.4117221418234443,-108,325,226,645,270,715,959,85,346,1674,551,43.87694145758662,99,45.45454545454545,915,104.03225806451613,375,0.3758526603001364,-261
E02000440,Harrow,9,9,10.988669098860903,10.34400540709161,865.0,847.0,0.8808553971486762,0.8625254582484725,-0.0183299389002037,-0.6446636917692956,18.0,397.0,586,531,1117,415.0,6.397493285586392,-379.0,3.0716723549488054,10.0,396.0,451,527,978,406.0,4.049079754601227,-386.0,2.2172949002217295,31.0,476.0,507.0,13.21038495971352,-445.0,5.83804143126177,42.0,331.0,373.0,14.214723926380367,-289.0,7.969639468690702,-446.0,7.0,453.0,-7.0,-9.0,-2.348413530985165,-0.8543774547270759,156.0,-134.0,1.0043389666668467,2.1315980374289323,0.4501084598698481,0.8254252461951657,0.521181001283697,0.7965235173824131,concordant,concordant,0.0710725414138488,-0.0289017288127525,8,18,763,22,621,678,823,92,292,1501,781,9.149900066622251,-745,2.6548672566371683,643,9.101932045303132,-599,0.5484550561797753,-200,9,791,42,471,522,867,71,340,1389,800,5.125269978401728,-782,1.7241379310344827,513,14.241900647948164,-429,0.6092916984006093,-269
E02000441,Harrow,8,7,17.097776022341375,16.71795202528009,701.0,638.0,0.7138492871690427,0.6496945010183299,-0.0641547861507128,-0.3798239970612833,200.0,135.0,499,382,881,335.0,30.64699205448354,65.0,40.08016032064128,130.0,128.0,448,307,755,258.0,22.039735099337747,2.0,29.017857142857142,156.0,187.0,343.0,33.11237230419977,-31.0,40.83769633507853,118.0,251.0,369.0,39.22913907284768,-133.0,38.43648208469055,94.0,190.0,96.0,-63.0,-77.0,-8.607256955145793,-11.06230317778414,-102.0,26.0,6.116766768647906,-2.40121425038798,0.4941002949852507,0.7695800227014756,0.4114832535885167,0.8304635761589404,divergent,divergent,-0.0826170413967339,0.0608835534574647,6,218,135,169,184,575,648,76,266,1223,353,24.063777596075226,83,37.913043478260875,353,25.426001635322976,-15,0.5,-190,161,126,142,244,536,629,88,322,1165,287,17.412875536480687,35,30.037313432835823,386,29.740772532188842,-102,0.4264487369985141,-234
E02000442,Harrow,8,8,15.935836328968527,14.42063598736521,732.0,718.0,0.745417515274949,0.7311608961303462,-0.0142566191446028,-1.5152003416033164,80.0,457.0,655,774,1429,537.0,25.584324702589225,-377.0,12.213740458015266,99.0,401.0,705,625,1330,500.0,29.848872180451128,-302.0,14.042553191489365,195.0,455.0,650.0,62.0888733379986,-260.0,25.1937984496124,131.0,492.0,623.0,48.46015037593985,-361.0,20.96,-309.0,111.0,420.0,75.0,-37.0,4.264547477861903,1.8288127334740985,-101.0,-27.0,-13.628722962058752,-4.233798449612401,0.4524010109519797,0.8306508047585724,0.4452359750667854,0.8443609022556391,concordant,concordant,-0.0071650358851943,0.0137100974970666,6,164,438,234,437,712,927,57,153,1639,602,43.82672361195851,-274,23.03370786516854,671,62.390482001220256,-203,0.47289866457187746,-96,154,380,185,471,789,912,84,287,1701,534,34.40329218106996,-226,19.518377693282638,656,51.22574955908289,-286,0.44873949579831934,-203
E02000443,Harrow,5,5,24.856736410770857,22.047791874480463,473.0,456.0,0.4816700610997963,0.4643584521384928,-0.0173116089613034,-2.8089445362903938,627.0,85.0,791,723,1514,712.0,35.20145310435932,542.0,79.26675094816687,679.0,98.0,930,742,1672,777.0,39.797846889952154,581.0,73.01075268817205,595.0,98.0,693.0,38.513870541611624,497.0,82.29598893499308,592.0,108.0,700.0,38.239234449760765,484.0,79.78436657681941,467.0,581.0,114.0,39.0,65.0,4.596393785592838,-6.255998259994826,-13.0,7.0,-0.2746360918508586,-2.5116223581736676,0.5067615658362989,0.928005284015852,0.5260663507109005,0.8833732057416268,concordant,concordant,0.0193047848746015,-0.0446320782742252,4,615,96,711,122,891,949,100,226,1840,711,32.08695652173913,519,69.02356902356902,833,47.142391304347825,589,0.46049222797927464,-126,647,111,926,190,1041,1165,111,423,2206,758,32.55530371713509,536,62.151777137367915,1116,79.75521305530371,736,0.4044823906083244,-312
E02000444,Harrow,8,9,14.723768286857275,11.77786923426494,756.0,798.0,0.769857433808554,0.8126272912423625,0.0427698574338085,-2.9458990525923365,109.0,268.0,484,582,1066,377.0,27.403377110694183,-159.0,22.520661157024794,85.0,367.0,517,651,1168,452.0,26.70804794520548,-282.0,16.44100580270793,192.0,303.0,495.0,54.574108818011254,-111.0,32.98969072164948,132.0,332.0,464.0,37.52054794520548,-200.0,20.276497695852537,-516.0,12.0,528.0,-123.0,75.0,-0.6953291654887046,-6.079655354316863,-89.0,-31.0,-17.053560872805775,-12.713193025796944,0.4323394495412844,0.8180112570356473,0.4934497816593886,0.7842465753424658,concordant,concordant,0.0611103321181042,-0.0337646816931814,7,67,584,99,412,547,785,63,203,1332,651,29.375375375375377,-517,12.248628884826324,511,30.62162162162162,-313,0.5602409638554217,-140,47,780,75,486,590,920,73,269,1510,827,24.278145695364238,-733,7.966101694915253,561,24.13907284768212,-411,0.595821325648415,-196
E02000445,Harrow,6,5,23.0488439297561,21.70237862385321,532.0,467.0,0.5417515274949084,0.4755600814663951,-0.0661914460285132,-1.346465305902889,586.0,256.0,994,924,1918,842.0,78.2148070907195,330.0,58.95372233400402,476.0,249.0,837,805,1642,725.0,72.18270401948843,227.0,56.86977299880526,586.0,321.0,907.0,98.0740354535975,265.0,63.41991341991342,485.0,290.0,775.0,85.65773447015835,195.0,60.24844720496895,452.0,551.0,99.0,-103.0,-117.0,-6.032103071231077,-2.08394933519876,-70.0,-132.0,-12.416300983439156,-3.1714662149444734,0.4814179531160663,0.9118873826903025,0.4833333333333333,0.9135200974421436,concordant,concordant,0.001915380217267,0.0016327147518412,4,720,137,887,133,1099,1178,105,254,2277,857,43.3201581027668,583,65.51410373066425,1020,51.80983750548968,754,0.4565796483750666,-149,628,117,937,177,963,1220,126,415,2183,745,33.65826843792946,511,65.2128764278297,1114,75.97297297297297,760,0.4007530930607854,-289
E02000447,Harrow,9,8,11.351524003400398,12.470775442637107,858.0,778.0,0.8737270875763747,0.7922606924643585,-0.0814663951120162,1.1192514392367112,34.0,257.0,346,397,743,291.0,11.76043068640646,-223.0,9.826589595375722,47.0,316.0,624,421,1045,363.0,14.21244019138756,-269.0,7.532051282051282,62.0,274.0,336.0,22.86406460296097,-212.0,15.617128463476073,62.0,477.0,539.0,28.30047846889952,-415.0,14.726840855106888,-173.0,94.0,267.0,-46.0,72.0,2.452009504981101,-2.2945383133244404,-203.0,203.0,5.436413865938551,-0.8902876083691851,0.4641148325358851,0.8438761776581427,0.4024390243902439,0.8631578947368421,concordant,concordant,-0.0616758081456412,0.0192817170786994,8,28,514,43,380,426,601,80,204,1027,542,14.01363193768257,-486,6.572769953051644,423,15.910418695228822,-337,0.5616580310880829,-124,43,657,57,643,714,740,90,319,1454,700,19.429848693259974,-614,6.022408963585434,700,25.207015130674,-586,0.5,-229
E02000448,Harrow,10,10,8.592813232946845,6.753953759723423,926.0,952.0,0.9429735234215886,0.9694501018329938,0.0264765784114052,-1.8388594732234225,0.0,287.0,430,420,850,287.0,0.0,-287.0,0.0,0.0,276.0,423,393,816,276.0,0.0,-276.0,0.0,0.0,352.0,352.0,0.0,-352.0,0.0,0.0,350.0,350.0,0.0,-350.0,0.0,-274.0,0.0,274.0,11.0,-11.0,0.0,0.0,2.0,-2.0,0.0,0.0,0.4491392801251956,0.7517647058823529,0.4408945686900958,0.7671568627450981,concordant,concordant,-0.0082447114350997,0.0153921568627451,9,45,529,65,466,541,651,111,231,1192,574,19.970637583892618,-484,8.317929759704251,531,25.411073825503355,-401,0.5194570135746607,-120,37,560,49,444,514,670,91,277,1184,597,17.5,-523,7.198443579766536,493,18.375,-395,0.5477064220183486,-186
E02000449,Harrow,7,6,19.422797812461592,18.324676744741872,628.0,584.0,0.639511201629328,0.594704684317719,-0.044806517311609,-1.0981210677197204,181.0,295.0,480,614,1094,476.0,48.807129798903105,-114.0,37.708333333333336,194.0,256.0,480,559,1039,450.0,47.79980750721848,-62.0,40.416666666666664,249.0,228.0,477.0,51.89396709323583,21.0,40.55374592833876,263.0,254.0,517.0,64.29451395572666,9.0,47.04830053667263,82.0,217.0,135.0,52.0,-26.0,-1.0073222916846234,2.7083333333333286,-12.0,40.0,12.400546862490827,6.494554608333864,0.4994753410283316,0.8711151736745887,0.4653567735263702,0.9307025986525506,divergent,divergent,-0.0341185675019613,0.0595874249779618,5,251,246,420,206,550,780,70,166,1330,497,46.42556390977444,5,45.63636363636363,626,65.05263157894737,214,0.44256455921638466,-96,250,209,526,225,527,812,47,253,1339,459,39.02165795369679,41,47.43833017077799,751,88.38685586258401,301,0.3793388429752066,-206
E02000451,Harrow,10,10,7.1110600265648864,7.442853752595669,960.0,939.0,0.9775967413441956,0.9562118126272912,-0.0213849287169042,0.3317937260307824,0.0,283.0,385,349,734,283.0,0.0,-283.0,0.0,0.0,288.0,442,350,792,288.0,0.0,-288.0,0.0,0.0,332.0,332.0,0.0,-332.0,0.0,0.0,392.0,392.0,0.0,-392.0,0.0,-303.0,0.0,303.0,-5.0,5.0,0.0,0.0,-60.0,60.0,0.0,0.0,0.4601626016260162,0.837874659400545,0.4235294117647059,0.8585858585858586,concordant,concordant,-0.0366331898613103,0.0207111991853136,10,0,520,0,460,462,528,77,179,990,520,0.0,-520,0.0,460,0.0,-460,0.5306122448979592,-102,0,521,0,542,549,547,107,197,1096,521,0.0,-521,0.0,542,0.0,-542,0.4901222953904045,-90
E02000452,Harrow,7,7,18.50794244463373,17.714393202737785,658.0,606.0,0.670061099796334,0.6171079429735234,-0.0529531568228105,-0.7935492418959456,352.0,408.0,922,1021,1943,760.0,73.91456510550695,-56.0,38.17787418655097,419.0,412.0,1223,1036,2259,831.0,76.41788401947764,7.0,34.26001635322976,404.0,422.0,826.0,87.74472465259907,-18.0,39.5690499510284,373.0,589.0,962.0,97.25409473218238,-216.0,36.003861003861005,-120.0,364.0,484.0,63.0,71.0,2.5033189139706877,-3.9178578333212144,-198.0,136.0,9.509370079583306,-3.5651889471673925,0.4791929382093317,0.8162635100360268,0.4634690462911321,0.7937140327578575,concordant,divergent,-0.0157238919181995,-0.0225494772781693,5,530,393,718,395,1095,1331,173,310,2426,923,85.85737840065953,137,48.401826484018265,1113,116.90436933223413,323,0.4533398821218075,-137,539,377,782,567,1337,1431,114,395,2768,916,73.41148843930635,162,40.31413612565445,1349,160.18569364161849,215,0.4044150110375276,-281
E02000453,Harrow,9,8,12.968723524934385,12.560251079047973,799.0,772.0,0.8136456211812627,0.7861507128309573,-0.0274949083503054,-0.4084724458864137,35.0,458.0,615,617,1232,493.0,13.011363636363637,-423.0,5.691056910569105,72.0,474.0,707,690,1397,546.0,24.429491768074445,-402.0,10.183875530410184,82.0,478.0,560.0,31.814935064935064,-396.0,13.290113452188008,110.0,545.0,655.0,42.91338582677165,-435.0,15.942028985507244,-218.0,164.0,382.0,21.0,53.0,11.418128131710809,4.492818619841079,-39.0,95.0,11.098450761836588,2.651915533319237,0.4681861348528015,0.8547077922077922,0.4546211490424646,0.8596993557623479,concordant,concordant,-0.0135649858103369,0.0049915635545556,7,102,631,145,585,735,804,120,187,1539,733,41.82066276803119,-529,13.877551020408163,730,55.11695906432749,-440,0.5010252904989747,-67,140,782,182,632,825,1028,118,338,1853,922,59.08256880733945,-642,16.969696969696972,814,62.07447382622774,-450,0.5311059907834101,-220
E02000454,Harrow,10,10,5.859997226772098,5.780740514423759,974.0,967.0,0.9918533604887984,0.984725050916497,-0.0071283095723013,-0.0792567123483385,0.0,228.0,356,319,675,228.0,0.0,-228.0,0.0,0.0,260.0,403,401,804,260.0,0.0,-260.0,0.0,0.0,269.0,269.0,0.0,-269.0,0.0,0.0,302.0,302.0,0.0,-302.0,0.0,-277.0,0.0,277.0,-32.0,32.0,0.0,0.0,-33.0,33.0,0.0,0.0,0.4587525150905432,0.7362962962962963,0.4626334519572954,0.6990049751243781,concordant,concordant,0.0038809368667521,-0.0372913211719182,10,0,555,0,431,442,563,86,244,1005,555,0.0,-555,0.0,431,0.0,-431,0.5628803245436106,-158,0,698,0,471,488,705,85,304,1193,698,0.0,-698,0.0,471,0.0,-471,0.5970915312232677,-219
E02000455,Harrow,7,7,18.75759478057775,17.89532376525276,647.0,595.0,0.6588594704684317,0.6059063136456212,-0.0529531568228105,-0.8622710153249926,356.0,323.0,889,939,1828,679.0,62.903719912472646,33.0,40.044994375703034,494.0,379.0,1309,1102,2411,873.0,77.65491497304023,115.0,37.73873185637891,410.0,336.0,746.0,75.36105032822758,74.0,43.66347177848775,465.0,544.0,1009.0,104.9191206968063,-79.0,42.19600725952813,29.0,474.0,445.0,82.0,194.0,14.75119506056759,-2.3062625193241217,-153.0,263.0,29.55807036857873,-1.4674645189596165,0.4764912280701754,0.7795404814004376,0.4638682252922423,0.7805889672335131,concordant,divergent,-0.0126230027779331,0.0010484858330754,5,550,301,681,317,1077,1203,188,264,2280,851,72.60964912280701,249,51.0677808727948,998,94.6828947368421,364,0.4602487831260141,-76,716,354,1007,522,1521,1639,212,537,3160,1070,80.21012658227848,362,47.07429322813938,1529,166.34620253164556,485,0.4116968064640246,-325
E02000456,Harrow,8,8,15.693276985408698,14.761816315281797,736.0,710.0,0.7494908350305499,0.7230142566191446,-0.0264765784114052,-0.931460670126901,174.0,367.0,623,640,1263,541.0,50.56057007125891,-193.0,27.929373996789725,130.0,244.0,492,501,993,374.0,31.943605236656595,-114.0,26.422764227642276,177.0,374.0,551.0,52.41330166270784,-197.0,27.65625,185.0,294.0,479.0,54.77341389728097,-109.0,36.92614770459082,-182.0,80.0,262.0,79.0,-167.0,-18.616964834602314,-1.506609769147449,88.0,-72.0,2.36011223457313,9.269897704590818,0.4954212454212454,0.8646080760095012,0.4384525205158265,0.8590130916414904,concordant,concordant,-0.0569687249054189,-0.0055949843680107,6,186,367,206,367,717,895,94,255,1612,553,42.34615384615385,-181,25.94142259414226,573,46.89950372208437,-161,0.4911190053285968,-161,145,242,207,291,621,788,129,287,1409,387,24.904187366926898,-97,23.349436392914654,498,42.751596877217885,-84,0.43728813559322033,-158
E02000457,Harrow,10,9,10.456103947260056,11.889864488152392,884.0,792.0,0.90020366598778,0.8065173116089613,-0.0936863543788186,1.4337605408923366,0.0,293.0,352,358,710,293.0,0.0,-293.0,0.0,0.0,412.0,415,460,875,412.0,0.0,-412.0,0.0,0.0,317.0,317.0,0.0,-317.0,0.0,0.0,363.0,363.0,0.0,-363.0,0.0,-282.0,56.0,338.0,-119.0,119.0,0.0,0.0,-46.0,46.0,0.0,0.0,0.480327868852459,0.8591549295774648,0.5316129032258065,0.8857142857142857,concordant,concordant,0.0512850343733474,0.0265593561368209,8,34,425,62,316,408,527,56,169,935,459,15.454545454545455,-391,8.333333333333332,378,20.954010695187165,-254,0.5483870967741935,-113,51,593,47,420,502,699,87,239,1201,644,25.18151540383014,-542,10.159362549800797,467,16.436303080766027,-373,0.5796579657965797,-152
E02000459,Harrow,7,6,20.205613783849422,20.526021327554744,610.0,516.0,0.6211812627291242,0.5254582484725051,-0.0957230142566191,0.320407543705322,373.0,289.0,857,729,1586,662.0,67.96784363177805,84.0,43.52392065344224,271.0,258.0,791,654,1445,529.0,48.386159169550176,13.0,34.260429835651074,294.0,324.0,618.0,60.06052963430013,-30.0,40.32921810699588,277.0,382.0,659.0,73.22768166089965,-105.0,42.35474006116208,140.0,368.0,228.0,-71.0,-133.0,-19.581684462227877,-9.263490817791164,-75.0,41.0,13.167152026599515,2.0255219541662015,0.5171875,0.807061790668348,0.4452861952861953,0.8221453287197232,divergent,divergent,-0.0719013047138047,0.0150835380513751,5,508,277,501,303,992,931,135,202,1923,785,73.1752470098804,231,51.20967741935484,804,78.94071762870514,198,0.49402139710509757,-67,386,246,594,370,902,969,111,315,1871,632,50.75146980224479,140,42.793791574279375,964,117.46659540352752,224,0.39598997493734334,-204
E02000460,Harrow,5,5,25.435099180730287,22.851053702318623,464.0,427.0,0.4725050916496945,0.434826883910387,-0.0376782077393075,-2.584045478411664,309.0,56.0,423,596,1019,365.0,16.98135426889107,253.0,73.04964539007092,389.0,74.0,547,504,1051,463.0,27.389153187440535,315.0,71.11517367458866,514.0,74.0,588.0,37.32679097154072,440.0,86.24161073825503,373.0,88.0,461.0,31.231208372978116,285.0,74.0079365079365,304.0,386.0,82.0,62.0,98.0,10.407798918549464,-1.9344717154822604,-155.0,-127.0,-6.095582598562601,-12.233674230318528,0.3830010493179433,0.9352306182531894,0.5010822510822511,0.879162702188392,concordant,concordant,0.1180812017643078,-0.0560679160647974,4,322,66,644,83,475,749,52,153,1224,388,17.362745098039216,256,67.78947368421052,727,43.669934640522875,561,0.34798206278026905,-101,448,80,615,121,643,763,96,259,1406,528,25.490753911806543,368,69.67340590979782,736,52.92674253200569,494,0.4177215189873418,-163
E02000461,Harrow,9,9,10.897930963293508,9.606814901528717,869.0,872.0,0.884928716904277,0.8879837067209776,0.0030549898167006,-1.291116061764793,46.0,380.0,699,515,1214,426.0,14.398682042833608,-334.0,6.580829756795422,49.0,515.0,679,607,1286,564.0,19.62286158631415,-466.0,7.216494845360824,52.0,584.0,636.0,25.01482701812191,-532.0,10.097087378640776,34.0,561.0,595.0,14.83203732503888,-527.0,5.601317957166392,-476.0,43.0,519.0,-132.0,138.0,5.224179543480544,0.6356650885654016,5.0,-41.0,-10.182789693083029,-4.4957694214743835,0.4011299435028249,0.8747940691927513,0.4866264020707506,0.9012441679626748,concordant,concordant,0.0854964585679257,0.0264500987699236,8,28,717,44,907,986,800,287,285,1786,745,11.240761478163494,-689,2.839756592292089,951,22.34490481522956,-863,0.4392688679245283,2,37,932,29,826,914,989,235,382,1903,969,18.120861797162377,-895,4.048140043763676,855,12.587493431424067,-797,0.53125,-147
E02000462,Harrow,8,7,16.17564232358263,16.83032523063406,725.0,634.0,0.7382892057026477,0.6456211812627292,-0.0926680244399185,0.6546829070514306,60.0,385.0,472,585,1057,445.0,21.85430463576159,-325.0,12.71186440677966,61.0,386.0,437,539,976,447.0,24.125,-325.0,13.958810068649884,124.0,355.0,479.0,41.64616840113529,-231.0,21.196581196581196,107.0,339.0,446.0,37.16495901639344,-232.0,19.851576994434136,-231.0,94.0,325.0,0.0,2.0,2.27069536423841,1.2469456618702246,-1.0,-33.0,-4.481209384741852,-1.3450042021470594,0.4816017316017316,0.8741721854304636,0.5005599104143337,0.9149590163934426,concordant,concordant,0.018958178812602,0.0407868309629789,6,85,383,147,346,529,775,57,190,1304,468,24.96549079754601,-298,16.068052930056712,493,39.00460122699386,-199,0.4869927159209157,-133,70,382,116,337,519,728,82,189,1247,452,21.44346431435445,-312,13.48747591522158,453,31.348837209302324,-221,0.4994475138121547,-107
E02000463,Harrow,7,6,18.170525542769013,19.378858748953476,671.0,562.0,0.6832993890020367,0.5723014256619144,-0.1109979633401222,1.208333206184463,230.0,177.0,482,529,1011,407.0,40.26706231454006,53.0,47.71784232365145,157.0,176.0,428,461,889,333.0,31.08211473565804,-19.0,36.68224299065421,216.0,162.0,378.0,34.611275964391695,54.0,40.831758034026464,216.0,194.0,410.0,47.136107986501685,22.0,46.85466377440347,43.0,176.0,133.0,-72.0,-74.0,-9.184947578882024,-11.035599332997243,-32.0,32.0,12.52483202210999,6.022905740377006,0.5184713375796178,0.7764589515331355,0.4481830417227456,0.8357705286839145,concordant,divergent,-0.0702882958568721,0.059311577150779,5,316,165,432,158,565,732,83,203,1297,481,40.20046260601388,151,55.929203539823014,590,52.6260601387818,274,0.44911297852474324,-120,207,151,435,190,475,675,47,214,1150,358,27.18,56,43.57894736842105,625,71.8695652173913,245,0.3641912512716175,-167
E02000464,Havering,4,3,31.652269674469075,28.932727259946574,321.0,233.0,0.3268839103869654,0.2372708757637474,-0.0896130346232179,-2.719542414522497,161.0,70.0,322,254,576,231.0,19.56597222222222,91.0,50.0,213.0,54.0,445,286,731,267.0,15.734610123119015,159.0,47.86516853932584,122.0,115.0,237.0,24.35763888888889,7.0,48.031496062992126,175.0,138.0,313.0,33.03693570451436,37.0,61.18881118881119,188.0,235.0,47.0,68.0,36.0,-3.831362099103206,-2.1348314606741567,30.0,76.0,8.679296815625474,13.15731512581906,0.4935897435897436,0.8125,0.4603448275862069,0.7934336525307798,concordant,concordant,-0.0332449160035367,-0.0190663474692202,3,210,70,279,112,384,419,62,165,803,280,18.306351183063512,140,54.6875,391,38.91407222914072,167,0.4172876304023845,-103,263,54,456,132,505,582,60,296,1087,317,13.065317387304507,209,52.07920792079208,588,55.37442502299908,324,0.35027624309392263,-236
E02000465,Havering,4,3,29.664709032786885,28.40643022582513,369.0,250.0,0.3757637474541752,0.2545824847250509,-0.1211812627291242,-1.258278806961755,189.0,73.0,445,392,837,262.0,16.483870967741936,116.0,42.47191011235955,271.0,51.0,508,337,845,322.0,16.35621301775148,220.0,53.34645669291339,259.0,166.0,425.0,51.36678614097969,93.0,66.07142857142857,225.0,153.0,378.0,40.73964497041421,72.0,66.76557863501483,275.0,307.0,32.0,104.0,60.0,-0.1276579499904571,10.87454658055384,-21.0,-47.0,-10.62714117056548,0.6941500635862639,0.3813682678311499,0.8207885304659498,0.46,0.8284023668639053,concordant,concordant,0.0786317321688501,0.0076138363979555,3,256,72,361,157,532,527,87,135,1059,328,17.405099150141645,184,48.1203007518797,518,53.51935788479698,204,0.3877068557919622,-48,351,51,540,153,605,685,97,348,1290,402,13.876744186046512,300,58.01652892561984,693,64.04651162790698,387,0.36712328767123287,-251
E02000466,Havering,6,4,23.958434432243273,23.82434010270775,493.0,393.0,0.5020366598778004,0.40020366598778,-0.1018329938900203,-0.1340943295355217,246.0,156.0,463,365,828,402.0,46.34782608695652,90.0,53.1317494600432,234.0,113.0,480,327,807,347.0,32.765799256505574,121.0,48.75,201.0,195.0,396.0,47.33695652173913,6.0,55.06849315068493,198.0,225.0,423.0,55.204460966542754,-27.0,60.550458715596335,211.0,285.0,74.0,31.0,-55.0,-13.58202683045095,-4.381749460043203,-33.0,27.0,7.867504444803622,5.481965564911405,0.5037593984962406,0.9637681159420288,0.4506493506493506,0.9541511771995044,concordant,divergent,-0.0531100478468899,-0.0096169387425245,4,309,146,378,174,521,540,58,175,1061,455,42.52026390197926,163,59.309021113243766,552,61.99057492931197,204,0.45183714001986097,-117,323,99,515,196,567,642,87,315,1209,422,26.449131513647643,224,56.96649029982363,711,83.49048800661704,319,0.37246248896734335,-228
E02000467,Havering,2,1,38.93637793632687,39.52100239624269,152.0,27.0,0.1547861507128309,0.0274949083503055,-0.1272912423625254,0.5846244599158226,480.0,22.0,589,572,1161,502.0,9.095607235142118,458.0,81.49405772495756,541.0,17.0,646,561,1207,558.0,7.619718309859155,524.0,83.74613003095975,536.0,52.0,588.0,24.006890611541778,484.0,93.7062937062937,512.0,58.0,570.0,24.60314830157415,454.0,91.26559714795007,586.0,586.0,0.0,66.0,56.0,-1.4758889252829634,2.2520723060021908,-30.0,-18.0,0.5962576900323739,-2.440696558343632,0.4605504587155963,0.9388458225667528,0.4946808510638298,0.9345484672742336,concordant,concordant,0.0341303923482334,-0.004297355292519,2,547,22,694,55,680,754,91,182,1434,569,8.391910739191074,525,80.44117647058823,749,26.617852161785216,639,0.4317147192716237,-91,581,17,831,66,738,911,92,350,1649,598,5.989690721649485,564,78.72628726287263,897,33.26015767131595,765,0.4,-258
E02000468,Havering,7,6,18.727422063736828,19.320320913016655,648.0,563.0,0.659877800407332,0.5733197556008147,-0.0865580448065173,0.5928988492798268,56.0,127.0,327,303,630,183.0,11.28888888888889,-71.0,17.12538226299694,88.0,161.0,493,355,848,249.0,16.70754716981132,-73.0,17.849898580121703,97.0,187.0,284.0,28.79206349206349,-90.0,32.01320132013201,140.0,310.0,450.0,51.179245283018865,-170.0,39.436619718309856,0.0,159.0,159.0,-2.0,66.0,5.418658280922431,0.7245163171247633,-80.0,166.0,22.387181790955378,7.423418398177844,0.3918629550321199,0.7412698412698413,0.3562231759656652,0.8242924528301887,concordant,concordant,-0.0356397790664547,0.0830226115603474,5,146,126,280,187,417,486,90,183,903,272,20.372093023255815,20,35.011990407673856,467,57.98449612403101,93,0.3680649526387009,-93,156,161,492,307,561,707,68,352,1268,317,19.80757097791798,-5,27.807486631016044,799,119.1198738170347,185,0.2840501792114695,-284
E02000469,Havering,4,3,29.076419810647213,27.900976050480423,382.0,266.0,0.3890020366598778,0.2708757637474542,-0.1181262729124236,-1.1754437601667895,241.0,59.0,441,269,710,300.0,20.02676056338028,182.0,54.6485260770975,283.0,135.0,504,443,947,418.0,40.343189017951424,148.0,56.15079365079365,146.0,119.0,265.0,24.470422535211267,27.0,54.27509293680297,234.0,181.0,415.0,44.72439281942978,53.0,52.82167042889391,197.0,315.0,118.0,-34.0,118.0,20.316428454571145,1.5022675736961515,26.0,150.0,20.25397028421851,-1.4534225079090604,0.5309734513274337,0.795774647887324,0.5018007202881153,0.8796198521647307,concordant,concordant,-0.0291727310393183,0.0838452042774067,3,291,59,271,119,516,413,75,144,929,350,18.481162540365986,232,56.395348837209305,390,34.71367061356297,152,0.47297297297297297,-69,327,135,442,181,577,661,73,218,1238,462,35.658319870759286,192,56.672443674176776,623,64.62197092084007,261,0.4258064516129032,-145
E02000470,Havering,9,8,12.533976514517562,12.545078882497943,819.0,774.0,0.8340122199592668,0.7881873727087576,-0.0458248472505091,0.0111023679803832,29.0,224.0,433,343,776,253.0,8.371134020618557,-195.0,6.697459584295612,61.0,203.0,560,343,903,264.0,13.713178294573645,-142.0,10.892857142857142,50.0,312.0,362.0,20.10309278350515,-262.0,14.57725947521866,64.0,425.0,489.0,30.121816168327797,-361.0,18.658892128279884,-50.0,135.0,185.0,53.0,11.0,5.3420442739550875,4.19539755856153,-99.0,127.0,10.018723384822646,4.081632653061224,0.4113821138211382,0.7925257731958762,0.350597609561753,0.8338870431893688,concordant,concordant,-0.0607845042593852,0.0413612699934925,7,116,455,116,427,553,577,120,234,1130,571,46.70796460176991,-339,20.976491862567812,543,43.83362831858407,-311,0.5125673249551167,-114,134,656,136,563,700,802,140,459,1502,790,58.524633821571236,-522,19.142857142857142,699,50.977363515312916,-427,0.5305574210879785,-319
E02000471,Havering,10,9,9.616884296634034,9.877744046827193,899.0,864.0,0.9154786150712833,0.879837067209776,-0.0356415478615071,0.2608597501931591,0.0,238.0,326,255,581,238.0,0.0,-238.0,0.0,0.0,182.0,460,207,667,182.0,0.0,-182.0,0.0,0.0,300.0,300.0,0.0,-300.0,0.0,0.0,443.0,443.0,0.0,-443.0,0.0,-134.0,20.0,154.0,56.0,-56.0,0.0,0.0,-143.0,143.0,0.0,0.0,0.4423791821561338,0.9259896729776248,0.2912,0.9370314842578712,concordant,concordant,-0.1511791821561338,0.0110418112802462,9,6,439,8,373,397,454,71,199,851,445,3.0951821386603995,-433,1.5113350125944585,381,3.5064629847238544,-365,0.5387409200968523,-128,3,468,19,524,541,490,81,283,1031,471,1.361784675072745,-465,0.5545286506469501,543,9.656644034917555,-505,0.46449704142011833,-202
E02000472,Havering,9,8,12.893682603181666,12.860929040017494,803.0,760.0,0.8177189409368636,0.7739307535641547,-0.0437881873727088,-0.0327535631641726,29.0,255.0,425,338,763,284.0,9.692005242463958,-226.0,6.8235294117647065,29.0,302.0,577,417,994,331.0,8.810865191146881,-273.0,5.025996533795494,43.0,373.0,416.0,21.02096985583224,-330.0,12.72189349112426,63.0,515.0,578.0,32.640845070422536,-452.0,15.107913669064748,-219.0,68.0,287.0,-47.0,47.0,-0.8811400513170771,-1.7975328779692124,-122.0,162.0,11.619875214590294,2.3860201779404893,0.4057142857142857,0.9174311926605504,0.3641364136413641,0.9144869215291752,concordant,concordant,-0.0415778720729215,-0.0029442711313754,7,46,444,75,445,502,528,77,190,1030,490,19.829126213592232,-398,9.163346613545817,520,32.40291262135922,-370,0.48514851485148514,-113,55,661,112,580,653,779,76,362,1432,716,25.387569832402235,-606,8.422664624808576,692,45.36312849162011,-468,0.5085227272727273,-286
E02000473,Havering,9,9,10.599101076136836,10.984268422086853,879.0,829.0,0.895112016293279,0.8441955193482689,-0.0509164969450101,0.3851673459500162,67.0,164.0,524,368,892,231.0,12.318385650224217,-97.0,12.786259541984732,52.0,233.0,599,428,1027,285.0,11.79746835443038,-181.0,8.681135225375627,89.0,378.0,467.0,37.7152466367713,-289.0,24.184782608695652,80.0,428.0,508.0,33.33982473222979,-348.0,18.69158878504673,-236.0,42.0,278.0,-84.0,54.0,-0.5209172957938364,-4.105124316609105,-59.0,41.0,-4.375421904541504,-5.493193823648923,0.330945558739255,0.7825112107623319,0.3593947036569987,0.7721518987341772,concordant,concordant,0.0284491449177436,-0.0103593120281546,8,50,509,75,567,673,667,149,299,1340,559,18.992537313432837,-459,7.429420505200595,642,31.73507462686567,-492,0.46544546211490423,-150,49,684,69,634,759,832,160,404,1591,733,21.065996228786926,-635,6.455862977602108,703,27.495914519170334,-565,0.5104456824512534,-244
E02000474,Havering,7,6,18.71857237684286,19.7140849938084,649.0,544.0,0.6608961303462322,0.5539714867617108,-0.1069246435845213,0.995512616965538,158.0,189.0,554,456,1010,347.0,29.566336633663365,-31.0,28.51985559566787,120.0,197.0,598,431,1029,317.0,22.973760932944607,-77.0,20.066889632107024,160.0,279.0,439.0,44.198019801980195,-119.0,35.08771929824561,152.0,345.0,497.0,50.96209912536443,-193.0,35.266821345707655,42.0,216.0,174.0,-46.0,-30.0,-6.592575700718758,-8.452965963560846,-74.0,58.0,6.764079323384237,0.1791020474620452,0.4414758269720101,0.7782178217821782,0.3894348894348894,0.7910592808551993,concordant,concordant,-0.0520409375371207,0.012841459073021,5,248,188,362,276,642,658,88,202,1300,436,35.864615384615384,60,38.62928348909657,638,76.85538461538462,86,0.4059590316573557,-114,205,182,477,330,677,755,79,324,1432,387,26.054469273743017,23,30.280649926144754,807,109.9231843575419,147,0.3241206030150754,-245
E02000475,Havering,9,9,11.79298544845585,11.106197636176772,842.0,825.0,0.8574338085539714,0.840122199592668,-0.0173116089613034,-0.6867878122790767,140.0,251.0,699,475,1174,391.0,29.931856899488928,-111.0,20.028612303290416,102.0,234.0,607,423,1030,336.0,23.172815533980582,-132.0,16.80395387149918,133.0,428.0,561.0,48.487223168654175,-295.0,28.000000000000004,87.0,410.0,497.0,34.63106796116505,-323.0,20.56737588652482,-172.0,87.0,259.0,-21.0,-55.0,-6.759041365508345,-3.2246584317912372,-28.0,-64.0,-13.856155207489124,-7.432624113475182,0.4107142857142857,0.8109028960817717,0.4033613445378151,0.8087378640776699,concordant,concordant,-0.0073529411764705,-0.0021650320041017,8,125,566,128,612,842,757,143,282,1599,691,44.24640400250156,-441,14.84560570071259,740,48.9906191369606,-484,0.48287910552061497,-139,95,651,81,554,718,803,111,380,1521,746,40.66074950690335,-556,13.231197771587745,635,29.502958579881657,-473,0.5401882693700217,-269
E02000476,Havering,5,4,28.507698906405576,24.44453631522897,394.0,375.0,0.4012219959266802,0.3818737270875764,-0.0193482688391038,-4.06316259117661,509.0,195.0,842,710,1552,704.0,63.95296391752577,314.0,60.451306413301666,469.0,222.0,897,713,1610,691.0,64.66956521739131,247.0,52.28539576365663,463.0,287.0,750.0,85.61920103092784,176.0,65.21126760563381,466.0,367.0,833.0,106.22484472049688,99.0,65.35764375876579,308.0,501.0,193.0,-67.0,-13.0,0.7166012998655376,-8.165910649645035,-77.0,83.0,20.605643689569035,0.1463761531319818,0.484181568088033,0.9368556701030928,0.4534120734908136,0.9465838509316772,concordant,concordant,-0.0307694945972193,0.0097281808285842,3,714,118,799,211,1016,1023,174,313,2039,832,41.32025502697401,596,70.2755905511811,1010,82.68219715546837,588,0.4516829533116178,-139,676,153,910,291,1061,1145,164,432,2206,829,46.88485947416138,523,63.71347785108389,1201,120.04079782411604,619,0.4083743842364532,-268
E02000477,Havering,10,10,8.542143251923077,7.530689975705081,927.0,935.0,0.9439918533604889,0.9521384928716904,0.0081466395112015,-1.0114532762179964,0.0,344.0,509,391,900,344.0,0.0,-344.0,0.0,0.0,317.0,563,404,967,317.0,0.0,-317.0,0.0,0.0,451.0,451.0,0.0,-451.0,0.0,0.0,525.0,525.0,0.0,-525.0,0.0,-333.0,0.0,333.0,27.0,-27.0,0.0,0.0,-74.0,74.0,0.0,0.0,0.4327044025157233,0.8833333333333333,0.3764845605700712,0.8707342295760083,concordant,concordant,-0.056219841945652,-0.0125991037573249,9,17,617,11,549,604,653,95,262,1257,634,8.344470962609387,-600,2.814569536423841,560,4.804295942720763,-538,0.5309882747068677,-167,9,713,44,630,666,792,103,388,1458,722,4.401234567901234,-704,1.3513513513513513,674,19.012345679012345,-586,0.5171919770773639,-285
E02000478,Havering,10,10,8.915120106881904,8.183281171125694,920.0,916.0,0.9368635437881874,0.9327902240325866,-0.0040733197556007,-0.7318389357562101,0.0,173.0,269,212,481,173.0,0.0,-173.0,0.0,0.0,113.0,250,156,406,113.0,0.0,-113.0,0.0,0.0,236.0,236.0,0.0,-236.0,0.0,0.0,210.0,210.0,0.0,-210.0,0.0,-119.0,0.0,119.0,60.0,-60.0,0.0,0.0,26.0,-26.0,0.0,0.0,0.4229828850855746,0.8503118503118503,0.3498452012383901,0.7955665024630542,concordant,concordant,-0.0731376838471845,-0.0547453478487961,9,21,364,8,335,367,399,98,187,766,385,9.97911227154047,-343,5.722070844686648,343,3.4986945169712795,-327,0.5288461538461539,-89,10,318,7,296,330,359,80,203,689,328,4.615384615384615,-308,3.0303030303030303,303,3.007256894049347,-289,0.5198098256735341,-123
E02000479,Havering,7,7,17.94755106589624,17.731216705803423,679.0,605.0,0.6914460285132383,0.6160896130346232,-0.0753564154786151,-0.2163343600928158,223.0,224.0,695,611,1306,447.0,38.248085758039814,-1.0,32.0863309352518,216.0,304.0,819,718,1537,520.0,42.722186076772935,-88.0,26.373626373626376,305.0,361.0,666.0,84.30704441041348,-56.0,49.91816693944354,299.0,477.0,776.0,92.79310344827586,-178.0,41.64345403899721,-192.0,177.0,369.0,-87.0,73.0,4.474100318733122,-5.712704561625426,-122.0,110.0,8.486059037862375,-8.274712900446325,0.4016172506738544,0.8522205206738132,0.4012345679012346,0.8432010409889394,concordant,concordant,-0.0003826827726198,-0.0090194796848737,5,398,224,470,358,865,776,170,165,1641,622,54.32784887263863,174,46.01156069364162,828,102.5350396099939,112,0.4289655172413793,5,330,293,720,476,930,1138,111,420,2068,623,46.755319148936174,37,35.483870967741936,1196,165.72533849129593,244,0.34249587685541505,-309
E02000480,Havering,7,6,18.058340755487496,20.27139518476056,675.0,528.0,0.6873727087576375,0.5376782077393075,-0.1496945010183299,2.2130544292730647,166.0,292.0,775,565,1340,458.0,36.17313432835821,-126.0,21.41935483870968,203.0,438.0,1149,876,2025,641.0,43.90814814814815,-235.0,17.667536988685814,189.0,448.0,637.0,63.188059701492534,-259.0,33.45132743362832,293.0,775.0,1068.0,112.1358024691358,-482.0,33.44748858447489,-55.0,368.0,423.0,-109.0,183.0,7.735013819789941,-3.7518178500238655,-223.0,431.0,48.94774276764326,-0.003838849153432,0.4182648401826484,0.8171641791044776,0.3750731421884142,0.8439506172839506,concordant,concordant,-0.0431916979942341,0.026786438179473,5,300,289,454,443,901,823,126,258,1724,589,50.29002320185615,11,33.29633740288568,897,116.66009280742459,11,0.39636608344549124,-132,408,432,865,768,1336,1441,187,565,2777,840,63.46993158084263,-24,30.538922155688624,1633,239.2221822110191,97,0.3396684189243833,-378
E02000481,Havering,10,9,10.14632502181445,10.084414704408818,891.0,857.0,0.9073319755600816,0.8727087576374746,-0.0346232179226069,-0.0619103174056316,0.0,134.0,301,190,491,134.0,0.0,-134.0,0.0,0.0,154.0,369,237,606,154.0,0.0,-154.0,0.0,0.0,220.0,220.0,0.0,-220.0,0.0,0.0,295.0,295.0,0.0,-295.0,0.0,-38.0,71.0,109.0,-20.0,20.0,0.0,0.0,-75.0,75.0,0.0,0.0,0.3785310734463277,0.7209775967413442,0.3429844097995546,0.740924092409241,concordant,concordant,-0.0355466636467731,0.0199464956678967,8,81,305,56,292,438,411,137,221,849,386,29.098939929328623,-224,18.493150684931507,348,19.260306242638396,-236,0.5258855585831063,-84,73,443,83,353,497,570,128,333,1067,516,30.30834114339269,-370,14.688128772635814,436,27.459231490159326,-270,0.542016806722689,-205
E02000482,Havering,10,10,4.041717029237023,4.255190534915986,982.0,981.0,1.0,0.9989816700610998,-0.0010183299389001,0.2134735056789631,0.0,138.0,260,238,498,138.0,0.0,-138.0,0.0,0.0,138.0,296,201,497,138.0,0.0,-138.0,0.0,0.0,178.0,178.0,0.0,-178.0,0.0,0.0,208.0,208.0,0.0,-208.0,0.0,-170.0,0.0,170.0,0.0,0.0,0.0,0.0,-30.0,30.0,0.0,0.0,0.4367088607594936,0.6345381526104418,0.3988439306358382,0.6961770623742455,concordant,concordant,-0.0378649301236554,0.0616389097638037,10,0,361,0,335,360,401,100,163,761,361,0.0,-361,0.0,335,0.0,-335,0.5186781609195402,-63,0,407,0,338,361,423,65,222,784,407,0.0,-407,0.0,338,0.0,-338,0.5463087248322148,-157
E02000483,Havering,8,8,15.335399350932493,14.033308571428572,743.0,728.0,0.7566191446028513,0.7413441955193483,-0.015274949083503,-1.3020907795039207,186.0,138.0,469,396,865,324.0,29.67398843930636,48.0,39.6588486140725,196.0,146.0,527,356,883,342.0,32.40770101925255,50.0,37.19165085388994,220.0,255.0,475.0,64.85549132947978,-35.0,55.55555555555556,189.0,287.0,476.0,61.43035107587769,-98.0,53.08988764044944,18.0,177.0,159.0,2.0,18.0,2.7337125799461894,-2.4671977601825574,-63.0,1.0,-3.4251402536020876,-2.465667915106117,0.4055068836045056,0.923699421965318,0.4180929095354523,0.92638731596829,divergent,divergent,0.0125860259309466,0.0026878940029719,6,188,136,222,254,602,620,133,224,1222,324,20.923076923076923,52,31.22923588039867,476,46.14402618657938,-32,0.405,-91,203,142,191,286,645,646,118,290,1291,345,22.328427575522852,61,31.472868217054263,477,42.3129357087529,-95,0.4197080291970803,-172
E02000484,Havering,9,9,11.561316154653005,11.676795565042095,848.0,801.0,0.8635437881873728,0.8156822810590632,-0.0478615071283096,0.1154794103890921,48.0,205.0,364,306,670,253.0,14.686567164179104,-157.0,13.186813186813188,41.0,153.0,473,316,789,194.0,7.9505703422053235,-112.0,8.668076109936575,52.0,251.0,303.0,19.480597014925372,-199.0,16.99346405228758,76.0,363.0,439.0,34.965779467680605,-287.0,24.050632911392405,-132.0,38.0,170.0,45.0,-59.0,-6.735996821973781,-4.518737076876613,-88.0,136.0,15.485182452755232,7.057168859104824,0.4550359712230216,0.8298507462686567,0.306477093206951,0.8022813688212928,concordant,concordant,-0.1485588780160705,-0.0275693774473639,8,48,420,43,359,450,517,86,211,967,468,20.847983453981385,-372,10.666666666666668,402,15.963805584281282,-316,0.5379310344827586,-125,37,483,66,463,554,627,81,311,1181,520,15.132091447925486,-446,6.678700361010831,529,25.87468247248095,-397,0.49571020019065776,-230
E02000485,Havering,9,9,11.620637074630604,10.011951607078368,846.0,858.0,0.8615071283095723,0.8737270875763747,0.0122199592668024,-1.6086854675522364,114.0,158.0,430,317,747,272.0,24.11244979919679,-44.0,26.51162790697674,125.0,200.0,516,405,921,325.0,27.14440825190011,-75.0,24.224806201550383,104.0,268.0,372.0,37.31191432396252,-164.0,32.80757097791798,140.0,316.0,456.0,48.03474484256243,-176.0,34.5679012345679,-125.0,102.0,227.0,-31.0,53.0,3.0319584527033214,-2.286821705426359,-12.0,84.0,10.722830518599912,1.7603302566499153,0.422360248447205,0.8621151271753681,0.4161331626120358,0.8479913137893594,concordant,concordant,-0.0062270858351691,-0.0141238133860086,8,106,384,77,393,541,531,111,214,1072,490,37.97014925373134,-278,19.593345656192238,470,28.228544776119403,-316,0.5104166666666666,-103,104,545,111,481,667,727,151,322,1394,649,40.659971305595406,-441,15.592203898050974,592,38.30057388809182,-370,0.5229653505237711,-171
E02000486,Havering,9,9,10.881563319576433,9.982827412513256,870.0,859.0,0.8859470468431772,0.8747454175152749,-0.0112016293279022,-0.8987359070631751,57.0,178.0,366,304,670,235.0,15.143283582089552,-121.0,15.57377049180328,50.0,192.0,451,310,761,242.0,12.614980289093298,-142.0,11.086474501108649,65.0,248.0,313.0,24.05970149253731,-183.0,21.38157894736842,73.0,342.0,415.0,32.80683311432326,-269.0,23.548387096774192,-148.0,47.0,195.0,-21.0,7.0,-2.528303292996254,-4.487295990694632,-86.0,102.0,8.74713162178595,2.166808149405771,0.4288321167883211,0.817910447761194,0.3683409436834094,0.8633377135348226,concordant,concordant,-0.0604911731049117,0.0454272657736285,8,47,365,53,339,447,477,81,173,924,412,18.566017316017316,-318,10.51454138702461,392,19.444805194805195,-286,0.5124378109452736,-92,46,396,57,430,523,510,72,200,1033,442,17.63407550822846,-350,8.795411089866157,487,23.727008712487898,-373,0.4757804090419806,-128
E02000487,Havering,10,10,4.533937124697182,5.735804123711341,979.0,968.0,0.9969450101832994,0.9857433808553973,-0.0112016293279022,1.2018669990141584,0.0,192.0,300,261,561,192.0,0.0,-192.0,0.0,0.0,139.0,340,199,539,139.0,0.0,-139.0,0.0,0.0,221.0,221.0,0.0,-221.0,0.0,0.0,238.0,238.0,0.0,-238.0,0.0,-161.0,0.0,161.0,53.0,-53.0,0.0,0.0,-17.0,17.0,0.0,0.0,0.4648910411622276,0.7361853832442068,0.3687002652519894,0.699443413729128,concordant,concordant,-0.0961907759102382,-0.0367419695150788,10,0,461,0,357,395,487,95,226,882,461,0.0,-461,0.0,357,0.0,-357,0.5635696821515892,-131,0,443,0,434,450,466,110,267,916,443,0.0,-443,0.0,434,0.0,-434,0.5051311288483467,-157
E02000488,Havering,10,10,8.38724152079128,7.570462317666126,930.0,934.0,0.9470468431771896,0.9511201629327902,0.0040733197556007,-0.8167792031251535,0.0,208.0,319,271,590,208.0,0.0,-208.0,0.0,0.0,177.0,505,215,720,177.0,0.0,-177.0,0.0,0.0,295.0,295.0,0.0,-295.0,0.0,0.0,458.0,458.0,0.0,-458.0,0.0,-182.0,0.0,182.0,31.0,-31.0,0.0,0.0,-163.0,163.0,0.0,0.0,0.4135188866799205,0.8525423728813559,0.2787401574803149,0.8819444444444444,concordant,concordant,-0.1347787291996055,0.0294020715630884,9,6,376,24,369,393,432,74,161,825,382,2.7345454545454544,-370,1.5267175572519083,393,10.734545454545454,-345,0.49290322580645163,-87,7,408,25,540,571,440,66,225,1011,415,2.8249258160237387,-401,1.2259194395796849,565,13.353115727002967,-515,0.42346938775510207,-159
E02000489,Havering,8,7,16.73481740398275,16.104637425506557,709.0,655.0,0.7219959266802444,0.6670061099796334,-0.0549898167006109,-0.6301799784761926,90.0,213.0,345,357,702,303.0,27.307692307692307,-123.0,26.08695652173913,90.0,231.0,447,442,889,321.0,23.385826771653544,-141.0,20.13422818791946,114.0,209.0,323.0,33.94017094017094,-95.0,31.932773109243698,141.0,341.0,482.0,54.0843644544432,-200.0,31.90045248868778,-106.0,99.0,205.0,-18.0,18.0,-3.921865536038762,-5.9527283338196675,-105.0,159.0,20.14419351427226,-0.0323206205559181,0.4840255591054313,0.8917378917378918,0.3997509339975093,0.9032620922384702,concordant,concordant,-0.084274625107922,0.0115242005005784,6,92,210,115,208,425,534,80,177,959,302,20.145985401459853,-118,21.64705882352941,323,24.94264859228363,-93,0.4832,-97,91,231,144,340,544,713,97,271,1257,322,16.723150357995227,-140,16.727941176470587,484,38.949880668257755,-196,0.39950372208436724,-174
E02000490,Havering,8,7,15.982245056208482,16.426926692432364,731.0,644.0,0.7443991853360489,0.6558044806517311,-0.0885947046843177,0.4446816362238817,79.0,198.0,362,310,672,277.0,23.276785714285715,-119.0,21.823204419889503,69.0,255.0,462,385,847,324.0,20.77331759149941,-186.0,14.935064935064934,80.0,259.0,339.0,30.833333333333332,-179.0,25.806451612903224,94.0,341.0,435.0,37.84415584415584,-247.0,24.415584415584416,-132.0,88.0,220.0,-67.0,47.0,-2.503468122786306,-6.888139484824569,-68.0,96.0,7.010822510822511,-1.3908671973188085,0.4496753246753247,0.9166666666666666,0.4268774703557312,0.8961038961038961,concordant,concordant,-0.0227978543195934,-0.0205627705627705,6,79,198,81,259,451,512,89,202,963,277,16.242990654205606,-119,17.516629711751662,340,21.785046728971963,-178,0.44894651539708263,-113,72,255,98,341,543,675,81,290,1218,327,15.073891625615763,-183,13.259668508287293,439,27.436781609195403,-243,0.42689295039164493,-209
E02000491,Havering,5,3,26.95842594720145,27.16120471170396,429.0,295.0,0.4368635437881873,0.3004073319755601,-0.1364562118126273,0.2027787645025078,273.0,84.0,504,298,802,357.0,28.59351620947631,189.0,54.166666666666664,430.0,153.0,1025,457,1482,583.0,44.392712550607285,277.0,41.95121951219512,196.0,196.0,392.0,47.900249376558605,0.0,65.77181208053692,279.0,548.0,827.0,103.165991902834,-269.0,61.050328227571114,498.0,567.0,69.0,88.0,226.0,15.799196341130976,-12.215447154471548,-269.0,435.0,55.26574252627539,-4.721483852965804,0.4766355140186916,0.9339152119700748,0.4134751773049645,0.951417004048583,zero,divergent,-0.063160336713727,0.0175017920785082,3,368,55,457,154,586,553,82,255,1139,423,17.769973661106235,313,62.79863481228669,611,61.789288849868306,303,0.4090909090909091,-173,598,84,642,409,1162,802,137,345,1964,682,25.576374745417514,514,51.46299483648882,1051,133.69551934826885,233,0.3935372186959031,-208
E02000492,Havering,9,8,12.333543446269132,14.378710185185184,826.0,719.0,0.8411405295315683,0.7321792260692465,-0.1089613034623218,2.04516673891605,6.0,90.0,169,135,304,96.0,1.7763157894736843,-84.0,3.5502958579881656,18.0,134.0,328,183,511,152.0,4.720156555772994,-116.0,5.487804878048781,19.0,159.0,178.0,9.9375,-140.0,14.074074074074074,23.0,282.0,305.0,12.69275929549902,-259.0,12.568306010928962,-82.0,47.0,129.0,-32.0,56.0,2.94384076629931,1.937509020060615,-119.0,127.0,2.7552592954990196,-1.505768063145112,0.3503649635036496,0.9013157894736842,0.3326039387308533,0.8943248532289628,concordant,concordant,-0.0177610247727962,-0.0069909362447213,7,9,249,41,248,258,296,89,161,554,258,4.0451263537906135,-240,3.488372093023256,289,18.353790613718413,-207,0.4716636197440585,-72,43,396,46,381,430,448,102,265,878,439,19.394077448747154,-353,10.0,427,19.96127562642369,-335,0.5069284064665127,-163
E02000493,Havering,6,5,21.88894905797102,22.68113882063882,567.0,435.0,0.5773930753564155,0.4429735234215886,-0.1344195519348269,0.7921897626678032,119.0,152.0,306,295,601,271.0,30.09650582362729,-33.0,38.88888888888889,131.0,151.0,396,368,764,282.0,25.891361256544503,-20.0,33.08080808080808,117.0,178.0,295.0,34.6522462562396,-61.0,39.66101694915255,215.0,241.0,456.0,67.82068062827226,-26.0,58.42391304347826,9.0,153.0,144.0,13.0,11.0,-4.205144567082787,-5.80808080808081,35.0,161.0,33.16843437203266,18.76289609432571,0.4787985865724382,0.9417637271214644,0.3821138211382114,0.9659685863874344,concordant,concordant,-0.0966847654342267,0.0242048592659702,4,190,139,269,163,377,441,71,146,818,329,32.28606356968215,51,50.397877984084886,432,53.60268948655257,106,0.4323258869908016,-75,214,147,492,226,473,645,77,277,1118,361,28.137745974955276,67,45.243128964059196,718,99.4561717352415,266,0.3345690454124189,-200
E02000494,Hillingdon,10,9,9.739677820430538,10.106611194131233,896.0,856.0,0.9124236252545824,0.8716904276985743,-0.0407331975560082,0.3669333737006948,0.0,278.0,447,326,773,278.0,0.0,-278.0,0.0,0.0,227.0,466,265,731,227.0,0.0,-227.0,0.0,0.0,364.0,364.0,0.0,-364.0,0.0,0.0,401.0,401.0,0.0,-401.0,0.0,-97.0,63.0,160.0,51.0,-51.0,0.0,0.0,-37.0,37.0,0.0,0.0,0.4330218068535825,0.8305304010349288,0.3614649681528662,0.8590971272229823,concordant,concordant,-0.0715568387007163,0.0285667261880534,9,13,620,10,567,646,662,199,336,1308,633,6.162079510703364,-607,2.0123839009287927,577,4.334862385321101,-557,0.5231404958677686,-137,11,537,4,585,633,574,167,309,1207,548,4.893951946975974,-526,1.7377567140600316,589,1.9386909693454846,-581,0.48197009674582236,-142
E02000495,Hillingdon,8,9,14.711178146310566,11.829189879612413,757.0,797.0,0.7708757637474541,0.8116089613034623,0.0407331975560081,-2.881988266698153,247.0,189.0,615,474,1089,436.0,42.86776859504132,58.0,40.16260162601626,187.0,235.0,605,498,1103,422.0,39.84134179510426,-48.0,30.909090909090907,211.0,265.0,476.0,51.34527089072544,-54.0,44.51476793248945,179.0,308.0,487.0,49.98368087035358,-129.0,35.9437751004016,-251.0,88.0,339.0,-106.0,-14.0,-3.026426799937056,-9.253510716925357,-75.0,11.0,-1.3615900203718567,-8.570992832087846,0.4780701754385965,0.837465564738292,0.4642464246424642,0.8241160471441523,divergent,concordant,-0.0138237507961322,-0.0133495175941397,7,197,637,162,620,878,859,263,385,1737,834,72.24467472654001,-440,22.4373576309795,782,57.82383419689119,-458,0.5160891089108911,-122,154,847,155,589,793,1033,188,535,1826,1001,71.43373493975903,-693,19.419924337957127,744,49.99726177437021,-434,0.5736389684813754,-347
E02000496,Hillingdon,7,6,20.147449370185157,19.60660974311194,612.0,551.0,0.6232179226069247,0.5610997963340122,-0.0621181262729124,-0.5408396270732183,169.0,101.0,345,241,586,270.0,29.127986348122867,68.0,48.98550724637681,168.0,86.0,341,217,558,254.0,25.892473118279568,82.0,49.266862170087975,129.0,143.0,272.0,31.47952218430034,-14.0,53.52697095435685,108.0,139.0,247.0,26.903225806451612,-31.0,49.76958525345622,124.0,193.0,69.0,14.0,-16.0,-3.235513229843299,0.281354923711163,-17.0,-25.0,-4.576296377848728,-3.757385700900627,0.4981549815498155,0.924914675767918,0.5069860279441117,0.8978494623655914,divergent,divergent,0.0088310463942962,-0.0270652134023267,5,358,100,469,141,534,580,189,339,1114,458,32.13644524236984,258,67.04119850187266,610,59.361759425493716,328,0.4288389513108614,-150,307,83,513,135,479,621,138,404,1100,390,23.164545454545454,224,64.09185803757829,648,62.95909090909091,378,0.37572254335260113,-266
E02000497,Hillingdon,8,8,15.445614794231446,14.297503837422983,741.0,721.0,0.754582484725051,0.7342158859470469,-0.020366598778004,-1.1481109568084626,304.0,165.0,773,374,1147,469.0,43.73147340889276,139.0,39.32729624838293,141.0,151.0,497,415,912,292.0,23.345394736842103,-10.0,28.37022132796781,149.0,350.0,499.0,45.4664341761116,-201.0,39.839572192513366,180.0,251.0,431.0,49.53947368421053,-71.0,43.373493975903614,-2.0,170.0,172.0,-149.0,-177.0,-20.386078672050655,-10.95707492041512,130.0,-68.0,4.07303950809893,3.533921783390248,0.484504132231405,0.8439407149084568,0.4038727524204702,0.7927631578947368,divergent,concordant,-0.0806313798109347,-0.0511775570137199,6,341,163,176,339,878,630,105,256,1508,504,36.85875331564987,178,38.83826879271071,515,39.56498673740053,-163,0.4946025515210991,-151,179,151,207,244,641,838,144,423,1479,330,18.275185936443542,28,27.92511700468019,451,34.1501014198783,-37,0.4225352112676056,-279
E02000498,Hillingdon,9,9,13.341375693355484,11.364950115626032,786.0,813.0,0.8004073319755601,0.8279022403258656,0.0274949083503054,-1.9764255777294508,105.0,180.0,327,295,622,285.0,30.385852090032156,-75.0,32.11009174311927,78.0,139.0,306,233,539,217.0,20.115027829313544,-61.0,25.49019607843137,99.0,176.0,275.0,28.012861736334404,-77.0,33.559322033898304,70.0,185.0,255.0,24.025974025974023,-115.0,30.042918454935624,-36.0,97.0,133.0,14.0,-68.0,-10.270824260718612,-6.619895664687899,-38.0,-20.0,-3.9868877103603815,-3.516403578962681,0.5089285714285714,0.9003215434083601,0.4597457627118644,0.87569573283859,concordant,concordant,-0.0491828087167069,-0.02462581056977,7,121,381,104,231,397,517,70,222,914,502,50.43873085339168,-260,30.478589420654913,335,26.28446389496718,-127,0.5997610513739546,-152,89,371,74,259,394,472,88,239,866,460,38.12817551963048,-282,22.588832487309645,333,22.131639722863742,-185,0.5800756620428752,-151
E02000499,Hillingdon,10,10,9.072812413135866,7.166763415892673,915.0,945.0,0.9317718940936864,0.9623217922606924,0.0305498981670061,-1.906048997243193,0.0,226.0,365,310,675,226.0,0.0,-226.0,0.0,0.0,177.0,409,262,671,177.0,0.0,-177.0,0.0,0.0,261.0,261.0,0.0,-261.0,0.0,0.0,306.0,306.0,0.0,-306.0,0.0,-173.0,0.0,173.0,49.0,-49.0,0.0,0.0,-45.0,45.0,0.0,0.0,0.4640657084188911,0.7214814814814815,0.3664596273291925,0.7198211624441133,concordant,concordant,-0.0976060810896986,-0.0016603190373681,9,20,472,17,384,449,553,84,243,1002,492,9.421157684630739,-452,4.4543429844097995,401,6.514970059880239,-367,0.5509518477043673,-159,18,485,27,412,500,565,91,303,1065,503,8.19718309859155,-467,3.5999999999999996,439,10.445070422535212,-385,0.5339702760084926,-212
E02000500,Hillingdon,10,10,8.476240939331086,7.238890310786106,929.0,943.0,0.9460285132382892,0.960285132382892,0.0142566191446028,-1.237350628544981,0.0,326.0,548,415,963,326.0,0.0,-326.0,0.0,0.0,298.0,554,369,923,298.0,0.0,-298.0,0.0,0.0,390.0,390.0,0.0,-390.0,0.0,0.0,421.0,421.0,0.0,-421.0,0.0,-290.0,0.0,290.0,28.0,-28.0,0.0,0.0,-31.0,31.0,0.0,0.0,0.4553072625698324,0.7435098650051921,0.4144645340751043,0.7789815817984832,concordant,concordant,-0.040842728494728,0.035471716793291,9,22,609,22,592,692,682,144,267,1374,631,9.751091703056769,-587,3.1791907514450863,614,9.478893740902475,-570,0.5068273092369477,-123,30,699,3,587,680,744,126,375,1424,729,14.726123595505618,-669,4.411764705882353,590,1.2366573033707866,-584,0.5526914329037149,-249
E02000501,Hillingdon,10,10,9.131134317933794,8.764077150633062,914.0,904.0,0.9307535641547862,0.920570264765784,-0.010183299389002,-0.3670571673007323,0.0,238.0,446,368,814,238.0,0.0,-238.0,0.0,0.0,301.0,502,438,940,301.0,0.0,-301.0,0.0,0.0,330.0,330.0,0.0,-330.0,0.0,0.0,403.0,403.0,0.0,-403.0,0.0,-282.0,0.0,282.0,-63.0,63.0,0.0,0.0,-73.0,73.0,0.0,0.0,0.4190140845070422,0.6977886977886978,0.4275568181818182,0.7489361702127659,concordant,concordant,0.0085427336747759,0.0511474724240681,9,25,496,21,478,557,589,111,221,1146,521,10.820244328097731,-471,4.488330341113106,499,8.75916230366492,-457,0.5107843137254902,-110,20,709,27,513,574,803,72,365,1377,729,10.297748729121277,-689,3.484320557491289,540,10.058823529411764,-486,0.574468085106383,-293
E02000502,Hillingdon,9,10,12.426557504925784,8.720309584393554,824.0,905.0,0.8391038696537678,0.9215885947046843,0.0824847250509165,-3.706247920532231,154.0,289.0,619,474,1093,443.0,40.71912168344007,-135.0,24.878836833602584,133.0,195.0,597,359,956,328.0,27.12866108786611,-62.0,22.278056951423785,146.0,436.0,582.0,58.239707227813355,-290.0,30.801687763713083,122.0,421.0,543.0,53.72594142259414,-299.0,33.98328690807799,-245.0,0.0,245.0,73.0,-115.0,-13.590460595573962,-2.600779882178798,-9.0,-39.0,-4.513765805219215,3.1815991443649096,0.4321951219512195,0.937785910338518,0.3765786452353616,0.9110878661087866,concordant,concordant,-0.0556164767158578,-0.0266980442297313,7,171,604,158,563,782,811,163,337,1593,775,64.8361581920904,-433,21.86700767263427,721,55.840552416823606,-405,0.518048128342246,-174,146,641,126,570,757,819,160,460,1576,787,59.381979695431475,-495,19.28665785997358,696,45.57106598984772,-444,0.5306810519217802,-300
E02000503,Hillingdon,10,10,10.092731357667484,8.012564690468391,892.0,922.0,0.9083503054989815,0.9389002036659878,0.0305498981670061,-2.0801666671990926,0.0,280.0,467,414,881,280.0,0.0,-280.0,0.0,0.0,244.0,507,370,877,244.0,0.0,-244.0,0.0,0.0,383.0,383.0,0.0,-383.0,0.0,0.0,418.0,418.0,0.0,-418.0,0.0,-224.0,0.0,224.0,36.0,-36.0,0.0,0.0,-35.0,35.0,0.0,0.0,0.4223227752639517,0.7525539160045402,0.3685800604229607,0.7548460661345496,concordant,concordant,-0.053742714840991,0.0022921501300093,8,84,561,134,595,699,699,232,285,1398,645,33.708154506437765,-477,12.017167381974248,729,57.031473533619454,-461,0.46943231441048033,-53,89,666,124,548,649,805,142,435,1454,755,40.76616231086658,-577,13.713405238828969,672,46.73452544704264,-424,0.5290819901892081,-293
E02000504,Hillingdon,10,10,6.8963228225413165,6.065078778135049,963.0,963.0,0.980651731160896,0.980651731160896,0.0,-0.8312440444062679,0.0,201.0,355,299,654,201.0,0.0,-201.0,0.0,0.0,155.0,388,203,591,155.0,0.0,-155.0,0.0,0.0,267.0,267.0,0.0,-267.0,0.0,0.0,327.0,327.0,0.0,-327.0,0.0,-141.0,0.0,141.0,46.0,-46.0,0.0,0.0,-60.0,60.0,0.0,0.0,0.4294871794871794,0.7155963302752294,0.3215767634854772,0.8155668358714044,concordant,concordant,-0.1079104160017022,0.099970505596175,10,0,575,0,474,483,579,128,280,1062,575,0.0,-575,0.0,474,0.0,-474,0.5481410867492851,-152,0,545,0,512,512,546,124,343,1058,545,0.0,-545,0.0,512,0.0,-512,0.5156102175969726,-219
E02000506,Hillingdon,10,10,9.608349342527514,8.406718039413846,900.0,913.0,0.9164969450101832,0.929735234215886,0.0132382892057026,-1.2016313031136685,0.0,273.0,371,332,703,273.0,0.0,-273.0,0.0,0.0,253.0,428,298,726,253.0,0.0,-253.0,0.0,0.0,312.0,312.0,0.0,-312.0,0.0,0.0,354.0,354.0,0.0,-354.0,0.0,-239.0,0.0,239.0,20.0,-20.0,0.0,0.0,-42.0,42.0,0.0,0.0,0.4666666666666667,0.8321479374110953,0.4168039538714991,0.8360881542699724,concordant,concordant,-0.0498627127951675,0.0039402168588771,9,36,527,29,456,509,581,138,249,1090,563,17.405504587155963,-491,7.072691552062868,485,12.132110091743119,-427,0.5372137404580153,-111,42,577,31,530,599,618,171,320,1217,619,19.91290057518488,-535,7.0116861435726205,561,13.500410846343467,-499,0.5245762711864407,-149
E02000507,Hillingdon,8,9,13.75493844567544,11.403054127198915,780.0,810.0,0.7942973523421588,0.824847250509165,0.0305498981670061,-2.3518843184765217,101.0,228.0,415,368,783,329.0,29.409961685823756,-127.0,24.33734939759036,87.0,183.0,430,300,730,270.0,21.80958904109589,-96.0,20.232558139534884,67.0,260.0,327.0,22.247765006385695,-193.0,18.206521739130434,67.0,289.0,356.0,26.524657534246575,-222.0,22.333333333333332,-160.0,59.0,219.0,31.0,-59.0,-7.600372644727866,-4.104791258055474,-29.0,29.0,4.2768925278608805,4.1268115942028984,0.5015243902439024,0.8378033205619413,0.4313099041533546,0.8575342465753425,concordant,concordant,-0.0702144860905477,0.0197309260134012,7,82,546,55,412,528,617,113,249,1145,628,39.10218340611354,-464,15.530303030303031,467,19.790393013100438,-357,0.5735159817351598,-136,67,561,62,425,519,640,89,340,1159,628,32.43054357204487,-494,12.909441233140656,487,22.7351164797239,-363,0.5632286995515695,-251
E02000508,Hillingdon,7,8,18.23729852897911,14.742132807654825,666.0,711.0,0.6782077393075356,0.7240325865580448,0.0458248472505091,-3.4951657213242857,345.0,1280.0,1244,1796,3040,1625.0,145.26315789473685,-935.0,27.733118971061092,401.0,1030.0,1489,1289,2778,1431.0,148.67890568754498,-629.0,26.930826057756885,418.0,779.0,1197.0,107.1125,-361.0,23.2739420935412,211.0,915.0,1126.0,69.49784017278618,-704.0,16.369278510473233,-878.0,229.0,1107.0,306.0,-194.0,3.4157477928081335,-0.8022929133042069,-343.0,-71.0,-37.61465982721381,-6.904663583067968,0.5758327427356484,0.9282894736842106,0.5596402033633164,0.9204463642908568,concordant,concordant,-0.016192539372332,-0.0078431093933538,5,1658,1269,1030,763,2551,2402,1307,606,4953,2927,424.79345850999397,389,64.99411995295962,1793,158.66949323642237,267,0.6201271186440678,701,1140,1007,999,897,2212,2073,723,784,4285,2147,267.9066511085181,133,51.5370705244123,1896,209.12555425904318,102,0.5310413059609201,-61
E02000509,Hillingdon,4,7,28.634455010224947,15.670591191838763,392.0,673.0,0.3991853360488798,0.685336048879837,0.2861507128309571,-12.963863818386182,1404.0,143.0,1797,931,2728,1547.0,73.59677419354838,1261.0,78.13021702838063,1353.0,105.0,1748,875,2623,1458.0,54.16126572626763,1248.0,77.40274599542334,684.0,243.0,927.0,60.92815249266862,441.0,73.46938775510205,652.0,232.0,884.0,57.66831871902402,420.0,74.5142857142857,186.0,699.0,513.0,-13.0,-89.0,-19.435508467280755,-0.7274710329572827,-21.0,-43.0,-3.2598337736446013,1.0448979591836576,0.6253031527890056,0.906891495601173,0.6225448334756618,0.8928707586732749,concordant,concordant,-0.0027583193133438,-0.014020736927898,3,1990,141,1118,235,2466,1428,669,497,3894,2131,72.05701078582435,1849,80.69748580697485,1353,67.47046738572162,883,0.6116532721010333,172,1831,98,1108,219,2293,1389,545,514,3682,1929,48.73384030418251,1733,79.8517226341038,1327,65.90222705051602,889,0.5924447174447175,31
E02000510,Hillingdon,8,7,16.000113752837617,15.972845480386583,729.0,664.0,0.7423625254582484,0.6761710794297352,-0.0661914460285132,-0.0272682724510335,116.0,397.0,779,532,1311,513.0,35.12738367658276,-281.0,14.890885750962774,60.0,391.0,583,495,1078,451.0,21.76252319109462,-331.0,10.291595197255576,66.0,591.0,657.0,29.752860411899313,-525.0,12.406015037593985,65.0,446.0,511.0,26.89239332096475,-381.0,13.131313131313131,-123.0,140.0,263.0,-50.0,-62.0,-13.36486048548814,-4.599290553707197,144.0,-146.0,-2.860467090934563,0.7252980937191467,0.4384615384615384,0.8924485125858124,0.4688149688149688,0.8923933209647495,concordant,concordant,0.0303534303534303,-5.519162106282227e-05,6,146,395,89,590,985,840,206,308,1825,541,31.6,-249,14.822335025380712,679,28.77260273972603,-501,0.44344262295081965,-102,89,390,76,442,714,911,131,416,1625,479,21.36,-301,12.46498599439776,518,20.672,-366,0.48044132397191575,-285
E02000511,Hillingdon,8,7,16.291332773180564,15.61196688875429,723.0,676.0,0.7362525458248472,0.6883910386965377,-0.0478615071283095,-0.6793658844262733,28.0,412.0,592,508,1100,440.0,10.487272727272726,-384.0,4.72972972972973,58.0,303.0,522,385,907,361.0,19.375964718853364,-245.0,11.11111111111111,45.0,517.0,562.0,21.15,-472.0,8.858267716535433,29.0,426.0,455.0,13.620727673649393,-397.0,7.532467532467532,-187.0,85.0,272.0,139.0,-79.0,8.888691991580638,6.381381381381381,75.0,-107.0,-7.529272326350606,-1.3258001840679017,0.4391217564870259,0.9109090909090908,0.4424019607843137,0.8996692392502756,concordant,concordant,0.0032802042972877,-0.0112398516588152,6,52,412,59,513,662,790,70,282,1452,464,14.754820936639119,-360,7.854984894259818,572,20.84504132231405,-454,0.44787644787644787,-212,72,299,45,423,620,789,98,404,1409,371,15.278921220723918,-227,11.612903225806452,468,13.509581263307311,-378,0.44219308700834326,-306
E02000512,Hillingdon,5,4,26.093599238845144,25.678578106508873,447.0,340.0,0.455193482688391,0.3462321792260692,-0.1089613034623218,-0.4150211323362711,336.0,252.0,692,616,1308,588.0,64.73394495412845,84.0,48.554913294797686,284.0,146.0,598,482,1080,430.0,38.39259259259259,138.0,47.491638795986624,250.0,265.0,515.0,50.649847094801224,-15.0,40.58441558441558,245.0,239.0,484.0,54.217592592592595,6.0,50.82987551867219,285.0,361.0,76.0,54.0,-158.0,-26.341352361535854,-1.0632744988110616,21.0,-31.0,3.567745497791371,10.245459934256608,0.5330915684496826,0.8432721712538226,0.4704595185995623,0.8462962962962963,divergent,concordant,-0.0626320498501202,0.0030241250424737,4,418,285,460,302,815,877,123,261,1692,703,70.40780141843972,133,51.288343558282214,762,82.10401891252955,158,0.47986348122866895,-138,350,190,529,266,701,796,103,314,1497,540,44.422177688710754,160,49.928673323823105,795,93.99732798931196,263,0.4044943820224719,-211
E02000513,Hillingdon,3,3,33.486531797327395,29.069614991993593,273.0,227.0,0.2780040733197556,0.2311608961303462,-0.0468431771894093,-4.416916805333802,517.0,27.0,640,686,1326,544.0,10.527149321266968,490.0,80.78125,483.0,22.0,564,564,1128,505.0,9.420212765957446,461.0,85.63829787234043,612.0,47.0,659.0,21.692307692307693,565.0,89.21282798833819,507.0,30.0,537.0,13.48404255319149,477.0,89.8936170212766,323.0,405.0,82.0,-29.0,-39.0,-1.106936555309522,4.857047872340431,-88.0,-122.0,-8.208265139116204,0.6807890329384065,0.4522028262676641,0.9072398190045248,0.4846449136276392,0.9237588652482268,concordant,concordant,0.032442087359975,0.016519046243702,2,617,24,845,43,726,915,86,229,1641,641,9.023765996343693,593,84.9862258953168,888,22.141986593540523,802,0.41922825376062783,-143,549,18,856,21,626,912,62,348,1538,567,6.425227568270481,531,87.69968051118211,877,11.687906371911573,835,0.3926592797783934,-286
E02000514,Hillingdon,7,5,21.0316956395112,21.020768379833576,592.0,491.0,0.6028513238289206,0.5,-0.1028513238289206,-0.0109272596776257,154.0,568.0,714,732,1446,722.0,60.4923928077455,-414.0,21.568627450980394,121.0,477.0,652,745,1397,598.0,41.31496062992126,-356.0,18.55828220858896,140.0,485.0,625.0,46.95712309820193,-345.0,19.12568306010929,180.0,473.0,653.0,60.94488188976378,-293.0,24.16107382550336,-111.0,249.0,360.0,58.0,-124.0,-19.177432177824244,-3.010345242391434,52.0,28.0,13.987758791561845,5.035390765394073,0.5360059391239792,0.9315352697095436,0.478017585931255,0.8954903364352184,concordant,concordant,-0.0579883531927242,-0.0360449332743252,5,267,565,377,484,821,966,107,234,1787,832,84.41801902630107,-298,32.521315468940315,861,102.10856183547845,-107,0.49143532191376255,-127,218,477,534,473,744,1098,92,353,1842,695,56.4527687296417,-259,29.301075268817208,1007,137.12377850162866,61,0.4083431257344301,-261
E02000515,Hillingdon,5,4,24.43053097116582,25.968127536231883,478.0,334.0,0.4867617107942973,0.340122199592668,-0.1466395112016293,1.537596565066064,595.0,388.0,1073,872,1945,983.0,118.69408740359896,207.0,55.452003727865794,660.0,356.0,1308,813,2121,1016.0,110.77793493635076,304.0,50.45871559633027,344.0,343.0,687.0,60.66426735218509,1.0,39.44954128440367,347.0,467.0,814.0,76.4021687883074,-120.0,42.68142681426814,593.0,778.0,185.0,97.0,33.0,-7.916152467248196,-4.993288131535522,-121.0,127.0,15.737901436122314,3.23188552986447,0.588622754491018,0.8586118251928021,0.5551912568306011,0.8628005657708628,concordant,divergent,-0.0334314976604168,0.0041887405780607,4,805,478,716,409,1370,1314,297,442,2684,1283,143.36438152011922,327,58.75912408759124,1125,109.10730253353204,307,0.5328073089700996,-145,834,435,864,586,1584,1403,276,590,2987,1269,121.45631067961165,399,52.65151515151515,1450,169.50251088048208,278,0.4667157043030526,-314
E02000516,Hillingdon,5,5,25.07961312371508,22.52729635376261,470.0,439.0,0.4786150712830957,0.4470468431771894,-0.0315682281059063,-2.5523167699524727,196.0,253.0,550,583,1133,449.0,43.76699029126213,-57.0,35.63636363636364,162.0,203.0,441,554,995,365.0,33.051256281407035,-41.0,36.734693877551024,241.0,288.0,529.0,61.2603706972639,-47.0,41.337907375643226,280.0,211.0,491.0,59.37688442211055,69.0,50.54151624548736,-134.0,100.0,234.0,16.0,-84.0,-10.715734009855096,1.0983302411873836,116.0,-38.0,-1.883486275153352,9.203608869844132,0.4591002044989775,0.8631950573698146,0.4264018691588785,0.8603015075376884,concordant,divergent,-0.0326983353400989,-0.0028935498321261,4,221,315,438,315,629,828,79,245,1457,536,47.77968428277282,-94,35.13513513513514,753,94.6945778997941,123,0.41582622187742435,-166,162,230,526,235,493,838,52,284,1331,392,27.993989481592788,-68,32.86004056795132,761,92.87002253944402,291,0.33998265394622723,-232
E02000517,Hillingdon,4,4,29.659013768838395,26.90824216349109,370.0,302.0,0.3767820773930753,0.3075356415478615,-0.0692464358452138,-2.750771605347307,457.0,114.0,741,633,1374,571.0,37.917030567685586,343.0,61.67341430499326,364.0,115.0,676,553,1229,479.0,34.06021155410903,249.0,53.84615384615385,406.0,130.0,536.0,38.41339155749636,276.0,64.13902053712481,351.0,108.0,459.0,30.844589096826688,243.0,63.47197106690777,191.0,348.0,157.0,-94.0,-92.0,-3.856819013576555,-7.827260458839412,-33.0,-77.0,-7.568802460669673,-0.6670494702170373,0.5158084914182475,0.8056768558951966,0.5106609808102346,0.7632221318144833,concordant,concordant,-0.0051475106080128,-0.0424547240807132,3,480,111,577,123,838,861,97,228,1699,591,31.359623307828134,369,57.279236276849645,700,41.7722189523249,454,0.45778466305189774,-131,461,112,697,100,813,938,137,385,1751,573,29.48715019988578,349,56.70356703567035,797,39.80582524271845,597,0.41824817518248175,-248
E02000518,Hillingdon,4,3,28.662204801301417,27.762351770161747,389.0,272.0,0.3961303462321792,0.2769857433808554,-0.1191446028513238,-0.8998530311396706,469.0,86.0,638,557,1195,555.0,33.75230125523012,383.0,73.51097178683386,358.0,53.0,612,458,1070,411.0,17.732710280373833,305.0,58.49673202614379,358.0,74.0,432.0,22.169037656903765,284.0,64.27289048473968,327.0,105.0,432.0,32.08878504672897,222.0,71.39737991266377,473.0,494.0,21.0,-78.0,-144.0,-16.01959097485629,-15.014239760690074,-62.0,0.0,9.919747389825208,7.12448942792409,0.5623100303951368,0.8259414225941423,0.4875444839857651,0.7878504672897196,concordant,concordant,-0.0747655464093717,-0.0380909553044226,3,550,85,526,72,768,785,130,228,1553,635,30.10302640051513,465,71.61458333333334,598,24.386349001931745,454,0.5150040551500406,-98,390,48,693,100,686,876,74,418,1562,438,11.984635083226632,342,56.85131195335277,793,44.36619718309859,593,0.35580828594638503,-344
E02000519,Hillingdon,4,2,29.56950516863017,30.216530017528488,374.0,197.0,0.3808553971486761,0.2006109979633401,-0.180244399185336,0.6470248488983188,341.0,99.0,564,542,1106,440.0,30.523508137432188,242.0,60.46099290780141,233.0,69.0,499,501,1000,302.0,16.077,164.0,46.6933867735471,321.0,95.0,416.0,27.57233273056058,226.0,59.22509225092251,315.0,128.0,443.0,40.32,187.0,62.874251497005986,448.0,465.0,17.0,-78.0,-138.0,-14.446508137432186,-13.767606134254317,-39.0,27.0,12.747667269439422,3.649159246083478,0.514018691588785,0.7739602169981917,0.4053691275167785,0.745,concordant,concordant,-0.1086495640720064,-0.0289602169981917,3,376,94,483,75,673,743,109,201,1416,470,24.96045197740113,282,55.86924219910847,558,25.58262711864407,408,0.4571984435797665,-92,270,65,550,117,563,772,64,271,1335,335,13.146067415730338,205,47.95737122557727,667,48.20224719101124,433,0.3343313373253493,-207
E02000520,Hillingdon,4,4,29.21169711403431,26.35636716349109,380.0,319.0,0.3869653767820774,0.3248472505091649,-0.0621181262729124,-2.8553299505432186,626.0,165.0,994,923,1917,791.0,53.881064162754306,461.0,62.97786720321932,572.0,175.0,934,1044,1978,747.0,50.606673407482305,397.0,61.24197002141327,562.0,163.0,725.0,47.786124152321335,399.0,60.88840736728061,658.0,184.0,842.0,61.2093023255814,474.0,63.02681992337165,250.0,520.0,270.0,-64.0,-44.0,-3.2743907552720017,-1.7358971818060454,75.0,117.0,13.423178173260062,2.1384125560910405,0.5217678100263852,0.7908189880020866,0.4701069855254877,0.8033367037411526,concordant,concordant,-0.0516608245008974,0.012517715739066,3,675,152,725,152,1125,1226,131,303,2351,827,43.64100382815823,523,60.0,877,46.873670778392174,573,0.48532863849765256,-172,628,168,1219,160,1066,1695,132,651,2761,796,38.21224194132561,460,58.91181988742964,1379,70.64107207533502,1059,0.3659770114942529,-519
E02000521,Hillingdon,3,3,33.405997826876515,28.087703205877443,277.0,260.0,0.2820773930753564,0.2647657841140529,-0.0173116089613034,-5.3182946209990725,791.0,21.0,901,620,1521,812.0,10.921104536489151,770.0,87.79134295227526,710.0,27.0,807,696,1503,737.0,12.754491017964073,683.0,87.98017348203221,563.0,48.0,611.0,17.767258382642996,515.0,90.80645161290325,616.0,46.0,662.0,18.852960745176315,570.0,88.50574712643679,619.0,681.0,62.0,-87.0,-75.0,1.8333864814749212,0.1888305297569559,55.0,51.0,1.0857023625333184,-2.300704486466458,0.5706254392129304,0.935568704799474,0.5268048606147248,0.9308050565535596,concordant,concordant,-0.0438205785982056,-0.0047636482459145,2,959,14,833,25,1068,888,167,268,1956,973,6.8640081799591,945,89.7940074906367,858,10.646728016359917,808,0.531403604587657,-101,930,15,1166,28,1013,1240,206,544,2253,945,6.191744340878828,915,91.80651530108588,1194,14.490901020861074,1138,0.4417952314165498,-338
E02000522,Hillingdon,5,4,26.896748182133365,24.48008140290106,431.0,374.0,0.4389002036659877,0.3808553971486761,-0.0580448065173115,-2.4166667792323047,234.0,230.0,641,514,1155,464.0,46.5974025974026,4.0,36.505460218408736,230.0,189.0,600,504,1104,419.0,39.375,41.0,38.333333333333336,201.0,268.0,469.0,46.63896103896104,-67.0,39.10505836575876,175.0,240.0,415.0,38.04347826086956,-65.0,34.72222222222222,146.0,274.0,128.0,37.0,-45.0,-7.222402597402599,1.8278731149246,2.0,-54.0,-8.59548277809148,-4.382836143536537,0.4973204715969989,0.8077922077922078,0.5023980815347722,0.7554347826086957,divergent,divergent,0.0050776099377732,-0.0523574251835121,3,493,77,578,113,783,824,142,310,1607,570,23.62227753578096,416,62.96296296296296,691,40.64343497199751,465,0.4520222045995242,-168,499,97,742,101,765,954,165,450,1719,596,28.15764979639325,402,65.22875816993464,843,43.596276905177426,641,0.414176511466296,-285
E02000523,Hillingdon,6,6,23.519854833956,20.60353533712429,512.0,513.0,0.5213849287169042,0.5224032586558045,0.0010183299389002,-2.916319496831711,205.0,555.0,855,798,1653,760.0,68.82940108892922,-350.0,23.976608187134502,176.0,531.0,795,811,1606,707.0,58.19178082191781,-355.0,22.138364779874216,173.0,607.0,780.0,63.5275257108288,-434.0,21.67919799498747,219.0,571.0,790.0,77.86363636363636,-352.0,27.003699136868065,-418.0,156.0,574.0,-5.0,-53.0,-10.637620267011409,-1.8382434072602865,82.0,10.0,14.336110652807562,5.324501141880596,0.4935064935064935,0.9316394434361768,0.4722778891115564,0.9321295143212952,concordant,concordant,-0.021228604394937,0.0004900708851184,4,292,471,415,521,942,1037,87,239,1979,763,69.49570490146539,-179,30.997876857749468,936,109.25467407781709,-106,0.4490876986462625,-152,315,448,630,471,932,1222,137,411,2154,763,65.51532033426184,-133,33.798283261802574,1101,137.75766016713092,159,0.4093347639484979,-274
E02000524,Hillingdon,6,4,22.944613857121418,23.926140787024725,534.0,389.0,0.5437881873727087,0.3961303462321792,-0.1476578411405295,0.9815269299033068,194.0,383.0,784,573,1357,577.0,54.75460574797347,-189.0,24.744897959183675,140.0,327.0,597,459,1056,467.0,43.35227272727273,-187.0,23.450586264656614,137.0,510.0,647.0,51.48857774502579,-373.0,23.909249563699824,107.0,412.0,519.0,41.746212121212125,-305.0,23.31154684095861,181.0,298.0,117.0,2.0,-110.0,-11.402333020700745,-1.2943116945270603,68.0,-128.0,-9.742365623813669,-0.5977027227412144,0.4714052287581699,0.9019896831245394,0.473630831643002,0.9337121212121212,concordant,concordant,0.002225602884832,0.0317224380875817,4,446,303,572,410,1035,1006,251,433,2041,749,66.21166095051446,143,43.091787439613526,982,114.90445859872611,162,0.43269786250722125,-182,259,256,538,318,714,889,117,430,1603,515,41.36244541484716,3,36.27450980392157,856,106.72738615096694,220,0.37563822027717,-313
E02000525,Hillingdon,5,5,27.576578477226377,23.33353612244898,418.0,412.0,0.4256619144602851,0.4195519348268839,-0.0061099796334012,-4.243042354777398,350.0,292.0,803,726,1529,642.0,66.84107259646828,58.0,43.586550435865504,335.0,211.0,738,696,1434,546.0,49.29218967921897,124.0,45.392953929539296,329.0,289.0,618.0,62.18508829300196,40.0,45.3168044077135,343.0,273.0,616.0,65.29916317991632,70.0,49.2816091954023,-85.0,224.0,309.0,66.0,-96.0,-17.54888291724931,1.8064034936737912,30.0,-2.0,3.1140748869143593,3.964804787688798,0.5095238095238095,0.8240680183126227,0.4698795180722891,0.810320781032078,concordant,concordant,-0.0396442914515203,-0.0137472372805446,3,584,144,738,96,915,1056,112,330,1971,728,42.666666666666664,440,63.82513661202186,834,35.945205479452056,642,0.4660691421254802,-218,550,69,781,103,859,1035,121,339,1894,619,20.036958817317846,481,64.0279394644936,884,42.47254487856389,678,0.41184298070525616,-218
E02000526,Hounslow,9,9,12.121679705180236,10.528580752343656,829.0,843.0,0.8441955193482689,0.8584521384928717,0.0142566191446028,-1.593098952836577,33.0,773.0,862,976,1838,806.0,13.87867247007617,-740.0,3.82830626450116,31.0,692.0,872,880,1752,723.0,12.244292237442922,-661.0,3.555045871559633,77.0,692.0,769.0,28.990206746463542,-615.0,7.889344262295082,57.0,742.0,799.0,24.14041095890411,-685.0,6.4772727272727275,-642.0,38.0,680.0,79.0,-83.0,-1.634380232633248,-0.2732603929415269,-70.0,30.0,-4.849795787559433,-1.4120715350223545,0.5117460317460317,0.8569096844396082,0.4750328515111695,0.8687214611872146,concordant,concordant,-0.0367131802348622,0.0118117767476063,7,76,1092,122,945,1128,1314,266,338,2442,1168,33.98525798525799,-1016,6.73758865248227,1067,47.21130221130221,-823,0.5225950782997763,-72,68,1137,108,907,1051,1338,179,458,2389,1205,32.36333193804939,-1069,6.470028544243577,1015,41.00293009627459,-799,0.5427927927927928,-279
E02000528,Hounslow,3,2,34.2170895140508,31.21370738045738,253.0,169.0,0.2576374745417515,0.1720977596741344,-0.085539714867617,-3.003382133593419,983.0,46.0,1133,770,1903,1029.0,23.761429322122964,937.0,86.76081200353045,1034.0,49.0,1236,908,2144,1083.0,23.63152985074627,985.0,83.65695792880258,673.0,57.0,730.0,20.158171308460325,616.0,87.40259740259741,814.0,96.0,910.0,36.44776119402985,718.0,89.64757709251101,1110.0,1132.0,22.0,48.0,54.0,-0.1298994713766958,-3.103854074727863,102.0,180.0,16.289589885569526,2.244979689913606,0.5849914724275156,0.9243300052548608,0.5434019066733567,0.929570895522388,concordant,concordant,-0.0415895657541588,0.0052408902675272,2,1229,15,893,28,1348,975,215,205,2323,1244,7.935858803271631,1214,91.17210682492582,921,10.763667671114938,865,0.5745958429561201,10,1294,30,1274,59,1476,1350,240,442,2826,1324,13.736730360934182,1264,87.66937669376695,1333,26.598018400566172,1215,0.4983063605570192,-202
E02000529,Hounslow,6,5,23.70278078125,22.90753357383917,503.0,425.0,0.5122199592668024,0.4327902240325865,-0.0794297352342158,-0.7952472074108279,226.0,286.0,615,637,1252,512.0,51.626198083067095,-60.0,36.7479674796748,248.0,284.0,574,558,1132,532.0,62.21908127208481,-36.0,43.20557491289199,265.0,293.0,558.0,62.016773162939295,-28.0,41.60125588697017,219.0,290.0,509.0,56.10424028268551,-71.0,39.247311827956985,-35.0,194.0,229.0,24.0,20.0,10.592883189017712,6.457607433217191,-43.0,-49.0,-5.912532880253785,-2.3539440590131875,0.4785046728971963,0.854632587859425,0.5110470701248799,0.9196113074204948,concordant,concordant,0.0325423972276836,0.0649787195610697,4,310,241,428,234,694,800,79,163,1494,551,50.00669344042838,69,44.668587896253605,662,67.03614457831326,194,0.4542456718878813,-84,345,225,548,253,669,886,95,328,1555,570,49.91961414790997,120,51.569506726457405,801,89.16012861736334,295,0.41575492341356673,-233
E02000530,Hounslow,3,2,33.74568115401492,33.26754316496432,266.0,117.0,0.2708757637474542,0.1191446028513238,-0.1517311608961303,-0.4781379890505945,359.0,32.0,451,560,1011,391.0,11.363006923837784,327.0,79.6008869179601,345.0,23.0,396,460,856,368.0,9.269859813084112,322.0,87.12121212121212,472.0,40.0,512.0,18.67457962413452,432.0,84.28571428571429,406.0,16.0,422.0,7.588785046728972,390.0,88.26086956521739,360.0,377.0,17.0,-5.0,-23.0,-2.093147110753671,7.520325203252028,-42.0,-90.0,-11.085794577405547,3.975155279503099,0.4330011074197121,0.8931750741839762,0.4658227848101265,0.9228971962616822,concordant,concordant,0.0328216773904144,0.0297221220777059,2,469,8,648,25,547,731,96,171,1278,477,2.935837245696401,461,85.74040219378428,673,12.67605633802817,623,0.4147826086956522,-75,408,13,575,12,441,626,45,166,1067,421,4.970946579194002,395,92.51700680272108,587,6.4667291471415185,563,0.4176587301587302,-121
E02000531,Hounslow,6,5,21.913849054851504,22.938781030444968,566.0,422.0,0.5763747454175153,0.4297352342158859,-0.1466395112016293,1.0249319755934645,487.0,400.0,1047,1042,2089,887.0,93.2503590234562,87.0,46.51384909264566,458.0,580.0,933,1384,2317,1038.0,114.64825205006474,-122.0,49.08896034297964,491.0,443.0,934.0,104.1230253709909,48.0,47.12092130518234,657.0,391.0,1048.0,110.8705222270177,266.0,47.471098265895954,11.0,513.0,502.0,-209.0,151.0,21.397893026608543,2.5751112503339826,218.0,114.0,6.7474968560268,0.3501769607136111,0.4870950027457441,0.8717089516515079,0.4976030680728667,0.9003021148036254,concordant,divergent,0.0105080653271226,0.0285931631521175,4,1073,359,836,393,1621,1381,574,339,3002,1432,128.3167888074617,714,66.1937075879087,1229,109.44303797468355,443,0.5381435550544907,235,645,540,1204,359,1113,1929,180,545,3042,1185,114.49704142011835,105,57.95148247978437,1563,142.08941485864563,845,0.43122270742358076,-365
E02000532,Hounslow,8,8,16.88065366866812,14.99807795344752,705.0,703.0,0.7179226069246436,0.7158859470468432,-0.0020366598778004,-1.882575715220602,175.0,462.0,786,812,1598,637.0,50.5944931163955,-287.0,22.264631043257,183.0,380.0,704,666,1370,563.0,50.75912408759124,-197.0,25.994318181818183,179.0,487.0,666.0,54.55131414267835,-308.0,22.04433497536946,157.0,375.0,532.0,42.97445255474452,-218.0,23.573573573573572,-242.0,185.0,427.0,90.0,-74.0,0.1646309711957414,3.7296871385611823,90.0,-134.0,-11.576861587933829,1.5292385982041132,0.488871834228703,0.8153942428035044,0.5141552511415525,0.7992700729927007,concordant,concordant,0.0252834169128494,-0.0161241698108036,6,184,436,203,441,1023,1151,237,339,2174,620,36.9015639374425,-252,17.98631476050831,644,41.178932842686294,-238,0.49050632911392406,-102,192,366,167,354,873,1053,169,387,1926,558,36.48598130841121,-174,21.993127147766323,521,30.694704049844237,-187,0.5171455050973123,-218
E02000533,Hounslow,8,7,16.859181884368308,15.51448368270605,706.0,682.0,0.7189409368635438,0.6945010183299389,-0.0244399185336048,-1.3446982016622575,148.0,463.0,815,768,1583,611.0,43.287428932406826,-315.0,18.15950920245399,141.0,451.0,738,770,1508,592.0,42.16909814323608,-310.0,19.10569105691057,160.0,507.0,667.0,51.24447252053064,-347.0,20.833333333333336,178.0,437.0,615.0,51.58222811671087,-259.0,23.116883116883116,-55.0,313.0,368.0,5.0,-19.0,-1.1183307891707486,0.9461818544565794,88.0,-52.0,0.3377555961802301,2.2835497835497804,0.4780907668231612,0.8073278584965256,0.4904722452361226,0.8003978779840849,concordant,concordant,0.0123814784129613,-0.0069299805124406,6,158,440,173,451,1101,1105,286,337,2206,598,31.514052583862195,-282,14.350590372388739,624,35.36854034451496,-278,0.48936170212765956,-51,149,434,191,405,886,1205,148,435,2091,583,30.925872788139646,-285,16.817155756207676,596,36.99426111908178,-214,0.4944868532654792,-287
E02000534,Hounslow,9,8,13.104869965688712,13.722152397260274,794.0,740.0,0.8085539714867617,0.7535641547861507,-0.0549898167006109,0.6172824315715619,45.0,483.0,720,604,1324,528.0,16.41616314199396,-438.0,6.25,29.0,439.0,610,584,1194,468.0,10.66247906197655,-410.0,4.754098360655737,46.0,554.0,600.0,19.24773413897281,-508.0,7.6158940397351,53.0,502.0,555.0,22.28308207705193,-449.0,9.075342465753424,-387.0,62.0,449.0,28.0,-60.0,-5.753684080017409,-1.4959016393442628,59.0,-45.0,3.03534793807912,1.4594484260183247,0.4680851063829787,0.851963746223565,0.4574780058651026,0.8567839195979899,concordant,concordant,-0.0106071005178761,0.0048201733744249,7,129,737,98,722,892,862,172,258,1754,866,54.203534777651086,-608,14.461883408071749,820,40.33979475484607,-624,0.5136417556346382,-86,88,736,116,636,746,886,136,302,1632,824,39.68627450980392,-648,11.796246648793565,752,45.205882352941174,-520,0.5228426395939086,-166
E02000535,Hounslow,7,6,19.428782753202025,19.517283306666663,627.0,554.0,0.6384928716904277,0.5641547861507128,-0.0743380855397148,0.088500553464641,88.0,472.0,575,777,1352,560.0,30.72189349112426,-384.0,15.304347826086955,36.0,429.0,493,731,1224,465.0,12.617647058823527,-393.0,7.302231237322515,153.0,361.0,514.0,40.85281065088758,-208.0,19.69111969111969,112.0,350.0,462.0,32.02614379084967,-238.0,15.321477428180575,-428.0,45.0,473.0,-9.0,-95.0,-18.104246432300737,-8.00211658876444,-30.0,-52.0,-8.826666860037903,-4.3696422629391165,0.521415270018622,0.7943786982248521,0.5016181229773463,0.7573529411764706,concordant,concordant,-0.0197971470412756,-0.0370257570483815,5,209,470,403,360,696,1026,121,249,1722,679,57.044134727061554,-261,30.028735632183906,763,84.25087108013938,43,0.470873786407767,-128,137,429,561,348,593,1180,100,449,1773,566,33.14890016920474,-292,23.102866779089375,909,110.11167512690355,213,0.38372881355932204,-349
E02000536,Hounslow,7,6,19.360426751537386,20.89095451210565,631.0,496.0,0.6425661914460286,0.505091649694501,-0.1374745417515275,1.530527760568269,141.0,424.0,662,779,1441,565.0,41.48785565579459,-283.0,21.299093655589125,139.0,321.0,708,637,1345,460.0,33.17397769516729,-182.0,19.63276836158192,187.0,397.0,584.0,51.51908396946565,-210.0,24.005134788189988,136.0,409.0,545.0,41.356133828996285,-273.0,21.350078492935637,-209.0,161.0,370.0,101.0,-105.0,-8.313877960627302,-1.6663252940072049,-63.0,-39.0,-10.162950140469365,-2.655056295254351,0.4917319408181027,0.7973629424011104,0.4577114427860697,0.7472118959107806,concordant,concordant,-0.034020498032033,-0.0501510464903297,5,258,424,393,396,776,980,114,201,1756,682,62.29612756264237,-166,33.24742268041237,789,88.62642369020502,-3,0.4636301835486064,-87,255,319,445,408,821,946,113,309,1767,574,46.035653650254666,-64,31.059683313032888,853,102.75042444821732,37,0.4022424667133847,-196
E02000537,Hounslow,9,7,12.08994190301624,16.15282645788337,830.0,654.0,0.845213849287169,0.6659877800407332,-0.1792260692464358,4.06288455486713,21.0,883.0,723,1026,1749,904.0,10.60205831903945,-862.0,2.904564315352697,21.0,673.0,808,788,1596,694.0,8.855263157894736,-652.0,2.599009900990099,35.0,637.0,672.0,12.747284162378502,-602.0,3.41130604288499,27.0,709.0,736.0,11.99436090225564,-682.0,3.4263959390862944,-470.0,114.0,584.0,210.0,-210.0,-1.746795161144714,-0.3055544143625979,-80.0,64.0,-0.7529232601228628,0.0150898962013044,0.5736040609137056,0.9010863350485993,0.4853146853146853,0.8959899749373433,concordant,concordant,-0.0882893755990203,-0.0050963601112559,8,15,1195,30,821,846,1254,123,228,2100,1210,8.535714285714286,-1180,1.773049645390071,851,11.728571428571428,-791,0.5870936438622029,-105,17,1113,20,883,912,1151,104,363,2063,1130,9.171594764905478,-1096,1.8640350877192982,903,8.560349006301502,-863,0.5558288243974422,-259
E02000538,Hounslow,5,5,24.420257902073732,22.202656960301667,479.0,448.0,0.4877800407331975,0.4562118126272912,-0.0315682281059062,-2.2176009417720657,328.0,200.0,648,811,1459,528.0,44.96230294722413,128.0,50.617283950617285,317.0,150.0,548,815,1363,467.0,34.88628026412326,167.0,57.846715328467155,379.0,151.0,530.0,39.22481151473612,228.0,46.7324290998767,441.0,97.0,538.0,31.384446074834923,344.0,54.11042944785276,-177.0,190.0,367.0,39.0,-61.0,-10.076022683100874,7.22943137784987,116.0,8.0,-7.840365439901195,7.378000347976062,0.499054820415879,0.7251542152159013,0.4646766169154229,0.7373440939104916,concordant,concordant,-0.0343782035004561,0.0121898786945903,4,377,362,520,275,817,1089,169,278,1906,739,71.60230849947534,15,46.14443084455324,795,75.02623294858343,245,0.4817470664928292,-109,363,327,704,205,688,1260,140,445,1948,690,60.93480492813142,36,52.76162790697675,909,74.08624229979466,499,0.43151969981238275,-305
E02000539,Hounslow,6,6,22.23929445591518,20.988940339354137,552.0,492.0,0.5621181262729125,0.5010183299389002,-0.0610997963340123,-1.250354116561045,668.0,273.0,1297,802,2099,941.0,86.88137208194378,395.0,51.50346954510409,506.0,243.0,876,730,1606,749.0,76.56164383561644,263.0,57.76255707762557,445.0,460.0,905.0,97.52262982372558,-15.0,55.48628428927681,413.0,261.0,674.0,67.11892901618928,152.0,56.57534246575342,66.0,388.0,322.0,-132.0,-192.0,-10.319728246327344,6.259087532521484,167.0,-231.0,-30.403700807536296,1.0890581764766123,0.5097508125677139,0.8794664125774179,0.5263527758257203,0.886052303860523,divergent,concordant,0.0166019632580063,0.0065858912831051,4,897,227,804,400,1524,1156,227,354,2680,1124,75.97723880597015,670,58.85826771653543,1204,120.0,404,0.48281786941580757,-127,652,198,874,230,1013,1182,137,452,2195,850,58.813667425968106,454,64.36327739387957,1104,91.58086560364465,644,0.43500511770726713,-315
E02000540,Hounslow,7,6,18.15040011680727,20.839676367869615,672.0,499.0,0.6843177189409368,0.5081466395112016,-0.1761710794297352,2.689276251062349,255.0,400.0,877,867,1744,655.0,58.48623853211009,-145.0,29.07639680729761,277.0,526.0,1207,1082,2289,803.0,63.653123634775014,-249.0,22.949461474730736,257.0,399.0,656.0,58.79759174311926,-142.0,29.64244521337947,306.0,650.0,956.0,86.89384010484928,-344.0,28.280961182994456,-287.0,309.0,596.0,-104.0,148.0,5.166885102664921,-6.126935332566873,-202.0,300.0,28.096248361730012,-1.3614840303850144,0.4996186117467582,0.7517201834862385,0.4565093803297328,0.7684578418523372,concordant,concordant,-0.0431092314170253,0.0167376583660987,5,435,400,499,397,1057,1105,180,238,2162,835,80.48103607770582,35,41.15421002838222,896,91.62950971322849,102,0.4823801270941652,-58,420,523,761,641,1343,1534,136,452,2877,943,76.35036496350365,-103,31.27326880119136,1402,169.55196385123392,120,0.40213219616204693,-316
E02000541,Hounslow,5,4,27.91974758084507,24.003567947217196,414.0,386.0,0.4215885947046843,0.3930753564154786,-0.0285132382892056,-3.916179633627874,385.0,133.0,639,884,1523,518.0,33.62114248194353,252.0,60.25039123630673,447.0,108.0,690,824,1514,555.0,31.88639365918098,339.0,64.78260869565217,540.0,118.0,658.0,41.83847669074195,422.0,61.085972850678736,540.0,106.0,646.0,37.807133421400266,434.0,65.53398058252428,373.0,467.0,94.0,87.0,37.0,-1.7347488227625512,4.532217459345439,12.0,-12.0,-4.031343269341683,4.448007731845543,0.4404761904761904,0.7721602101116218,0.4621149042464613,0.7932628797886394,concordant,concordant,0.0216387137702708,0.0211026696770175,3,602,75,943,75,744,1123,105,239,1867,677,24.1831815747188,527,80.91397849462365,1018,37.88162828066417,868,0.39941002949852505,-134,627,88,978,74,770,1147,80,323,1917,715,28.78247261345853,539,81.42857142857143,1052,37.7527386541471,904,0.4046406338426712,-243
E02000542,Hounslow,6,4,23.751090553426987,24.035698059714715,501.0,384.0,0.5101832993890021,0.3910386965376782,-0.1191446028513238,0.2846075062877276,544.0,388.0,983,1031,2014,932.0,104.80238331678252,156.0,55.340793489318415,415.0,380.0,893,1037,1930,795.0,81.70984455958549,35.0,46.472564389697645,523.0,337.0,860.0,87.51290963257199,186.0,50.727449078564504,561.0,390.0,951.0,113.36269430051811,171.0,54.09836065573771,471.0,603.0,132.0,-121.0,-137.0,-23.092538757197033,-8.86822909962077,-15.0,91.0,25.849784667946125,3.370911577173203,0.5200892857142857,0.8897715988083416,0.4553264604810996,0.9046632124352332,concordant,concordant,-0.064762825233186,0.0148916136268916,4,662,283,787,271,1099,1295,116,264,2394,945,78.25647451963242,379,60.23657870791629,1058,89.08813700918964,516,0.47179231153270096,-148,559,298,903,298,1037,1377,144,340,2414,857,69.006628003314,261,53.905496624879454,1201,111.47224523612262,605,0.4164237123420797,-196
E02000543,Hounslow,7,5,19.18650155998559,21.482577060116743,635.0,475.0,0.6466395112016293,0.4837067209775967,-0.1629327902240325,2.296075500131156,359.0,703.0,1284,1417,2701,1062.0,93.43835616438356,-344.0,27.9595015576324,292.0,648.0,1404,1395,2799,940.0,67.60128617363344,-356.0,20.7977207977208,371.0,651.0,1022.0,89.41910403554239,-280.0,26.182074805928018,406.0,744.0,1150.0,107.91854233654875,-338.0,29.10394265232975,315.0,702.0,387.0,-12.0,-122.0,-25.837069990750123,-7.161780759911601,-58.0,128.0,18.499438301006364,2.9218678464017316,0.5095969289827256,0.7715660866345798,0.4497607655502392,0.7466952483029653,concordant,concordant,-0.0598361634324863,-0.0248708383316145,5,561,695,715,645,1480,1758,196,341,3238,1256,120.4122915379864,-134,37.9054054054054,1360,142.42588017294625,70,0.4801223241590214,-145,457,642,970,731,1565,1959,161,564,3524,1099,83.25595913734392,-185,29.201277955271564,1701,201.21169125993188,239,0.3925,-403
E02000544,Hounslow,9,8,12.51328812172216,14.279776210400478,821.0,722.0,0.8360488798370672,0.7352342158859471,-0.1008146639511201,1.766488088678317,53.0,421.0,575,560,1135,474.0,19.659030837004405,-368.0,9.217391304347826,28.0,402.0,501,523,1024,430.0,10.9921875,-374.0,5.588822355289421,50.0,455.0,505.0,20.044052863436125,-405.0,8.928571428571429,47.0,414.0,461.0,19.001953125,-367.0,8.98661567877629,-345.0,61.0,406.0,-6.0,-44.0,-8.666843337004405,-3.6285689490584048,38.0,-44.0,-1.042099738436125,0.0580442502048619,0.484167517875383,0.8625550660792951,0.4826038159371493,0.8701171875,concordant,concordant,-0.0015637019382337,0.0075621214207048,7,106,618,104,557,677,759,102,199,1436,724,45.618384401114206,-512,15.657311669128507,661,40.33983286908078,-453,0.5227436823104693,-97,70,675,94,500,588,799,87,276,1387,745,34.066330209084356,-605,11.904761904761903,594,33.88608507570296,-406,0.556385362210605,-189
E02000545,Hounslow,5,4,27.00664685124068,25.576557938913496,427.0,343.0,0.434826883910387,0.3492871690427698,-0.0855397148676171,-1.4300889123271858,504.0,134.0,703,683,1386,638.0,48.72727272727273,370.0,71.6927453769559,462.0,74.0,650,600,1250,536.0,27.3504,388.0,71.07692307692308,457.0,129.0,586.0,42.53463203463203,328.0,66.91068814055637,472.0,113.0,585.0,42.6688,359.0,78.66666666666666,443.0,506.0,63.0,18.0,-102.0,-21.37687272727273,-0.6158223000328178,31.0,-1.0,0.1341679653679648,11.755978526110283,0.5212418300653595,0.8831168831168831,0.4781445138269402,0.8968,concordant,concordant,-0.0430973162384192,0.0136831168831169,3,695,105,754,101,854,917,151,234,1771,800,41.205533596837945,590,81.38173302107728,855,43.00056465273857,653,0.48338368580060426,-83,627,55,859,77,772,960,122,360,1732,682,19.91050808314088,572,81.21761658031087,936,38.18879907621247,782,0.4215080346106304,-238
E02000546,Hounslow,7,5,20.05068151692308,21.02405940594059,614.0,490.0,0.6252545824847251,0.4989816700610998,-0.1262729124236253,0.9733778890175168,139.0,518.0,742,853,1595,657.0,45.1423197492163,-379.0,18.733153638814017,82.0,419.0,645,728,1373,501.0,25.024034959941737,-337.0,12.713178294573645,190.0,393.0,583.0,46.81504702194357,-203.0,22.27432590855803,109.0,386.0,495.0,30.643845593590676,-277.0,14.972527472527473,-67.0,212.0,279.0,42.0,-156.0,-20.11828478927456,-6.019975344240372,-74.0,-88.0,-16.171201428352894,-7.301798436030557,0.5298387096774193,0.7774294670846394,0.5030120481927711,0.7254187909686817,concordant,concordant,-0.0268266614846481,-0.0520106761159577,5,282,515,441,392,885,1102,143,249,1987,797,73.09008555611474,-233,31.864406779661014,833,87.00150981378964,49,0.48895705521472393,-106,193,418,526,383,754,1139,109,411,1893,611,42.61701003697834,-225,25.59681697612732,909,106.42260961436872,143,0.4019736842105263,-302
E02000547,Hounslow,5,6,24.223362533119655,20.505488107236445,481.0,519.0,0.4898167006109979,0.5285132382892057,0.0386965376782077,-3.7178744258832097,352.0,100.0,711,702,1413,452.0,24.911535739561216,252.0,49.507735583684955,385.0,106.0,699,508,1207,491.0,33.811101905550956,279.0,55.07868383404863,361.0,115.0,476.0,29.38075017692852,246.0,51.42450142450142,237.0,104.0,341.0,20.420878210439103,133.0,46.653543307086615,-210.0,152.0,362.0,27.0,39.0,8.89956616598974,5.570948250363678,-113.0,-135.0,-8.959871966489416,-4.770958117414807,0.4870689655172414,0.656758669497523,0.5901442307692307,0.6893123446561723,concordant,concordant,0.1030752652519893,0.0325536751586492,4,394,217,496,243,871,1001,160,299,1872,611,45.672008547008545,177,45.2353616532721,739,64.38461538461539,253,0.4525925925925926,-139,384,219,605,219,819,935,120,427,1754,603,47.94526795895097,165,46.88644688644688,824,75.53876852907639,386,0.42256482130343376,-307
E02000548,Hounslow,5,4,27.929896883445014,27.051314066708105,413.0,300.0,0.4205702647657841,0.3054989816700611,-0.115071283095723,-0.8785828167369125,449.0,97.0,836,539,1375,546.0,31.67490909090909,352.0,53.70813397129187,306.0,59.0,646,463,1109,365.0,16.279531109107303,247.0,47.368421052631575,254.0,138.0,392.0,25.492363636363635,116.0,47.124304267161406,240.0,101.0,341.0,21.857529305680792,139.0,51.83585313174947,410.0,463.0,53.0,-105.0,-181.0,-15.395377981801786,-6.339712918660297,23.0,-51.0,-3.6348343306828426,4.71154886458806,0.582089552238806,0.6821818181818182,0.5169971671388102,0.6366095581605049,concordant,concordant,-0.0650923850999958,-0.0455722600213133,3,847,63,673,105,1026,819,190,280,1845,910,28.921951219512195,784,82.55360623781677,778,38.300813008130085,568,0.5390995260663507,-90,595,54,809,54,761,897,115,434,1658,649,19.378769601930035,541,78.18659658344284,863,26.348612786489745,755,0.42923280423280424,-319
E02000549,Hounslow,6,5,23.18175690841427,22.363031332280148,528.0,442.0,0.5376782077393075,0.45010183299389,-0.0875763747454175,-0.8187255761341206,326.0,377.0,915,728,1643,703.0,74.80340839926963,-51.0,35.62841530054644,321.0,358.0,847,684,1531,679.0,75.06074461136512,-37.0,37.89846517119244,286.0,529.0,815.0,92.08399269628728,-243.0,39.285714285714285,272.0,424.0,696.0,75.32854343566297,-152.0,39.76608187134503,100.0,371.0,271.0,14.0,-24.0,0.2573362120954954,2.270049870645998,91.0,-119.0,-16.755449260624317,0.480367585630745,0.4631093544137022,0.923919659160073,0.4938181818181818,0.8981058131939909,concordant,concordant,0.0307088274044796,-0.0258138459660821,4,505,202,669,295,1094,1111,179,383,2205,707,46.26303854875283,303,46.16087751371115,964,89.50340136054422,374,0.42309994015559543,-204,520,183,829,289,1041,1239,194,555,2280,703,41.73684210526316,337,49.95196926032661,1118,105.07938596491228,540,0.38605161998901705,-361
E02000550,Hounslow,5,4,26.317826609137057,26.45205352662392,444.0,315.0,0.4521384928716904,0.3207739307535641,-0.1313645621181263,0.1342269174868633,409.0,125.0,790,665,1455,534.0,35.13745704467354,284.0,51.77215189873417,365.0,68.0,612,563,1175,433.0,21.123404255319148,297.0,59.64052287581699,338.0,159.0,497.0,36.9360824742268,179.0,50.82706766917293,376.0,91.0,467.0,29.12,285.0,66.78507992895204,379.0,436.0,57.0,13.0,-101.0,-14.014052789354391,7.868370977082819,106.0,-30.0,-7.8160824742268,15.95801225977911,0.5179437439379243,0.7085910652920963,0.4811111111111111,0.7659574468085106,concordant,concordant,-0.0368326328268132,0.0573663815164143,4,443,212,636,260,964,1065,174,400,2029,655,46.28684080827994,231,45.954356846473026,896,81.49827501232134,376,0.4223081882656351,-226,363,122,822,178,741,1103,129,540,1844,485,24.016268980477225,241,48.987854251012145,1000,79.3470715835141,644,0.3265993265993266,-411
E02000551,Hounslow,2,2,36.34527624796842,31.844579723090664,197.0,156.0,0.2006109979633401,0.1588594704684317,-0.0417515274949083,-4.500696524877757,664.0,6.0,679,641,1320,670.0,3.018181818181818,658.0,97.79086892488954,569.0,3.0,587,417,1004,572.0,1.700199203187251,566.0,96.9335604770017,632.0,9.0,641.0,4.3090909090909095,623.0,98.59594383775352,390.0,4.0,394.0,1.5537848605577689,386.0,93.5251798561151,547.0,554.0,7.0,-92.0,-98.0,-1.317982614994567,-0.8573084478878314,-237.0,-247.0,-2.7553060485331407,-5.070763981638422,0.5110602593440122,0.9931818181818182,0.5921325051759835,0.9621513944223108,concordant,concordant,0.0810722458319712,-0.0310304237595073,2,683,7,775,12,746,820,67,179,1566,690,3.053001277139208,676,91.5549597855228,787,5.938697318007663,763,0.46716316858496953,-112,637,13,670,4,676,708,89,291,1384,650,5.983381502890174,624,94.23076923076923,674,1.9364161849710984,666,0.4909365558912387,-202
E02000552,Hounslow,7,7,18.244348255504477,17.81200153718813,664.0,601.0,0.6761710794297352,0.6120162932790224,-0.0641547861507128,-0.4323467183163458,138.0,336.0,774,421,1195,474.0,38.801673640167365,-198.0,17.829457364341085,104.0,278.0,611,405,1016,382.0,28.456692913385822,-174.0,17.02127659574468,58.0,549.0,607.0,26.64602510460251,-491.0,13.77672209026128,98.0,416.0,514.0,40.125984251968504,-318.0,24.19753086419753,-221.0,72.0,293.0,24.0,-92.0,-10.344980726781545,-0.8081807685964044,173.0,-93.0,13.479959147365992,10.420808773936251,0.4384828862164662,0.9046025104602512,0.4263392857142857,0.8818897637795275,concordant,concordant,-0.0121436005021805,-0.0227127466807235,5,390,336,532,548,1026,892,252,471,1918,726,68.32116788321167,54,38.01169590643275,1080,152.0,-16,0.4019933554817276,-219,304,278,630,416,810,937,199,532,1747,582,48.37550085861477,26,37.53086419753087,1046,150.01717229536348,214,0.3574938574938575,-333
E02000553,Hounslow,5,5,26.135274965934897,21.705608289550497,446.0,466.0,0.4541751527494908,0.4745417515274949,0.020366598778004,-4.4296666763844,281.0,69.0,463,337,800,350.0,24.23625,212.0,60.69114470842333,233.0,68.0,358,288,646,301.0,24.526315789473685,165.0,65.08379888268156,207.0,69.0,276.0,17.85375,138.0,61.42433234421365,164.0,73.0,237.0,18.53250773993808,91.0,56.94444444444444,59.0,167.0,108.0,-47.0,-49.0,0.2900657894736866,4.392654174258233,-47.0,-39.0,0.678757739938078,-4.47988789976921,0.5591054313099042,0.7825,0.5594795539033457,0.8328173374613003,concordant,concordant,0.0003741225934414,0.0503173374613002,4,288,91,353,114,530,530,67,193,1060,379,24.724528301886792,197,54.339622641509436,467,37.96415094339623,239,0.44799054373522457,-126,248,92,386,102,433,543,75,255,976,340,23.37704918032787,156,57.27482678983834,488,40.34016393442623,284,0.4106280193236715,-180
E02000554,Islington,1,1,44.20665810607711,36.66239345756532,75.0,52.0,0.0763747454175152,0.0529531568228105,-0.0234215885947046,-7.544264648511785,802.0,0.0,917,1068,1985,802.0,0.0,802.0,87.45910577971647,821.0,0.0,950,1051,2001,821.0,0.0,821.0,86.42105263157895,948.0,0.0,948.0,0.0,948.0,88.76404494382022,900.0,0.0,900.0,0.0,900.0,85.6327307326356,826.0,826.0,0.0,19.0,19.0,0.0,-1.0380531481375217,-48.0,-48.0,0.0,-3.1313142111846304,0.4582857142857143,0.8816120906801007,0.4770482277745497,0.8600699650174912,concordant,concordant,0.0187625134888353,-0.0215421256626094,1,1041,0,1117,0,1157,1251,240,183,2408,1041,0.0,1041,89.97407087294728,1117,0.0,1117,0.4823911028730306,57,960,0,1294,0,1106,1450,156,399,2556,960,0.0,960,86.79927667269439,1294,0.0,1294,0.4259094942324756,-243
E02000555,Islington,3,4,34.1693764019983,26.463004525817738,256.0,314.0,0.2606924643584521,0.319755600814664,0.0590631364562118,-7.706371876180565,461.0,351.0,989,1099,2088,812.0,77.49568965517241,110.0,46.61274014155713,515.0,397.0,1067,1172,2239,912.0,91.31531933899062,118.0,48.26616682286786,557.0,408.0,965.0,108.83908045977012,149.0,50.68243858052776,635.0,423.0,1058.0,119.96650290308172,212.0,54.18088737201365,7.0,486.0,479.0,8.0,100.0,13.819629683818206,1.6534266813107266,63.0,93.0,11.127422443311602,3.4984487914858917,0.4569499155880698,0.8510536398467433,0.4629441624365482,0.8798570790531487,concordant,concordant,0.0059942468484784,0.0288034392064053,2,710,172,815,178,1237,1355,248,256,2592,882,47.114197530864196,538,57.39692805173807,993,55.96836419753087,637,0.4704,-8,767,197,1007,213,1312,1543,245,371,2855,964,52.924343257443084,570,58.46036585365854,1220,75.12819614711033,794,0.4413919413919414,-126
E02000556,Islington,3,3,35.42910184352518,28.7203258596326,215.0,242.0,0.2189409368635438,0.2464358452138492,0.0274949083503054,-6.708775983892583,636.0,441.0,1305,1367,2672,1077.0,104.9685628742515,195.0,48.735632183908045,797.0,682.0,1734,1697,3431,1479.0,158.4243660740309,115.0,45.963091118800456,720.0,427.0,1147.0,115.05988023952096,293.0,52.67008046817849,749.0,661.0,1410.0,144.29874672107258,88.0,44.136711844431346,525.0,1013.0,488.0,-80.0,402.0,53.45580319977939,-2.772541065107589,-205.0,263.0,29.23886648155161,-8.533368623747144,0.4842625899280575,0.8323353293413174,0.5119418483904465,0.8420285631011367,concordant,concordant,0.027679258462389,0.0096932337598193,2,1011,249,995,223,1678,1639,373,272,3317,1260,75.89357853482062,762,60.25029797377831,1218,66.89327705758215,772,0.5084745762711864,101,1329,388,1215,381,2262,2157,528,460,4419,1717,116.6897488119484,941,58.753315649867375,1596,104.75560081466395,834,0.5182613945064896,68
E02000557,Islington,2,2,39.67167364844904,32.96260871100648,145.0,125.0,0.1476578411405295,0.1272912423625254,-0.020366598778004,-6.709064937442555,636.0,151.0,898,961,1859,787.0,51.66003227541689,485.0,70.8240534521158,701.0,177.0,1051,1092,2143,878.0,57.8987400839944,524.0,66.69838249286394,664.0,112.0,776.0,40.00430338891877,552.0,69.09469302809573,764.0,195.0,959.0,69.51936537564163,569.0,69.96336996336996,661.0,808.0,147.0,39.0,91.0,6.238707808577509,-4.125670959251863,17.0,183.0,29.515061986722856,0.8686769352742232,0.5035188739603327,0.8407746100053792,0.4779531845400109,0.8572095193653756,concordant,concordant,-0.0255656894203217,0.0164349093599963,2,684,160,680,117,1117,1163,219,202,2280,844,48.0,524,61.235452103849596,797,34.89473684210526,563,0.514320536258379,17,725,182,887,196,1255,1403,204,311,2658,907,49.6425884123401,543,57.76892430278885,1083,65.40707298720842,691,0.4557788944723618,-107
E02000558,Islington,1,1,51.70868340473506,41.073897152700376,15.0,17.0,0.015274949083503,0.0173116089613034,0.0020366598778004,-10.634786252034688,681.0,0.0,846,992,1838,681.0,0.0,681.0,80.49645390070921,919.0,0.0,1139,1264,2403,919.0,0.0,919.0,80.68481123792802,830.0,0.0,830.0,0.0,830.0,83.66935483870968,1025.0,0.0,1025.0,0.0,1025.0,81.09177215189874,951.0,951.0,0.0,238.0,238.0,0.0,0.1883573372188038,195.0,195.0,0.0,-2.577582686810942,0.4506949040370615,0.8220892274211099,0.4727366255144033,0.8089887640449438,concordant,concordant,0.0220417214773417,-0.0131004633761661,1,859,0,980,0,1024,1159,178,167,2183,859,0.0,859,83.88671875,980,0.0,980,0.4671016856987493,11,1097,0,1348,0,1336,1598,197,334,2934,1097,0.0,1097,82.11077844311377,1348,0.0,1348,0.44867075664621675,-137
E02000559,Islington,4,6,29.6338894447232,19.866103088566167,371.0,536.0,0.3778004073319755,0.5458248472505092,0.1680244399185336,-9.767786356157032,390.0,611.0,1223,1186,2409,1001.0,98.91656288916565,-221.0,31.888798037612425,366.0,653.0,1239,1156,2395,1019.0,99.79039665970772,-287.0,29.539951573849876,388.0,673.0,1061.0,108.39518472395184,-285.0,32.715008431703204,340.0,702.0,1042.0,99.65762004175366,-362.0,29.411764705882355,-584.0,245.0,829.0,-66.0,18.0,0.8738337705420776,-2.3488464637625484,-77.0,-19.0,-8.737564682198183,-3.303243725820849,0.4854510184287099,0.8559568285595683,0.4944201843765162,0.8605427974947808,concordant,concordant,0.0089691659478062,0.0045859689352124,3,758,611,609,670,1664,1468,441,282,3132,1369,147.87292464878672,147,45.55288461538461,1279,130.27777777777777,-61,0.5169939577039275,159,493,644,701,699,1443,1580,204,424,3023,1137,105.02547138604035,-151,34.16493416493417,1400,162.09030764141582,2,0.44816712652739454,-220
E02000560,Islington,3,4,35.31843022894291,26.430689837598425,218.0,316.0,0.2219959266802444,0.3217922606924643,0.0997963340122199,-8.887740391344483,562.0,519.0,1103,1292,2395,1081.0,121.78622129436326,43.0,50.951949229374435,459.0,662.0,1181,1563,2744,1121.0,110.73542274052478,-203.0,38.8653683319221,542.0,364.0,906.0,82.3749478079332,178.0,41.95046439628483,645.0,533.0,1178.0,125.28607871720116,112.0,41.26679462571977,-321.0,406.0,727.0,-246.0,40.0,-11.050798553838476,-12.086580897452336,-66.0,272.0,42.91113090926797,-0.6836697705650607,0.5440362355309512,0.8296450939457203,0.4876033057851239,0.8378279883381924,concordant,divergent,-0.0564329297458272,0.0081828943924721,2,983,259,746,187,1519,1495,416,203,3014,1242,84.47146648971467,724,64.71362738643845,933,46.284671532846716,559,0.5710344827586207,213,708,304,1084,275,1425,2000,244,437,3425,1012,62.8414598540146,404,49.684210526315795,1359,87.03649635036497,809,0.4268241248418389,-193
E02000561,Islington,4,7,28.651836133488253,17.51918631961259,390.0,610.0,0.3971486761710794,0.6211812627291242,0.2240325865580448,-11.132649813875664,373.0,573.0,884,1157,2041,946.0,104.71778539931408,-200.0,42.19457013574661,312.0,443.0,873,1030,1903,755.0,72.63058328954283,-131.0,35.738831615120276,452.0,414.0,866.0,91.6844683978442,38.0,39.06655142610199,431.0,446.0,877.0,101.01208617971623,-15.0,41.84466019417476,-605.0,141.0,746.0,69.0,-191.0,-32.087202109771255,-6.455738520626333,-53.0,11.0,9.327617781872036,2.7781087680727694,0.522075055187638,0.8878000979911808,0.4626225490196078,0.8575932737782449,divergent,concordant,-0.0594525061680301,-0.0302068242129358,3,635,566,624,412,1201,1380,317,223,2581,1201,139.25222781867492,69,52.872606161532055,1036,99.60790391321193,212,0.5368797496647295,94,463,442,758,444,1066,1411,193,381,2477,905,82.61849010900282,21,43.43339587242026,1202,135.87081146548243,314,0.4295206454674893,-188
E02000562,Islington,3,5,33.86163829594152,23.77685093725446,263.0,394.0,0.2678207739307535,0.4012219959266802,0.1334012219959267,-10.08478735868706,408.0,326.0,883,995,1878,734.0,70.82428115015975,82.0,46.206115515288786,408.0,362.0,848,934,1782,770.0,82.88215488215488,46.0,48.113207547169814,538.0,359.0,897.0,102.84451544195952,179.0,54.07035175879397,432.0,331.0,763.0,80.24242424242425,101.0,46.25267665952891,-282.0,262.0,544.0,-36.0,36.0,12.05787373199513,1.907092031881028,-78.0,-134.0,-22.602091199535263,-7.81767509926506,0.4500306560392397,0.8684771033013845,0.502283105022831,0.8602693602693603,concordant,concordant,0.0522524489835912,-0.0082077430320242,2,637,126,751,134,1112,1206,229,211,2318,763,34.62553925798102,511,57.2841726618705,885,43.41415012942191,617,0.46298543689320387,18,552,144,806,149,992,1304,144,370,2296,696,34.62020905923345,408,55.64516129032258,955,52.305749128919864,657,0.4215626892792247,-226
E02000563,Islington,2,1,39.88601800730616,36.07100637459434,138.0,61.0,0.1405295315682281,0.0621181262729124,-0.0784114052953156,-3.815011632711815,732.0,180.0,1106,1109,2215,912.0,59.48532731376975,552.0,66.18444846292948,666.0,181.0,1083,1094,2177,847.0,55.37253100597152,485.0,61.495844875346265,719.0,182.0,901.0,59.07810383747179,537.0,64.8331830477908,738.0,228.0,966.0,77.29168580615526,510.0,67.45886654478977,934.0,934.0,0.0,-67.0,-65.0,-4.112796307798234,-4.688603587583216,-27.0,65.0,18.21358196868347,2.625683496998974,0.5030336458907887,0.818510158013544,0.4671814671814672,0.8327974276527331,concordant,concordant,-0.0358521787093215,0.0142872696391891,2,884,184,827,187,1464,1412,358,303,2876,1068,56.55632823365786,700,60.38251366120219,1014,53.77225312934632,640,0.5129682997118156,55,657,189,851,242,1269,1401,186,307,2670,846,46.50674157303371,468,51.77304964539007,1093,77.13183520599252,609,0.4363073749355338,-121
E02000564,Islington,2,3,40.306716794390184,28.143238711292877,130.0,259.0,0.1323828920570264,0.2637474541751528,0.1313645621181263,-12.163478083097306,962.0,261.0,1451,1609,3060,1223.0,82.05294117647058,701.0,66.29910406616126,1227.0,321.0,1877,1883,3760,1548.0,104.75186170212766,906.0,65.37027171017581,1074.0,225.0,1299.0,78.97058823529412,849.0,66.74953387197017,1257.0,322.0,1579.0,107.64734042553192,935.0,66.75517790759426,597.0,1075.0,478.0,205.0,325.0,22.698920525657073,-0.928832355985449,86.0,280.0,28.676752190237806,0.0056440356240869,0.4849325931800158,0.8241830065359477,0.4950431723696834,0.8316489361702127,concordant,concordant,0.0101105791896675,0.007465929634265,2,1223,277,1162,241,1906,1980,455,371,3886,1500,87.17730313947504,946,64.16579223504722,1403,72.06433350488935,921,0.5167068549776094,84,1297,345,1531,332,2306,2485,429,602,4791,1642,93.39699436443331,952,56.24457935819601,1863,106.09309121269047,1199,0.46847360912981456,-173
E02000565,Islington,2,3,41.51373079882741,30.05893744323342,116.0,202.0,0.1181262729124236,0.2057026476578411,0.0875763747454175,-11.454793355593988,471.0,150.0,882,1000,1882,621.0,37.53985122210415,321.0,53.40136054421769,558.0,253.0,937,994,1931,811.0,73.10926980838944,305.0,59.55176093916755,597.0,168.0,765.0,53.29224229543039,429.0,59.7,524.0,166.0,690.0,45.04609010875194,358.0,52.716297786720325,137.0,478.0,341.0,-16.0,190.0,35.569418586285295,6.1504003949498625,-71.0,-75.0,-8.24615218667845,-6.9837022132796776,0.448051948051948,0.7364505844845909,0.5403064623584277,0.7773174520973589,concordant,concordant,0.0922545143064796,0.040866867612768,2,611,162,572,172,1165,1163,283,163,2328,773,42.5180412371134,449,52.44635193133047,744,42.261168384879724,400,0.5095583388266315,120,594,258,636,175,1144,1284,207,290,2428,852,63.11861614497529,336,51.92307692307693,811,45.84019769357496,461,0.5123271196632592,-83
E02000566,Islington,4,6,28.95529662052915,19.400200328407223,385.0,561.0,0.3920570264765784,0.5712830957230143,0.1792260692464358,-9.555096292121933,362.0,536.0,938,1052,1990,898.0,97.5035175879397,-174.0,38.59275053304904,407.0,583.0,1244,1115,2359,990.0,100.58541754980924,-176.0,32.71704180064309,399.0,418.0,817.0,83.81005025125629,-19.0,37.9277566539924,384.0,675.0,1059.0,109.87706655362442,-291.0,34.43946188340807,-474.0,263.0,737.0,-2.0,92.0,3.081899961869538,-5.875708732405954,-272.0,242.0,26.06701630236813,-3.488294770584325,0.5236151603498542,0.8618090452261307,0.4831625183016105,0.8685883849088597,concordant,concordant,-0.0404526420482436,0.006779339682729,3,580,533,585,418,1246,1281,308,229,2527,1113,122.33478432924416,47,46.54895666131621,1003,96.76691729323308,167,0.525992438563327,79,538,583,700,666,1471,1502,227,387,2973,1121,105.50084090144635,-45,36.57375934738273,1366,156.81130171543896,34,0.4507438681141938,-160
E02000567,Islington,2,3,37.64801429909249,27.776161795226567,176.0,271.0,0.1792260692464358,0.2759674134419552,0.0967413441955193,-9.87185250386592,692.0,216.0,1218,1364,2582,908.0,57.89000774593338,476.0,56.81444991789819,786.0,191.0,1351,1283,2634,977.0,56.99544419134397,595.0,58.17912657290896,865.0,197.0,1062.0,65.99728892331525,668.0,63.41642228739003,854.0,263.0,1117.0,85.27031131359149,591.0,66.56274356975838,413.0,692.0,279.0,119.0,69.0,-0.8945635545894106,1.3646766550107756,-77.0,55.0,19.27302239027624,3.146321282368355,0.4609137055837563,0.7629744384198296,0.4665711556829035,0.7949886104783599,concordant,concordant,0.0056574500991471,0.0320141720585303,2,892,230,907,205,1552,1612,334,248,3164,1122,64.84197218710493,662,57.47422680412371,1112,58.76580278128951,702,0.5022381378692927,86,716,206,1013,277,1530,1688,179,405,3218,922,45.834679925419515,510,46.79738562091503,1290,87.19732753262896,736,0.4168173598553345,-226
E02000568,Islington,1,2,42.750898618181814,31.54204006648587,99.0,162.0,0.1008146639511201,0.164969450101833,0.0641547861507128,-11.208858551695943,1067.0,0.0,1280,1242,2522,1067.0,0.0,1067.0,83.359375,1295.0,0.0,1616,1393,3009,1295.0,0.0,1295.0,80.13613861386139,1052.0,0.0,1052.0,0.0,1052.0,84.70209339774557,1166.0,0.0,1166.0,0.0,1166.0,83.70423546302943,990.0,1131.0,141.0,228.0,228.0,0.0,-3.223236386138609,114.0,114.0,0.0,-0.9978579347161372,0.5035394053798962,0.8402061855670103,0.5262088581877286,0.8178796942505816,concordant,concordant,0.0226694528078323,-0.0223264913164287,1,1499,0,1396,0,1722,1613,442,371,3335,1499,0.0,1499,87.0499419279907,1396,0.0,1396,0.5177892918825562,71,1669,0,1575,0,1994,1812,378,419,3806,1669,0.0,1669,83.70110330992979,1575,0.0,1575,0.5144882860665845,-41
E02000569,Islington,2,3,40.09482606465775,29.2265388215859,135.0,225.0,0.1374745417515274,0.2291242362525458,0.0916496945010183,-10.868287243071851,684.0,157.0,996,1221,2217,841.0,48.43843031123139,527.0,68.67469879518072,686.0,228.0,1077,1307,2384,914.0,65.60738255033557,458.0,63.69545032497679,829.0,125.0,954.0,46.741091565178166,704.0,67.8951678951679,816.0,207.0,1023.0,70.85234899328859,609.0,62.433052792654934,313.0,628.0,315.0,-69.0,73.0,17.16895223910418,-4.9792484702039275,-95.0,69.0,24.11125742811042,-5.462115102512968,0.4685236768802228,0.8096526838069463,0.4718637067630356,0.8125,concordant,concordant,0.0033400298828127,0.0028473161930536,2,837,164,875,130,1266,1452,270,231,2718,1001,50.503311258278146,673,66.11374407582939,1005,41.85062545989698,745,0.49900299102691925,39,728,234,968,212,1291,1670,214,363,2961,962,57.53191489361702,494,56.390395042602634,1180,69.306315433975,756,0.44911297852474324,-149
E02000570,Islington,6,7,22.861351986070808,16.23433839592219,536.0,650.0,0.5458248472505092,0.6619144602851323,0.1160896130346231,-6.627013590148618,253.0,782.0,1210,1071,2281,1035.0,86.73651907058307,-529.0,20.909090909090907,164.0,988.0,1139,1226,2365,1152.0,68.51247357293869,-824.0,14.398595258999125,208.0,866.0,1074.0,78.96887330118369,-658.0,19.421101774042953,159.0,887.0,1046.0,59.633403805496826,-728.0,12.969004893964112,-856.0,145.0,1001.0,-295.0,117.0,-18.224045497644383,-6.510495650091782,-70.0,-28.0,-19.335469495686866,-6.452096880078841,0.4907539118065434,0.9245944761069708,0.5241128298453139,0.92938689217759,concordant,concordant,0.0333589180387705,0.0047924160706191,4,615,757,496,834,1556,1342,346,271,2898,1372,160.6469979296066,-142,39.52442159383033,1330,142.74120082815736,-338,0.5077720207253886,75,389,968,539,854,1353,1586,214,360,2939,1357,128.12249064307588,-579,28.750923872875095,1393,156.61993875467846,-315,0.4934545454545455,-146
E02000571,Islington,2,2,37.9650182505292,31.614917768317273,169.0,160.0,0.1720977596741344,0.1629327902240326,-0.0091649694501018,-6.350100482211925,511.0,134.0,825,860,1685,645.0,40.63738872403561,377.0,61.93939393939394,594.0,195.0,1090,1054,2144,789.0,54.02518656716418,399.0,54.49541284403669,542.0,177.0,719.0,56.93412462908012,365.0,63.0232558139535,674.0,237.0,911.0,74.50466417910448,437.0,63.946869070208734,699.0,817.0,118.0,22.0,144.0,13.387797843128569,-7.443981095357245,72.0,192.0,17.570539550024364,0.923613256255237,0.4728739002932551,0.8094955489614243,0.4641176470588235,0.792910447761194,concordant,concordant,-0.0087562532344316,-0.0165851012002302,2,608,139,594,181,1018,1053,193,193,2071,747,40.80733944954128,469,59.72495088408645,775,51.91405118300338,413,0.4908015768725361,0,637,199,790,255,1256,1344,166,290,2600,836,48.755,438,50.71656050955414,1045,77.48076923076923,535,0.4444444444444444,-124
E02000572,Islington,1,1,43.131039621981095,35.59977105879728,87.0,70.0,0.0885947046843177,0.0712830957230142,-0.0173116089613034,-7.531268563183815,771.0,0.0,893,981,1874,771.0,0.0,771.0,86.33818589025756,785.0,0.0,902,872,1774,785.0,0.0,785.0,87.02882483370288,777.0,0.0,777.0,0.0,777.0,79.20489296636084,689.0,0.0,689.0,0.0,689.0,79.0137614678899,803.0,803.0,0.0,14.0,14.0,0.0,0.6906389434453217,-88.0,-88.0,0.0,-0.1911314984709378,0.4980620155038759,0.8260405549626467,0.5325644504748982,0.830890642615558,concordant,concordant,0.0345024349710222,0.0048500876529112,1,967,0,964,0,1133,1172,240,191,2305,967,0.0,967,85.34863195057369,964,0.0,964,0.5007767995857069,49,976,0,896,0,1104,1081,202,209,2185,976,0.0,976,88.40579710144928,896,0.0,896,0.5213675213675214,-7
E02000573,Islington,5,5,28.207348281069866,21.750924327176783,403.0,463.0,0.4103869653767821,0.4714867617107943,0.0610997963340121,-6.456423953893083,320.0,882.0,977,1412,2389,1202.0,118.14148179154458,-562.0,32.75332650972365,416.0,886.0,1686,1437,3123,1302.0,118.01985270573168,-470.0,24.67378410438909,437.0,562.0,999.0,102.802009208874,-125.0,30.94900849858357,429.0,1085.0,1514.0,149.04418828049953,-656.0,29.853862212943632,-236.0,500.0,736.0,92.0,100.0,-0.1216290858128985,-8.07954240533456,-531.0,515.0,46.24217907162553,-1.095146285639938,0.5461154020899591,0.921305985768104,0.4623579545454545,0.9016970861351264,concordant,concordant,-0.0837574475445045,-0.0196088996329774,3,740,647,759,456,1356,1692,379,280,3048,1387,157.08005249343833,93,54.572271386430685,1215,113.55118110236221,303,0.5330514988470407,99,777,693,857,875,2012,1829,326,392,3841,1470,140.18771153345483,84,38.618290258449306,1732,195.22910700338454,-18,0.4590880699562773,-66
E02000574,Islington,4,4,32.487012750264675,25.39780703695508,296.0,345.0,0.3014256619144603,0.3513238289205703,0.0498981670061099,-7.089205713309596,516.0,772.0,1151,1478,2629,1288.0,151.52225180677064,-256.0,44.83058210251955,497.0,662.0,1165,1429,2594,1159.0,126.83654587509638,-165.0,42.66094420600858,541.0,563.0,1104.0,115.8550779764169,-22.0,36.60351826792964,644.0,573.0,1217.0,142.25597532767927,71.0,45.066480055983206,-29.0,515.0,544.0,91.0,-129.0,-24.685705931674264,-2.16963789651097,93.0,113.0,26.400897351262373,8.462961788053569,0.5384615384615384,0.9098516546215292,0.4877946127946128,0.9159599074787972,concordant,divergent,-0.0506669256669256,0.0061082528572681,3,820,761,687,557,1594,1723,443,245,3317,1581,188.12782634911065,59,51.44291091593476,1244,115.36297859511608,130,0.559646017699115,198,720,660,909,566,1506,1827,341,398,3333,1380,142.5742574257426,60,47.808764940239044,1475,154.36363636363637,343,0.48336252189141854,-57
E02000575,Islington,5,5,26.664670174557628,21.646702497769848,436.0,469.0,0.4439918533604888,0.4775967413441955,0.0336048879837067,-5.01796767678778,543.0,1403.0,1478,2060,3538,1946.0,215.32758620689657,-860.0,36.73883626522327,453.0,1174.0,1549,1928,3477,1627.0,152.95427092320966,-721.0,29.244673983214973,492.0,781.0,1273.0,108.60712266817411,-289.0,23.883495145631063,543.0,932.0,1475.0,145.54961173425366,-389.0,28.16390041493776,-576.0,493.0,1069.0,139.0,-319.0,-62.37331528368691,-7.494162282008297,-100.0,202.0,36.942489066079546,4.280405269306698,0.6045355700528114,0.9098360655737704,0.5245003223726628,0.8921484037963762,concordant,concordant,-0.0800352476801486,-0.0176876617773943,3,1641,1085,966,574,2487,2441,1009,381,4928,2726,361.29971590909093,556,65.98311218335344,1540,112.51704545454545,392,0.6390060947022972,628,1224,943,1100,729,2232,2417,683,489,4649,2167,248.2753280275328,281,54.83870967741935,1829,172.48870724887072,371,0.5422922922922923,194
E02000576,Islington,3,4,33.18792029931828,26.248406675017893,280.0,324.0,0.285132382892057,0.329938900203666,0.044806517311609,-6.939513624300385,533.0,473.0,980,1164,2144,1006.0,117.58815298507464,60.0,54.38775510204081,648.0,520.0,1344,1322,2666,1168.0,126.39159789947487,128.0,48.214285714285715,562.0,362.0,924.0,94.88992537313432,200.0,48.281786941580755,654.0,547.0,1201.0,134.185296324081,107.0,49.47049924357035,30.0,578.0,548.0,68.0,162.0,8.803444914400231,-6.173469387755098,-93.0,277.0,39.29537095094669,1.1887123019895969,0.5212435233160622,0.9001865671641791,0.4930350358801182,0.8885971492873218,concordant,concordant,-0.0282084874359439,-0.0115894178768573,2,951,312,731,209,1396,1330,416,166,2726,1263,108.84519442406456,639,68.12320916905445,940,56.04512105649303,522,0.5733091239219247,250,1059,359,967,330,1743,1630,399,308,3373,1418,112.71301512007115,700,60.75731497418244,1297,94.60717462199823,637,0.5222836095764273,91
E02000577,Kensington and Chelsea,1,1,48.76204338380331,48.5609447967714,29.0,2.0,0.0295315682281059,0.0020366598778004,-0.0274949083503055,-0.2010985870319075,434.0,0.0,507,567,1074,434.0,0.0,434.0,85.60157790927022,439.0,0.0,497,585,1082,439.0,0.0,439.0,88.32997987927565,522.0,0.0,522.0,0.0,522.0,92.06349206349206,520.0,0.0,520.0,0.0,520.0,88.88888888888889,410.0,410.0,0.0,5.0,5.0,0.0,2.728401970005436,-2.0,-2.0,0.0,-3.1746031746031775,0.4539748953974895,0.8901303538175046,0.4577685088633993,0.8863216266173752,concordant,concordant,0.0037936134659098,-0.0038087272001293,1,512,0,588,0,595,633,88,66,1228,512,0.0,512,86.05042016806723,588,0.0,588,0.46545454545454545,22,559,0,660,0,621,734,124,149,1355,559,0.0,559,90.01610305958133,660,0.0,660,0.4585726004922067,-25
E02000578,Kensington and Chelsea,2,1,42.02997782683684,42.82580601324953,110.0,10.0,0.1120162932790224,0.010183299389002,-0.1018329938900203,0.7958281864126917,246.0,40.0,440,360,800,286.0,12.3,206.0,55.90909090909091,196.0,41.0,288,324,612,237.0,13.130718954248366,155.0,68.05555555555556,249.0,107.0,356.0,33.30375,142.0,69.16666666666667,232.0,39.0,271.0,14.784313725490197,193.0,71.60493827160494,235.0,235.0,0.0,-51.0,-49.0,0.8307189542483648,12.14646464646465,51.0,-85.0,-18.519436274509804,2.438271604938265,0.4454828660436137,0.8025,0.4665354330708661,0.8300653594771242,concordant,concordant,0.0210525670272524,0.0275653594771242,2,278,43,302,109,493,446,53,86,939,321,12.730564430244941,235,56.3894523326572,411,35.05644302449414,193,0.4385245901639344,-33,229,44,332,41,334,451,46,127,785,273,12.835668789808917,185,68.562874251497,373,17.34012738853503,291,0.42260061919504643,-81
E02000579,Kensington and Chelsea,2,2,38.06222286675952,30.37523892123084,167.0,194.0,0.170061099796334,0.1975560081466395,0.0274949083503054,-7.686983945528677,514.0,91.0,787,840,1627,605.0,28.74861708666257,423.0,65.31130876747142,487.0,83.0,712,775,1487,570.0,27.18291862811029,404.0,68.39887640449437,590.0,112.0,702.0,40.61462814996927,478.0,70.23809523809523,569.0,84.0,653.0,32.14256893073302,485.0,73.41935483870968,383.0,498.0,115.0,-19.0,-35.0,-1.56569845855228,3.087567637022957,7.0,-49.0,-8.47205921923625,3.181259600614453,0.4628921193573068,0.803318992009834,0.4660670482420278,0.8224613315400134,concordant,concordant,0.003174928884721,0.0191423395301794,2,647,95,643,114,967,971,180,131,1938,742,31.715686274509803,552,66.90796277145812,757,37.8235294117647,529,0.494996664442962,49,530,95,795,85,861,1061,149,286,1922,625,26.196670135275756,435,61.55632984901278,880,35.15868886576483,710,0.4152823920265781,-137
E02000580,Kensington and Chelsea,2,1,39.83334010283074,35.25206233893729,139.0,76.0,0.1415478615071283,0.0773930753564154,-0.0641547861507128,-4.581277763893446,701.0,139.0,949,973,1922,840.0,50.69667013527575,562.0,73.86722866174921,553.0,99.0,738,749,1487,652.0,36.817081371889714,454.0,74.93224932249322,677.0,99.0,776.0,34.87148803329865,578.0,69.57862281603289,527.0,83.0,610.0,29.41560188298588,444.0,70.36048064085448,639.0,639.0,0.0,-108.0,-188.0,-13.87958876338604,1.0650206607440111,-134.0,-166.0,-5.455886150312768,0.7818578248215857,0.5198019801980198,0.8407908428720083,0.5166402535657686,0.8486886348352387,concordant,concordant,-0.0031617266322512,0.0078977919632303,2,825,140,753,116,1124,1104,175,131,2228,965,51.84021543985637,685,73.39857651245552,869,39.20466786355476,637,0.5261723009814613,44,616,106,654,96,846,923,108,174,1769,722,36.91124929338609,510,72.81323877068559,750,35.49123798756359,558,0.4904891304347826,-66
E02000581,Kensington and Chelsea,2,1,41.13415795560427,41.39443757988922,120.0,14.0,0.1221995926680244,0.0142566191446028,-0.1079429735234215,0.2602796242849479,298.0,80.0,481,593,1074,378.0,22.197392923649907,218.0,61.95426195426196,274.0,60.0,423,486,909,334.0,18.085808580858085,214.0,64.77541371158392,390.0,88.0,478.0,31.955307262569832,302.0,65.7672849915683,318.0,63.0,381.0,22.03960396039604,255.0,65.4320987654321,323.0,323.0,0.0,-4.0,-44.0,-4.111584342791822,2.821151757321964,-47.0,-97.0,-9.915703302173792,-0.3351862261362015,0.441588785046729,0.7970204841713222,0.4671328671328671,0.7865786578657866,concordant,concordant,0.0255440820861381,-0.0104418263055355,2,374,85,448,89,582,713,101,120,1295,459,24.54826254826255,289,64.26116838487972,537,30.78918918918919,359,0.4608433734939759,-19,339,63,392,65,523,599,100,113,1122,402,19.03475935828877,276,64.81835564053537,457,22.70944741532977,327,0.4679860302677532,-13
E02000582,Kensington and Chelsea,7,7,18.32628590024807,16.725240580519117,663.0,636.0,0.675152749490835,0.6476578411405295,-0.0274949083503055,-1.6010453197289571,255.0,655.0,890,1130,2020,910.0,82.68564356435644,-400.0,28.651685393258425,192.0,522.0,859,943,1802,714.0,55.61820199778025,-330.0,22.351571594877765,245.0,481.0,726.0,58.33910891089109,-236.0,21.68141592920354,256.0,510.0,766.0,72.45283018867924,-254.0,27.1474019088017,-185.0,235.0,420.0,70.0,-196.0,-27.067441566576193,-6.300113798380661,-18.0,40.0,14.113721277788152,5.4659859795981625,0.5562347188264058,0.80990099009901,0.4824324324324324,0.8213096559378469,concordant,concordant,-0.0738022863939734,0.0114086658388369,5,556,628,504,472,1168,1353,278,223,2521,1184,138.50376834589449,-72,47.6027397260274,976,94.36255454184847,32,0.5481481481481482,55,395,506,549,494,1030,1214,171,271,2244,901,89.06862745098039,-111,38.349514563106794,1043,120.85828877005348,55,0.463477366255144,-100
E02000583,Kensington and Chelsea,7,7,18.67698141448719,16.841671646078712,650.0,633.0,0.6619144602851323,0.6446028513238289,-0.0173116089613034,-1.8353097684084825,188.0,497.0,789,878,1667,685.0,56.0503899220156,-309.0,23.827629911280106,197.0,387.0,708,654,1362,584.0,55.97577092511013,-190.0,27.82485875706215,209.0,428.0,637.0,53.66046790641872,-219.0,23.804100227790435,176.0,396.0,572.0,51.17180616740088,-220.0,26.911314984709477,-65.0,232.0,297.0,119.0,-101.0,-0.074618996905464,3.9972288457820433,-1.0,-65.0,-2.488661739017836,3.107214756919042,0.5181543116490166,0.7930413917216557,0.5051903114186851,0.8487518355359766,concordant,concordant,-0.0129640002303315,0.0557104438143208,5,403,477,455,406,979,1100,190,222,2079,880,92.46320346320347,-74,41.16445352400409,861,88.85521885521885,49,0.5054566341183228,-32,336,361,492,380,839,954,131,300,1793,697,67.64974902398215,-25,40.047675804529206,872,104.27216954824317,112,0.44423199490121096,-169
E02000584,Kensington and Chelsea,9,9,12.80890083516752,11.600910576314122,807.0,802.0,0.8217922606924644,0.8167006109979633,-0.005091649694501,-1.207990258853398,19.0,770.0,860,904,1764,789.0,8.293650793650794,-751.0,2.2093023255813953,15.0,702.0,840,813,1653,717.0,6.3702359346642465,-687.0,1.7857142857142856,22.0,683.0,705.0,8.51814058956916,-661.0,2.433628318584071,35.0,704.0,739.0,14.906231094978828,-669.0,4.305043050430505,-609.0,41.0,650.0,64.0,-72.0,-1.923414858986548,-0.4235880398671097,-8.0,34.0,6.388090505409668,1.8714147318464336,0.5281124497991968,0.8469387755102041,0.4924450549450549,0.8808227465214761,concordant,concordant,-0.0356673948541418,0.0338839710112719,7,143,865,91,794,1027,1118,167,214,2145,1008,57.666666666666664,-722,13.924050632911392,885,33.68484848484849,-703,0.5324881141045958,-47,92,872,89,732,969,1052,129,239,2021,964,39.69520039584364,-780,9.494324045407637,821,32.23552696684809,-643,0.5400560224089636,-110
E02000585,Kensington and Chelsea,7,7,20.16497963239504,16.70170442499692,611.0,639.0,0.6221995926680245,0.6507128309572301,0.0285132382892056,-3.463275207398119,262.0,455.0,877,919,1796,717.0,66.37527839643653,-193.0,29.874572405929307,262.0,448.0,837,767,1604,710.0,73.17705735660847,-186.0,31.30227001194743,302.0,432.0,734.0,72.64142538975501,-130.0,32.861806311207836,214.0,470.0,684.0,62.70573566084788,-256.0,27.90091264667536,-118.0,276.0,394.0,7.0,-7.0,6.801778960171944,1.4276976060181248,-126.0,-50.0,-9.935689728907136,-4.9608936645324775,0.4941419710544452,0.8079064587973274,0.509325681492109,0.8690773067331671,concordant,concordant,0.0151837104376638,0.0611708479358397,5,472,448,545,414,1063,1148,186,229,2211,920,95.63817277250114,24,44.402634054562554,959,102.04884667571234,131,0.48962213943587013,-43,447,428,538,446,996,1054,159,287,2050,875,93.32487804878049,19,44.87951807228915,984,117.04780487804878,92,0.4706831629908553,-128
E02000586,Kensington and Chelsea,9,9,11.434909092032438,9.498918296739854,856.0,876.0,0.8716904276985743,0.8920570264765784,0.020366598778004,-1.935990795292584,79.0,861.0,959,1106,2065,940.0,32.938983050847455,-782.0,8.237747653806048,21.0,574.0,772,767,1539,595.0,7.832358674463937,-553.0,2.7202072538860103,27.0,637.0,664.0,8.328813559322034,-610.0,2.4412296564195297,22.0,590.0,612.0,8.43404808317089,-568.0,2.86831812255541,-487.0,68.0,555.0,229.0,-345.0,-25.10662437638352,-5.517540399920038,42.0,-52.0,0.1052345238488552,0.4270884661358805,0.5860349127182045,0.7767554479418887,0.4929577464788732,0.7842755035737492,concordant,concordant,-0.0930771662393312,0.0075200556318605,8,74,1249,20,990,1206,1341,247,235,2547,1323,36.28818217510797,-1175,6.135986733001658,1010,7.773851590106007,-970,0.5670810115730819,12,14,922,20,804,905,1001,133,234,1906,936,6.772298006295908,-908,1.5469613259668509,824,8.436516264428121,-784,0.5318181818181819,-101
E02000587,Kensington and Chelsea,8,9,13.35425247241792,11.36996299297677,785.0,812.0,0.7993890020366599,0.8268839103869654,0.0274949083503055,-1.9842894794411483,263.0,585.0,815,882,1697,848.0,90.66293459045374,-322.0,32.26993865030675,180.0,538.0,852,785,1637,718.0,59.156994502138055,-358.0,21.12676056338028,195.0,479.0,674.0,55.04124926340601,-284.0,22.10884353741497,182.0,583.0,765.0,64.81734880879658,-401.0,23.18471337579618,-506.0,74.0,580.0,-36.0,-130.0,-31.50594008831569,-11.143178086926468,-117.0,91.0,9.776099545390572,1.0758698383812089,0.557161629434954,0.8968768414849735,0.4841537424140256,0.9059254734270006,concordant,concordant,-0.0730078870209283,0.009048631942027,7,132,857,111,690,987,1100,172,218,2087,989,54.204120747484424,-725,13.37386018237082,801,36.698610445615714,-579,0.5525139664804469,-46,111,861,80,776,980,1058,128,273,2038,972,46.89450441609421,-750,11.326530612244898,856,30.461236506378803,-696,0.5317286652078774,-145
E02000588,Kensington and Chelsea,9,9,11.333258003431792,11.116954691358025,859.0,824.0,0.8747454175152749,0.8391038696537678,-0.035641547861507,-0.2163033120737676,22.0,628.0,952,853,1805,650.0,7.654293628808864,-606.0,2.3109243697478994,30.0,477.0,805,658,1463,507.0,9.781271360218728,-447.0,3.7267080745341614,9.0,702.0,711.0,3.5002770083102495,-693.0,1.0550996483001172,12.0,616.0,628.0,5.052631578947368,-604.0,1.82370820668693,-339.0,99.0,438.0,159.0,-143.0,2.1269777314098643,1.415783704786262,89.0,-83.0,1.552354570637119,0.7686085583868127,0.4775900073475386,0.754016620498615,0.4466960352422907,0.7758031442241968,concordant,concordant,-0.0308939721052478,0.0217865237255818,8,22,938,9,1117,1279,1069,327,216,2348,960,8.788756388415672,-916,1.7200938232994525,1126,4.281516183986372,-1108,0.46021093000958774,111,29,809,12,825,945,903,140,245,1848,838,12.69534632034632,-780,3.068783068783069,837,5.357142857142857,-813,0.5002985074626866,-105
E02000589,Kensington and Chelsea,7,7,17.864227920416862,16.74312407321594,680.0,635.0,0.6924643584521385,0.6466395112016293,-0.0458248472505091,-1.1211038472009207,665.0,708.0,1313,1266,2579,1373.0,182.55913144629704,-43.0,50.64737242955065,477.0,536.0,1289,1047,2336,1013.0,109.4486301369863,-59.0,37.00543056633049,418.0,496.0,914.0,80.39084916634354,-78.0,33.0173775671406,380.0,658.0,1038.0,107.03767123287672,-278.0,36.29417382999045,14.0,502.0,488.0,-16.0,-360.0,-73.11050130931075,-13.64194186322016,-200.0,124.0,26.646822066533176,3.2767962628498495,0.6003498032356799,0.8867778208607987,0.4939054119941491,0.8779965753424658,concordant,concordant,-0.1064443912415307,-0.0087812455183329,6,607,839,363,636,1569,1468,256,202,3037,1446,167.68949621336844,-232,38.68706182281708,999,76.01843924925913,-273,0.5914110429447853,54,422,661,311,804,1511,1299,222,252,2810,1083,99.26761565836298,-239,27.928524156187954,1115,88.98362989323843,-493,0.4927206551410373,-30
E02000590,Kensington and Chelsea,7,6,19.385013797576622,20.742080588075144,630.0,504.0,0.6415478615071283,0.5132382892057027,-0.1283095723014256,1.3570667904985214,345.0,331.0,723,793,1516,676.0,75.32651715039577,14.0,47.71784232365145,253.0,268.0,780,605,1385,521.0,48.95595667870036,-15.0,32.43589743589744,364.0,293.0,657.0,70.35092348284961,71.0,45.90163934426229,238.0,418.0,656.0,71.82960288808664,-180.0,39.33884297520661,277.0,441.0,164.0,-29.0,-155.0,-26.370560471695413,-15.281944887754015,-251.0,-1.0,1.4786794052370311,-6.5627963690556825,0.5071267816954238,0.8792875989445911,0.4426508071367884,0.8498194945848375,concordant,concordant,-0.0644759745586353,-0.0294681043597535,5,563,319,588,283,919,967,196,174,1886,882,95.22640509013786,244,61.26224156692056,871,88.23117709437965,305,0.5031374786081004,22,426,263,406,404,920,743,140,138,1663,689,67.37101623571859,163,46.30434782608695,810,98.63138905592304,2,0.45963975983989325,2
E02000591,Kensington and Chelsea,4,3,30.4618304476289,28.766785788458684,352.0,239.0,0.3584521384928716,0.2433808553971486,-0.1150712830957229,-1.6950446591702146,597.0,170.0,744,792,1536,767.0,66.07421875,427.0,80.24193548387096,606.0,166.0,863,776,1639,772.0,61.3764490543014,440.0,70.22016222479722,572.0,109.0,681.0,40.591145833333336,463.0,72.22222222222221,571.0,199.0,770.0,69.32824893227578,372.0,73.58247422680412,577.0,669.0,92.0,13.0,5.0,-4.697769695698597,-10.02177325907374,-91.0,89.0,28.73710309894245,1.360252004581909,0.5296961325966851,0.9427083333333334,0.5006485084306096,0.9408175716900548,concordant,concordant,-0.0290476241660755,-0.0018907616432785,3,756,166,657,106,935,918,191,126,1853,922,67.72584997301674,590,80.85561497326204,763,37.58337830545062,551,0.5471810089020771,65,724,158,709,194,1001,932,138,156,1933,882,59.17847904811175,566,72.32767232767233,903,71.15675116399379,515,0.49411764705882355,-18
E02000592,Kensington and Chelsea,9,9,12.94032297441207,11.406496805338634,800.0,809.0,0.814663951120163,0.8238289205702648,0.0091649694501018,-1.5338261690734356,8.0,907.0,842,1133,1975,915.0,3.673924050632912,-899.0,0.9501187648456058,11.0,709.0,865,882,1747,720.0,4.464224384659416,-698.0,1.2716763005780347,24.0,643.0,667.0,7.81367088607595,-619.0,2.118270079435128,16.0,661.0,677.0,6.053806525472238,-645.0,1.8140589569161,-608.0,53.0,661.0,201.0,-195.0,0.790300334026504,0.3215575357324289,-26.0,10.0,-1.7598643606037117,-0.304211122519028,0.5783817951959545,0.8010126582278481,0.5153901216893343,0.7996565540927304,concordant,concordant,-0.0629916735066201,-0.0013561041351176,7,184,948,178,745,1066,1309,224,176,2375,1132,73.44505263157895,-764,17.26078799249531,923,55.83578947368421,-567,0.5508515815085158,48,171,847,146,782,1056,1092,191,210,2148,1018,67.42877094972067,-676,16.193181818181817,928,53.15270018621974,-636,0.5231243576567317,-19
E02000593,Kensington and Chelsea,6,6,23.96277642444911,19.46751882586079,492.0,556.0,0.5010183299389002,0.5661914460285132,0.065173116089613,-4.495257598588321,559.0,407.0,955,1142,2097,966.0,108.49451597520267,152.0,58.53403141361257,552.0,377.0,1147,1097,2244,929.0,92.7379679144385,175.0,48.12554489973845,611.0,293.0,904.0,85.37100619933238,318.0,53.502626970227674,525.0,465.0,990.0,108.79010695187166,60.0,47.85779398359161,305.0,612.0,307.0,23.0,-37.0,-15.756548060764176,-10.408486513874116,-258.0,86.0,23.41910075253928,-5.644832986636061,0.5165775401069519,0.8917501192179303,0.4841063053673788,0.8551693404634582,concordant,concordant,-0.032471234739573,-0.0365807787544721,4,759,356,769,239,1139,1289,184,147,2428,1115,111.28665568369028,403,66.63740122914838,1008,75.69645799011532,530,0.5252001884126236,37,763,318,785,398,1335,1335,188,238,2670,1081,90.87415730337078,445,57.15355805243446,1183,117.01498127340824,387,0.47747349823321555,-50
E02000594,Kensington and Chelsea,8,8,14.155935042608936,12.731745489199492,768.0,769.0,0.7820773930753564,0.7830957230142567,0.0010183299389002,-1.4241895534094429,220.0,423.0,676,736,1412,643.0,65.90651558073654,-203.0,32.544378698224854,103.0,349.0,508,591,1099,452.0,32.70882620564149,-246.0,20.275590551181104,178.0,318.0,496.0,40.08781869688385,-140.0,24.184782608695652,128.0,330.0,458.0,38.43494085532302,-202.0,21.658206429780034,-195.0,127.0,322.0,-43.0,-191.0,-33.197689375095045,-12.26878814704375,-62.0,-38.0,-1.65287784156083,-2.5265761789156187,0.5645302897278315,0.806657223796034,0.4967032967032967,0.8280254777070064,concordant,concordant,-0.0678269930245347,0.0213682539109724,7,161,746,121,649,924,956,248,220,1880,907,63.886170212765954,-585,17.424242424242426,770,41.77074468085107,-528,0.5408467501490757,28,65,706,93,590,713,879,205,288,1592,771,28.82537688442211,-641,9.1164095371669,683,34.46608040201005,-497,0.5302613480055021,-83
E02000595,Kensington and Chelsea,8,8,14.847629761287685,14.963156975228165,753.0,704.0,0.7668024439918534,0.7169042769857433,-0.04989816700611,0.1155272139404797,169.0,419.0,754,762,1516,588.0,46.70910290237467,-250.0,22.41379310344828,134.0,471.0,725,741,1466,605.0,43.05184174624829,-337.0,18.482758620689655,179.0,429.0,608.0,50.653693931398415,-250.0,23.49081364829396,138.0,445.0,583.0,41.88949522510232,-307.0,18.62348178137652,-257.0,163.0,420.0,-87.0,17.0,-3.657261156126374,-3.9310344827586263,-57.0,-25.0,-8.764198706296092,-4.867331866917439,0.4916387959866221,0.7889182058047494,0.5092592592592593,0.810368349249659,concordant,concordant,0.0176204632726372,0.0214501434449095,6,310,373,325,411,1013,986,259,224,1999,683,57.84392196098049,-63,30.60217176702863,736,66.82091045522762,-86,0.4813248766737139,35,263,434,245,417,899,988,174,247,1887,697,60.488606253312135,-171,29.254727474972192,662,54.14149443561208,-172,0.5128771155261221,-73
E02000596,Kensington and Chelsea,8,8,14.69572480596248,12.341827482927998,758.0,782.0,0.7718940936863544,0.7963340122199593,0.0244399185336048,-2.353897323034481,205.0,875.0,918,1272,2190,1080.0,81.90639269406392,-670.0,22.33115468409586,211.0,613.0,926,924,1850,824.0,69.91513513513513,-402.0,22.786177105831538,213.0,553.0,766.0,53.78493150684932,-340.0,16.745283018867923,159.0,598.0,757.0,51.39567567567568,-439.0,17.20779220779221,-336.0,228.0,564.0,268.0,-256.0,-11.991257558928794,0.4550224217356771,-99.0,-9.0,-2.389255831173635,0.4625091889242867,0.5850487540628385,0.8429223744292238,0.5211891208096142,0.8545945945945946,concordant,concordant,-0.0638596332532243,0.0116722201653708,7,102,1190,142,1174,1424,1480,506,208,2904,1292,41.79752066115702,-1088,7.162921348314606,1316,57.40633608815427,-1032,0.495398773006135,298,132,988,91,866,1125,1190,199,266,2315,1120,56.335205183585316,-856,11.733333333333333,957,34.041468682505396,-775,0.5392392874337988,-67
E02000597,Kensington and Chelsea,4,2,30.582419772791027,32.16868196180794,348.0,145.0,0.3543788187372709,0.1476578411405295,-0.2067209775967413,1.5862621890169135,467.0,103.0,646,552,1198,570.0,40.151085141903174,364.0,72.29102167182663,353.0,89.0,501,510,1011,442.0,31.07517309594461,264.0,70.45908183632734,403.0,135.0,538.0,45.413188647746246,268.0,73.0072463768116,377.0,114.0,491.0,42.51038575667656,263.0,73.92156862745098,383.0,406.0,23.0,-100.0,-128.0,-9.075912045958564,-1.831939835499284,-5.0,-47.0,-2.9028028910696833,0.9143222506393868,0.5144404332129964,0.9248747913188649,0.4737406216505895,0.9228486646884272,concordant,concordant,-0.0406998115624068,-0.0020261266304374,3,631,97,520,135,825,710,179,158,1535,728,39.8742671009772,534,76.48484848484848,655,45.732899022801305,385,0.5263919016630514,21,438,89,521,113,606,688,105,178,1294,527,30.125193199381762,349,72.27722772277228,634,45.496908809891806,408,0.45391903531438416,-73
E02000598,Kingston upon Thames,10,10,7.165588229296925,6.144264335145823,957.0,961.0,0.9745417515274948,0.9786150712830958,0.0040733197556008,-1.0213238941511025,0.0,271.0,442,388,830,271.0,0.0,-271.0,0.0,0.0,240.0,444,335,779,240.0,0.0,-240.0,0.0,0.0,298.0,298.0,0.0,-298.0,0.0,0.0,294.0,294.0,0.0,-294.0,0.0,-226.0,0.0,226.0,31.0,-31.0,0.0,0.0,4.0,-4.0,0.0,0.0,0.4762741652021089,0.6855421686746987,0.449438202247191,0.6854942233632862,concordant,concordant,-0.0268359629549179,-4.794531141250058e-05,10,0,644,0,555,590,652,148,264,1242,644,0.0,-644,0.0,555,0.0,-555,0.5371142618849041,-116,0,668,0,525,538,682,94,347,1220,668,0.0,-668,0.0,525,0.0,-525,0.5599329421626152,-253
E02000599,Kingston upon Thames,10,10,8.383829453507566,7.575964670508644,931.0,933.0,0.9480651731160896,0.95010183299389,0.0020366598778004,-0.8078647829989221,0.0,440.0,609,643,1252,440.0,0.0,-440.0,0.0,0.0,389.0,396,543,939,389.0,0.0,-389.0,0.0,0.0,419.0,419.0,0.0,-419.0,0.0,0.0,251.0,251.0,0.0,-251.0,0.0,-384.0,0.0,384.0,51.0,-51.0,0.0,0.0,168.0,-168.0,0.0,0.0,0.5122235157159488,0.6861022364217252,0.6078125,0.6815761448349308,concordant,concordant,0.0955889842840511,-0.0045260915867944,9,66,835,60,853,982,953,373,310,1935,901,28.48062015503876,-769,6.720977596741344,913,26.449612403100776,-793,0.4966923925027563,63,59,743,58,423,523,848,127,305,1371,802,31.974471188913203,-684,11.281070745697896,481,17.89496717724289,-365,0.6250974279033515,-178
E02000600,Kingston upon Thames,10,10,10.298135890699088,8.83027120511126,886.0,902.0,0.9022403258655805,0.9185336048879836,0.0162932790224032,-1.4678646855878288,0.0,594.0,1023,830,1853,594.0,0.0,-594.0,0.0,0.0,453.0,715,626,1341,453.0,0.0,-453.0,0.0,0.0,708.0,708.0,0.0,-708.0,0.0,0.0,518.0,518.0,0.0,-518.0,0.0,-444.0,0.0,444.0,141.0,-141.0,0.0,0.0,190.0,-190.0,0.0,0.0,0.456221198156682,0.7026443604964921,0.466529351184346,0.7240865026099925,concordant,concordant,0.0103081530276639,0.0214421421135003,8,270,723,209,863,1369,1135,346,305,2504,993,77.95926517571885,-453,19.722425127830533,1072,72.03154952076677,-654,0.4808716707021792,41,183,706,166,580,909,989,194,363,1898,889,68.07060063224446,-523,20.13201320132013,746,50.72708113804004,-414,0.5437308868501529,-169
E02000601,Kingston upon Thames,9,10,11.532521458687896,9.207309253246754,851.0,885.0,0.8665987780040734,0.9012219959266804,0.0346232179226069,-2.325212205441142,394.0,310.0,1150,795,1945,704.0,62.796915167095115,84.0,34.26086956521739,248.0,284.0,899,764,1663,532.0,42.35237522549609,-36.0,27.58620689655172,297.0,521.0,818.0,79.55629820051414,-224.0,37.35849056603773,333.0,459.0,792.0,91.91040288634996,-126.0,43.58638743455497,-474.0,0.0,474.0,-120.0,-172.0,-20.444539941599025,-6.674662668665672,98.0,-26.0,12.35410468583582,6.227896868517242,0.4625492772667542,0.7825192802056555,0.4018126888217522,0.7961515333734215,divergent,concordant,-0.060736588445002,0.0136322531677659,8,250,880,188,1008,1559,1296,409,501,2855,1130,77.05779334500876,-630,16.03592046183451,1196,66.37618213660245,-820,0.4858125537403267,-92,193,1000,242,777,1159,1428,260,664,2587,1193,74.60378817162737,-807,16.652286453839515,1019,72.68419018167762,-535,0.5393309222423146,-404
E02000602,Kingston upon Thames,6,6,22.714853446219383,19.051740089362102,543.0,571.0,0.5529531568228105,0.5814663951120163,0.0285132382892057,-3.663113356857277,1052.0,141.0,1223,1049,2272,1193.0,65.28697183098592,911.0,86.01798855273917,846.0,140.0,1122,952,2074,986.0,57.107039537126326,706.0,75.40106951871658,879.0,124.0,1003.0,47.973591549295776,755.0,83.79408960915157,771.0,217.0,988.0,80.66875602700097,554.0,80.9873949579832,711.0,856.0,145.0,-205.0,-207.0,-8.179932293859594,-10.616919034022589,-201.0,-15.0,32.69516447770519,-2.806694651168371,0.5432604735883424,0.966549295774648,0.4994934143870314,0.9517839922854388,concordant,concordant,-0.0437670592013109,-0.0147653034892091,4,1474,128,1230,103,1645,1396,422,347,3041,1602,62.04274909569221,1346,89.6048632218845,1333,41.66063794804341,1127,0.5458262350936968,75,1298,122,1279,194,1563,1451,441,499,3014,1420,52.54014598540146,1176,83.04542546385156,1473,82.32448573324486,1085,0.4908399585205669,-58
E02000603,Kingston upon Thames,8,7,17.464010448346055,17.889809137540258,689.0,597.0,0.7016293279022403,0.6079429735234216,-0.0936863543788186,0.4257986891942025,426.0,151.0,691,645,1336,577.0,48.14820359281437,275.0,61.64978292329957,349.0,198.0,616,643,1259,547.0,54.88641779189833,151.0,56.65584415584416,425.0,192.0,617.0,61.07784431137725,233.0,65.89147286821705,400.0,230.0,630.0,73.07386814932487,170.0,62.208398133748055,209.0,388.0,179.0,-124.0,-30.0,6.738214199083963,-4.993938767455411,-63.0,13.0,11.996023837947618,-3.6830747344689954,0.483249581239531,0.8937125748502994,0.4647408666100255,0.9348689436060366,concordant,concordant,-0.0185087146295054,0.0411563687557371,6,475,150,485,188,844,886,153,241,1730,625,41.1849710982659,325,56.27962085308057,673,52.70520231213873,297,0.4815100154083205,-88,370,198,432,225,752,970,136,327,1722,568,42.54355400696864,172,49.202127659574465,657,56.44599303135889,207,0.4636734693877551,-191
E02000604,Kingston upon Thames,10,9,9.222968229676216,10.649229860724232,912.0,839.0,0.9287169042769856,0.8543788187372708,-0.0743380855397148,1.4262616310480158,0.0,442.0,716,699,1415,442.0,0.0,-442.0,0.0,0.0,424.0,658,651,1309,424.0,0.0,-424.0,0.0,0.0,466.0,466.0,0.0,-466.0,0.0,0.0,467.0,467.0,0.0,-467.0,0.0,-137.0,179.0,316.0,18.0,-18.0,0.0,0.0,-1.0,1.0,0.0,0.0,0.486784140969163,0.6416961130742049,0.4758698092031425,0.680672268907563,concordant,concordant,-0.0109143317660204,0.0389761558333581,9,50,754,93,668,894,975,178,276,1869,804,20.171214553237025,-704,5.592841163310962,761,33.239165329052966,-575,0.513738019169329,-98,72,810,66,626,784,1018,126,367,1802,882,32.36403995560488,-738,9.183673469387756,692,22.92785793562708,-560,0.5603557814485387,-241
E02000605,Kingston upon Thames,10,9,9.24628390944932,11.17658766670745,911.0,819.0,0.9276985743380856,0.8340122199592668,-0.0936863543788187,1.9303037572581283,0.0,314.0,678,537,1215,314.0,0.0,-314.0,0.0,0.0,274.0,536,452,988,274.0,0.0,-274.0,0.0,0.0,400.0,400.0,0.0,-400.0,0.0,0.0,332.0,332.0,0.0,-332.0,0.0,-68.0,132.0,200.0,40.0,-40.0,0.0,0.0,68.0,-68.0,0.0,0.0,0.4397759103641456,0.5876543209876544,0.4521452145214521,0.6133603238866396,concordant,concordant,0.0123693041573064,0.0257060028989852,9,107,629,41,562,805,831,127,294,1636,736,41.13875305623472,-522,13.291925465838508,603,14.08435207823961,-521,0.549663928304705,-167,76,625,46,469,658,784,122,332,1442,701,32.940360610263525,-549,11.55015197568389,515,14.96116504854369,-423,0.5764802631578947,-210
E02000606,Kingston upon Thames,9,9,11.950520457108937,10.246356522578155,834.0,853.0,0.8492871690427699,0.8686354378818737,0.0193482688391037,-1.7041639345307793,476.0,607.0,1595,1329,2924,1083.0,98.81395348837208,-131.0,29.843260188087772,434.0,553.0,1436,1113,2549,987.0,94.15535504119262,-119.0,30.22284122562674,337.0,647.0,984.0,74.5687414500684,-310.0,25.357411587659897,244.0,664.0,908.0,63.56061200470773,-420.0,21.92273135669362,-103.0,481.0,584.0,12.0,-96.0,-4.6585984471794575,0.3795810375389692,-110.0,-76.0,-11.008129445360671,-3.4346802309662756,0.5239477503628447,0.7069083447332422,0.520844327176781,0.7434287956061201,concordant,concordant,-0.0031034231860637,0.0365204508728779,8,360,1430,272,1599,2239,1984,644,655,4223,1790,121.90385981529718,-1070,16.078606520768197,1871,102.99029126213593,-1327,0.48893744878448514,-11,332,1469,200,1399,1967,1888,531,775,3855,1801,126.51309987029832,-1137,16.878495170310117,1599,72.5810635538262,-1199,0.5297058823529411,-244
E02000607,Kingston upon Thames,10,10,9.265764802606531,7.982177685950413,909.0,924.0,0.9256619144602852,0.940936863543788,0.015274949083503,-1.2835871166561184,0.0,801.0,701,940,1641,801.0,0.0,-801.0,0.0,0.0,563.0,656,684,1340,563.0,0.0,-563.0,0.0,0.0,567.0,567.0,0.0,-567.0,0.0,0.0,540.0,540.0,0.0,-540.0,0.0,-562.0,0.0,562.0,238.0,-238.0,0.0,0.0,27.0,-27.0,0.0,0.0,0.5855263157894737,0.8336380255941499,0.5104261106074343,0.823134328358209,concordant,concordant,-0.0751002051820394,-0.0105036972359409,9,49,1203,32,1244,1348,1292,647,352,2640,1252,22.32840909090909,-1154,3.635014836795252,1276,15.078787878787878,-1212,0.495253164556962,295,31,951,52,920,1010,1050,354,366,2060,982,14.311165048543689,-920,3.0693069306930694,972,23.223300970873787,-868,0.5025588536335721,-12
E02000608,Kingston upon Thames,9,9,12.808349356499358,11.443785520575403,808.0,804.0,0.8228105906313645,0.8187372708757638,-0.0040733197556007,-1.3645638359239545,276.0,452.0,1142,1079,2221,728.0,56.16929311121117,-176.0,24.16812609457093,209.0,338.0,828,807,1635,547.0,43.20611620795107,-129.0,25.24154589371981,211.0,536.0,747.0,50.92120666366502,-325.0,19.555143651529193,198.0,435.0,633.0,52.678899082568805,-237.0,24.53531598513011,-139.0,207.0,346.0,47.0,-181.0,-12.9631769032601,1.07341979914888,88.0,-114.0,1.7576924189037868,4.980172333600919,0.4935593220338983,0.6641152633948672,0.4635593220338983,0.7217125382262997,concordant,concordant,-0.0299999999999999,0.0575972748314325,7,515,758,593,1232,1924,1518,782,439,3442,1273,113.4137129575828,-243,26.767151767151766,1825,212.253341080767,-639,0.4109102646868948,343,353,815,438,814,1281,1373,453,566,2654,1168,108.40052750565185,-462,27.556596409055423,1252,134.3376036171816,-376,0.4826446280991736,-113
E02000609,Kingston upon Thames,9,8,13.08453493666801,13.533696764973367,796.0,746.0,0.8105906313645621,0.7596741344195519,-0.0509164969450102,0.4491618283053569,211.0,139.0,407,434,841,350.0,34.873959571938165,72.0,51.842751842751845,181.0,147.0,416,359,775,328.0,34.3316129032258,34.0,43.50961538461539,228.0,124.0,352.0,33.617122473246134,104.0,52.53456221198156,145.0,150.0,295.0,28.06451612903226,-5.0,40.389972144846794,140.0,255.0,115.0,-38.0,-22.0,-0.5423466687123621,-8.333136458136458,-109.0,-57.0,-5.552606344213874,-12.144590067134764,0.4985754985754986,0.8347205707491082,0.5264847512038523,0.8038709677419354,concordant,divergent,0.0279092526283536,-0.0308496030071727,7,266,309,261,197,497,638,90,204,1135,575,72.41762114537445,-43,53.52112676056338,458,45.30132158590308,64,0.5566311713455954,-114,232,431,180,237,513,655,97,296,1168,663,85.60958904109589,-199,45.22417153996101,417,36.523972602739725,-57,0.6138888888888889,-199
E02000610,Kingston upon Thames,8,8,14.40965915336217,14.55825623610768,766.0,714.0,0.780040733197556,0.7270875763747454,-0.0529531568228105,0.1485970827455087,695.0,249.0,1065,929,1994,944.0,86.78786359077232,446.0,65.25821596244131,527.0,122.0,837,584,1421,649.0,45.245601688951446,405.0,62.96296296296296,595.0,275.0,870.0,82.05867602808425,320.0,64.04736275565124,417.0,243.0,660.0,71.30964109781844,174.0,71.4041095890411,359.0,501.0,142.0,-41.0,-295.0,-41.54226190182087,-2.2952529994783504,-146.0,-210.0,-10.749034930265807,7.356746833389863,0.5203969128996693,0.909729187562688,0.4957983193277311,0.9211822660098522,concordant,concordant,-0.0245985935719381,0.0114530784471641,7,527,768,465,779,1493,1419,428,490,2912,1295,138.98901098901098,-241,35.29805760214334,1244,124.39388736263736,-314,0.5100433241433635,-62,406,610,320,541,1092,1043,255,459,2135,1016,116.0,-204,37.17948717948718,861,81.08665105386417,-221,0.5412892914224827,-204
E02000611,Kingston upon Thames,10,10,5.357567997948858,5.68777624602333,976.0,970.0,0.9938900203665988,0.9877800407331976,-0.0061099796334012,0.3302082480744719,0.0,303.0,351,380,731,303.0,0.0,-303.0,0.0,0.0,151.0,338,200,538,151.0,0.0,-151.0,0.0,0.0,258.0,258.0,0.0,-258.0,0.0,0.0,254.0,254.0,0.0,-254.0,0.0,-156.0,0.0,156.0,152.0,-152.0,0.0,0.0,4.0,-4.0,0.0,0.0,0.5401069518716578,0.7674418604651163,0.3728395061728395,0.7527881040892194,concordant,concordant,-0.1672674456988183,-0.0146537563758969,10,0,606,0,432,456,617,105,237,1073,606,0.0,-606,0.0,432,0.0,-432,0.5838150289017341,-132,0,496,0,400,420,507,82,307,927,496,0.0,-496,0.0,400,0.0,-400,0.5535714285714286,-225
E02000612,Kingston upon Thames,10,10,8.124465040358745,9.021012397201424,933.0,893.0,0.95010183299389,0.9093686354378818,-0.0407331975560082,0.8965473568426781,0.0,299.0,470,434,904,299.0,0.0,-299.0,0.0,0.0,282.0,476,404,880,282.0,0.0,-282.0,0.0,0.0,307.0,307.0,0.0,-307.0,0.0,0.0,326.0,326.0,0.0,-326.0,0.0,-316.0,0.0,316.0,17.0,-17.0,0.0,0.0,-19.0,19.0,0.0,0.0,0.4933993399339934,0.6703539823008849,0.4638157894736842,0.6909090909090909,concordant,concordant,-0.0295835504603091,0.0205551086082059,9,70,609,52,441,597,740,127,306,1337,679,31.884816753926703,-539,11.725293132328309,493,17.151832460732983,-389,0.5793515358361775,-179,60,634,41,453,597,749,121,345,1346,694,28.26151560178306,-574,10.050251256281408,494,13.798662704309065,-412,0.5841750841750841,-224
E02000613,Kingston upon Thames,9,9,11.945536291799517,11.422265350349145,835.0,806.0,0.8503054989816701,0.8207739307535642,-0.0295315682281058,-0.523270941450372,159.0,183.0,692,523,1215,342.0,23.94814814814815,-24.0,22.976878612716764,106.0,160.0,583,367,950,266.0,17.852631578947367,-54.0,18.181818181818183,132.0,291.0,423.0,31.614814814814817,-159.0,25.239005736137663,94.0,288.0,382.0,28.49684210526316,-194.0,25.61307901907357,-112.0,86.0,198.0,-30.0,-76.0,-6.095516569200782,-4.79506043089858,-35.0,-41.0,-3.1179727095516583,0.3740732829359068,0.4470588235294118,0.6296296296296297,0.4104938271604938,0.6821052631578948,concordant,concordant,-0.0365649963689179,0.0524756335282651,8,131,648,116,688,984,873,292,350,1857,779,45.7124394184168,-517,13.3130081300813,804,42.97684437264405,-572,0.4921036007580543,-58,97,648,85,530,714,790,131,423,1504,745,41.79255319148936,-551,13.585434173669467,615,29.95345744680851,-445,0.5477941176470589,-292
E02000614,Kingston upon Thames,9,8,12.882069875297477,14.95228645598194,804.0,706.0,0.8187372708757638,0.7189409368635438,-0.0997963340122199,2.0702165806844643,170.0,223.0,545,570,1115,393.0,34.0,-53.0,31.19266055045872,186.0,178.0,568,445,1013,364.0,32.68311944718658,8.0,32.74647887323944,139.0,222.0,361.0,27.675336322869956,-83.0,24.385964912280706,107.0,225.0,332.0,23.76604146100691,-118.0,24.044943820224717,169.0,308.0,139.0,61.0,-29.0,-1.3168805528134229,1.553818322780721,-35.0,-29.0,-3.909294861863046,-0.3410210920559891,0.5212201591511937,0.6762331838565022,0.5229885057471264,0.6870681145113524,concordant,divergent,0.0017683465959327,0.0108349306548501,7,268,416,281,336,719,831,174,261,1550,684,71.92774193548387,-148,37.27399165507649,617,60.913548387096775,-55,0.5257494235203689,-87,291,549,230,302,704,857,136,412,1561,840,102.34401024983984,-258,41.33522727272727,532,44.49711723254324,-72,0.6122448979591837,-276
E02000615,Kingston upon Thames,9,9,10.762179182171062,10.277038765621016,874.0,849.0,0.890020366598778,0.8645621181262729,-0.0254582484725051,-0.4851404165500472,129.0,135.0,434,335,769,264.0,22.64629388816645,-6.0,29.723502304147463,122.0,124.0,408,283,691,246.0,21.892908827785817,-2.0,29.90196078431373,107.0,183.0,290.0,25.4629388816645,-76.0,31.94029850746269,90.0,166.0,256.0,21.62083936324168,-76.0,31.802120141342755,-47.0,100.0,147.0,4.0,-18.0,-0.7533850603806336,0.1784584801662667,0.0,-34.0,-3.842099518422821,-0.1381783661199342,0.4765342960288808,0.7204161248374512,0.4900398406374502,0.7264833574529667,concordant,concordant,0.0135055446085693,0.0060672326155154,8,112,441,94,387,572,601,138,266,1173,553,42.107416879795394,-329,19.58041958041958,481,31.012787723785166,-293,0.534816247582205,-128,105,475,84,400,561,606,153,323,1167,580,42.73778920308483,-370,18.71657754010695,484,28.79177377892031,-316,0.5451127819548872,-170
E02000616,Kingston upon Thames,10,9,9.297869496269277,9.510588321405336,908.0,875.0,0.924643584521385,0.8910386965376782,-0.0336048879837067,0.2127188251360596,0.0,203.0,249,254,503,203.0,0.0,-203.0,0.0,0.0,145.0,317,184,501,145.0,0.0,-145.0,0.0,0.0,198.0,198.0,0.0,-198.0,0.0,0.0,261.0,261.0,0.0,-261.0,0.0,-31.0,70.0,101.0,58.0,-58.0,0.0,0.0,-63.0,63.0,0.0,0.0,0.5062344139650873,0.7972166998011928,0.3571428571428571,0.810379241516966,concordant,concordant,-0.1490915568222301,0.0131625417157732,9,12,439,10,326,362,486,113,232,848,451,6.212264150943396,-427,3.314917127071823,336,3.8443396226415096,-316,0.5730622617534943,-119,20,478,10,376,429,516,112,332,945,498,10.116402116402117,-458,4.662004662004662,386,3.9788359788359786,-366,0.5633484162895928,-220
E02000617,Kingston upon Thames,8,7,14.486378140096052,16.046457655826558,763.0,659.0,0.7769857433808554,0.6710794297352343,-0.105906313645621,1.5600795157305054,347.0,46.0,498,274,772,393.0,20.67616580310881,301.0,69.67871485943775,234.0,61.0,365,268,633,295.0,22.549763033175356,173.0,64.10958904109589,200.0,74.0,274.0,19.17098445595855,126.0,72.99270072992701,190.0,88.0,278.0,26.41390205371248,102.0,70.8955223880597,204.0,260.0,56.0,-128.0,-98.0,1.873597230066547,-5.56912581834186,-24.0,4.0,7.24291759775393,-2.0971783418673056,0.5892053973013494,0.8639896373056994,0.5148342059336823,0.90521327014218,concordant,concordant,-0.074371191367667,0.0412236328364806,7,285,360,171,276,681,567,183,293,1248,645,82.21153846153847,-75,41.85022026431718,447,37.81730769230769,-105,0.5906593406593407,-110,196,413,156,266,519,613,154,345,1132,609,71.50883392226149,-217,37.76493256262042,422,36.657243816254415,-110,0.5906886517943744,-191
E02000619,Lambeth,3,3,34.8299188018376,27.95872657326596,232.0,265.0,0.2362525458248472,0.269857433808554,0.0336048879837067,-6.8711922285716405,521.0,144.0,825,866,1691,665.0,44.36664695446481,377.0,63.15151515151515,479.0,195.0,791,873,1664,674.0,56.1328125,284.0,60.55625790139064,597.0,191.0,788.0,67.43169722057954,406.0,68.93764434180139,536.0,181.0,717.0,58.30288461538461,355.0,61.39747995418099,263.0,466.0,203.0,-93.0,9.0,11.766165545535188,-2.5952572501245115,-51.0,-71.0,-9.128812605194923,-7.5401643876204,0.4576737783895389,0.8592548787699587,0.4845434938892883,0.8359375,concordant,concordant,0.0268697154997494,-0.0233173787699586,2,782,42,765,42,1083,1033,258,167,2116,824,15.521739130434783,740,72.20683287165282,807,15.184310018903592,723,0.5052115266707541,91,663,82,878,60,971,1215,180,342,2186,745,24.870082342177493,581,68.2801235839341,938,24.098810612991766,818,0.44266191325014853,-162
E02000620,Lambeth,4,4,32.13140593810032,25.996945037564256,309.0,331.0,0.3146639511201629,0.3370672097759674,0.0224032586558045,-6.134460900536066,501.0,409.0,1134,1129,2263,910.0,90.54750331418472,92.0,44.17989417989418,533.0,497.0,1135,1315,2450,1030.0,108.12285714285714,36.0,46.96035242290749,515.0,484.0,999.0,110.14582412726467,31.0,45.61558901682905,647.0,466.0,1113.0,123.06204081632652,181.0,49.20152091254753,76.0,546.0,470.0,-56.0,120.0,17.57535382867242,2.780458243013314,150.0,114.0,12.91621668906184,3.585931895718481,0.4766893661602933,0.8435704816615113,0.4806346243583761,0.8746938775510205,concordant,concordant,0.0039452581980827,0.0311233958895091,3,783,408,589,484,1521,1341,387,212,2862,1191,111.62264150943396,375,51.4792899408284,1073,99.60726764500349,105,0.526060070671378,175,744,495,960,462,1438,1757,303,442,3195,1239,115.26760563380282,249,51.738525730180804,1422,138.81690140845072,498,0.46561443066516345,-139
E02000621,Lambeth,5,4,27.439728290940263,25.985237829938807,421.0,333.0,0.4287169042769857,0.3391038696537678,-0.0896130346232179,-1.454490461001459,486.0,700.0,1656,1318,2974,1186.0,114.39139206455953,-214.0,29.347826086956523,691.0,1152.0,2113,2140,4253,1843.0,187.16952739242888,-461.0,32.70231897775675,402.0,917.0,1319.0,123.95225285810356,-515.0,30.500758725341427,697.0,1165.0,1862.0,190.9252292499412,-468.0,32.570093457943926,365.0,1036.0,671.0,-247.0,657.0,72.77813532786935,3.3544928908002234,47.0,543.0,66.97297639183763,2.069334732602499,0.4734530938123752,0.8422999327505044,0.4974358974358974,0.8711497766282624,concordant,concordant,0.0239828036235221,0.028849843877758,3,1082,488,777,631,2106,1595,450,277,3701,1570,142.66846798162658,594,51.37701804368471,1408,132.47419616319914,146,0.5271994627266622,173,1438,777,1412,875,2726,2727,613,587,5453,2215,204.90115532734274,661,52.751283932501835,2287,226.57252888318357,537,0.49200355397601064,26
E02000622,Lambeth,4,5,31.360858549542872,23.477881069042315,330.0,404.0,0.3360488798370672,0.4114052953156822,0.075356415478615,-7.882977480500557,457.0,448.0,977,1143,2120,905.0,96.57358490566038,9.0,46.77584442169909,568.0,555.0,1236,1316,2552,1123.0,123.52664576802508,13.0,45.9546925566343,499.0,355.0,854.0,83.55896226415095,144.0,43.657042869641295,574.0,478.0,1052.0,107.51253918495298,96.0,43.61702127659575,-345.0,380.0,725.0,4.0,218.0,26.953060862364698,-0.8211518650647918,-48.0,198.0,23.953576920802035,-0.0400215930455445,0.5144968732234224,0.8297169811320755,0.5163218390804598,0.8522727272727273,concordant,concordant,0.0018249658570373,0.0225557461406518,3,771,446,603,353,1384,1372,407,229,2756,1217,124.7699564586357,325,55.70809248554913,956,77.23476052249637,250,0.5600552231937413,178,774,553,856,477,1597,1725,361,409,3322,1327,128.84467188440698,221,48.465873512836566,1333,122.91149909692956,379,0.4988721804511278,-48
E02000623,Lambeth,3,3,34.78000505757196,28.88501671547096,235.0,235.0,0.2393075356415478,0.2393075356415478,0.0,-5.894988342101001,464.0,187.0,731,869,1600,651.0,54.23,277.0,63.47469220246238,500.0,199.0,770,963,1733,699.0,57.41488747836122,301.0,64.93506493506493,545.0,132.0,677.0,44.9625,413.0,62.715765247410815,583.0,152.0,735.0,51.13444893248702,431.0,60.53997923156802,293.0,504.0,211.0,24.0,48.0,3.184887478361226,1.4603727326025506,18.0,58.0,6.17194893248702,-2.175786015842796,0.4902108433734939,0.83,0.4874476987447699,0.827466820542412,concordant,concordant,-0.002763144628724,-0.0025331794575879,2,627,53,677,40,893,999,162,130,1892,680,17.563953488372093,574,70.2127659574468,717,14.312896405919663,637,0.4867573371510379,32,690,56,842,49,957,1222,187,259,2179,746,17.73290500229463,634,72.10031347962382,891,18.934373565855896,793,0.45571166768478927,-72
E02000624,Lambeth,2,3,36.78620936434303,29.001417292784733,189.0,229.0,0.1924643584521385,0.2331975560081466,0.0407331975560081,-7.784792071558296,785.0,42.0,969,974,1943,827.0,16.968605249614,743.0,81.01135190918473,919.0,79.0,1140,1225,2365,998.0,30.698097251585622,840.0,80.61403508771929,794.0,38.0,832.0,15.52856407617087,756.0,81.51950718685832,982.0,82.0,1064.0,34.04820295983087,900.0,80.16326530612244,478.0,738.0,260.0,97.0,171.0,13.729492001971622,-0.3973168214654379,144.0,232.0,18.519638883659997,-1.3562418807358796,0.4984930681133213,0.853834276891405,0.483996120271581,0.8718816067653277,concordant,concordant,-0.0144969478417402,0.0180473298739226,2,874,44,780,45,1262,1141,293,167,2403,918,16.003329171868497,830,69.25515055467511,825,14.606741573033707,735,0.5266781411359724,126,987,91,1173,89,1408,1589,268,364,2997,1078,29.96896896896897,896,70.09943181818183,1262,34.833833833833836,1084,0.46068376068376066,-96
E02000625,Lambeth,3,2,33.94313390862337,31.110134624524715,259.0,174.0,0.2637474541751528,0.1771894093686354,-0.0865580448065173,-2.8329992840986584,505.0,192.0,843,1086,1929,697.0,50.26438569206843,313.0,59.90510083036773,589.0,281.0,1015,1237,2252,870.0,73.49422735346359,308.0,58.029556650246306,698.0,199.0,897.0,72.00725764644893,499.0,64.27255985267035,756.0,258.0,1014.0,86.61101243339255,498.0,61.11560226354082,697.0,797.0,100.0,-5.0,173.0,23.229841661395156,-1.8755441801214232,-1.0,117.0,14.603754786943613,-3.156957589129533,0.4372647427854454,0.8263348885432866,0.4617834394904458,0.8365896980461812,concordant,concordant,0.0245186967050004,0.0102548095028945,2,741,57,869,50,1077,1254,234,168,2331,798,18.11969111969112,684,68.80222841225627,919,18.64006864006864,819,0.46476412347117063,66,848,117,1100,86,1273,1578,258,341,2851,965,34.80042090494563,731,66.61429693637078,1186,33.1813398807436,1014,0.4486285448628545,-83
E02000626,Lambeth,2,1,40.324443028550775,35.384266167699685,127.0,75.0,0.1293279022403258,0.0763747454175152,-0.0529531568228105,-4.940176860851089,614.0,34.0,842,914,1756,648.0,11.888382687927107,580.0,72.92161520190024,457.0,56.0,597,813,1410,513.0,18.15035460992908,401.0,76.54941373534339,709.0,33.0,742.0,13.324031890660592,676.0,77.57111597374178,625.0,43.0,668.0,19.06028368794326,582.0,76.87576875768758,529.0,529.0,0.0,-179.0,-135.0,6.261971922001974,3.627798533443155,-94.0,-74.0,5.736251797282669,-0.695347216054202,0.4661870503597122,0.7915717539863326,0.4343776460626588,0.8375886524822695,concordant,concordant,-0.0318094042970534,0.0460168984959369,2,641,39,643,41,1019,1042,177,128,2061,680,12.129548762736535,602,62.90480863591756,684,12.791363415817564,602,0.49853372434017595,49,505,63,694,45,748,1004,151,191,1752,568,18.159246575342465,442,67.51336898395722,739,17.825342465753426,649,0.4345830145371079,-40
E02000627,Lambeth,4,3,32.301360742869086,29.569132899817113,302.0,214.0,0.3075356415478615,0.2179226069246435,-0.0896130346232179,-2.732227843051973,761.0,484.0,1507,1414,2921,1245.0,126.09517288599794,277.0,50.49767750497678,617.0,613.0,1268,1587,2855,1230.0,132.476707530648,4.0,48.65930599369085,807.0,548.0,1355.0,151.39883601506332,259.0,57.07213578500707,780.0,497.0,1277.0,135.78283712784588,283.0,49.14933837429111,489.0,819.0,330.0,-273.0,-15.0,6.381534644650074,-1.838371511285928,24.0,-78.0,-15.615998887217444,-7.922797410715958,0.4788461538461538,0.890106128038343,0.4906262465097726,0.8781085814360771,concordant,concordant,0.0117800926636187,-0.0119975466022659,3,1090,482,831,546,2055,1645,548,231,3700,1572,141.9945945945946,608,53.04136253041363,1377,122.62864864864865,285,0.5330620549338759,317,943,609,1025,497,1737,2041,469,454,3778,1552,152.00820539968237,334,54.28900402993667,1522,134.83986236103758,528,0.5048796356538712,15
E02000628,Lambeth,2,1,41.985913581338,38.76461111689393,111.0,36.0,0.1130346232179226,0.0366598778004073,-0.0763747454175152,-3.221302464444065,611.0,38.0,847,1080,1927,649.0,12.048780487804878,573.0,72.13695395513578,983.0,85.0,1257,1440,2697,1068.0,30.98071931776047,898.0,78.20206841686556,854.0,59.0,913.0,26.14737934613389,795.0,79.07407407407408,1114.0,60.0,1174.0,24.783092324805335,1054.0,77.36111111111111,1149.0,1149.0,0.0,325.0,419.0,18.93193882995559,6.065114461729777,259.0,261.0,-1.364287021328554,-1.712962962962962,0.4154929577464789,0.8105864037363778,0.4763603925066904,0.8312940304041527,concordant,concordant,0.0608674347602115,0.0207076266677749,2,692,43,782,66,1060,1218,213,138,2278,735,13.06233538191396,649,65.28301886792453,848,22.65671641791045,716,0.46430827542640557,75,1136,97,1138,63,1586,1758,329,318,3344,1233,32.952153110047846,1039,71.62673392181588,1201,21.439593301435405,1075,0.5065735414954807,11
E02000629,Lambeth,5,5,28.427252767629803,22.65602082191781,397.0,436.0,0.4042769857433808,0.4439918533604888,0.0397148676171079,-5.7712319457119925,476.0,515.0,1174,1481,2655,991.0,92.33145009416197,-39.0,40.54514480408859,608.0,711.0,1493,1682,3175,1319.0,136.15370078740156,-103.0,40.72337575351641,746.0,504.0,1250.0,141.6135593220339,242.0,50.371370695476024,707.0,650.0,1357.0,144.74015748031496,57.0,42.0332936979786,-16.0,649.0,665.0,-64.0,328.0,43.8222506932396,0.1782309494278209,-185.0,107.0,3.1265981582810696,-8.338076997497424,0.4422132976349844,0.8440677966101695,0.4928998505231689,0.8428346456692913,divergent,divergent,0.0506865528881845,-0.0012331509408781,3,1088,370,1084,349,1726,1754,552,273,3480,1458,115.67816091954023,718,63.03592120509849,1433,108.71149425287356,735,0.5043237634036666,279,1206,550,1316,464,2030,2202,537,520,4232,1756,156.734404536862,656,59.40886699507389,1780,144.28733459357278,852,0.49660633484162897,17
E02000630,Lambeth,5,6,26.990355788604457,20.472349980986184,428.0,520.0,0.4358452138492871,0.5295315682281059,0.0936863543788187,-6.518005807618273,452.0,370.0,935,1115,2050,822.0,81.58048780487805,82.0,48.342245989304814,481.0,407.0,1071,1180,2251,888.0,86.96890270990671,74.0,44.91129785247433,538.0,322.0,860.0,84.50536585365853,216.0,48.25112107623318,570.0,427.0,997.0,108.12527765437584,143.0,48.30508474576271,-153.0,393.0,546.0,-8.0,66.0,5.388414905028668,-3.4309481368304873,-73.0,137.0,23.619911800717304,0.05396366952953,0.4887039239001189,0.8204878048780487,0.4710875331564986,0.8374055975122168,concordant,concordant,-0.0176163907436202,0.016917792634168,3,882,234,834,239,1320,1348,385,233,2668,1116,77.3568215892054,648,66.81818181818183,1073,74.70989505247377,595,0.5098218364550022,152,955,281,1088,339,1496,1623,425,443,3119,1236,86.038794485412,674,63.83689839572193,1427,118.25328630971465,749,0.4641381900112655,-18
E02000631,Lambeth,5,6,25.697980405344204,19.12386262647335,453.0,570.0,0.4613034623217922,0.5804480651731161,0.1191446028513238,-6.574117778870853,281.0,567.0,1083,1118,2201,848.0,72.3884597910041,-286.0,25.94644506001847,263.0,634.0,1024,1198,2222,897.0,75.04140414041404,-371.0,25.68359375,308.0,571.0,879.0,79.90368014538846,-263.0,27.549194991055455,327.0,546.0,873.0,80.35193519351935,-219.0,27.295492487479137,-568.0,209.0,777.0,-85.0,49.0,2.6529443494099496,-0.262851310018469,44.0,-6.0,0.4482550481308891,-0.2537025035763172,0.4910248986682107,0.7846433439345752,0.5067796610169492,0.7965796579657966,concordant,concordant,0.0157547623487384,0.0119363140312213,4,488,713,449,714,1378,1371,295,253,2749,1201,126.57111676973445,-225,35.41364296081277,1163,116.61913423062931,-265,0.5080372250423012,42,394,797,571,697,1240,1552,216,354,2792,1191,112.47063037249283,-403,31.774193548387096,1268,142.5454871060172,-126,0.4843432289548597,-138
E02000632,Lambeth,6,5,23.574841554224463,23.357236886254334,510.0,408.0,0.5193482688391039,0.4154786150712831,-0.1038696537678208,-0.2176046679701286,371.0,1301.0,1603,1971,3574,1672.0,135.0506435366536,-930.0,23.144104803493452,474.0,1387.0,1887,2185,4072,1861.0,161.4533398821218,-913.0,25.119236883942765,482.0,1076.0,1558.0,145.11247901510913,-594.0,24.45459157787925,505.0,1243.0,1748.0,154.15397838899804,-738.0,23.112128146453088,-97.0,798.0,895.0,17.0,189.0,26.4026963454682,1.975132080449313,-144.0,190.0,9.041499373888913,-1.342463431426161,0.5176470588235295,0.9037493005036372,0.5156553061789969,0.8862966601178782,concordant,concordant,-0.0019917526445325,-0.0174526403857591,4,1256,1185,873,1021,2452,2305,849,334,4757,2441,312.8778642001261,71,51.22349102773246,1894,187.3729241118352,-148,0.5630911188004614,515,1301,1234,1252,1155,2665,2836,778,651,5501,2535,291.8440283584803,67,48.81801125703565,2407,262.8722050536266,97,0.5129502225819507,127
E02000633,Lambeth,2,2,41.8273370539227,32.63786933069133,112.0,133.0,0.1140529531568228,0.1354378818737271,0.0213849287169042,-9.189467723231369,909.0,31.0,1074,1192,2266,940.0,12.435569285083847,878.0,84.63687150837988,896.0,73.0,1107,1393,2500,969.0,26.1632,823.0,80.93947606142729,952.0,41.0,993.0,17.22506619593998,911.0,79.86577181208054,1138.0,52.0,1190.0,23.6704,1086.0,81.69418521177315,788.0,895.0,107.0,-55.0,29.0,13.727630714916152,-3.697395446952598,175.0,197.0,6.44533380406002,1.8284133996926073,0.4862907397827211,0.853045013239188,0.4488188976377952,0.8636,concordant,concordant,-0.0374718421449258,0.010554986760812,2,952,34,924,48,1307,1373,233,181,2680,986,12.077611940298507,918,72.83856159143076,972,16.549253731343285,876,0.5035750766087844,52,1029,87,1286,59,1425,1779,318,386,3204,1116,27.941011235955056,942,72.21052631578947,1345,23.681023720349565,1227,0.4534741974806989,-68
E02000634,Lambeth,3,3,34.206662760736194,30.16654974528019,254.0,199.0,0.2586558044806517,0.2026476578411405,-0.0560081466395112,-4.040113015456004,649.0,142.0,870,1014,1884,791.0,48.91613588110403,507.0,74.59770114942529,644.0,152.0,958,1105,2063,796.0,47.44934561318468,492.0,67.22338204592901,758.0,109.0,867.0,43.85456475583864,649.0,74.7534516765286,822.0,179.0,1001.0,71.32234609791566,643.0,74.38914027149322,517.0,679.0,162.0,-15.0,5.0,-1.4667902679193503,-7.374319103496276,-6.0,134.0,27.467781342077014,-0.3643114050353802,0.4770808202653799,0.8800424628450106,0.442960489705064,0.8710615608337373,concordant,concordant,-0.0341203305603159,-0.0089809020112733,2,1035,44,920,34,1255,1175,385,161,2430,1079,18.74074074074074,991,82.47011952191235,954,12.872427983539094,886,0.5307427447122479,224,1048,43,1188,68,1362,1469,404,364,2831,1091,15.918050158954433,1005,76.94566813509545,1256,28.53549982338396,1120,0.46484874307626756,40
E02000635,Lambeth,3,4,34.34162581959157,26.395909744580383,246.0,318.0,0.2505091649694501,0.3238289205702647,0.0733197556008146,-7.9457160750111875,693.0,238.0,1111,1219,2330,931.0,70.78712446351932,455.0,62.37623762376238,728.0,231.0,1174,1282,2456,959.0,68.47231270358306,497.0,62.01022146507667,800.0,255.0,1055.0,87.55364806866953,545.0,65.62756357670222,908.0,280.0,1188.0,103.51791530944624,628.0,70.82683307332293,232.0,595.0,363.0,42.0,28.0,-2.314811759936262,-0.36601615868571,83.0,133.0,15.964267240776708,5.199269496620715,0.4687814702920443,0.8523605150214593,0.4466697717745692,0.874185667752443,concordant,concordant,-0.0221116985174751,0.0218251527309837,2,984,58,1047,66,1402,1466,291,247,2868,1042,19.89958158995816,926,70.18544935805991,1113,24.094142259414227,981,0.4835266821345708,44,1023,64,1368,69,1465,1740,291,458,3205,1087,20.42808112324493,959,69.82935153583618,1437,29.45148205928237,1299,0.4306656101426308,-167
E02000636,Lambeth,7,7,20.371509205393377,15.979028808655178,604.0,662.0,0.615071283095723,0.6741344195519349,0.0590631364562118,-4.392480396738199,233.0,804.0,986,1227,2213,1037.0,84.65070040668775,-571.0,23.63083164300203,252.0,855.0,1125,1277,2402,1107.0,89.70024979184014,-603.0,22.4,324.0,698.0,1022.0,102.1924988703118,-374.0,26.405867970660147,326.0,796.0,1122.0,108.03330557868443,-470.0,25.52858261550509,-409.0,331.0,740.0,-32.0,70.0,5.049549385152389,-1.2308316430020303,-96.0,100.0,5.840806708372639,-0.8772853551550561,0.5036425449247207,0.930411206507004,0.4966352624495289,0.9279766860949208,concordant,concordant,-0.0070072824751917,-0.0024345204120831,5,641,769,648,667,1382,1543,396,316,2925,1410,168.52273504273504,-128,46.38205499276411,1315,147.76615384615386,-19,0.5174311926605505,80,711,815,848,769,1578,1791,453,514,3369,1526,171.99910952804987,-104,45.05703422053232,1617,193.56248144850105,79,0.48552338530066813,-61
E02000637,Lambeth,5,5,28.442260803499483,22.2360567321409,396.0,444.0,0.4032586558044806,0.4521384928716904,0.0488798370672097,-6.206204071358584,411.0,783.0,1267,1381,2648,1194.0,121.53058912386707,-372.0,32.438831886345696,379.0,757.0,1288,1423,2711,1136.0,105.82921431206196,-378.0,29.42546583850932,373.0,674.0,1047.0,94.940332326284,-301.0,27.009413468501087,408.0,738.0,1146.0,111.06750276650682,-330.0,28.671820098383694,-307.0,431.0,738.0,-6.0,-58.0,-15.70137481180511,-3.0133660478363744,-29.0,99.0,16.127170440222827,1.6624066298826072,0.5327978580990629,0.8462990936555891,0.4978089395267309,0.8417558096643305,concordant,concordant,-0.0349889185723319,-0.0045432839912585,3,896,614,730,508,1665,1614,398,233,3279,1510,167.77798109179628,282,53.813813813813816,1238,113.09545593168649,222,0.549490538573508,165,815,576,980,597,1644,1874,356,451,3518,1391,133.439454235361,239,49.57420924574209,1577,166.30471859010802,383,0.4686657681940701,-95
E02000638,Lambeth,3,4,35.127548866437664,24.584443094250148,224.0,368.0,0.2281059063136456,0.3747454175152749,0.1466395112016293,-10.543105772187516,802.0,214.0,1270,1307,2577,1016.0,66.5999223903764,588.0,63.1496062992126,875.0,242.0,1414,1508,2922,1117.0,72.46748802190281,633.0,61.88118811881188,851.0,263.0,1114.0,86.85021342646488,588.0,65.11094108645754,1040.0,322.0,1362.0,114.60643394934976,718.0,68.96551724137932,286.0,738.0,452.0,45.0,101.0,5.8675656315264035,-1.2684181804007224,130.0,248.0,27.756220522884888,3.854576154921773,0.4769953051643192,0.8265424912689173,0.4505849132714804,0.8483915126625599,concordant,concordant,-0.0264103918928388,0.0218490213936425,2,1213,50,1164,69,1681,1620,411,313,3301,1263,18.37322023629203,1163,72.15942891136228,1233,24.330808845804302,1095,0.5060096153846154,98,1295,94,1478,104,1832,1946,418,438,3778,1389,32.22075172048703,1201,70.6877729257642,1582,40.6860772895712,1374,0.4675193537529451,-20
E02000639,Lambeth,3,3,35.47868776819806,28.602146796724472,212.0,245.0,0.2158859470468432,0.2494908350305499,0.0336048879837067,-6.876540971473585,556.0,152.0,929,909,1838,708.0,45.98041349292709,404.0,59.84930032292788,683.0,178.0,1024,1051,2075,861.0,58.58987951807229,505.0,66.69921875,600.0,203.0,803.0,66.2676822633297,397.0,66.006600660066,727.0,174.0,901.0,60.96289156626506,553.0,69.17221693625119,518.0,719.0,201.0,101.0,153.0,12.609466025145196,6.849918427072119,156.0,98.0,-5.304790697064647,3.1656162761851903,0.4685638649900728,0.8220892274211099,0.4886492622020431,0.8491566265060241,concordant,concordant,0.0200853972119703,0.0270673990849141,2,730,33,735,52,1101,1044,172,135,2145,763,11.23076923076923,697,66.30336058128974,787,17.818181818181817,683,0.492258064516129,37,854,59,1004,59,1194,1325,170,274,2519,913,20.002381897578402,795,71.52428810720268,1063,23.515680825724495,945,0.46204453441295545,-104
E02000640,Lambeth,6,7,21.849598633125066,16.023858913447636,570.0,660.0,0.5804480651731161,0.6720977596741344,0.0916496945010183,-5.825739719677429,456.0,708.0,1151,1344,2495,1164.0,129.39799599198398,-252.0,39.61772371850565,429.0,672.0,1257,1265,2522,1101.0,114.30927835051548,-243.0,34.12887828162291,472.0,547.0,1019.0,103.4805611222445,-75.0,35.11904761904761,459.0,689.0,1148.0,125.39690721649484,-230.0,36.28458498023715,-350.0,382.0,732.0,9.0,-63.0,-15.088717641468492,-5.488845436882741,-155.0,129.0,21.916346094250343,1.1655373611895357,0.5332111772789739,0.8749498997995993,0.4895509115162294,0.8917525773195877,concordant,concordant,-0.0436602657627445,0.0168026775199884,4,937,595,823,477,1596,1665,445,321,3261,1532,170.96442808954308,342,58.70927318295739,1300,120.3836246550138,346,0.5409604519774012,124,865,562,1138,614,1676,1917,419,652,3593,1427,135.29919287503478,303,51.6109785202864,1752,194.47035903145004,524,0.4488832966341617,-233
E02000641,Lambeth,2,2,37.77059364734024,32.59530040098018,171.0,134.0,0.1741344195519348,0.1364562118126273,-0.0376782077393075,-5.175293246360063,629.0,28.0,824,900,1724,657.0,10.215777262180977,601.0,76.33495145631069,535.0,32.0,693,876,1569,567.0,10.91140854047164,503.0,77.2005772005772,722.0,17.0,739.0,7.119489559164733,705.0,80.22222222222221,733.0,36.0,769.0,16.818355640535373,697.0,83.67579908675799,458.0,524.0,66.0,-98.0,-90.0,0.695631278290664,0.8656257442665094,-8.0,30.0,9.69886608137064,3.4535768645357763,0.4706303724928367,0.8097447795823666,0.4244011976047904,0.851497769279796,concordant,concordant,-0.0462291748880462,0.0417529896974294,2,585,33,728,20,951,1061,127,161,2012,618,9.59493041749503,552,61.51419558359621,748,7.236580516898608,708,0.45241581259150804,-34,530,35,841,39,812,1107,119,231,1919,565,9.666492965085983,495,65.27093596059113,880,17.091714434601354,802,0.39100346020761245,-112
E02000642,Lambeth,5,4,25.87531438304944,24.80936700884236,451.0,363.0,0.4592668024439919,0.3696537678207739,-0.0896130346232179,-1.0659473742070773,310.0,434.0,1092,948,2040,744.0,65.95098039215686,-124.0,28.388278388278387,263.0,431.0,979,935,1914,694.0,59.22309299895507,-168.0,26.86414708886619,259.0,518.0,777.0,65.7656862745098,-259.0,27.320675105485233,290.0,502.0,792.0,76.06060606060606,-212.0,31.016042780748663,215.0,493.0,278.0,-44.0,-50.0,-6.727887393201797,-1.524131299412197,47.0,15.0,10.294919786096258,3.69536767526343,0.4891518737672584,0.7455882352941177,0.4670255720053836,0.7763845350052246,concordant,concordant,-0.0221263017618748,0.0307962997111069,4,350,631,445,707,1265,1194,173,246,2459,981,89.8129320862139,-281,27.66798418972332,1152,127.94428629524197,-262,0.459915611814346,-73,354,578,646,636,1148,1380,169,445,2528,932,80.9382911392405,-224,30.836236933797913,1282,162.52215189873417,10,0.4209575429087624,-276
E02000643,Lambeth,4,5,29.604573062492538,22.511572167726634,373.0,440.0,0.3798370672097759,0.4480651731160896,0.0682281059063136,-7.0930008947659005,645.0,331.0,1099,1129,2228,976.0,95.82360861759426,314.0,58.68971792538672,651.0,361.0,1181,1117,2298,1012.0,102.26762402088772,290.0,55.12277730736665,682.0,350.0,1032.0,107.13644524236985,332.0,60.4074402125775,604.0,410.0,1014.0,107.763272410792,194.0,54.0734109221128,6.0,490.0,484.0,-24.0,36.0,6.444015403293463,-3.5669406180200696,-138.0,-18.0,0.6268271684221531,-6.334029290464699,0.4860557768924303,0.9012567324955116,0.4995064165844027,0.8816362053959965,concordant,concordant,0.0134506396919724,-0.0196205270995151,3,753,330,842,350,1367,1434,268,305,2801,1083,88.71474473402357,423,55.08412582297001,1192,105.21242413423778,492,0.47604395604395605,-37,737,356,927,409,1387,1558,206,441,2945,1093,89.09066213921902,381,53.13626532083634,1336,128.74125636672326,518,0.4499794153972828,-235
E02000644,Lambeth,5,6,27.280966691415315,20.974858694447523,424.0,493.0,0.4317718940936864,0.5020366598778004,0.070264765784114,-6.306107996967793,258.0,429.0,1161,922,2083,687.0,53.13586173787806,-171.0,22.22222222222222,281.0,373.0,946,892,1838,654.0,57.02557127312296,-92.0,29.704016913319236,253.0,605.0,858.0,73.4829572731637,-352.0,27.440347071583517,277.0,451.0,728.0,67.9689880304679,-174.0,31.053811659192824,-273.0,235.0,508.0,79.0,-33.0,3.889709535244897,7.481794691097015,178.0,-130.0,-5.513969242695808,3.613464587609307,0.4446601941747573,0.741718674987998,0.4732272069464544,0.7519042437431991,concordant,concordant,0.0285670127716971,0.010185568755201,3,584,299,648,437,1345,1163,184,241,2508,883,69.62360446570973,285,43.42007434944238,1085,112.9090909090909,211,0.4486788617886179,-57,521,241,762,326,1072,1261,126,369,2333,762,53.81954564937848,280,48.600746268656714,1088,106.47749678525504,436,0.4118918918918919,-243
E02000645,Lambeth,5,5,26.64324136252771,22.59827693269431,437.0,438.0,0.445010183299389,0.4460285132382892,0.0010183299389001,-4.044964429833403,265.0,514.0,1141,1098,2239,779.0,60.83519428316213,-249.0,23.22524101665206,276.0,433.0,945,1025,1970,709.0,60.66395939086294,-157.0,29.20634920634921,322.0,507.0,829.0,72.91380080393033,-185.0,29.326047358834245,323.0,387.0,710.0,63.45228426395939,-64.0,31.51219512195122,-69.0,399.0,468.0,92.0,-70.0,-0.1712348922991893,5.981108189697149,121.0,-119.0,-9.461516539970935,2.186147763116974,0.4844527363184079,0.7181777579276463,0.4996476391825229,0.7203045685279188,concordant,concordant,0.0151949028641149,0.0021268106002725,3,692,322,751,378,1344,1370,203,272,2714,1014,82.10169491525424,370,51.488095238095234,1129,104.59764185703759,373,0.47316845543630426,-69,573,282,927,277,1075,1482,130,457,2557,855,63.19358623386781,291,53.30232558139535,1204,100.42197888150176,650,0.41525012141816414,-327
E02000646,Lambeth,5,6,26.44604304681504,19.734005023640663,440.0,542.0,0.4480651731160896,0.5519348268839104,0.1038696537678207,-6.712038023174376,403.0,573.0,1289,1190,2479,976.0,93.15006050826946,-170.0,31.26454615981381,415.0,569.0,1207,1190,2397,984.0,98.51272423863162,-154.0,34.38276719138359,353.0,622.0,975.0,88.5703912868092,-269.0,29.66386554621849,391.0,560.0,951.0,91.34751773049643,-169.0,32.857142857142854,-385.0,318.0,703.0,16.0,8.0,5.362663730362158,3.1182210315697816,100.0,-24.0,2.777126443687237,3.1932773109243655,0.5002562788313686,0.7870108914885035,0.5085271317829457,0.8072590738423029,concordant,concordant,0.0082708529515771,0.0202481823537994,4,688,737,553,812,1658,1474,369,284,3132,1425,161.89527458492975,-49,41.495778045838364,1365,143.37037037037038,-259,0.510752688172043,85,458,703,792,698,1397,1697,190,507,3094,1161,104.06399482870071,-245,32.78453829634932,1490,178.67356173238525,94,0.43794794417201055,-317
E02000647,Lambeth,5,6,24.294719184250855,19.74020986439195,480.0,541.0,0.4887983706720977,0.5509164969450102,0.0621181262729124,-4.554509319858905,211.0,315.0,801,740,1541,526.0,43.131083711875405,-104.0,26.34207240948814,232.0,284.0,780,681,1461,516.0,45.097878165639976,-52.0,29.743589743589745,217.0,354.0,571.0,49.849448410123294,-137.0,29.324324324324323,231.0,292.0,523.0,46.168377823408626,-61.0,33.92070484581498,-223.0,176.0,399.0,52.0,-10.0,1.966794453764571,3.401517334101605,76.0,-48.0,-3.681070586714668,4.596380521490659,0.479489516864175,0.7118754055807917,0.4966313763233879,0.7111567419575633,concordant,concordant,0.0171418594592128,-0.0007186636232283,4,334,449,388,502,983,966,182,226,1949,783,76.94510005130836,-115,33.97761953204476,890,99.93637762955362,-114,0.46802151823072324,-44,286,388,493,457,900,981,120,300,1881,674,58.994152046783626,-102,31.77777777777778,950,119.77724614566719,36,0.41502463054187194,-180
E02000648,Lambeth,2,1,41.007171645488384,34.775513627592865,122.0,81.0,0.1242362525458248,0.0824847250509165,-0.0417515274949083,-6.231658017895519,627.0,11.0,730,651,1381,638.0,4.994207096307024,616.0,85.89041095890411,435.0,24.0,530,499,1029,459.0,10.145772594752186,411.0,82.0754716981132,564.0,7.0,571.0,2.8587979724837074,557.0,86.63594470046083,427.0,13.0,440.0,5.394557823129252,414.0,85.57114228456913,488.0,488.0,0.0,-205.0,-179.0,5.151565498445162,-3.814939260790908,-143.0,-131.0,2.5357598506455443,-1.0648024158916911,0.5277088502894954,0.8754525706010138,0.5105672969966629,0.8736637512147716,concordant,concordant,-0.0171415532928325,-0.0017888193862422,2,566,16,581,9,813,758,83,107,1571,582,5.764481222151496,550,69.61869618696187,590,3.328453214513049,572,0.49658703071672355,-24,427,24,606,18,589,782,59,283,1371,451,7.474835886214442,403,72.49575551782682,624,7.956236323851203,588,0.41953488372093023,-224
E02000649,Lambeth,3,4,34.865395218674536,24.581446045324927,231.0,370.0,0.235234215885947,0.3767820773930753,0.1415478615071283,-10.283949173349608,1190.0,207.0,1568,1538,3106,1397.0,79.30779137153895,983.0,75.89285714285714,1177.0,215.0,1615,1606,3221,1392.0,78.56411052468178,962.0,72.87925696594428,1169.0,196.0,1365.0,73.76819059884096,973.0,76.00780234070221,1220.0,226.0,1446.0,85.60074511021422,994.0,75.96513075965132,635.0,1025.0,390.0,-21.0,-5.0,-0.7436808468571741,-3.01360017691286,21.0,81.0,11.83255451137326,-0.0426715810508966,0.5057929036929761,0.8892466194462331,0.4904862579281184,0.8810928283141881,concordant,concordant,-0.0153066457648577,-0.0081537911320449,2,1544,66,1504,65,1919,1868,351,330,3787,1610,26.90889886453657,1478,80.45857217300677,1569,25.81462899392659,1439,0.5064485687323057,21,1418,58,1802,74,1855,2188,240,582,4043,1476,20.34232005936186,1360,76.4420485175202,1876,32.98243878308187,1728,0.4403341288782816,-342
E02000650,Lambeth,4,2,31.554681469558194,31.015999344863733,325.0,176.0,0.3309572301425661,0.1792260692464358,-0.1517311608961303,-0.5386821246944606,423.0,171.0,755,630,1385,594.0,52.2259927797834,252.0,56.026490066225165,412.0,219.0,740,773,1513,631.0,59.63516192994051,193.0,55.67567567567567,364.0,218.0,582.0,57.293862815884474,146.0,57.77777777777777,438.0,220.0,658.0,63.688037012557835,218.0,56.66235446313066,527.0,597.0,70.0,-59.0,37.0,7.409169150157112,-0.3508143905494947,72.0,76.0,6.394174196673362,-1.11542331464711,0.5051020408163265,0.8490974729241877,0.4895267649340574,0.8519497686715135,concordant,concordant,-0.015575275882269,0.0028522957473258,3,394,171,474,218,873,835,118,205,1708,565,39.44613583138173,223,45.131729667812145,692,60.49882903981265,256,0.4494828957836118,-87,397,218,780,219,837,1205,97,432,2042,615,42.382957884427036,179,47.43130227001195,999,83.65328109696377,561,0.38104089219330856,-335
E02000651,Lambeth,5,5,28.470479521592363,21.32459469656139,395.0,479.0,0.4022403258655804,0.4877800407331975,0.085539714867617,-7.145884825030972,276.0,339.0,913,885,1798,615.0,52.03781979977753,-63.0,30.23001095290252,297.0,349.0,874,938,1812,646.0,57.20364238410596,-52.0,33.98169336384439,312.0,460.0,772.0,79.82202447163515,-148.0,35.25423728813559,334.0,366.0,700.0,67.4635761589404,-32.0,35.60767590618337,70.0,432.0,362.0,11.0,31.0,5.165822584328431,3.7516824109418714,116.0,-72.0,-12.358448312694748,0.3534386180477753,0.4434030281182408,0.771412680756396,0.4799405646359584,0.7428256070640177,concordant,concordant,0.0365375365177176,-0.0285870736923783,3,569,220,671,310,1099,1091,186,206,2190,789,57.15981735159817,349,51.77434030937216,981,94.98173515981735,361,0.4457627118644068,-20,551,216,836,257,989,1260,115,322,2249,767,52.91951978657181,335,55.71284125379171,1093,95.53223654957759,579,0.41236559139784945,-207
E02000652,Lambeth,5,6,26.35290384625832,20.358346969319033,443.0,525.0,0.4511201629327902,0.5346232179226069,0.0835030549898167,-5.9945568769392885,174.0,281.0,571,744,1315,455.0,37.181749049429655,-107.0,30.472854640980735,187.0,231.0,655,674,1329,418.0,32.503386004514674,-44.0,28.549618320610687,293.0,262.0,555.0,58.37718631178707,31.0,39.38172043010753,265.0,299.0,564.0,59.620015048908954,-34.0,39.317507418397625,-236.0,113.0,349.0,63.0,-37.0,-4.678363044914981,-1.923236320370048,-65.0,9.0,1.242828737121883,-0.0642130117099029,0.4504950495049505,0.7680608365019012,0.4256619144602851,0.7389014296463506,divergent,concordant,-0.0248331350446653,-0.0291594068555505,4,198,359,308,347,645,851,74,107,1496,557,47.51470588235294,-161,30.697674418604652,655,71.44117647058823,-39,0.45957095709570955,-33,226,322,438,422,748,899,93,225,1647,548,44.18457802064359,-96,30.213903743315505,860,112.22586520947176,16,0.38920454545454547,-132
E02000653,Lewisham,2,3,36.91820631788389,27.21123345476624,183.0,292.0,0.1863543788187372,0.2973523421588595,0.1109979633401222,-9.706972863117652,649.0,93.0,856,896,1752,742.0,34.45034246575342,556.0,75.8177570093458,966.0,199.0,1439,1486,2925,1165.0,65.72102564102565,767.0,67.1299513551077,673.0,56.0,729.0,21.511415525114156,617.0,75.11160714285714,1055.0,194.0,1249.0,69.97264957264957,861.0,70.99596231493943,382.0,819.0,437.0,211.0,423.0,31.270683175272225,-8.68780565423809,244.0,520.0,48.46123404753541,-4.115644827917706,0.504418762746431,0.8396118721461188,0.4826014913007456,0.8252991452991453,concordant,concordant,-0.0218172714456854,-0.0143127268469734,2,749,110,765,66,1084,1111,228,215,2195,859,37.535307517084284,639,69.0959409594096,831,23.002277904328018,699,0.508284023668639,13,1020,225,1405,221,1687,2009,248,523,3696,1245,62.09415584415584,795,60.46235921754594,1626,84.01109307359307,1184,0.4336468129571578,-275
E02000654,Lewisham,2,1,41.74649094056334,34.46425997455765,113.0,90.0,0.115071283095723,0.0916496945010183,-0.0234215885947046,-7.282230966005692,550.0,49.0,801,699,1500,599.0,17.966666666666665,501.0,68.66416978776529,565.0,113.0,789,861,1650,678.0,38.693939393939395,452.0,71.60963244613436,557.0,76.0,633.0,28.221333333333337,481.0,79.68526466380543,618.0,94.0,712.0,35.20727272727273,524.0,71.77700348432056,660.0,660.0,0.0,-49.0,79.0,20.72727272727273,2.945462658369067,43.0,79.0,6.985939393939393,-7.908261179484867,0.4862012987012987,0.8213333333333334,0.4877697841726618,0.8424242424242424,concordant,concordant,0.0015684854713631,0.021090909090909,2,588,61,522,94,979,831,178,132,1810,649,19.816574585635358,527,60.061287027579155,616,27.10939226519337,428,0.5130434782608696,46,553,124,721,105,908,1117,119,256,2025,677,33.86271604938272,429,60.90308370044053,826,37.385185185185186,616,0.4504324683965403,-137
E02000655,Lewisham,4,2,32.287983135964915,32.33255805032156,303.0,140.0,0.3085539714867617,0.1425661914460285,-0.1659877800407332,0.0445749143566445,273.0,546.0,948,1158,2106,819.0,70.77777777777777,-273.0,28.79746835443038,339.0,571.0,1173,1270,2443,910.0,79.2341383544822,-232.0,28.9002557544757,392.0,454.0,846.0,84.50522317188984,-62.0,33.85146804835924,426.0,573.0,999.0,99.91731477691364,-147.0,33.54330708661417,629.0,824.0,195.0,41.0,91.0,8.456360576704427,0.1027874000453223,-85.0,153.0,15.412091605023804,-0.3081609617450667,0.4918918918918919,0.7905982905982906,0.4766893661602933,0.7814162914449447,concordant,concordant,-0.0152025257315985,-0.0091819991533458,3,552,543,524,453,1257,1351,309,193,2608,1095,114.92944785276073,9,43.914081145584724,977,91.01687116564418,71,0.5284749034749034,116,549,568,718,573,1437,1636,264,366,3073,1117,101.4747803449398,-19,38.20459290187891,1291,133.88024731532704,145,0.4638704318936877,-102
E02000657,Lewisham,4,4,31.56238043842256,26.140808345120227,324.0,327.0,0.329938900203666,0.3329938900203666,0.0030549898167006,-5.421572093302331,397.0,633.0,1090,1559,2649,1030.0,94.86636466591166,-236.0,36.42201834862385,368.0,654.0,1164,1539,2703,1022.0,89.03884572697004,-286.0,31.615120274914087,452.0,446.0,898.0,76.10117025292563,6.0,28.992944194996795,524.0,520.0,1044.0,100.80651128375878,4.0,34.04808317089019,-196.0,472.0,668.0,-50.0,-8.0,-5.827518938941623,-4.806898073709764,-2.0,146.0,24.705341030833154,5.055138975893392,0.5342323651452282,0.7278218195545488,0.494675701839303,0.7643359230484646,divergent,divergent,-0.0395566633059252,0.0365141034939158,3,917,631,594,439,1652,1772,562,213,3424,1548,168.99153037383178,286,55.50847457627118,1033,76.15829439252336,155,0.599767531964355,349,814,652,914,516,1650,1996,486,457,3646,1466,145.5644541963796,162,49.333333333333336,1430,129.35381239714755,398,0.5062154696132597,29
E02000658,Lewisham,4,4,30.935088919894156,24.88318940518324,342.0,361.0,0.3482688391038696,0.3676171079429735,0.0193482688391039,-6.0518995147109145,331.0,370.0,1089,993,2082,701.0,58.823246878001925,-39.0,30.39485766758494,324.0,374.0,941,950,1891,698.0,64.08038075092544,-50.0,34.431455897980875,344.0,447.0,791.0,73.85590778097983,-103.0,34.64249748237664,364.0,368.0,732.0,70.83659439450027,-4.0,38.315789473684205,-60.0,343.0,403.0,-11.0,-3.0,5.257133872923518,4.036598230395935,99.0,-59.0,-3.019313386479567,3.673291991307565,0.4698391420911528,0.7166186359269933,0.4881118881118881,0.7562136435748281,concordant,concordant,0.0182727460207353,0.0395950076478348,3,558,369,460,444,1345,1178,256,185,2523,927,81.60998810939358,189,41.486988847583646,904,80.9512485136742,16,0.5062807209175314,71,443,371,689,362,1127,1317,186,367,2444,814,67.24754500818331,72,39.307897071872226,1051,102.05319148936171,327,0.4364611260053619,-181
E02000659,Lewisham,4,5,28.842463093413016,22.07216938929379,386.0,454.0,0.3930753564154786,0.4623217922606925,0.0692464358452138,-6.770293704119226,371.0,253.0,749,755,1504,624.0,62.40890957446808,118.0,49.532710280373834,331.0,268.0,730,713,1443,599.0,61.47470547470547,63.0,45.34246575342466,391.0,277.0,668.0,72.0126329787234,114.0,51.78807947019868,347.0,291.0,638.0,69.97713097713098,56.0,48.66760168302945,-17.0,307.0,324.0,-55.0,-25.0,-0.93420409976261,-4.190244526949172,-58.0,-30.0,-2.0355020015924197,-3.1204777871692286,0.4829721362229102,0.8590425531914894,0.4842360549717057,0.8572418572418572,concordant,concordant,0.0012639187487955,-0.0018006959496321,3,503,253,584,277,914,967,165,212,1881,756,67.65497076023392,250,55.032822757111596,861,86.00106326422116,307,0.4675324675324675,-47,450,266,666,289,878,1058,148,345,1936,716,61.828512396694215,184,51.252847380410024,955,99.41838842975207,377,0.42848593656493117,-197
E02000660,Lewisham,4,4,32.07111655799849,24.623504121526143,310.0,367.0,0.3156822810590631,0.3737270875763747,0.0580448065173115,-7.447612436472344,384.0,399.0,1081,1077,2158,783.0,70.99907321594068,-15.0,35.52266419981498,352.0,444.0,1058,1130,2188,796.0,71.42961608775137,-92.0,33.2703213610586,477.0,396.0,873.0,87.53104726598703,81.0,44.28969359331476,465.0,493.0,958.0,104.7737659963437,-28.0,41.150442477876105,0.0,394.0,394.0,-77.0,13.0,0.4305428718106867,-2.252342838756384,-109.0,85.0,17.24271873035667,-3.139251115438654,0.4728260869565217,0.7673772011121409,0.4538198403648802,0.8016453382084096,divergent,concordant,-0.0190062465916414,0.0342681370962686,3,620,398,664,391,1360,1318,279,241,2678,1018,92.14339058999253,222,45.588235294117645,1055,96.94697535474235,273,0.4910757356488181,38,480,443,759,489,1234,1485,176,355,2719,923,78.2052225082751,37,38.897893030794165,1248,136.5027583670467,270,0.4251497005988024,-179
E02000661,Lewisham,6,7,23.29692327026175,16.33983823746858,521.0,646.0,0.5305498981670062,0.6578411405295316,0.1272912423625254,-6.95708503279317,159.0,401.0,697,712,1409,560.0,45.25124201561391,-242.0,22.812051649928264,140.0,384.0,637,654,1291,524.0,41.64213787761425,-244.0,21.978021978021975,181.0,433.0,614.0,55.62313697657913,-252.0,25.42134831460674,156.0,404.0,560.0,48.81797056545314,-248.0,23.853211009174313,-355.0,117.0,472.0,-2.0,-36.0,-3.6091041379996582,-0.8340296719062898,4.0,-54.0,-6.805166411125995,-1.568137305432426,0.4770017035775127,0.8332150461320085,0.4833948339483395,0.8396591789310612,concordant,concordant,0.0063931303708267,0.0064441327990527,4,341,317,452,391,874,976,177,264,1850,658,58.43081081081081,24,39.016018306636155,843,95.5308108108108,61,0.43837441705529645,-87,287,323,457,360,777,949,140,295,1726,610,53.70857473928157,-36,36.93693693693694,817,95.31865585168019,97,0.42747021723896284,-155
E02000662,Lewisham,4,4,30.236134543209875,23.9897426337262,357.0,387.0,0.3635437881873727,0.3940936863543788,0.030549898167006,-6.246391909483673,359.0,297.0,937,831,1768,656.0,60.307126696832576,62.0,38.31376734258271,222.0,267.0,655,749,1404,489.0,42.217948717948715,-45.0,33.89312977099237,292.0,319.0,611.0,52.68552036199095,-27.0,35.13838748495788,334.0,278.0,612.0,66.13390313390313,56.0,44.59279038718291,-24.0,232.0,256.0,-107.0,-167.0,-18.08917797888386,-4.4206375715903405,83.0,1.0,13.44838277191218,9.454402902225029,0.5177584846093133,0.7166289592760181,0.444141689373297,0.7841880341880342,divergent,divergent,-0.0736167952360162,0.067559074912016,3,461,296,437,319,1098,1024,161,193,2122,757,64.30537229029218,165,41.98542805100182,756,65.69415645617342,118,0.5003304692663583,-32,283,266,597,277,747,1069,92,320,1816,549,41.452643171806166,17,37.88487282463186,874,91.06222466960352,320,0.3858046380885453,-228
E02000663,Lewisham,6,6,23.334572290797887,20.518439860701847,520.0,517.0,0.5295315682281059,0.5264765784114053,-0.0030549898167006,-2.81613243009604,94.0,583.0,774,756,1530,677.0,35.81830065359477,-489.0,12.144702842377262,69.0,506.0,658,720,1378,575.0,25.336719883889696,-437.0,10.486322188449847,79.0,622.0,701.0,32.11633986928105,-543.0,10.44973544973545,106.0,522.0,628.0,40.15384615384615,-416.0,14.722222222222223,-368.0,99.0,467.0,52.0,-102.0,-10.481580769705072,-1.6583806539274146,127.0,-73.0,8.037506284565104,4.272486772486774,0.4912917271407837,0.9006535947712418,0.4779717373233583,0.8730043541364296,concordant,concordant,-0.0133199898174254,-0.0276492406348122,4,240,512,283,559,905,944,131,188,1849,752,66.45754461871282,-272,26.519337016574585,842,85.55813953488372,-276,0.47176913425345046,-57,197,416,400,460,783,996,125,276,1779,613,46.06632939853851,-219,25.15964240102171,860,103.42889263631254,-60,0.41615750169721655,-151
E02000664,Lewisham,2,1,42.10523268808115,34.520400255319146,108.0,88.0,0.109979633401222,0.0896130346232179,-0.020366598778004,-7.584832432762006,1011.0,88.0,1277,1155,2432,1099.0,36.58223684210526,923.0,79.16992952231793,1378.0,217.0,1748,1925,3673,1595.0,81.41192485706507,1161.0,78.83295194508008,887.0,91.0,978.0,33.18955592105263,796.0,76.7965367965368,1465.0,147.0,1612.0,58.631908521644434,1318.0,76.1038961038961,1569.0,1569.0,0.0,238.0,496.0,44.829688014959814,-0.336977577237846,522.0,634.0,25.442352600591803,-0.6926406926406941,0.529128550794415,0.8540296052631579,0.4973495478640474,0.873128233052001,concordant,concordant,-0.0317790029303676,0.0190986277888431,2,1068,102,982,109,1554,1413,277,258,2967,1170,36.71587462082912,966,68.72586872586872,1091,36.07617121671722,873,0.5174701459531181,19,1448,244,1874,171,2071,2602,323,677,4673,1692,75.60710464369784,1204,69.917914051183,2045,68.57564733575862,1703,0.45276960128445276,-354
E02000665,Lewisham,5,6,25.361801906265793,20.62070310175117,465.0,511.0,0.4735234215885947,0.5203665987780041,0.0468431771894093,-4.741098804514621,254.0,335.0,736,728,1464,589.0,58.12158469945355,-81.0,34.51086956521739,184.0,354.0,698,654,1352,538.0,48.17751479289941,-170.0,26.36103151862464,295.0,383.0,678.0,77.17554644808743,-88.0,40.52197802197802,209.0,404.0,613.0,62.45266272189349,-195.0,31.95718654434251,-298.0,130.0,428.0,-89.0,-51.0,-9.94406990655414,-8.149838046592752,-107.0,-65.0,-14.722883726193942,-8.564791477635513,0.4648776637726914,0.8654371584699454,0.4674196350999131,0.8513313609467456,concordant,concordant,0.0025419713272217,-0.0141057975231998,4,208,384,298,429,878,914,142,186,1792,592,44.57142857142857,-176,23.690205011389523,727,71.34040178571429,-131,0.4488248673237301,-44,177,395,424,460,802,968,104,314,1770,572,39.5,-218,22.069825436408976,884,110.19209039548022,-36,0.39285714285714285,-210
E02000666,Lewisham,5,5,24.208014993853297,21.694246955807905,482.0,468.0,0.4908350305498982,0.4765784114052953,-0.0142566191446028,-2.5137680380453915,223.0,364.0,747,701,1448,587.0,56.05801104972376,-141.0,29.85274431057563,152.0,345.0,628,638,1266,497.0,41.4218009478673,-193.0,24.203821656050955,239.0,441.0,680.0,72.78936464088397,-202.0,34.0941512125535,210.0,372.0,582.0,61.70616113744076,-162.0,32.9153605015674,-111.0,221.0,332.0,-52.0,-90.0,-14.636210101856465,-5.648922654524675,40.0,-98.0,-11.083203503443215,-1.1787907109860996,0.4632991318074191,0.875,0.4606116774791474,0.8522906793048973,concordant,concordant,-0.0026874543282717,-0.0227093206951026,4,232,406,304,478,876,856,129,155,1732,638,54.38337182448037,-174,26.48401826484018,782,83.89838337182448,-174,0.44929577464788734,-26,151,395,353,424,713,864,85,226,1577,546,37.82181357006975,-244,21.1781206171108,777,94.90932149651236,-71,0.4126984126984127,-141
E02000667,Lewisham,6,8,21.19856218396082,15.338545322697604,587.0,689.0,0.5977596741344195,0.7016293279022403,0.1038696537678207,-5.860016861263215,64.0,524.0,602,763,1365,588.0,24.56849816849817,-460.0,10.6312292358804,51.0,397.0,612,527,1139,448.0,17.776119402985074,-346.0,8.333333333333332,160.0,471.0,631.0,55.20879120879121,-311.0,20.96985583224115,83.0,473.0,556.0,34.46795434591747,-390.0,15.749525616698293,-438.0,23.0,461.0,114.0,-140.0,-6.792378765513096,-2.2978959025470687,-79.0,-75.0,-20.740836862873746,-5.220330215542859,0.4823625922887612,0.8930402930402931,0.446215139442231,0.8814749780509219,concordant,concordant,-0.0361474528465302,-0.0115653149893711,5,143,600,256,534,706,903,104,140,1609,743,53.325046612802986,-457,20.254957507082153,790,84.96208825357365,-278,0.4846705805609915,-36,102,439,357,560,678,822,66,295,1500,541,29.852,-337,15.04424778761062,917,133.28,-203,0.3710562414266118,-229
E02000668,Lewisham,6,7,23.615442262280308,17.377961418285558,508.0,616.0,0.5173116089613035,0.6272912423625254,0.1099796334012219,-6.237480843994749,76.0,386.0,571,560,1131,462.0,25.938107869142353,-310.0,13.309982486865149,56.0,273.0,495,451,946,329.0,16.160676532769557,-217.0,11.313131313131311,113.0,389.0,502.0,38.86560565870911,-276.0,20.17857142857143,123.0,336.0,459.0,43.68710359408034,-213.0,27.27272727272727,-256.0,49.0,305.0,93.0,-133.0,-9.777431336372796,-1.9968511737338377,63.0,-43.0,4.821497935371234,7.094155844155839,0.479253112033195,0.852343059239611,0.4175126903553299,0.8329809725158562,concordant,concordant,-0.061740421677865,-0.0193620867237547,4,193,305,323,257,681,769,110,209,1450,498,40.59655172413793,-112,28.34067547723935,580,57.24896551724138,66,0.4619666048237477,-99,131,205,364,270,567,684,72,233,1251,336,21.466826538768984,-74,23.10405643738977,634,78.56115107913669,94,0.3463917525773196,-161
E02000669,Lewisham,5,4,28.09959996214511,24.53189380087664,408.0,372.0,0.4154786150712831,0.3788187372708758,-0.0366598778004073,-3.567706161268468,265.0,378.0,950,757,1707,643.0,58.68189806678383,-113.0,27.89473684210526,230.0,374.0,757,729,1486,604.0,57.88694481830417,-144.0,30.38309114927345,272.0,546.0,818.0,87.00175746924428,-274.0,35.93130779392338,249.0,435.0,684.0,72.89030955585464,-186.0,34.15637860082305,62.0,350.0,288.0,-31.0,-39.0,-0.7949532484796578,2.4883543071681906,88.0,-134.0,-14.11144791338964,-1.774929193100334,0.4401095140314853,0.8558875219683656,0.468944099378882,0.8667563930013459,concordant,concordant,0.0288345853473966,0.0108688710329802,3,571,285,570,351,1150,973,200,216,2123,856,76.65332077249175,286,49.65217391304348,921,94.23928403203014,219,0.48171074845244793,-16,410,299,706,320,878,1105,121,376,1983,709,61.820474029248615,111,46.69703872437358,1026,113.92839132627333,386,0.4086455331412104,-255
E02000670,Lewisham,3,1,32.987797611255544,34.12369768847258,284.0,96.0,0.2892057026476578,0.0977596741344195,-0.1914460285132382,1.1359000772170376,424.0,186.0,807,693,1500,610.0,52.576,238.0,52.540272614622054,330.0,180.0,569,611,1180,510.0,50.33898305084746,150.0,57.99648506151143,379.0,238.0,617.0,60.13466666666667,141.0,54.689754689754686,341.0,183.0,524.0,52.88389830508475,158.0,55.810147299509005,455.0,455.0,0.0,-88.0,-100.0,-2.23701694915254,5.456212446889374,17.0,-93.0,-7.250768361581919,1.1203926097543189,0.4971475142624287,0.818,0.4932301740812379,0.8762711864406779,concordant,concordant,-0.0039173401811907,0.0582711864406779,2,527,52,489,64,908,802,101,109,1710,579,16.025730994152045,475,58.03964757709251,553,18.301754385964912,425,0.5114840989399293,-8,415,76,533,60,654,802,85,191,1456,491,21.662087912087912,339,63.455657492354746,593,21.964285714285715,473,0.45295202952029523,-106
E02000671,Lewisham,5,6,26.037517798405332,20.80914529425235,449.0,500.0,0.4572301425661914,0.5091649694501018,0.0519348268839103,-5.228372504152983,275.0,468.0,837,916,1753,743.0,73.41699942954935,-193.0,32.85543608124254,292.0,384.0,840,755,1595,676.0,70.29968652037617,-92.0,34.76190476190476,315.0,424.0,739.0,76.18938961779806,-109.0,34.38864628820961,269.0,435.0,704.0,73.36363636363636,-166.0,35.62913907284768,-241.0,240.0,481.0,101.0,-67.0,-3.1173129091731795,1.906468680662222,-57.0,-35.0,-2.8257532541616968,1.2404927846380716,0.5013495276653172,0.845407872219053,0.4898550724637681,0.8652037617554859,concordant,concordant,-0.011494455201549,0.0197958895364328,4,309,554,450,496,1003,1134,166,218,2137,863,80.10575573233506,-245,30.807577268195413,946,104.44548432381843,-46,0.47705914870093974,-52,244,440,603,501,926,1185,86,430,2111,684,50.857413548081475,-196,26.34989200863931,1104,143.10895310279489,102,0.3825503355704698,-344
E02000672,Lewisham,2,2,36.86012535155783,33.70041021305377,185.0,103.0,0.1883910386965376,0.1048879837067209,-0.0835030549898167,-3.159715138504062,793.0,35.0,1002,872,1874,828.0,14.810565635005336,758.0,79.14171656686626,666.0,74.0,803,961,1764,740.0,27.93877551020408,592.0,82.93897882938978,662.0,65.0,727.0,22.961579509071505,597.0,75.91743119266054,772.0,29.0,801.0,12.691609977324264,743.0,80.33298647242457,423.0,596.0,173.0,-166.0,-88.0,13.128209875198744,3.7972622625235175,146.0,74.0,-10.26996953174724,4.415555279764021,0.532475884244373,0.8297758804695837,0.4802076573653471,0.8735827664399093,concordant,concordant,-0.0522682268790258,0.0438068859703255,2,729,41,639,77,1100,1024,98,152,2124,770,14.072033898305085,688,66.27272727272727,716,23.165254237288135,562,0.5181695827725438,-54,617,102,918,37,880,1308,77,347,2188,719,28.76325411334552,515,70.11363636363637,955,15.523765996343693,881,0.4295101553166069,-270
E02000673,Lewisham,6,7,21.887214926938928,15.829065399330466,568.0,669.0,0.5784114052953157,0.6812627291242362,0.1028513238289206,-6.058149527608462,132.0,536.0,826,741,1567,668.0,45.15124441608168,-404.0,15.980629539951574,158.0,524.0,817,829,1646,682.0,50.29890643985419,-366.0,19.3390452876377,124.0,580.0,704.0,45.89661774090619,-456.0,16.734143049932523,195.0,560.0,755.0,66.34264884568651,-365.0,23.522316043425818,-466.0,130.0,596.0,38.0,14.0,5.1476620237725115,3.3584157476861254,91.0,51.0,20.446031104780324,6.788172993493294,0.4868804664723032,0.8755583918315252,0.4745998608211552,0.8730255164034022,concordant,concordant,-0.012280605651148,-0.0025328754281229,4,302,445,350,485,981,948,155,207,1929,747,69.66822187662001,-143,30.784913353720693,835,87.99896319336443,-135,0.4721871049304678,-52,323,461,623,498,965,1237,148,408,2202,784,67.62170753860127,-138,33.47150259067357,1121,140.89645776566758,125,0.4115485564304462,-260
E02000674,Lewisham,6,5,22.74539238802246,21.28855600379687,541.0,480.0,0.5509164969450102,0.4887983706720977,-0.0621181262729124,-1.4568363842255891,60.0,399.0,608,628,1236,459.0,19.368932038834952,-339.0,9.86842105263158,64.0,336.0,569,516,1085,400.0,19.81935483870968,-272.0,11.247803163444638,155.0,459.0,614.0,57.560679611650485,-304.0,24.681528662420384,87.0,393.0,480.0,31.512442396313364,-306.0,16.86046511627907,-104.0,179.0,283.0,67.0,-59.0,0.4504227998747261,1.379382110813058,-2.0,-134.0,-26.04823721533712,-7.821063546141314,0.4277726001863933,0.8681229773462783,0.4545454545454545,0.8110599078341014,concordant,concordant,0.0267728543590612,-0.0570630695121768,4,189,353,320,424,725,789,117,161,1514,542,44.0667107001321,-164,26.068965517241377,744,89.61690885072655,-104,0.4214618973561431,-44,136,299,364,358,635,785,66,269,1420,435,28.63661971830986,-163,21.41732283464567,722,91.76901408450705,6,0.3759723422644771,-203
E02000675,Lewisham,5,6,24.207028365431498,19.71985425751664,483.0,543.0,0.4918533604887983,0.5529531568228105,0.0610997963340121,-4.487174107914857,188.0,311.0,617,594,1211,499.0,48.28075970272502,-123.0,30.47001620745543,226.0,247.0,659,567,1226,473.0,45.53181076672104,-21.0,34.29438543247345,203.0,336.0,539.0,56.323699421965316,-133.0,34.17508417508417,264.0,351.0,615.0,75.58238172920065,-87.0,46.56084656084656,-161.0,151.0,312.0,102.0,-26.0,-2.748948936003984,3.8243692250180175,46.0,76.0,19.258682307235333,12.385762385762384,0.4807321772639691,0.8571428571428571,0.4347426470588235,0.8874388254486134,concordant,concordant,-0.0459895302051456,0.0302959683057563,4,192,348,313,374,716,772,99,178,1488,540,44.903225806451616,-156,26.81564245810056,687,78.67069892473118,-61,0.4400977995110024,-79,184,267,498,395,726,882,67,315,1608,451,30.55223880597015,-83,25.344352617079892,893,122.33208955223881,103,0.33556547619047616,-248
E02000676,Lewisham,5,6,26.83475872034228,20.797340120201152,434.0,501.0,0.4419551934826884,0.5101832993890021,0.0682281059063136,-6.037418600141127,230.0,384.0,732,722,1454,614.0,60.74277854195323,-154.0,31.420765027322407,203.0,314.0,649,626,1275,517.0,49.99372549019608,-111.0,31.2788906009245,233.0,382.0,615.0,61.214580467675376,-149.0,32.27146814404433,245.0,360.0,605.0,69.17647058823529,-115.0,39.13738019169329,-234.0,158.0,392.0,43.0,-97.0,-10.749053051757151,-0.1418744263979086,34.0,-10.0,7.961890120559914,6.865912047648962,0.4995931651749389,0.8452544704264099,0.4607843137254901,0.88,concordant,concordant,-0.0388088514494487,0.0347455295735901,3,451,252,503,260,867,931,135,209,1798,703,63.21023359288098,199,52.01845444059977,763,72.73637374860957,243,0.4795361527967258,-74,334,222,662,252,730,991,81,365,1721,556,43.08425334108077,112,45.75342465753425,914,96.93434049970948,410,0.3782312925170068,-284
E02000677,Lewisham,6,5,23.1539802597583,22.743233797862263,531.0,432.0,0.5407331975560081,0.439918533604888,-0.1008146639511201,-0.4107464618960357,57.0,376.0,622,566,1188,433.0,18.04040404040404,-319.0,9.163987138263666,61.0,323.0,486,528,1014,384.0,19.430966469428007,-262.0,12.551440329218108,116.0,461.0,577.0,45.013468013468014,-345.0,20.49469964664311,115.0,362.0,477.0,41.05522682445759,-247.0,21.78030303030303,-126.0,144.0,270.0,57.0,-49.0,1.3905624290239658,3.3874531909544423,98.0,-100.0,-3.9582411890104225,1.2856033836599217,0.4287128712871287,0.8501683501683501,0.445993031358885,0.849112426035503,concordant,concordant,0.0172801600717563,-0.0010559241328471,4,137,331,248,422,684,688,62,122,1372,468,33.05174927113703,-194,20.029239766081872,670,76.2798833819242,-174,0.4112478031634446,-60,130,289,348,310,549,756,63,228,1305,419,28.78927203065134,-159,23.67941712204007,658,82.66666666666667,38,0.38904363974001854,-165
E02000678,Lewisham,3,2,34.58282409725645,31.299345582720864,241.0,165.0,0.2454175152749491,0.1680244399185336,-0.0773930753564154,-3.2834785145355845,241.0,104.0,441,427,868,345.0,28.87557603686636,137.0,54.6485260770975,222.0,112.0,440,422,862,334.0,28.844547563805104,110.0,50.45454545454545,228.0,86.0,314.0,22.589861751152075,142.0,53.39578454332553,244.0,153.0,397.0,43.30858468677494,91.0,57.81990521327014,172.0,249.0,77.0,-27.0,-11.0,-0.0310284730612551,-4.193980622552047,-51.0,83.0,20.718722935622868,4.424120669944607,0.5235204855842185,0.7592165898617511,0.4569083447332421,0.8480278422273781,concordant,concordant,-0.0666121408509763,0.088811252365627,2,284,25,341,20,484,540,43,113,1024,309,6.93359375,259,58.67768595041323,361,6.66015625,321,0.46119402985074626,-70,291,28,429,56,509,607,69,185,1116,319,7.301075268817204,263,57.17092337917485,485,21.526881720430108,373,0.39676616915422885,-116
E02000679,Lewisham,4,4,31.779484562934854,26.11032891859052,317.0,329.0,0.3228105906313646,0.335030549898167,0.0122199592668024,-5.6691556443443325,367.0,256.0,818,620,1438,623.0,65.33518776077887,111.0,44.86552567237164,259.0,218.0,604,623,1227,477.0,46.01629991850041,41.0,42.88079470198676,270.0,309.0,579.0,58.01808066759388,-39.0,43.54838709677419,294.0,242.0,536.0,57.98533007334963,52.0,47.19101123595505,39.0,252.0,213.0,-70.0,-146.0,-19.318887842278457,-1.9847309703848808,91.0,-43.0,-0.0327505942442485,3.64262413918086,0.5183028286189684,0.8358831710709318,0.470878578479763,0.8255908720456397,divergent,concordant,-0.0474242501392053,-0.010292299025292,3,399,255,388,308,931,782,113,162,1713,654,59.39579684763573,144,42.857142857142854,696,69.76298890834792,80,0.48444444444444446,-49,293,217,516,240,687,882,83,259,1569,510,40.52326322498406,76,42.64919941775837,756,78.92925430210325,276,0.4028436018957346,-176
E02000680,Lewisham,3,4,33.94220438294143,26.328571053322825,260.0,321.0,0.2647657841140529,0.3268839103869654,0.0621181262729124,-7.613633329618608,478.0,162.0,747,736,1483,640.0,52.21577882670263,316.0,63.98929049531459,364.0,105.0,548,568,1116,469.0,34.24731182795699,259.0,66.42335766423358,456.0,165.0,621.0,50.73499662845583,291.0,61.95652173913043,398.0,105.0,503.0,37.446236559139784,293.0,70.07042253521126,98.0,266.0,168.0,-57.0,-171.0,-17.96846699874564,2.434067168918986,2.0,-118.0,-13.288760069316048,8.113900796080834,0.507533703409992,0.8503034389750506,0.4825102880658436,0.8709677419354839,concordant,concordant,-0.0250234153441484,0.0206643029604333,2,592,66,651,52,861,930,114,194,1791,658,21.81574539363484,526,68.75725900116144,703,18.901172529313232,599,0.4834680382072006,-80,446,38,657,36,630,827,82,259,1457,484,11.632120796156485,408,70.7936507936508,693,16.233356211393275,621,0.411214953271028,-177
E02000681,Lewisham,3,1,33.26986647393131,34.679878332751194,278.0,85.0,0.2830957230142566,0.0865580448065173,-0.1965376782077393,1.4100118588198851,291.0,127.0,494,590,1084,418.0,34.093173431734314,164.0,58.906882591093115,265.0,94.0,476,490,966,359.0,25.786749482401657,171.0,55.67226890756303,355.0,136.0,491.0,44.53874538745387,219.0,60.16949152542372,300.0,121.0,421.0,37.577639751552795,179.0,61.224489795918366,388.0,388.0,0.0,7.0,-59.0,-8.306423949332657,-3.2346136835300854,-40.0,-70.0,-6.9611056359010774,1.054998270494643,0.4598459845984598,0.8385608856088561,0.4602564102564102,0.8074534161490683,concordant,concordant,0.0004104256579504,-0.0311074694597878,2,349,53,498,35,551,733,57,143,1284,402,14.40576323987539,296,63.33938294010889,533,13.574766355140186,463,0.4299465240641711,-86,316,36,545,49,523,735,47,245,1258,352,9.042925278219396,280,60.42065009560229,594,21.228139904610494,496,0.37209302325581395,-198
E02000682,Lewisham,3,2,34.86633818794414,31.320623235491823,230.0,164.0,0.2342158859470468,0.1670061099796334,-0.0672097759674134,-3.545714952452311,327.0,187.0,606,573,1179,514.0,51.86513994910941,140.0,53.96039603960397,279.0,136.0,493,494,987,415.0,38.443768996960486,143.0,56.5922920892495,291.0,127.0,418.0,31.346055979643765,164.0,50.78534031413613,302.0,108.0,410.0,33.045592705167174,194.0,61.1336032388664,267.0,345.0,78.0,3.0,-99.0,-13.421370952148926,2.631896049645526,30.0,-8.0,1.6995367255234086,10.348262924730273,0.5515021459227468,0.7905004240882103,0.503030303030303,0.8358662613981763,concordant,concordant,-0.0484718428924437,0.045365837309966,2,380,28,430,40,659,712,53,139,1371,408,7.760758570386579,352,57.66312594840668,470,12.545587162654996,390,0.4646924829157175,-86,333,58,516,33,547,708,54,214,1255,391,15.389641434262948,275,60.877513711151735,549,13.56812749003984,483,0.41595744680851066,-160
E02000683,Lewisham,3,2,34.59896768156425,32.898287428932406,240.0,128.0,0.2443991853360488,0.130346232179226,-0.1140529531568228,-1.700680252631841,320.0,94.0,540,536,1076,414.0,27.955390334572492,226.0,59.25925925925925,277.0,102.0,452,431,883,379.0,31.997734994337485,175.0,61.283185840707965,352.0,115.0,467.0,37.62081784386617,237.0,65.67164179104478,299.0,123.0,422.0,41.650056625141566,176.0,69.37354988399072,256.0,323.0,67.0,-51.0,-35.0,4.042344659764993,2.0239265814487126,-61.0,-45.0,4.029238781275396,3.701908092945942,0.4699205448354143,0.8187732342007435,0.4731585518102372,0.9071347678369196,concordant,concordant,0.0032380069748229,0.088361533636176,2,379,24,473,28,599,657,59,121,1256,403,7.24203821656051,355,63.272120200333895,501,10.544585987261147,445,0.44579646017699115,-62,356,45,511,34,530,643,78,212,1173,401,13.657289002557544,311,67.16981132075472,545,14.81159420289855,477,0.42389006342494717,-134
E02000685,Lewisham,3,3,34.770267452793334,27.242348347991445,236.0,291.0,0.240325865580448,0.2963340122199592,0.0560081466395111,-7.527919104801889,527.0,126.0,748,638,1386,653.0,47.90909090909091,401.0,70.45454545454545,452.0,127.0,652,630,1282,579.0,44.77691107644306,325.0,69.32515337423312,377.0,134.0,511.0,36.44877344877345,243.0,59.09090909090909,394.0,111.0,505.0,34.113884555382214,283.0,62.53968253968254,255.0,446.0,191.0,-76.0,-74.0,-3.13217983264785,-1.1293920803123283,40.0,-6.0,-2.3348888933912377,3.4487734487734443,0.5609965635738832,0.8398268398268398,0.5341328413284133,0.8455538221528861,concordant,concordant,-0.0268637222454698,0.0057269823260462,2,640,43,584,45,860,845,112,207,1705,683,16.14076246334311,597,74.4186046511628,629,15.413489736070382,539,0.520579268292683,-95,511,52,662,34,709,898,57,268,1607,563,16.535158680771623,459,72.07334273624824,696,14.00622277535781,628,0.4471803018268467,-211
E02000686,Lewisham,1,1,42.8632430713965,39.94807595280076,94.0,23.0,0.0957230142566191,0.0234215885947046,-0.0723014256619144,-2.9151671185957397,505.0,0.0,519,509,1028,505.0,0.0,505.0,97.30250481695568,460.0,0.0,479,403,882,460.0,0.0,460.0,96.03340292275574,495.0,0.0,495.0,0.0,495.0,97.24950884086444,385.0,0.0,385.0,0.0,385.0,95.53349875930522,396.0,396.0,0.0,-45.0,-45.0,0.0,-1.2691018941999346,-110.0,-110.0,0.0,-1.7160100815592187,0.505,0.9727626459143968,0.5443786982248521,0.9580498866213152,concordant,concordant,0.039378698224852,-0.0147127592930816,1,534,0,610,0,563,627,44,118,1190,534,0.0,534,94.84902309058614,610,0.0,610,0.46678321678321677,-74,505,0,578,0,528,600,49,197,1128,505,0.0,505,95.64393939393939,578,0.0,578,0.4662973222530009,-148
E02000687,Lewisham,4,4,31.4998420880646,25.49714092846992,326.0,344.0,0.3319755600814664,0.35030549898167,0.0183299389002036,-6.002701159594679,327.0,277.0,727,739,1466,604.0,61.78649386084584,50.0,44.97936726272352,288.0,224.0,638,610,1248,512.0,51.69230769230769,64.0,45.14106583072101,338.0,294.0,632.0,67.78444747612551,44.0,45.73748308525033,303.0,224.0,527.0,54.38461538461539,79.0,49.67213114754098,70.0,316.0,246.0,14.0,-92.0,-10.094186168538144,0.1616985679974902,35.0,-105.0,-13.39983209151012,3.934648062290648,0.4886731391585761,0.8431105047748977,0.492781520692974,0.8325320512820513,concordant,concordant,0.0041083815343979,-0.0105784534928463,3,363,276,516,294,821,962,94,223,1783,639,56.190689848569825,87,44.214372716199755,810,85.08356702187325,222,0.4409937888198758,-129,318,224,527,224,719,881,81,271,1600,542,44.52,94,44.22809457579972,751,73.78,303,0.4191802010827533,-190
E02000689,Merton,10,10,7.324171313393072,9.187242079510703,953.0,888.0,0.970468431771894,0.9042769857433808,-0.0661914460285132,1.8630707661176311,0.0,652.0,839,822,1661,652.0,0.0,-652.0,0.0,0.0,610.0,1016,808,1824,610.0,0.0,-610.0,0.0,0.0,728.0,728.0,0.0,-728.0,0.0,0.0,914.0,914.0,0.0,-914.0,0.0,-557.0,0.0,557.0,42.0,-42.0,0.0,0.0,-186.0,186.0,0.0,0.0,0.472463768115942,0.8308248043347382,0.400262467191601,0.8355263157894737,concordant,concordant,-0.072201300924341,0.0047015114547355,10,0,1012,0,1001,1083,1119,244,297,2202,1012,0.0,-1012,0.0,1001,0.0,-1001,0.5027322404371585,-53,0,1170,0,1104,1187,1318,171,510,2505,1170,0.0,-1170,0.0,1104,0.0,-1104,0.5145118733509235,-339
E02000690,Merton,10,10,7.306942889144271,6.785943008011653,954.0,951.0,0.9714867617107944,0.9684317718940936,-0.0030549898167006,-0.5209998811326182,0.0,244.0,438,374,812,244.0,0.0,-244.0,0.0,0.0,220.0,415,328,743,220.0,0.0,-220.0,0.0,0.0,266.0,266.0,0.0,-266.0,0.0,0.0,253.0,253.0,0.0,-253.0,0.0,-203.0,0.0,203.0,24.0,-24.0,0.0,0.0,13.0,-13.0,0.0,0.0,0.4784313725490196,0.6280788177339901,0.4651162790697674,0.6366083445491252,concordant,concordant,-0.0133150934792521,0.008529526815135,10,0,541,0,394,538,644,100,270,1182,541,0.0,-541,0.0,394,0.0,-394,0.5786096256684492,-170,0,481,0,392,520,566,105,238,1086,481,0.0,-481,0.0,392,0.0,-392,0.5509736540664376,-133
E02000691,Merton,9,10,10.957767755522225,9.183412503339566,867.0,889.0,0.8828920570264766,0.905295315682281,0.0224032586558045,-1.7743552521826589,247.0,426.0,892,885,1777,673.0,59.21328081035453,-179.0,27.690582959641254,236.0,425.0,877,808,1685,661.0,59.525222551928785,-189.0,26.90992018244014,311.0,502.0,813.0,87.85706246482836,-191.0,35.14124293785311,278.0,503.0,781.0,82.98753709198813,-225.0,34.4059405940594,-508.0,0.0,508.0,-10.0,-12.0,0.3119417415742518,-0.7806627772011154,-34.0,-32.0,-4.869525372840229,-0.7353023437937054,0.4528936742934051,0.8362408553742262,0.4583911234396671,0.8557863501483679,concordant,concordant,0.005497449146262,0.0195454947741416,8,239,731,288,827,1174,1149,282,264,2323,970,75.2083512699096,-492,20.357751277683136,1115,102.52948773138183,-539,0.46522781774580335,18,230,880,274,733,1065,1229,188,421,2294,1110,88.23016564952049,-650,21.5962441314554,1007,87.55100261551874,-459,0.5243268776570619,-233
E02000692,Merton,10,10,6.656770422605064,5.564838680109991,968.0,973.0,0.9857433808553973,0.9908350305498982,0.005091649694501,-1.0919317424950723,0.0,522.0,834,868,1702,522.0,0.0,-522.0,0.0,0.0,533.0,813,824,1637,533.0,0.0,-533.0,0.0,0.0,624.0,624.0,0.0,-624.0,0.0,0.0,589.0,589.0,0.0,-589.0,0.0,-441.0,0.0,441.0,-11.0,11.0,0.0,0.0,35.0,-35.0,0.0,0.0,0.4554973821989528,0.6733254994124559,0.4750445632798574,0.6854001221747098,concordant,concordant,0.0195471810809045,0.0120746227622539,10,0,893,0,979,1150,1170,316,302,2320,893,0.0,-893,0.0,979,0.0,-979,0.47702991452991456,14,0,1015,0,839,1015,1246,202,422,2261,1015,0.0,-1015,0.0,839,0.0,-839,0.5474649406688241,-220
E02000693,Merton,8,8,14.152329671863075,12.833113614522157,770.0,761.0,0.7841140529531568,0.774949083503055,-0.0091649694501018,-1.3192160573409204,347.0,675.0,1198,1086,2284,1022.0,102.55035026269702,-328.0,28.96494156928214,322.0,658.0,1310,1134,2444,980.0,86.6923076923077,-336.0,24.580152671755727,321.0,761.0,1082.0,106.9531523642732,-440.0,29.55801104972376,381.0,890.0,1271.0,138.74386252045826,-509.0,33.5978835978836,-238.0,383.0,621.0,-8.0,-42.0,-15.85804257038933,-4.384788897526413,-69.0,189.0,31.79071015618507,4.039872548159842,0.4857414448669201,0.9211908931698776,0.4353620613060862,0.9210310965630114,concordant,concordant,-0.0503793835608339,-0.000159796606866,7,302,1092,281,1115,1493,1456,295,370,2949,1394,111.8290946083418,-790,20.227729403884794,1396,106.24448965751102,-834,0.4996415770609319,-75,279,1292,335,1162,1515,1717,205,583,3232,1571,111.5309405940594,-1013,18.415841584158414,1497,120.4424504950495,-827,0.5120599739243807,-378
E02000694,Merton,9,9,11.818423905383732,10.67231486784141,839.0,837.0,0.8543788187372708,0.8523421588594705,-0.0020366598778003,-1.146109037542324,233.0,542.0,1029,956,1985,775.0,63.62015113350126,-309.0,22.643343051506317,214.0,603.0,1142,985,2127,817.0,60.66854724964739,-389.0,18.73905429071804,256.0,652.0,908.0,84.08664987405541,-396.0,26.778242677824267,259.0,786.0,1045.0,95.70944992947814,-527.0,26.294416243654823,-326.0,272.0,598.0,-80.0,42.0,-2.9516038838538705,-3.904288760788276,-131.0,137.0,11.62280005542273,-0.483826434169444,0.4604872251931075,0.8478589420654912,0.4387755102040816,0.8754113775270334,concordant,concordant,-0.0217117149890259,0.0275524354615421,8,226,979,249,987,1329,1338,300,382,2667,1205,82.95988001499812,-753,17.005267118133936,1236,92.14960629921259,-738,0.4936501433838591,-82,203,1247,253,1012,1310,1587,168,602,2897,1450,87.38039351052814,-1044,15.49618320610687,1265,88.37970314118053,-759,0.5340699815837937,-434
E02000695,Merton,8,8,13.815409366477615,14.05193352192362,777.0,727.0,0.7912423625254582,0.7403258655804481,-0.0509164969450101,0.2365241554460055,84.0,703.0,673,891,1564,787.0,37.75703324808184,-619.0,12.481426448737,92.0,629.0,753,793,1546,721.0,37.43078913324709,-537.0,12.217795484727755,126.0,538.0,664.0,43.34271099744245,-412.0,14.14141414141414,102.0,600.0,702.0,39.58602846054334,-498.0,12.862547288776796,-498.0,117.0,615.0,82.0,-66.0,-0.3262441148347506,-0.2636309640092449,-86.0,38.0,-3.7566825368991137,-1.2788668526373446,0.5423845623707788,0.9277493606138107,0.5066760365425158,0.9204398447606728,concordant,concordant,-0.035708525828263,-0.0073095158531379,7,78,899,105,677,786,1045,113,154,1831,977,38.297105406881485,-821,9.923664122137405,782,38.82304751501911,-572,0.5554292211483798,-41,75,960,80,773,890,1081,137,288,1971,1035,36.529680365296805,-885,8.426966292134832,853,31.374936580416033,-693,0.5481991525423728,-151
E02000696,Merton,7,6,19.72888407829534,18.159230963551064,622.0,589.0,0.6334012219959266,0.59979633401222,-0.0336048879837066,-1.569653114744277,271.0,497.0,873,877,1750,768.0,76.964,-226.0,31.04238258877434,276.0,475.0,806,902,1708,751.0,76.75644028103045,-199.0,34.24317617866005,305.0,506.0,811.0,88.18857142857142,-201.0,34.77765108323831,330.0,435.0,765.0,84.0456674473068,-105.0,36.58536585365854,-27.0,374.0,401.0,27.0,-17.0,-0.2075597189695486,3.200793589885709,96.0,-46.0,-4.142903981264624,1.807714770420226,0.4863837872070931,0.9022857142857142,0.4953825857519789,0.8875878220140515,concordant,concordant,0.0089987985448858,-0.0146978922716627,5,421,481,475,487,1022,1045,149,168,2067,902,97.96855345911949,-60,41.193737769080236,962,111.91340106434446,-12,0.48390557939914164,-19,426,462,664,419,953,1236,147,334,2189,888,89.90954773869346,-36,44.700944386149004,1083,127.09730470534491,245,0.4505327245053272,-187
E02000697,Merton,10,10,7.422011866861385,6.867456892468025,948.0,950.0,0.9653767820773932,0.9674134419551936,0.0020366598778004,-0.5545549743933602,0.0,706.0,1090,972,2062,706.0,0.0,-706.0,0.0,0.0,855.0,1148,1075,2223,855.0,0.0,-855.0,0.0,0.0,889.0,889.0,0.0,-889.0,0.0,0.0,949.0,949.0,0.0,-949.0,0.0,-778.0,0.0,778.0,-149.0,149.0,0.0,0.0,-60.0,60.0,0.0,0.0,0.4426332288401254,0.7735208535402521,0.4739467849223946,0.8115159694107063,concordant,concordant,0.0313135560822692,0.0379951158704541,10,0,1124,0,1273,1444,1348,354,376,2792,1124,0.0,-1124,0.0,1273,0.0,-1273,0.4689194826866917,-22,0,1435,0,1188,1353,1621,205,546,2974,1435,0.0,-1435,0.0,1188,0.0,-1188,0.5470834921845216,-341
E02000698,Merton,10,10,5.54405163216479,5.883827332657201,975.0,966.0,0.9928716904276986,0.9837067209775968,-0.0091649694501019,0.3397757004924102,0.0,306.0,617,532,1149,306.0,0.0,-306.0,0.0,0.0,350.0,669,513,1182,350.0,0.0,-350.0,0.0,0.0,364.0,364.0,0.0,-364.0,0.0,0.0,405.0,405.0,0.0,-405.0,0.0,-347.0,0.0,347.0,-44.0,44.0,0.0,0.0,-41.0,41.0,0.0,0.0,0.4567164179104477,0.5831157528285466,0.4635761589403973,0.6387478849407784,concordant,concordant,0.0068597410299495,0.0556321321122318,10,0,674,0,572,775,831,158,299,1606,674,0.0,-674,0.0,572,0.0,-572,0.5409309791332263,-141,0,786,0,565,787,892,118,379,1679,786,0.0,-786,0.0,565,0.0,-565,0.5817912657290896,-261
E02000699,Merton,10,10,6.642231542203147,6.3079358699760615,969.0,960.0,0.9867617107942972,0.9775967413441956,-0.0091649694501018,-0.3342956722270855,0.0,464.0,831,696,1527,464.0,0.0,-464.0,0.0,0.0,413.0,789,743,1532,413.0,0.0,-413.0,0.0,0.0,573.0,573.0,0.0,-573.0,0.0,0.0,595.0,595.0,0.0,-595.0,0.0,-405.0,0.0,405.0,51.0,-51.0,0.0,0.0,-22.0,22.0,0.0,0.0,0.4474445515911283,0.679109364767518,0.4097222222222222,0.6579634464751958,concordant,concordant,-0.037722329368906,-0.0211459182923222,10,0,805,0,863,1076,979,245,283,2055,805,0.0,-805,0.0,863,0.0,-863,0.4826139088729017,-38,0,936,0,744,905,1212,116,469,2117,936,0.0,-936,0.0,744,0.0,-744,0.5571428571428572,-353
E02000700,Merton,5,5,24.031869857659828,23.03602494463224,489.0,418.0,0.4979633401221996,0.4256619144602851,-0.0723014256619145,-0.995844913027586,500.0,199.0,747,794,1541,699.0,64.5684620376379,301.0,66.93440428380187,272.0,177.0,529,689,1218,449.0,39.52709359605911,95.0,51.417769376181475,497.0,191.0,688.0,61.6009085009734,306.0,62.59445843828715,443.0,182.0,625.0,66.19540229885058,261.0,64.29608127721336,77.0,277.0,200.0,-206.0,-250.0,-25.04136844157879,-15.516634907620393,-45.0,-63.0,4.594493797877185,1.7016228389262125,0.5039653929343908,0.900064892926671,0.4180633147113594,0.8817733990147784,concordant,concordant,-0.0859020782230314,-0.0182914939118926,4,537,248,605,211,883,1018,136,224,1901,785,70.05576012624934,289,60.8154020385051,816,67.15149921094161,394,0.49031855090568394,-88,324,210,673,220,624,998,95,309,1622,534,41.9482120838471,114,51.92307692307693,893,91.28236744759556,453,0.37421163279607567,-214
E02000701,Merton,7,5,20.677068894961977,21.035854960942057,597.0,489.0,0.6079429735234216,0.4979633401221996,-0.109979633401222,0.3587860659800768,141.0,440.0,562,751,1313,581.0,47.25057121096725,-299.0,25.088967971530252,135.0,396.0,546,710,1256,531.0,42.56369426751592,-261.0,24.725274725274726,202.0,342.0,544.0,52.61538461538461,-140.0,26.897470039946736,245.0,333.0,578.0,64.9562101910828,-88.0,34.50704225352113,24.0,275.0,251.0,38.0,-50.0,-4.686876943451331,-0.3636932462555258,52.0,34.0,12.34082557569819,7.609572213574392,0.5164444444444445,0.8568164508758568,0.478809738503156,0.8829617834394905,concordant,concordant,-0.0376347059412884,0.0261453325636337,5,218,425,374,337,638,922,76,171,1560,643,59.39102564102564,-207,34.1692789968652,711,80.79358974358975,37,0.47488921713441656,-95,203,387,478,330,611,943,65,233,1554,590,50.554054054054056,-184,33.224222585924714,808,101.5057915057915,148,0.4220314735336195,-168
E02000702,Merton,6,4,23.59667347211312,24.332717198479436,509.0,379.0,0.5183299389002036,0.3859470468431772,-0.1323828920570264,0.7360437263663151,202.0,288.0,512,549,1061,490.0,54.83129123468426,-86.0,39.453125,227.0,271.0,548,590,1138,498.0,54.05711775043937,-44.0,41.42335766423358,190.0,226.0,416.0,40.471253534401505,-36.0,34.60837887067395,255.0,261.0,516.0,58.48418277680141,-6.0,43.22033898305085,240.0,373.0,133.0,42.0,8.0,-0.7741734842448906,1.9702326642335777,30.0,100.0,18.012929242399906,8.611960112376899,0.5408388520971302,0.8539114043355325,0.4911242603550296,0.8910369068541301,concordant,concordant,-0.0497145917421006,0.0371255025185975,4,267,207,366,163,572,722,60,173,1294,474,42.711746522411126,60,46.67832167832168,529,46.10355486862442,203,0.47258225324027914,-113,292,213,474,194,602,809,54,219,1411,505,44.07937632884479,79,48.50498338870432,668,65.17080085046067,280,0.43052003410059675,-165
E02000703,Merton,10,10,6.755026072332269,7.5179695773930755,967.0,936.0,0.984725050916497,0.9531568228105908,-0.0315682281059063,0.7629435050608064,0.0,440.0,595,593,1188,440.0,0.0,-440.0,0.0,0.0,352.0,502,529,1031,352.0,0.0,-352.0,0.0,0.0,437.0,437.0,0.0,-437.0,0.0,0.0,343.0,343.0,0.0,-343.0,0.0,-359.0,0.0,359.0,88.0,-88.0,0.0,0.0,94.0,-94.0,0.0,0.0,0.5017103762827823,0.7382154882154882,0.5064748201438849,0.6741028128031038,concordant,concordant,0.0047644438611026,-0.0641126754123844,10,0,720,0,609,748,849,153,256,1597,720,0.0,-720,0.0,609,0.0,-609,0.5417607223476298,-103,0,689,0,467,604,816,102,287,1420,689,0.0,-689,0.0,467,0.0,-467,0.5960207612456747,-185
E02000704,Merton,9,8,13.024027867476104,13.75204277086158,798.0,737.0,0.8126272912423625,0.7505091649694501,-0.0621181262729124,0.7280149033854748,293.0,301.0,825,684,1509,594.0,58.44466534128562,-8.0,35.515151515151516,319.0,305.0,854,738,1592,624.0,61.11494974874372,14.0,37.3536299765808,267.0,408.0,675.0,72.19085487077535,-141.0,39.03508771929825,301.0,439.0,740.0,83.00188442211055,-138.0,40.78590785907859,225.0,453.0,228.0,22.0,30.0,2.670284407458098,1.8384784614292824,3.0,65.0,10.811029551335196,1.750820139780345,0.4680851063829787,0.8409542743538767,0.4574780058651026,0.8567839195979899,concordant,divergent,-0.0106071005178761,0.0158296452441132,7,388,531,335,579,1029,945,204,261,1974,919,104.37082066869301,-143,37.70651117589893,914,98.25987841945289,-244,0.5013638843426077,-57,392,713,396,561,1016,1194,162,456,2210,1105,126.46877828054299,-321,38.582677165354326,957,100.52307692307693,-165,0.5358874878758487,-294
E02000705,Merton,8,7,15.233752863121616,15.404535763254112,746.0,687.0,0.7596741344195519,0.6995926680244399,-0.060081466395112,0.1707829001324974,39.0,463.0,546,567,1113,502.0,16.223719676549866,-424.0,7.142857142857142,60.0,469.0,616,628,1244,529.0,22.620578778135048,-409.0,9.740259740259742,70.0,471.0,541.0,29.62264150943396,-401.0,12.34567901234568,104.0,523.0,627.0,43.72347266881029,-419.0,16.560509554140125,-293.0,102.0,395.0,15.0,27.0,6.396859101585182,2.597402597402599,-18.0,86.0,14.100831159376328,4.214830541794445,0.4813039309683605,0.9371069182389936,0.4576124567474048,0.9292604501607716,concordant,concordant,-0.0236914742209556,-0.0078464680782219,6,57,463,83,470,605,756,59,189,1361,520,19.390889052167523,-406,9.421487603305785,553,28.662747979426893,-387,0.4846225535880708,-130,74,467,140,522,700,861,84,233,1561,541,22.138372837924408,-393,10.571428571428571,662,46.81614349775785,-382,0.44970906068162925,-149
E02000706,Merton,4,3,28.691782240557817,27.779984133700022,388.0,270.0,0.395112016293279,0.2749490835030549,-0.120162932790224,-0.9117981068577876,533.0,88.0,646,656,1302,621.0,36.02457757296467,445.0,82.50773993808049,415.0,64.0,518,605,1123,479.0,23.65093499554764,351.0,80.11583011583011,509.0,63.0,572.0,24.629032258064516,446.0,77.59146341463415,464.0,53.0,517.0,21.898486197684772,411.0,76.69421487603306,370.0,441.0,71.0,-94.0,-142.0,-12.373642577417026,-2.3919098222503834,-35.0,-55.0,-2.730546060379744,-0.8972485386010902,0.5205364626990779,0.9162826420890936,0.4809236947791164,0.8869100623330365,concordant,concordant,-0.0396127679199614,-0.0293725797560572,3,597,88,628,63,728,819,82,163,1547,685,33.959922430510666,509,82.0054945054945,691,25.574660633484164,565,0.49781976744186046,-81,461,64,679,52,584,856,66,251,1440,525,20.488888888888887,397,78.93835616438356,731,24.519444444444446,627,0.4179936305732484,-185
E02000707,Merton,6,4,23.26636373363612,26.48113163064833,523.0,312.0,0.5325865580448065,0.3177189409368635,-0.2148676171079429,3.214767897012212,128.0,189.0,492,460,952,317.0,25.41176470588235,-61.0,26.01626016260163,152.0,203.0,389,407,796,355.0,38.76381909547739,-51.0,39.0745501285347,196.0,258.0,454.0,53.11764705882353,-62.0,42.608695652173914,142.0,174.0,316.0,31.040201005025125,-32.0,34.88943488943489,152.0,265.0,113.0,10.0,38.0,13.352054389595036,13.058289965933074,30.0,-138.0,-22.077446053798404,-7.719260762739026,0.411154345006485,0.8098739495798319,0.5290611028315947,0.842964824120603,concordant,concordant,0.1179067578251096,0.033090874540771,4,206,138,355,205,560,609,68,149,1169,344,24.318220701454234,68,36.78571428571429,560,62.25406330196749,150,0.3805309734513274,-81,251,150,419,128,466,665,77,258,1131,401,33.289124668435015,101,53.862660944206006,547,47.41998231653404,291,0.4229957805907173,-181
E02000708,Merton,10,10,6.862059659184166,8.284308997308997,966.0,914.0,0.9837067209775968,0.9307535641547862,-0.0529531568228105,1.4222493381248311,0.0,346.0,583,548,1131,346.0,0.0,-346.0,0.0,0.0,305.0,542,508,1050,305.0,0.0,-305.0,0.0,0.0,389.0,389.0,0.0,-389.0,0.0,0.0,403.0,403.0,0.0,-403.0,0.0,-339.0,0.0,339.0,41.0,-41.0,0.0,0.0,-14.0,14.0,0.0,0.0,0.4707482993197279,0.649867374005305,0.4307909604519774,0.6742857142857143,concordant,concordant,-0.0399573388677504,0.0244183402804092,10,0,699,0,619,692,789,109,241,1481,699,0.0,-699,0.0,619,0.0,-619,0.5303490136570561,-132,0,732,0,546,645,813,103,305,1458,732,0.0,-732,0.0,546,0.0,-546,0.5727699530516432,-202
E02000709,Merton,10,10,7.378591233086612,7.481353009408429,950.0,938.0,0.9674134419551936,0.955193482688391,-0.0122199592668025,0.1027617763218167,0.0,281.0,401,364,765,281.0,0.0,-281.0,0.0,0.0,227.0,497,348,845,227.0,0.0,-227.0,0.0,0.0,300.0,300.0,0.0,-300.0,0.0,0.0,345.0,345.0,0.0,-345.0,0.0,-223.0,0.0,223.0,54.0,-54.0,0.0,0.0,-45.0,45.0,0.0,0.0,0.4836488812392427,0.7594771241830065,0.3968531468531469,0.676923076923077,concordant,concordant,-0.0867957343860958,-0.0825540472599295,10,0,552,0,410,479,599,78,235,1078,552,0.0,-552,0.0,410,0.0,-410,0.5738045738045738,-157,0,556,0,476,579,626,82,278,1205,556,0.0,-556,0.0,476,0.0,-476,0.5387596899224806,-196
E02000710,Merton,6,5,22.63565496938408,22.271253619857504,545.0,443.0,0.554989816700611,0.4511201629327902,-0.1038696537678207,-0.3644013495265774,312.0,244.0,648,648,1296,556.0,58.74074074074074,68.0,48.148148148148145,229.0,241.0,555,614,1169,470.0,47.21043627031651,-12.0,41.26126126126126,298.0,254.0,552.0,58.40432098765432,44.0,45.98765432098765,308.0,259.0,567.0,68.23952095808383,49.0,50.1628664495114,76.0,251.0,175.0,-80.0,-86.0,-11.530304470424234,-6.886886886886884,5.0,15.0,9.835199970429509,4.1752121285237465,0.5018050541516246,0.8549382716049383,0.4532304725168756,0.8870829769033362,concordant,divergent,-0.0485745816347489,0.0321447052983978,4,419,183,506,170,755,855,107,207,1610,602,47.625465838509314,236,55.496688741721854,676,53.42857142857143,336,0.47104851330203446,-100,306,181,598,181,627,902,72,288,1529,487,36.223675604970566,125,48.803827751196174,779,70.7900588620013,417,0.38467614533965244,-216
E02000711,Merton,5,5,24.90883320544251,22.92540486015589,471.0,424.0,0.4796334012219959,0.4317718940936864,-0.0478615071283095,-1.9834283452866188,491.0,79.0,646,672,1318,570.0,29.43019726858877,412.0,76.0061919504644,427.0,100.0,645,695,1340,527.0,31.86567164179105,327.0,66.2015503875969,548.0,98.0,646.0,40.74658573596358,450.0,81.54761904761905,532.0,130.0,662.0,51.61194029850746,402.0,76.54676258992805,248.0,371.0,123.0,-85.0,-43.0,2.435474373202279,-9.804641562867502,-48.0,16.0,10.865354562543883,-5.000856457691,0.46875,0.9226100151745068,0.4432296047098402,0.8873134328358209,concordant,concordant,-0.0255203952901598,-0.0352965823386859,4,458,106,595,116,738,849,92,177,1587,564,30.591052299936987,352,62.05962059620597,711,43.49086326402016,479,0.4423529411764706,-85,430,133,741,177,735,1033,90,338,1768,563,32.3472850678733,297,58.50340136054422,918,74.18382352941177,564,0.3801485482781904,-248
E02000712,Merton,6,5,22.659167258238604,22.80065715260405,544.0,430.0,0.5539714867617108,0.4378818737270876,-0.1160896130346232,0.1414898943654421,258.0,211.0,582,622,1204,469.0,45.214285714285715,47.0,44.329896907216494,205.0,125.0,439,433,872,330.0,29.386467889908257,80.0,46.69703872437358,361.0,237.0,598.0,71.06063122923588,124.0,58.038585209003216,272.0,178.0,450.0,55.522935779816514,94.0,62.8175519630485,138.0,229.0,91.0,33.0,-139.0,-15.827817824377458,2.3671418171570835,-30.0,-148.0,-15.537695449419369,4.778966754045285,0.4395501405810684,0.8862126245847176,0.4230769230769231,0.8944954128440367,concordant,concordant,-0.0164732175041453,0.008282788259319,4,384,147,556,130,707,817,125,195,1524,531,37.039370078740156,237,54.31400282885431,686,47.42782152230971,426,0.4363188167625308,-70,280,99,508,114,514,668,75,235,1182,379,23.451776649746193,181,54.474708171206224,622,48.994923857868024,394,0.3786213786213786,-160
E02000713,Merton,10,10,9.767608709212285,9.228112401548524,895.0,884.0,0.9114052953156824,0.90020366598778,-0.0112016293279022,-0.5394963076637573,0.0,198.0,342,303,645,198.0,0.0,-198.0,0.0,0.0,224.0,408,311,719,224.0,0.0,-224.0,0.0,0.0,259.0,259.0,0.0,-259.0,0.0,0.0,308.0,308.0,0.0,-308.0,0.0,-220.0,0.0,220.0,-26.0,26.0,0.0,0.0,-49.0,49.0,0.0,0.0,0.4332603938730853,0.7085271317829457,0.4210526315789473,0.7399165507649513,concordant,concordant,-0.012207762294138,0.0313894189820056,9,61,379,56,293,376,484,34,181,860,440,26.882558139534883,-318,16.22340425531915,349,19.07906976744186,-237,0.5576679340937896,-147,76,460,45,387,487,541,79,230,1028,536,34.007782101167315,-384,15.605749486652979,432,16.94066147859922,-342,0.5537190082644629,-151
E02000714,Newham,3,3,35.18882941595967,27.6586114189352,221.0,282.0,0.225050916496945,0.2871690427698574,0.0621181262729124,-7.530217997024469,133.0,478.0,777,869,1646,611.0,38.62332928311057,-345.0,17.117117117117118,114.0,364.0,533,787,1320,478.0,31.436363636363637,-250.0,21.388367729831145,217.0,554.0,771.0,73.03645200486027,-337.0,24.971231300345227,275.0,275.0,550.0,57.291666666666664,0.0,34.9428208386277,55.0,253.0,198.0,95.0,-133.0,-7.186965646746934,4.271250612714027,337.0,-221.0,-15.7447853381936,9.971589538282476,0.4421128798842257,0.8396111786148238,0.4649805447470817,0.7787878787878788,concordant,zero,0.0228676648628559,-0.060823299826945,2,238,288,361,330,882,1011,105,142,1893,526,36.20919175911252,-50,26.984126984126984,691,62.931854199683045,31,0.4322103533278554,-37,197,238,515,176,615,1023,82,236,1638,435,28.623931623931625,-41,32.03252032520325,691,55.33577533577534,339,0.38632326820603907,-154
E02000715,Newham,1,2,45.1216513290882,31.155505422153368,66.0,170.0,0.0672097759674134,0.1731160896130346,0.1059063136456211,-13.966145906934834,416.0,0.0,707,734,1441,416.0,0.0,416.0,58.84016973125884,279.0,0.0,435,779,1214,279.0,0.0,279.0,64.13793103448275,461.0,0.0,461.0,0.0,461.0,62.80653950953678,539.0,0.0,539.0,0.0,539.0,69.19127086007703,171.0,283.0,112.0,-137.0,-137.0,0.0,5.297761303223908,78.0,78.0,0.0,6.3847313505402425,0.4743443557582668,0.6086051353226926,0.3410757946210269,0.6738056013179572,concordant,concordant,-0.1332685611372399,0.0652004659952646,1,451,0,596,0,749,879,42,145,1628,451,0.0,451,60.213618157543394,596,0.0,596,0.43075453677172876,-103,321,0,670,0,500,928,65,149,1428,321,0.0,321,64.2,670,0.0,670,0.3239152371342079,-84
E02000716,Newham,1,2,42.92421393391352,30.451547432101943,91.0,191.0,0.0926680244399185,0.1945010183299389,0.1018329938900203,-12.472666501811576,516.0,0.0,745,876,1621,516.0,0.0,516.0,69.26174496644295,291.0,0.0,432,701,1133,291.0,0.0,291.0,67.36111111111111,638.0,0.0,638.0,0.0,638.0,72.8310502283105,486.0,0.0,486.0,0.0,486.0,69.32952924393724,229.0,318.0,89.0,-225.0,-225.0,0.0,-1.900633855331833,-152.0,-152.0,0.0,-3.5015209843732578,0.4471403812824956,0.7119062307217767,0.3745173745173745,0.6857899382171226,concordant,concordant,-0.0726230067651211,-0.026116292504654,1,600,0,775,0,842,1022,97,146,1864,600,0.0,600,71.25890736342043,775,0.0,775,0.43636363636363634,-49,328,0,598,0,484,842,52,141,1326,328,0.0,328,67.76859504132231,598,0.0,598,0.3542116630669546,-89
E02000717,Newham,1,3,45.50007701024565,29.7358543229828,58.0,210.0,0.0590631364562118,0.2138492871690427,0.1547861507128309,-15.764222687262848,484.0,0.0,793,1038,1831,484.0,0.0,484.0,61.03404791929382,330.0,0.0,556,732,1288,330.0,0.0,330.0,59.352517985611506,726.0,0.0,726.0,0.0,726.0,69.94219653179191,505.0,0.0,505.0,0.0,505.0,68.98907103825137,-97.0,174.0,271.0,-154.0,-154.0,0.0,-1.681529933682313,-221.0,-221.0,0.0,-0.95312549354054,0.4,0.6608410704533042,0.3952095808383233,0.6482919254658385,concordant,concordant,-0.0047904191616766,-0.0125491449874657,1,568,0,819,0,890,1159,97,121,2049,568,0.0,568,63.82022471910113,819,0.0,819,0.40951694304253783,-24,375,0,668,0,612,911,56,179,1523,375,0.0,375,61.274509803921575,668,0.0,668,0.3595397890699904,-123
E02000718,Newham,1,1,46.59845639392169,34.01824164765866,47.0,98.0,0.0478615071283095,0.0997963340122199,0.0519348268839103,-12.580214746263024,413.0,0.0,670,594,1264,413.0,0.0,413.0,61.64179104477612,232.0,0.0,376,572,948,232.0,0.0,232.0,61.702127659574465,365.0,0.0,365.0,0.0,365.0,61.44781144781145,416.0,0.0,416.0,0.0,416.0,72.72727272727273,330.0,330.0,0.0,-181.0,-181.0,0.0,0.060336614798345,51.0,51.0,0.0,11.27946127946128,0.5308483290488432,0.615506329113924,0.3580246913580246,0.6835443037974683,concordant,concordant,-0.1728236376908185,0.0680379746835443,1,449,0,463,0,716,699,46,105,1415,449,0.0,449,62.709497206703915,463,0.0,463,0.4923245614035088,-59,253,0,544,0,403,702,27,130,1105,253,0.0,253,62.779156327543426,544,0.0,544,0.3174404015056462,-103
E02000719,Newham,2,3,42.215287056962026,27.79439584824624,106.0,269.0,0.1079429735234216,0.2739307535641548,0.1659877800407332,-14.420891208715789,400.0,315.0,951,1056,2007,715.0,62.78026905829597,85.0,42.06098843322818,313.0,331.0,809,975,1784,644.0,58.07343049327354,-18.0,38.68974042027194,454.0,346.0,800.0,78.26806178375685,108.0,42.99242424242424,417.0,297.0,714.0,69.42208520179372,120.0,42.769230769230774,1.0,300.0,299.0,-103.0,-71.0,-4.70683856502243,-3.3712480129562437,12.0,-86.0,-8.845976581963129,-0.2231934731934686,0.4719471947194719,0.7548579970104634,0.4742268041237113,0.7612107623318386,concordant,divergent,0.0022796094042393,0.0063527653213751,1,837,0,897,0,1205,1252,254,196,2457,837,0.0,837,69.46058091286307,897,0.0,897,0.4826989619377163,58,608,0,889,0,928,1237,119,262,2165,608,0.0,608,65.51724137931035,889,0.0,889,0.4061456245824983,-143
E02000720,Newham,3,4,35.453324265668854,25.124224344907702,214.0,356.0,0.2179226069246435,0.3625254582484725,0.1446028513238289,-10.329099920761148,106.0,470.0,774,767,1541,576.0,32.32965606748864,-364.0,13.695090439276486,79.0,412.0,440,676,1116,491.0,29.164874551971327,-333.0,17.954545454545453,201.0,524.0,725.0,68.34782608695652,-323.0,26.205997392438068,178.0,275.0,453.0,43.86200716845878,-97.0,26.33136094674556,-344.0,60.0,404.0,31.0,-85.0,-3.1647815155173156,4.259455015268967,226.0,-272.0,-24.485818918497735,0.1253635543074907,0.4427363566487317,0.8442569759896171,0.5201271186440678,0.8458781362007168,concordant,concordant,0.077390761995336,0.0016211602110997,2,204,262,350,310,863,904,89,137,1767,466,30.24787775891341,-58,23.638470451911935,660,61.40350877192982,40,0.413854351687389,-48,127,220,332,128,488,823,48,147,1311,347,21.311975591151793,-93,26.024590163934423,460,32.41495041952708,204,0.42998760842627015,-99
E02000721,Newham,2,2,42.03435398137609,33.37428216612378,109.0,112.0,0.1109979633401222,0.1140529531568228,0.0030549898167006,-8.660071815252316,394.0,299.0,903,972,1875,693.0,62.82986666666667,95.0,43.63233665559247,281.0,288.0,659,1087,1746,569.0,46.350515463917525,-7.0,42.640364188163886,419.0,304.0,723.0,67.93386666666666,115.0,43.10699588477366,494.0,177.0,671.0,50.07903780068729,317.0,45.446182152713895,384.0,468.0,84.0,-102.0,-124.0,-16.479351202749143,-0.9919724674285816,202.0,-52.0,-17.85482886597937,2.339186267940235,0.4894067796610169,0.7552,0.4588709677419355,0.7101947308132875,concordant,divergent,-0.0305358119190814,-0.0450052691867124,2,409,322,450,334,1158,1176,255,204,2334,731,56.42587832047986,87,35.31951640759931,784,64.39588688946016,116,0.48250825082508253,51,221,320,594,191,732,1335,73,248,2067,541,34.21383647798742,-99,30.191256830601095,785,54.88824383164006,403,0.4079939668174962,-175
E02000722,Newham,2,3,41.33774620471675,27.697998923187367,118.0,278.0,0.120162932790224,0.2830957230142566,0.1629327902240325,-13.639747281529385,376.0,369.0,1017,1287,2304,745.0,60.21875,7.0,36.97148475909538,365.0,380.0,1076,1191,2267,745.0,61.182179091310104,-15.0,33.92193308550186,594.0,362.0,956.0,93.328125,232.0,46.15384615384615,591.0,389.0,980.0,101.41111601235112,202.0,49.622166246851386,-12.0,368.0,380.0,-22.0,0.0,0.963429091310104,-3.04955167359352,-30.0,24.0,8.082991012351116,3.4683200930052323,0.4379776601998824,0.73828125,0.4318840579710145,0.760917512130569,concordant,divergent,-0.0060936022288679,0.022636262130569,2,441,438,534,423,1223,1458,206,171,2681,879,72.04699738903395,3,36.05887162714636,957,84.25289071242074,111,0.47875816993464054,35,344,425,647,469,1198,1429,122,238,2627,769,55.652835934526074,-81,28.71452420701169,1116,115.50932622763608,178,0.4079575596816976,-116
E02000723,Newham,2,4,40.178302366037734,25.035432375740996,132.0,358.0,0.1344195519348268,0.3645621181262729,0.230142566191446,-15.142869990296738,262.0,301.0,724,1194,1918,563.0,41.11678832116788,-39.0,36.187845303867405,212.0,265.0,643,1070,1713,477.0,32.79626386456509,-53.0,32.97045101088647,536.0,211.0,747.0,58.965589155370175,325.0,44.89112227805695,562.0,171.0,733.0,56.10157618213661,391.0,52.523364485981304,-488.0,94.0,582.0,-14.0,-86.0,-8.32052445660279,-3.2173942929809343,66.0,-14.0,-2.8640129732335637,7.632242207924357,0.4297709923664122,0.6830031282586028,0.3942148760330578,0.7063631056625803,divergent,divergent,-0.0355561163333543,0.0233599774039775,2,268,307,650,223,798,1407,74,213,2205,575,37.313378684807255,-39,33.583959899749374,873,65.73696145124717,427,0.39709944751381215,-139,212,275,736,178,705,1377,62,307,2082,487,28.001921229586937,-63,30.070921985815602,914,62.92411143131604,558,0.34760885082084225,-245
E02000724,Newham,2,3,37.50401507063197,27.70225366729867,178.0,277.0,0.1812627291242362,0.2820773930753564,0.1008146639511201,-9.801761403333302,272.0,275.0,854,1100,1954,547.0,38.280450358239506,-3.0,31.85011709601874,189.0,223.0,578,863,1441,412.0,29.24843858431645,-34.0,32.69896193771626,477.0,228.0,705.0,55.65813715455476,249.0,43.36363636363637,387.0,180.0,567.0,48.34142956280361,207.0,44.84356894553882,-21.0,229.0,250.0,-31.0,-135.0,-9.032011773923056,0.8488448416975238,-42.0,-138.0,-7.316707591751147,1.4799325819024531,0.4369009584664536,0.6407369498464688,0.4208375893769152,0.6793893129770993,divergent,divergent,-0.0160633690895384,0.0386523631306304,2,237,295,460,259,922,1262,68,162,2184,532,32.012362637362635,-58,25.704989154013013,719,54.55128205128205,201,0.42525979216626697,-94,174,244,514,190,640,1109,62,246,1749,418,24.274442538593483,-70,27.187499999999996,704,55.83762149799885,324,0.37254901960784315,-184
E02000725,Newham,1,2,45.56739395786391,30.49649914456801,57.0,190.0,0.0580448065173116,0.1934826883910387,0.135437881873727,-15.070894813295896,843.0,0.0,1230,1172,2402,843.0,0.0,843.0,68.53658536585367,963.0,0.0,1493,1590,3083,963.0,0.0,963.0,64.50100468854654,835.0,0.0,835.0,0.0,835.0,71.24573378839591,996.0,0.0,996.0,0.0,996.0,62.64150943396226,791.0,990.0,199.0,120.0,120.0,0.0,-4.035580677307124,161.0,161.0,0.0,-8.604224354433647,0.5023837902264601,0.6985845129059117,0.4915773353751914,0.6354200454103146,concordant,concordant,-0.0108064548512686,-0.0631644674955971,1,1134,0,1007,0,1572,1406,342,234,2978,1134,0.0,1134,72.13740458015268,1007,0.0,1007,0.5296590378327884,108,1097,0,1301,0,1705,1968,212,378,3673,1097,0.0,1097,64.34017595307918,1301,0.0,1301,0.45746455379482903,-166
E02000726,Newham,1,3,45.31515,27.459165690193288,63.0,286.0,0.0641547861507128,0.2912423625254582,0.2270875763747454,-17.855984309806715,929.0,0.0,1355,1288,2643,929.0,0.0,929.0,68.5608856088561,2446.0,0.0,3492,3152,6644,2446.0,0.0,2446.0,70.04581901489118,806.0,0.0,806.0,0.0,806.0,62.577639751552795,2299.0,0.0,2299.0,0.0,2299.0,72.93781725888326,829.0,1710.0,881.0,1517.0,1517.0,0.0,1.4849334060350827,1493.0,1493.0,0.0,10.360177507330462,0.5354466858789625,0.6564510026485055,0.5154899894625922,0.7141782059000602,concordant,concordant,-0.0199566964163703,0.0577272032515546,1,1255,0,955,0,1764,1504,409,216,3268,1255,0.0,1255,71.14512471655328,955,0.0,955,0.5678733031674208,193,3477,0,3546,0,4662,4506,1170,1354,9168,3477,0.0,3477,74.58172458172459,3546,0.0,3546,0.49508756941478,-184
E02000727,Newham,2,3,38.51831004455148,27.1976008492569,157.0,294.0,0.159877800407332,0.2993890020366598,0.1395112016293278,-11.320709195294576,299.0,238.0,761,1036,1797,537.0,39.600445186421815,61.0,39.2904073587385,161.0,248.0,502,873,1375,409.0,29.038545454545453,-87.0,32.07171314741036,485.0,162.0,647.0,43.7228714524207,323.0,46.81467181467182,411.0,149.0,560.0,44.537454545454544,262.0,47.07903780068728,-113.0,175.0,288.0,-148.0,-128.0,-10.561899731876364,-7.218694211328142,-61.0,-87.0,0.8145830930338462,0.2643659860154628,0.4535472972972973,0.6588759042849193,0.4220846233230134,0.7047272727272728,concordant,divergent,-0.0314626739742838,0.0458513684423534,2,207,262,368,183,827,1141,66,105,1968,469,27.557926829268293,-55,25.03022974607013,551,34.21951219512195,185,0.4598039215686274,-39,139,252,404,158,545,1024,43,151,1569,391,22.325047801147228,-113,25.504587155963304,562,40.68323773103888,246,0.41028331584470096,-108
E02000728,Newham,4,4,31.88791734167983,25.8413141025641,316.0,335.0,0.3217922606924643,0.3411405295315682,0.0193482688391038,-6.046603239115733,100.0,846.0,735,1148,1883,946.0,44.92830589484865,-746.0,13.60544217687075,68.0,580.0,531,868,1399,648.0,28.1915654038599,-512.0,12.8060263653484,229.0,619.0,848.0,75.27934147636749,-390.0,19.94773519163763,241.0,448.0,689.0,77.17512508934954,-207.0,27.764976958525345,-384.0,91.0,475.0,234.0,-298.0,-16.736740490988748,-0.7994158115223495,183.0,-159.0,1.8957836129820436,7.817241766887715,0.5273132664437012,0.9527349973446628,0.4846671652954376,0.9556826304503216,concordant,concordant,-0.0426461011482636,0.0029476331056588,3,161,835,428,617,803,1352,68,204,2155,996,62.382830626450115,-674,20.049813200498132,1045,122.54106728538284,-189,0.48799608035276826,-136,121,574,446,444,588,1082,57,214,1670,695,41.58922155688623,-453,20.578231292517007,890,118.57724550898203,2,0.4384858044164038,-157
E02000729,Newham,2,4,36.847511177966105,26.259987174182875,187.0,323.0,0.190427698574338,0.3289205702647658,0.1384928716904277,-10.58752400378323,248.0,287.0,707,762,1469,535.0,48.45200816882233,-39.0,35.07779349363508,196.0,217.0,477,754,1231,413.0,34.55077173030057,-21.0,41.090146750524106,270.0,195.0,465.0,35.84070796460177,75.0,35.43307086614173,342.0,132.0,474.0,36.672623883021934,210.0,45.35809018567639,-354.0,91.0,445.0,18.0,-122.0,-13.901236438521764,6.012353256889028,135.0,9.0,0.8319159184201652,9.925019319534655,0.535,0.6807351940095303,0.4656144306651634,0.7205523964256701,divergent,divergent,-0.0693855693348365,0.0398172024161398,2,228,302,277,226,819,868,112,106,1687,530,40.815649081209244,-74,27.83882783882784,503,37.10847658565501,51,0.5130687318489835,6,144,232,431,152,513,965,36,211,1478,376,22.603518267929633,-88,28.07017543859649,583,44.32476319350474,279,0.3920750782064651,-175
E02000730,Newham,3,4,35.20005727090747,27.073005010893244,220.0,299.0,0.2240325865580448,0.3044806517311609,0.080448065173116,-8.127052260014228,103.0,563.0,774,913,1687,666.0,34.374036751630115,-460.0,13.30749354005168,111.0,544.0,647,946,1593,655.0,37.90583804143126,-433.0,17.156105100463677,231.0,540.0,771.0,73.94190871369294,-309.0,25.301204819277107,294.0,450.0,744.0,83.05084745762711,-156.0,31.07822410147992,-470.0,96.0,566.0,27.0,-11.0,3.5318012898011446,3.848611560411996,153.0,-27.0,9.108938743934177,5.7770192822028115,0.4634655532359081,0.8518079430942501,0.4681915654038599,0.8782172002510985,concordant,concordant,0.0047260121679517,0.0264092571568483,2,181,293,355,217,843,1034,69,121,1877,474,28.254128929142247,-112,21.47093712930012,572,41.04155567394779,138,0.45315487571701724,-52,166,297,488,209,696,1138,49,192,1834,463,26.882224645583424,-131,23.850574712643677,697,55.61177753544166,279,0.39913793103448275,-143
E02000731,Newham,2,3,41.400039251464314,29.364121366886433,117.0,220.0,0.1191446028513238,0.2240325865580448,0.1048879837067209,-12.03591788457788,390.0,391.0,1012,1257,2269,781.0,67.20581754076686,-1.0,38.537549407114625,230.0,277.0,622,1020,1642,507.0,38.80024360535932,-47.0,36.97749196141479,538.0,319.0,857.0,75.6377258704275,219.0,42.80031821797932,485.0,207.0,692.0,61.14190012180268,278.0,47.549019607843135,-74.0,259.0,333.0,-46.0,-274.0,-28.40557393540754,-1.560057445699833,59.0,-165.0,-14.495825748624824,4.748701389863818,0.4768009768009768,0.7219039224327898,0.4228523769808173,0.7302070645554202,divergent,divergent,-0.0539485998201594,0.0083031421226303,2,281,398,509,339,1088,1386,76,129,2474,679,45.2053354890865,-117,25.827205882352942,848,69.74575586095392,170,0.4446627373935822,-53,225,293,567,223,675,1252,53,232,1927,518,34.21120913336793,-68,33.33333333333333,790,65.61546445251686,344,0.39602446483180426,-179
E02000732,Newham,1,2,49.077343591065286,33.482358747192414,27.0,110.0,0.0274949083503055,0.1120162932790224,0.0845213849287169,-15.594984843872872,582.0,0.0,760,716,1476,582.0,0.0,582.0,76.57894736842105,498.0,0.0,727,758,1485,498.0,0.0,498.0,68.50068775790922,536.0,0.0,536.0,0.0,536.0,74.86033519553072,548.0,0.0,548.0,0.0,548.0,72.29551451187335,385.0,467.0,82.0,-84.0,-84.0,0.0,-8.078259610511836,12.0,12.0,0.0,-2.5648206836573735,0.5205724508050089,0.7574525745257452,0.4760994263862332,0.7043771043771043,concordant,concordant,-0.0444730244187756,-0.0530754701486408,1,631,0,663,0,815,858,55,142,1673,631,0.0,631,77.42331288343559,663,0.0,663,0.48763523956723337,-87,539,0,696,0,779,916,52,158,1695,539,0.0,539,69.19127086007703,696,0.0,696,0.43643724696356273,-106
E02000733,Newham,1,3,45.484632428747176,29.707058852187473,60.0,211.0,0.0610997963340122,0.2148676171079429,0.1537678207739307,-15.777573576559703,599.0,0.0,950,974,1924,599.0,0.0,599.0,63.05263157894737,543.0,0.0,848,1026,1874,543.0,0.0,543.0,64.03301886792453,638.0,0.0,638.0,0.0,638.0,65.50308008213553,665.0,0.0,665.0,0.0,665.0,64.81481481481481,-78.0,275.0,353.0,-56.0,-56.0,0.0,0.9803872889771554,27.0,27.0,0.0,-0.6882652673207161,0.4842360549717057,0.6429313929313929,0.4495033112582781,0.6446104589114194,concordant,concordant,-0.0347327437134276,0.0016790659800265,1,654,0,751,0,1063,1135,113,161,2198,654,0.0,654,61.52398871119473,751,0.0,751,0.46548042704626336,-48,601,0,916,0,957,1319,109,293,2276,601,0.0,601,62.80041797283177,916,0.0,916,0.3961766644693474,-184
E02000734,Newham,1,3,42.80004363124837,29.242256953304413,98.0,224.0,0.0997963340122199,0.2281059063136456,0.1283095723014256,-13.557786677943952,459.0,0.0,751,697,1448,459.0,0.0,459.0,61.118508655126504,332.0,0.0,508,708,1216,332.0,0.0,332.0,65.35433070866141,485.0,0.0,485.0,0.0,485.0,69.58393113342898,433.0,0.0,433.0,0.0,433.0,61.15819209039548,-82.0,186.0,268.0,-127.0,-127.0,0.0,4.235822053534903,-52.0,-52.0,0.0,-8.425739043033495,0.486228813559322,0.6519337016574586,0.4339869281045752,0.6291118421052632,concordant,concordant,-0.0522418854547468,-0.0228218595521954,1,511,0,590,0,835,821,84,124,1656,511,0.0,511,61.197604790419156,590,0.0,590,0.4641235240690282,-40,369,0,568,0,562,868,54,160,1430,369,0.0,369,65.65836298932385,568,0.0,568,0.39381003201707576,-106
E02000735,Newham,1,2,42.81176537984701,30.68628028822667,96.0,184.0,0.0977596741344195,0.1873727087576374,0.0896130346232179,-12.12548509162034,521.0,0.0,770,811,1581,521.0,0.0,521.0,67.66233766233766,380.0,0.0,545,886,1431,380.0,0.0,380.0,69.72477064220183,555.0,0.0,555.0,0.0,555.0,68.4340320591862,595.0,0.0,595.0,0.0,595.0,67.15575620767494,236.0,357.0,121.0,-141.0,-141.0,0.0,2.0624329798641696,40.0,40.0,0.0,-1.2782758515112531,0.4842007434944237,0.6805819101834282,0.3897435897435897,0.6813417190775681,concordant,concordant,-0.094457153750834,0.0007598088941399,1,603,0,651,0,863,928,93,117,1791,603,0.0,603,69.87253765932793,651,0.0,651,0.48086124401913877,-24,427,0,818,0,612,1129,67,243,1741,427,0.0,427,69.77124183006535,818,0.0,818,0.3429718875502008,-176
E02000736,Newham,1,2,43.3913796873177,32.12584119462199,84.0,146.0,0.0855397148676171,0.1486761710794297,0.0631364562118126,-11.265538492695711,513.0,0.0,697,894,1591,513.0,0.0,513.0,73.60114777618364,404.0,0.0,547,704,1251,404.0,0.0,404.0,73.85740402193784,689.0,0.0,689.0,0.0,689.0,77.06935123042506,537.0,0.0,537.0,0.0,537.0,76.2784090909091,279.0,383.0,104.0,-109.0,-109.0,0.0,0.2562562457542015,-152.0,-152.0,0.0,-0.7909421395159626,0.4267886855241264,0.7554996857322439,0.4293304994686504,0.7521982414068745,concordant,concordant,0.0025418139445239,-0.0033014443253693,1,575,0,832,0,767,1052,70,158,1819,575,0.0,575,74.96740547588006,832,0.0,832,0.40867093105899077,-88,451,0,795,0,606,965,59,261,1571,451,0.0,451,74.42244224422441,795,0.0,795,0.3619582664526485,-202
E02000737,Newham,2,3,37.66567419758321,28.030856513653713,175.0,261.0,0.1782077393075356,0.2657841140529531,0.0875763747454175,-9.634817683929494,245.0,292.0,804,923,1727,537.0,41.42443543717429,-47.0,30.472636815920396,215.0,274.0,592,769,1361,489.0,43.28434974283615,-59.0,36.317567567567565,416.0,291.0,707.0,70.09612044006948,125.0,45.07042253521127,301.0,221.0,522.0,48.876561351947096,80.0,39.14174252275683,-80.0,204.0,284.0,-12.0,-48.0,1.85991430566186,5.844930751647169,-45.0,-185.0,-21.219559088122388,-5.928680012454443,0.4316720257234727,0.7203242617255357,0.4836795252225519,0.742836149889787,divergent,divergent,0.0520074994990792,0.0225118881642513,2,231,299,493,296,878,1100,74,177,1978,530,34.91860465116279,-68,26.30979498861048,789,73.77553083923155,197,0.40181956027293403,-103,161,277,452,221,655,1007,63,238,1662,438,26.833333333333332,-116,24.580152671755727,673,60.103489771359804,231,0.39423942394239425,-175
E02000738,Newham,3,5,34.29517396008031,22.980365417929836,251.0,421.0,0.2556008146639511,0.4287169042769857,0.1731160896130346,-11.314808542150477,109.0,515.0,772,877,1649,624.0,34.04184354154033,-406.0,14.11917098445596,151.0,419.0,804,709,1513,570.0,41.81692002643754,-268.0,18.781094527363184,251.0,588.0,839.0,89.50151607034566,-337.0,28.62029646522235,224.0,552.0,776.0,81.72372769332452,-328.0,31.59379407616361,-429.0,85.0,514.0,138.0,-54.0,7.7750764848972125,4.661923542907223,9.0,-63.0,-7.777788377021139,2.973497610941262,0.4265208475734791,0.8872043662825955,0.4234769687964339,0.8896232650363516,concordant,concordant,-0.0030438787770452,0.0024188987537561,2,183,243,367,251,846,987,74,110,1833,426,24.26022913256956,-60,21.631205673758867,618,50.254773595199126,116,0.40804597701149425,-36,245,227,487,308,889,972,85,263,1861,472,29.884470714669533,18,27.559055118110237,795,80.5996775926921,179,0.372533543804262,-178
E02000739,Newham,2,3,39.94375669712794,28.75636445029625,136.0,240.0,0.1384928716904277,0.2443991853360488,0.1059063136456211,-11.187392246831692,203.0,268.0,714,785,1499,471.0,36.29352901934623,-65.0,28.431372549019606,188.0,305.0,566,756,1322,493.0,43.37367624810893,-117.0,33.215547703180206,326.0,330.0,656.0,71.76784523015344,-4.0,41.52866242038217,303.0,227.0,530.0,52.02798789712557,76.0,40.07936507936508,-119.0,181.0,300.0,-52.0,22.0,7.080147228762698,4.7841751541606,80.0,-126.0,-19.73985733302787,-1.4492973410170862,0.4179236912156167,0.7518345563709139,0.4819159335288367,0.7738275340393344,concordant,divergent,0.0639922423132201,0.0219929776684204,2,253,282,349,339,840,916,126,131,1756,535,40.62984054669704,-29,30.119047619047617,688,67.375284738041,10,0.437448896156991,-5,173,323,415,239,624,937,58,181,1561,496,35.79692504804613,-150,27.724358974358974,654,63.539397821909034,176,0.43130434782608695,-123
E02000740,Newham,1,2,47.081519734474114,32.49887482259438,41.0,135.0,0.0417515274949083,0.1374745417515274,0.0957230142566191,-14.582644911879733,364.0,0.0,671,688,1359,364.0,0.0,364.0,54.24739195230999,324.0,0.0,511,704,1215,324.0,0.0,324.0,63.405088062622305,407.0,0.0,407.0,0.0,407.0,59.15697674418605,450.0,0.0,450.0,0.0,450.0,63.92045454545454,248.0,328.0,80.0,-40.0,-40.0,0.0,9.157696110312315,43.0,43.0,0.0,4.763477801268486,0.4721141374837873,0.5673289183222958,0.4186046511627907,0.6370370370370371,concordant,concordant,-0.0535094863209965,0.0697081187147412,1,426,0,519,0,756,826,85,138,1582,426,0.0,426,56.34920634920635,519,0.0,519,0.4507936507936508,-53,372,0,644,0,569,913,58,209,1482,372,0.0,372,65.37785588752196,644,0.0,644,0.3661417322834646,-151
E02000741,Newham,2,3,40.16931068635758,28.584588746053225,133.0,246.0,0.1354378818737271,0.2505091649694501,0.1150712830957229,-11.58472194030436,215.0,336.0,728,928,1656,551.0,43.6231884057971,-121.0,29.532967032967033,195.0,274.0,499,767,1266,469.0,42.203791469194314,-79.0,39.078156312625254,385.0,326.0,711.0,75.79106280193237,59.0,41.487068965517246,339.0,186.0,525.0,49.80568720379147,153.0,44.19817470664928,-94.0,199.0,293.0,42.0,-82.0,-1.4193969366027872,9.54518927965822,94.0,-186.0,-25.985375598140894,2.7111057411320374,0.436608557844691,0.7620772946859904,0.4718309859154929,0.7851500789889415,divergent,divergent,0.0352224280708019,0.0230727843029511,2,172,349,381,349,792,1085,64,157,1877,521,31.980820458177945,-177,21.71717171717172,730,70.84123601491743,32,0.416466826538769,-93,187,292,473,195,550,1002,51,235,1552,479,35.18298969072165,-105,34.0,668,59.42976804123711,278,0.4176111595466434,-184
E02000742,Newham,2,2,40.595760675827606,31.15196406701328,125.0,172.0,0.1272912423625254,0.175152749490835,0.0478615071283095,-9.443796608814324,298.0,246.0,815,778,1593,544.0,46.01883239171375,52.0,36.56441717791411,197.0,207.0,529,683,1212,404.0,33.646039603960396,-10.0,37.24007561436673,339.0,273.0,612.0,58.09604519774011,66.0,43.573264781491,336.0,184.0,520.0,51.00990099009901,152.0,49.194729136163986,201.0,293.0,92.0,-62.0,-140.0,-12.372792787753356,0.6756584364526219,86.0,-92.0,-7.086144207641098,5.621464354672987,0.4705882352941176,0.7256748273697426,0.4372294372294372,0.7623762376237624,concordant,divergent,-0.0333587980646803,0.0367014102540197,2,250,264,402,297,898,941,83,163,1839,514,35.88907014681892,-14,27.839643652561247,699,64.92332789559543,105,0.4237427864798021,-80,177,222,435,197,603,883,74,200,1486,399,26.442799461641993,-45,29.35323383084577,632,57.668236877523555,238,0.38700290979631424,-126
E02000743,Newham,1,1,56.39671034324943,38.29495099524016,1.0,44.0,0.0010183299389002,0.0448065173116089,0.0437881873727087,-18.10175934800927,418.0,0.0,707,817,1524,418.0,0.0,418.0,59.12305516265912,470.0,0.0,805,992,1797,470.0,0.0,470.0,58.38509316770186,460.0,0.0,460.0,0.0,460.0,56.303549571603426,637.0,0.0,637.0,0.0,637.0,64.21370967741935,697.0,697.0,0.0,52.0,52.0,0.0,-0.73796199495726,177.0,177.0,0.0,7.910160105815919,0.4760820045558087,0.5761154855643045,0.4245709123757904,0.6160267111853088,concordant,concordant,-0.0515110921800182,0.0399112256210043,1,443,0,563,0,760,940,53,123,1700,443,0.0,443,58.28947368421053,563,0.0,563,0.4403578528827038,-70,562,0,901,0,916,1288,111,296,2204,562,0.0,562,61.35371179039302,901,0.0,901,0.38414217361585784,-185
E02000744,Newham,1,1,48.559625891144606,35.410702959240645,31.0,74.0,0.0315682281059063,0.075356415478615,0.0437881873727087,-13.14892293190396,492.0,0.0,894,879,1773,492.0,0.0,492.0,55.033557046979865,351.0,0.0,669,893,1562,351.0,0.0,351.0,52.46636771300448,527.0,0.0,527.0,0.0,527.0,59.954493742889646,542.0,0.0,542.0,0.0,542.0,60.69428891377379,538.0,538.0,0.0,-141.0,-141.0,0.0,-2.567189333975385,15.0,15.0,0.0,0.7397951708841433,0.4828263002944062,0.5747320924985899,0.393057110862262,0.5717029449423816,concordant,concordant,-0.0897691894321442,-0.0030291475562083,1,548,0,700,0,984,1066,90,187,2050,548,0.0,548,55.6910569105691,700,0.0,700,0.4391025641025641,-97,419,0,808,0,752,1178,83,285,1930,419,0.0,419,55.71808510638297,808,0.0,808,0.3414832925835371,-202
E02000745,Newham,2,2,39.67531163370594,30.54680930560451,144.0,187.0,0.1466395112016293,0.190427698574338,0.0437881873727087,-9.12850232810143,278.0,295.0,732,786,1518,573.0,54.025032938076414,-17.0,37.97814207650273,327.0,272.0,764,681,1445,599.0,61.55294117647059,55.0,42.80104712041885,328.0,286.0,614.0,61.79710144927536,42.0,41.73027989821883,303.0,261.0,564.0,54.72871972318339,42.0,44.49339207048458,307.0,467.0,160.0,72.0,26.0,7.527908238394176,4.822905043916123,0.0,-50.0,-7.068381726091971,2.7631121722657497,0.4827295703454086,0.7819499341238472,0.5150472914875323,0.8048442906574395,divergent,concordant,0.0323177211421236,0.0228943565335922,2,195,308,393,302,808,983,76,197,1791,503,33.53433835845896,-113,24.133663366336634,695,66.2680067001675,91,0.41986644407345575,-121,267,282,437,295,852,911,88,230,1763,549,42.70788428814521,-15,31.338028169014088,732,73.12251843448666,142,0.42857142857142855,-142
E02000746,Newham,1,2,43.99965947168789,32.287014017521905,77.0,143.0,0.0784114052953156,0.1456211812627291,0.0672097759674134,-11.712645454165989,450.0,0.0,654,686,1340,450.0,0.0,450.0,68.80733944954129,796.0,0.0,1248,704,1952,796.0,0.0,796.0,63.78205128205128,490.0,0.0,490.0,0.0,490.0,71.42857142857143,494.0,0.0,494.0,0.0,494.0,70.17045454545455,740.0,806.0,66.0,346.0,346.0,0.0,-5.025288167490011,4.0,4.0,0.0,-1.258116883116884,0.4787234042553192,0.7014925373134329,0.6170542635658914,0.6608606557377049,concordant,concordant,0.1383308593105722,-0.0406318815757279,1,777,0,643,0,1008,867,354,181,1875,777,0.0,777,77.08333333333334,643,0.0,643,0.5471830985915493,173,1059,0,819,0,1537,1039,289,335,2576,1059,0.0,1059,68.90045543266102,819,0.0,819,0.5638977635782748,-46
E02000747,Newham,1,2,42.84179001564945,32.73259178990311,95.0,130.0,0.0967413441955193,0.1323828920570264,0.0356415478615071,-10.10919822574634,761.0,0.0,1215,1101,2316,761.0,0.0,761.0,62.63374485596708,973.0,0.0,1585,1583,3168,973.0,0.0,973.0,61.38801261829653,671.0,0.0,671.0,0.0,671.0,60.944595821980016,1015.0,0.0,1015.0,0.0,1015.0,64.11876184459886,802.0,1027.0,225.0,212.0,212.0,0.0,-1.245732237670552,344.0,344.0,0.0,3.1741660226188486,0.5314245810055865,0.6183074265975821,0.4894366197183099,0.6275252525252525,concordant,concordant,-0.0419879612872766,0.0092178259276703,1,1125,0,949,0,1635,1432,420,331,3067,1125,0.0,1125,68.80733944954129,949,0.0,949,0.5424300867888139,89,1140,0,1433,0,1822,2089,237,506,3911,1140,0.0,1140,62.56860592755215,1433,0.0,1433,0.4430625728721337,-269
E02000748,Newham,3,4,34.914994552884615,26.135752044437588,229.0,328.0,0.2331975560081466,0.3340122199592668,0.1008146639511201,-8.779242508447027,96.0,492.0,605,809,1414,588.0,33.403111739745405,-396.0,15.867768595041325,77.0,377.0,440,572,1012,454.0,28.684782608695652,-300.0,17.5,221.0,453.0,674.0,70.8012729844413,-232.0,27.317676143386898,151.0,329.0,480.0,49.0899209486166,-178.0,26.3986013986014,-307.0,71.0,378.0,96.0,-134.0,-4.718329131049753,1.6322314049586757,54.0,-194.0,-21.711352035824696,-0.9190747447854974,0.4659270998415214,0.8925035360678925,0.4860813704496788,0.9229249011857708,concordant,concordant,0.0201542706081573,0.0304213651178782,2,249,267,402,295,756,987,151,178,1743,516,38.142857142857146,-18,32.93650793650794,697,68.03786574870912,107,0.4253915910964551,-27,177,242,382,218,540,803,100,231,1343,419,31.89426656738645,-65,32.77777777777778,600,62.00744601638124,164,0.4111874386653582,-131
E02000749,Newham,1,1,54.21514658071611,40.51207333333334,7.0,19.0,0.0071283095723014,0.0193482688391038,0.0122199592668024,-13.703073247382775,362.0,0.0,642,744,1386,362.0,0.0,362.0,56.38629283489096,368.0,0.0,695,792,1487,368.0,0.0,368.0,52.94964028776978,469.0,0.0,469.0,0.0,469.0,63.03763440860215,481.0,0.0,481.0,0.0,481.0,60.73232323232324,621.0,621.0,0.0,6.0,6.0,0.0,-3.4366525471211773,12.0,12.0,0.0,-2.305311176278913,0.4356197352587244,0.5995670995670995,0.4334511189634865,0.5709482178883658,concordant,concordant,-0.0021686162952379,-0.0286188816787337,1,412,0,625,0,711,940,69,196,1651,412,0.0,412,57.94655414908579,625,0.0,625,0.39729990356798456,-127,424,0,721,0,767,1053,72,261,1820,424,0.0,424,55.28031290743155,721,0.0,721,0.3703056768558952,-189
E02000750,Newham,1,5,52.148174561598225,22.496705571338385,13.0,441.0,0.0132382892057026,0.4490835030549898,0.4358452138492872,-29.65146899025984,833.0,0.0,1251,1145,2396,833.0,0.0,833.0,66.58673061550759,1644.0,0.0,2546,1781,4327,1644.0,0.0,1644.0,64.57187745483111,801.0,0.0,801.0,0.0,801.0,69.95633187772926,1242.0,0.0,1242.0,0.0,1242.0,69.73610331274564,-398.0,642.0,1040.0,811.0,811.0,0.0,-2.014853160676481,441.0,441.0,0.0,-0.2202285649836142,0.5097919216646267,0.6819699499165276,0.5696465696465697,0.6669748093367229,concordant,concordant,0.0598546479819429,-0.0149951405798046,1,1279,0,1122,0,1773,1516,522,371,3289,1279,0.0,1279,72.1376198533559,1122,0.0,1122,0.5326947105372761,151,1948,0,2096,0,2993,2697,447,916,5690,1948,0.0,1948,65.08519879719346,2096,0.0,2096,0.4817012858555885,-469
E02000751,Redbridge,10,10,9.351764970255228,7.202862998102467,906.0,944.0,0.9226069246435844,0.9613034623217924,0.0386965376782078,-2.148901972152762,0.0,397.0,592,417,1009,397.0,0.0,-397.0,0.0,0.0,471.0,618,486,1104,471.0,0.0,-471.0,0.0,0.0,582.0,582.0,0.0,-582.0,0.0,0.0,611.0,611.0,0.0,-611.0,0.0,-461.0,0.0,461.0,-74.0,74.0,0.0,0.0,-29.0,29.0,0.0,0.0,0.4055158324821246,0.9702675916749256,0.4353049907578558,0.980072463768116,concordant,concordant,0.0297891582757311,0.0098048720931902,9,9,797,11,801,811,814,219,397,1625,806,4.414153846153846,-788,1.1097410604192355,812,5.422153846153846,-790,0.49814585908529047,-178,1,1017,4,814,821,1030,203,544,1851,1018,0.5494327390599676,-1016,0.12180267965895249,818,1.7590491626148028,-810,0.5544662309368191,-341
E02000752,Redbridge,3,3,35.756428016140866,28.57728497690845,206.0,247.0,0.2097759674134419,0.2515274949083503,0.0417515274949083,-7.1791430392324145,233.0,26.0,407,277,684,259.0,8.85672514619883,207.0,57.24815724815725,346.0,50.0,559,348,907,396.0,19.073869900771776,296.0,61.89624329159212,233.0,113.0,346.0,38.49269005847953,120.0,84.11552346570397,279.0,165.0,444.0,50.75523704520397,114.0,80.17241379310344,330.0,366.0,36.0,89.0,137.0,10.217144754572946,4.648086043434873,-6.0,98.0,12.262546986724438,-3.943109672600528,0.428099173553719,0.8845029239766082,0.4714285714285714,0.9261300992282248,concordant,concordant,0.0433293978748524,0.0416271752516166,2,316,17,386,72,481,422,74,145,903,333,5.94905869324474,299,65.6964656964657,458,30.777408637873755,314,0.42098609355246525,-71,462,29,505,110,665,574,106,226,1239,491,10.813559322033898,433,69.47368421052632,615,44.83454398708636,395,0.44394213381555153,-120
E02000753,Redbridge,5,5,24.85718127077224,23.510569328686167,472.0,403.0,0.4806517311608961,0.4103869653767821,-0.070264765784114,-1.3466119420860745,167.0,87.0,301,287,588,254.0,24.709183673469383,80.0,55.48172757475083,217.0,111.0,463,291,754,328.0,31.945623342175065,106.0,46.8682505399568,195.0,117.0,312.0,38.80102040816327,78.0,67.94425087108013,173.0,224.0,397.0,51.39522546419098,-51.0,59.45017182130584,85.0,199.0,114.0,26.0,74.0,7.236439668705682,-8.61347703479403,-129.0,85.0,12.594205056027713,-8.494079049774292,0.4487632508833922,0.9625850340136054,0.4524137931034482,0.9615384615384616,concordant,divergent,0.003650542220056,-0.0010465724751438,4,226,89,318,117,376,420,75,133,796,315,25.268844221105528,137,60.1063829787234,435,46.74120603015076,201,0.42,-58,266,113,420,234,539,552,76,261,1091,379,27.550870760769936,153,49.35064935064935,654,90.08249312557287,186,0.36689254598257504,-185
E02000754,Redbridge,8,8,15.83634904037267,14.505686512040183,734.0,717.0,0.7474541751527495,0.730142566191446,-0.0173116089613034,-1.330662528332487,57.0,218.0,398,306,704,275.0,17.650568181818183,-161.0,14.321608040201006,46.0,205.0,405,283,688,251.0,13.706395348837209,-159.0,11.358024691358024,61.0,313.0,374.0,27.120738636363637,-252.0,19.934640522875817,64.0,333.0,397.0,30.976744186046513,-269.0,22.614840989399298,-133.0,65.0,198.0,2.0,-24.0,-3.944172832980975,-2.963583348842983,-17.0,23.0,3.8560055496828767,2.6802004665234804,0.423728813559322,0.921875,0.3873456790123457,0.9418604651162792,concordant,concordant,-0.0363831345469763,0.019985465116279,6,80,218,79,311,487,534,89,228,1021,298,17.081292850146916,-138,16.427104722792606,390,24.063663075416258,-232,0.4331395348837209,-139,65,202,73,328,487,627,82,344,1114,267,11.786355475763017,-137,13.347022587268995,401,21.493716337522443,-255,0.3997005988023952,-262
E02000755,Redbridge,7,7,18.239461278267537,16.18405319148936,665.0,652.0,0.6771894093686355,0.6639511201629328,-0.0132382892057026,-2.055408086778172,83.0,115.0,357,256,613,198.0,15.570962479608482,-32.0,23.24929971988795,93.0,113.0,316,211,527,206.0,19.941176470588236,-20.0,29.430379746835445,69.0,200.0,269.0,22.512234910277325,-131.0,26.953125,43.0,149.0,192.0,12.157495256166984,-106.0,20.37914691943128,-15.0,101.0,116.0,12.0,8.0,4.370213990979753,6.181080026947495,25.0,-77.0,-10.35473965411034,-6.573978080568718,0.4239828693790149,0.7618270799347472,0.5175879396984925,0.7552182163187856,concordant,concordant,0.0936050703194775,-0.0066088636159615,5,168,107,254,193,436,436,79,180,872,275,20.61467889908257,61,38.53211009174312,447,56.21788990825688,61,0.3808864265927978,-101,144,111,311,139,363,478,47,267,841,255,19.005945303210463,33,39.66942148760331,450,51.40190249702735,172,0.3617021276595745,-220
E02000756,Redbridge,7,7,19.096984676167853,16.160764657677124,638.0,653.0,0.6496945010183299,0.664969450101833,0.015274949083503,-2.9362200184907294,178.0,342.0,883,703,1586,520.0,38.383354350567465,-164.0,20.15855039637599,130.0,410.0,948,772,1720,540.0,30.988372093023255,-280.0,13.71308016877637,170.0,461.0,631.0,49.41361916771753,-291.0,24.18207681365576,137.0,651.0,788.0,51.85290697674419,-514.0,17.746113989637305,-309.0,139.0,448.0,-116.0,20.0,-7.394982257544211,-6.445470227599619,-223.0,157.0,2.439287809026659,-6.435962824018453,0.4517810599478714,0.7257250945775536,0.4066265060240964,0.772093023255814,concordant,concordant,-0.045154553923775,0.0463679286782603,5,427,329,534,424,1106,1061,223,358,2167,756,64.82833410244578,98,38.607594936708864,958,104.4836179049377,110,0.441073512252042,-135,319,384,745,616,1112,1359,164,587,2471,703,49.573452043707,-65,28.68705035971223,1361,185.72237960339945,129,0.34060077519379844,-423
E02000757,Redbridge,9,9,11.559534872525182,9.429598489666136,849.0,877.0,0.8645621181262729,0.8930753564154786,0.0285132382892057,-2.1299363828590447,39.0,618.0,933,764,1697,657.0,14.202710665880966,-579.0,4.180064308681672,57.0,613.0,897,713,1610,670.0,21.70248447204969,-556.0,6.354515050167224,104.0,843.0,947.0,51.662934590453744,-739.0,13.612565445026178,64.0,797.0,861.0,31.681987577639752,-733.0,8.976157082748948,-462.0,69.0,531.0,23.0,13.0,7.499773806168724,2.1744507414855523,6.0,-86.0,-19.980947012813992,-4.63640836227723,0.4096009975062344,0.9451974071891572,0.4376224689745264,0.9509316770186336,concordant,concordant,0.028021471468292,0.0057342698294762,8,39,1142,102,1219,1269,1262,336,498,2531,1181,17.596997234294744,-1103,3.0732860520094563,1321,49.12603713947056,-1117,0.47202238209432457,-162,57,1215,60,1054,1121,1296,224,583,2417,1272,28.65328920148945,-1158,5.084745762711865,1114,26.16466694249069,-994,0.5331098072087175,-359
E02000758,Redbridge,7,7,19.123400913824963,16.231595136378573,637.0,651.0,0.6486761710794298,0.6629327902240326,0.0142566191446028,-2.8918057774463897,63.0,133.0,376,345,721,196.0,11.62135922330097,-70.0,16.75531914893617,54.0,128.0,301,292,593,182.0,11.655986509274872,-74.0,17.940199335548172,79.0,210.0,289.0,23.009708737864077,-131.0,22.89855072463768,65.0,186.0,251.0,20.38785834738617,-121.0,22.26027397260274,-104.0,52.0,156.0,-4.0,-14.0,0.0346272859739009,1.184880186612002,10.0,-38.0,-2.6218503904779062,-0.6382767520349404,0.4041237113402062,0.6726768377253814,0.4203233256351039,0.730185497470489,concordant,concordant,0.0161996142948977,0.0575086597451075,5,134,120,241,210,443,499,67,154,942,254,17.070063694267517,14,30.248306997742663,451,53.72611464968153,31,0.36028368794326243,-87,125,125,261,174,368,484,67,192,852,250,18.339201877934272,0,33.96739130434783,435,53.30281690140845,87,0.36496350364963503,-125
E02000759,Redbridge,7,7,19.176955022334777,15.525825505395956,636.0,680.0,0.6476578411405295,0.6924643584521385,0.044806517311609,-3.651129516938816,252.0,303.0,762,689,1451,555.0,52.62301860785665,-51.0,33.07086614173229,228.0,400.0,807,774,1581,628.0,57.68500948766603,-172.0,28.25278810408922,260.0,416.0,676.0,74.54169538249484,-156.0,37.735849056603776,269.0,457.0,726.0,77.75648323845667,-188.0,34.75452196382429,-161.0,233.0,394.0,-121.0,73.0,5.061990879809379,-4.818078037643069,-32.0,50.0,3.2147878559618306,-2.9813270927794875,0.4508529650690495,0.8483804272915231,0.4638109305760709,0.8564199873497786,concordant,concordant,0.0129579655070213,0.0080395600582555,5,511,295,663,402,1003,1081,241,392,2084,806,72.33445297504798,216,50.94715852442672,1065,127.8915547024952,261,0.4307856761090326,-151,401,396,842,446,973,1340,166,566,2313,797,68.65369649805447,5,41.21274409044193,1288,162.35711197578902,396,0.38225419664268584,-400
E02000760,Redbridge,7,6,21.020518505102775,19.826413208076275,593.0,537.0,0.6038696537678208,0.5468431771894093,-0.0570264765784114,-1.1941052970264998,115.0,176.0,467,376,843,291.0,24.009489916963226,-61.0,24.62526766595289,66.0,243.0,460,473,933,309.0,17.189710610932476,-177.0,14.347826086956522,54.0,238.0,292.0,15.245551601423488,-184.0,14.361702127659576,109.0,248.0,357.0,28.973204715969988,-139.0,23.044397463002113,32.0,233.0,201.0,-116.0,18.0,-6.81977930603075,-10.277441578996369,45.0,65.0,13.7276531145465,8.682695335342537,0.4991423670668953,0.6915776986951364,0.4639639639639639,0.7138263665594855,concordant,concordant,-0.0351784031029314,0.022248667864349,5,179,161,238,214,528,548,61,172,1076,340,26.783457249070633,18,33.90151515151515,452,47.33457249070632,24,0.4292929292929293,-111,145,240,315,239,527,677,67,204,1204,385,28.903654485049834,-95,27.514231499051235,554,62.52906976744186,76,0.410010649627263,-137
E02000762,Redbridge,9,9,12.728988661685214,10.2111995763353,813.0,854.0,0.8279022403258656,0.869653767820774,0.0417515274949084,-2.5177890853499143,4.0,335.0,372,382,754,339.0,1.7771883289124668,-331.0,1.0752688172043012,3.0,364.0,333,399,732,367.0,1.4918032786885247,-361.0,0.9009009009009008,16.0,360.0,376.0,7.639257294429708,-344.0,4.18848167539267,19.0,329.0,348.0,8.539617486338798,-310.0,4.761904761904762,-332.0,2.0,334.0,-30.0,28.0,-0.2853850502239421,-0.1743679163034004,34.0,-28.0,0.9003601919090904,0.5734230865120917,0.4741258741258741,0.9482758620689656,0.5132867132867133,0.976775956284153,concordant,concordant,0.0391608391608391,0.0285000942151875,7,7,456,35,392,430,557,58,175,987,463,3.234042553191489,-449,1.627906976744186,427,13.900709219858156,-357,0.5202247191011236,-117,4,553,29,376,399,614,66,215,1013,557,2.1836130306021717,-549,1.0025062656641603,405,10.764067127344521,-347,0.579002079002079,-149
E02000763,Redbridge,6,7,21.29570971709007,17.387972435545805,583.0,615.0,0.5936863543788188,0.6262729124236253,0.0325865580448064,-3.907737281544264,192.0,183.0,449,457,906,375.0,38.78145695364238,9.0,42.76169265033408,194.0,193.0,543,513,1056,387.0,35.45643939393939,1.0,35.727440147329645,249.0,213.0,462.0,58.53973509933775,36.0,54.48577680525164,247.0,291.0,538.0,68.0653409090909,-44.0,48.148148148148145,-174.0,66.0,240.0,-8.0,12.0,-3.3250175597029923,-7.0342525030044385,-80.0,76.0,9.52560580975316,-6.337628657103494,0.4480286738351254,0.9238410596026492,0.4183783783783784,0.8759469696969697,concordant,divergent,-0.029650295456747,-0.0478940899056793,5,158,207,268,251,523,608,74,151,1131,365,28.917771883289124,-49,30.210325047801145,519,59.47656940760389,17,0.41289592760180993,-77,165,262,314,335,627,724,84,211,1351,427,31.998519615099926,-97,26.31578947368421,649,77.86084381939304,-21,0.39684014869888473,-127
E02000764,Redbridge,8,9,14.618990114285715,11.069743743025668,761.0,827.0,0.774949083503055,0.8421588594704684,0.0672097759674134,-3.5492463712600486,184.0,559.0,988,842,1830,743.0,56.20546448087432,-375.0,18.62348178137652,151.0,568.0,899,796,1695,719.0,50.600589970501474,-417.0,16.796440489432705,224.0,749.0,973.0,91.68087431693988,-525.0,26.60332541567696,171.0,710.0,881.0,71.6283185840708,-539.0,21.482412060301503,-552.0,56.0,608.0,-42.0,-24.0,-5.604874510372845,-1.8270412919438144,-14.0,-92.0,-20.05255573286908,-5.120913355375457,0.432983682983683,0.9377049180327868,0.449375,0.943952802359882,concordant,concordant,0.016391317016317,0.0062478843270951,7,107,1037,142,1110,1304,1278,316,436,2582,1144,42.97405112316034,-930,8.205521472392638,1252,61.04570100697134,-968,0.4774624373956594,-120,106,1150,115,933,1097,1348,198,552,2445,1256,49.85685071574642,-1044,9.662716499544212,1048,43.88343558282209,-818,0.5451388888888888,-354
E02000765,Redbridge,8,8,15.24584731286596,12.99657680060652,744.0,757.0,0.7576374745417516,0.7708757637474541,0.0132382892057025,-2.2492705122594394,37.0,400.0,525,502,1027,437.0,14.410905550146056,-363.0,7.0476190476190474,34.0,445.0,572,551,1123,479.0,13.472840605520926,-411.0,5.944055944055944,63.0,463.0,526.0,28.402142161635833,-400.0,12.549800796812749,68.0,503.0,571.0,30.457702582368658,-435.0,12.34119782214156,-396.0,47.0,443.0,-48.0,42.0,-0.9380649446251308,-1.1035631035631033,-35.0,45.0,2.0555604207328244,-0.208602974671189,0.4537902388369678,0.937682570593963,0.4561904761904762,0.9349955476402492,concordant,concordant,0.0024002373535084,-0.0026870229537137,6,58,366,95,445,593,650,68,148,1243,424,17.078037007240546,-308,9.780775716694773,540,34.01045856798069,-350,0.43983402489626555,-80,62,436,99,465,658,780,86,229,1438,498,18.798331015299027,-374,9.422492401215806,564,32.01321279554937,-366,0.4689265536723164,-143
E02000767,Redbridge,7,7,18.503202819065127,15.670712389929308,659.0,672.0,0.6710794297352343,0.6843177189409368,0.0132382892057025,-2.83249042913582,66.0,268.0,520,505,1025,334.0,17.25658536585366,-202.0,12.692307692307692,92.0,298.0,645,547,1192,390.0,23.0,-206.0,14.263565891472869,108.0,335.0,443.0,35.297560975609755,-227.0,21.386138613861387,150.0,435.0,585.0,54.73993288590604,-285.0,27.422303473491773,-176.0,94.0,270.0,-4.0,56.0,5.74341463414634,1.571258199165177,-58.0,142.0,19.442371910296288,6.036164859630386,0.4298584298584298,0.7580487804878049,0.4,0.8179530201342282,concordant,concordant,-0.0298584298584298,0.0599042396464233,5,148,223,311,298,587,692,67,187,1279,371,25.80453479280688,-75,25.2129471890971,609,72.46129788897576,13,0.37857142857142856,-120,192,255,483,377,731,869,86,322,1600,447,30.6,-63,26.265389876880985,860,113.806875,106,0.34200459066564654,-236
E02000768,Redbridge,9,10,12.22209058869258,9.023436525612471,828.0,892.0,0.8431771894093686,0.9083503054989815,0.065173116089613,-3.1986540630801077,3.0,346.0,386,396,782,349.0,1.3273657289002558,-343.0,0.7772020725388601,10.0,308.0,340,335,675,318.0,4.562962962962963,-298.0,2.941176470588235,14.0,357.0,371.0,6.391304347826087,-343.0,3.535353535353535,11.0,301.0,312.0,4.905185185185185,-290.0,3.2835820895522385,-326.0,0.0,326.0,45.0,-31.0,3.2355972340627073,2.163974398049375,53.0,-59.0,-1.486119162640902,-0.2517714458012965,0.4847222222222222,0.9207161125319692,0.5047619047619047,0.9333333333333332,concordant,concordant,0.0200396825396825,0.012617220801364,7,19,433,43,364,460,547,74,151,1007,452,8.169811320754716,-414,4.130434782608695,407,15.543197616683218,-321,0.5261932479627474,-77,37,453,26,309,397,516,57,181,913,490,18.35815991237678,-416,9.319899244332493,335,8.799561883899234,-283,0.593939393939394,-124
E02000769,Redbridge,7,7,18.654217269087027,16.92342864312151,651.0,629.0,0.6629327902240326,0.6405295315682281,-0.0224032586558045,-1.7307886259655163,116.0,576.0,1146,845,1991,692.0,33.55901557006529,-460.0,10.12216404886562,72.0,664.0,980,960,1940,736.0,24.64329896907217,-592.0,7.346938775510205,142.0,898.0,1040.0,64.0462079357107,-756.0,16.80473372781065,153.0,783.0,936.0,61.75206185567011,-630.0,15.937499999999998,-611.0,69.0,680.0,-132.0,44.0,-8.915716600993122,-2.7752252733554155,126.0,-104.0,-2.2941460800405906,-0.8672337278106514,0.3995381062355658,0.8699146157709694,0.4401913875598086,0.8618556701030928,concordant,concordant,0.0406532813242428,-0.0080589456678765,5,311,548,553,879,1318,1250,172,405,2568,859,66.36604361370716,-237,23.596358118361152,1432,189.28621495327104,-326,0.3749454386730685,-233,234,636,716,766,1120,1515,140,555,2635,870,56.479696394686904,-402,20.892857142857142,1482,208.1426944971537,-50,0.36989795918367346,-415
E02000770,Redbridge,7,7,20.04266230362338,15.911643386509231,615.0,667.0,0.6262729124236253,0.6792260692464358,0.0529531568228105,-4.131018917114149,35.0,301.0,525,482,1007,336.0,10.461767626613703,-266.0,6.666666666666667,45.0,351.0,508,555,1063,396.0,14.858889934148635,-306.0,8.858267716535433,71.0,409.0,480.0,28.837140019860975,-338.0,14.730290456431536,98.0,370.0,468.0,34.11100658513641,-272.0,17.65765765765766,-264.0,47.0,311.0,-40.0,60.0,4.397122307534932,2.1916010498687664,66.0,-12.0,5.2738665652754335,2.9273672012261223,0.4117647058823529,0.8103277060575969,0.4583333333333333,0.812793979303857,concordant,concordant,0.0465686274509803,0.0024662732462601,5,105,282,244,366,588,648,63,166,1236,387,23.95631067961165,-177,17.857142857142858,610,72.25242718446601,-122,0.3881644934804413,-103,136,319,302,344,587,748,79,193,1335,455,32.49737827715356,-183,23.168654173764907,646,77.8187265917603,-42,0.41326067211625794,-114
E02000772,Redbridge,6,7,22.03765520765165,18.02358639161158,557.0,594.0,0.5672097759674134,0.604887983706721,0.0376782077393076,-4.014068816040066,195.0,328.0,721,723,1444,523.0,44.29362880886426,-133.0,27.045769764216367,129.0,335.0,466,744,1210,464.0,35.71487603305785,-206.0,27.682403433476395,296.0,439.0,735.0,89.98891966759003,-143.0,40.94052558782849,314.0,232.0,546.0,60.20495867768595,82.0,42.204301075268816,-393.0,55.0,448.0,-73.0,-59.0,-8.578752775806414,0.6366336692600285,225.0,-189.0,-29.78396098990407,1.263775487440327,0.4157392686804451,0.871191135734072,0.4594059405940594,0.8347107438016529,concordant,divergent,0.0436666719136142,-0.0364803919324191,4,310,277,517,377,826,924,105,201,1750,587,49.06857142857143,33,37.530266343825666,894,111.37657142857142,140,0.3963538149898717,-96,240,284,595,195,557,1004,91,260,1561,524,43.664317745035234,-44,43.08797127468581,790,74.32735426008969,400,0.3987823439878234,-169
E02000773,Redbridge,6,7,21.959269704283543,16.509376456408194,565.0,642.0,0.575356415478615,0.6537678207739308,0.0784114052953157,-5.449893247875348,175.0,272.0,739,629,1368,447.0,34.7953216374269,-97.0,23.68064952638701,236.0,326.0,740,739,1479,562.0,52.01893171061528,-90.0,31.891891891891895,265.0,498.0,763.0,96.46929824561404,-233.0,42.130365659777425,337.0,399.0,736.0,90.91480730223124,-62.0,45.6021650879567,-269.0,100.0,369.0,7.0,115.0,17.223610073188375,8.211242365504884,171.0,-27.0,-5.5544909433828025,3.471799428179274,0.3694214876033058,0.8845029239766082,0.4329738058551617,0.8776200135226504,concordant,concordant,0.0635523182518559,-0.0068829104539578,4,299,254,510,486,837,839,98,210,1676,553,45.31384248210024,45,35.722819593787335,996,147.88782816229116,24,0.3570045190445449,-112,424,288,647,364,875,1016,135,277,1891,712,64.5753569539926,136,48.45714285714286,1011,124.54151242728715,283,0.4132327336041788,-142
E02000774,Redbridge,5,5,24.714774444444444,22.112884094530003,475.0,453.0,0.4837067209775967,0.4613034623217922,-0.0224032586558045,-2.6018903499144415,241.0,244.0,640,535,1175,485.0,50.04595744680851,-3.0,37.65625,216.0,207.0,526,631,1157,423.0,38.6447709593777,9.0,41.06463878326996,264.0,371.0,635.0,83.35659574468085,-107.0,49.34579439252336,380.0,291.0,671.0,95.57476231633537,89.0,60.22187004754358,-25.0,184.0,209.0,12.0,-62.0,-11.401186487430806,3.408388783269963,196.0,36.0,12.21816657165452,10.876075655020225,0.4330357142857143,0.9531914893617022,0.386654478976234,0.9455488331892826,concordant,concordant,-0.0463812353094802,-0.0076426561724195,4,230,248,335,379,690,681,50,146,1371,478,41.60466812545587,-18,33.33333333333333,714,92.6075857038658,-44,0.401006711409396,-96,215,227,481,298,607,822,81,191,1429,442,34.15325402379286,-12,35.42009884678748,779,100.30650804758572,183,0.361998361998362,-110
E02000776,Redbridge,6,7,21.152763799435025,17.057423624358034,589.0,626.0,0.59979633401222,0.6374745417515275,0.0376782077393075,-4.095340175076991,115.0,315.0,627,569,1196,430.0,30.28846153846154,-200.0,18.341307814992025,78.0,262.0,412,531,943,340.0,21.671261930010605,-184.0,18.932038834951456,203.0,470.0,673.0,79.77424749163879,-267.0,35.67662565905096,202.0,299.0,501.0,64.04878048780488,-97.0,38.04143126177024,-262.0,30.0,292.0,16.0,-90.0,-8.617199608450935,0.5907310199594313,170.0,-172.0,-15.725467003833913,2.3648056027192794,0.3898458748866727,0.9222408026755852,0.4042806183115339,0.8918345705196182,concordant,concordant,0.0144347434248611,-0.030406232155967,5,157,360,213,511,722,661,95,92,1383,517,40.86767895878525,-203,21.74515235457064,724,78.70065075921909,-298,0.41659951651893634,3,89,314,279,331,463,670,51,139,1133,403,24.66548984995587,-225,19.222462203023756,610,81.50838481906443,-52,0.39782823297137215,-88
E02000777,Redbridge,7,7,18.48335304606493,17.298952435813035,660.0,617.0,0.6720977596741344,0.6283095723014257,-0.0437881873727087,-1.1844006102518954,76.0,217.0,370,315,685,293.0,24.075912408759123,-141.0,20.54054054054054,35.0,172.0,357,288,645,207.0,9.333333333333334,-137.0,9.803921568627452,75.0,266.0,341.0,29.124087591240876,-191.0,23.809523809523807,78.0,301.0,379.0,36.4,-223.0,27.083333333333332,-128.0,42.0,170.0,4.0,-86.0,-14.74257907542579,-10.736618971913089,-32.0,38.0,7.275912408759123,3.2738095238095255,0.4621451104100946,0.9255474452554744,0.3532423208191126,0.9085271317829458,concordant,concordant,-0.108902789590982,-0.0170203134725287,5,148,210,251,261,439,491,69,176,930,358,33.41935483870968,-62,33.712984054669704,512,70.44193548387096,-10,0.4114942528735632,-107,96,172,287,301,416,493,59,205,909,268,18.165016501650165,-76,23.076923076923077,588,95.03520352035204,-14,0.3130841121495327,-146
E02000779,Redbridge,3,4,33.767304487162946,26.407871511696943,265.0,317.0,0.269857433808554,0.3228105906313646,0.0529531568228106,-7.359432975466,503.0,190.0,927,1031,1958,693.0,48.810010214504594,313.0,54.26105717367853,471.0,225.0,837,938,1775,696.0,59.70422535211268,246.0,56.272401433691755,760.0,298.0,1058.0,115.66905005107252,462.0,73.71483996120271,631.0,265.0,896.0,94.2056338028169,366.0,67.27078891257996,52.0,404.0,352.0,-67.0,3.0,10.894215137608086,2.0113442600132245,-96.0,-162.0,-21.463416248255612,-6.444051048622754,0.3957738435179897,0.8942798774259448,0.4371859296482412,0.8969014084507042,concordant,concordant,0.0414120861302514,0.0026215310247593,2,639,101,969,152,1047,1219,120,188,2266,740,28.481465136804943,538,61.03151862464183,1121,64.9991173874669,817,0.39763567974207414,-68,578,138,912,143,925,1201,88,263,2126,716,37.51834430856068,440,62.486486486486484,1055,61.34336782690499,769,0.40429136081309996,-175
E02000780,Redbridge,4,5,31.72315276123443,23.348161377947893,318.0,409.0,0.3238289205702647,0.4164969450101833,0.0926680244399185,-8.374991383286542,514.0,477.0,1337,1291,2628,991.0,93.2945205479452,37.0,38.44427823485415,512.0,505.0,1172,1394,2566,1017.0,100.76383476227592,7.0,43.68600682593857,643.0,640.0,1283.0,156.59056316590562,3.0,49.80635166537567,687.0,511.0,1198.0,136.81098986749805,176.0,49.28263988522238,-330.0,391.0,721.0,-30.0,26.0,7.469314214330723,5.241728591084417,173.0,-85.0,-19.77957329840757,-0.5237117801532918,0.4357959542656112,0.865296803652968,0.4591422121896162,0.8632112236944661,concordant,concordant,0.023346257924005,-0.0020855799585018,3,667,391,830,613,1494,1497,157,206,2991,1058,87.19391507856903,276,44.64524765729585,1443,170.10698762955533,217,0.423030787684926,-49,648,447,1181,486,1329,1913,157,519,3242,1095,89.34484885872918,201,48.75846501128668,1667,177.0407156076496,695,0.39645184648805215,-362
E02000781,Redbridge,7,7,19.291041617905208,16.982215621413623,634.0,628.0,0.6456211812627292,0.639511201629328,-0.0061099796334012,-2.308825996491585,59.0,633.0,871,861,1732,692.0,21.562933025404156,-574.0,6.77382319173364,44.0,684.0,810,942,1752,728.0,17.17808219178082,-640.0,5.432098765432099,103.0,725.0,828.0,43.114896073903004,-622.0,11.962833914053428,132.0,682.0,814.0,51.38356164383562,-550.0,14.012738853503183,-639.0,44.0,683.0,-66.0,36.0,-4.384850833623336,-1.3417244263015409,72.0,-14.0,8.268665569932615,2.049904939449755,0.4552631578947368,0.8775981524249422,0.4721141374837873,0.8801369863013698,concordant,concordant,0.0168509795890504,0.0025388338764276,5,185,614,397,707,978,1147,107,286,2125,799,53.45411764705882,-429,18.916155419222903,1104,132.08423529411763,-310,0.41986337362059906,-179,150,676,547,670,911,1338,101,396,2249,826,45.08670520231214,-526,16.465422612513724,1217,162.9568697198755,-123,0.4043073910915321,-295
E02000782,Redbridge,4,3,30.49912801916245,28.464855586648017,351.0,249.0,0.3574338085539715,0.2535641547861507,-0.1038696537678208,-2.0342724325144346,312.0,327.0,920,884,1804,639.0,56.55432372505543,-15.0,33.91304347826087,301.0,293.0,1016,847,1863,594.0,47.33923778851315,8.0,29.6259842519685,401.0,441.0,842.0,98.02716186252772,-40.0,45.36199095022624,418.0,552.0,970.0,123.85185185185183,-134.0,49.35064935064935,433.0,587.0,154.0,23.0,-45.0,-9.21508593654228,-4.287059226292367,-94.0,128.0,25.824689989324114,3.988658400423106,0.4314652261985145,0.8209534368070953,0.3797953964194373,0.8395061728395061,concordant,divergent,-0.0516698297790771,0.0185527360324108,3,392,257,550,369,1005,1044,85,160,2049,649,49.16739873108833,135,39.00497512437811,919,99.04831625183016,181,0.4139030612244898,-75,383,248,677,533,1101,1119,85,272,2220,631,42.785585585585586,135,34.78655767484105,1210,162.540990990991,144,0.34274850624660513,-187
E02000783,Redbridge,3,3,32.51164809510683,27.660824514400534,295.0,281.0,0.3004073319755601,0.2861507128309572,-0.0142566191446028,-4.850823580706294,364.0,151.0,674,618,1292,515.0,42.54179566563467,213.0,54.00593471810089,261.0,114.0,509,526,1035,375.0,28.74782608695652,147.0,51.277013752455794,424.0,246.0,670.0,80.73065015479877,178.0,68.6084142394822,329.0,185.0,514.0,58.806763285024154,144.0,62.547528517110266,126.0,255.0,129.0,-66.0,-140.0,-13.793969578678157,-2.728920965645095,-34.0,-156.0,-21.923886869774613,-6.0608857223719355,0.4345991561181435,0.9171826625386996,0.421822272215973,0.8589371980676328,concordant,concordant,-0.0127768839021704,-0.0582454644710669,3,228,194,388,310,734,719,60,101,1453,422,30.441844459738473,34,31.062670299727518,698,82.78045423262216,78,0.3767857142857143,-41,192,197,430,245,568,705,59,179,1273,389,29.71249018067557,-5,33.80281690140845,675,82.75726630007856,185,0.3656015037593985,-120
E02000784,Richmond upon Thames,10,9,9.916945694339256,9.80582489389004,894.0,868.0,0.910386965376782,0.8839103869653768,-0.0264765784114052,-0.1111208004492176,0.0,615.0,752,747,1499,615.0,0.0,-615.0,0.0,0.0,619.0,713,766,1479,619.0,0.0,-619.0,0.0,0.0,671.0,671.0,0.0,-671.0,0.0,0.0,579.0,579.0,0.0,-579.0,0.0,-294.0,131.0,425.0,-4.0,4.0,0.0,0.0,92.0,-92.0,0.0,0.0,0.4782270606531882,0.8579052701801201,0.5166944908180301,0.8100067613252198,concordant,concordant,0.0384674301648418,-0.0478985088549003,8,73,783,95,772,991,1076,239,329,2067,856,27.65312046444122,-710,7.366296670030273,867,35.48137397194001,-677,0.4968078932095183,-90,99,924,108,616,862,1200,149,434,2062,1023,44.3627546071775,-825,11.48491879350348,724,32.26382153249273,-508,0.5855752718946766,-285
E02000785,Richmond upon Thames,10,10,7.159368775348118,6.926790247437623,958.0,947.0,0.9755600814663952,0.9643584521384928,-0.0112016293279021,-0.232578527910495,0.0,535.0,798,760,1558,535.0,0.0,-535.0,0.0,0.0,536.0,812,735,1547,536.0,0.0,-536.0,0.0,0.0,657.0,657.0,0.0,-657.0,0.0,0.0,662.0,662.0,0.0,-662.0,0.0,-535.0,0.0,535.0,-1.0,1.0,0.0,0.0,-5.0,5.0,0.0,0.0,0.4488255033557047,0.7650834403080873,0.4474123539232053,0.7744020685197156,concordant,concordant,-0.0014131494324993,0.0093186282116283,10,0,1099,0,1073,1095,1155,297,395,2250,1099,0.0,-1099,0.0,1073,0.0,-1073,0.5059852670349908,-98,0,1308,0,961,993,1348,181,613,2341,1308,0.0,-1308,0.0,961,0.0,-961,0.5764654032613487,-432
E02000786,Richmond upon Thames,9,9,11.724581876545471,9.700054975887769,843.0,870.0,0.8584521384928717,0.8859470468431772,0.0274949083503054,-2.024526900657703,307.0,390.0,1061,931,1992,697.0,60.105421686746986,-83.0,28.934967012252592,275.0,339.0,975,803,1778,614.0,52.432508436445445,-64.0,28.205128205128204,409.0,597.0,1006.0,122.57680722891568,-188.0,43.9312567132116,349.0,547.0,896.0,107.3695163104612,-198.0,43.46201743462018,-118.0,208.0,326.0,19.0,-83.0,-7.672913250301541,-0.7298388071243878,-10.0,-110.0,-15.20729091845449,-0.4692392785914236,0.4092777451556078,0.8549196787148594,0.4066225165562914,0.8492688413948256,concordant,concordant,-0.0026552285993163,-0.0056508373200337,8,163,1000,255,903,1290,1465,229,534,2755,1163,59.16515426497278,-837,12.635658914728682,1158,83.58076225045372,-648,0.5010771219302025,-305,174,1043,226,779,1136,1461,161,658,2597,1217,69.88140161725067,-869,15.316901408450704,1005,67.79129765113592,-553,0.5477047704770477,-497
E02000787,Richmond upon Thames,9,8,13.271912231831203,13.612062804453725,788.0,743.0,0.8024439918533605,0.7566191446028513,-0.0458248472505091,0.3401505726225178,276.0,308.0,942,806,1748,584.0,48.63157894736842,-32.0,29.29936305732484,264.0,367.0,903,909,1812,631.0,53.47019867549669,-103.0,29.2358803986711,369.0,463.0,832.0,97.73855835240276,-94.0,45.78163771712159,416.0,490.0,906.0,112.49448123620309,-74.0,45.76457645764577,118.0,424.0,306.0,-71.0,47.0,4.838619728128272,-0.06348265865374,20.0,74.0,14.755922883800324,-0.0170612594758239,0.4124293785310734,0.8100686498855835,0.4105400130123617,0.8482339955849889,concordant,concordant,-0.0018893655187116,0.0381653456994054,7,443,735,471,779,1270,1249,328,443,2519,1178,129.25962683604604,-292,34.881889763779526,1250,145.65660976578008,-308,0.48517298187808894,-115,378,996,514,682,1111,1554,208,645,2665,1374,141.27129455909943,-618,34.02340234023402,1196,131.53771106941838,-168,0.5346303501945525,-437
E02000788,Richmond upon Thames,10,10,8.094903050161069,6.501084979793444,935.0,956.0,0.9521384928716904,0.9735234215885948,0.0213849287169043,-1.5938180703676244,0.0,435.0,855,641,1496,435.0,0.0,-435.0,0.0,0.0,379.0,642,560,1202,379.0,0.0,-379.0,0.0,0.0,676.0,676.0,0.0,-676.0,0.0,0.0,520.0,520.0,0.0,-520.0,0.0,-397.0,0.0,397.0,56.0,-56.0,0.0,0.0,156.0,-156.0,0.0,0.0,0.3915391539153915,0.7426470588235294,0.421579532814238,0.7479201331114809,concordant,concordant,0.0300403788988465,0.0052730742879514,9,53,894,47,961,1054,987,199,346,2041,947,23.215090641842234,-841,5.028462998102467,1008,22.12983831455169,-914,0.48439897698209716,-147,33,899,46,720,777,1008,135,448,1785,932,16.620168067226892,-866,4.247104247104247,766,18.554621848739497,-674,0.5488810365135454,-313
E02000789,Richmond upon Thames,9,9,10.711676021304068,9.629095116501755,875.0,871.0,0.8910386965376782,0.8869653767820774,-0.0040733197556007,-1.0825809048023132,207.0,199.0,569,696,1265,406.0,32.56363636363636,8.0,36.37961335676626,219.0,202.0,643,638,1281,421.0,34.53395784543326,17.0,34.05909797822706,365.0,267.0,632.0,77.03952569169961,98.0,52.44252873563219,335.0,310.0,645.0,81.06947697111632,25.0,52.507836990595614,-21.0,234.0,255.0,9.0,15.0,1.970321481796894,-2.3205153785391985,-73.0,13.0,4.029951279416707,0.0653082549634263,0.3911368015414258,0.8205533596837945,0.3949343339587242,0.8321623731459797,concordant,concordant,0.0037975324172983,0.0116090134621852,8,168,492,319,543,770,894,201,198,1664,660,49.67307692307692,-324,21.818181818181817,862,104.0967548076923,-224,0.4336399474375821,3,183,611,271,505,771,978,128,340,1749,794,63.92967409948542,-428,23.73540856031128,776,78.24757004002286,-234,0.5057324840764331,-212
E02000790,Richmond upon Thames,10,10,5.993173040206685,5.384548026919548,973.0,975.0,0.9908350305498982,0.9928716904276986,0.0020366598778004,-0.6086250132871367,0.0,205.0,572,493,1065,205.0,0.0,-205.0,0.0,0.0,265.0,572,482,1054,265.0,0.0,-265.0,0.0,0.0,329.0,329.0,0.0,-329.0,0.0,0.0,386.0,386.0,0.0,-386.0,0.0,-271.0,0.0,271.0,-60.0,60.0,0.0,0.0,-57.0,57.0,0.0,0.0,0.3838951310861423,0.5014084507042254,0.4070660522273425,0.6176470588235294,concordant,concordant,0.0231709211412002,0.116238608119304,10,0,704,0,724,764,755,192,262,1519,704,0.0,-704,0.0,724,0.0,-724,0.49299719887955185,-70,0,775,0,641,683,818,111,336,1501,775,0.0,-775,0.0,641,0.0,-641,0.547316384180791,-225
E02000791,Richmond upon Thames,10,10,7.793097903861822,5.957178856791641,941.0,964.0,0.9582484725050916,0.9816700610997964,0.0234215885947047,-1.8359190470701812,0.0,462.0,721,740,1461,462.0,0.0,-462.0,0.0,0.0,427.0,653,717,1370,427.0,0.0,-427.0,0.0,0.0,545.0,545.0,0.0,-545.0,0.0,0.0,521.0,521.0,0.0,-521.0,0.0,-420.0,0.0,420.0,35.0,-35.0,0.0,0.0,24.0,-24.0,0.0,0.0,0.4587884806355511,0.6892539356605065,0.45042194092827,0.691970802919708,concordant,concordant,-0.0083665397072811,0.0027168672592015,9,68,741,109,823,966,976,245,236,1942,809,25.946446961894953,-673,7.039337474120083,932,46.19309989701339,-714,0.4646754738655945,9,48,869,93,702,810,1096,157,379,1906,917,21.884575026232948,-821,5.9259259259259265,795,34.252885624344174,-609,0.5356308411214953,-222
E02000792,Richmond upon Thames,10,10,7.840460146515953,5.73424224125825,939.0,969.0,0.9562118126272912,0.9867617107942972,0.030549898167006,-2.1062179052577035,0.0,301.0,632,656,1288,301.0,0.0,-301.0,0.0,0.0,279.0,709,572,1281,279.0,0.0,-279.0,0.0,0.0,370.0,370.0,0.0,-370.0,0.0,0.0,430.0,430.0,0.0,-430.0,0.0,-306.0,0.0,306.0,22.0,-22.0,0.0,0.0,-60.0,60.0,0.0,0.0,0.4485842026825633,0.5209627329192547,0.3935119887165021,0.5534738485558157,concordant,concordant,-0.0550722139660612,0.032511115636561,9,115,647,137,642,872,950,240,294,1822,762,40.83699231613611,-532,13.188073394495412,779,48.27332601536773,-505,0.4944841012329656,-54,88,701,103,607,847,939,138,367,1786,789,34.5397536394177,-613,10.38961038961039,710,35.00615901455767,-504,0.5263509006004002,-229
E02000793,Richmond upon Thames,9,9,11.180488765205611,11.206441567781374,860.0,817.0,0.8757637474541752,0.8319755600814664,-0.0437881873727087,0.0259528025757607,190.0,255.0,568,456,1024,445.0,47.314453125,-65.0,33.45070422535211,172.0,201.0,468,422,890,373.0,38.84494382022472,-29.0,36.75213675213676,145.0,317.0,462.0,44.8876953125,-172.0,31.79824561403509,151.0,246.0,397.0,41.737078651685394,-95.0,35.78199052132701,-76.0,156.0,232.0,36.0,-72.0,-8.46950930477528,3.3014325267846445,77.0,-65.0,-3.150616660814606,3.9837449072919218,0.4906284454244763,0.8857421875,0.4844155844155844,0.8651685393258427,concordant,concordant,-0.0062128610088919,-0.0205736481741573,8,155,544,91,578,778,719,210,263,1497,699,56.325985303941216,-389,19.92287917737789,669,35.13560454241817,-487,0.5109649122807017,-53,141,637,115,392,586,822,118,400,1408,778,63.79048295454545,-496,24.061433447098977,507,32.01704545454545,-277,0.6054474708171206,-282
E02000794,Richmond upon Thames,10,10,8.482971026630352,7.141383601756955,928.0,946.0,0.945010183299389,0.9633401221995926,0.0183299389002036,-1.3415874248733974,0.0,308.0,609,563,1172,308.0,0.0,-308.0,0.0,0.0,220.0,643,430,1073,220.0,0.0,-220.0,0.0,0.0,342.0,342.0,0.0,-342.0,0.0,0.0,382.0,382.0,0.0,-382.0,0.0,-238.0,0.0,238.0,88.0,-88.0,0.0,0.0,-40.0,40.0,0.0,0.0,0.4738461538461538,0.5546075085324232,0.3654485049833887,0.5610438024231128,concordant,concordant,-0.1083976488627651,0.0064362938906895,9,99,617,64,559,775,806,166,243,1581,716,38.63567362428842,-518,12.774193548387098,623,22.628716002530044,-495,0.5347274085138163,-77,97,596,43,534,749,763,106,333,1512,693,38.235449735449734,-499,12.950600801068092,577,15.186507936507937,-491,0.5456692913385827,-227
E02000795,Richmond upon Thames,10,10,10.218730808060307,8.906516199016488,889.0,898.0,0.905295315682281,0.9144602851323828,0.0091649694501018,-1.312214609043819,0.0,310.0,496,456,952,310.0,0.0,-310.0,0.0,0.0,193.0,458,345,803,193.0,0.0,-193.0,0.0,0.0,288.0,288.0,0.0,-288.0,0.0,0.0,305.0,305.0,0.0,-305.0,0.0,-207.0,0.0,207.0,117.0,-117.0,0.0,0.0,-17.0,17.0,0.0,0.0,0.5183946488294314,0.6281512605042017,0.3875502008032128,0.6201743462017435,concordant,concordant,-0.1308444480262185,-0.0079769143024581,8,159,514,132,430,729,740,233,284,1469,673,55.633764465622875,-355,21.810699588477366,562,38.63852961198094,-298,0.5449392712550607,-51,134,408,126,338,556,590,98,245,1146,542,47.70680628272251,-274,24.100719424460433,464,37.16230366492147,-212,0.5387673956262425,-147
E02000796,Richmond upon Thames,8,7,15.645255032289343,16.40391660391566,738.0,645.0,0.7515274949083504,0.6568228105906314,-0.0947046843177189,0.7586615716263179,323.0,223.0,674,514,1188,546.0,60.63047138047138,100.0,47.92284866468843,180.0,252.0,493,483,976,432.0,46.47540983606557,-72.0,36.511156186612574,264.0,311.0,575.0,69.11111111111111,-47.0,51.36186770428015,194.0,296.0,490.0,58.83606557377049,-102.0,40.165631469979296,-48.0,178.0,226.0,-172.0,-114.0,-14.155061544405804,-11.411692478075857,-55.0,-85.0,-10.275045537340624,-11.196236234300857,0.4870651204281891,0.9436026936026936,0.4685466377440347,0.944672131147541,divergent,concordant,-0.0185184826841544,0.0010694375448474,6,323,221,265,309,827,848,153,334,1675,544,42.616716417910446,102,39.05683192261185,574,48.886567164179105,-44,0.4865831842576029,-181,183,250,199,296,605,795,112,312,1400,433,32.67857142857143,-67,30.247933884297524,495,42.074285714285715,-97,0.4665948275862069,-200
E02000797,Richmond upon Thames,10,10,7.768168024215504,6.68860379109226,943.0,955.0,0.960285132382892,0.9725050916496945,0.0122199592668024,-1.0795642331232438,0.0,353.0,812,723,1535,353.0,0.0,-353.0,0.0,0.0,311.0,853,682,1535,311.0,0.0,-311.0,0.0,0.0,438.0,438.0,0.0,-438.0,0.0,0.0,483.0,483.0,0.0,-483.0,0.0,-366.0,0.0,366.0,42.0,-42.0,0.0,0.0,-45.0,45.0,0.0,0.0,0.4462705436156763,0.5153094462540717,0.3916876574307305,0.5172638436482084,concordant,concordant,-0.0545828861849458,0.0019543973941367,9,136,808,81,784,1096,1047,284,324,2143,944,51.277648156789546,-672,12.408759124087592,865,29.63322445170322,-703,0.5218352681039248,-40,87,852,99,715,1005,1122,152,440,2127,939,34.849083215796895,-765,8.656716417910449,814,33.27926657263752,-616,0.5356531660011409,-288
E02000798,Richmond upon Thames,10,9,10.24853661160714,10.267734259426303,887.0,850.0,0.9032586558044806,0.8655804480651731,-0.0376782077393075,0.019197647819162,0.0,368.0,852,709,1561,368.0,0.0,-368.0,0.0,0.0,296.0,725,560,1285,296.0,0.0,-296.0,0.0,0.0,409.0,409.0,0.0,-409.0,0.0,0.0,425.0,425.0,0.0,-425.0,0.0,38.0,285.0,247.0,72.0,-72.0,0.0,0.0,-16.0,16.0,0.0,0.0,0.4736164736164736,0.4977578475336323,0.4105409153952843,0.5610894941634241,concordant,concordant,-0.0630755582211893,0.0633316466297918,8,426,691,317,536,1049,1080,197,371,2129,1117,138.264913104744,-265,40.61010486177312,853,79.80836073273838,-219,0.567005076142132,-174,261,678,233,525,875,984,150,424,1859,939,95.18988703604089,-417,29.828571428571426,758,65.80150618612157,-292,0.5533294048320566,-274
E02000799,Richmond upon Thames,10,10,6.929929983320343,5.548346013943619,962.0,974.0,0.979633401221996,0.9918533604887984,0.0122199592668024,-1.3815839693767238,0.0,323.0,645,749,1394,323.0,0.0,-323.0,0.0,0.0,233.0,601,561,1162,233.0,0.0,-233.0,0.0,0.0,340.0,340.0,0.0,-340.0,0.0,0.0,326.0,326.0,0.0,-326.0,0.0,-286.0,0.0,286.0,90.0,-90.0,0.0,0.0,14.0,-14.0,0.0,0.0,0.4871794871794871,0.4756097560975609,0.4168157423971377,0.4810671256454389,concordant,concordant,-0.0703637447823494,0.0054573695478779,10,0,924,0,1106,1174,1006,529,257,2180,924,0.0,-924,0.0,1106,0.0,-1106,0.45517241379310347,272,0,860,0,1005,1069,921,468,360,1990,860,0.0,-860,0.0,1005,0.0,-1005,0.46112600536193027,108
E02000800,Richmond upon Thames,7,7,18.631682862654323,15.602358908151972,654.0,677.0,0.6659877800407332,0.6894093686354379,0.0234215885947046,-3.0293239545023507,262.0,64.0,390,277,667,326.0,25.13943028485757,198.0,67.17948717948717,228.0,58.0,316,200,516,286.0,25.627906976744185,170.0,72.15189873417721,197.0,102.0,299.0,30.12593703148426,95.0,71.11913357400722,136.0,74.0,210.0,19.503875968992247,62.0,68.0,160.0,216.0,56.0,-28.0,-40.0,0.4884766918866141,4.972411554690041,-33.0,-89.0,-10.622061062492012,-3.119133574007222,0.5216,0.9370314842578712,0.5766129032258065,0.9612403100775194,concordant,concordant,0.0550129032258065,0.0242088258196483,5,315,61,347,96,441,427,51,150,868,376,22.137096774193548,254,71.42857142857143,443,38.3778801843318,251,0.4590964590964591,-99,295,57,331,74,383,395,67,195,778,352,21.61311053984576,238,77.02349869451697,405,31.483290488431876,257,0.46499339498018494,-128
E02000801,Richmond upon Thames,10,10,6.28608456083535,5.6623867488443755,970.0,972.0,0.9877800407331976,0.989816700610998,0.0020366598778003,-0.6236978119909748,0.0,201.0,682,525,1207,201.0,0.0,-201.0,0.0,0.0,143.0,553,417,970,143.0,0.0,-143.0,0.0,0.0,326.0,326.0,0.0,-326.0,0.0,0.0,295.0,295.0,0.0,-295.0,0.0,-163.0,0.0,163.0,58.0,-58.0,0.0,0.0,31.0,-31.0,0.0,0.0,0.381404174573055,0.4366197183098591,0.3264840182648402,0.4515463917525773,concordant,concordant,-0.0549201563082148,0.0149266734427181,10,0,766,0,754,857,818,175,293,1675,766,0.0,-766,0.0,754,0.0,-754,0.5039473684210526,-118,0,756,0,628,678,804,125,387,1482,756,0.0,-756,0.0,628,0.0,-628,0.546242774566474,-262
E02000802,Richmond upon Thames,10,10,8.750400940417963,7.598219675398634,923.0,932.0,0.939918533604888,0.9490835030549898,0.0091649694501018,-1.1521812650193288,0.0,204.0,567,441,1008,204.0,0.0,-204.0,0.0,0.0,206.0,532,389,921,206.0,0.0,-206.0,0.0,0.0,250.0,250.0,0.0,-250.0,0.0,0.0,282.0,282.0,0.0,-282.0,0.0,-216.0,0.0,216.0,-2.0,2.0,0.0,0.0,-32.0,32.0,0.0,0.0,0.4493392070484581,0.4503968253968254,0.4221311475409836,0.5298588490770901,concordant,concordant,-0.0272080595074745,0.0794620236802647,9,110,531,33,457,707,703,140,262,1410,641,41.42553191489362,-421,15.558698727015557,490,10.695744680851064,-424,0.5667550839964633,-122,97,640,52,476,673,786,141,397,1459,737,42.549691569568196,-543,14.413075780089152,528,16.96504455106237,-424,0.5826086956521739,-256
E02000803,Richmond upon Thames,8,7,15.24390358538404,17.43955727973339,745.0,613.0,0.7586558044806517,0.6242362525458248,-0.1344195519348269,2.195653694349348,463.0,149.0,660,443,1103,612.0,62.54487760652765,314.0,70.15151515151516,339.0,129.0,520,404,924,468.0,47.327922077922075,210.0,65.1923076923077,264.0,175.0,439.0,41.885766092475066,89.0,59.59367945823928,259.0,147.0,406.0,41.20454545454545,112.0,64.10891089108911,261.0,364.0,103.0,-104.0,-144.0,-15.216955528605574,-4.959207459207462,23.0,-33.0,-0.6812206379296128,4.515231432849831,0.582302568981922,0.9528558476881231,0.5354691075514875,0.945887445887446,concordant,concordant,-0.0468334614304345,-0.0069684018006773,6,467,148,271,175,819,792,159,349,1611,615,42.90254500310366,319,57.02075702075702,446,29.438237119801364,96,0.5796418473138548,-190,343,127,265,145,690,820,170,416,1510,470,28.84834437086093,216,49.710144927536234,410,25.44701986754967,120,0.5340909090909091,-246
E02000804,Richmond upon Thames,10,10,8.0193515182944,6.896205580631924,936.0,948.0,0.9531568228105908,0.9653767820773932,0.0122199592668024,-1.1231459376624755,0.0,218.0,737,524,1261,218.0,0.0,-218.0,0.0,0.0,203.0,627,485,1112,203.0,0.0,-203.0,0.0,0.0,349.0,349.0,0.0,-349.0,0.0,0.0,323.0,323.0,0.0,-323.0,0.0,-225.0,0.0,225.0,15.0,-15.0,0.0,0.0,26.0,-26.0,0.0,0.0,0.3844797178130511,0.4496431403647898,0.3859315589353612,0.4730215827338129,concordant,concordant,0.0014518411223101,0.023378442369023,9,125,605,114,671,967,824,230,300,1791,730,42.225013958682304,-480,12.926577042399174,785,42.710217755443885,-557,0.48184818481848185,-70,112,710,109,579,780,917,153,432,1697,822,46.85916322922805,-598,14.358974358974358,688,37.18974661166765,-470,0.5443708609271524,-279
E02000805,Richmond upon Thames,10,10,10.24170152118188,8.833813537002897,888.0,901.0,0.9042769857433808,0.9175152749490836,0.0132382892057025,-1.4078879841789824,0.0,481.0,873,832,1705,481.0,0.0,-481.0,0.0,0.0,397.0,724,682,1406,397.0,0.0,-397.0,0.0,0.0,487.0,487.0,0.0,-487.0,0.0,0.0,418.0,418.0,0.0,-418.0,0.0,-409.0,0.0,409.0,84.0,-84.0,0.0,0.0,69.0,-69.0,0.0,0.0,0.496900826446281,0.567741935483871,0.4871165644171779,0.5796586059743954,concordant,concordant,-0.009784262029103,0.0119166704905244,8,346,775,301,794,1272,1280,399,448,2552,1121,105.07445141065831,-429,27.20125786163522,1095,93.64968652037618,-493,0.5058664259927798,-49,281,899,254,479,883,1282,159,600,2165,1180,116.68314087759815,-618,31.8233295583239,733,56.19676674364896,-225,0.6168322007318349,-441
E02000806,Richmond upon Thames,10,10,9.3966675323986,8.497609411535464,905.0,909.0,0.9215885947046843,0.9256619144602852,0.0040733197556007,-0.8990581208631347,0.0,311.0,660,446,1106,311.0,0.0,-311.0,0.0,0.0,242.0,638,368,1006,242.0,0.0,-242.0,0.0,0.0,409.0,409.0,0.0,-409.0,0.0,0.0,369.0,369.0,0.0,-369.0,0.0,-251.0,0.0,251.0,69.0,-69.0,0.0,0.0,40.0,-40.0,0.0,0.0,0.4319444444444444,0.650994575045208,0.3960720130932897,0.6073558648111332,concordant,concordant,-0.0358724313511547,-0.0436387102340747,9,89,760,31,686,886,872,226,426,1758,849,38.47554038680318,-671,10.045146726862303,717,12.0967007963595,-655,0.5421455938697318,-200,78,805,35,616,830,895,192,527,1725,883,36.4,-727,9.397590361445783,651,12.498550724637681,-581,0.575619295958279,-335
E02000807,Southwark,8,8,16.721401709370863,13.79343860613389,711.0,736.0,0.7240325865580448,0.7494908350305499,0.0254582484725051,-2.927963103236973,78.0,885.0,1009,1072,2081,963.0,33.171552138395,-807.0,7.730426164519326,55.0,1059.0,1120,1232,2352,1114.0,24.7640306122449,-1004.0,4.910714285714286,109.0,889.0,998.0,46.564632388274866,-780.0,10.167910447761194,105.0,1004.0,1109.0,44.82142857142857,-899.0,8.522727272727272,-910.0,91.0,1001.0,-197.0,151.0,-8.407521526150102,-2.81971187880504,-119.0,111.0,-1.7432038168462969,-1.6451831750339228,0.4910759816420194,0.9423354156655456,0.5011246063877642,0.9451530612244898,concordant,concordant,0.0100486247457448,0.0028176455589443,6,84,881,139,889,1401,1340,392,268,2741,965,26.998905508938343,-797,5.995717344753747,1028,45.08245165997811,-750,0.48419468138484695,124,70,1047,125,999,1390,1704,270,472,3094,1117,23.687782805429865,-977,5.0359712230215825,1124,40.36037491919845,-874,0.49843819723337796,-202
E02000808,Southwark,6,6,23.651842900461435,19.593475997295467,507.0,552.0,0.5162932790224033,0.5621181262729125,0.0458248472505091,-4.058366903165968,294.0,1103.0,1204,1586,2790,1397.0,116.23010752688172,-809.0,24.418604651162788,346.0,1345.0,1729,2027,3756,1691.0,123.90042598509052,-999.0,20.01156737998843,293.0,753.0,1046.0,79.07849462365591,-460.0,18.474148802017652,443.0,1070.0,1513.0,126.2007454739084,-627.0,21.85495806610755,-696.0,476.0,1172.0,-190.0,294.0,7.670318458208797,-4.407037271174357,-167.0,467.0,47.122250850252485,3.3808092640898977,0.5718379042161277,0.8756272401433691,0.5277777777777778,0.853035143769968,concordant,concordant,-0.0440601264383498,-0.022592096373401,4,1048,956,683,654,1895,1930,691,344,3825,2004,261.9315032679739,92,55.30343007915567,1337,116.77960784313726,29,0.599820413049985,347,1266,1173,1065,957,2448,2543,719,516,4991,2439,297.53917050691246,93,51.71568627450981,2022,204.2085754357844,108,0.5467383994620041,203
E02000809,Southwark,4,7,31.444335967221257,15.799870955548837,327.0,671.0,0.3329938900203666,0.6832993890020367,0.35030549898167,-15.644465011672422,844.0,646.0,1531,1846,3377,1490.0,161.4521764880071,198.0,55.12736773350751,845.0,721.0,1963,1974,3937,1566.0,154.748539497079,124.0,43.04635761589404,948.0,485.0,1433.0,136.15042937518507,463.0,51.35427952329361,1010.0,796.0,1806.0,204.2062484124968,214.0,51.16514690982776,-1082.0,308.0,1390.0,-74.0,76.0,-6.703636990928089,-12.081010117613474,-249.0,373.0,68.05581903731172,-0.1891326134658513,0.5097502565856996,0.8655611489487711,0.4644128113879003,0.856489712979426,concordant,concordant,-0.0453374451977992,-0.0090714359693451,3,1440,641,1281,481,2213,2270,682,424,4483,2081,205.89783627035467,799,65.07004066877542,1762,137.44389917465983,800,0.541504033307312,258,1282,717,1597,786,2492,2683,529,709,5175,1999,177.62202898550726,565,51.4446227929374,2383,242.55884057971014,811,0.45618439068918304,-180
E02000810,Southwark,3,4,33.60626967519685,26.1410659076331,269.0,326.0,0.2739307535641548,0.3319755600814664,0.0580448065173115,-7.46520376756375,648.0,303.0,1107,1040,2147,951.0,91.45039590125756,345.0,58.536585365853654,706.0,341.0,1228,1192,2420,1047.0,99.48181818181818,365.0,57.49185667752443,547.0,307.0,854.0,78.21564974382859,240.0,52.59615384615385,722.0,372.0,1094.0,110.98512396694215,350.0,60.570469798657726,61.0,534.0,473.0,20.0,96.0,8.03142228056062,-1.0447286883292222,110.0,240.0,32.76947422311356,7.974315952503879,0.5268698060941829,0.8407079646017699,0.4890238206445586,0.8847107438016529,concordant,concordant,-0.0378459854496242,0.044002779199883,2,933,71,724,116,1386,1215,279,175,2601,1004,25.468281430219147,862,67.31601731601732,840,32.289119569396384,608,0.544468546637744,104,979,126,1159,171,1497,1625,269,433,3122,1105,39.511210762331835,853,65.39746158984636,1330,63.481422165278666,988,0.4537987679671458,-164
E02000812,Southwark,4,3,30.111717563654032,27.739778540530377,362.0,275.0,0.3686354378818737,0.280040733197556,-0.0885947046843177,-2.371939023123659,731.0,741.0,1414,1627,3041,1472.0,178.12265702071687,-10.0,51.6973125884017,574.0,658.0,1297,1566,2863,1232.0,131.92176039119803,-84.0,44.25597532767926,620.0,513.0,1133.0,104.59059519894772,107.0,38.10694529809465,612.0,531.0,1143.0,113.50750960530912,81.0,39.08045977011494,421.0,787.0,366.0,-74.0,-240.0,-46.20089662951884,-7.441337260722442,-26.0,10.0,8.9169144063614,0.9735144720202912,0.5650671785028791,0.856626109832292,0.5187368421052632,0.829549423681453,divergent,divergent,-0.0463303363976159,-0.027076686150839,3,1201,737,839,511,1946,1895,532,268,3841,1938,230.4444155167925,464,61.716341212744084,1350,111.61910960687321,328,0.5894160583941606,264,899,653,1027,527,1699,2054,402,488,3753,1552,156.42073008260058,246,52.91347851677457,1554,144.21236344257926,500,0.4996780424983902,-86
E02000813,Southwark,4,3,30.990242380398097,27.199347715983244,338.0,293.0,0.3441955193482688,0.2983706720977597,-0.0458248472505091,-3.79089466441485,440.0,391.0,1108,866,1974,831.0,87.15298885511652,49.0,39.71119133574007,479.0,565.0,1296,1274,2570,1044.0,105.30544747081711,-86.0,36.95987654320987,364.0,525.0,889.0,96.80851063829788,-161.0,42.032332563510394,561.0,631.0,1192.0,137.73968871595332,-70.0,44.03453689167975,451.0,721.0,270.0,-135.0,213.0,18.152458615700596,-2.751314792530195,91.0,303.0,40.931178077655446,2.0022043281693556,0.4831395348837209,0.8713272543059777,0.4669051878354204,0.8700389105058366,divergent,concordant,-0.0162343470483005,-0.001288343800141,3,598,389,529,516,1320,1057,212,191,2377,987,97.86369373159445,209,45.3030303030303,1045,114.83550694152292,13,0.48572834645669294,21,669,564,860,631,1530,1605,234,331,3135,1233,120.35598086124402,105,43.72549019607843,1491,173.09728867623605,229,0.4526431718061674,-97
E02000814,Southwark,6,6,22.14248397942672,20.197261524920233,554.0,531.0,0.5641547861507128,0.5407331975560081,-0.0234215885947046,-1.945222454506489,261.0,764.0,1036,1269,2305,1025.0,86.50932754880694,-503.0,25.19305019305019,327.0,817.0,1400,1276,2676,1144.0,99.83520179372198,-490.0,23.357142857142858,400.0,667.0,1067.0,115.74837310195228,-267.0,31.520882584712375,337.0,960.0,1297.0,120.89686098654708,-623.0,26.410658307210035,-349.0,380.0,729.0,13.0,119.0,13.325874244915042,-1.8359073359073328,-356.0,230.0,5.1484878845948,-5.11022427750234,0.4899617590822179,0.9075921908893708,0.4686603850880786,0.9121823617339312,concordant,concordant,-0.0213013739941392,0.0045901708445602,4,799,719,671,624,1545,1521,509,252,3066,1518,187.37149380300065,80,51.715210355987054,1295,136.56360078277888,47,0.5396373977959474,257,590,770,939,924,1649,1865,249,589,3514,1360,129.28286852589642,-180,35.77926015767132,1863,246.90836653386455,15,0.4219671113869066,-340
E02000815,Southwark,6,4,21.407469716684155,26.75764314942853,581.0,305.0,0.5916496945010183,0.3105906313645621,-0.2810590631364562,5.350173432744377,146.0,1079.0,855,1390,2245,1225.0,70.17104677060134,-933.0,17.076023391812868,169.0,1210.0,1360,1688,3048,1379.0,67.08989501312335,-1041.0,12.426470588235292,163.0,618.0,781.0,44.87037861915368,-455.0,11.726618705035971,199.0,1025.0,1224.0,66.92093175853019,-826.0,11.78909952606635,-224.0,531.0,755.0,-108.0,154.0,-3.0811517574779828,-4.649552803577576,-371.0,443.0,22.050553139376504,0.0624808210303786,0.6106679960119641,0.8935412026726058,0.5297733384556281,0.854002624671916,concordant,concordant,-0.0808946575563359,-0.0395385780006898,5,813,1213,273,699,1561,1549,706,159,3110,2026,317.0961414790997,-400,52.081998718770016,972,61.35916398713827,-426,0.675783855903936,547,671,1480,494,1177,1916,2036,556,348,3952,2151,251.28542510121457,-809,35.020876826722336,1671,147.125,-683,0.5627943485086342,208
E02000816,Southwark,3,3,34.295673482251466,28.85131911720847,250.0,236.0,0.2545824847250509,0.240325865580448,-0.0142566191446028,-5.444354365042997,512.0,246.0,1097,870,1967,758.0,64.03253685815963,266.0,46.672743846855056,553.0,401.0,1103,1095,2198,954.0,100.88853503184713,152.0,50.13599274705349,485.0,394.0,879.0,97.14794102694458,91.0,55.74712643678161,521.0,399.0,920.0,94.57643312101912,122.0,47.57990867579909,166.0,510.0,344.0,-114.0,196.0,36.855998173687496,3.463248900198437,31.0,41.0,-2.5715079059254577,-8.167217760982524,0.4630421502748931,0.8322318251143874,0.5090715048025614,0.8525932666060054,concordant,concordant,0.0460293545276682,0.020361441491618,2,684,65,663,106,1263,1039,166,169,2302,749,19.313640312771504,619,54.156769596199524,769,30.52910512597741,557,0.49341238471673254,-3,747,152,854,167,1293,1427,190,332,2720,899,41.74411764705882,595,57.772621809744784,1021,52.433088235294115,687,0.46822916666666664,-142
E02000817,Southwark,2,1,38.83776648444719,34.55739054899235,153.0,87.0,0.1558044806517311,0.0885947046843177,-0.0672097759674134,-4.280375935454835,501.0,30.0,690,709,1399,531.0,10.743388134381702,471.0,72.60869565217392,508.0,59.0,690,652,1342,567.0,22.33383010432191,449.0,73.62318840579711,531.0,32.0,563.0,12.145818441744105,499.0,74.89421720733426,473.0,67.0,540.0,23.614754098360656,406.0,72.54601226993866,613.0,613.0,0.0,-22.0,36.0,11.590441969940208,1.0144927536231876,-93.0,-23.0,11.468935656616551,-2.3482049373956073,0.4853747714808044,0.781987133666905,0.5121951219512195,0.8248882265275708,concordant,concordant,0.0268203504704151,0.0429010928606657,2,439,39,491,50,783,829,93,120,1612,478,10.620967741935484,400,56.06641123882503,541,15.22952853598015,441,0.4690873405299313,-27,487,71,552,82,798,850,108,198,1648,558,20.98118932038835,416,61.02756892230576,634,27.466019417475728,470,0.46812080536912754,-90
E02000818,Southwark,2,1,38.56709349009442,34.455332292073415,156.0,91.0,0.1588594704684317,0.0926680244399185,-0.0661914460285132,-4.111761198021007,686.0,50.0,930,939,1869,736.0,18.35205992509363,636.0,73.76344086021506,950.0,102.0,1339,1193,2532,1052.0,38.27014218009479,848.0,70.94846900672144,662.0,64.0,726.0,22.66880684858213,598.0,70.50053248136315,873.0,125.0,998.0,43.09834123222749,748.0,73.17686504610226,1181.0,1181.0,0.0,212.0,316.0,19.918082255001156,-2.814971853493617,150.0,272.0,20.42953438364536,2.6763325647391127,0.5034199726402189,0.7822364901016586,0.5131707317073171,0.8096366508688784,concordant,concordant,0.0097507590670982,0.0274001607672197,2,754,69,697,83,1186,1143,256,204,2329,823,22.338342636324604,685,63.57504215851601,780,24.83941605839416,614,0.5134123518402994,52,1046,130,1003,145,1643,1530,304,337,3173,1176,42.85534194768358,916,63.664029214850885,1148,45.83517176173968,858,0.5060240963855421,-33
E02000819,Southwark,2,2,38.131830834636204,31.00217933545744,164.0,177.0,0.1670061099796334,0.180244399185336,0.0132382892057026,-7.129651499178763,612.0,61.0,867,919,1786,673.0,20.902575587905936,551.0,70.58823529411765,525.0,77.0,808,1025,1833,602.0,22.054009819967263,448.0,64.97524752475248,615.0,57.0,672.0,19.627659574468087,558.0,66.92056583242655,676.0,74.0,750.0,27.29078014184397,602.0,65.95121951219512,389.0,534.0,145.0,-103.0,-71.0,1.151434232061327,-5.612987769365176,44.0,78.0,7.663120567375884,-0.9693463202314234,0.5003717472118959,0.7530795072788354,0.4452662721893491,0.7375886524822695,concordant,concordant,-0.0551054750225468,-0.0154908547965659,2,670,98,631,82,1076,1117,209,198,2193,768,29.940720474236205,572,62.26765799256505,713,23.594163246694027,549,0.5185685347738015,11,509,111,751,93,974,1285,166,260,2259,620,25.01062416998672,398,52.25872689938398,844,30.91766268260292,658,0.42349726775956287,-94
E02000820,Southwark,4,3,30.542049941582583,27.40824322691107,350.0,287.0,0.3564154786150713,0.2922606924643584,-0.0641547861507128,-3.1338067146715147,455.0,541.0,1159,1039,2198,996.0,111.9904458598726,-86.0,39.25798101811907,433.0,611.0,1056,1280,2336,1044.0,113.2547089041096,-178.0,41.003787878787875,351.0,538.0,889.0,85.91355777979982,-187.0,33.78248315688162,480.0,473.0,953.0,97.1917808219178,7.0,37.5,255.0,585.0,330.0,-92.0,48.0,1.264263044237012,1.7458068606688073,194.0,64.0,11.278223042117986,3.717516843118382,0.5283819628647215,0.8575978161965423,0.5227841762643965,0.8548801369863014,concordant,divergent,-0.0055977866003249,-0.0027176792102409,3,762,541,453,532,1532,1207,373,168,2739,1303,150.50821467688937,221,49.73890339425587,985,87.986856516977,-79,0.569493006993007,205,704,608,765,468,1387,1656,331,376,3043,1312,140.661189615511,96,50.75702956020187,1233,117.6536312849162,297,0.5155206286836935,-45
E02000821,Southwark,2,1,37.35290342475554,39.2690625,180.0,31.0,0.1832993890020366,0.0315682281059063,-0.1517311608961303,1.9161590752444584,554.0,48.0,875,855,1730,602.0,15.371098265895954,506.0,63.31428571428571,497.0,75.0,755,1081,1836,572.0,20.302287581699343,422.0,65.82781456953643,533.0,26.0,559.0,8.010404624277456,507.0,62.3391812865497,621.0,62.0,683.0,20.970588235294116,559.0,57.446808510638306,658.0,658.0,0.0,-84.0,-30.0,4.931189315803389,2.513528855250719,52.0,124.0,12.96018361101666,-4.892372775911397,0.5185185185185185,0.6710982658959538,0.4557768924302788,0.6835511982570807,concordant,concordant,-0.0627416260882396,0.0124529323611268,2,543,75,555,48,1017,1020,142,165,2037,618,19.992636229749632,468,53.392330383480825,603,13.078055964653903,507,0.5061425061425061,-23,431,123,638,72,845,1280,90,199,2125,554,24.947294117647058,308,51.005917159763314,710,21.61694117647059,566,0.43829113924050633,-109
E02000822,Southwark,2,2,36.401005691036865,33.17434969156957,195.0,120.0,0.1985743380855397,0.1221995926680244,-0.0763747454175152,-3.2266559994672974,619.0,50.0,893,1048,1941,669.0,15.94538897475528,569.0,69.31690929451287,400.0,70.0,628,759,1387,470.0,20.187454938716655,330.0,63.69426751592356,688.0,20.0,708.0,7.0891293147861925,668.0,65.64885496183206,488.0,45.0,533.0,15.832732516222062,443.0,64.29512516469038,208.0,374.0,166.0,-239.0,-199.0,4.242065963961375,-5.622641778589305,-225.0,-175.0,8.74360320143587,-1.353729797141682,0.485838779956427,0.7094281298299846,0.4685942173479561,0.7231434751261716,concordant,concordant,-0.0172445626084708,0.013715345296187,2,525,77,669,76,1048,1206,155,158,2254,602,17.934782608695652,448,50.09541984732825,745,22.55723158828749,593,0.44691907943578324,-3,395,93,629,59,751,1032,123,273,1783,488,20.602916432978127,302,52.5965379494008,688,20.813796971396524,570,0.41496598639455784,-150
E02000823,Southwark,3,3,32.92859056252425,28.614544499595983,287.0,244.0,0.2922606924643584,0.2484725050916497,-0.0437881873727087,-4.314046062928266,434.0,362.0,852,1050,1902,796.0,82.60147213459517,72.0,50.93896713615024,475.0,302.0,856,968,1824,777.0,78.64583333333333,173.0,55.49065420560749,537.0,258.0,795.0,72.84227129337539,279.0,51.142857142857146,523.0,273.0,796.0,78.2779605263158,250.0,54.02892561983471,139.0,437.0,298.0,101.0,-19.0,-3.9556388012618418,4.551687069457252,-29.0,1.0,5.435689232940405,2.886068476977563,0.5003142677561282,0.8364879074658255,0.4939605848696757,0.862390350877193,concordant,concordant,-0.0063536828864524,0.0259024434113674,2,667,89,711,73,1082,1220,230,170,2302,756,25.787576020851432,578,61.645101663585955,784,22.546915725456124,638,0.4909090909090909,60,660,100,809,76,1039,1253,183,285,2292,760,28.79581151832461,560,63.52261790182868,885,26.82547993019197,733,0.46200607902735563,-102
E02000824,Southwark,2,2,37.357020068979935,31.90757239123972,179.0,152.0,0.1822810590631364,0.1547861507128309,-0.0274949083503055,-5.449447677740213,560.0,39.0,950,952,1902,599.0,11.482649842271291,521.0,58.94736842105262,542.0,116.0,795,923,1718,658.0,36.59604190919674,426.0,68.17610062893081,599.0,42.0,641.0,13.227129337539433,557.0,62.92016806722689,603.0,36.0,639.0,12.635622817229336,567.0,65.33044420368364,351.0,503.0,152.0,-95.0,59.0,25.11339206692545,9.228732207878188,10.0,-2.0,-0.5915065203100962,2.4102761364567513,0.4830645161290323,0.6519453207150369,0.5073245952197378,0.7549476135040745,concordant,concordant,0.0242600790907055,0.1030022927890376,2,491,73,576,97,1080,1113,130,161,2193,564,16.344277245782035,418,45.46296296296296,673,25.477428180574556,479,0.4559417946645109,-31,504,144,748,57,918,1193,123,270,2111,648,34.37991473235434,360,54.90196078431373,805,20.197063003315964,691,0.4459738472126635,-147
E02000825,Southwark,2,2,38.31635532490414,33.30122310341229,160.0,115.0,0.1629327902240326,0.1171079429735234,-0.0458248472505091,-5.015132221491847,607.0,37.0,972,870,1842,644.0,12.19272529858849,570.0,62.44855967078189,430.0,67.0,627,790,1417,497.0,20.331686661961893,363.0,68.58054226475278,586.0,40.0,626.0,12.725298588490771,546.0,67.35632183908045,567.0,42.0,609.0,16.80592801693719,525.0,71.77215189873418,302.0,420.0,118.0,-207.0,-147.0,8.138961363373403,6.131982593970889,-21.0,-17.0,4.08062942844642,4.415830059653729,0.5070866141732283,0.6894679695982627,0.4493670886075949,0.7805222300635145,concordant,concordant,-0.0577195255656333,0.0910542604652517,2,558,71,577,83,1091,1052,119,182,2143,629,18.48716752216519,487,51.14573785517873,660,22.34764349043397,494,0.48797517455391776,-63,600,80,756,58,885,1101,258,311,1986,680,24.169184290030213,520,67.79661016949152,814,22.078549848942597,698,0.45515394912985274,-53
E02000826,Southwark,4,3,30.641559356435646,29.955234077659224,345.0,203.0,0.3513238289205703,0.2067209775967413,-0.1446028513238289,-0.6863252787764225,310.0,531.0,946,1033,1979,841.0,83.17837291561395,-221.0,32.76955602536998,347.0,537.0,931,1092,2023,884.0,92.1102323282254,-190.0,37.27175080558539,402.0,483.0,885.0,98.11318847902982,-81.0,38.915779283639885,368.0,440.0,808.0,80.03954522985664,-72.0,33.6996336996337,69.0,464.0,395.0,31.0,43.0,8.931859412611445,4.502194780215412,9.0,-77.0,-18.073643249173173,-5.216145584006185,0.4872537659327925,0.8721576553815058,0.5224586288416075,0.8363816114681166,concordant,concordant,0.0352048629088149,-0.0357760439133891,3,480,530,517,479,1197,1242,251,209,2439,1010,104.3050430504305,-50,40.100250626566414,996,101.53464534645346,38,0.5034895314057827,42,539,535,683,438,1207,1459,276,367,2666,1074,108.16391597899475,4,44.656172328086164,1121,112.21080270067517,245,0.48929384965831435,-91
E02000827,Southwark,3,2,35.579618468964185,31.281899626219342,209.0,167.0,0.2128309572301425,0.170061099796334,-0.0427698574338085,-4.297718842744839,596.0,373.0,1128,1163,2291,969.0,97.0353557398516,223.0,52.83687943262411,507.0,341.0,944,1152,2096,848.0,82.48425572519083,166.0,53.70762711864406,592.0,352.0,944.0,90.95766041030116,240.0,50.90283748925194,636.0,326.0,962.0,98.91984732824427,310.0,55.208333333333336,452.0,637.0,185.0,-57.0,-121.0,-14.55110001466076,0.8707476860199534,70.0,18.0,7.962186917943114,4.305495844081399,0.5065342394145321,0.8350065473592317,0.4685082872928177,0.8635496183206107,concordant,concordant,-0.0380259521217144,0.0285430709613789,2,811,88,786,79,1331,1356,203,193,2687,899,26.560476367696317,723,60.93163035311796,865,23.10904354298474,707,0.5096371882086168,10,698,105,978,88,1134,1488,190,336,2622,803,27.951945080091534,593,61.552028218694886,1066,32.82379862700229,890,0.42964151952915997,-146
E02000828,Southwark,2,1,37.685120276063095,35.42614427570094,172.0,73.0,0.175152749490835,0.0743380855397148,-0.1008146639511201,-2.2589760003621535,570.0,54.0,888,940,1828,624.0,16.838074398249454,516.0,64.1891891891892,665.0,83.0,1013,1094,2107,748.0,26.196013289036543,582.0,65.64659427443237,621.0,40.0,661.0,13.588621444201314,581.0,66.06382978723404,765.0,60.0,825.0,21.78452776459421,705.0,69.92687385740403,824.0,824.0,0.0,66.0,124.0,9.35793889078709,1.457405085243181,124.0,164.0,8.195906320392895,3.863044070169991,0.4856031128404669,0.7029540481400438,0.4755244755244755,0.7465590887517798,concordant,concordant,-0.0100786373159914,0.0436050406117359,2,564,109,602,91,1009,1108,121,168,2117,673,29.039206424185167,455,55.89692765113974,693,25.87718469532357,511,0.49267935578330896,-47,717,140,880,104,1198,1395,185,301,2593,857,38.71191669880447,577,59.849749582637735,984,35.2950250674894,776,0.465507876154264,-116
E02000829,Southwark,2,1,42.28029318702474,34.771462364652464,105.0,82.0,0.1069246435845213,0.0835030549898167,-0.0234215885947046,-7.508830822372275,948.0,64.0,1330,1348,2678,1012.0,22.655713218820015,884.0,71.2781954887218,752.0,101.0,1128,1270,2398,853.0,31.673060884070058,651.0,66.66666666666666,925.0,83.0,1008.0,28.668782673637043,842.0,68.62017804154303,927.0,93.0,1020.0,35.9512093411176,834.0,72.99212598425197,944.0,944.0,0.0,-233.0,-159.0,9.017347665250044,-4.611528822055149,-8.0,12.0,7.282426667480554,4.3719479427089425,0.500990099009901,0.7542942494398805,0.4554191137213027,0.781067556296914,concordant,concordant,-0.0455709852885982,0.0267733068570334,1,1455,0,1476,0,1545,1548,215,200,3093,1455,0.0,1455,94.1747572815534,1476,0.0,1476,0.49641760491299897,15,1199,0,1506,0,1300,1612,172,342,2912,1199,0.0,1199,92.23076923076923,1506,0.0,1506,0.44325323475046213,-170
E02000830,Southwark,5,6,28.29956874408117,20.01590472084501,400.0,535.0,0.4073319755600815,0.544806517311609,0.1374745417515275,-8.28366402323616,319.0,592.0,1036,1100,2136,911.0,88.4119850187266,-273.0,30.79150579150579,271.0,717.0,1091,1239,2330,988.0,83.39356223175966,-446.0,24.839596700274974,313.0,578.0,891.0,84.69756554307116,-265.0,28.454545454545453,315.0,653.0,968.0,88.28111587982832,-338.0,25.42372881355932,-603.0,210.0,813.0,-173.0,77.0,-5.018422786966937,-5.951909091230817,-73.0,77.0,3.583550336757156,-3.030816640986135,0.5055493895671476,0.8436329588014981,0.5051124744376279,0.8394849785407725,concordant,concordant,-0.0004369151295197,-0.0041479802607256,3,700,415,748,377,1326,1396,290,296,2722,1115,106.72299779573842,285,52.79034690799397,1125,103.59882439382807,371,0.49776785714285715,-6,610,482,867,455,1340,1657,249,418,2997,1092,98.10477143810478,128,45.52238805970149,1322,131.62662662662663,412,0.4523612261806131,-169
E02000831,Southwark,4,4,32.189267720196206,24.73823730695468,308.0,364.0,0.3136456211812627,0.3706720977596741,0.0570264765784114,-7.451030413241526,556.0,473.0,1084,1105,2189,1029.0,120.14070351758794,83.0,51.291512915129154,496.0,506.0,1130,1146,2276,1002.0,110.27065026362038,-10.0,43.89380530973451,471.0,385.0,856.0,82.8391959798995,86.0,42.62443438914027,476.0,456.0,932.0,95.36731107205624,20.0,41.53577661431064,-16.0,508.0,524.0,-93.0,-27.0,-9.870053253967557,-7.397707605394643,-66.0,76.0,12.52811509215674,-1.0886577748296276,0.5458885941644562,0.8611238008222933,0.5180972078593589,0.8497363796133568,concordant,divergent,-0.0277913863050973,-0.0113874212089365,3,685,473,611,384,1311,1335,227,230,2646,1158,122.45086923658353,212,52.250190694126616,995,88.67120181405896,227,0.5378541569902462,-3,577,505,898,452,1313,1668,183,522,2981,1082,97.74740020127474,72,43.945163747143944,1350,136.1610197920161,446,0.4449013157894737,-339
E02000832,Southwark,3,3,34.78922911847389,30.13412445108848,234.0,201.0,0.2382892057026476,0.2046843177189409,-0.0336048879837067,-4.655104667385412,630.0,350.0,1091,1007,2098,980.0,105.10009532888463,280.0,57.74518790100826,507.0,206.0,856,918,1774,713.0,58.87373167981961,301.0,59.228971962616825,539.0,323.0,862.0,82.98236415633937,216.0,53.525322740814296,592.0,240.0,832.0,80.0901916572717,352.0,64.4880174291939,242.0,489.0,247.0,21.0,-267.0,-46.22636364906502,1.4837840616085671,136.0,-30.0,-2.89217249906767,10.962694688379608,0.5320304017372421,0.8779790276453765,0.4614886731391586,0.870913190529876,concordant,concordant,-0.0705417285980835,-0.0070658371155004,2,781,116,710,116,1237,1178,146,171,2415,897,37.51387163561077,665,63.13662085691188,826,34.10351966873706,594,0.5206035983749274,-25,640,91,952,106,987,1277,131,359,2264,731,25.724381625441698,549,64.84295845997974,1058,44.57243816254417,846,0.4086081609837898,-228
E02000833,Southwark,5,6,24.44702274274662,19.449354970760233,477.0,558.0,0.4857433808553971,0.5682281059063137,0.0824847250509165,-4.997667771986386,246.0,596.0,847,1000,1847,842.0,79.38061721710882,-350.0,29.043683589138137,161.0,433.0,564,828,1392,594.0,50.08117816091954,-272.0,28.54609929078014,207.0,429.0,636.0,48.07958852192745,-222.0,20.7,247.0,315.0,562.0,55.894396551724135,-68.0,29.830917874396135,-368.0,123.0,491.0,78.0,-248.0,-29.29943905618928,-0.4975842983579959,154.0,-74.0,7.814808029796687,9.130917874396136,0.5696887686062246,0.8002165674066053,0.513840830449827,0.8304597701149425,concordant,concordant,-0.0558479381563976,0.0302432027083372,4,481,724,289,534,1189,1182,342,182,2371,1205,146.8764234500211,-243,40.45416316232128,823,65.08899198650359,-245,0.5941814595660749,160,221,499,441,382,688,1127,124,299,1815,720,60.75977961432507,-278,32.122093023255815,823,92.81652892561983,59,0.4666234607906675,-175
E02000834,Southwark,6,6,22.027067208392214,18.201275478369386,559.0,588.0,0.5692464358452138,0.5987780040733197,0.0295315682281058,-3.825791730022829,264.0,711.0,1102,1138,2240,975.0,83.79642857142858,-447.0,23.95644283121597,187.0,638.0,1171,1007,2178,825.0,54.77777777777778,-451.0,15.96925704526046,258.0,666.0,924.0,76.70892857142857,-408.0,22.671353251318106,222.0,821.0,1043.0,83.6831955922865,-599.0,22.045680238331677,-208.0,293.0,501.0,-4.0,-150.0,-29.0186507936508,-7.987185785955511,-191.0,119.0,6.974267020857923,-0.6256730129864287,0.5134281200631912,0.8477678571428572,0.4416488222698073,0.8576675849403123,concordant,concordant,-0.0717792977933838,0.009899727797455,4,587,641,587,583,1410,1450,308,312,2860,1228,131.56188811188812,-54,41.63120567375886,1170,119.6576923076923,4,0.51209341117598,-4,371,569,711,728,1344,1484,173,477,2828,940,74.64603960396039,-198,27.604166666666668,1439,183.02970297029702,-17,0.39512400168137873,-304
E02000835,Southwark,5,6,26.954976417910448,20.375276356192423,430.0,524.0,0.4378818737270876,0.5336048879837068,0.0957230142566191,-6.579700061718025,261.0,312.0,833,547,1380,573.0,59.00869565217391,-51.0,31.33253301320528,187.0,318.0,597,621,1218,505.0,48.82266009852217,-131.0,31.32328308207705,180.0,470.0,650.0,61.30434782608695,-290.0,32.90676416819013,217.0,328.0,545.0,58.4367816091954,-111.0,34.94363929146538,-236.0,136.0,372.0,-80.0,-68.0,-10.186035553651742,-0.0092499311282274,179.0,-105.0,-2.8675662168915537,2.0368751232752516,0.4685200327064595,0.886231884057971,0.4809523809523809,0.8620689655172413,concordant,concordant,0.0124323482459214,-0.0241629185407297,3,446,199,391,331,957,721,124,174,1678,645,52.892729439809294,247,46.603970741901776,722,77.12812872467222,60,0.4718361375274323,-50,314,222,564,222,681,923,84,302,1604,536,43.45885286783042,92,46.1086637298091,786,78.05985037406484,342,0.405446293494705,-218
E02000836,Southwark,7,8,18.824234547330096,14.233004159733778,644.0,725.0,0.6558044806517311,0.7382892057026477,0.0824847250509165,-4.591230387596319,144.0,791.0,888,947,1835,935.0,62.07302452316076,-647.0,16.216216216216218,117.0,639.0,925,815,1740,756.0,42.967241379310344,-522.0,12.64864864864865,113.0,698.0,811.0,42.983106267029974,-585.0,11.932418162618797,155.0,766.0,921.0,68.23563218390805,-611.0,19.018404907975462,-544.0,101.0,645.0,125.0,-179.0,-19.105783143850417,-3.5675675675675684,-26.0,110.0,25.25252591687808,7.085986745356665,0.5355097365406644,0.9514986376021798,0.4508050089445438,0.9637931034482758,concordant,concordant,-0.0847047275961205,0.012294465846096,5,336,784,343,684,1074,1172,186,225,2246,1120,117.28584149599287,-448,31.28491620111732,1027,104.45770258236865,-341,0.5216581276199348,-39,241,627,642,755,1042,1302,117,487,2344,868,64.46544368600682,-386,23.128598848368522,1397,206.78754266211604,-113,0.38322295805739515,-370
E02000837,Southwark,8,9,14.15300029543203,9.928760901778157,769.0,861.0,0.7830957230142567,0.8767820773930753,0.0936863543788186,-4.224239393653875,40.0,663.0,780,730,1510,703.0,17.56291390728477,-623.0,5.128205128205128,38.0,606.0,665,687,1352,644.0,17.032544378698226,-568.0,5.714285714285714,43.0,698.0,741.0,19.87682119205298,-655.0,5.89041095890411,33.0,599.0,632.0,14.620562130177516,-566.0,4.8034934497816595,-616.0,27.0,643.0,55.0,-59.0,-0.5303695285865437,0.5860805860805867,89.0,-109.0,-5.256259061875463,-1.0869175091224506,0.4868421052631579,0.9562913907284768,0.5047021943573667,0.9437869822485208,concordant,concordant,0.0178600890942088,-0.012504408479956,7,25,1035,39,913,962,1085,182,355,2047,1060,12.640449438202246,-1010,2.598752598752599,952,17.394723986321445,-874,0.5268389662027833,-173,29,1048,33,741,782,1093,117,406,1875,1077,16.209066666666665,-1019,3.70843989769821,774,13.0416,-708,0.5818476499189628,-289
E02000838,Southwark,6,7,22.849391428104575,17.231005382131322,538.0,620.0,0.5478615071283096,0.6313645621181263,0.0835030549898167,-5.618386045973253,227.0,576.0,1005,894,1899,803.0,68.85308056872037,-349.0,22.587064676616915,201.0,684.0,907,1063,1970,885.0,69.78883248730965,-483.0,22.160970231532527,179.0,620.0,799.0,58.44128488678252,-441.0,20.02237136465324,223.0,546.0,769.0,61.80609137055838,-323.0,20.978363123236125,-601.0,200.0,801.0,-134.0,82.0,0.9357519185892756,-0.426094445084388,118.0,-30.0,3.3648064837758582,0.9559917585828864,0.5012484394506866,0.8436018957345972,0.5350665054413543,0.8395939086294416,concordant,concordant,0.0338180659906676,-0.0040079871051555,4,467,513,527,538,1225,1235,220,341,2460,980,97.38658536585366,-46,38.12244897959184,1065,115.25447154471544,-11,0.4792176039119804,-121,352,594,754,473,1043,1579,136,516,2622,946,79.74370709382151,-242,33.74880153403643,1227,136.01906941266208,281,0.4353428439944777,-380
E02000839,Southwark,6,6,22.34137574041812,20.295187232481343,550.0,527.0,0.560081466395112,0.5366598778004074,-0.0234215885947046,-2.0461885079367725,164.0,475.0,757,712,1469,639.0,53.02927161334241,-311.0,21.66446499339498,167.0,366.0,647,597,1244,533.0,49.133440514469456,-199.0,25.811437403400312,181.0,520.0,701.0,64.070796460177,-339.0,25.42134831460674,186.0,416.0,602.0,62.19935691318328,-230.0,31.155778894472363,-168.0,182.0,350.0,112.0,-106.0,-3.8958310988729536,4.146972410005333,109.0,-99.0,-1.871439546993713,5.734430579865624,0.476865671641791,0.9121851599727706,0.4696035242290748,0.912379421221865,concordant,concordant,-0.0072621474127161,0.0001942612490943,4,317,388,401,458,894,923,137,211,1817,705,67.69179966978535,-71,35.4586129753915,859,101.07760044028619,-57,0.45076726342711,-74,290,333,518,345,769,920,122,323,1689,623,57.175843694493786,-43,37.711313394018205,863,105.80817051509769,173,0.41924629878869446,-201
E02000840,Sutton,4,2,32.001781977726104,31.984739064149174,312.0,151.0,0.3177189409368635,0.1537678207739307,-0.1639511201629327,-0.0170429135769296,394.0,23.0,471,403,874,417.0,10.36842105263158,371.0,83.65180467091295,450.0,15.0,554,386,940,465.0,7.180851063829787,435.0,81.2274368231047,349.0,22.0,371.0,8.784897025171624,327.0,86.60049627791562,334.0,55.0,389.0,19.54255319148936,279.0,86.52849740932642,504.0,510.0,6.0,64.0,48.0,-3.187569988801793,-2.424367847808256,-48.0,18.0,10.757656166317735,-0.0719988685892047,0.5291878172588832,0.9016018306636157,0.544496487119438,0.9085106382978724,concordant,concordant,0.0153086698605547,0.0069088076342568,3,440,23,445,22,566,531,95,128,1097,463,9.225159525979945,417,77.73851590106007,467,8.924339106654513,423,0.4978494623655914,-33,483,15,539,55,639,620,85,234,1259,498,5.754567116759333,468,75.5868544600939,594,23.546465448768863,484,0.45604395604395603,-149
E02000841,Sutton,5,3,28.11384157780071,28.15254250082048,407.0,258.0,0.4144602851323828,0.2627291242362525,-0.1517311608961303,0.0387009230197712,422.0,111.0,557,512,1069,533.0,43.81852198316184,311.0,75.76301615798923,334.0,77.0,469,435,904,411.0,28.449115044247787,257.0,71.21535181236673,381.0,100.0,481.0,35.64078578110384,281.0,74.4140625,322.0,92.0,414.0,32.769911504424776,230.0,74.02298850574712,359.0,400.0,41.0,-54.0,-122.0,-15.36940693891405,-4.547664345622493,-51.0,-67.0,-2.8708742766790607,-0.3910739942528778,0.5256410256410257,0.9485500467726848,0.4981818181818181,0.9126106194690266,concordant,concordant,-0.0274592074592074,-0.0359394273036581,3,515,11,596,36,627,716,70,204,1343,526,4.218168279970216,504,82.13716108452951,632,15.976172747580044,560,0.4542314335060449,-134,425,32,598,29,528,682,59,247,1210,457,11.239669421487603,393,80.49242424242425,627,14.332231404958678,569,0.4215867158671587,-188
E02000842,Sutton,9,9,12.269964779024264,9.867797972018996,827.0,865.0,0.8421588594704684,0.8808553971486762,0.0386965376782078,-2.4021668070052673,96.0,216.0,375,350,725,312.0,28.60137931034483,-120.0,25.6,108.0,205.0,431,368,799,313.0,27.709637046307886,-97.0,25.05800464037123,74.0,230.0,304.0,23.47586206896552,-156.0,21.142857142857142,98.0,260.0,358.0,31.88986232790989,-162.0,26.6304347826087,-92.0,100.0,192.0,23.0,1.0,-0.8917422640369423,-0.5419953596287712,-6.0,54.0,8.41400025894437,5.4875776397515565,0.5064935064935064,0.8496551724137931,0.4664679582712369,0.8397997496871089,concordant,concordant,-0.0400255482222695,-0.0098554227266841,7,131,316,105,264,442,524,67,174,966,447,42.85300207039337,-185,29.638009049773757,369,28.695652173913043,-159,0.5477941176470589,-107,151,450,136,322,529,646,98,278,1175,601,57.829787234042556,-299,28.544423440453688,458,37.26978723404255,-186,0.5675165250236072,-180
E02000843,Sutton,7,7,17.97777024149433,15.418854378818738,677.0,686.0,0.6894093686354379,0.6985743380855397,0.0091649694501018,-2.558915862675592,253.0,170.0,530,502,1032,423.0,41.67635658914729,83.0,47.735849056603776,364.0,200.0,879,512,1391,564.0,52.33644859813084,164.0,41.41069397042093,281.0,202.0,483.0,55.00193798449613,79.0,55.97609561752988,247.0,417.0,664.0,74.04672897196262,-170.0,48.2421875,100.0,349.0,249.0,81.0,141.0,10.660092008983554,-6.325155086182846,-249.0,181.0,19.04479098746649,-7.733908117529879,0.466887417218543,0.877906976744186,0.4592833876221498,0.8828181164629763,concordant,divergent,-0.0076040295963932,0.0049111397187902,5,353,169,532,197,628,751,98,249,1379,522,43.2610587382161,184,56.21019108280255,729,76.0,335,0.4172661870503597,-151,478,194,531,416,993,796,114,284,1789,672,51.83454443823365,284,48.13695871097684,947,123.47456679709335,115,0.4150710315009265,-170
E02000844,Sutton,7,6,20.303809928011315,20.514632718327185,606.0,518.0,0.6171079429735234,0.5274949083503055,-0.0896130346232179,0.2108227903158699,223.0,121.0,532,396,928,344.0,29.076508620689655,102.0,41.91729323308271,181.0,146.0,434,393,827,327.0,31.954050785973397,35.0,41.70506912442397,230.0,246.0,476.0,60.9698275862069,-16.0,58.08080808080808,177.0,198.0,375.0,42.37726723095526,-21.0,45.038167938931295,84.0,226.0,142.0,-67.0,-17.0,2.8775421652837423,-0.2122241086587379,-5.0,-101.0,-18.592560355251635,-13.042640141876788,0.4195121951219512,0.8836206896551724,0.4658119658119658,0.848851269649335,divergent,divergent,0.0462997706900146,-0.0347694200058373,5,309,119,447,243,617,613,85,217,1230,428,29.89512195121951,190,50.08103727714749,690,88.30975609756098,204,0.3828264758497317,-132,234,145,409,188,487,625,53,232,1112,379,30.512589928057555,89,48.04928131416838,597,69.14748201438849,221,0.38831967213114754,-179
E02000845,Sutton,9,9,10.554411637532423,9.77036289321192,880.0,869.0,0.8961303462321792,0.884928716904277,-0.0112016293279022,-0.7840487443205024,172.0,174.0,521,415,936,346.0,31.974358974358974,-2.0,33.01343570057582,190.0,211.0,485,483,968,401.0,41.41528925619835,-21.0,39.175257731958766,168.0,231.0,399.0,41.46153846153846,-63.0,40.48192771084337,185.0,236.0,421.0,45.103305785123965,-51.0,38.302277432712216,-25.0,202.0,227.0,-19.0,55.0,9.440930281839377,6.161822031382947,12.0,22.0,3.641767323585505,-2.179650278131156,0.4644295302013422,0.7959401709401709,0.4878345498783455,0.8491735537190083,concordant,concordant,0.0234050196770032,0.0532333827788373,8,164,623,162,484,692,818,171,403,1510,787,67.6635761589404,-459,23.699421965317917,646,51.92582781456954,-322,0.5491974877878576,-232,183,689,185,388,613,896,128,413,1509,872,83.55666003976143,-506,29.853181076672104,573,47.56792577866136,-203,0.6034602076124568,-285
E02000846,Sutton,8,9,14.093149230114845,10.87425287197232,773.0,831.0,0.7871690427698574,0.8462321792260692,0.0590631364562117,-3.2188963581425263,150.0,188.0,442,407,849,338.0,33.21554770318021,-38.0,33.93665158371041,134.0,150.0,478,384,862,284.0,23.317865429234335,-16.0,28.03347280334728,138.0,239.0,377.0,38.84805653710247,-101.0,33.90663390663391,177.0,271.0,448.0,55.646171693735496,-94.0,46.09375,-154.0,43.0,197.0,22.0,-54.0,-9.89768227394588,-5.9031787803631275,7.0,71.0,16.798115156633024,12.187116093366091,0.4727272727272727,0.8421672555948174,0.3879781420765027,0.8491879350348028,concordant,concordant,-0.08474913065077,0.0070206794399854,7,86,385,106,323,516,584,74,177,1100,471,30.1,-299,16.666666666666664,429,31.125454545454545,-217,0.5233333333333333,-103,92,440,106,380,561,668,83,284,1229,532,32.937347436940605,-348,16.39928698752228,486,32.77461350691619,-274,0.5225933202357563,-201
E02000847,Sutton,10,10,7.841789558763356,6.8768107815544495,938.0,949.0,0.955193482688391,0.9663951120162932,0.0112016293279022,-0.9649787772089063,0.0,248.0,488,356,844,248.0,0.0,-248.0,0.0,0.0,201.0,449,301,750,201.0,0.0,-201.0,0.0,0.0,342.0,342.0,0.0,-342.0,0.0,0.0,318.0,318.0,0.0,-318.0,0.0,-203.0,0.0,203.0,47.0,-47.0,0.0,0.0,24.0,-24.0,0.0,0.0,0.4203389830508474,0.6990521327014217,0.3872832369942196,0.692,concordant,concordant,-0.0330557460566278,-0.0070521327014217,9,61,485,43,486,628,589,140,233,1217,546,24.309778142974526,-424,9.713375796178344,529,17.171733771569432,-443,0.5079069767441861,-93,58,617,32,471,599,717,150,416,1316,675,27.193009118541035,-559,9.68280467445743,503,11.45288753799392,-439,0.5730050933786078,-266
E02000848,Sutton,10,10,8.899427338319178,7.74729152163103,921.0,928.0,0.9378818737270876,0.945010183299389,0.0071283095723014,-1.1521358166881486,0.0,224.0,369,307,676,224.0,0.0,-224.0,0.0,0.0,254.0,377,329,706,254.0,0.0,-254.0,0.0,0.0,271.0,271.0,0.0,-271.0,0.0,0.0,277.0,277.0,0.0,-277.0,0.0,-253.0,0.0,253.0,-30.0,30.0,0.0,0.0,-6.0,6.0,0.0,0.0,0.4525252525252525,0.7322485207100592,0.4783427495291902,0.7521246458923513,concordant,concordant,0.0258174970039376,0.019876125182292,9,51,421,45,367,463,501,94,194,964,472,22.272821576763487,-370,11.01511879049676,412,17.13174273858921,-322,0.5339366515837104,-100,47,566,42,396,496,640,119,311,1136,613,23.41725352112676,-519,9.475806451612904,438,14.640845070422536,-354,0.5832540437678402,-192
E02000849,Sutton,8,8,16.07370769539078,12.792013321492009,726.0,766.0,0.7393075356415478,0.780040733197556,0.0407331975560081,-3.281694373898773,159.0,206.0,501,423,924,365.0,35.44805194805195,-47.0,31.736526946107784,88.0,147.0,456,355,811,235.0,15.95067817509248,-59.0,19.29824561403509,136.0,265.0,401.0,39.004329004329,-129.0,32.15130023640662,140.0,302.0,442.0,52.13316892725031,-162.0,39.436619718309856,-21.0,125.0,146.0,-12.0,-130.0,-19.497373772959467,-12.438281332072696,-33.0,41.0,13.128839922921308,7.285319481903237,0.4765013054830287,0.829004329004329,0.3471196454948301,0.8347718865598027,concordant,concordant,-0.1293816599881985,0.0057675575554737,6,222,206,210,265,585,638,84,215,1223,428,37.39329517579722,16,37.94871794871795,475,45.502861815208504,-55,0.4739756367663344,-131,140,147,189,302,522,616,66,261,1138,287,18.084358523725836,-7,26.81992337164751,491,50.156414762741655,-113,0.36889460154241643,-195
E02000850,Sutton,9,9,13.185295749830246,12.180672038980507,792.0,787.0,0.8065173116089613,0.8014256619144603,-0.005091649694501,-1.004623710849737,34.0,394.0,547,525,1072,428.0,12.49626865671642,-360.0,6.2157221206581355,31.0,314.0,515,403,918,345.0,10.603485838779957,-283.0,6.019417475728155,53.0,439.0,492.0,21.70429104477612,-386.0,10.095238095238097,34.0,429.0,463.0,15.88888888888889,-395.0,8.436724565756824,-217.0,33.0,250.0,77.0,-83.0,-1.892782817936464,-0.1963046449299801,-9.0,-29.0,-5.815402155887231,-1.6585135294812725,0.4652173913043478,0.8582089552238806,0.4269801980198019,0.8801742919389978,concordant,concordant,-0.0382371932845458,0.0219653367151171,7,68,571,82,447,632,771,85,246,1403,639,27.674982181040626,-503,10.759493670886076,529,26.125445473984318,-365,0.5470890410958904,-161,51,573,57,438,619,742,104,339,1361,624,21.471711976487878,-522,8.239095315024231,495,18.343864805290227,-381,0.5576407506702413,-235
E02000851,Sutton,6,5,23.662542241296517,21.226010519395132,505.0,482.0,0.5142566191446029,0.4908350305498982,-0.0234215885947046,-2.4365317219013853,564.0,173.0,779,704,1483,737.0,65.79366149696561,391.0,72.400513478819,690.0,259.0,1077,964,2041,949.0,87.56001959823615,431.0,64.06685236768801,508.0,177.0,685.0,60.63115306810519,331.0,72.1590909090909,662.0,317.0,979.0,102.81920627143558,345.0,68.67219917012449,506.0,734.0,228.0,40.0,212.0,21.76635810127054,-8.33366111113098,14.0,294.0,42.188053203330384,-3.4868917389664205,0.5182841068917018,0.9588671611598112,0.4922199170124481,0.9446349828515432,concordant,concordant,-0.0260641898792536,-0.0142321783082678,4,755,143,780,135,967,972,188,268,1939,898,55.680763280041255,612,78.07652533609101,915,54.30634347601857,645,0.49531163816878104,-80,886,238,1093,274,1265,1389,188,425,2654,1124,79.45290128108516,648,70.0395256916996,1367,112.84174830444611,819,0.45122440786832596,-237
E02000852,Sutton,9,9,11.03235457573312,9.235949021627189,863.0,883.0,0.8788187372708758,0.8991853360488798,0.020366598778004,-1.796405554105931,67.0,267.0,516,431,947,334.0,18.890179514255543,-200.0,12.984496124031008,49.0,299.0,514,486,1000,348.0,14.651,-250.0,9.53307392996109,62.0,372.0,434.0,24.35480464625132,-310.0,14.385150812064964,68.0,359.0,427.0,24.412,-291.0,13.991769547325102,-190.0,52.0,242.0,-50.0,14.0,-4.239179514255543,-3.4514221940699183,19.0,-7.0,0.0571953537486784,-0.3933812647398618,0.4348958333333333,0.8109820485744457,0.4490322580645161,0.775,concordant,concordant,0.0141364247311828,-0.0359820485744456,8,67,578,61,530,635,676,119,245,1311,645,29.539282990083905,-511,10.551181102362204,591,24.660564454614796,-469,0.5218446601941747,-126,49,650,68,508,598,771,84,285,1369,699,23.265157048940832,-601,8.193979933110368,576,25.23301680058437,-440,0.548235294117647,-201
E02000853,Sutton,8,8,13.751179167281348,13.569511108305983,781.0,744.0,0.7953156822810591,0.7576374745417516,-0.0376782077393075,-0.1816680589753652,223.0,149.0,520,385,905,372.0,36.71491712707182,74.0,42.88461538461538,203.0,185.0,497,400,897,388.0,41.86733556298773,18.0,40.845070422535215,173.0,227.0,400.0,43.39337016574586,-54.0,44.935064935064936,159.0,228.0,387.0,40.414715719063544,-69.0,39.75,46.0,230.0,184.0,-56.0,16.0,5.152418435915912,-2.039544962080164,-15.0,-13.0,-2.978654446682313,-5.185064935064936,0.4818652849740932,0.8530386740331491,0.5006451612903225,0.8639910813823858,divergent,divergent,0.0187798763162292,0.0109524073492366,7,139,409,106,361,637,629,117,244,1266,548,44.90600315955766,-270,21.821036106750395,467,30.225908372827803,-255,0.5399014778325123,-127,140,497,114,317,558,691,61,291,1249,637,55.708566853482786,-357,25.089605734767023,431,28.933546837469976,-203,0.596441947565543,-230
E02000854,Sutton,9,9,11.525653934657091,9.897086063902108,853.0,862.0,0.8686354378818737,0.8778004073319755,0.0091649694501018,-1.6285678707549849,60.0,263.0,463,388,851,323.0,18.54289071680376,-203.0,12.958963282937368,58.0,215.0,459,342,801,273.0,15.568039950062422,-157.0,12.636165577342048,54.0,322.0,376.0,20.43243243243243,-268.0,13.917525773195877,60.0,318.0,378.0,23.820224719101123,-258.0,17.543859649122805,-101.0,59.0,160.0,46.0,-50.0,-2.974850766741339,-0.3227977055953204,10.0,2.0,3.3877922866686916,3.626333875926928,0.4620886981402002,0.8213866039952996,0.4193548387096774,0.8127340823970037,concordant,concordant,-0.0427338594305228,-0.0086525215982958,8,60,612,52,495,594,691,131,303,1285,672,28.575875486381324,-552,10.1010101010101,547,20.03112840466926,-443,0.5512715340442986,-172,52,511,59,438,542,609,83,267,1151,563,23.08601216333623,-459,9.59409594095941,497,22.451781059947873,-379,0.5311320754716982,-184
E02000855,Sutton,10,10,6.883236711442147,6.350149707310997,965.0,959.0,0.9826883910386964,0.9765784114052952,-0.0061099796334012,-0.5330870041311497,0.0,267.0,416,368,784,267.0,0.0,-267.0,0.0,0.0,238.0,463,297,760,238.0,0.0,-238.0,0.0,0.0,312.0,312.0,0.0,-312.0,0.0,0.0,346.0,346.0,0.0,-346.0,0.0,-240.0,0.0,240.0,29.0,-29.0,0.0,0.0,-34.0,34.0,0.0,0.0,0.4611398963730569,0.7385204081632653,0.4075342465753425,0.7684210526315789,concordant,concordant,-0.0536056497977144,0.0299006444683136,10,0,596,0,517,559,641,143,273,1200,596,0.0,-596,0.0,517,0.0,-517,0.5354896675651393,-130,0,629,0,500,574,643,111,346,1217,629,0.0,-629,0.0,500,0.0,-500,0.5571302037201062,-235
E02000856,Sutton,8,9,13.757103915728964,11.83447897746384,779.0,796.0,0.7932790224032586,0.8105906313645621,0.0173116089613034,-1.9226249382651233,176.0,225.0,607,521,1128,401.0,35.1063829787234,-49.0,28.995057660626028,191.0,258.0,637,553,1190,449.0,41.41008403361344,-67.0,29.98430141287284,171.0,309.0,480.0,46.84308510638298,-138.0,32.82149712092131,195.0,339.0,534.0,55.55042016806723,-144.0,35.2622061482821,-259.0,55.0,314.0,-18.0,48.0,6.303701054890034,0.9892437522468108,-6.0,54.0,8.707335061684248,2.440709027360789,0.4551645856980704,0.7810283687943262,0.45676500508647,0.8260504201680672,concordant,concordant,0.0016004193883996,0.0450220513737409,7,108,531,114,475,715,750,108,229,1465,639,39.145392491467575,-423,15.104895104895105,589,36.96245733788396,-361,0.5203583061889251,-121,128,649,104,501,747,908,110,355,1655,777,50.19456193353474,-521,17.13520749665328,605,31.482779456193352,-397,0.5622286541244573,-245
E02000857,Sutton,9,9,13.095833608349148,10.296949437550737,795.0,848.0,0.8095723014256619,0.8635437881873728,0.0539714867617108,-2.798884170798411,185.0,442.0,825,702,1527,627.0,53.5494433529797,-257.0,22.424242424242426,123.0,340.0,793,596,1389,463.0,30.107991360691145,-217.0,15.510718789407314,149.0,512.0,661.0,49.95939751146038,-363.0,21.225071225071225,169.0,548.0,717.0,66.67530597552197,-379.0,28.355704697986575,-181.0,128.0,309.0,40.0,-164.0,-23.441451992288556,-6.913523634835112,-16.0,56.0,16.715908464061584,7.130633472915349,0.4868012422360248,0.8434839554682384,0.3923728813559322,0.849532037437005,concordant,concordant,-0.0944283608800926,0.0060480819687666,7,268,694,230,664,1057,1041,232,339,2098,962,88.65204957102002,-426,25.354777672658468,894,72.79313632030505,-434,0.5183189655172413,-107,192,706,224,613,966,1035,173,439,2001,898,67.74212893553224,-514,19.875776397515526,837,68.62168915542229,-389,0.5175792507204611,-266
E02000858,Sutton,4,2,32.47331085164478,32.31579895908981,297.0,142.0,0.3024439918533605,0.1446028513238289,-0.1578411405295316,-0.1575118925549716,357.0,32.0,446,406,852,389.0,13.408450704225352,325.0,80.04484304932735,317.0,40.0,442,402,844,357.0,15.023696682464456,277.0,71.71945701357465,325.0,46.0,371.0,17.546948356807512,279.0,80.04926108374384,321.0,51.0,372.0,19.39691943127962,270.0,79.8507462686567,345.0,370.0,25.0,-48.0,-32.0,1.6152459782391038,-8.3253860357527,-9.0,1.0,1.8499710744721083,-0.1985148150871367,0.5118421052631579,0.892018779342723,0.4897119341563786,0.8637440758293838,concordant,concordant,-0.0221301711067792,-0.0282747035133391,3,381,32,438,46,503,546,57,140,1049,413,11.622497616777883,349,75.7455268389662,484,19.206863679694948,392,0.4604236343366778,-83,349,37,500,51,498,612,56,210,1110,386,11.633333333333333,312,70.08032128514057,551,22.972972972972972,449,0.4119530416221985,-154
E02000859,Sutton,8,9,14.423679285119412,11.746062089971884,765.0,800.0,0.7790224032586558,0.814663951120163,0.0356415478615071,-2.677617195147528,188.0,173.0,540,445,985,361.0,33.01928934010152,15.0,34.81481481481482,159.0,217.0,525,418,943,376.0,36.58854718981972,-58.0,30.28571428571429,201.0,255.0,456.0,52.035532994923855,-54.0,45.1685393258427,141.0,274.0,415.0,40.96924708377519,-133.0,33.73205741626794,-208.0,45.0,253.0,-73.0,15.0,3.5692578497181984,-4.529100529100528,-79.0,-41.0,-11.066285911148668,-11.43648190957476,0.4418604651162791,0.8294416243654822,0.4753476611883691,0.83881230116649,divergent,concordant,0.03348719607209,0.0093706768010077,7,116,433,108,423,667,682,127,237,1349,549,37.233506300963676,-317,17.391304347826086,531,33.8650852483321,-315,0.5083333333333333,-110,92,548,93,405,622,722,97,304,1344,640,37.51190476190476,-456,14.790996784565916,498,28.024553571428573,-312,0.562390158172232,-207
E02000860,Sutton,7,6,19.749557720452753,19.69012821758135,619.0,548.0,0.630346232179226,0.5580448065173116,-0.0723014256619144,-0.0594295028714029,457.0,181.0,795,660,1455,638.0,56.85017182130584,276.0,57.484276729559745,435.0,198.0,811,639,1450,633.0,59.4,237.0,53.63748458692971,434.0,279.0,713.0,83.22061855670103,155.0,65.75757575757576,416.0,298.0,714.0,85.4951724137931,118.0,65.10172143974961,310.0,493.0,183.0,-39.0,-5.0,2.549828178694156,-3.846792142630037,-37.0,1.0,2.274553857092073,-0.6558543178261544,0.4722427831236121,0.9285223367697596,0.4699331848552338,0.9289655172413792,concordant,concordant,-0.0023095982683782,0.0004431804716198,5,730,178,754,276,1067,980,272,320,2047,908,63.47826086956522,552,68.41611996251171,1030,101.66292134831461,478,0.46852425180598556,-48,589,179,824,294,965,1046,154,407,2011,768,52.42715067130781,410,61.03626943005182,1118,120.46544007956241,530,0.40721102863202546,-253
E02000861,Sutton,10,10,6.889227884086967,5.020283266259899,964.0,978.0,0.9816700610997964,0.9959266802443992,0.0142566191446028,-1.8689446178270688,0.0,324.0,337,371,708,324.0,0.0,-324.0,0.0,0.0,304.0,397,352,749,304.0,0.0,-304.0,0.0,0.0,272.0,272.0,0.0,-272.0,0.0,0.0,350.0,350.0,0.0,-350.0,0.0,-302.0,0.0,302.0,20.0,-20.0,0.0,0.0,-78.0,78.0,0.0,0.0,0.5436241610738255,0.8418079096045198,0.4648318042813456,0.8731642189586115,concordant,concordant,-0.0787923567924799,0.0313563093540917,10,0,590,0,401,448,622,111,251,1070,590,0.0,-590,0.0,401,0.0,-401,0.5953582240161454,-140,0,652,0,496,528,672,131,320,1200,652,0.0,-652,0.0,496,0.0,-496,0.5679442508710801,-189
E02000863,Sutton,9,9,13.252166768964976,10.86407544945476,790.0,832.0,0.8044806517311609,0.8472505091649695,0.0427698574338085,-2.3880913195102167,32.0,203.0,297,286,583,235.0,11.14236706689537,-171.0,10.774410774410772,47.0,133.0,318,213,531,180.0,11.772128060263654,-86.0,14.779874213836475,43.0,201.0,244.0,14.825042881646656,-158.0,15.034965034965031,37.0,201.0,238.0,14.005649717514125,-164.0,17.370892018779344,-75.0,48.0,123.0,85.0,-55.0,0.6297609933682846,4.005463439425704,-6.0,-6.0,-0.8193931641325314,2.3359269838143124,0.4906054279749478,0.8216123499142367,0.430622009569378,0.7871939736346516,concordant,concordant,-0.0599834184055698,-0.0344183762795851,7,55,357,59,226,377,475,80,189,852,412,23.045774647887324,-302,14.588859416445624,285,15.650234741784038,-167,0.5911047345767575,-109,78,403,58,255,398,509,80,296,907,481,34.657111356119074,-325,19.597989949748744,313,16.306504961411246,-197,0.6057934508816121,-216
E02000864,Tower Hamlets,1,2,44.800270670121726,33.56669260059689,70.0,107.0,0.0712830957230142,0.1089613034623217,0.0376782077393075,-11.23357806952484,586.0,0.0,903,922,1825,586.0,0.0,586.0,64.89479512735326,862.0,0.0,1272,1127,2399,862.0,0.0,862.0,67.76729559748428,626.0,0.0,626.0,0.0,626.0,67.89587852494577,705.0,0.0,705.0,0.0,705.0,62.55545696539485,550.0,771.0,221.0,276.0,276.0,0.0,2.8725004701310155,79.0,79.0,0.0,-5.340421559550919,0.4834983498349835,0.6641095890410958,0.5500957243139758,0.653188828678616,concordant,concordant,0.0665973744789922,-0.0109207603624797,1,815,0,753,0,1156,1084,253,162,2240,815,0.0,815,70.50173010380622,753,0.0,753,0.5197704081632653,91,1042,0,980,0,1476,1427,204,300,2903,1042,0.0,1042,70.59620596205963,980,0.0,980,0.5153313550939663,-96
E02000865,Tower Hamlets,1,2,43.02269782867678,33.660838222222225,88.0,105.0,0.0896130346232179,0.1069246435845213,0.0173116089613034,-9.36185960645456,513.0,0.0,807,808,1615,513.0,0.0,513.0,63.56877323420075,583.0,0.0,842,963,1805,583.0,0.0,583.0,69.23990498812351,509.0,0.0,509.0,0.0,509.0,62.995049504950494,629.0,0.0,629.0,0.0,629.0,65.31671858774662,325.0,492.0,167.0,70.0,70.0,0.0,5.671131753922765,120.0,120.0,0.0,2.3216690827961273,0.5019569471624267,0.6328173374613003,0.481023102310231,0.6714681440443213,concordant,concordant,-0.0209338448521956,0.038650806583021,1,682,0,615,0,984,931,177,123,1915,682,0.0,682,69.3089430894309,615,0.0,615,0.525828835774865,54,702,0,790,0,982,1138,140,175,2120,702,0.0,702,71.4867617107943,790,0.0,790,0.47050938337801607,-35
E02000866,Tower Hamlets,3,4,34.60297437280067,25.290982715575183,239.0,348.0,0.2433808553971486,0.3543788187372709,0.1109979633401222,-9.31199165722548,374.0,623.0,1295,1199,2494,997.0,93.42502004811548,-249.0,28.88030888030888,408.0,677.0,1338,1325,2663,1085.0,103.723619977469,-269.0,30.493273542600896,429.0,702.0,1131.0,120.75300721732155,-273.0,35.77981651376147,475.0,738.0,1213.0,131.63725122042808,-263.0,35.84905660377358,-310.0,362.0,672.0,-20.0,88.0,10.298599929353514,1.6129646622920149,10.0,82.0,10.88424400310653,0.0692400900121157,0.4685150375939849,0.8532477947072975,0.4721496953872933,0.8629365377393917,concordant,concordant,0.0036346577933083,0.0096887430320942,2,810,448,762,493,1635,1502,340,303,3137,1258,115.67739878865157,362,49.54128440366973,1255,119.75326745298055,269,0.5005968961400716,37,699,486,892,485,1582,1723,244,398,3305,1185,102.78789712556733,213,44.18457648546144,1377,130.89863842662632,407,0.46252927400468385,-154
E02000867,Tower Hamlets,4,4,31.178690425297887,25.024294206931444,332.0,360.0,0.3380855397148676,0.3665987780040733,0.0285132382892057,-6.154396218366443,323.0,1004.0,1483,1485,2968,1327.0,109.26280323450136,-681.0,21.780175320296696,285.0,1183.0,1614,1725,3339,1468.0,100.9748427672956,-898.0,17.657992565055764,380.0,1070.0,1450.0,136.9946091644205,-690.0,25.589225589225588,421.0,1233.0,1654.0,155.46361185983827,-812.0,24.405797101449274,-501.0,383.0,884.0,-217.0,141.0,-8.287960467205764,-4.122182755240932,-122.0,204.0,18.46900269541777,-1.1834284877763146,0.4778537990637378,0.9356469002695418,0.4702114029468289,0.9350104821802936,concordant,concordant,-0.0076423961169089,-0.0006364180892483,3,717,988,705,971,1930,1856,447,371,3786,1705,187.1093502377179,-271,37.15025906735751,1676,180.8122028526149,-266,0.5042886719905354,76,545,1162,885,1182,1907,2244,293,519,4151,1707,152.56323777403034,-617,28.578919769271106,2067,252.00433630450493,-297,0.4523052464228935,-226
E02000868,Tower Hamlets,2,3,36.76189726779252,28.85113913043478,190.0,237.0,0.1934826883910387,0.2413441955193482,0.0478615071283095,-7.910758137357739,417.0,355.0,903,969,1872,772.0,79.07852564102564,62.0,46.17940199335549,401.0,366.0,959,1088,2047,767.0,71.6980947728383,35.0,41.81438998957247,409.0,348.0,757.0,76.03205128205128,61.0,42.208462332301345,515.0,374.0,889.0,94.09379579872984,141.0,47.33455882352941,-34.0,362.0,396.0,-27.0,-5.0,-7.380430868187332,-4.365012003783022,80.0,132.0,18.06174451667856,5.126096491228068,0.5049051667756703,0.8167735042735043,0.4631642512077294,0.8089887640449438,concordant,concordant,-0.0417409155679408,-0.0077847402285604,2,587,364,457,354,1183,1132,280,163,2315,951,92.29719222462204,223,49.61961115807269,811,69.88250539956803,103,0.539727582292849,117,530,383,580,382,1185,1344,226,256,2529,913,80.26492684855674,147,44.72573839662447,962,87.6077500988533,198,0.48693333333333333,-30
E02000869,Tower Hamlets,1,2,46.632956704645046,33.03527818329278,46.0,123.0,0.0468431771894093,0.125254582484725,0.0784114052953156,-13.597678521352265,412.0,0.0,680,650,1330,412.0,0.0,412.0,60.588235294117645,489.0,0.0,747,753,1500,489.0,0.0,489.0,65.46184738955823,386.0,0.0,386.0,0.0,386.0,59.38461538461538,513.0,0.0,513.0,0.0,513.0,68.12749003984064,382.0,473.0,91.0,77.0,77.0,0.0,4.873612095440585,127.0,127.0,0.0,8.742874655225258,0.5162907268170426,0.6,0.4880239520958084,0.668,concordant,concordant,-0.0282667747212341,0.068,1,556,0,534,0,835,806,155,156,1641,556,0.0,556,66.58682634730539,534,0.0,534,0.5100917431192661,-1,631,0,661,0,908,913,161,160,1821,631,0.0,631,69.49339207048459,661,0.0,661,0.48839009287925694,1
E02000870,Tower Hamlets,3,3,35.37666359888837,29.586804174801017,217.0,213.0,0.2209775967413442,0.2169042769857433,-0.0040733197556008,-5.7898594240873535,198.0,464.0,726,845,1571,662.0,58.47994907702101,-266.0,27.27272727272727,236.0,470.0,785,825,1610,706.0,68.8944099378882,-234.0,30.063694267515924,274.0,403.0,677.0,70.28771483131763,-129.0,32.42603550295858,229.0,459.0,688.0,65.28633540372671,-230.0,27.75757575757576,-8.0,353.0,361.0,32.0,44.0,10.414460860867187,2.790966994788654,-101.0,11.0,-5.001379427590919,-4.668459745382815,0.4943988050784167,0.8523233609166136,0.5064562410329986,0.8658385093167702,concordant,concordant,0.0120574359545818,0.0135151484001565,2,461,288,403,288,952,944,226,99,1896,749,70.0253164556962,173,48.424369747899156,691,61.21518987341772,115,0.5201388888888889,127,406,299,445,262,927,1017,142,192,1944,705,62.44547325102881,107,43.79719525350593,707,59.974279835390945,183,0.4992917847025496,-50
E02000871,Tower Hamlets,1,2,46.9031169211966,33.78368505404398,42.0,100.0,0.0427698574338085,0.1018329938900203,0.0590631364562118,-13.11943186715262,551.0,0.0,1027,798,1825,551.0,0.0,551.0,53.65141187925998,822.0,0.0,1252,1430,2682,822.0,0.0,822.0,65.65495207667732,474.0,0.0,474.0,0.0,474.0,59.3984962406015,882.0,0.0,882.0,0.0,882.0,61.67832167832168,553.0,759.0,206.0,271.0,271.0,0.0,12.003540197417337,408.0,408.0,0.0,2.279825437720177,0.5375609756097561,0.5616438356164384,0.4823943661971831,0.6353467561521253,concordant,concordant,-0.055166609412573,0.0737029205356869,1,744,0,567,0,1225,912,198,114,2137,744,0.0,744,60.73469387755102,567,0.0,567,0.5675057208237986,84,945,0,1177,0,1438,1781,186,351,3219,945,0.0,945,65.71627260083449,1177,0.0,1177,0.44533459000942505,-165
E02000872,Tower Hamlets,1,2,45.31261923343554,30.514310022219625,64.0,189.0,0.065173116089613,0.1924643584521385,0.1272912423625254,-14.798309211215916,667.0,0.0,1072,1153,2225,667.0,0.0,667.0,62.220149253731336,823.0,0.0,1197,1241,2438,823.0,0.0,823.0,68.75522138680033,746.0,0.0,746.0,0.0,746.0,64.70078057241977,826.0,0.0,826.0,0.0,826.0,66.55922643029814,610.0,750.0,140.0,156.0,156.0,0.0,6.535072133068994,80.0,80.0,0.0,1.8584458578783656,0.4720452937013447,0.635056179775281,0.4990903577926016,0.6763740771123872,concordant,concordant,0.0270450640912569,0.0413178973371062,1,946,0,887,0,1362,1307,290,154,2669,946,0.0,946,69.45668135095447,887,0.0,887,0.5160938352427714,136,1080,0,1035,0,1485,1492,288,251,2977,1080,0.0,1080,72.72727272727273,1035,0.0,1035,0.5106382978723404,37
E02000873,Tower Hamlets,3,4,32.77123197966919,26.84948082378901,291.0,304.0,0.2963340122199592,0.3095723014256619,0.0132382892057026,-5.92175115588018,274.0,1040.0,865,1778,2643,1314.0,107.8168747635263,-766.0,31.676300578034684,452.0,1058.0,1181,1705,2886,1510.0,165.7020097020097,-606.0,38.27265029635902,488.0,472.0,960.0,87.14945138100643,16.0,27.44656917885264,469.0,601.0,1070.0,97.66770616770616,-132.0,27.50733137829912,-607.0,377.0,984.0,160.0,196.0,57.88513493848339,6.596349718324333,-148.0,110.0,10.518254786699728,0.0607621994464793,0.5778364116094987,0.8603859250851306,0.5852713178294574,0.893970893970894,divergent,concordant,0.0074349062199586,0.0335849688857634,3,1226,1290,518,591,1901,2027,1036,249,3928,2516,402.632382892057,-64,64.49237243556023,1109,77.93737270875764,-73,0.6940689655172414,787,1024,1233,658,724,1905,2075,724,370,3980,2257,317.2341708542714,-209,53.75328083989501,1382,119.6964824120603,-66,0.6202253366309426,354
E02000874,Tower Hamlets,2,2,39.31714895221394,33.369545216792844,147.0,113.0,0.1496945010183299,0.115071283095723,-0.0346232179226069,-5.947603735421097,322.0,358.0,669,889,1558,680.0,73.98973042362003,-36.0,48.13153961136024,428.0,478.0,919,1232,2151,906.0,95.11111111111111,-50.0,46.57236126224157,367.0,237.0,604.0,55.82734274711168,130.0,41.28233970753656,516.0,312.0,828.0,74.84518828451883,204.0,41.88311688311688,415.0,545.0,130.0,-14.0,226.0,21.121380687491083,-1.5591783491186677,74.0,224.0,19.017845537407148,0.6007771755803191,0.5295950155763239,0.8241335044929397,0.5224913494809689,0.806136680613668,divergent,divergent,-0.007103666095355,-0.0179968238792715,2,453,372,431,244,887,1071,218,182,1958,825,86.06537282941777,81,51.07102593010146,675,53.70990806945863,187,0.55,36,447,521,570,340,1073,1432,154,200,2505,968,92.9688622754491,-74,41.658900279589936,910,77.36526946107784,230,0.5154419595314164,-46
E02000875,Tower Hamlets,1,2,47.85937435381356,31.355196276811007,35.0,163.0,0.0356415478615071,0.1659877800407332,0.130346232179226,-16.50417807700255,626.0,0.0,1060,1033,2093,626.0,0.0,626.0,59.056603773584904,870.0,0.0,1428,1436,2864,870.0,0.0,870.0,60.92436974789915,658.0,0.0,658.0,0.0,658.0,63.69796708615682,959.0,0.0,959.0,0.0,959.0,66.78272980501393,644.0,838.0,194.0,244.0,244.0,0.0,1.8677659743142456,301.0,301.0,0.0,3.0847627188571067,0.4875389408099688,0.6134734830387004,0.4756697648988518,0.6386173184357542,concordant,concordant,-0.011869175911117,0.0251438353970537,1,874,0,788,0,1325,1195,265,162,2520,874,0.0,874,65.9622641509434,788,0.0,788,0.5258724428399518,103,1069,0,1301,0,1670,1821,242,385,3491,1069,0.0,1069,64.0119760479042,1301,0.0,1301,0.4510548523206751,-143
E02000876,Tower Hamlets,1,2,44.82994538723887,33.78064609375,68.0,101.0,0.0692464358452138,0.1028513238289205,0.0336048879837067,-11.049299293488872,552.0,0.0,820,1066,1886,552.0,0.0,552.0,67.31707317073172,724.0,0.0,1132,1205,2337,724.0,0.0,724.0,63.95759717314488,705.0,0.0,705.0,0.0,705.0,66.13508442776735,861.0,0.0,861.0,0.0,861.0,71.45228215767635,505.0,650.0,145.0,172.0,172.0,0.0,-3.3594759975868342,156.0,156.0,0.0,5.317197729908997,0.4391408114558472,0.6664899257688229,0.456782334384858,0.6782199400941378,concordant,concordant,0.0176415229290107,0.0117300143253148,1,880,0,857,0,1153,1245,333,179,2398,880,0.0,880,76.32263660017347,857,0.0,857,0.5066206102475532,154,932,0,1081,0,1367,1441,235,236,2808,932,0.0,932,68.1784930504755,1081,0.0,1081,0.4629905613512171,-1
E02000877,Tower Hamlets,1,2,45.86431315821687,31.26856564891917,52.0,168.0,0.0529531568228105,0.1710794297352342,0.1181262729124236,-14.595747509297702,726.0,0.0,1120,1183,2303,726.0,0.0,726.0,64.82142857142857,1090.0,0.0,1673,1632,3305,1090.0,0.0,1090.0,65.15242080095636,757.0,0.0,757.0,0.0,757.0,63.989856297548606,1048.0,0.0,1048.0,0.0,1048.0,64.2156862745098,697.0,945.0,248.0,364.0,364.0,0.0,0.3309922295277943,291.0,291.0,0.0,0.2258299769612008,0.4895482130815913,0.6439426834563613,0.509822263797942,0.6468986384266263,concordant,concordant,0.0202740507163506,0.002955954970265,1,1003,0,930,0,1413,1398,293,215,2811,1003,0.0,1003,70.98372257607927,930,0.0,930,0.5188825659596482,78,1343,0,1371,0,1963,1998,290,366,3961,1343,0.0,1343,68.41569026999491,1371,0.0,1371,0.4948415622697126,-76
E02000878,Tower Hamlets,1,2,48.59070911821893,30.51716820946839,30.0,188.0,0.0305498981670061,0.1914460285132382,0.1608961303462321,-18.073540908750537,896.0,0.0,1273,2071,3344,896.0,0.0,896.0,70.38491751767478,1031.0,0.0,1531,2038,3569,1031.0,0.0,1031.0,67.34160679294578,1360.0,0.0,1360.0,0.0,1360.0,65.6687590535973,1374.0,0.0,1374.0,0.0,1374.0,67.4190382728165,867.0,1046.0,179.0,135.0,135.0,0.0,-3.0433107247289968,14.0,14.0,0.0,1.7502792192191947,0.3971631205673759,0.6746411483253588,0.4286902286902287,0.6738582235920426,concordant,concordant,0.0315271081228528,-0.0007829247333162,1,1490,0,1545,0,1882,2290,609,219,4172,1490,0.0,1490,79.17109458023378,1545,0.0,1545,0.49093904448105435,390,1434,0,1699,0,1969,2401,438,363,4370,1434,0.0,1434,72.82884713052312,1699,0.0,1699,0.4577082668368975,75
E02000879,Tower Hamlets,2,2,39.685263629814,30.615297000895257,143.0,185.0,0.1456211812627291,0.1883910386965376,0.0427698574338085,-9.069966628918742,391.0,390.0,863,980,1843,781.0,82.74009766684753,1.0,45.30706836616454,413.0,395.0,967,1058,2025,808.0,80.5604938271605,18.0,42.709410548086865,424.0,364.0,788.0,83.74172544763972,60.0,43.26530612244898,421.0,341.0,762.0,70.89432098765432,80.0,39.79206049149339,412.0,547.0,135.0,17.0,27.0,-2.179603839687033,-2.5976578180776784,20.0,-26.0,-12.847404459985398,-3.4732456309555957,0.4977692797960484,0.8513293543136191,0.5146496815286624,0.7753086419753087,concordant,concordant,0.0168804017326139,-0.0760207123383104,2,603,412,427,372,1168,1104,305,124,2272,1015,109.34683098591549,191,51.62671232876712,799,69.91373239436619,55,0.5595369349503859,181,465,434,536,357,1113,1289,146,231,2402,899,84.01748542880932,31,41.77897574123989,893,79.66361365528726,179,0.5016741071428571,-85
E02000880,Tower Hamlets,2,2,40.55613376385042,30.80582603851663,126.0,181.0,0.1283095723014256,0.1843177189409368,0.0560081466395112,-9.750307725333789,375.0,376.0,739,961,1700,751.0,82.94117647058823,-1.0,50.74424898511503,358.0,456.0,978,1171,2149,814.0,75.96463471382039,-98.0,36.60531697341513,408.0,249.0,657.0,59.76,159.0,42.45577523413112,476.0,397.0,873.0,87.93485342019544,79.0,40.64901793339026,391.0,548.0,157.0,-97.0,63.0,-6.976541756767844,-14.1389320116999,-80.0,216.0,28.17485342019544,-1.8067573007408555,0.5333806818181818,0.8282352941176471,0.4825133372851215,0.7850162866449512,divergent,divergent,-0.0508673445330602,-0.0432190074726959,2,490,392,423,251,940,1080,201,119,2020,882,95.08910891089108,98,52.12765957446809,674,52.560891089108914,172,0.5668380462724936,82,480,487,519,418,1177,1337,199,166,2514,967,92.98329355608593,-7,40.781648258283774,937,86.29355608591885,101,0.5078781512605042,33
E02000881,Tower Hamlets,1,1,49.56116159791576,39.50274349167181,25.0,28.0,0.025458248472505,0.0285132382892057,0.0030549898167006,-10.058418106243955,404.0,0.0,733,597,1330,404.0,0.0,404.0,55.11596180081856,788.0,0.0,1262,1161,2423,788.0,0.0,788.0,62.4405705229794,341.0,0.0,341.0,0.0,341.0,57.11892797319933,782.0,0.0,782.0,0.0,782.0,67.35572782084411,1095.0,1095.0,0.0,384.0,384.0,0.0,7.324608722160839,441.0,441.0,0.0,10.236799847644782,0.5422818791946309,0.5601503759398496,0.5019108280254777,0.6479570780024763,concordant,concordant,-0.0403710511691531,0.0878067020626266,1,479,0,436,0,825,708,92,111,1533,479,0.0,479,58.060606060606055,436,0.0,436,0.5234972677595628,-19,883,0,960,0,1446,1435,184,274,2881,883,0.0,883,61.065006915629326,960,0.0,960,0.4791101465002713,-90
E02000882,Tower Hamlets,1,1,50.49978066713157,35.63656744462025,20.0,69.0,0.020366598778004,0.070264765784114,0.0498981670061099,-14.86321322251132,456.0,0.0,702,774,1476,456.0,0.0,456.0,64.95726495726495,676.0,0.0,1117,860,1977,676.0,0.0,676.0,60.51924798567592,521.0,0.0,521.0,0.0,521.0,67.31266149870801,577.0,0.0,577.0,0.0,577.0,67.09302325581396,973.0,973.0,0.0,220.0,220.0,0.0,-4.438016971589036,56.0,56.0,0.0,-0.2196382428940495,0.4667349027635619,0.6619241192411924,0.5395051875498803,0.6337885685381892,concordant,concordant,0.0727702847863183,-0.0281355507030032,1,562,0,623,0,815,901,113,127,1716,562,0.0,562,68.95705521472392,623,0.0,623,0.4742616033755274,-14,811,0,835,0,1269,1145,152,285,2414,811,0.0,811,63.908589440504336,835,0.0,835,0.49270959902794653,-133
E02000883,Tower Hamlets,1,1,54.33815193710692,40.40641134361234,6.0,20.0,0.0061099796334012,0.020366598778004,0.0142566191446028,-13.93174059349458,341.0,0.0,622,914,1536,341.0,0.0,341.0,54.82315112540193,567.0,0.0,982,903,1885,567.0,0.0,567.0,57.73930753564155,531.0,0.0,531.0,0.0,531.0,58.096280087527354,530.0,0.0,530.0,0.0,530.0,58.693244739756366,832.0,832.0,0.0,226.0,226.0,0.0,2.9161564102396227,-1.0,-1.0,0.0,0.596964652229012,0.3910550458715596,0.5677083333333334,0.5168641750227895,0.5819628647214854,concordant,concordant,0.1258091291512298,0.014254531388152,1,463,0,581,0,755,1011,133,97,1766,463,0.0,463,61.32450331125828,581,0.0,581,0.4434865900383142,36,649,0,676,0,1136,1119,154,216,2255,649,0.0,649,57.13028169014085,676,0.0,676,0.489811320754717,-62
E02000884,Tower Hamlets,1,4,48.18588985310734,24.328616976659372,32.0,380.0,0.0325865580448065,0.3869653767820774,0.3543788187372708,-23.85727287644797,1001.0,0.0,1407,1677,3084,1001.0,0.0,1001.0,71.14427860696517,1432.0,0.0,1994,2480,4474,1432.0,0.0,1432.0,71.81544633901706,1203.0,0.0,1203.0,0.0,1203.0,71.73524150268337,1813.0,0.0,1813.0,0.0,1813.0,73.10483870967742,-340.0,774.0,1114.0,431.0,431.0,0.0,0.6711677320518845,610.0,610.0,0.0,1.369597206994058,0.4541742286751361,0.7146562905317769,0.4412942989214176,0.7253017434063478,concordant,concordant,-0.0128799297537185,0.0106454528745708,1,1617,0,1434,0,2045,1938,638,261,3983,1617,0.0,1617,79.07090464547677,1434,0.0,1434,0.5299901671583087,377,1948,0,2242,0,2560,2976,566,496,5536,1948,0.0,1948,76.09375,2242,0.0,2242,0.4649164677804296,70
E02000885,Tower Hamlets,1,1,47.25674617984047,36.60490046885465,39.0,53.0,0.0397148676171079,0.0539714867617108,0.0142566191446028,-10.651845710985818,371.0,0.0,583,873,1456,371.0,0.0,371.0,63.63636363636363,393.0,0.0,687,763,1450,393.0,0.0,393.0,57.20524017467249,559.0,0.0,559.0,0.0,559.0,64.03207331042383,476.0,0.0,476.0,0.0,476.0,62.38532110091744,612.0,612.0,0.0,22.0,22.0,0.0,-6.4311234616911435,-83.0,-83.0,0.0,-1.6467522095063885,0.3989247311827957,0.6387362637362637,0.4522439585730725,0.5993103448275862,concordant,concordant,0.0533192273902767,-0.0394259189086775,1,491,0,641,0,710,973,127,100,1683,491,0.0,491,69.15492957746478,641,0.0,641,0.43374558303886923,27,507,0,597,0,810,907,123,144,1717,507,0.0,507,62.59259259259259,597,0.0,597,0.4592391304347826,-21
E02000886,Tower Hamlets,2,4,36.42978332241332,25.34613524835428,194.0,347.0,0.1975560081466395,0.3533604887983707,0.1558044806517311,-11.083648074059042,402.0,338.0,778,882,1660,740.0,81.85301204819277,64.0,51.670951156812336,606.0,376.0,1394,1288,2682,982.0,84.95749440715883,230.0,43.47202295552367,419.0,275.0,694.0,69.41265060240964,144.0,47.50566893424036,656.0,509.0,1165.0,124.49813571961224,147.0,50.931677018633536,-20.0,471.0,491.0,166.0,242.0,3.1044823589660666,-8.198928201288666,3.0,471.0,55.085485117202595,3.4260080843931746,0.5160390516039052,0.863855421686747,0.4573823940381928,0.8005219985085756,concordant,concordant,-0.0586566575657123,-0.0633334231781713,2,610,380,620,307,1060,1154,282,272,2214,990,104.6973803071364,230,57.54716981132076,927,85.97109304426378,313,0.5164319248826291,10,712,445,920,554,1649,1655,255,367,3304,1157,95.8958837772397,267,43.17768344451183,1474,154.26150121065376,366,0.4397567464842265,-112
E02000887,Tower Hamlets,1,2,49.87452751732102,32.65090942879499,24.0,132.0,0.0244399185336048,0.1344195519348268,0.109979633401222,-17.22361808852603,597.0,0.0,982,937,1919,597.0,0.0,597.0,60.79429735234216,777.0,0.0,1265,1328,2593,777.0,0.0,777.0,61.42292490118577,531.0,0.0,531.0,0.0,531.0,56.670224119530424,856.0,0.0,856.0,0.0,856.0,64.45783132530121,545.0,753.0,208.0,180.0,180.0,0.0,0.6286275488436104,325.0,325.0,0.0,7.78760720577079,0.5292553191489362,0.5878061490359562,0.4758113900796081,0.6297724643270344,concordant,concordant,-0.0534439290693281,0.0419663152910781,1,733,0,684,0,1151,1118,169,181,2269,733,0.0,733,63.68375325803649,684,0.0,684,0.5172900494001411,-12,891,0,1040,0,1457,1580,192,252,3037,891,0.0,891,61.15305422100206,1040,0.0,1040,0.46141895390989124,-60
E02000888,Tower Hamlets,1,5,45.33566286444562,23.273108407310705,62.0,413.0,0.0631364562118126,0.4205702647657841,0.3574338085539715,-22.06255445713491,616.0,0.0,856,992,1848,616.0,0.0,616.0,71.96261682242991,711.0,0.0,1038,1318,2356,711.0,0.0,711.0,68.4971098265896,718.0,0.0,718.0,0.0,718.0,72.37903225806451,912.0,0.0,912.0,0.0,912.0,69.19575113808801,-547.0,237.0,784.0,95.0,95.0,0.0,-3.465506995840314,194.0,194.0,0.0,-3.183281119976499,0.4617691154422789,0.7218614718614719,0.4380776340110905,0.6888794567062818,concordant,concordant,-0.0236914814311883,-0.03298201515519,1,893,0,883,0,1160,1196,304,204,2356,893,0.0,893,76.98275862068965,883,0.0,883,0.5028153153153153,100,881,0,1202,0,1236,1663,198,345,2899,881,0.0,881,71.27831715210357,1202,0.0,1202,0.4229476716274604,-147
E02000889,Tower Hamlets,3,5,36.12845504232164,21.140198983481575,201.0,486.0,0.2046843177189409,0.4949083503054989,0.290224032586558,-14.988256058840063,296.0,417.0,743,958,1701,713.0,72.56437389770723,-121.0,39.83849259757739,580.0,497.0,1433,1204,2637,1077.0,109.31361395525218,83.0,40.47452896022331,465.0,359.0,824.0,98.13932980599648,106.0,48.53862212943633,592.0,735.0,1327.0,165.0056882821388,-143.0,49.16943521594684,-143.0,458.0,601.0,204.0,364.0,36.74924005754495,0.6360363626459176,-249.0,503.0,66.86635847614232,0.6308130865105142,0.4638906961613533,0.903586125808348,0.4480033277870216,0.9116420174440651,divergent,divergent,-0.0158873683743316,0.0080558916357171,2,555,289,676,230,986,1157,243,199,2143,844,74.84601026598227,266,56.28803245436106,906,72.55249650023332,446,0.48228571428571426,44,867,366,943,536,1703,1548,270,344,3251,1233,97.60750538295909,501,50.910158543746334,1479,155.47462319286373,407,0.45464601769911506,-74
E02000890,Tower Hamlets,8,9,15.075376077653148,9.304658349641226,749.0,881.0,0.7627291242362525,0.8971486761710794,0.1344195519348269,-5.770717728011922,75.0,563.0,624,701,1325,638.0,31.867924528301888,-488.0,12.01923076923077,64.0,611.0,788,740,1528,675.0,25.591623036649217,-547.0,8.121827411167512,95.0,517.0,612.0,37.06792452830189,-422.0,13.55206847360913,84.0,682.0,766.0,37.49214659685864,-598.0,11.351351351351353,-647.0,25.0,672.0,-59.0,37.0,-6.276301491652671,-3.897403358063258,-176.0,154.0,0.4242220685567517,-2.200717122257778,0.5104,0.9433962264150944,0.4684247050659264,0.9430628272251308,concordant,concordant,-0.0419752949340735,-0.0003333991899634,6,78,560,105,511,965,936,341,235,1901,638,22.977380326144136,-482,8.082901554404145,616,28.22461862177801,-406,0.5087719298245614,106,76,601,94,674,991,1076,203,336,2067,677,22.09772617319787,-525,7.669021190716448,768,30.651185292694727,-580,0.4685121107266436,-133
E02000891,Tower Hamlets,2,6,42.21155901745781,19.25768640502355,107.0,567.0,0.1089613034623217,0.5773930753564155,0.4684317718940937,-22.95387261243426,963.0,338.0,1718,1571,3289,1301.0,98.96442687747036,625.0,56.05355064027939,1895.0,916.0,3447,2953,6400,2811.0,271.221875,979.0,54.97534087612416,981.0,483.0,1464.0,144.06293706293707,498.0,62.44430299172502,1601.0,980.0,2581.0,245.153125,621.0,54.21605147307823,-1013.0,742.0,1755.0,354.0,1510.0,172.25744812252964,-1.0782097641552326,123.0,1117.0,101.09018793706292,-8.228251518646786,0.4705244122965642,0.8406810580723624,0.5213278931750742,0.8425,concordant,concordant,0.05080348087851,0.0018189419276376,1,1921,0,1572,0,2412,1919,694,348,4331,1921,0.0,1921,79.64344941956882,1572,0.0,1572,0.549957056971085,346,3127,0,2847,0,4120,3775,673,822,7895,3127,0.0,3127,75.89805825242718,2847,0.0,2847,0.5234348844994978,-149
E02000893,Tower Hamlets,4,6,29.071222641898867,20.85948215733982,383.0,498.0,0.390020366598778,0.5071283095723014,0.1171079429735234,-8.211740484559048,204.0,396.0,669,798,1467,600.0,55.06748466257669,-192.0,30.493273542600896,254.0,454.0,815,919,1734,708.0,66.50288350634371,-200.0,31.16564417177914,326.0,418.0,744.0,92.88888888888889,-92.0,40.852130325814535,367.0,503.0,870.0,106.459630911188,-136.0,39.93471164309032,-272.0,173.0,445.0,-8.0,108.0,11.435398843767018,0.6723706291782428,-44.0,126.0,13.570742022299116,-0.917418682724218,0.4464285714285714,0.916155419222904,0.4486692015209125,0.9100346020761244,concordant,concordant,0.0022406300923411,-0.0061208171467793,3,416,392,495,407,888,981,219,183,1869,808,87.25093632958801,24,46.846846846846844,902,107.79293739967898,88,0.47251461988304094,36,389,444,671,499,972,1237,157,318,2209,833,78.18741511996379,-55,40.02057613168724,1170,151.57492077863287,172,0.4158761857214179,-161
E02000894,Tower Hamlets,6,8,22.006301032696836,13.132534530020337,563.0,754.0,0.5733197556008147,0.7678207739307535,0.1945010183299388,-8.8737665026765,235.0,955.0,1194,1422,2616,1190.0,85.78937308868501,-720.0,19.68174204355109,191.0,1047.0,1520,1466,2986,1238.0,66.9715338245144,-856.0,12.56578947368421,372.0,887.0,1259.0,126.13302752293578,-515.0,26.160337552742615,311.0,1248.0,1559.0,129.98258539852645,-937.0,21.21418826739427,-1127.0,62.0,1189.0,-136.0,48.0,-18.817839264170615,-7.115952569866879,-422.0,300.0,3.849557875590676,-4.946149285348344,0.485912617394855,0.9361620795107034,0.4426170897390061,0.9367046215673142,concordant,concordant,-0.0432955276558489,0.0005425420566107,4,791,907,745,846,1741,1788,547,366,3529,1698,203.2975347123831,-116,45.433658816771974,1591,178.5973363559082,-101,0.5162663423532988,181,460,1013,799,1211,1774,1940,254,474,3714,1473,125.46580506192784,-553,25.93010146561443,2010,260.52477113624127,-412,0.42291128337639966,-220
E02000895,Waltham Forest,4,5,28.561883225968167,23.47487130159503,393.0,405.0,0.40020366598778,0.4124236252545825,0.0122199592668024,-5.087011924373137,104.0,121.0,373,251,624,225.0,20.166666666666668,-17.0,27.882037533512065,129.0,144.0,409,313,722,273.0,25.72853185595568,-15.0,31.54034229828851,91.0,207.0,298.0,30.1875,-116.0,36.254980079681275,128.0,244.0,372.0,43.257617728531855,-116.0,40.894568690095845,-35.0,128.0,163.0,2.0,48.0,5.561865189289012,3.658304764776446,0.0,74.0,13.070117728531857,4.63958861041457,0.4302103250478011,0.8381410256410257,0.4232558139534884,0.8933518005540166,concordant,concordant,-0.0069545110943127,0.0552107749129909,3,166,104,289,183,445,450,72,199,895,270,19.289385474860335,62,37.30337078651685,472,59.09162011173184,106,0.3638814016172507,-127,208,142,391,235,492,578,83,265,1070,350,27.60373831775701,66,42.27642276422765,626,85.87383177570094,156,0.35860655737704916,-182
E02000896,Waltham Forest,7,8,20.899416572498296,14.95624986378991,594.0,705.0,0.604887983706721,0.7179226069246436,0.1130346232179225,-5.943166708708386,67.0,589.0,543,721,1264,656.0,31.220727848101262,-522.0,12.338858195211786,68.0,263.0,528,334,862,331.0,20.74709976798144,-195.0,12.87878787878788,98.0,451.0,549.0,34.96677215189873,-353.0,13.592233009708735,50.0,438.0,488.0,25.406032482598608,-388.0,14.97005988023952,-218.0,55.0,273.0,327.0,-325.0,-10.473628080119823,0.5399296835760943,-35.0,-61.0,-9.560739669300125,1.377826870530784,0.5443983402489626,0.9533227848101266,0.4041514041514041,0.9501160092807424,concordant,concordant,-0.1402469360975584,-0.003206775529384,5,237,589,409,451,713,1029,170,308,1742,826,80.1337543053961,-352,33.2398316970547,860,105.88920780711825,-42,0.48991696322657174,-138,214,262,480,434,674,763,146,429,1437,476,39.01739735560195,-48,31.750741839762615,914,144.9686847599165,46,0.3424460431654676,-283
E02000897,Waltham Forest,3,3,36.26351255540423,28.00218843305513,199.0,262.0,0.2026476578411405,0.2668024439918534,0.0641547861507128,-8.261324122349102,219.0,59.0,448,331,779,278.0,16.586649550706035,160.0,48.88392857142857,209.0,77.0,388,331,719,286.0,22.382475660639777,132.0,53.865979381443296,202.0,152.0,354.0,39.41463414634146,50.0,61.027190332326285,188.0,111.0,299.0,29.02364394993046,77.0,56.797583081571,213.0,265.0,52.0,-28.0,8.0,5.795826109933742,4.9820508100147265,27.0,-55.0,-10.390990196411003,-4.229607250755286,0.439873417721519,0.8112965340179717,0.4888888888888889,0.8136300417246175,concordant,concordant,0.0490154711673698,0.0023335077066457,2,302,37,387,104,527,510,79,179,1037,339,10.775313404050145,265,57.3055028462998,491,38.81195756991321,283,0.40843373493975904,-100,292,48,514,70,464,646,76,315,1110,340,12.627027027027028,244,62.93103448275862,584,32.414414414414416,444,0.36796536796536794,-239
E02000898,Waltham Forest,4,4,31.30768491096774,24.39077144286071,331.0,377.0,0.3370672097759674,0.3839103869653767,0.0468431771894093,-6.916913468107026,138.0,137.0,476,318,794,275.0,23.811083123425693,1.0,28.991596638655466,169.0,134.0,482,291,773,303.0,29.296248382923675,35.0,35.06224066390041,144.0,291.0,435.0,52.77581863979849,-147.0,45.28301886792453,129.0,261.0,390.0,43.55627425614489,-132.0,44.329896907216494,127.0,229.0,102.0,34.0,28.0,5.4851652594979825,6.070644025244945,15.0,-45.0,-9.2195443836536,-0.9531219607080388,0.3873239436619718,0.8942065491183879,0.4372294372294372,0.8965071151358344,divergent,divergent,0.0499054935674654,0.0023005660174464,3,206,129,344,269,550,531,74,213,1081,335,24.582793709528215,77,37.45454545454546,613,85.6022201665125,75,0.35337552742616035,-139,236,121,354,240,557,519,75,228,1076,357,26.539033457249072,115,42.36983842010772,594,78.95910780669145,114,0.3753943217665615,-153
E02000899,Waltham Forest,5,6,24.08757532449495,20.38614203069658,486.0,523.0,0.4949083503054989,0.5325865580448065,0.0376782077393075,-3.7014332937983703,66.0,319.0,456,446,902,385.0,23.341463414634145,-253.0,14.473684210526317,79.0,239.0,460,362,822,318.0,22.969586374695865,-160.0,17.17391304347826,114.0,377.0,491.0,47.647450110864746,-263.0,25.56053811659193,112.0,368.0,480.0,50.141119221411195,-256.0,30.939226519337016,-171.0,59.0,230.0,93.0,-67.0,-0.3718770399382798,2.700228832951945,7.0,-11.0,2.493669110546449,5.378688402745087,0.4394977168949772,0.9711751662971176,0.3984962406015037,0.9708029197080292,concordant,concordant,-0.0410014762934734,-0.0003722465890882,4,107,321,271,390,516,623,60,177,1139,428,30.155399473222126,-214,20.73643410852713,661,92.79192273924495,-119,0.39302112029384756,-117,120,247,368,376,527,636,67,274,1163,367,25.485812553740328,-127,22.770398481973434,744,118.97506448839209,-8,0.33033303330333036,-207
E02000900,Waltham Forest,3,3,34.505602328140455,27.38653810835629,243.0,288.0,0.2474541751527494,0.2932790224032586,0.0458248472505091,-7.119064219784164,200.0,109.0,512,464,976,309.0,22.33606557377049,91.0,39.0625,153.0,120.0,440,433,873,273.0,21.030927835051543,33.0,34.77272727272727,236.0,199.0,435.0,48.118852459016395,37.0,50.86206896551724,214.0,142.0,356.0,34.80870561282932,72.0,49.42263279445728,159.0,261.0,102.0,-58.0,-36.0,-1.3051377387189476,-4.289772727272727,35.0,-79.0,-13.310146846187074,-1.4394361710599597,0.4153225806451613,0.7622950819672131,0.4340222575516693,0.720504009163803,concordant,concordant,0.018699676906508,-0.0417910728034101,2,301,59,477,117,587,681,75,217,1268,360,14.00552050473186,242,51.27768313458262,594,44.01340694006309,360,0.37735849056603776,-142,248,82,471,99,499,653,59,220,1152,330,17.65277777777778,166,49.69939879759519,570,40.4765625,372,0.36666666666666664,-161
E02000901,Waltham Forest,6,8,22.23822877280973,15.1819799393287,553.0,696.0,0.5631364562118126,0.7087576374745418,0.1456211812627291,-7.05624883348103,73.0,273.0,525,389,914,346.0,21.804157549234137,-200.0,13.904761904761903,84.0,325.0,577,481,1058,409.0,25.803402646502835,-241.0,14.558058925476605,99.0,441.0,540.0,47.766958424507656,-342.0,25.449871465295633,130.0,477.0,607.0,58.61058601134216,-347.0,27.027027027027028,-341.0,28.0,369.0,-41.0,63.0,3.999245097268698,0.6532970207147013,-5.0,67.0,10.8436275868345,1.577155561731395,0.3905191873589165,0.9693654266958424,0.4025590551181102,0.9603024574669188,concordant,concordant,0.0120398677591937,-0.0090629692289238,4,185,249,377,428,636,666,111,277,1302,434,35.38018433179724,-64,29.08805031446541,805,123.92933947772657,-51,0.3502824858757062,-166,169,300,522,454,660,872,83,391,1532,469,33.09399477806789,-131,25.606060606060606,976,154.69190600522194,68,0.3245674740484429,-308
E02000902,Waltham Forest,3,4,32.778068201919574,24.629003657978966,290.0,366.0,0.2953156822810591,0.3727087576374745,0.0773930753564154,-8.149064543940607,227.0,156.0,628,530,1158,383.0,30.580310880829018,71.0,36.146496815286625,206.0,163.0,567,610,1177,369.0,28.528462192013595,43.0,36.33156966490299,204.0,241.0,445.0,42.4559585492228,-37.0,38.49056603773585,282.0,183.0,465.0,43.845369583687344,99.0,46.22950819672131,-26.0,214.0,240.0,-28.0,-14.0,-2.051848688815422,0.1850728496163682,136.0,20.0,1.389411034464544,7.738942158985459,0.4625603864734299,0.7150259067357513,0.4424460431654676,0.7085811384876806,divergent,concordant,-0.0201143433079623,-0.0064447682480707,3,183,326,331,401,687,740,59,210,1427,509,41.80658724597057,-143,26.637554585152838,732,93.01401541695866,-70,0.4101531023368251,-151,189,323,481,361,637,901,70,291,1538,512,39.6924577373212,-134,29.67032967032967,842,112.90052015604681,120,0.37813884785819796,-221
E02000903,Waltham Forest,1,1,45.573991771536,35.59168159150043,56.0,71.0,0.0570264765784114,0.0723014256619144,0.015274949083503,-9.982310180035569,600.0,0.0,715,711,1426,600.0,0.0,600.0,83.91608391608392,521.0,0.0,630,567,1197,521.0,0.0,521.0,82.6984126984127,592.0,0.0,592.0,0.0,592.0,83.26300984528832,479.0,0.0,479.0,0.0,479.0,84.47971781305115,552.0,552.0,0.0,-79.0,-79.0,0.0,-1.2176712176712243,-113.0,-113.0,0.0,1.2167079677628294,0.5033557046979866,0.8359046283309958,0.521,0.835421888053467,concordant,concordant,0.0176442953020133,-0.0004827402775288,1,654,0,746,0,789,871,74,160,1660,654,0.0,654,82.88973384030417,746,0.0,746,0.46714285714285714,-86,582,0,779,0,701,911,71,344,1612,582,0.0,582,83.02425106990015,779,0.0,779,0.4276267450404115,-273
E02000904,Waltham Forest,4,6,30.88875901798736,20.252925153516394,343.0,529.0,0.3492871690427698,0.5386965376782077,0.1894093686354378,-10.635833864470964,116.0,585.0,661,793,1454,701.0,46.671251719394775,-469.0,17.549167927382754,105.0,358.0,620,619,1239,463.0,30.338983050847457,-253.0,16.93548387096774,147.0,499.0,646.0,50.44910591471802,-352.0,18.53720050441362,192.0,471.0,663.0,72.98789346246973,-279.0,31.017770597738288,-354.0,66.0,420.0,216.0,-238.0,-16.332268668547318,-0.6136840564150141,73.0,17.0,22.53878754775171,12.480570093324667,0.520415738678545,0.9264099037138928,0.411190053285968,0.9087974172719936,concordant,concordant,-0.1092256853925769,-0.0176124864418991,3,156,566,317,491,709,970,48,177,1679,722,52.58844550327576,-410,22.002820874471084,808,92.70220369267422,-174,0.4718954248366013,-129,174,337,505,458,708,941,88,322,1649,511,35.559733171619165,-163,24.576271186440678,963,140.2607640994542,47,0.3466757123473541,-234
E02000905,Waltham Forest,3,5,35.11775438523308,21.851602007353673,225.0,461.0,0.2291242362525458,0.4694501018329939,0.240325865580448,-13.266152377879404,284.0,347.0,1093,880,1973,631.0,49.94830207805373,-63.0,25.983531564501373,231.0,287.0,789,805,1594,518.0,41.59159347553325,-56.0,29.277566539923956,286.0,482.0,768.0,69.86923466801825,-196.0,32.5,318.0,349.0,667.0,69.62484316185696,-31.0,39.50310559006211,-318.0,152.0,470.0,7.0,-113.0,-8.356708602520477,3.2940349754225835,165.0,-101.0,-0.2443915061612926,7.003105590062113,0.451036454610436,0.7090724784591992,0.4371308016877637,0.7434127979924717,concordant,concordant,-0.0139056529226723,0.0343403195332725,2,413,218,520,294,1209,1098,116,218,2307,631,39.026441265713046,195,34.16046319272126,814,66.26788036410923,226,0.4366782006920415,-102,328,160,725,255,874,1195,85,390,2069,488,25.364910584823587,168,37.52860411899314,980,89.35476075398743,470,0.33242506811989103,-305
E02000906,Waltham Forest,3,4,35.82551629649654,24.495634768907564,204.0,373.0,0.2077393075356415,0.3798370672097759,0.1720977596741344,-11.329881527588974,201.0,311.0,854,890,1744,512.0,35.84346330275229,-110.0,23.536299765807964,246.0,325.0,843,817,1660,571.0,48.16265060240964,-79.0,29.181494661921707,346.0,358.0,704.0,71.02522935779817,-12.0,38.87640449438202,235.0,405.0,640.0,57.33433734939759,-170.0,28.76376988984088,-66.0,288.0,354.0,31.0,59.0,12.31918729965735,5.645194896113743,-158.0,-64.0,-13.690892008400574,-10.112634604541142,0.4210526315789473,0.6972477064220184,0.4715111478117259,0.7295180722891567,concordant,concordant,0.0504585162327785,0.0322703658671382,2,366,198,549,230,976,1080,122,190,2056,564,35.247081712062254,168,37.5,779,61.41536964980545,319,0.4199553239017126,-68,328,234,624,240,921,1178,78,361,2099,562,36.56598380181038,94,35.613463626492944,864,71.3482610767032,384,0.394109396914446,-283
E02000907,Waltham Forest,1,1,50.69634291058212,36.8695726137296,18.0,51.0,0.0183299389002036,0.0519348268839103,0.0336048879837067,-13.826770296852516,750.0,0.0,905,892,1797,750.0,0.0,750.0,82.87292817679558,726.0,0.0,917,867,1784,726.0,0.0,726.0,79.17121046892039,734.0,0.0,734.0,0.0,734.0,82.28699551569507,741.0,0.0,741.0,0.0,741.0,85.46712802768167,779.0,779.0,0.0,-24.0,-24.0,0.0,-3.70171770787519,7.0,7.0,0.0,3.1801325119865993,0.5053908355795148,0.8258208124652198,0.4948875255623722,0.8223094170403588,concordant,concordant,-0.0105033100171426,-0.003511395424861,1,888,0,943,0,1061,1120,156,228,2181,888,0.0,888,83.69462770970783,943,0.0,943,0.4849808847624249,-72,796,0,1029,0,1007,1172,90,305,2179,796,0.0,796,79.04667328699107,1029,0.0,1029,0.43616438356164383,-215
E02000908,Waltham Forest,3,5,34.70858717097756,22.126199966049903,238.0,452.0,0.2423625254582484,0.460285132382892,0.2179226069246435,-12.582387204927652,346.0,383.0,1415,995,2410,729.0,54.986721991701245,-37.0,24.452296819787986,507.0,472.0,1539,1100,2639,979.0,90.67980295566502,35.0,32.94346978557505,314.0,684.0,998.0,89.11867219917012,-370.0,31.55778894472362,378.0,700.0,1078.0,100.26525198938992,-322.0,34.36363636363636,-367.0,331.0,698.0,72.0,250.0,35.69308096396378,8.491172965787062,48.0,80.0,11.146579790219803,2.805847418912741,0.4221192819918934,0.716597510373444,0.4759358288770053,0.7794619173929519,concordant,divergent,0.0538165468851118,0.0628644070195079,2,537,221,562,472,1595,1210,180,215,2805,758,42.30909090909091,316,33.66771159874608,1034,94.56827094474153,90,0.42299107142857145,-35,858,311,952,430,1862,1655,323,555,3517,1169,75.87091270969576,547,46.07948442534909,1382,116.39465453511515,522,0.4582516660133281,-232
E02000909,Waltham Forest,4,6,31.657979431712967,20.60535833148436,320.0,512.0,0.3258655804480652,0.5213849287169042,0.195519348268839,-11.052621100228606,134.0,518.0,856,787,1643,652.0,42.24710894704808,-384.0,15.654205607476634,188.0,510.0,836,755,1591,698.0,60.26398491514771,-322.0,22.48803827751196,205.0,640.0,845.0,79.85392574558735,-435.0,26.04828462515883,191.0,556.0,747.0,66.74795725958516,-365.0,25.29801324503311,-468.0,116.0,584.0,62.0,46.0,18.016875968099622,6.833832670035328,70.0,-98.0,-13.105968486002183,-0.7502713801257173,0.4355377421509686,0.9111381618989652,0.4830449826989619,0.9082338152105592,concordant,concordant,0.0475072405479933,-0.002904346688406,3,254,489,427,624,984,1018,128,231,2002,743,62.04095904095904,-235,25.8130081300813,1051,133.0909090909091,-197,0.4141583054626533,-103,258,501,541,554,927,1118,91,363,2045,759,63.20684596577017,-243,27.831715210355988,1095,146.559413202934,-13,0.40938511326860844,-272
E02000910,Waltham Forest,3,4,35.02535667975322,24.58240698543145,226.0,369.0,0.230142566191446,0.3757637474541752,0.1456211812627291,-10.442949694321772,304.0,610.0,1163,1355,2518,914.0,73.64575059571088,-306.0,26.139294926913152,355.0,458.0,1206,1234,2440,813.0,66.63524590163935,-103.0,29.436152570480928,404.0,514.0,918.0,82.46862589356633,-110.0,29.81549815498155,469.0,590.0,1059.0,113.40573770491804,-121.0,38.00648298217179,-53.0,402.0,455.0,203.0,-101.0,-7.010504694071528,3.296857643567776,-11.0,141.0,30.937111811351713,8.190984827190238,0.4989082969432314,0.727561556791104,0.4342948717948718,0.7672131147540984,concordant,concordant,-0.0646134251483596,0.0396515579629943,2,498,423,648,306,1335,1593,172,238,2928,921,71.94467213114754,75,37.30337078651685,954,67.72131147540983,342,0.4912,-66,497,307,988,404,1329,1727,123,493,3056,804,49.9276832460733,190,37.39653875094056,1392,130.61256544502618,584,0.366120218579235,-370
E02000911,Waltham Forest,1,3,43.51954715691685,29.245122545168893,82.0,223.0,0.0835030549898167,0.2270875763747454,0.1435845213849287,-14.274424611747955,890.0,0.0,1057,1219,2276,890.0,0.0,890.0,84.20056764427626,916.0,0.0,1137,1253,2390,916.0,0.0,916.0,80.56288478452068,1033.0,0.0,1033.0,0.0,1033.0,84.74159146841673,1021.0,0.0,1021.0,0.0,1021.0,81.48443735035914,377.0,641.0,264.0,26.0,26.0,0.0,-3.6376828597555857,-12.0,-12.0,0.0,-3.257154118057585,0.4628185127405096,0.8449033391915641,0.472896231285493,0.8104602510460251,concordant,concordant,0.0100777185449834,-0.0344430881455389,1,1048,0,1269,0,1242,1488,185,269,2730,1048,0.0,1048,84.38003220611915,1269,0.0,1269,0.4523090202848511,-84,1058,0,1441,0,1293,1698,156,445,2991,1058,0.0,1058,81.82521268368136,1441,0.0,1441,0.4233693477390956,-289
E02000912,Waltham Forest,2,3,37.68100560402684,28.8334393620556,173.0,238.0,0.1761710794297352,0.2423625254582484,0.0661914460285132,-8.847566241971244,386.0,237.0,760,949,1709,623.0,53.52954944411937,149.0,50.78947368421053,367.0,186.0,698,720,1418,553.0,48.139633286318755,181.0,52.57879656160458,567.0,235.0,802.0,77.96664716208309,332.0,59.74710221285564,417.0,204.0,621.0,59.99153737658674,213.0,57.91666666666667,199.0,380.0,181.0,32.0,-70.0,-5.389916157800613,1.7893228773940493,-119.0,-181.0,-17.97510978549635,-1.8304355461889656,0.4371929824561403,0.8338209479227618,0.4710391822827938,0.8279266572637518,concordant,concordant,0.0338461998266534,-0.00589429065901,2,262,257,514,251,861,1140,101,191,2001,519,33.650174912543726,5,30.42973286875726,765,64.47476261869066,263,0.40420560747663553,-90,265,193,528,226,784,1036,86,316,1820,458,28.10164835164835,72,33.80102040816326,754,65.56483516483516,302,0.3778877887788779,-230
E02000913,Waltham Forest,3,4,33.432526131403634,24.06185982017116,275.0,383.0,0.280040733197556,0.390020366598778,0.1099796334012219,-9.370666311232473,170.0,354.0,710,1005,1715,524.0,35.09037900874635,-184.0,23.943661971830984,158.0,251.0,634,733,1367,409.0,29.01097293343087,-93.0,24.9211356466877,388.0,363.0,751.0,82.12478134110788,25.0,38.60696517412936,301.0,284.0,585.0,62.5340160936357,17.0,41.06412005457026,-30.0,259.0,289.0,91.0,-115.0,-6.079406075315482,0.9774736748567144,-8.0,-166.0,-19.590765247472177,2.4571548804409034,0.4109803921568628,0.7434402332361516,0.4114688128772635,0.7271397220190198,divergent,divergent,0.0004884207204007,-0.0163005112171318,2,333,211,584,191,869,1186,159,181,2055,544,34.191240875912406,122,38.3199079401611,775,54.279318734793186,393,0.41243366186504926,-22,229,164,593,151,705,1015,71,282,1720,393,21.834883720930232,65,32.4822695035461,744,52.05988372093023,442,0.34564643799472294,-211
E02000914,Waltham Forest,1,1,46.43499306718475,35.18019383378016,49.0,77.0,0.0498981670061099,0.0784114052953156,0.0285132382892056,-11.254799233404595,801.0,0.0,983,1083,2066,801.0,0.0,801.0,81.4852492370295,811.0,0.0,992,1056,2048,811.0,0.0,811.0,81.75403225806451,917.0,0.0,917.0,0.0,917.0,84.67220683287165,874.0,0.0,874.0,0.0,874.0,82.76515151515152,865.0,865.0,0.0,10.0,10.0,0.0,0.2687830210350057,-43.0,-43.0,0.0,-1.907055317720136,0.4662398137369034,0.8315585672797676,0.4813056379821958,0.82275390625,concordant,concordant,0.0150658242452924,-0.0088046610297676,1,881,0,1055,0,1098,1259,115,176,2357,881,0.0,881,80.23679417122041,1055,0.0,1055,0.4550619834710744,-61,886,0,1188,0,1087,1396,95,340,2483,886,0.0,886,81.50873965041399,1188,0.0,1188,0.42719382835101255,-245
E02000915,Waltham Forest,3,5,34.81008706351961,21.75980552486188,233.0,462.0,0.2372708757637474,0.470468431771894,0.2331975560081466,-13.050281538657732,295.0,305.0,987,899,1886,600.0,47.7067868504772,-10.0,29.88855116514691,275.0,375.0,782,937,1719,650.0,59.9912739965096,-100.0,35.16624040920716,297.0,407.0,704.0,64.09278897136798,-110.0,33.03670745272525,345.0,340.0,685.0,68.23734729493891,5.0,36.819637139807895,-319.0,222.0,541.0,-90.0,50.0,12.284487146032395,5.277689244060252,115.0,-19.0,4.144558323570934,3.7829296870826425,0.4601226993865031,0.6914103923647932,0.4868913857677903,0.7766143106457243,concordant,divergent,0.0267686863812872,0.0852039182809311,2,593,159,562,194,1259,1152,272,253,2411,752,39.10700953961012,434,47.10087370929309,756,45.2210700953961,368,0.4986737400530504,19,353,197,740,164,858,1328,76,391,2186,550,31.81198536139067,156,41.142191142191145,904,55.516925892040256,576,0.3782668500687758,-315
E02000916,Waltham Forest,2,4,36.848904779124936,27.134618754563473,186.0,296.0,0.1894093686354379,0.3014256619144603,0.1120162932790224,-9.714286024561464,449.0,224.0,950,1011,1961,673.0,51.288118306986235,225.0,47.26315789473684,563.0,249.0,1102,984,2086,812.0,67.20373921380633,314.0,51.08892921960072,609.0,309.0,918.0,95.96175420703725,300.0,60.23738872403561,549.0,293.0,842.0,77.11265580057527,256.0,55.79268292682927,-200.0,295.0,495.0,89.0,139.0,15.915620906820095,3.8257713248638794,-44.0,-76.0,-18.849098406461977,-4.444705797206339,0.4230043997485858,0.8113207547169812,0.4909310761789601,0.7929050814956855,concordant,concordant,0.0679266764303743,-0.0184156732212956,2,303,252,449,347,1062,1162,112,151,2224,555,34.33273381294964,51,28.53107344632768,796,70.05530575539568,102,0.41080680977054035,-39,382,286,664,337,1197,1336,95,352,2533,668,43.131464666403474,96,31.91311612364244,1001,88.34109751283063,327,0.40023966446974235,-257
E02000917,Waltham Forest,3,6,32.852819833169775,19.808602471368296,289.0,539.0,0.2942973523421588,0.5488798370672098,0.2545824847250509,-13.04421736180148,245.0,426.0,1074,1093,2167,671.0,48.16335948315644,-181.0,22.81191806331471,216.0,490.0,1015,1076,2091,706.0,50.61692969870875,-274.0,21.2807881773399,337.0,524.0,861.0,81.48961698200277,-187.0,30.83257090576395,327.0,547.0,874.0,85.54232424677188,-220.0,30.39033457249071,-760.0,92.0,852.0,-93.0,35.0,2.453570215552311,-1.53112988597481,-33.0,13.0,4.052707264769111,-0.4422363332732431,0.4379895561357702,0.7069681587448085,0.4468354430379747,0.7556193208990913,concordant,concordant,0.0088458869022044,0.0486511621542828,2,375,272,550,259,1191,1294,117,201,2485,647,41.04627766599597,103,31.48614609571788,809,57.32394366197183,291,0.44436813186813184,-84,332,267,704,296,1119,1431,104,355,2550,599,34.762352941176474,65,29.66934763181412,1000,81.71921568627451,408,0.37460913070669166,-251
E02000918,Waltham Forest,2,4,37.67962799693185,26.857884743991644,174.0,303.0,0.1771894093686354,0.3085539714867617,0.1313645621181262,-10.821743252940204,540.0,185.0,921,1117,2038,725.0,49.01864573110893,355.0,58.63192182410424,518.0,173.0,896,873,1769,691.0,50.65799886941775,345.0,57.8125,782.0,172.0,954.0,65.99803729146221,610.0,70.00895255147717,545.0,185.0,730.0,56.995477671000565,360.0,62.42840778923253,-33.0,336.0,369.0,-10.0,-34.0,1.6393531383088202,-0.8194218241042392,-250.0,-224.0,-9.002559620461646,-7.580544762244635,0.4318046456223943,0.823846908734053,0.486277269528501,0.8032786885245902,concordant,concordant,0.0544726239061067,-0.0205682202094628,2,457,217,688,232,1102,1374,181,257,2476,674,40.05210016155089,240,41.47005444646098,920,64.46526655896608,456,0.4228356336260979,-76,371,241,650,237,984,1202,88,329,2186,612,40.90164684354986,130,37.703252032520325,887,70.4711802378774,413,0.4082721814543029,-241
E02000919,Waltham Forest,3,5,33.17806229150851,21.244702415150545,281.0,481.0,0.2861507128309572,0.4898167006109979,0.2036659877800407,-11.933359876357963,197.0,471.0,1087,1116,2203,668.0,42.118474807081256,-274.0,18.12327506899724,241.0,494.0,983,1155,2138,735.0,55.684752104770816,-253.0,24.51678535096643,371.0,622.0,993.0,104.7489786654562,-251.0,33.24372759856631,430.0,491.0,921.0,98.7511693171188,-61.0,37.22943722943723,-501.0,212.0,713.0,21.0,67.0,13.56627729768956,6.3935102819691885,190.0,-72.0,-5.997809348337412,3.9857096308709217,0.4021673690547863,0.7539718565592374,0.4438405797101449,0.774555659494855,concordant,concordant,0.0416732106553586,0.0205838029356176,2,390,248,600,326,1275,1337,188,221,2612,638,37.029096477794795,142,30.58823529411765,926,74.88514548238898,274,0.4079283887468031,-33,367,280,792,255,1100,1508,117,353,2608,647,39.40184049079755,87,33.36363636363636,1047,77.43865030674847,537,0.3819362455726092,-236
E02000920,Waltham Forest,2,3,37.97561678130605,27.823772880015813,168.0,268.0,0.1710794297352342,0.2729124236252546,0.1018329938900203,-10.151843901290231,549.0,208.0,1038,1188,2226,757.0,51.299191374663074,341.0,52.89017341040463,499.0,215.0,939,1078,2017,714.0,53.1903817550818,284.0,53.1416400425985,733.0,255.0,988.0,83.96900269541779,478.0,61.7003367003367,655.0,232.0,887.0,75.33961328705999,423.0,60.76066790352505,250.0,530.0,280.0,-57.0,-43.0,1.8911903804187276,0.2514666321938748,-55.0,-101.0,-8.629389408357795,-0.9396687968116524,0.433810888252149,0.7839173405211141,0.4459712679575265,0.7937530986613783,concordant,concordant,0.0121603797053775,0.0098357581402642,2,404,284,547,320,1217,1382,179,194,2599,688,44.14621008080031,120,33.19638455217749,867,67.3489803770681,227,0.442443729903537,-15,341,272,664,282,1056,1392,117,314,2448,613,37.888888888888886,69,32.29166666666667,946,76.49019607843137,382,0.39320076972418216,-197
E02000921,Waltham Forest,2,2,42.69199645395873,30.60685002209457,100.0,186.0,0.1018329938900203,0.1894093686354379,0.0875763747454175,-12.085146431864164,519.0,229.0,1005,1211,2216,748.0,53.63312274368231,290.0,51.64179104477612,530.0,214.0,1024,1080,2104,744.0,53.90684410646388,316.0,51.7578125,722.0,251.0,973.0,81.778880866426,471.0,59.62014863748968,676.0,289.0,965.0,92.85361216730038,387.0,62.59259259259259,584.0,709.0,125.0,26.0,-4.0,0.273721362781572,0.1160214552238798,-84.0,-8.0,11.07473130087439,2.9724439551029107,0.4346310284718187,0.7766245487364621,0.4353423054417788,0.8122623574144486,concordant,concordant,0.00071127696996,0.0356378086779864,1,857,0,1205,0,1145,1452,140,241,2597,857,0.0,857,74.8471615720524,1205,0.0,1205,0.41561590688651795,-101,810,0,1207,0,1110,1434,86,354,2544,810,0.0,810,72.97297297297297,1207,0.0,1207,0.4015865146256817,-268
E02000922,Waltham Forest,3,4,34.73163178466216,23.84354484097633,237.0,391.0,0.2413441955193482,0.3981670061099796,0.1568228105906313,-10.888086943685831,604.0,530.0,1462,1234,2696,1134.0,118.73887240356083,74.0,41.313269493844054,235.0,473.0,993,1057,2050,708.0,54.22195121951219,-238.0,23.66565961732125,368.0,619.0,987.0,84.49258160237389,-251.0,29.821717990275527,351.0,532.0,883.0,91.08878048780488,-181.0,33.207190160832546,-211.0,293.0,504.0,-312.0,-426.0,-64.51692118404864,-17.647609876522804,70.0,-104.0,6.596198885430994,3.385472170557019,0.5346534653465347,0.7867210682492581,0.4450031426775613,0.7760975609756098,divergent,concordant,-0.0896503226689733,-0.0106235072736483,2,787,305,655,387,1623,1503,161,269,3126,1092,76.78662827895073,482,48.49044978434997,1042,81.08925143953935,268,0.5117150890346767,-108,402,317,713,258,1145,1399,152,342,2544,719,50.091981132075475,85,35.109170305676855,971,72.30896226415095,455,0.4254437869822485,-190
E02000923,Wandsworth,7,8,17.782273660690393,12.64306568690096,681.0,771.0,0.6934826883910387,0.785132382892057,0.0916496945010183,-5.139207973789434,283.0,637.0,989,911,1900,920.0,94.87947368421052,-354.0,28.61476238624874,257.0,715.0,1010,1044,2054,972.0,89.4620253164557,-458.0,25.445544554455445,216.0,611.0,827.0,69.46105263157895,-395.0,23.71020856201976,254.0,683.0,937.0,84.460564751704,-429.0,24.32950191570881,-530.0,186.0,716.0,-104.0,52.0,-5.4174483677548295,-3.1692178317932935,-34.0,110.0,14.999512120125049,0.6192933536890521,0.5266170578133944,0.9194736842105264,0.5091671031953903,0.9294060370009736,concordant,concordant,-0.0174499546180041,0.0099323527904473,6,203,691,138,701,1270,1179,281,268,2449,894,57.27766435279706,-488,15.984251968503937,839,39.50102082482646,-563,0.515868436237738,13,163,787,199,749,1276,1410,266,366,2686,950,47.759121370067014,-624,12.774294670846395,948,55.49180938198064,-550,0.5005268703898841,-100
E02000924,Wandsworth,3,4,33.24279213884635,26.941605625717568,279.0,301.0,0.2841140529531568,0.3065173116089613,0.0224032586558044,-6.30118651312878,916.0,200.0,1281,1277,2558,1116.0,71.61845191555904,716.0,71.50663544106168,2050.0,284.0,2873,1933,4806,2334.0,121.14024136496046,1766.0,71.3539853811347,953.0,224.0,1177.0,83.45269741985926,729.0,74.62803445575568,1456.0,530.0,1986.0,160.5659592176446,926.0,75.32333160889809,1383.0,1769.0,386.0,1050.0,1218.0,49.521789449401425,-0.1526500599269695,197.0,809.0,77.11326179778534,0.6952971531424055,0.4866986480593109,0.8964034401876466,0.5402777777777777,0.898876404494382,concordant,concordant,0.0535791297184667,0.0024729643067353,2,1362,59,1183,92,1720,1503,439,226,3223,1421,24.932671424139002,1303,79.18604651162791,1275,33.76853862860689,1091,0.5270771513353115,213,2565,108,2082,199,3378,2559,505,626,5937,2673,46.65992925720061,2457,75.93250444049734,2281,69.78575037897929,1883,0.5395639886960032,-121
E02000925,Wandsworth,2,4,36.600221875637104,26.599962948912495,192.0,309.0,0.1955193482688391,0.3146639511201629,0.1191446028513238,-10.000258926724609,665.0,15.0,732,743,1475,680.0,6.762711864406779,650.0,90.84699453551912,768.0,41.0,872,881,1753,809.0,17.962350256702795,727.0,88.07339449541286,681.0,17.0,698.0,7.848813559322034,664.0,91.65545087483176,775.0,45.0,820.0,19.89446662863662,730.0,87.96821793416572,434.0,601.0,167.0,77.0,129.0,11.199638392296016,-2.7736000401062597,66.0,122.0,12.045653069314588,-3.687232940666035,0.4934687953555878,0.9342372881355931,0.4966236955187231,0.9292641186537364,concordant,concordant,0.0031549001631353,-0.0049731694818567,2,734,19,749,22,907,917,175,174,1824,753,7.645833333333333,715,80.92613009922822,771,9.033991228070175,727,0.4940944881889764,1,840,47,949,45,1068,1220,196,339,2288,887,17.255244755244757,793,78.65168539325843,994,18.664772727272727,904,0.4715576820839979,-143
E02000926,Wandsworth,6,7,23.846716848298335,15.821903371011304,498.0,670.0,0.5071283095723014,0.6822810590631364,0.175152749490835,-8.024813477287031,431.0,469.0,1216,1142,2358,900.0,85.72476675148431,-38.0,35.444078947368425,591.0,670.0,1690,1467,3157,1261.0,125.42603737725688,-79.0,34.97041420118343,504.0,566.0,1070.0,120.97709923664122,-62.0,44.13309982486865,550.0,825.0,1375.0,143.72822299651568,-275.0,37.49147920927062,-134.0,608.0,742.0,-41.0,361.0,39.701270625772565,-0.4736647461849941,-213.0,305.0,22.75112375987446,-6.641620615598029,0.4568527918781725,0.8354537743850721,0.4783763277693475,0.8349699081406399,concordant,concordant,0.0215235358911749,-0.0004838662444321,4,946,410,879,506,1630,1446,414,304,3076,1356,126.09232769830949,536,58.03680981595092,1385,144.59492847854355,373,0.49470995986866106,110,1140,599,1349,755,2130,2169,440,702,4299,1739,158.84159106769016,541,53.52112676056338,2104,236.9143986973715,594,0.45251105906843614,-262
E02000927,Wandsworth,5,5,28.09808683799705,22.187760243632336,409.0,449.0,0.4164969450101833,0.4572301425661914,0.0407331975560081,-5.910326594364715,455.0,328.0,848,1001,1849,783.0,80.71389940508382,127.0,53.655660377358494,478.0,383.0,948,999,1947,861.0,94.02876219825372,95.0,50.42194092827004,532.0,282.0,814.0,81.13791238507301,250.0,53.14685314685315,501.0,326.0,827.0,83.88597842835131,175.0,50.150150150150154,178.0,539.0,361.0,-32.0,78.0,13.314862793169894,-3.233719449088454,-75.0,13.0,2.7480660432782997,-2.996702996702993,0.4902943018159048,0.8637101135749053,0.5100710900473934,0.866974833076528,concordant,concordant,0.0197767882314885,0.0032647195016226,3,838,253,793,202,1187,1194,339,193,2381,1091,89.04409911801764,585,70.59814658803707,995,67.27677446451071,591,0.5230105465004794,146,778,302,939,248,1200,1407,252,408,2607,1080,90.12504794783275,476,64.83333333333333,1187,89.32566168009205,691,0.47640052933392146,-156
E02000928,Wandsworth,9,9,11.83947643048002,9.812317584080064,837.0,867.0,0.8523421588594705,0.8828920570264766,0.030549898167006,-2.0271588463999546,53.0,617.0,854,888,1742,670.0,18.772101033295066,-564.0,6.206088992974239,58.0,664.0,987,929,1916,722.0,20.100208768267223,-606.0,5.8763931104356635,115.0,669.0,784.0,44.16475315729047,-554.0,12.950450450450452,113.0,772.0,885.0,45.53027139874739,-659.0,12.16361679224973,-420.0,115.0,535.0,-42.0,52.0,1.328107734972157,-0.3296958825385756,-105.0,101.0,1.3655182414569182,-0.786833658200722,0.4607977991746905,0.8346727898966705,0.4492843808338519,0.8387265135699373,concordant,concordant,-0.0115134183408385,0.0040537236732668,8,42,1054,87,1031,1136,1231,282,343,2367,1096,18.702154626109,-1012,3.697183098591549,1118,37.89480354879594,-944,0.4950316169828365,-61,50,1330,91,1093,1230,1533,243,604,2763,1380,24.068041983351428,-1280,4.0650406504065035,1184,35.998190372783206,-1002,0.5382215288611545,-361
E02000929,Wandsworth,2,2,39.80228946269067,33.281182833310915,140.0,116.0,0.1425661914460285,0.1181262729124236,-0.0244399185336048,-6.521106629379759,649.0,29.0,706,793,1499,678.0,12.555703802535024,620.0,91.92634560906517,778.0,31.0,901,958,1859,809.0,12.973641742872513,747.0,86.34850166481687,709.0,11.0,720.0,5.202801867911941,698.0,89.40731399747793,865.0,44.0,909.0,20.473372781065088,821.0,90.29227557411274,749.0,783.0,34.0,127.0,131.0,0.4179379403374881,-5.5778439442483005,123.0,189.0,15.270570913153149,0.884961576634808,0.4849785407725321,0.932621747831888,0.4708963911525029,0.9241527703066164,concordant,concordant,-0.0140821496200292,-0.0084689775252714,2,699,33,696,11,857,899,151,106,1756,732,13.13610478359909,666,81.56359393232205,707,4.359908883826879,685,0.5086865879082696,45,865,35,1015,49,1086,1244,185,286,2330,900,12.993562231759658,830,79.6500920810313,1064,21.34549356223176,966,0.45824847250509165,-101
E02000930,Wandsworth,6,8,21.582233989251755,14.546327584582038,574.0,715.0,0.5845213849287169,0.7281059063136456,0.1435845213849287,-7.035906404669717,621.0,707.0,1523,1709,3232,1328.0,135.84375,-86.0,40.77478660538411,638.0,873.0,1767,1948,3715,1511.0,149.9257065948856,-235.0,36.106395019807586,691.0,613.0,1304.0,131.05909653465346,78.0,40.433001755412526,692.0,830.0,1522.0,154.6056527590848,-138.0,35.52361396303901,-758.0,440.0,1198.0,-149.0,183.0,14.081956594885613,-4.668391585576522,-216.0,218.0,23.546556224431328,-4.909387792373515,0.5045592705167173,0.8143564356435643,0.4981866139136169,0.8164199192462988,divergent,concordant,-0.0063726566031004,0.0020634836027344,5,1145,903,939,815,2139,2079,616,370,4218,2048,245.124466571835,242,53.52968676951847,1754,181.43314366998578,124,0.5386638611257233,246,1233,1123,1314,1056,2479,2678,712,730,5157,2356,268.50087260034906,110,49.737797498991526,2370,269.0680628272251,258,0.49851883199322894,-18
E02000931,Wandsworth,9,10,12.612734629218789,7.606388871224165,817.0,931.0,0.8319755600814664,0.9480651731160896,0.1160896130346231,-5.006345757994622,40.0,1065.0,1073,1231,2304,1105.0,18.489583333333332,-1025.0,3.727865796831314,42.0,1142.0,1297,1328,2625,1184.0,18.272,-1100.0,3.2382420971472627,51.0,923.0,974.0,20.430989583333332,-872.0,4.1429731925264015,42.0,1167.0,1209.0,18.672,-1125.0,3.1626506024096384,-1144.0,0.0,1144.0,-75.0,79.0,-0.2175833333333336,-0.489623699684051,-253.0,235.0,-1.7589895833333316,-0.9803225901167631,0.5315055315055315,0.90234375,0.4947764312578354,0.9116190476190476,concordant,concordant,-0.0367291002476961,0.0092752976190476,7,123,1331,153,1323,1551,1630,478,399,3181,1454,51.46589122917322,-1208,7.930367504835589,1476,63.63376296762024,-1170,0.4962457337883959,79,113,1627,159,1483,1695,1929,398,601,3624,1740,50.731512141280355,-1514,6.666666666666667,1642,65.06539735099338,-1324,0.514488468361916,-203
E02000932,Wandsworth,8,9,13.99527605663073,11.198798954416215,776.0,818.0,0.790224032586558,0.8329938900203666,0.0427698574338085,-2.7964771022145154,426.0,832.0,1664,1598,3262,1258.0,108.65481299816064,-406.0,25.600961538461537,477.0,1012.0,2171,1809,3980,1489.0,121.28743718592963,-535.0,21.971441731920773,538.0,945.0,1483.0,155.85836909871244,-407.0,33.66708385481852,505.0,1380.0,1885.0,175.10050251256283,-875.0,27.91597567716971,-940.0,256.0,1196.0,-129.0,231.0,12.632624187768997,-3.6295198065407632,-468.0,402.0,19.242133413850382,-5.751108177648813,0.4589565851878876,0.8402820355610056,0.441315945465323,0.8477386934673367,concordant,concordant,-0.0176406397225645,0.007456657906331,7,295,1512,404,1655,2142,2100,478,502,4242,1807,105.14851485148515,-1217,13.77217553688142,2059,157.61904761904762,-1251,0.4674081738230729,-24,355,2134,389,2124,2655,2683,484,874,5338,2489,141.92019482952418,-1779,13.370998116760829,2513,154.7838141626077,-1735,0.4976009596161535,-390
E02000933,Wandsworth,9,9,12.473283454504044,10.54486037126715,823.0,842.0,0.8380855397148677,0.8574338085539714,0.0193482688391037,-1.9284230832368936,83.0,688.0,1017,1076,2093,771.0,27.283325370281897,-605.0,8.16125860373648,91.0,698.0,992,989,1981,789.0,32.063604240282686,-607.0,9.173387096774194,169.0,743.0,912.0,59.993788819875775,-574.0,15.706319702602231,119.0,741.0,860.0,44.512367491166074,-622.0,12.032355915065724,-489.0,142.0,631.0,-2.0,18.0,4.780278870000789,1.0121284930377143,-48.0,-52.0,-15.4814213287097,-3.673963787536508,0.4581105169340463,0.8041089345437171,0.4784718010915706,0.8324078748107017,concordant,concordant,0.0203612841575243,0.0282989402669845,7,234,974,345,962,1333,1445,316,369,2778,1208,82.04319654427646,-740,17.554388597149288,1307,119.47084233261339,-617,0.48031809145129223,-53,231,1141,258,885,1223,1503,231,514,2726,1372,96.68782098312546,-910,18.887980376124286,1143,83.76008804108584,-627,0.5455268389662028,-283
E02000934,Wandsworth,6,9,21.730415478308625,12.087714913625678,573.0,788.0,0.5835030549898167,0.8024439918533605,0.2189409368635437,-9.642700564682944,609.0,489.0,1325,1401,2726,1098.0,109.24468085106383,120.0,45.96226415094339,610.0,633.0,1555,1534,3089,1243.0,125.00161864681128,-23.0,39.228295819935695,704.0,482.0,1186.0,124.47835656639764,222.0,50.24982155603141,688.0,641.0,1329.0,142.76723858853998,47.0,44.85006518904824,-879.0,217.0,1096.0,-143.0,145.0,15.756937795747447,-6.733968331007695,-175.0,143.0,18.288882022142342,-5.399756366983169,0.4807355516637478,0.8378576669112252,0.4832814930015552,0.8326319197151182,concordant,divergent,0.0025459413378073,-0.005225747196107,5,1026,622,970,613,1810,1766,485,365,3576,1648,178.45973154362417,404,56.68508287292817,1583,166.27796420581655,357,0.5100588053234293,120,940,786,1216,811,1990,2155,435,621,4145,1726,178.248492159228,154,47.23618090452261,2027,237.91942098914356,405,0.45989874766853184,-186
E02000935,Wandsworth,3,3,33.87002287445255,28.712944420813837,262.0,243.0,0.2668024439918534,0.2474541751527494,-0.0193482688391039,-5.157078453638714,537.0,82.0,801,1016,1817,619.0,24.234452394056134,455.0,67.04119850187266,467.0,56.0,706,724,1430,523.0,18.28811188811189,411.0,66.14730878186968,620.0,101.0,721.0,34.46340121078701,519.0,61.023622047244096,488.0,96.0,584.0,32.76083916083916,392.0,67.40331491712708,372.0,449.0,77.0,-44.0,-96.0,-5.946340505944246,-0.8938897200029743,-127.0,-137.0,-1.7025620499478509,6.37969286988298,0.4619402985074627,0.7374793615850302,0.4724480578139114,0.7741258741258741,concordant,concordant,0.0105077593064487,0.0366465125408438,2,1063,26,869,47,1325,1264,524,248,2589,1089,10.675164156044804,1037,80.22641509433961,916,15.775589030513713,822,0.543142144638404,276,828,19,831,62,1067,1062,361,338,2129,847,7.389384687646783,809,77.60074976569823,893,24.200093940817286,769,0.4867816091954023,23
E02000936,Wandsworth,8,8,16.845029829531814,12.45230757008285,707.0,780.0,0.719959266802444,0.7942973523421588,0.0743380855397147,-4.3927222594489646,316.0,629.0,1209,1190,2399,945.0,82.85285535639849,-313.0,26.1373035566584,374.0,751.0,1419,1394,2813,1125.0,99.8485602559545,-377.0,26.356589147286822,380.0,677.0,1057.0,107.23634847853272,-297.0,31.932773109243698,420.0,794.0,1214.0,118.54959118378954,-374.0,30.129124820659968,-157.0,541.0,698.0,-64.0,180.0,16.995704899556003,0.2192855906284236,-77.0,157.0,11.313242705256826,-1.8036482885837304,0.472027972027972,0.8345143809920801,0.4809747755451047,0.8314966228226093,concordant,concordant,0.0089468035171327,-0.0030177581694708,6,432,620,491,657,1601,1505,392,315,3106,1052,86.23309723116549,-188,26.98313554028732,1148,103.85930457179653,-166,0.4781818181818182,77,522,737,559,785,1687,1951,268,557,3638,1259,105.74876305662453,-215,30.94250148192057,1344,120.61984606926883,-226,0.48367268536304264,-289
E02000937,Wandsworth,8,10,14.351434181771102,9.17311016743509,767.0,890.0,0.7810590631364562,0.9063136456211812,0.1252545824847249,-5.178324014336013,236.0,571.0,963,950,1913,807.0,70.44223732357554,-335.0,24.5067497403946,186.0,551.0,901,901,1802,737.0,56.873473917869035,-365.0,20.643729189789124,235.0,578.0,813.0,71.00365917407214,-343.0,24.73684210526316,214.0,617.0,831.0,73.27302996670366,-403.0,23.751387347391788,-741.0,0.0,741.0,-30.0,-70.0,-13.568763405706504,-3.863020550605477,-60.0,18.0,2.26937079263152,-0.9854547578713736,0.4981481481481482,0.8468374281233665,0.4700255102040816,0.8701442841287459,concordant,concordant,-0.0281226379440665,0.0233068560053794,7,143,1059,169,944,1208,1331,245,381,2539,1202,59.6443481685703,-916,11.83774834437086,1113,62.834186687672315,-775,0.5192224622030237,-136,111,1172,138,976,1178,1407,277,506,2585,1283,50.325725338491296,-1061,9.422750424448218,1114,52.103675048355896,-838,0.5352523988318731,-229
E02000938,Wandsworth,5,5,26.890927441860462,22.71332051159683,432.0,433.0,0.439918533604888,0.4409368635437882,0.0010183299389002,-4.177606930263636,579.0,285.0,1089,884,1973,864.0,83.63659401926002,294.0,53.168044077134994,498.0,284.0,913,918,1831,782.0,77.24303659202621,214.0,54.54545454545454,490.0,433.0,923.0,107.53674607197162,57.0,55.42986425339367,533.0,332.0,865.0,96.64445658110324,201.0,58.06100217864923,226.0,533.0,307.0,-80.0,-82.0,-6.393557427233802,1.377410468319546,144.0,-58.0,-10.89228949086838,2.6311379252555653,0.4834918858421936,0.905727318803852,0.474802671523983,0.8995084653194976,concordant,concordant,-0.0086892143182106,-0.0062188534843544,3,913,232,845,329,1380,1178,291,294,2558,1145,82.80531665363566,681,66.15942028985508,1174,108.68060985144645,516,0.49374730487279,-3,685,213,1021,280,1071,1336,158,418,2407,898,60.61695056086415,472,63.958916900093364,1301,118.77025342750312,741,0.4083674397453388,-260
E02000939,Wandsworth,9,10,10.65244854492972,7.413664436062781,877.0,940.0,0.8930753564154786,0.9572301425661914,0.0641547861507128,-3.2387841088669376,31.0,787.0,959,906,1865,818.0,13.081501340482571,-756.0,3.232533889468196,26.0,740.0,713,840,1553,766.0,12.388924661944625,-714.0,3.64656381486676,32.0,821.0,853.0,14.08686327077748,-789.0,3.532008830022075,24.0,604.0,628.0,9.33419188667096,-580.0,2.857142857142857,-739.0,0.0,739.0,42.0,-52.0,-0.6925766785379466,0.4140299253985637,209.0,-225.0,-4.75267138410652,-0.6748659728792177,0.4895272292040694,0.8959785522788204,0.5494978479196556,0.8976175144880876,concordant,concordant,0.0599706187155861,0.0016389622092671,8,23,1195,31,1208,1261,1257,302,351,2518,1218,10.915409054805401,-1172,1.8239492466296592,1239,14.872120730738681,-1177,0.49572649572649574,-49,26,1171,16,875,932,1225,219,385,2157,1197,14.114974501622624,-1145,2.7896995708154506,891,6.4904960593416785,-859,0.5732758620689655,-166
E02000940,Wandsworth,5,5,25.60623563369496,21.52855133848899,459.0,474.0,0.4674134419551934,0.4826883910386965,0.015274949083503,-4.077684295205966,643.0,216.0,982,957,1939,859.0,71.62867457452295,427.0,65.4786150712831,711.0,275.0,1237,1082,2319,986.0,84.3143596377749,436.0,57.47776879547292,660.0,238.0,898.0,81.01083032490975,422.0,68.96551724137932,718.0,370.0,1088.0,114.55799913755928,348.0,66.35859519408503,511.0,768.0,257.0,9.0,127.0,12.685685063251952,-8.000846275810183,-74.0,190.0,33.54716881264953,-2.6069220472942902,0.4889015367103017,0.9061371841155236,0.4754098360655737,0.894351013367831,concordant,concordant,-0.0134917006447279,-0.0117861707476925,4,822,274,760,304,1267,1208,285,251,2475,1096,91.00121212121212,548,64.87766377269139,1064,93.34949494949495,456,0.5074074074074074,34,836,326,1187,475,1476,1650,239,568,3126,1162,87.18362124120281,510,56.639566395663955,1662,180.36628278950735,712,0.4114730878186969,-329
E02000941,Wandsworth,8,8,17.150435476310232,12.460746739876456,699.0,779.0,0.7118126272912424,0.7932790224032586,0.0814663951120162,-4.689688736433775,223.0,882.0,1194,1280,2474,1105.0,79.50121261115602,-659.0,18.67671691792295,213.0,768.0,1186,1232,2418,981.0,67.65260545905707,-555.0,17.959527824620576,253.0,810.0,1063.0,82.83346806790622,-557.0,19.765625,274.0,765.0,1039.0,86.68734491315136,-491.0,22.24025974025974,-219.0,438.0,657.0,104.0,-124.0,-11.84860715209895,-0.7171890933023732,66.0,-24.0,3.8538768452451393,2.4746347402597415,0.5096863468634686,0.8763136620856912,0.4856435643564356,0.8354011579818031,concordant,concordant,-0.0240427825070329,-0.040912504103888,6,297,870,327,792,1514,1924,320,644,3438,1167,75.15706806282722,-573,19.616908850726553,1119,75.32984293193718,-465,0.510498687664042,-324,303,755,358,753,1457,2030,271,798,3487,1058,65.6051046745053,-452,20.79615648592999,1111,77.30828792658446,-395,0.48778238819732594,-527
E02000942,Wandsworth,9,10,11.5323768622866,8.842615540396503,852.0,900.0,0.8676171079429735,0.9164969450101832,0.0488798370672097,-2.6897613218900975,95.0,707.0,1016,1048,2064,802.0,32.54118217054263,-612.0,9.350393700787402,77.0,751.0,1079,1041,2120,828.0,27.27688679245283,-674.0,7.136237256719184,137.0,736.0,873.0,48.85271317829457,-599.0,13.072519083969466,101.0,832.0,933.0,39.63773584905661,-731.0,9.702209414024976,-860.0,0.0,860.0,-62.0,26.0,-5.264295378089802,-2.2141564440682178,-132.0,60.0,-9.21497732923796,-3.37030966994449,0.4788059701492537,0.811531007751938,0.4701873935264054,0.8306603773584905,concordant,concordant,-0.0086185766228483,0.0191293696065525,8,84,1169,125,1093,1320,1459,304,411,2779,1253,35.33501259445844,-1085,6.363636363636363,1218,49.16336811802807,-968,0.5070821529745042,-107,73,1440,93,1157,1342,1681,263,640,3023,1513,34.773403903407214,-1367,5.439642324888227,1250,35.5941118094608,-1064,0.5475931958016649,-377
E02000943,Wandsworth,8,9,16.44269085455844,12.187672047866336,716.0,786.0,0.7291242362525459,0.8004073319755601,0.0712830957230142,-4.255018806692103,163.0,971.0,1218,1321,2539,1134.0,62.33674675068925,-808.0,13.382594417077176,155.0,1159.0,1460,1585,3045,1314.0,58.99671592775041,-1004.0,10.616438356164384,158.0,900.0,1058.0,56.00630169358015,-742.0,11.960635881907644,193.0,1130.0,1323.0,71.6223316912972,-937.0,12.17665615141956,-1110.0,135.0,1245.0,-196.0,180.0,-3.340030822938843,-2.766156060912792,-195.0,265.0,15.616029997717057,0.2160202695119171,0.5173357664233577,0.8633320204805042,0.4982935153583617,0.8660098522167488,concordant,concordant,-0.0190422510649959,0.0026778317362445,6,207,951,220,895,1638,1657,420,336,3295,1158,59.744157814871016,-744,12.637362637362637,1115,59.75720789074355,-675,0.5094588649362076,84,222,1149,268,1115,1887,2230,427,645,4117,1371,61.957250425066796,-927,11.76470588235294,1383,72.58197716784066,-847,0.49782135076252726,-218
E02000944,Wandsworth,4,4,29.611998907854566,25.05396621715557,372.0,357.0,0.3788187372708758,0.3635437881873727,-0.015274949083503,-4.558032690698997,607.0,105.0,782,746,1528,712.0,41.71138743455497,502.0,77.62148337595907,525.0,128.0,735,729,1464,653.0,45.90163934426229,397.0,71.42857142857143,598.0,126.0,724.0,49.31151832460733,472.0,80.16085790884718,578.0,155.0,733.0,61.19535519125683,423.0,79.28669410150891,425.0,536.0,111.0,-105.0,-59.0,4.190251909707321,-6.192911947387643,-49.0,9.0,11.883836866649505,-0.8741638073382632,0.4958217270194986,0.9397905759162304,0.4711399711399711,0.9467213114754098,concordant,concordant,-0.0246817558795274,0.0069307355591794,3,727,104,752,125,933,960,151,214,1893,831,39.940834653988375,623,77.92068595927117,877,49.65662968832541,627,0.48653395784543324,-63,583,126,845,155,838,1046,103,317,1884,709,38.99044585987261,457,69.57040572792363,1000,69.51963906581742,690,0.4148624926857812,-214
E02000945,Wandsworth,3,3,34.37066355249344,27.481830031152647,245.0,285.0,0.2494908350305499,0.290224032586558,0.0407331975560081,-6.888833521340793,666.0,72.0,1090,845,1935,738.0,24.781395348837208,594.0,61.100917431192656,520.0,65.0,759,789,1548,585.0,21.834625322997415,455.0,68.51119894598156,610.0,96.0,706.0,30.26356589147287,514.0,72.18934911242604,579.0,77.0,656.0,28.800387596899224,502.0,73.38403041825094,450.0,522.0,72.0,-139.0,-153.0,-2.9467700258397933,7.410281514788906,-12.0,-50.0,-1.463178294573645,1.1946813058249006,0.5110803324099723,0.7462532299741602,0.4713940370668815,0.8016795865633075,concordant,concordant,-0.0396862953430907,0.0554263565891472,2,1040,19,898,38,1462,1132,372,287,2594,1059,7.617579028527371,1021,71.13543091655266,936,13.15497301464919,860,0.530827067669173,85,712,33,846,30,945,1056,186,267,2001,745,11.742128935532234,679,75.34391534391534,876,12.683658170914542,816,0.459592843923504,-81
E02000946,Wandsworth,6,7,22.251354621944284,18.02979160475483,551.0,593.0,0.5610997963340122,0.6038696537678208,0.0427698574338085,-4.221563017189453,623.0,287.0,1425,828,2253,910.0,79.3612960497115,336.0,43.719298245614034,524.0,330.0,1255,981,2236,854.0,77.3345259391771,194.0,41.75298804780876,459.0,637.0,1096.0,129.77496671105192,-178.0,55.434782608695656,556.0,535.0,1091.0,133.03220035778176,21.0,56.67686034658511,137.0,521.0,384.0,-142.0,-56.0,-2.0267701105344003,-1.9663101978052708,199.0,-5.0,3.257233646729844,1.2420777378894527,0.4536390827517447,0.8903683976919663,0.4390745501285347,0.8698568872987478,divergent,concordant,-0.01456453262321,-0.0205115103932185,4,1136,221,763,550,1876,1117,451,289,2993,1357,83.88105579685934,915,60.5543710021322,1313,140.21049114600734,213,0.5082397003745318,162,948,279,1194,453,1620,1598,365,617,3218,1227,82.19142324425108,669,58.51851851851851,1647,168.08017402113114,741,0.42693110647181626,-252
E02000947,Wandsworth,9,10,11.830082874927957,8.234073716082449,838.0,915.0,0.8533604887983707,0.9317718940936864,0.0784114052953156,-3.596009158845506,112.0,650.0,1127,993,2120,762.0,34.339622641509436,-538.0,9.937888198757763,84.0,724.0,1151,1062,2213,808.0,27.481247175779483,-640.0,7.298001737619461,165.0,831.0,996.0,64.67688679245283,-666.0,16.61631419939577,173.0,926.0,1099.0,72.38951649344781,-753.0,16.290018832391713,-804.0,0.0,804.0,-102.0,46.0,-6.858375465729953,-2.6398864611383024,-87.0,103.0,7.712629700994981,-0.3262953670040573,0.4334470989761092,0.8292452830188679,0.4237021499737808,0.8617261635788522,concordant,concordant,-0.0097449490023284,0.0324808805599843,8,104,1102,140,1155,1407,1397,280,404,2804,1206,40.87303851640514,-998,7.391613361762615,1295,57.66761768901569,-1015,0.48220711715313874,-124,81,1476,168,1146,1329,1774,178,712,3103,1557,38.529165323880115,-1395,6.094808126410835,1314,62.045762165646146,-978,0.542319749216301,-534
E02000948,Wandsworth,7,8,19.855125485471294,13.889657839089717,618.0,735.0,0.6293279022403259,0.7484725050916496,0.1191446028513237,-5.9654676463815814,442.0,961.0,1548,1632,3180,1403.0,133.57295597484276,-519.0,28.552971576227392,467.0,1020.0,1633,1651,3284,1487.0,145.04872107186358,-553.0,28.597672994488672,521.0,963.0,1484.0,157.7745283018868,-442.0,31.924019607843135,485.0,1017.0,1502.0,150.19640682095007,-532.0,29.376135675348277,-694.0,411.0,1105.0,-34.0,84.0,11.475765097020826,0.0447014182612797,-90.0,18.0,-7.578121480936716,-2.547883932494859,0.485971596813301,0.9078616352201258,0.4974907995985279,0.9101705237515224,concordant,concordant,0.0115192027852269,0.0023088885313967,5,1023,918,923,905,2114,2021,566,389,4135,1941,227.11342200725514,105,48.39167455061495,1828,202.01088270858526,18,0.5149907137171663,177,929,947,1232,967,2081,2388,448,737,4469,1876,196.859028865518,-18,44.64199903892359,2199,266.5795479973148,265,0.4603680981595092,-289
E02000949,Wandsworth,8,9,16.722404058847527,11.208387221487436,710.0,816.0,0.7230142566191446,0.8309572301425662,0.1079429735234215,-5.514016837360092,208.0,970.0,1305,1302,2607,1178.0,77.39163789796702,-762.0,15.938697318007664,181.0,969.0,1373,1345,2718,1150.0,64.52869757174393,-788.0,13.182811361981065,182.0,899.0,1081.0,62.76102800153433,-717.0,13.978494623655912,204.0,993.0,1197.0,74.52980132450331,-789.0,15.16728624535316,-842.0,184.0,1026.0,-26.0,-28.0,-12.862940326223082,-2.7558859560265994,-72.0,116.0,11.768773322968984,1.1887916216972485,0.5214696768481629,0.8665132336018412,0.489987217724755,0.8635025754231053,concordant,concordant,-0.0314824591234079,-0.0030106581787359,6,281,959,239,894,1717,1844,412,542,3561,1240,75.67509126649817,-678,16.365754222481073,1133,60.0016849199663,-655,0.5225453013063632,-130,254,953,254,975,1800,2145,427,800,3945,1207,61.35918884664132,-699,14.11111111111111,1229,62.77566539923954,-721,0.4954844006568144,-373
E02000950,Wandsworth,8,8,15.562994195038268,13.02614440245015,739.0,756.0,0.7525458248472505,0.769857433808554,0.0173116089613034,-2.536849792588118,269.0,393.0,847,794,1641,662.0,64.42230347349178,-124.0,31.75914994096812,242.0,433.0,793,819,1612,675.0,65.00372208436724,-191.0,30.51702395964691,301.0,458.0,759.0,84.00853138330287,-157.0,37.90931989924433,287.0,443.0,730.0,78.87158808933002,-156.0,35.04273504273504,-115.0,299.0,414.0,-67.0,13.0,0.5814186108754598,-1.2421259813212089,1.0,-29.0,-5.136943293972848,-2.8665848565092915,0.4658691062631949,0.8659354052407069,0.4804270462633452,0.8715880893300249,concordant,concordant,0.0145579400001502,0.0056526840893179,6,313,391,331,457,1079,1048,232,254,2127,704,57.53784673248707,-78,29.008341056533826,788,71.11753643629525,-126,0.4718498659517426,-22,294,426,331,441,940,1188,147,369,2128,720,58.85526315789474,-132,31.27659574468085,772,68.59539473684211,-110,0.48257372654155495,-222
E02000951,Wandsworth,6,7,22.9549845443609,16.914541554559044,533.0,630.0,0.5427698574338086,0.6415478615071283,0.0987780040733197,-6.040442989801857,425.0,499.0,990,1068,2058,924.0,103.04907677356655,-74.0,42.92929292929293,460.0,490.0,992,1060,2052,950.0,109.84405458089668,-30.0,46.37096774193548,479.0,437.0,916.0,101.71185617103984,42.0,44.8501872659176,454.0,421.0,875.0,93.14522417153997,33.0,42.83018867924528,-152.0,397.0,549.0,44.0,26.0,6.7949778073301275,3.441674812642553,-9.0,-41.0,-8.566631999499876,-2.0199985866723154,0.5021739130434782,0.8940719144800777,0.5205479452054794,0.8893762183235867,divergent,divergent,0.0183740321620011,-0.004695696156491,4,755,387,809,352,1298,1381,308,313,2679,1142,109.0649496080627,368,58.16640986132512,1161,106.29637924598731,457,0.49587494572297003,-5,781,399,886,362,1284,1470,292,410,2754,1180,113.15141612200436,382,60.82554517133957,1248,116.46042120551924,524,0.48599670510708404,-118
E02000952,Wandsworth,5,6,24.138798061371265,19.61165995779906,485.0,549.0,0.4938900203665988,0.5590631364562119,0.065173116089613,-4.527138103572206,575.0,253.0,897,881,1778,828.0,81.81946006749156,322.0,64.1025641025641,516.0,309.0,878,925,1803,825.0,88.43261231281198,207.0,58.76993166287016,518.0,217.0,735.0,63.22047244094488,301.0,58.796821793416576,511.0,266.0,777.0,75.38879645036052,245.0,55.24324324324324,62.0,446.0,384.0,-115.0,-3.0,6.613152245320421,-5.3326324396939455,-56.0,42.0,12.168324009415636,-3.5535785501733343,0.5297504798464492,0.8790776152980877,0.5149812734082397,0.8885191347753744,concordant,concordant,-0.0147692064382094,0.0094415194772866,4,717,332,684,290,1175,1149,278,268,2324,1049,102.42857142857143,385,61.02127659574468,974,85.35283993115318,394,0.518536826495304,10,644,392,789,319,1150,1322,272,397,2472,1036,102.12297734627832,252,56.00000000000001,1108,101.81674757281553,470,0.4832089552238806,-125
E02000953,Wandsworth,7,9,18.42384611377753,12.053719261762414,661.0,789.0,0.6731160896130346,0.8034623217922607,0.1303462321792261,-6.370126852015115,495.0,582.0,1144,1055,2199,1077.0,131.00954979536152,-87.0,43.269230769230774,357.0,593.0,1038,1101,2139,950.0,98.9719495091164,-236.0,34.39306358381503,380.0,563.0,943.0,97.28967712596636,-183.0,36.018957345971565,379.0,613.0,992.0,108.61477325853204,-234.0,34.42325158946412,-663.0,151.0,814.0,-149.0,-127.0,-32.03760028624512,-8.876167185415746,-51.0,49.0,11.325096132565676,-1.5957057565074422,0.5331683168316832,0.918599363346976,0.4891864057672502,0.9079008882655446,concordant,concordant,-0.0439819110644329,-0.0106984750814312,5,969,578,657,525,1614,1321,470,266,2935,1547,190.82862010221464,391,60.03717472118959,1182,117.52129471890972,132,0.5668743129351411,204,800,562,950,578,1466,1665,428,564,3131,1362,143.5962951133823,238,54.570259208731244,1528,175.37527946343022,372,0.471280276816609,-136
E02000954,Wandsworth,7,7,19.741198908072793,16.686362232588067,620.0,640.0,0.6313645621181263,0.6517311608961304,0.020366598778004,-3.054836675484726,172.0,473.0,777,785,1562,645.0,52.08450704225352,-301.0,22.136422136422137,173.0,606.0,813,941,1754,779.0,59.77080957810718,-433.0,21.27921279212792,218.0,504.0,722.0,70.34058898847631,-286.0,27.77070063694267,247.0,511.0,758.0,71.95952109464082,-264.0,26.24867162592986,-273.0,264.0,537.0,-132.0,134.0,7.686302535853663,-0.8572093442942155,22.0,36.0,1.6189321061645074,-1.5220290110128118,0.4718361375274323,0.8751600512163893,0.5068314899154196,0.8762827822120867,concordant,concordant,0.0349953523879872,0.0011227309956973,5,395,457,437,486,995,993,218,208,1988,852,90.8023138832998,-62,39.698492462311556,923,106.83199195171026,-49,0.48,10,364,571,569,496,998,1259,185,318,2257,935,92.0886132033673,-207,36.47294589178357,1065,125.04386353566682,73,0.4675,-133
E02000955,Wandsworth,4,4,29.05807649091451,25.777324765276283,384.0,337.0,0.3910386965376782,0.3431771894093686,-0.0478615071283095,-3.2807517256382255,544.0,106.0,783,885,1668,650.0,34.57074340527578,438.0,69.47637292464879,597.0,174.0,842,965,1807,771.0,57.48644161593802,423.0,70.90261282660333,640.0,111.0,751.0,42.589928057553955,529.0,72.31638418079096,677.0,152.0,829.0,56.94742667404538,525.0,70.15544041450778,495.0,649.0,154.0,-15.0,121.0,22.91569821066224,1.4262399019545455,-4.0,78.0,14.357498616491426,-2.1609437662831823,0.46395431834404,0.8399280575539568,0.481875,0.8854454897620365,concordant,concordant,0.01792068165596,0.0455174322080796,3,624,104,740,109,962,1088,179,203,2050,728,31.65658536585366,520,64.86486486486487,849,39.34634146341463,631,0.46163601775523144,-24,663,172,987,152,1031,1384,189,419,2415,835,47.219875776397515,491,64.30649854510185,1139,62.12173913043478,835,0.42299898682877407,-230
E02000956,Wandsworth,4,5,31.41774828423102,22.833442487684728,328.0,428.0,0.3340122199592668,0.4358452138492871,0.1018329938900203,-8.584305796546293,956.0,129.0,1242,1116,2358,1085.0,52.30025445292621,827.0,76.97262479871175,811.0,219.0,1106,1253,2359,1030.0,75.28995337007207,592.0,73.32730560578662,826.0,149.0,975.0,52.19423240033927,677.0,74.01433691756273,911.0,188.0,1099.0,72.60194997880458,723.0,72.70550678371907,341.0,710.0,369.0,-235.0,-55.0,22.98969891714586,-3.645319192925129,46.0,124.0,20.407717578465316,-1.3088301338436563,0.5266990291262136,0.8736217133163698,0.4837952090183184,0.9025010597710894,concordant,concordant,-0.0429038201078951,0.0288793464547195,3,1094,129,905,144,1572,1343,330,227,2915,1223,48.41372212692968,965,69.59287531806616,1049,44.706689536878216,761,0.5382922535211268,103,949,219,1200,185,1395,1724,289,471,3119,1168,66.63385700545047,730,68.02867383512546,1385,71.17665918563642,1015,0.4575009792401097,-182
E02000957,Wandsworth,5,6,27.836248437057325,19.243999097065466,415.0,568.0,0.4226069246435845,0.5784114052953157,0.1558044806517311,-8.592249339991863,762.0,484.0,1344,1247,2591,1246.0,142.34195291393286,278.0,56.69642857142857,684.0,582.0,1514,1652,3166,1266.0,125.73847125710677,102.0,45.1783355350066,613.0,415.0,1028.0,98.18409880355075,198.0,49.1579791499599,870.0,633.0,1503.0,173.94504106127607,237.0,52.66343825665859,-169.0,584.0,753.0,-176.0,20.0,-16.60348165682609,-11.518093036421966,39.0,475.0,75.76094225772532,3.5054591066986873,0.5479331574318381,0.8776534156696256,0.457204767063922,0.8746051800379027,concordant,concordant,-0.0907283903679161,-0.0030482356317229,3,1210,190,1042,153,1683,1592,339,345,3275,1400,70.19847328244275,1020,71.89542483660131,1195,48.67969465648855,889,0.5394990366088632,-6,1134,281,1489,336,1861,2161,347,509,4022,1415,79.22774738935853,853,60.93498119290703,1825,124.39184485330681,1153,0.4367283950617284,-162
E02000958,Wandsworth,7,7,20.78405996614678,15.490504752089771,596.0,683.0,0.6069246435845214,0.6955193482688391,0.0885947046843177,-5.29355521405701,121.0,577.0,639,867,1506,698.0,46.35922974767596,-456.0,18.9358372456964,103.0,517.0,636,819,1455,620.0,36.598625429553266,-414.0,16.19496855345912,230.0,427.0,657.0,65.2124833997344,-197.0,26.52825836216839,216.0,441.0,657.0,65.4680412371134,-225.0,26.373626373626376,-344.0,153.0,497.0,42.0,-78.0,-9.760604318122695,-2.7408686922372816,-28.0,0.0,0.2555578373790013,-0.1546319885420146,0.5151291512915129,0.899734395750332,0.485512920908379,0.8776632302405498,concordant,concordant,-0.0296162303831339,-0.0220711655097821,5,376,566,448,405,889,1083,250,216,1972,942,107.91886409736308,-190,42.29471316085489,853,92.00811359026369,43,0.5247910863509749,34,355,503,526,429,883,1118,247,299,2001,858,89.23788105947027,-148,40.20385050962628,955,112.77061469265367,97,0.4732487589630447,-52
E02000959,Wandsworth,4,6,30.43012726669432,20.70418861868905,353.0,505.0,0.3594704684317719,0.5142566191446029,0.1547861507128309,-9.725938648005272,501.0,147.0,725,788,1513,648.0,48.67614011896894,354.0,69.10344827586206,589.0,204.0,904,806,1710,793.0,70.26666666666667,385.0,65.15486725663717,551.0,139.0,690.0,50.62062128222075,412.0,69.9238578680203,533.0,195.0,728.0,60.780701754385966,338.0,66.12903225806451,-27.0,363.0,390.0,31.0,145.0,21.590526547697728,-3.948581019224889,-74.0,38.0,10.160080472165212,-3.7948256099557938,0.484304932735426,0.88433575677462,0.5213675213675214,0.8894736842105263,concordant,concordant,0.0370625886320953,0.0051379274359063,3,571,146,645,139,875,973,150,185,1848,717,45.11147186147186,425,65.25714285714285,784,48.51461038961039,506,0.4776815456362425,-35,637,204,813,191,1036,1140,132,334,2176,841,59.71875,433,61.48648648648649,1004,71.36167279411765,622,0.45582655826558266,-202
E02000960,Westminster,9,9,12.870541974622355,9.878800369198313,805.0,863.0,0.8197556008146639,0.8788187372708758,0.0590631364562118,-2.9917416054240427,16.0,624.0,626,752,1378,640.0,7.245283018867925,-608.0,2.5559105431309903,13.0,572.0,641,695,1336,585.0,5.565868263473054,-559.0,2.02808112324493,30.0,535.0,565.0,11.64731494920174,-505.0,3.98936170212766,30.0,552.0,582.0,12.395209580838324,-522.0,4.316546762589928,-515.0,28.0,543.0,49.0,-55.0,-1.6794147553948706,-0.5278294198860602,-17.0,17.0,0.7478946316365853,0.3271850604622677,0.5311203319502075,0.874455732946299,0.5012853470437018,0.8735029940119761,concordant,concordant,-0.0298349849065057,-0.0009527389343229,7,54,765,74,665,771,910,145,158,1681,819,24.574657941701368,-711,7.003891050583658,739,29.274241522903033,-591,0.5256739409499358,-13,45,712,88,641,739,842,98,147,1581,757,20.265654648956357,-667,6.089309878213803,729,35.6786843769766,-553,0.509421265141319,-49
E02000961,Westminster,6,7,21.15320674327473,16.046753796811622,588.0,658.0,0.5987780040733197,0.670061099796334,0.0712830957230142,-5.106452946463108,489.0,365.0,988,1062,2050,854.0,87.06585365853658,124.0,49.49392712550607,624.0,426.0,1461,1056,2517,1050.0,105.61144219308702,198.0,42.71047227926078,588.0,387.0,975.0,111.00292682926828,201.0,55.36723163841808,506.0,703.0,1209.0,141.32618196265395,-197.0,47.91666666666667,-8.0,474.0,482.0,74.0,196.0,18.545588534550433,-6.7834548462452915,-398.0,234.0,30.323255133385672,-7.450564971751412,0.4669218151995626,0.8921951219512195,0.4648074369189907,0.8974970202622169,concordant,divergent,-0.0021143782805719,0.0053018983109973,5,546,456,714,472,1154,1313,166,251,2467,1002,100.92257802999595,90,47.313691507798964,1186,136.60640453992704,242,0.4579524680073126,-85,615,529,618,820,1660,1313,199,257,2973,1144,109.42986881937436,86,37.04819277108434,1438,170.45408678102928,-202,0.4430673896204493,-58
E02000962,Westminster,8,7,17.355233016001854,16.47128509812379,691.0,643.0,0.7036659877800407,0.654786150712831,-0.0488798370672097,-0.8839479178780643,179.0,625.0,840,976,1816,804.0,61.605176211453745,-446.0,21.30952380952381,180.0,651.0,915,981,1896,831.0,61.80379746835443,-471.0,19.672131147540984,213.0,561.0,774.0,65.8001101321586,-348.0,21.82377049180328,225.0,636.0,861.0,75.4746835443038,-411.0,22.93577981651376,-44.0,362.0,406.0,-25.0,27.0,0.1986212569006866,-1.637392661982826,-63.0,87.0,9.674573412145207,1.1120093247104812,0.5095057034220533,0.8689427312775331,0.4911347517730496,0.8924050632911392,concordant,concordant,-0.0183709516490035,0.0234623320136061,6,196,608,237,529,1055,1132,215,156,2187,804,54.48925468678555,-412,18.578199052132703,766,57.32647462277092,-292,0.5121019108280255,59,191,630,236,617,1055,1174,140,193,2229,821,53.98384925975774,-439,18.104265402843602,853,65.326155226559,-381,0.490442054958184,-53
E02000963,Westminster,1,2,47.67014181318151,33.100005077522894,37.0,122.0,0.0376782077393075,0.1242362525458248,0.0865580448065173,-14.570136735658616,593.0,0.0,861,946,1807,593.0,0.0,593.0,68.87340301974449,540.0,0.0,728,793,1521,540.0,0.0,540.0,74.17582417582418,720.0,0.0,720.0,0.0,720.0,76.10993657505286,631.0,0.0,631.0,0.0,631.0,79.57124842370744,403.0,538.0,135.0,-53.0,-53.0,0.0,5.302421156079689,-89.0,-89.0,0.0,3.4613118486545886,0.4516374714394516,0.7266187050359713,0.4611443210930828,0.7698882314266929,concordant,concordant,0.0095068496536311,0.0432695263907216,1,715,0,875,0,999,1115,138,169,2114,715,0.0,715,71.57157157157157,875,0.0,875,0.449685534591195,-31,637,0,828,0,834,1004,106,211,1838,637,0.0,637,76.378896882494,828,0.0,828,0.4348122866894198,-105
E02000964,Westminster,1,3,44.77394609450952,29.667481932126364,71.0,212.0,0.0723014256619144,0.2158859470468432,0.1435845213849287,-15.106464162383157,1063.0,0.0,1388,1394,2782,1063.0,0.0,1063.0,76.5850144092219,960.0,0.0,1130,1233,2363,960.0,0.0,960.0,84.95575221238938,1105.0,0.0,1105.0,0.0,1105.0,79.26829268292683,1012.0,0.0,1012.0,0.0,1012.0,82.07623682076238,403.0,716.0,313.0,-103.0,-103.0,0.0,8.370737803167486,-93.0,-93.0,0.0,2.8079441378355483,0.4903136531365313,0.7792954708842559,0.486815415821501,0.8345323741007195,concordant,concordant,-0.0034982373150303,0.0552369032164635,1,1364,0,1314,0,1690,1638,302,244,3328,1364,0.0,1364,80.71005917159763,1314,0.0,1314,0.5093353248693054,58,1156,0,1308,0,1347,1547,217,314,2894,1156,0.0,1156,85.82034149962881,1308,0.0,1308,0.46915584415584416,-97
E02000965,Westminster,7,8,20.03190121618176,15.313459289496912,616.0,690.0,0.6272912423625254,0.7026476578411406,0.0753564154786151,-4.7184419266848465,376.0,738.0,1243,1190,2433,1114.0,114.0517879161529,-362.0,30.24939662107804,291.0,773.0,1101,1202,2303,1064.0,97.6739036039948,-482.0,26.430517711171664,354.0,737.0,1091.0,107.23304562268804,-383.0,29.747899159663863,290.0,689.0,979.0,86.76074685193227,-399.0,24.126455906821963,-652.0,216.0,868.0,-120.0,-50.0,-16.377884312158102,-3.8188789099063776,-16.0,-112.0,-20.47229877075577,-5.6214432528419,0.5052154195011338,0.906288532675709,0.5208027410670583,0.8871037776812852,concordant,concordant,0.0155873215659244,-0.0191847549944237,5,685,689,616,671,1540,1425,297,235,2965,1374,159.1787521079258,-4,44.48051948051948,1287,139.40505902192243,-55,0.5163472378804961,62,563,645,610,645,1352,1500,251,298,2852,1208,127.32643758765778,-82,41.642011834319526,1255,137.95582047685835,-35,0.49045879009338206,-47
E02000966,Westminster,8,9,15.86646513016412,11.8888945846984,733.0,793.0,0.7464358452138493,0.8075356415478615,0.0610997963340121,-3.977570545465719,154.0,864.0,1107,1132,2239,1018.0,59.42652970075927,-710.0,13.911472448057811,144.0,784.0,1056,1086,2142,928.0,52.705882352941174,-640.0,13.636363636363637,158.0,839.0,997.0,59.20589548905762,-681.0,13.957597173144876,162.0,817.0,979.0,61.78991596638655,-655.0,14.917127071823206,-873.0,33.0,906.0,70.0,-90.0,-6.720647347818094,-0.2751088116941744,26.0,-18.0,2.5840204773289344,0.9595298986783298,0.5052109181141439,0.899955337204109,0.4866282118510749,0.8902894491129785,concordant,concordant,-0.0185827062630689,-0.0096658880911305,6,180,843,176,817,1296,1427,189,295,2723,1023,55.7253029746603,-663,13.88888888888889,993,52.80646345941976,-641,0.5074404761904762,-106,167,767,181,793,1293,1444,237,358,2737,934,46.79905005480453,-600,12.915699922660478,974,52.44172451589331,-612,0.48951781970649894,-121
E02000967,Westminster,9,9,12.805781013856496,9.32516913738765,809.0,880.0,0.8238289205702648,0.8961303462321792,0.0723014256619144,-3.4806118764688456,28.0,879.0,876,1033,1909,907.0,12.892613933996858,-851.0,3.1963470319634704,21.0,837.0,779,1028,1807,858.0,9.727172108467071,-816.0,2.6957637997432604,24.0,705.0,729.0,8.863279203771608,-681.0,2.3233301064859635,19.0,677.0,696.0,7.118428334255673,-658.0,1.8482490272373544,-780.0,29.0,809.0,35.0,-49.0,-3.1654418255297863,-0.50058323222021,23.0,-33.0,-1.7448508695159353,-0.4750810792486091,0.55440097799511,0.856993190151912,0.5521235521235521,0.8599889319313779,concordant,concordant,-0.0022774258715578,0.0029957417794659,7,67,1040,64,995,1191,1209,315,176,2400,1107,29.033333333333335,-973,5.625524769101595,1059,26.533333333333335,-931,0.5110803324099723,139,49,1012,99,844,964,1216,185,188,2180,1061,22.74678899082569,-963,5.08298755186722,943,38.32844036697248,-745,0.529441117764471,-3
E02000968,Westminster,1,1,46.633238366308646,41.57188322442906,45.0,13.0,0.0458248472505091,0.0132382892057026,-0.0325865580448065,-5.061355141879588,816.0,0.0,992,1396,2388,816.0,0.0,816.0,82.25806451612904,881.0,0.0,1023,1400,2423,881.0,0.0,881.0,86.11925708699903,1094.0,0.0,1094.0,0.0,1094.0,78.36676217765043,1204.0,0.0,1204.0,0.0,1204.0,86.0,888.0,888.0,0.0,65.0,65.0,0.0,3.861192570869989,110.0,110.0,0.0,7.633237822349571,0.4272251308900524,0.7998324958123953,0.4225419664268585,0.8605035080478746,concordant,concordant,-0.0046831644631938,0.0606710122354792,1,1036,0,1268,0,1216,1583,224,187,2799,1036,0.0,1036,85.19736842105263,1268,0.0,1268,0.4496527777777778,37,1117,0,1399,0,1276,1613,253,213,2889,1117,0.0,1117,87.53918495297806,1399,0.0,1399,0.44395866454689986,40
E02000969,Westminster,1,1,42.987912226720645,38.760282162588794,89.0,38.0,0.0906313645621181,0.0386965376782077,-0.0519348268839103,-4.227630064131851,727.0,0.0,970,1094,2064,727.0,0.0,727.0,74.94845360824742,578.0,0.0,763,831,1594,578.0,0.0,578.0,75.75360419397117,836.0,0.0,836.0,0.0,836.0,76.41681901279708,677.0,0.0,677.0,0.0,677.0,81.46811070998797,649.0,649.0,0.0,-149.0,-149.0,0.0,0.8051505857237515,-159.0,-159.0,0.0,5.051291697190891,0.4651311580294305,0.7572674418604651,0.4605577689243028,0.78732747804266,concordant,concordant,-0.0045733891051277,0.0300600361821948,1,866,0,993,0,1114,1258,144,164,2372,866,0.0,866,77.737881508079,993,0.0,993,0.4658418504572351,-20,727,0,897,0,920,1065,157,234,1985,727,0.0,727,79.02173913043478,897,0.0,897,0.4476600985221675,-77
E02000970,Westminster,9,9,12.733477150840477,9.603868243912096,812.0,873.0,0.8268839103869654,0.8890020366598778,0.0621181262729123,-3.129608906928379,19.0,950.0,851,1128,1979,969.0,9.120768064679131,-931.0,2.2326674500587544,7.0,833.0,844,993,1837,840.0,3.1741970604246053,-826.0,0.8293838862559242,33.0,691.0,724.0,11.522486104092977,-658.0,2.925531914893617,17.0,670.0,687.0,6.200326619488296,-653.0,1.7119838872104731,-716.0,65.0,781.0,105.0,-129.0,-5.946571004254526,-1.4032835638028305,5.0,-37.0,-5.322159484604681,-1.213548027683144,0.5723567631423508,0.8554825669530066,0.550098231827112,0.8312465977136636,concordant,concordant,-0.0222585313152388,-0.024235969239343,7,75,1177,87,960,1146,1379,295,251,2525,1252,34.960396039603964,-1102,6.544502617801047,1047,33.07722772277228,-873,0.5445846020008699,44,107,1050,71,818,1002,1234,158,241,2236,1157,50.24597495527728,-943,10.67864271457086,889,25.974060822898032,-747,0.5654936461388075,-83
E02000971,Westminster,7,7,17.627172216936252,15.57238404964376,686.0,678.0,0.6985743380855397,0.6904276985743381,-0.0081466395112016,-2.0547881672924913,319.0,794.0,1071,1360,2431,1113.0,104.19004524886878,-475.0,29.785247432306257,265.0,682.0,1270,1227,2497,947.0,72.37885462555066,-417.0,20.866141732283463,370.0,560.0,930.0,85.23241464417934,-190.0,27.205882352941178,335.0,787.0,1122.0,105.58470164197036,-452.0,27.302363488182557,-282.0,353.0,635.0,58.0,-166.0,-31.81119062331813,-8.919105700022794,-262.0,192.0,20.352286997791012,0.0964811352413796,0.5447870778267254,0.8403948992184286,0.457709038182697,0.828594313175811,concordant,concordant,-0.0870780396440284,-0.0118005860426175,6,277,978,275,749,1424,1552,353,192,2976,1255,91.03024193548387,-701,19.452247191011235,1024,69.21202956989248,-474,0.550680122860904,161,221,876,271,1001,1497,1459,227,232,2956,1097,65.49255751014886,-655,14.762859051436205,1272,91.76962110960758,-730,0.463064584212748,-5
E02000972,Westminster,6,6,22.762904041870673,20.047615885147696,540.0,534.0,0.5498981670061099,0.5437881873727087,-0.0061099796334012,-2.715288156722977,499.0,514.0,1159,1052,2211,1013.0,116.00452284034374,-15.0,43.05435720448663,401.0,481.0,1064,1084,2148,882.0,89.79562383612662,-80.0,37.68796992481203,402.0,528.0,930.0,96.0,-126.0,38.21292775665399,454.0,557.0,1011.0,117.72718808193667,-103.0,41.88191881918819,-20.0,406.0,426.0,-65.0,-131.0,-26.208899004217116,-5.366387279674598,23.0,81.0,21.72718808193667,3.668991062534204,0.521358723623263,0.8787878787878788,0.4659270998415214,0.8812849162011173,concordant,concordant,-0.0554316237817415,0.0024970374132384,4,964,412,617,423,1595,1237,436,185,2832,1376,140.24293785310735,552,60.438871473354226,1040,92.15783898305085,194,0.5695364238410596,251,652,404,749,436,1293,1336,229,252,2629,1056,100.19322936477748,248,50.42536736272235,1185,124.21605173069608,313,0.47121820615796517,-23
E02000973,Westminster,5,7,25.753076710980444,17.76054742126883,452.0,604.0,0.460285132382892,0.615071283095723,0.1547861507128309,-7.992529289711616,714.0,460.0,1139,1310,2449,1174.0,134.11188240098,254.0,62.68656716417911,681.0,450.0,1229,1147,2376,1131.0,128.97727272727272,231.0,55.41090317331163,768.0,378.0,1146.0,118.53981216823192,390.0,58.62595419847329,631.0,479.0,1110.0,127.20917508417509,152.0,55.013077593722755,-297.0,299.0,596.0,-23.0,-43.0,-5.134609673707274,-7.2756639908674785,-238.0,-36.0,8.669362915943168,-3.612876604750532,0.5060344827586207,0.9473254389546754,0.5046854082998661,0.9431818181818182,concordant,concordant,-0.0013490744587546,-0.0041436207728571,4,791,486,821,405,1368,1547,229,237,2915,1277,131.87855917667238,305,57.82163742690059,1226,114.06689536878216,416,0.5101877746703956,-8,836,480,825,514,1527,1476,298,329,3003,1316,133.62637362637363,356,54.7478716437459,1339,141.2087912087912,311,0.49566854990583803,-31
E02000974,Westminster,7,6,19.418615181067345,19.778714572508267,629.0,540.0,0.6405295315682281,0.5498981670061099,-0.0906313645621181,0.3600993914409223,260.0,813.0,956,1328,2284,1073.0,92.54816112084065,-553.0,27.19665271966527,280.0,624.0,1300,1070,2370,904.0,73.72151898734177,-344.0,21.53846153846154,293.0,498.0,791.0,63.88528896672504,-205.0,22.063253012048193,256.0,774.0,1030.0,83.60506329113925,-518.0,23.925233644859816,187.0,620.0,433.0,209.0,-169.0,-18.82664213349888,-5.65819118120373,-313.0,239.0,19.719774324414203,1.8619806328116224,0.5756437768240343,0.8161120840630472,0.4674250258531541,0.8160337552742616,concordant,concordant,-0.1082187509708802,-7.83287887856643e-05,5,732,793,562,485,1351,1524,395,196,2875,1525,201.9046956521739,-61,54.18208734270911,1047,94.80695652173912,77,0.5929237947122862,199,689,588,564,734,1644,1309,344,239,2953,1277,137.1933626820183,101,41.90997566909976,1298,140.18828310193024,-170,0.49592233009708736,105
E02000975,Westminster,7,8,19.5138616112824,12.238303472149376,625.0,785.0,0.6364562118126272,0.7993890020366599,0.1629327902240326,-7.275558139133025,271.0,847.0,1105,1342,2447,1118.0,93.80343277482632,-576.0,24.524886877828052,227.0,812.0,1306,1267,2573,1039.0,71.63777691410804,-585.0,17.381316998468606,265.0,636.0,901.0,68.87617490805067,-371.0,19.746646795827125,225.0,894.0,1119.0,78.17722502914886,-669.0,17.75848460931334,-848.0,147.0,995.0,-9.0,-79.0,-22.165655860718275,-7.143569879359447,-298.0,218.0,9.301050121098186,-1.9881621865137864,0.5537394749876177,0.825091949325705,0.4814643188137164,0.8387096774193549,concordant,concordant,-0.0722751561739012,0.0136177280936499,5,652,801,550,618,1441,1578,336,236,3019,1453,172.98840675720436,-149,45.246356696738374,1168,112.58694932096721,-68,0.5543685616177032,100,560,786,552,877,1614,1559,308,292,3173,1346,138.72045382918373,-226,34.696406443618336,1429,152.5698077529152,-325,0.48504504504504503,16
E02000976,Westminster,6,7,23.173297298411423,17.89070033065659,529.0,596.0,0.5386965376782077,0.6069246435845214,0.0682281059063136,-5.282596967754834,614.0,740.0,1351,1664,3015,1354.0,150.69983416252072,-126.0,45.44781643227239,518.0,590.0,1320,1523,2843,1108.0,107.49912064720364,-72.0,39.24242424242424,758.0,635.0,1393.0,159.64510779436154,123.0,45.55288461538461,785.0,660.0,1445.0,182.23707351389376,125.0,51.543007222587,-330.0,403.0,733.0,54.0,-246.0,-43.20071351531708,-6.205392189848148,2.0,52.0,22.591965719532222,5.990122607202387,0.492901346923917,0.9111111111111112,0.4339992166079122,0.8979950756243404,divergent,divergent,-0.0589021303160047,-0.0131160354867706,4,964,609,1012,511,1670,1883,319,219,3553,1573,165.2338868561779,355,57.724550898203596,1523,145.54798761609908,501,0.5080749354005168,100,827,488,1123,542,1603,1818,283,295,3421,1315,117.97018415667934,339,51.59076731129133,1665,177.92049108447821,581,0.4412751677852349,-12
E02000977,Westminster,7,6,20.303301348464625,19.28145999691691,607.0,565.0,0.6181262729124236,0.575356415478615,-0.0427698574338085,-1.0218413515477105,216.0,668.0,961,1015,1976,884.0,73.02024291497976,-452.0,22.47658688865765,161.0,559.0,849,898,1747,720.0,51.5163136805953,-398.0,18.963486454652532,234.0,613.0,847.0,72.59210526315789,-379.0,23.054187192118228,225.0,581.0,806.0,74.8282770463652,-356.0,25.05567928730512,-57.0,311.0,368.0,54.0,-164.0,-21.503929234384454,-3.5131004340051177,23.0,-41.0,2.236171783207311,2.0014920951868937,0.510687463893703,0.8760121457489879,0.4718217562254259,0.8734974241556954,concordant,concordant,-0.038865707668277,-0.0025147215932924,5,739,655,757,581,1456,1518,495,503,2974,1394,162.7589105581708,84,50.755494505494504,1338,147.8873570948218,176,0.5102489019033675,-8,635,539,635,560,1293,1268,444,370,2561,1174,133.6450605232331,96,49.11059551430781,1195,138.8520109332292,75,0.4955677501055298,74
E02000978,Westminster,9,10,11.474002777238404,8.156269337678522,854.0,917.0,0.869653767820774,0.9338085539714868,0.0641547861507128,-3.3177334395598823,43.0,1622.0,864,1994,2858,1665.0,24.403778866340097,-1579.0,4.976851851851852,49.0,992.0,803,1217,2020,1041.0,24.063366336633663,-943.0,6.102117061021171,33.0,617.0,650.0,7.124212736179146,-584.0,1.6549648946840525,15.0,576.0,591.0,4.2772277227722775,-561.0,1.2325390304026294,-1195.0,0.0,1195.0,636.0,-624.0,-0.340412529706434,1.125265209169319,23.0,-59.0,-2.8469850134068686,-0.4224258642814231,0.7192224622030238,0.8100069979006298,0.6378676470588235,0.807920792079208,concordant,concordant,-0.0813548151442002,-0.0020862058214218,8,41,2058,27,1527,1706,2319,842,325,4025,2099,20.963478260869564,-2017,2.4032825322391558,1554,10.243229813664597,-1500,0.5745962222830551,517,40,1400,12,1126,1255,1531,452,314,2786,1440,20.100502512562816,-1360,3.187250996015936,1138,4.849964106245514,-1114,0.5585725368502715,138
E02000979,Westminster,6,6,23.856118017572083,20.43121106471816,497.0,522.0,0.5061099796334012,0.5315682281059063,0.0254582484725051,-3.424906952853924,355.0,434.0,899,978,1877,789.0,82.08311134789558,-79.0,39.48832035595105,306.0,416.0,895,936,1831,722.0,69.52266521026762,-110.0,34.18994413407821,401.0,399.0,800.0,85.24187533297815,2.0,41.00204498977505,372.0,468.0,840.0,95.08246859639542,-96.0,39.743589743589745,-95.0,331.0,426.0,-31.0,-67.0,-12.560446137627965,-5.298376221872843,-98.0,40.0,9.84059326341726,-1.2584552461853065,0.4965387035871617,0.8465636654235482,0.4622279129321383,0.8530857454942654,divergent,concordant,-0.0343107906550234,0.0065220800707171,4,816,320,756,295,1349,1314,450,336,2663,1136,98.05482538490425,496,60.489251297257226,1051,83.74765302290649,461,0.5194330132601738,114,638,334,820,372,1208,1371,313,435,2579,972,82.62582396277627,304,52.81456953642384,1192,118.278402481582,448,0.4491682070240296,-122
E02000980,Westminster,5,5,23.99302454629203,23.260192644483364,491.0,414.0,0.5,0.4215885947046843,-0.0784114052953157,-0.732831901808666,528.0,280.0,939,884,1823,808.0,81.09709270433352,248.0,56.23003194888179,511.0,286.0,885,910,1795,797.0,81.41838440111421,225.0,57.74011299435028,530.0,331.0,861.0,96.23148656061436,199.0,59.95475113122172,523.0,304.0,827.0,88.57493036211699,219.0,57.47252747252747,215.0,506.0,291.0,-23.0,-11.0,0.3212916967806904,1.510081045468489,20.0,-34.0,-7.65655619849737,-2.4822236586942523,0.4841222288795686,0.9155238617663192,0.4907635467980296,0.9047353760445682,concordant,concordant,0.0066413179184609,-0.010788485721751,4,685,319,544,363,1326,1111,387,227,2437,1004,89.66557242511284,366,51.65912518853696,907,81.03077554370127,181,0.5253793825222397,160,566,348,659,337,1130,1220,245,310,2350,914,83.81617021276595,218,50.08849557522124,996,94.50340425531915,322,0.47853403141361256,-65
E02000981,Westminster,7,8,18.899775502168833,14.606049924660976,643.0,713.0,0.654786150712831,0.7260692464358453,0.0712830957230142,-4.293725577507857,257.0,796.0,1001,1157,2158,1053.0,94.7970342910102,-539.0,25.674325674325676,216.0,735.0,1086,1117,2203,951.0,72.06536541080345,-519.0,19.88950276243094,257.0,651.0,908.0,77.52873030583874,-394.0,22.212618841832324,252.0,769.0,1021.0,87.96550158874263,-517.0,22.560429722470904,-677.0,145.0,822.0,20.0,-102.0,-22.731668880206755,-5.784822911894736,-123.0,113.0,10.43677128290389,0.3478108806385798,0.5369709331973483,0.9087117701575532,0.4822515212981744,0.8951429868361326,concordant,concordant,-0.0547194118991739,-0.0135687833214207,5,782,777,599,640,1510,1477,509,320,2987,1559,203.419484432541,5,51.78807947019868,1239,128.34281888182122,-41,0.5571837026447463,189,573,709,747,750,1421,1568,335,451,2989,1282,135.9173636667782,-136,40.323715693173824,1497,187.4372699899632,-3,0.4613170205109752,-116
E02000982,Westminster,6,4,22.44394328977574,25.229968473576776,548.0,351.0,0.5580448065173116,0.3574338085539715,-0.2006109979633401,2.786025183801037,370.0,328.0,858,868,1726,698.0,70.31286210892236,42.0,43.12354312354312,265.0,296.0,676,675,1351,561.0,58.06069578090303,-31.0,39.201183431952664,304.0,346.0,650.0,60.94090382387022,-42.0,35.02304147465438,257.0,279.0,536.0,53.074019245003704,-22.0,38.07407407407408,341.0,471.0,130.0,-73.0,-137.0,-12.252166328019328,-3.922359691590458,20.0,-114.0,-7.866884578866518,3.051032599419706,0.5178041543026706,0.7809965237543454,0.5113947128532361,0.8119911176905995,divergent,concordant,-0.0064094414494344,0.0309945939362541,4,628,266,550,273,1104,1071,246,203,2175,894,76.80367816091955,362,56.88405797101449,823,69.03448275862068,277,0.5206755969714618,43,435,233,512,241,832,911,156,236,1743,668,58.14974182444062,202,52.28365384615385,753,70.79288582903041,271,0.47009148486981,-80
E02000983,Westminster,6,5,22.444794861038652,21.728471580530783,547.0,465.0,0.5570264765784114,0.4735234215885947,-0.0835030549898167,-0.7163232805078685,349.0,409.0,929,905,1834,758.0,77.83042529989095,-60.0,37.56727664155005,223.0,464.0,723,923,1646,687.0,62.86269744835966,-241.0,30.843706777316736,317.0,392.0,709.0,67.7557251908397,-75.0,35.027624309392266,284.0,383.0,667.0,66.08262454434994,-99.0,30.76923076923077,-18.0,348.0,366.0,-181.0,-71.0,-14.967727851531286,-6.7235698642333155,-24.0,-42.0,-1.6731006464897575,-4.258393540161496,0.5167007498295841,0.7998909487459106,0.5073855243722304,0.8226002430133658,concordant,concordant,-0.0093152254573537,0.0227092942674551,4,749,284,526,317,1312,1085,383,180,2397,1033,88.74259491030455,465,57.088414634146346,843,69.5627868168544,209,0.5506396588486141,203,434,395,624,317,910,1228,187,305,2138,829,80.1824134705332,39,47.69230769230769,941,92.5201122544434,307,0.46836158192090394,-118
E02006782,Bromley,7,6,19.056491320309146,19.54619867633957,639.0,553.0,0.6507128309572301,0.5631364562118126,-0.0875763747454174,0.4897073560304257,160.0,206.0,444,465,909,366.0,36.25962596259626,-46.0,36.03603603603604,149.0,206.0,435,413,848,355.0,36.195754716981135,-57.0,34.25287356321839,242.0,256.0,498.0,68.15401540154015,-14.0,52.04301075268817,187.0,268.0,455.0,59.09905660377358,-81.0,45.27845036319613,18.0,188.0,170.0,-11.0,-11.0,-0.0638712456151253,-1.7831624728176507,-67.0,-43.0,-9.054958797766568,-6.76456038949204,0.4236111111111111,0.9504950495049505,0.4382716049382716,0.9551886792452832,concordant,concordant,0.0146604938271605,0.0046936297403326,5,221,205,416,250,503,639,59,174,1142,426,39.671628721541154,16,43.93638170974155,666,91.06830122591944,166,0.3901098901098901,-115,242,201,458,259,528,684,93,271,1212,443,40.133663366336634,41,45.83333333333333,717,97.87293729372938,199,0.38189655172413794,-178
E02006783,Lewisham,2,1,38.12211024762551,35.4899540245027,165.0,72.0,0.1680244399185336,0.0733197556008146,-0.0947046843177189,-2.6321562231228057,359.0,19.0,446,542,988,378.0,6.903846153846154,340.0,80.49327354260089,377.0,38.0,443,468,911,415.0,15.725576289791436,339.0,85.10158013544017,447.0,15.0,462.0,6.786437246963563,432.0,82.47232472324724,366.0,10.0,376.0,4.017563117453348,356.0,78.2051282051282,404.0,404.0,0.0,-1.0,37.0,8.82173013594528,4.608306592839284,-76.0,-86.0,-2.7688741295102144,-4.267196518119036,0.45,0.8502024291497976,0.5246523388116309,0.8682766190998902,concordant,concordant,0.0746523388116308,0.0180741899500925,2,277,19,459,22,494,665,48,123,1159,296,4.540983606557377,258,56.07287449392713,481,8.712683347713547,437,0.38095238095238093,-75,369,50,465,10,518,650,75,182,1168,419,15.79623287671233,319,71.23552123552123,475,3.981164383561644,455,0.46868008948545864,-107
E02006784,Lewisham,2,2,39.0436011747947,33.778356620834884,151.0,102.0,0.1537678207739307,0.1038696537678207,-0.0498981670061099,-5.265244553959818,401.0,16.0,521,491,1012,417.0,6.339920948616601,385.0,76.96737044145874,328.0,23.0,407,416,823,351.0,9.166464155528557,305.0,80.5896805896806,407.0,33.0,440.0,13.271739130434783,374.0,82.89205702647658,346.0,38.0,384.0,15.975698663426488,308.0,83.17307692307693,192.0,260.0,68.0,-80.0,-66.0,2.826543206911956,3.6223101482218567,-66.0,-56.0,2.703959532991705,0.2810198966003554,0.4865810968494749,0.8468379446640316,0.4775510204081633,0.8930741190765492,concordant,concordant,-0.0090300764413116,0.0462361744125175,2,335,18,440,36,574,613,53,122,1187,353,5.080033698399326,317,58.36236933797909,476,13.344566133108676,404,0.42581423401688784,-69,317,24,439,40,474,595,67,179,1069,341,7.1169317118802615,293,66.87763713080169,479,16.426566884939195,399,0.41585365853658535,-112
E02006785,Bexley,8,7,15.067257841276597,17.555093295335233,751.0,609.0,0.7647657841140529,0.620162932790224,-0.1446028513238288,2.4878354540586365,92.0,119.0,302,300,602,211.0,18.186046511627907,-27.0,30.4635761589404,104.0,126.0,283,310,593,230.0,22.097807757166947,-22.0,36.74911660777385,135.0,188.0,323.0,42.159468438538205,-53.0,45.0,141.0,152.0,293.0,36.14165261382799,-11.0,45.483870967741936,17.0,130.0,113.0,5.0,19.0,3.91176124553904,6.285540448833451,42.0,-30.0,-6.017815824710212,0.4838709677419359,0.3951310861423221,0.8870431893687708,0.4397705544933078,0.8819561551433389,concordant,concordant,0.0446394683509857,-0.0050870342254318,6,108,119,168,188,347,432,45,132,779,227,16.498074454428753,-11,31.12391930835735,356,40.54428754813864,-20,0.3893653516295026,-87,128,126,167,152,328,489,45,179,817,254,19.740514075887393,2,39.02439024390244,319,31.069767441860463,15,0.4432809773123909,-134
E02006786,Greenwich,3,4,34.37993648102231,24.861289997311104,244.0,362.0,0.2484725050916497,0.3686354378818737,0.120162932790224,-9.518646483711208,176.0,190.0,516,588,1104,366.0,30.28985507246377,-14.0,34.10852713178294,231.0,126.0,478,441,919,357.0,31.67138193688792,105.0,48.32635983263599,282.0,224.0,506.0,57.21739130434783,58.0,47.95918367346938,223.0,164.0,387.0,39.79542981501632,59.0,50.56689342403629,79.0,222.0,143.0,119.0,-9.0,1.3815268644241492,14.217832700853045,1.0,-119.0,-17.42196148933151,2.6077097505669045,0.4197247706422018,0.7898550724637681,0.4798387096774194,0.809575625680087,divergent,concordant,0.0601139390352175,0.0197205532163189,2,243,169,439,186,583,745,67,157,1328,412,30.92394578313253,74,41.680960548885075,625,61.48644578313253,253,0.39729990356798456,-90,323,105,481,130,567,699,89,258,1266,428,26.78909952606635,218,56.96649029982363,611,49.39178515007899,351,0.41193455245428295,-169
E02006787,Bromley,10,9,7.644158161480512,10.263266052731172,944.0,851.0,0.9613034623217924,0.8665987780040734,-0.0947046843177189,2.6191078912506596,0.0,331.0,507,448,955,331.0,0.0,-331.0,0.0,0.0,315.0,482,423,905,315.0,0.0,-315.0,0.0,0.0,425.0,425.0,0.0,-425.0,0.0,0.0,413.0,413.0,0.0,-413.0,0.0,-147.0,78.0,225.0,16.0,-16.0,0.0,0.0,12.0,-12.0,0.0,0.0,0.4378306878306878,0.7916230366492146,0.4326923076923077,0.8044198895027624,concordant,concordant,-0.0051383801383801,0.0127968528535478,9,34,481,64,490,569,595,62,147,1164,515,14.049828178694158,-447,5.975395430579964,554,26.941580756013746,-426,0.48175865294667913,-85,36,557,58,473,538,658,56,235,1196,593,16.765886287625417,-521,6.691449814126393,531,22.938127090301002,-415,0.5275800711743772,-179
E02006788,Croydon,5,2,25.310371444118157,30.45134844776504,466.0,192.0,0.4745417515274949,0.1955193482688391,-0.2790224032586558,5.140977003646881,161.0,223.0,476,527,1003,384.0,35.79561316051844,-62.0,33.82352941176471,171.0,186.0,479,498,977,357.0,32.554759467758444,-15.0,35.699373695198325,241.0,242.0,483.0,58.14755732801595,-1.0,45.73055028462998,252.0,223.0,475.0,57.51893551688843,29.0,50.602409638554214,317.0,344.0,27.0,47.0,-27.0,-3.2408536927599982,1.875844283433615,30.0,-8.0,-0.6286218111275161,4.871859353924236,0.4429065743944637,0.864406779661017,0.4290865384615384,0.8515864892528148,concordant,divergent,-0.0138200359329252,-0.0128202904082022,4,160,256,320,289,521,659,45,132,1180,416,34.71186440677966,-96,30.710172744721685,609,78.37288135593221,31,0.4058536585365854,-87,175,215,477,268,533,753,54,255,1286,390,29.257387247278384,-40,32.833020637898684,745,99.4059097978227,209,0.3436123348017621,-201
E02006789,Bromley,8,8,14.432453952868851,13.734641885625969,764.0,739.0,0.7780040733197556,0.7525458248472505,-0.0254582484725051,-0.697812067242884,219.0,76.0,373,254,627,295.0,26.545454545454547,143.0,58.71313672922251,187.0,64.0,305,182,487,251.0,24.57494866529774,123.0,61.31147540983607,155.0,130.0,285.0,32.1371610845295,25.0,61.023622047244096,102.0,94.0,196.0,19.68788501026694,8.0,56.04395604395605,106.0,176.0,70.0,-20.0,-44.0,-1.9705058801568072,2.5983386806135584,-17.0,-89.0,-12.449276074262563,-4.979666003288045,0.5086206896551724,0.9250398724082934,0.5615212527964206,0.917864476386037,concordant,concordant,0.0529005631412482,-0.0071753960222564,7,207,318,146,278,497,474,124,220,971,525,67.79196704428425,-111,41.649899396378274,424,41.800205973223484,-132,0.553213909378293,-96,169,365,98,218,408,467,103,285,875,534,70.49714285714286,-196,41.42156862745098,316,24.416,-120,0.6282352941176471,-182
E02006791,Ealing,7,7,17.735338637071653,15.630997633836143,682.0,675.0,0.6945010183299389,0.6873727087576375,-0.0071283095723014,-2.1043410032355077,421.0,424.0,930,918,1848,845.0,96.5930735930736,-3.0,45.26881720430108,292.0,353.0,884,731,1615,645.0,63.82414860681114,-61.0,33.03167420814479,428.0,414.0,842.0,95.88311688311688,14.0,46.62309368191721,306.0,503.0,809.0,95.30526315789474,-197.0,41.86046511627907,-68.0,287.0,355.0,-58.0,-200.0,-32.768924986262455,-12.237142996156289,-211.0,-33.0,-0.5778537252221412,-4.762628565638138,0.5008891523414345,0.9128787878787878,0.4436038514442916,0.9003095975232198,divergent,concordant,-0.0572853008971429,-0.012569190355568,6,257,485,251,505,1123,1171,193,253,2294,742,54.33522231909329,-228,22.885129118432772,756,55.25501307759372,-254,0.4953271028037383,-60,157,420,191,585,1030,1081,146,350,2111,577,31.23638086215064,-263,15.242718446601941,776,52.929891046897204,-394,0.42645971914264597,-204
E02006792,Hounslow,8,8,16.499050087033485,13.173791790532816,714.0,752.0,0.7270875763747454,0.7657841140529531,0.0386965376782076,-3.325258296500669,205.0,644.0,1067,1023,2090,849.0,63.16746411483253,-439.0,19.21274601686973,247.0,632.0,1076,1020,2096,879.0,74.47709923664122,-385.0,22.95539033457249,215.0,661.0,876.0,67.99760765550239,-446.0,21.01661779081134,241.0,676.0,917.0,77.72709923664122,-435.0,23.627450980392155,-431.0,249.0,680.0,54.0,30.0,11.30963512180869,3.742644317702758,11.0,41.0,9.72949158113883,2.6108331895808163,0.4921739130434782,0.8253588516746412,0.4894209354120267,0.8568702290076335,concordant,concordant,-0.0027529776314514,0.0315113773329923,6,217,577,239,594,1436,1325,369,302,2761,794,45.34914885910902,-360,15.11142061281337,833,51.418326693227094,-355,0.4880147510755993,67,282,557,251,631,1334,1418,258,398,2752,839,57.07630813953488,-275,21.13943028485757,882,57.55123546511628,-380,0.4875072632190587,-140
E02006793,Enfield,1,1,48.146533172725945,39.73378967304625,33.0,25.0,0.0336048879837067,0.025458248472505,-0.0081466395112016,-8.412743499679692,572.0,0.0,836,760,1596,572.0,0.0,572.0,68.42105263157895,376.0,0.0,581,678,1259,376.0,0.0,376.0,64.71600688468159,581.0,0.0,581.0,0.0,581.0,76.44736842105263,538.0,0.0,538.0,0.0,538.0,79.35103244837758,313.0,313.0,0.0,-196.0,-196.0,0.0,-3.705045746897355,-43.0,-43.0,0.0,2.9036640273249503,0.4960971379011274,0.7224310776942355,0.4113785557986871,0.7259729944400317,concordant,concordant,-0.0847185821024403,0.0035419167457961,1,650,0,726,0,924,916,88,156,1840,650,0.0,650,70.34632034632034,726,0.0,726,0.47238372093023256,-68,488,0,760,0,698,902,117,224,1600,488,0.0,488,69.91404011461319,760,0.0,760,0.391025641025641,-107
E02006794,Haringey,1,1,55.820902862171174,43.505945545171336,2.0,7.0,0.0020366598778004,0.0071283095723014,0.005091649694501,-12.314957316999838,475.0,0.0,814,723,1537,475.0,0.0,475.0,58.353808353808354,295.0,0.0,531,681,1212,295.0,0.0,295.0,55.55555555555556,421.0,0.0,421.0,0.0,421.0,58.229598893499315,476.0,0.0,476.0,0.0,476.0,69.89720998531571,313.0,313.0,0.0,-180.0,-180.0,0.0,-2.798252798252797,55.0,55.0,0.0,11.667611091816395,0.5301339285714286,0.58295380611581,0.3826199740596627,0.6361386138613861,concordant,concordant,-0.1475139545117658,0.0531848077455761,1,511,0,531,0,877,835,63,112,1712,511,0.0,511,58.26681870011402,531,0.0,531,0.4904030710172745,-49,328,0,692,0,567,910,36,229,1477,328,0.0,328,57.84832451499118,692,0.0,692,0.3215686274509804,-193
E02006795,Harrow,9,9,12.05132583707604,11.156114538527714,832.0,821.0,0.8472505091649695,0.8360488798370672,-0.0112016293279022,-0.8952112985483272,67.0,417.0,500,561,1061,484.0,26.332704995287465,-350.0,13.4,87.0,373.0,525,556,1081,460.0,30.019426456984274,-286.0,16.57142857142857,82.0,380.0,462.0,29.368520263901974,-298.0,14.616755793226382,95.0,387.0,482.0,34.01017576318224,-292.0,17.086330935251798,-366.0,48.0,414.0,64.0,-24.0,3.686721461696809,3.171428571428569,6.0,20.0,4.641655499280265,2.469575142025416,0.5116279069767442,0.8916116870876531,0.4883227176220807,0.8714153561517114,concordant,concordant,-0.0233051893546635,-0.0201963309359417,8,47,649,60,493,579,748,79,187,1327,696,22.986435568952526,-602,8.117443868739207,553,22.290881688018086,-433,0.5572457966373099,-108,44,735,71,489,596,857,71,301,1453,779,22.257398485891258,-691,7.38255033557047,560,23.89470061940812,-418,0.5817774458551157,-230
E02006796,Hillingdon,8,8,17.178109948186528,12.927289714350232,695.0,759.0,0.7077393075356415,0.7729124236252546,0.065173116089613,-4.250820233836295,180.0,221.0,561,481,1042,401.0,38.17658349328215,-41.0,32.0855614973262,151.0,239.0,618,479,1097,390.0,32.897903372835,-88.0,24.433656957928804,175.0,311.0,486.0,52.23128598848368,-136.0,36.38253638253639,161.0,389.0,550.0,57.09115770282589,-228.0,33.61169102296451,-97.0,144.0,241.0,-47.0,-11.0,-5.278680120447149,-7.6519045393974,-92.0,64.0,4.859871714342212,-2.7708453595718794,0.4520856820744081,0.8512476007677543,0.4148936170212766,0.8568824065633546,concordant,concordant,-0.0371920650531315,0.0056348057956002,6,195,221,195,304,668,879,107,398,1547,416,27.857142857142858,-26,29.191616766467064,499,38.319327731092436,-109,0.4546448087431694,-291,163,238,198,389,824,1201,206,722,2025,401,19.157530864197533,-75,19.781553398058254,587,38.035555555555554,-191,0.4058704453441296,-516
E02006798,Lewisham,3,1,35.135149628777924,35.76367588481542,223.0,66.0,0.2270875763747454,0.0672097759674134,-0.1598778004073319,0.628526256037496,510.0,277.0,903,983,1886,787.0,74.90455991516437,233.0,56.47840531561462,452.0,354.0,837,1200,2037,806.0,78.55081001472755,98.0,54.00238948626045,571.0,286.0,857.0,86.58854718981972,285.0,58.08748728382503,718.0,277.0,995.0,97.6367206676485,441.0,59.833333333333336,693.0,693.0,0.0,-135.0,19.0,3.646250099563176,-2.476015829354175,156.0,138.0,11.048173477828785,1.7458460495083088,0.4787104622871046,0.8716861081654295,0.44752915047196,0.8841433480608738,concordant,concordant,-0.0311813118151446,0.0124572398954443,2,766,105,755,125,1157,1167,254,184,2324,871,34.60843373493976,661,66.2057044079516,880,40.60886402753873,630,0.4974300399771559,70,649,148,1073,120,1032,1553,195,353,2585,797,37.15744680851064,501,62.8875968992248,1193,49.81044487427466,953,0.40050251256281405,-158
E02006799,Barking and Dagenham,3,1,35.16053963461081,34.92821182174156,222.0,79.0,0.2260692464358452,0.080448065173116,-0.1456211812627291,-0.2323278128692436,356.0,151.0,731,671,1402,507.0,38.342368045649074,205.0,48.700410396716826,313.0,136.0,592,479,1071,449.0,39.74603174603175,177.0,52.87162162162162,433.0,279.0,712.0,86.16761768901569,154.0,64.53055141579732,279.0,184.0,463.0,47.9327731092437,95.0,58.24634655532359,435.0,435.0,0.0,-28.0,-58.0,1.4036637003826726,4.171211224904795,-59.0,-249.0,-38.23484457977199,-6.284204860473729,0.4159146841673503,0.869472182596291,0.4923245614035088,0.8515406162464986,concordant,concordant,0.0764098772361585,-0.0179315663497924,2,442,83,631,144,817,864,86,193,1681,525,21.82391433670434,359,54.100367197062425,775,54.05353955978584,487,0.40384615384615385,-107,390,86,606,77,657,806,65,327,1463,476,22.925495557074505,304,59.3607305936073,683,31.894736842105264,529,0.41069887834339946,-262
E02006800,Redbridge,6,5,23.655930750635015,21.115020217620216,506.0,487.0,0.515274949083503,0.4959266802443992,-0.0193482688391038,-2.5409105330147987,240.0,563.0,1015,1117,2132,803.0,63.37711069418386,-323.0,23.645320197044335,271.0,685.0,1008,1223,2231,956.0,83.20708202599731,-414.0,26.884920634920633,426.0,647.0,1073.0,129.27861163227016,-221.0,38.137869292748434,405.0,616.0,1021.0,111.82429403854772,-211.0,33.11529026982829,-162.0,381.0,543.0,-91.0,153.0,19.829971331813447,3.239600437876298,10.0,-52.0,-17.454317593722436,-5.022579022920141,0.4280383795309168,0.8799249530956847,0.4835609509357612,0.8861497086508292,concordant,concordant,0.0555225714048444,0.0062247555551444,4,422,503,771,586,1178,1448,163,331,2626,925,80.83244478293983,-81,35.82342954159593,1357,172.05102817974105,185,0.4053461875547765,-168,445,569,818,532,1163,1618,155,395,2781,1014,91.04818410643654,-124,38.26311263972485,1350,156.48184106436534,286,0.4289340101522843,-240
E02006801,Lambeth,5,6,25.69412884615385,20.595528575748418,455.0,514.0,0.4633401221995926,0.5234215885947047,0.060081466395112,-5.098600270405434,377.0,693.0,1029,1359,2388,1070.0,109.40577889447236,-316.0,36.63751214771623,469.0,697.0,1215,1525,2740,1166.0,119.30401459854016,-228.0,38.60082304526749,515.0,481.0,996.0,103.73324958123952,34.0,37.895511405445184,634.0,588.0,1222.0,136.05547445255473,46.0,41.57377049180328,-481.0,320.0,801.0,88.0,96.0,9.8982357040678,1.96331089755126,12.0,226.0,32.322224871315214,3.678259086358096,0.5179090029041626,0.8651591289782244,0.4882747068676717,0.8715328467153285,divergent,divergent,-0.0296342960364909,0.006373717737104,4,830,764,630,556,1596,1630,567,271,3226,1594,196.56540607563545,66,52.00501253132832,1186,108.58028518288903,74,0.5733812949640288,296,907,794,823,663,1807,1906,592,381,3713,1701,193.95583086453004,113,50.193691200885446,1486,146.95636951252357,160,0.5337307812990273,211
E02006802,Southwark,3,2,33.47277584647303,32.09325977133741,274.0,147.0,0.2790224032586558,0.1496945010183299,-0.1293279022403258,-1.3795160751356192,562.0,365.0,906,1160,2066,927.0,99.28848015488867,197.0,62.03090507726269,738.0,346.0,1160,1339,2499,1084.0,102.18007202881152,392.0,63.62068965517241,652.0,235.0,887.0,74.16263310745401,417.0,56.20689655172414,844.0,289.0,1133.0,97.60544217687077,555.0,63.032113517550414,811.0,923.0,112.0,195.0,157.0,2.8915918739228488,1.5897845779097253,138.0,246.0,23.442809069416754,6.825216965826272,0.5110253583241455,0.8780251694094869,0.4889490302210194,0.8871548619447779,concordant,concordant,-0.0220763281031261,0.0091296925352909,2,1262,122,930,84,1605,1434,699,274,3039,1384,50.662717999341886,1140,78.62928348909657,1014,25.705824284304047,846,0.5771476230191827,425,1255,152,1262,133,1672,1756,512,417,3428,1407,55.647607934655774,1103,75.0598086124402,1395,48.963243873978996,1129,0.5021413276231264,95
E02006836,Sutton,10,10,7.437845826997672,4.518212211025489,947.0,980.0,0.9643584521384928,0.9979633401221996,0.0336048879837066,-2.9196336159721836,0.0,310.0,485,402,887,310.0,0.0,-310.0,0.0,0.0,263.0,514,362,876,263.0,0.0,-263.0,0.0,0.0,375.0,375.0,0.0,-375.0,0.0,0.0,431.0,431.0,0.0,-431.0,0.0,-264.0,0.0,264.0,47.0,-47.0,0.0,0.0,-56.0,56.0,0.0,0.0,0.4525547445255474,0.7722660653889515,0.3789625360230547,0.7922374429223744,concordant,concordant,-0.0735922085024927,0.0199713775334229,10,0,701,0,628,698,763,213,361,1461,701,0.0,-701,0.0,628,0.0,-628,0.527464258841234,-148,0,688,0,671,702,752,188,390,1454,688,0.0,-688,0.0,671,0.0,-671,0.5062545989698307,-202
E02006853,Tower Hamlets,2,6,38.60943,20.949234397829265,154.0,494.0,0.1568228105906313,0.5030549898167006,0.3462321792260692,-17.660195602170738,649.0,122.0,1096,681,1777,771.0,44.55711873944851,527.0,59.21532846715328,885.0,344.0,1655,1472,3127,1229.0,97.35849056603772,541.0,53.47432024169184,402.0,253.0,655.0,57.23466516601013,149.0,59.03083700440529,879.0,394.0,1273.0,110.75343779980813,485.0,59.71467391304349,-350.0,365.0,715.0,14.0,458.0,52.8013718265892,-5.741008225461435,336.0,618.0,53.518772633797994,0.6838369086381988,0.5406732117812062,0.8024760832864378,0.491207034372502,0.8001279181323953,concordant,concordant,-0.0494661774087041,-0.0023481651540425,2,966,199,502,352,1477,830,381,149,2307,1165,83.32639791937581,767,65.40284360189574,854,76.59471174685739,150,0.5770183259039128,232,1077,499,1033,569,2012,1768,357,296,3780,1576,142.17539682539683,578,53.52882703777336,1602,155.49656084656084,464,0.49590937696664567,61
E02006854,Tower Hamlets,9,8,10.53685,13.934680048173425,881.0,733.0,0.8971486761710794,0.7464358452138493,-0.1507128309572301,3.3978300481734234,15.0,628.0,1039,738,1777,643.0,5.30106921778278,-613.0,1.4436958614051971,18.0,933.0,1574,1072,2646,951.0,6.346938775510204,-915.0,1.1435832274459974,41.0,970.0,1011.0,22.380416432189083,-929.0,5.555555555555555,68.0,1528.0,1596.0,39.26832955404384,-1460.0,6.343283582089552,-735.0,76.0,811.0,-302.0,308.0,1.045869557727424,-0.3001126339591997,-531.0,585.0,16.887913121854755,0.7877280265339968,0.3887545344619105,0.9307822172200336,0.3733804475853945,0.9625850340136054,concordant,concordant,-0.0153740868765159,0.0318028167935716,8,11,842,37,1326,1378,919,339,181,2297,853,4.0322159338267305,-831,0.7982583454281567,1363,21.359164127122334,-1289,0.384927797833935,158,16,1223,60,1786,1822,1324,248,252,3146,1239,6.219961856325493,-1207,0.8781558726673985,1846,34.06230133502861,-1726,0.40162074554294974,-4
E02006882,Harrow,9,8,13.264953788344856,12.478481377961009,789.0,777.0,0.8034623217922607,0.7912423625254582,-0.0122199592668025,-0.7864724103838476,28.0,824.0,824,1016,1840,852.0,12.539130434782608,-796.0,3.3980582524271843,42.0,656.0,619,838,1457,698.0,18.91008922443377,-614.0,6.78513731825525,50.0,728.0,778.0,19.782608695652176,-678.0,4.921259842519685,70.0,517.0,587.0,24.838709677419356,-447.0,8.353221957040573,-394.0,122.0,516.0,182.0,-154.0,6.37095878965116,3.387079065828066,231.0,-191.0,5.05610098176718,3.4319621145208874,0.5226993865030675,0.8858695652173914,0.5431906614785992,0.8819492107069321,concordant,concordant,0.0204912749755317,-0.0039203545104592,7,87,1085,125,800,969,1359,145,343,2328,1172,40.547680412371136,-998,8.978328173374612,925,42.955326460481096,-675,0.558893657606104,-198,78,968,166,604,761,1214,142,376,1975,1046,38.22987341772152,-890,10.249671484888305,770,50.76658227848101,-438,0.5759911894273128,-234
E02006918,Hackney,2,1,42.37577331858407,34.59156349467676,104.0,86.0,0.1059063136456211,0.0875763747454175,-0.0183299389002036,-7.784209823907311,288.0,241.0,914,639,1553,529.0,44.69285254346426,47.0,31.50984682713348,230.0,225.0,694,693,1387,455.0,37.31074260994953,5.0,33.14121037463977,245.0,403.0,648.0,63.57694784288474,-158.0,38.341158059467915,334.0,282.0,616.0,67.90771449170872,52.0,48.1962481962482,461.0,461.0,0.0,-42.0,-74.0,-7.382109933514734,1.6313635475062895,210.0,-32.0,4.330766648823975,9.855090136780284,0.4494477485131691,0.7578879587894398,0.4248366013071895,0.772170151405912,divergent,concordant,-0.0246111472059795,0.0142821926164722,1,673,0,534,0,1084,781,170,142,1865,673,0.0,673,62.08487084870848,534,0.0,534,0.5575807787903894,28,501,0,709,0,784,937,90,244,1721,501,0.0,501,63.9030612244898,709,0.0,709,0.4140495867768595,-154
E02006921,Hackney,1,1,46.40006139721074,35.71100546707868,50.0,67.0,0.0509164969450101,0.0682281059063136,0.0173116089613034,-10.689055930132064,374.0,0.0,595,600,1195,374.0,0.0,374.0,62.857142857142854,342.0,0.0,495,563,1058,342.0,0.0,342.0,69.0909090909091,402.0,0.0,402.0,0.0,402.0,67.0,421.0,0.0,421.0,0.0,421.0,74.77797513321492,393.0,393.0,0.0,-32.0,-32.0,0.0,6.233766233766239,19.0,19.0,0.0,7.777975133214923,0.4819587628865979,0.6493723849372385,0.4482306684141546,0.72117202268431,concordant,concordant,-0.0337280944724432,0.0717996377470715,1,419,0,443,0,679,693,84,93,1372,419,0.0,419,61.70839469808542,443,0.0,443,0.48607888631090485,-9,363,0,506,0,546,683,51,120,1229,363,0.0,363,66.48351648351648,506,0.0,506,0.4177215189873418,-69
E02006924,Redbridge,7,7,17.639410719092332,16.086962554080262,685.0,656.0,0.6975560081466395,0.6680244399185336,-0.0295315682281059,-1.5524481650120698,124.0,513.0,801,832,1633,637.0,38.954072259644825,-389.0,15.480649188514356,83.0,675.0,791,1082,1873,758.0,29.911906033101975,-592.0,10.493046776232616,177.0,586.0,763.0,63.51622780159216,-409.0,21.27403846153846,263.0,614.0,877.0,86.21569674319274,-351.0,24.306839186691313,-571.0,88.0,659.0,-203.0,121.0,-9.04216622654285,-4.98760241228174,58.0,114.0,22.69946894160058,3.0328007251528533,0.455,0.8573178199632578,0.4636085626911315,0.8729311265349706,concordant,concordant,0.0086085626911314,0.0156133065717127,6,80,655,144,677,945,1066,144,234,2011,735,26.056688214818497,-575,8.465608465608465,821,48.477374440576824,-533,0.4723650385604113,-90,68,819,200,707,919,1431,128,349,2350,887,23.69872340425532,-751,7.399347116430903,907,60.170212765957444,-507,0.4944258639910814,-221
E02006925,Redbridge,8,9,14.066332474888604,10.627992830777966,774.0,840.0,0.7881873727087576,0.8553971486761711,0.0672097759674135,-3.4383396441106377,70.0,496.0,756,625,1381,566.0,25.141202027516293,-426.0,9.25925925925926,49.0,547.0,753,771,1524,596.0,17.58727034120735,-498.0,6.507304116865869,86.0,653.0,739.0,40.66473569876901,-567.0,13.76,170.0,651.0,821.0,72.61811023622047,-481.0,22.04928664072633,-587.0,11.0,598.0,-72.0,30.0,-7.5539316863089425,-2.75195514239339,86.0,82.0,31.953374537451467,8.28928664072633,0.4337164750957854,0.944967414916727,0.4206069160197601,0.9297900262467192,concordant,concordant,-0.0131095590760253,-0.0151773886700078,7,22,865,58,777,851,958,95,333,1809,887,10.519624101713655,-843,2.5851938895417157,835,24.912106135986733,-719,0.5150987224157956,-238,22,982,126,773,844,1167,91,396,2011,1004,10.742913973147688,-960,2.6066350710900474,899,48.43262058677275,-647,0.5275880189174987,-305
E02006927,Greenwich,6,5,23.39757567159052,22.64631417989418,518.0,437.0,0.5274949083503055,0.445010183299389,-0.0824847250509165,-0.75126149169634,119.0,846.0,549,1249,1798,965.0,55.99221357063403,-727.0,21.67577413479053,187.0,446.0,1061,770,1831,633.0,45.54997269251775,-259.0,17.6248821866164,248.0,364.0,612.0,50.206896551724135,-116.0,19.855884707766215,226.0,730.0,956.0,90.10376843255052,-504.0,29.35064935064935,100.0,422.0,322.0,468.0,-332.0,-10.44224087811628,-4.0508919481741295,-388.0,344.0,39.89687188082639,9.494764642883132,0.6119213696892835,0.8770856507230256,0.3983637507866582,0.8678317859093392,concordant,concordant,-0.2135576189026252,-0.0092538648136863,4,224,766,456,302,651,1454,102,205,2105,990,81.5125890736342,-542,34.40860215053764,758,65.42137767220903,154,0.5663615560640732,-103,341,385,632,658,1209,1161,148,391,2370,726,55.39451476793249,-44,28.205128205128204,1290,175.46666666666667,-26,0.3601190476190476,-243
E02006928,Greenwich,1,6,43.937,20.76187300019751,78.0,502.0,0.0794297352342158,0.5112016293279023,0.4317718940936864,-23.175126999802487,921.0,0.0,1098,1106,2204,921.0,0.0,921.0,83.87978142076503,1331.0,0.0,1528,1610,3138,1331.0,0.0,1331.0,87.10732984293193,1035.0,0.0,1035.0,0.0,1035.0,93.58047016274864,1405.0,0.0,1405.0,0.0,1405.0,87.26708074534162,-439.0,368.0,807.0,410.0,410.0,0.0,3.2275484221669046,370.0,370.0,0.0,-6.3133894174070235,0.4708588957055215,0.8874773139745916,0.4864766081871345,0.8718929254302104,concordant,concordant,0.015617712481613,-0.0155843885443812,1,1480,0,1274,0,1673,1366,575,260,3039,1480,0.0,1480,88.46383741781231,1274,0.0,1274,0.5374001452432825,315,1957,0,1976,0,2195,2221,667,611,4416,1957,0.0,1957,89.15717539863326,1976,0.0,1976,0.4975845410628019,56
E02006929,Greenwich,3,4,35.453564395625115,27.1150059073724,213.0,297.0,0.2169042769857433,0.3024439918533605,0.0855397148676171,-8.338558488252716,672.0,238.0,1187,835,2022,910.0,79.0979228486647,434.0,56.61331086773378,1138.0,453.0,2270,1453,3723,1591.0,138.46736502820306,685.0,50.13215859030837,550.0,389.0,939.0,105.811078140455,161.0,65.86826347305389,903.0,915.0,1818.0,221.92989524576953,-12.0,62.14728148657949,810.0,1193.0,383.0,251.0,681.0,59.36944217953837,-6.481152277425409,-173.0,879.0,116.11881710531452,-3.720981986474399,0.4921579232017307,0.9144411473788328,0.4667057788207686,0.9156594144507118,concordant,divergent,-0.0254521443809621,0.0012182670718788,2,951,137,803,286,1466,1088,279,253,2554,1088,51.012920908379016,814,64.87039563437926,1089,89.92090837901331,517,0.4997703261368856,26,1589,331,1629,638,2707,2179,437,726,4886,1920,107.6461318051576,1258,58.69966752862948,2267,212.71019238641014,991,0.4585622163840459,-289
E02006930,Greenwich,6,6,23.43407011973807,20.582795807350404,516.0,515.0,0.5254582484725051,0.5244399185336049,-0.0010183299389001,-2.8512743123876696,150.0,618.0,771,886,1657,768.0,55.944477972238985,-468.0,19.45525291828794,190.0,666.0,1358,999,2357,856.0,53.6868901145524,-476.0,13.991163475699558,148.0,499.0,647.0,44.56970428485214,-351.0,16.70428893905192,201.0,1014.0,1215.0,86.47178616885871,-813.0,20.12012012012012,-284.0,284.0,568.0,-8.0,88.0,-2.2575878576865875,-5.4640894425883815,-462.0,568.0,41.90208188400657,3.4158311810681994,0.542756183745583,0.8539529269764635,0.4133268952197006,0.8786593126856173,concordant,concordant,-0.1294292885258823,0.0247063857091537,4,415,528,421,428,1032,1151,261,265,2183,943,100.3756298671553,-113,40.213178294573645,849,82.54145671094824,-7,0.5262276785714286,-4,445,594,728,922,1597,1519,239,520,3116,1039,84.82991014120668,-149,27.86474639949906,1650,215.40949935815146,-194,0.38638899219040534,-281
E02006931,Greenwich,5,6,26.460324700854702,19.13596799574694,439.0,569.0,0.4470468431771894,0.5794297352342159,0.1323828920570265,-7.32435670510776,384.0,545.0,1080,1022,2102,929.0,99.56232159847764,-161.0,35.55555555555556,277.0,579.0,997,996,1993,856.0,80.47315604616156,-302.0,27.783350050150453,396.0,632.0,1028.0,119.06374881065652,-236.0,38.74755381604697,349.0,657.0,1006.0,115.04917210235826,-308.0,35.040160642570285,-321.0,219.0,540.0,-141.0,-73.0,-19.089165552316075,-7.772205505405104,-72.0,-22.0,-4.014576708298264,-3.7073931734766816,0.4747061829330608,0.9310180780209324,0.4597207303974221,0.934269944806824,concordant,concordant,-0.0149854525356387,0.0032518667858915,4,527,591,631,658,1397,1411,317,389,2808,1118,110.91773504273505,-64,37.72369362920544,1289,147.86253561253562,-27,0.46447860407145825,-72,405,604,637,687,1242,1449,245,453,2691,1009,90.90301003344482,-199,32.608695652173914,1324,162.6231884057971,-50,0.4324903557651093,-208
