msoa11cd,ladnm,Wealth_Decile,Wealth_Decile_National,IMD_Pctile_Change,Phase2_Extreme,Dom_A_11,CDS_A_11,Typ_A_11,Dom_B_11,CDS_B_11,Typ_B_11,Dom_C_11,CDS_C_11,Typ_C_11,switch_A2B_11,switch_B2C_11,switch_A2C_11,Dom_A_21,CDS_A_21,Typ_A_21,Dom_B_21,CDS_B_21,Typ_B_21,Dom_C_21,CDS_C_21,Typ_C_21,switch_A2B_21,switch_B2C_21,switch_A2C_21
E02000001,City of London,9,8,-0.1668362156663275,False,0.5599173553719008,0.9373789541639768,Cascade-led,0.5582491582491582,0.9586830213040671,Cascade-led,0.4995644599303135,0.9728813559322034,Symmetric,False,True,True,0.4452316076294278,0.9235027679919476,Counter-led,0.44438614900314793,0.9592350276799195,Counter-led,0.4743233865371269,0.9726628417144786,Counter-led,False,False,False
E02000002,Barking and Dagenham,1,1,0.0,False,0.5909631391200951,0.8616803278688525,Cascade-led,0.5875299760191847,0.8545081967213115,Cascade-led,0.530511811023622,0.8773747841105354,Cascade-led,False,False,False,0.53125,0.8544726301735648,Cascade-led,0.5293185419968305,0.842456608811749,Cascade-led,0.4290254237288136,0.8888888888888888,Counter-led,False,True,True
E02000003,Barking and Dagenham,5,4,-0.1068158697863682,False,0.4603174603174603,0.9402985074626866,Counter-led,0.4685483870967742,0.8813077469793887,Counter-led,0.445645263827082,0.9040229885057471,Counter-led,False,False,False,0.4159631619339984,0.9517896274653032,Counter-led,0.4030612244897959,0.8590211833455077,Counter-led,0.3516057585825027,0.9034517258629314,Counter-led,False,False,False
E02000004,Barking and Dagenham,6,4,-0.1495422177009155,True,0.3839150227617602,0.937411095305832,Counter-led,0.3905996758508914,0.8776671408250356,Counter-led,0.3745454545454545,0.9055982436882547,Counter-led,False,False,False,0.3338129496402878,0.9391891891891893,Counter-led,0.35735735735735735,0.9,Counter-led,0.3193877551020408,0.9297912713472486,Counter-led,False,False,False
E02000005,Barking and Dagenham,4,3,-0.103763987792472,False,0.4589235127478753,0.8944256756756757,Counter-led,0.4601941747572815,0.8699324324324325,Counter-led,0.4058956916099773,0.8957345971563981,Counter-led,False,False,False,0.4239543726235741,0.8900169204737732,Counter-led,0.4191866527632951,0.811336717428088,Counter-led,0.3523107836570663,0.87004662004662,Counter-led,False,False,False
E02000007,Barking and Dagenham,2,2,-0.0671414038657171,False,0.5503062117235346,0.7931991672449688,Cascade-led,0.5213581599123768,0.6335877862595419,Lateral,0.4741379310344827,0.7073170731707317,Lateral,True,False,True,0.436308926780341,0.819227608874281,Counter-led,0.412484700122399,0.6713229252259655,Lateral,0.3553459119496855,0.7607655502392344,Lateral,True,False,True
E02000008,Barking and Dagenham,3,2,-0.1200406917599186,False,0.4707581227436823,0.8491722869405273,Counter-led,0.48383838383838385,0.6069895769466584,Lateral,0.4112215909090909,0.6871644704734017,Lateral,True,False,True,0.3895297249334516,0.8609625668449198,Counter-led,0.40936374549819926,0.6363636363636364,Lateral,0.3188811188811188,0.7502623294858342,Lateral,True,False,True
E02000009,Barking and Dagenham,4,3,-0.288911495422177,False,0.5099085365853658,0.8961748633879781,Symmetric,0.5105716523101018,0.8722677595628415,Symmetric,0.4895635673624288,0.8942307692307693,Symmetric,False,False,False,0.4305435720448662,0.8793626707132018,Counter-led,0.4322409211691763,0.8566009104704098,Counter-led,0.378839590443686,0.9029275808936826,Counter-led,False,False,False
E02000010,Barking and Dagenham,3,2,-0.1414038657171922,False,0.4406280667320902,0.8498748957464554,Counter-led,0.43646408839779005,0.603836530442035,Lateral,0.3956043956043956,0.6781842818428184,Lateral,True,False,True,0.4355029585798816,0.8596134282807731,Counter-led,0.4473684210526316,0.6571719226856562,Lateral,0.3649373881932021,0.768384879725086,Lateral,True,False,True
E02000011,Barking and Dagenham,5,4,-0.1169888097660223,True,0.3303670745272525,0.9563829787234044,Counter-led,0.33567251461988307,0.9095744680851063,Counter-led,0.3108108108108108,0.9288702928870293,Counter-led,False,False,False,0.4314516129032258,0.8996372430471584,Counter-led,0.4465753424657534,0.8827085852478839,Counter-led,0.3743937924345296,0.9140070921985816,Counter-led,False,False,False
E02000012,Barking and Dagenham,7,5,-0.096642929806714,False,0.4385499557913351,0.9440734557595992,Counter-led,0.4368932038834951,0.9457429048414023,Counter-led,0.3893499308437068,0.956982131039047,Counter-led,False,False,False,0.4894795127353267,0.9280575539568344,Symmetric,0.49169435215946844,0.9280575539568345,Symmetric,0.4103343465045592,0.9494949494949495,Counter-led,False,True,True
E02000013,Barking and Dagenham,2,2,-0.1230925737538148,False,0.4353348729792148,0.7780772686433064,Lateral,0.4157814871016692,0.5920934411500449,Lateral,0.3635346756152125,0.6632047477744807,Lateral,False,False,False,0.515451174289246,0.7915851272015656,Symmetric,0.5243328100470958,0.6232876712328768,Lateral,0.3825242718446602,0.7279151943462897,Lateral,True,False,True
E02000014,Barking and Dagenham,2,2,-0.1393692777212614,False,0.4709931170108161,0.79453125,Counter-led,0.44503311258278144,0.58984375,Lateral,0.395985401459854,0.6761258482418261,Lateral,True,False,True,0.3892694063926941,0.8126159554730983,Counter-led,0.3858858858858859,0.6178107606679035,Lateral,0.3262081784386617,0.7231182795698925,Lateral,True,False,True
E02000015,Barking and Dagenham,1,1,-0.0488301119023397,False,0.5257452574525745,0.8744075829383886,Cascade-led,0.5237659963436929,0.8641390205371248,Cascade-led,0.4669117647058823,0.8877284595300261,Counter-led,False,True,True,0.5147679324894515,0.830607476635514,Symmetric,0.5134370579915134,0.8259345794392523,Symmetric,0.4150763358778626,0.8755221386800334,Counter-led,False,True,True
E02000016,Barking and Dagenham,2,2,-0.0447609359104781,False,0.4562926224426534,0.8125944584382871,Counter-led,0.4617543859649123,0.7178841309823678,Lateral,0.461923290717065,0.7626112759643917,Counter-led,True,True,False,0.4809437386569873,0.8314889336016097,Symmetric,0.4715558601782042,0.7339034205231388,Lateral,0.4417808219178082,0.7944034201321415,Counter-led,True,True,True
E02000017,Barking and Dagenham,5,4,-0.1546286876907426,False,0.4537554314090627,0.9526907155529272,Counter-led,0.4648511716276124,0.9337670017740982,Counter-led,0.4378349410503751,0.9433771486349848,Counter-led,False,False,False,0.4771615008156606,0.9540856031128404,Counter-led,0.5008605851979346,0.9042801556420234,Symmetric,0.4414694894146949,0.9288606130711394,Counter-led,True,True,False
E02000018,Barking and Dagenham,2,2,-0.1302136317395727,False,0.4417836498761354,0.7838187702265372,Counter-led,0.4421272158498436,0.6207119741100323,Lateral,0.3969404186795491,0.6794310722100656,Lateral,True,False,True,0.4292878635907723,0.8239669421487603,Counter-led,0.40396530359355637,0.6669421487603305,Lateral,0.334916864608076,0.7581032412965186,Lateral,True,False,True
E02000019,Barking and Dagenham,3,2,-0.1230925737538148,False,0.4423828125,0.9014084507042254,Counter-led,0.4408322496749025,0.6769366197183099,Lateral,0.403030303030303,0.7295504789977892,Lateral,True,False,True,0.4066736183524504,0.8464254192409533,Counter-led,0.435630689206762,0.678729037952339,Lateral,0.339300244100895,0.7715003138731952,Lateral,True,False,True
E02000020,Barking and Dagenham,4,3,-0.2004069175991861,False,0.4814253222137983,0.9096551724137932,Symmetric,0.4834905660377358,0.8772413793103448,Symmetric,0.437862202189311,0.8971692663200462,Counter-led,False,True,True,0.4550430023455825,0.9129193433261956,Counter-led,0.45565500406834825,0.8772305496074233,Counter-led,0.3862405200433369,0.9147670961347869,Counter-led,False,False,False
E02000021,Barking and Dagenham,4,3,-0.2014242115971516,False,0.4088522130532633,0.9012846517917512,Counter-led,0.41608662026295434,0.8742393509127789,Counter-led,0.4062301335028608,0.8942581011938602,Counter-led,False,False,False,0.4578189300411522,0.9126760563380282,Counter-led,0.4605543710021322,0.8807511737089202,Counter-led,0.3943028485757121,0.9130732375085557,Counter-led,False,False,False
E02000022,Barking and Dagenham,1,1,0.0233977619532044,False,0.509639564124057,0.8354341736694678,Symmetric,0.5067796610169492,0.8263305322128851,Symmetric,0.4848698099929627,0.8514080287597364,Symmetric,False,False,False,0.40177690029615,0.8434637801831807,Counter-led,0.4025974025974026,0.8334721065778518,Counter-led,0.3515406162464985,0.8771498771498771,Counter-led,False,False,False
E02000023,Barking and Dagenham,1,1,-0.0264496439471007,False,0.4736842105263157,0.8160597572362278,Counter-led,0.47308132875143183,0.8151260504201681,Counter-led,0.431244153414406,0.8437253354380426,Counter-led,False,False,False,0.5068664169787765,0.8066465256797583,Symmetric,0.5056603773584906,0.8006042296072508,Symmetric,0.4194952132288947,0.8530066815144766,Counter-led,False,True,True
E02000024,Barnet,10,9,-0.0295015259409969,False,0.4273504273504273,0.9069767441860463,Counter-led,0.43146274149034036,0.9362618432385874,Counter-led,0.4821640903686088,0.9578587699316629,Symmetric,False,True,True,0.4408703878902554,0.9231441048034934,Counter-led,0.4375,0.9502183406113537,Counter-led,0.5605714285714286,0.9684560044272275,Cascade-led,False,True,True
E02000025,Barnet,8,6,-0.0579857578840284,False,0.4471365638766519,0.7740835464620631,Lateral,0.4530493707647628,0.8806479113384484,Counter-led,0.4530493707647628,0.6345208845208845,Lateral,True,True,False,0.4296205630354957,0.776615969581749,Lateral,0.44629014396456257,0.8583650190114068,Counter-led,0.4462901439645625,0.5718809373020899,Lateral,True,True,False
E02000026,Barnet,10,9,-0.0701932858596134,False,0.4155528554070474,0.8965141612200436,Counter-led,0.41350710900473936,0.9193899782135077,Counter-led,0.4918166939443535,0.9429012345679012,Symmetric,False,True,True,0.3836805555555556,0.8767123287671232,Counter-led,0.39297658862876256,0.9101978691019786,Counter-led,0.5498084291187739,0.9465095194922938,Cascade-led,False,True,True
E02000027,Barnet,6,5,-0.1485249237029501,False,0.4801512287334593,0.9338040600176524,Symmetric,0.4851889683350358,0.8640776699029126,Symmetric,0.4411337209302325,0.8993464052287582,Counter-led,False,True,True,0.5284450063211125,0.9284037558685446,Cascade-led,0.5206391478029294,0.8814553990610329,Cascade-led,0.4178187403993855,0.9280114041339986,Counter-led,False,True,True
E02000028,Barnet,9,7,-0.0284842319430315,True,0.4550691244239631,0.8948453608247423,Counter-led,0.46384039900249374,0.8268041237113402,Counter-led,0.5022665457842248,0.8678206136900078,Symmetric,False,True,True,0.5432900432900433,0.9067713444553483,Cascade-led,0.544456641053787,0.8940137389597644,Cascade-led,0.6152694610778443,0.925207756232687,Cascade-led,False,False,False
E02000029,Barnet,8,7,-0.1241098677517802,False,0.4528301886792453,0.8236208236208237,Counter-led,0.4421052631578947,0.8857808857808858,Counter-led,0.4868336544637122,0.9137323943661971,Symmetric,False,True,True,0.4461538461538462,0.7681818181818182,Lateral,0.4437564499484004,0.8809090909090909,Counter-led,0.5644946808510638,0.9198776758409786,Cascade-led,True,True,True
E02000030,Barnet,9,7,-0.0640895218718209,False,0.4667381974248927,0.8218694885361552,Counter-led,0.4619289340101523,0.8686067019400353,Counter-led,0.5513361462728551,0.90515595162317,Cascade-led,False,True,True,0.4743935309973046,0.8171806167400881,Counter-led,0.5120711562897078,0.8667400881057269,Symmetric,0.59296875,0.913633119200571,Cascade-led,True,True,True
E02000031,Barnet,10,8,0.0101729399796541,False,0.4289911851126347,0.9099821746880572,Counter-led,0.4458174904942966,0.9376114081996435,Counter-led,0.4873096446700508,0.9516908212560387,Symmetric,False,True,True,0.4148706896551724,0.928,Counter-led,0.43685300207039335,0.966,Counter-led,0.4989043097151205,0.9757662152530292,Symmetric,False,True,True
E02000032,Barnet,10,9,-0.0264496439471008,False,0.5050377833753149,0.8725274725274725,Symmetric,0.5083932853717026,0.9164835164835164,Symmetric,0.5399449035812672,0.934763948497854,Cascade-led,False,True,True,0.5068285280728376,0.8569570871261378,Symmetric,0.5095729013254786,0.88296488946684,Symmetric,0.5943491422805247,0.9167437557816837,Cascade-led,False,True,True
E02000033,Barnet,7,5,-0.0437436419125126,False,0.4773584905660377,0.8922558922558923,Counter-led,0.4786069651741294,0.8459595959595959,Counter-led,0.4304281345565749,0.8772635814889336,Counter-led,False,False,False,0.5024390243902439,0.8640674394099052,Symmetric,0.5056746532156369,0.8356164383561644,Symmetric,0.4326359832635983,0.8845299777942265,Counter-led,False,True,True
E02000034,Barnet,8,6,0.0152594099694811,False,0.4522019334049409,0.6770909090909091,Lateral,0.45112781954887216,0.7738181818181818,Counter-led,0.4511278195488721,0.6150289017341041,Lateral,True,True,False,0.4845474613686534,0.722488038277512,Lateral,0.48428290766208254,0.8118022328548644,Symmetric,0.4842829076620825,0.5942790426152949,Lateral,True,True,False
E02000035,Barnet,8,7,-0.0305188199389623,False,0.4943917169974116,0.7284726587052168,Lateral,0.4905247813411079,0.8623507228158391,Symmetric,0.4958968347010551,0.8862337662337663,Symmetric,True,False,True,0.4475587703435805,0.7422818791946308,Lateral,0.4485407066052227,0.8738255033557047,Counter-led,0.5201504567436862,0.9082479258174719,Cascade-led,True,True,True
E02000036,Barnet,8,6,-0.056968463886063,False,0.4564102564102564,0.8008213552361396,Counter-led,0.4574753804834378,0.7645448323066393,Counter-led,0.4574753804834378,0.5728205128205128,Lateral,False,True,True,0.4377990430622009,0.7676767676767676,Lateral,0.415929203539823,0.7263544536271809,Lateral,0.415929203539823,0.48143639683505784,Lateral,False,False,False
E02000037,Barnet,8,6,0.0874872838250254,False,0.4837728194726166,0.7875399361022364,Symmetric,0.4529346622369878,0.7212460063897763,Lateral,0.4529346622369878,0.5476046088538509,Lateral,True,False,True,0.4845360824742268,0.7285407725321889,Lateral,0.5171919770773639,0.7489270386266095,Symmetric,0.5171919770773639,0.4898245614035088,Lateral,True,True,False
E02000038,Barnet,8,6,-0.064089521871821,False,0.4673366834170854,0.7637061403508771,Lateral,0.46875,0.8070175438596491,Counter-led,0.46875,0.6470329670329671,Lateral,True,True,False,0.433456561922366,0.7840579710144927,Counter-led,0.4296875,0.8347826086956521,Counter-led,0.4296875,0.5981308411214953,Lateral,False,True,True
E02000039,Barnet,9,8,-0.0335707019328586,False,0.5263852242744064,0.782249742002064,Lateral,0.5048335123523093,0.9607843137254902,Symmetric,0.5426975259377494,0.9705654531371031,Cascade-led,True,True,True,0.4115853658536585,0.787515006002401,Counter-led,0.4148527528809219,0.9375750300120048,Counter-led,0.5042158516020236,0.9579967689822294,Symmetric,False,True,True
E02000040,Barnet,7,5,0.0172939979654119,False,0.523102310231023,0.8924889543446245,Cascade-led,0.5159128978224455,0.8792341678939617,Symmetric,0.4812967581047381,0.9072398190045249,Symmetric,True,False,True,0.4662756598240469,0.899736147757256,Counter-led,0.4801192842942346,0.8847845206684257,Symmetric,0.4601605929586164,0.9251428571428572,Counter-led,True,True,False
E02000041,Barnet,7,6,-0.098677517802645,False,0.5008130081300813,0.9037472446730346,Symmetric,0.4740518962075848,0.7362233651726672,Counter-led,0.4740518962075848,0.5795257374204743,Lateral,True,True,True,0.5254942767950052,0.8527062999112689,Cascade-led,0.5160183066361556,0.7755102040816326,Symmetric,0.5160183066361556,0.5606157793457345,Lateral,True,True,True
E02000042,Barnet,8,6,-0.0233977619532045,False,0.4660514172709294,0.7065673032137867,Lateral,0.4701834862385321,0.8122962272938985,Counter-led,0.4701834862385321,0.65196261682243,Lateral,True,True,False,0.4100358422939068,0.7254290171606864,Lateral,0.4251870324189526,0.8341133645345814,Counter-led,0.4251870324189526,0.6176357335386985,Lateral,True,True,False
E02000043,Barnet,10,9,0.005086469989827,False,0.4939130434782608,0.9244372990353698,Symmetric,0.4983277591973244,0.9614147909967846,Symmetric,0.5112781954887218,0.9682329583057577,Symmetric,False,False,False,0.490566037735849,0.9434554973821988,Symmetric,0.4972796517954298,0.962303664921466,Symmetric,0.5465587044534413,0.971675845790716,Cascade-led,False,True,True
E02000044,Barnet,6,4,-0.1464903357070193,False,0.4896373056994819,0.8846447669977082,Symmetric,0.4944301628106255,0.891520244461421,Symmetric,0.4502046384720327,0.9116915422885572,Counter-led,False,True,True,0.4438073394495412,0.9386437029063508,Counter-led,0.45153374233128835,0.8772874058127018,Counter-led,0.3940847322142286,0.9164835164835164,Counter-led,False,False,False
E02000045,Barnet,6,4,-0.0345879959308239,False,0.501358695652174,0.9097651421508036,Symmetric,0.5016995241332427,0.9091470951792336,Symmetric,0.4660347551342812,0.9281524926686217,Counter-led,False,True,True,0.4361538461538461,0.9084556254367576,Counter-led,0.43164362519201227,0.909853249475891,Counter-led,0.3855353075170842,0.9315649867374005,Counter-led,False,False,False
E02000046,Barnet,8,7,0.0101729399796541,False,0.5045567522783762,0.7404907975460123,Lateral,0.5072024260803639,0.80920245398773,Symmetric,0.4912891986062718,0.8470241023118544,Symmetric,True,False,True,0.4873140857392826,0.7959610027855153,Symmetric,0.49142857142857144,0.8530640668523677,Symmetric,0.5439110070257611,0.8900468994267848,Cascade-led,False,True,True
E02000047,Barnet,5,3,-0.1068158697863682,False,0.4562289562289562,0.8936810431293881,Counter-led,0.475854584915898,0.9242728184553661,Counter-led,0.4394932284840542,0.9381147540983606,Counter-led,False,False,False,0.4539116963594113,0.8372243839169909,Counter-led,0.4604715672676838,0.9351491569390402,Counter-led,0.4258373205741627,0.954337899543379,Counter-led,False,False,False
E02000048,Barnet,9,7,-0.0600203458799593,False,0.483265306122449,0.7923673997412678,Symmetric,0.47763457164518575,0.8531694695989651,Counter-led,0.5025582717453099,0.8856998992950654,Symmetric,True,True,False,0.5004651162790698,0.7998511904761905,Symmetric,0.4837291116974494,0.8459821428571429,Symmetric,0.5501519756838906,0.8882289416846653,Cascade-led,False,True,True
E02000049,Barnet,2,2,-0.1251271617497457,False,0.4045174537987679,0.9720558882235528,Counter-led,0.4019471488178025,0.9567531603459747,Counter-led,0.3966318234610917,0.9636261891438165,Counter-led,False,False,False,0.4832793959007551,0.956656346749226,Symmetric,0.4786036036036036,0.9164086687306502,Counter-led,0.417765440666204,0.9467805519053877,Counter-led,True,False,True
E02000050,Barnet,6,5,0.0050864699898269,False,0.5078787878787879,0.8909287257019438,Symmetric,0.5113149847094801,0.8828293736501079,Symmetric,0.4934939759036144,0.9053228621291448,Symmetric,False,False,False,0.4671201814058957,0.9356435643564356,Counter-led,0.4720647773279352,0.8734087694483734,Counter-led,0.4142857142857143,0.9104552276138069,Counter-led,False,False,False
E02000051,Barnet,9,7,0.0437436419125126,False,0.5181818181818182,0.7947019867549668,Symmetric,0.5356612184249628,0.8103552077062011,Cascade-led,0.5372460496613995,0.8490656444657403,Cascade-led,True,False,True,0.5333333333333333,0.8295380611581002,Cascade-led,0.5296875,0.8327911515940143,Cascade-led,0.5878453038674033,0.8756652152878568,Cascade-led,False,False,False
E02000052,Barnet,8,6,0.0803662258392675,False,0.4625074985002999,0.8376884422110553,Counter-led,0.458133971291866,0.8402010050251256,Counter-led,0.458133971291866,0.6307053941908713,Lateral,False,True,True,0.5449927431059507,0.8537794299876085,Cascade-led,0.5477386934673367,0.8630731102850062,Cascade-led,0.5477386934673367,0.619661921708185,Lateral,False,True,True
E02000053,Barnet,6,5,-0.0773143438453712,False,0.4776815456362425,0.8865918487891317,Counter-led,0.49019607843137253,0.8434731246308328,Symmetric,0.517362858580775,0.8823268206039077,Symmetric,True,False,True,0.5,0.0,Lateral,0.5,0.0,Lateral,0.5,0.0,Lateral,False,False,False
E02000054,Barnet,8,6,-0.108850457782299,False,0.4770867430441898,0.8262339418526031,Counter-led,0.47797716150081565,0.8289384719405003,Counter-led,0.4779771615008156,0.6673924877517692,Lateral,False,True,True,0.5356849876948319,0.8441828254847645,Cascade-led,0.524341580207502,0.8677285318559557,Cascade-led,0.524341580207502,0.6438848920863309,Lateral,False,True,True
E02000055,Barnet,7,5,0.0193285859613427,False,0.4841457643161382,0.9271610355419044,Symmetric,0.48782911077993046,0.8832821412900395,Symmetric,0.4880157170923379,0.9053717538242618,Symmetric,False,False,False,0.4819444444444444,0.9045226130653268,Symmetric,0.4783821478382148,0.9007537688442211,Counter-led,0.4456630109670987,0.9269870609981515,Counter-led,True,False,True
E02000056,Barnet,10,9,0.0010172939979654,False,0.4875912408759124,0.9695682944090588,Symmetric,0.488,0.97310686482661,Symmetric,0.4960850111856823,0.9791894852135816,Symmetric,False,False,False,0.488390712570056,0.9556235654169856,Symmetric,0.48855564325177586,0.9693955623565417,Symmetric,0.5441089402013025,0.9768652400231348,Cascade-led,False,True,True
E02000057,Barnet,8,6,0.0010172939979654,False,0.4732758620689655,0.8256227758007118,Counter-led,0.4757446808510638,0.8362989323843416,Counter-led,0.4757446808510638,0.6891495601173021,Lateral,False,True,True,0.5363321799307958,0.8316546762589928,Cascade-led,0.5437392795883362,0.8388489208633093,Cascade-led,0.5437392795883362,0.6659051970302684,Lateral,False,True,True
E02000058,Barnet,9,8,-0.0335707019328586,False,0.5017717930545712,0.7371995820271683,Lateral,0.4979568009340339,0.8949843260188087,Symmetric,0.5069444444444444,0.9148665819567979,Symmetric,True,False,True,0.5034129692832765,0.6959619952494062,Lateral,0.4859201047806156,0.9067695961995249,Symmetric,0.5384218669417226,0.9250954198473282,Cascade-led,True,True,True
E02000059,Barnet,5,4,-0.0203458799593082,False,0.4693539480949751,0.8938795656465943,Counter-led,0.48413631022326675,0.8400789733464955,Symmetric,0.447609850313858,0.8647181628392484,Counter-led,True,True,False,0.4406876790830945,0.8617283950617284,Counter-led,0.4400458978772232,0.8607407407407407,Counter-led,0.4047143427886536,0.8987432675044883,Counter-led,False,False,False
E02000060,Barnet,9,7,-0.1271617497456765,False,0.5023664638269101,0.7549770290964778,Lateral,0.49417637271214643,0.9203675344563553,Symmetric,0.489935956084172,0.9333902647309992,Symmetric,True,False,True,0.5403225806451613,0.7256176853055917,Lateral,0.5035310734463276,0.9206762028608583,Symmetric,0.5501385041551247,0.9366891541255838,Cascade-led,True,True,True
E02000061,Barnet,9,8,-0.1098677517802645,False,0.4849296718017414,0.7528996469994957,Lateral,0.49038461538461536,0.8915784165405951,Symmetric,0.4886515353805073,0.912672623883022,Symmetric,True,False,True,0.4915254237288136,0.7934373318988703,Symmetric,0.4939613526570048,0.8908015061861215,Symmetric,0.5353397172822617,0.9152754590984975,Cascade-led,False,True,True
E02000062,Barnet,4,3,-0.2441505595116989,False,0.5354609929078015,0.871042471042471,Cascade-led,0.5441176470588235,0.8401544401544402,Cascade-led,0.5122478386167147,0.8702194357366771,Symmetric,False,True,True,0.3942583732057416,0.8461538461538461,Counter-led,0.4022517911975435,0.7910931174089069,Counter-led,0.375494071146245,0.8305975049244911,Counter-led,False,False,False
E02000063,Barnet,7,5,-0.143438453713123,False,0.4980299448384555,0.9103299856527975,Symmetric,0.49417637271214643,0.8622668579626973,Symmetric,0.4836992681304058,0.8867256637168142,Symmetric,False,False,False,0.5170777988614801,0.8739635157545605,Symmetric,0.49157303370786515,0.8855721393034826,Symmetric,0.4508960573476702,0.9099804305283757,Counter-led,False,True,True
E02000064,Barnet,6,4,-0.0783316378433366,False,0.5190661478599222,0.9185132237312366,Symmetric,0.5146476642913698,0.9027877055039314,Symmetric,0.5308564231738035,0.9211136890951276,Cascade-led,False,True,True,0.4812286689419795,0.9036237471087124,Symmetric,0.47053726169844023,0.889745566692367,Counter-led,0.4472168905950096,0.9161781946072685,Counter-led,True,False,True
E02000065,Bexley,6,4,-0.010172939979654,False,0.4537337662337662,0.9506172839506172,Counter-led,0.4567901234567901,0.9375,Counter-led,0.4201183431952662,0.949438202247191,Counter-led,False,False,False,0.4849578820697954,0.9486301369863014,Symmetric,0.4839901477832512,0.9269406392694064,Symmetric,0.4056827150749802,0.9519158527422991,Counter-led,False,True,True
E02000066,Bexley,4,3,-0.0528992878942014,False,0.4335778321108394,0.8335597826086957,Counter-led,0.4363957597173145,0.7690217391304348,Counter-led,0.3991825613079019,0.8119469026548672,Counter-led,False,False,False,0.4875816993464052,0.8481152993348116,Symmetric,0.5007052186177715,0.7860310421286031,Symmetric,0.4294587400177462,0.8537878787878788,Counter-led,False,True,True
E02000067,Bexley,5,3,-0.0762970498474059,False,0.4017027863777089,0.9743589743589745,Counter-led,0.4326171875,0.7722473604826546,Counter-led,0.4109890109890109,0.8188362327534493,Counter-led,False,False,False,0.4628237259816207,0.9622186495176848,Counter-led,0.4772256728778468,0.7765273311897106,Counter-led,0.4119154388212684,0.8488308863512779,Counter-led,False,False,False
E02000068,Bexley,4,3,-0.1139369277721261,False,0.4621026894865526,0.8051181102362205,Counter-led,0.47295423023578365,0.7096456692913385,Lateral,0.4368029739776952,0.7848285922684172,Counter-led,True,True,False,0.4395348837209302,0.8472906403940886,Counter-led,0.4360613810741688,0.7704433497536946,Counter-led,0.3702830188679245,0.8451827242524917,Counter-led,False,False,False
E02000069,Bexley,7,5,-0.0437436419125126,False,0.4613180515759312,0.9900709219858156,Counter-led,0.45977011494252873,0.9872340425531915,Counter-led,0.4290288153681963,0.9904862579281184,Counter-led,False,False,False,0.4198645598194131,0.9800884955752212,Counter-led,0.41723356009070295,0.9756637168141593,Counter-led,0.3942537909018356,0.9827450980392157,Counter-led,False,False,False
E02000070,Bexley,8,7,-0.0376398779247202,False,0.3940677966101695,0.9042145593869731,Counter-led,0.39662447257383965,0.9080459770114943,Counter-led,0.4758974358974359,0.9312320916905444,Counter-led,False,False,False,0.4147540983606557,0.8815028901734104,Counter-led,0.4188976377952756,0.9176300578034682,Counter-led,0.5645004849660524,0.9476102941176471,Cascade-led,False,True,True
E02000071,Bexley,8,6,-0.0946083418107832,False,0.4578313253012048,0.8634590377113134,Counter-led,0.4684065934065934,0.9466840052015605,Counter-led,0.4684065934065934,0.6933333333333334,Lateral,False,True,True,0.4851485148514851,0.8846715328467153,Symmetric,0.4923547400611621,0.9547445255474453,Symmetric,0.4923547400611621,0.5870736086175943,Lateral,False,True,True
E02000072,Bexley,3,2,-0.0956256358087487,False,0.4626278520849725,0.9414814814814816,Counter-led,0.4721311475409836,0.9037037037037037,Counter-led,0.4318857822724569,0.9282164549972391,Counter-led,False,False,False,0.5113043478260869,0.9098101265822784,Symmetric,0.5277777777777778,0.8544303797468354,Cascade-led,0.4405162738496072,0.9064089521871821,Counter-led,True,True,True
E02000073,Bexley,10,9,-0.0132248219735503,False,0.4085173501577287,0.8180645161290323,Counter-led,0.39644970414201186,0.8722580645161291,Counter-led,0.4817813765182186,0.9089236430542779,Symmetric,False,True,True,0.4320785597381342,0.8190348525469169,Counter-led,0.4263803680981595,0.8739946380697051,Counter-led,0.5840071877807727,0.9221209610604806,Cascade-led,False,True,True
E02000074,Bexley,4,3,-0.1302136317395727,False,0.4874651810584958,0.8692493946731235,Symmetric,0.5045045045045045,0.8062953995157385,Symmetric,0.4521651560926485,0.8612315698178664,Counter-led,False,True,True,0.4638447971781305,0.8696319018404908,Counter-led,0.4724264705882353,0.8343558282208589,Counter-led,0.3624733475479744,0.8967495219885278,Counter-led,False,False,False
E02000075,Bexley,10,9,-0.0111902339776195,False,0.4418604651162791,0.7724550898203593,Lateral,0.44254278728606355,0.8163672654690619,Counter-led,0.5510835913312694,0.8753387533875339,Cascade-led,True,True,True,0.4673267326732673,0.8015873015873016,Counter-led,0.4680451127819549,0.8444444444444444,Counter-led,0.5844298245614035,0.902970297029703,Cascade-led,False,True,True
E02000077,Bexley,8,7,0.0061037639877925,False,0.4483925549915397,0.8323943661971831,Counter-led,0.4453507340946166,0.8633802816901408,Counter-led,0.4858548585485855,0.8934065934065935,Symmetric,False,True,True,0.3418439716312056,0.88125,Counter-led,0.3507779349363508,0.88375,Counter-led,0.4915730337078651,0.9198966408268734,Symmetric,False,True,True
E02000078,Bexley,9,8,-0.0183112919633774,False,0.4224719101123595,0.8725490196078431,Counter-led,0.42084168336673344,0.9784313725490196,Counter-led,0.5239327296248383,0.985969387755102,Cascade-led,False,True,True,0.4358490566037736,0.8548387096774194,Counter-led,0.43676222596964587,0.9564516129032258,Counter-led,0.5548011639185257,0.9744801512287334,Cascade-led,False,True,True
E02000079,Bexley,9,7,-0.0427263479145473,False,0.4168591224018476,0.8616915422885573,Counter-led,0.4271523178807947,0.9014925373134328,Counter-led,0.503125,0.9282088469905729,Symmetric,False,True,True,0.3920398009950249,0.8648881239242685,Counter-led,0.38223938223938225,0.891566265060241,Counter-led,0.4822601839684625,0.9235436893203883,Symmetric,False,True,True
E02000080,Bexley,9,7,-0.034587995930824,False,0.4518430439952438,0.8871308016877637,Counter-led,0.43498817966903075,0.8924050632911392,Counter-led,0.5189873417721519,0.9207459207459208,Symmetric,False,True,True,0.4612352168199737,0.8647727272727272,Counter-led,0.4536082474226804,0.8818181818181818,Counter-led,0.5458333333333333,0.9202453987730062,Cascade-led,False,True,True
E02000081,Bexley,8,6,-0.108850457782299,False,0.4104729729729729,0.8680351906158358,Counter-led,0.408,0.9164222873900293,Counter-led,0.408,0.6496881496881497,Lateral,False,True,True,0.4234620886981402,0.9019354838709678,Counter-led,0.44369063772048845,0.9509677419354838,Counter-led,0.4436906377204884,0.6031096563011457,Lateral,False,True,True
E02000082,Bexley,10,9,-0.0040691759918616,False,0.4759535655058043,0.8061497326203209,Counter-led,0.47577092511013214,0.910427807486631,Counter-led,0.5519677093844602,0.9366729678638941,Cascade-led,False,True,True,0.3973509933774834,0.8569807037457434,Counter-led,0.40048543689320387,0.9353007945516458,Counter-led,0.5161290322580645,0.9560524286815728,Symmetric,False,True,True
E02000083,Bexley,6,4,-0.0935910478128179,False,0.50480109739369,0.943078913324709,Symmetric,0.5077355836849508,0.9197930142302717,Symmetric,0.4297124600638977,0.9528158295281582,Counter-led,False,True,True,0.4610630407911001,0.9396051103368176,Counter-led,0.46523388116308473,0.9186991869918699,Counter-led,0.3846641318124207,0.9575242718446602,Counter-led,False,False,False
E02000084,Bexley,10,9,-0.0335707019328584,False,0.4654919236417034,0.75,Lateral,0.4489795918367347,0.8634361233480177,Counter-led,0.5415973377703827,0.9064856711915535,Cascade-led,True,True,True,0.3975741239892183,0.7761506276150628,Lateral,0.3964285714285714,0.8786610878661087,Counter-led,0.5053763440860215,0.9232296492389146,Symmetric,True,True,True
E02000085,Bexley,9,8,-0.0417090539165818,False,0.4486404833836858,0.8112745098039216,Counter-led,0.46164021164021163,0.9264705882352942,Counter-led,0.5306930693069307,0.9439252336448598,Cascade-led,False,True,True,0.4621212121212121,0.7951807228915663,Counter-led,0.45310435931307796,0.9120481927710843,Counter-led,0.5379803395889187,0.9387583892617449,Cascade-led,False,True,True
E02000086,Bexley,10,10,-0.0264496439471007,False,0.4375,0.7272727272727273,Lateral,0.4552980132450331,0.8856304985337243,Counter-led,0.5146198830409356,0.9163987138263665,Symmetric,True,True,True,0.4781818181818182,0.7801418439716312,Lateral,0.496875,0.9078014184397163,Symmetric,0.5800636267232238,0.935515873015873,Cascade-led,True,True,True
E02000087,Bexley,10,10,-0.0356052899287894,False,0.4407484407484408,0.7321156773211568,Lateral,0.4294770206022187,0.9604261796042618,Counter-led,0.5193213949104618,0.9760809567617296,Symmetric,True,True,True,0.3970893970893971,0.7125925925925926,Lateral,0.38006230529595014,0.9511111111111111,Counter-led,0.5182608695652174,0.9721048182586645,Symmetric,True,True,True
E02000088,Bexley,10,9,-0.0091556459816887,False,0.4911971830985915,0.7867036011080333,Symmetric,0.5255255255255256,0.9224376731301939,Cascade-led,0.5793562708102109,0.9414838035527691,Cascade-led,True,False,True,0.4333996023856858,0.7258297258297258,Lateral,0.4262023217247098,0.8701298701298701,Counter-led,0.5540796963946869,0.9213286713286714,Cascade-led,True,True,True
E02000089,Bexley,10,10,-0.0264496439471007,False,0.4612612612612612,0.7581967213114754,Lateral,0.475968992248062,0.8811475409836066,Counter-led,0.5318435754189944,0.9114052953156823,Cascade-led,True,True,True,0.3590814196242171,0.7750809061488673,Lateral,0.3875685557586837,0.8851132686084142,Counter-led,0.5229885057471264,0.924548352816153,Cascade-led,True,True,True
E02000090,Bexley,9,8,-0.0284842319430316,False,0.441207075962539,0.7870597870597871,Counter-led,0.4602076124567474,0.9467649467649467,Counter-led,0.4772017489069332,0.960984393757503,Counter-led,False,False,False,0.4293893129770992,0.7683284457478006,Lateral,0.43700787401574803,0.9310850439882697,Counter-led,0.439522150323544,0.9553019495958155,Counter-led,True,False,True
E02000091,Bexley,9,7,-0.0467955239064089,False,0.4647122692725298,0.7824978759558199,Lateral,0.4990875912408759,0.9311809685641461,Symmetric,0.5180288461538461,0.9535816618911175,Symmetric,True,False,True,0.4216494845360825,0.7753796962430056,Lateral,0.4418402777777778,0.920863309352518,Counter-led,0.5324899367452559,0.9461371055495104,Cascade-led,True,True,True
E02000092,Bexley,4,3,-0.1536113936927772,False,0.5236294896030246,0.8787375415282392,Cascade-led,0.5320388349514563,0.8554817275747508,Cascade-led,0.4512820512820513,0.8996539792387543,Counter-led,False,True,True,0.5632411067193676,0.9284403669724772,Cascade-led,0.56,0.9174311926605505,Cascade-led,0.4544378698224852,0.949438202247191,Counter-led,False,True,True
E02000093,Brent,6,5,-0.0030518819938962,False,0.4442687747035573,0.8444592790387183,Counter-led,0.4470588235294118,0.8511348464619493,Counter-led,0.420012746972594,0.8755580357142857,Counter-led,False,False,False,0.45841519318926,0.9132775119617224,Counter-led,0.4329608938547486,0.8564593301435407,Counter-led,0.3924546790788829,0.8947829899167032,Counter-led,False,False,False
E02000094,Brent,5,4,0.0651068158697864,False,0.4375667022411953,0.7636511817440913,Lateral,0.4582392776523702,0.7220863895680522,Lateral,0.4306703397612488,0.7615384615384615,Counter-led,False,True,True,0.4135746606334841,0.7809187279151943,Lateral,0.3981042654028436,0.7455830388692579,Counter-led,0.3671970624235006,0.8194583751253761,Counter-led,True,False,True
E02000095,Brent,5,4,0.1139369277721261,False,0.4792792792792792,0.8026030368763557,Counter-led,0.49497991967871485,0.720173535791757,Lateral,0.4569589702333065,0.7625766871165645,Counter-led,True,True,False,0.4399649430324276,0.817921146953405,Counter-led,0.41165234001910217,0.7505376344086021,Counter-led,0.3802047781569966,0.8080529509100938,Counter-led,False,False,False
E02000096,Brent,8,7,0.069175991861648,False,0.4974146845915201,0.8314703353396389,Symmetric,0.49657198824681686,0.8779019776440241,Symmetric,0.5372144436256449,0.9052701801200801,Cascade-led,False,True,True,0.4437689969604863,0.7927710843373494,Counter-led,0.468232044198895,0.8722891566265061,Counter-led,0.5785582255083179,0.9107744107744108,Cascade-led,False,True,True
E02000097,Brent,6,4,0.0376398779247202,False,0.4985700667302192,0.8521527213647441,Symmetric,0.46871444823663255,0.7140536149471974,Lateral,0.4265232974910394,0.7602179836512262,Counter-led,True,True,True,0.4321110009910803,0.8843120070113936,Counter-led,0.41511771995043373,0.7072743207712533,Lateral,0.3644480519480519,0.7867177522349936,Counter-led,True,True,False
E02000098,Brent,5,4,-0.0284842319430315,False,0.4130794701986754,0.8354080221300139,Counter-led,0.4215291750503018,0.6874135546334716,Lateral,0.3996840442338072,0.7369033760186263,Lateral,True,False,True,0.4135188866799205,0.8245901639344262,Counter-led,0.4699386503067485,0.6680327868852459,Lateral,0.402347024308466,0.746558197747184,Lateral,True,False,True
E02000099,Brent,6,4,0.0620549338758901,False,0.4752851711026616,0.8386479591836735,Counter-led,0.4896421845574388,0.6772959183673469,Lateral,0.4659090909090909,0.735632183908046,Lateral,True,False,True,0.408675799086758,0.863905325443787,Counter-led,0.4482758620689655,0.6673241288625904,Lateral,0.3878378378378378,0.7452165156092648,Lateral,True,False,True
E02000100,Brent,8,6,0.0732451678535096,False,0.5932642487046632,0.8853211009174312,Cascade-led,0.5932896890343698,0.9342507645259939,Cascade-led,0.5932896890343698,0.6013779527559056,Lateral,False,True,True,0.5947098976109215,0.8759342301943199,Cascade-led,0.5854049719326383,0.9319880418535127,Cascade-led,0.5854049719326383,0.6729627630868862,Lateral,False,True,True
E02000101,Brent,2,2,0.1241098677517802,False,0.4780553679945982,0.9769129287598944,Counter-led,0.4804138950480414,0.8924802110817942,Symmetric,0.4427339901477832,0.9087856743144935,Counter-led,True,True,False,0.4654907975460122,0.9616519174041298,Counter-led,0.4749568221070812,0.8539823008849557,Counter-led,0.4198860037998733,0.8885762521102982,Counter-led,False,False,False
E02000102,Brent,3,2,-0.091556459816887,False,0.4452173913043478,0.8493353028064993,Counter-led,0.4421148587055606,0.810192023633678,Counter-led,0.4203362690152121,0.8293492695883135,Counter-led,False,False,False,0.380281690140845,0.8782112274024738,Counter-led,0.36981566820276496,0.8258801141769743,Counter-led,0.3404436860068259,0.8649446494464945,Counter-led,False,False,False
E02000103,Brent,4,3,-0.103763987792472,False,0.4708423326133909,0.8949742268041238,Counter-led,0.4650986342943854,0.8492268041237113,Counter-led,0.4400773195876288,0.8689809630459127,Counter-led,False,False,False,0.4296636085626911,0.8444157520981278,Counter-led,0.42683912691996767,0.7985797288573273,Counter-led,0.3940497874924104,0.8407350689127105,Counter-led,False,False,False
E02000104,Brent,6,4,-0.1373346897253306,False,0.4783484390735146,0.8159408381265407,Counter-led,0.4888888888888889,0.5916187345932621,Lateral,0.4848484848484848,0.6581843191196699,Lateral,True,False,True,0.4205298013245033,0.8475210477081384,Counter-led,0.4026666666666667,0.7015902712815716,Lateral,0.3682864450127877,0.7861930294906166,Counter-led,True,True,False
E02000105,Brent,5,4,0.0284842319430315,False,0.4708056171470806,0.7083769633507854,Lateral,0.4721835883171071,0.7528795811518325,Counter-led,0.4598583234946871,0.7820867959372114,Counter-led,True,False,True,0.5341400172860847,0.7557152188112345,Lateral,0.5287915652879156,0.8053559764859569,Cascade-led,0.474009900990099,0.8443051201671892,Counter-led,True,True,True
E02000106,Brent,3,2,-0.1709053916581892,False,0.4403066812705367,0.8920371275036639,Counter-led,0.44495944380069524,0.8431851489985345,Counter-led,0.4429629629629629,0.8631713554987213,Counter-led,False,False,False,0.4073684210526316,0.9077878643096036,Counter-led,0.39338452451269934,0.8088867654085046,Counter-led,0.3693023255813953,0.8431372549019608,Counter-led,False,False,False
E02000107,Brent,4,3,0.0132248219735504,False,0.4986238532110091,0.8002936857562408,Symmetric,0.4944578313253012,0.7617474302496329,Symmetric,0.4996153846153846,0.8002462296091105,Symmetric,False,False,False,0.4759005580923389,0.8091133004926109,Counter-led,0.47609038360483447,0.7811986863711001,Counter-led,0.436182902584493,0.8251312335958005,Counter-led,False,False,False
E02000108,Brent,5,3,0.0722278738555441,False,0.4867967853042479,0.6648854961832061,Lateral,0.4892018779342723,0.8129770992366412,Symmetric,0.475098814229249,0.8377483443708609,Counter-led,True,True,True,0.4943253467843632,0.7383612662942272,Lateral,0.4856486796785304,0.8109869646182495,Symmetric,0.4431185361972951,0.8609589041095891,Counter-led,True,True,True
E02000109,Brent,6,4,-0.0630722278738555,False,0.3864042933810375,0.8835616438356164,Counter-led,0.38399412628487517,0.7175974710221286,Lateral,0.3929673041332511,0.75150672229949,Lateral,True,False,True,0.5,0.0,Lateral,0.5,0.0,Lateral,0.5,0.0,Lateral,False,False,False
E02000110,Brent,5,4,0.0600203458799593,False,0.4708680142687277,0.9146275149537793,Counter-led,0.48252184769038703,0.8711256117455138,Symmetric,0.4934673366834171,0.8935788055680287,Symmetric,True,False,True,0.491869918699187,0.9174214171550348,Symmetric,0.5068007096392667,0.9009057005860416,Symmetric,0.4702325581395349,0.9203767123287672,Counter-led,False,True,True
E02000111,Brent,5,3,0.0203458799593082,True,0.3958677685950413,0.6950028719126938,Lateral,0.3925561797752809,0.8179207352096496,Counter-led,0.3704368641532016,0.8405432595573441,Counter-led,True,False,True,0.4146341463414634,0.5684969495285636,Lateral,0.38450502152080346,0.7731558513588463,Counter-led,0.3493975903614458,0.8235547886108714,Counter-led,True,False,True
E02000112,Brent,5,4,-0.0457782299084435,False,0.4576023391812865,0.7257294429708223,Lateral,0.48367029548989116,0.6822281167108754,Lateral,0.467412771560237,0.7171860245514636,Lateral,False,False,False,0.4136828644501278,0.6954201867496665,Lateral,0.41543901001767825,0.7545575811471765,Counter-led,0.4315831344470963,0.8199608610567515,Counter-led,True,False,True
E02000113,Brent,1,1,-0.017293997965412,False,0.5138888888888888,0.7659574468085106,Lateral,0.515695067264574,0.6778115501519757,Lateral,0.4875804967801287,0.7193911317008603,Lateral,False,False,False,0.4137587238285145,0.85,Counter-led,0.39829605963791265,0.7957627118644067,Counter-led,0.3791208791208791,0.8409240924092409,Counter-led,False,False,False
E02000114,Brent,4,3,0.0681586978636826,False,0.5113576333861596,0.8072494669509594,Symmetric,0.5061315496098104,0.7650319829424307,Symmetric,0.5219490781387182,0.8052315305761754,Cascade-led,False,True,True,0.5014464802314368,0.8383185125303153,Symmetric,0.5027848101265823,0.7983023443815683,Symmetric,0.4513695911075823,0.8346587143803844,Counter-led,False,True,True
E02000115,Brent,4,3,0.0305188199389623,False,0.4873864783047427,0.8132950348789495,Symmetric,0.49124668435013263,0.7734919983586377,Symmetric,0.5060240963855421,0.8134504900304157,Symmetric,False,False,False,0.4495176848874598,0.7775,Lateral,0.45255972696245733,0.7325,Lateral,0.4236804564907275,0.7971948445792267,Counter-led,False,True,True
E02000116,Brent,1,1,0.0030518819938962,False,0.5181538461538462,0.8675920982381207,Symmetric,0.5137795275590551,0.813667912439936,Symmetric,0.5191560244308717,0.8376744186046512,Symmetric,False,False,False,0.4781167108753316,0.854875283446712,Counter-led,0.4620253164556962,0.8061224489795918,Counter-led,0.4070351758793969,0.8396624472573839,Counter-led,False,False,False
E02000117,Brent,1,1,-0.0376398779247202,False,0.5331870543060888,0.8215412347904462,Cascade-led,0.5066666666666667,0.67598017124831,Lateral,0.4735344336937962,0.7096122778675282,Lateral,True,False,True,0.4190897597977244,0.8339483394833949,Counter-led,0.38547904191616766,0.7042698998418555,Lateral,0.3609106052193226,0.7624894157493649,Lateral,True,False,True
E02000118,Brent,5,3,0.0081383519837233,False,0.4568138195777351,0.7050067658998647,Lateral,0.4511668107173725,0.7828146143437077,Counter-led,0.430503380916604,0.8056900726392252,Counter-led,True,False,True,0.4347417840375587,0.6598513011152416,Lateral,0.42248995983935744,0.7713754646840149,Counter-led,0.355,0.8298755186721992,Counter-led,True,False,True
E02000119,Brent,1,1,-0.0010172939979654,False,0.5518358531317494,0.7602627257799671,Lateral,0.5309734513274337,0.6494252873563219,Lateral,0.5037194473963869,0.6878654970760234,Lateral,False,False,False,0.553469387755102,0.8017015706806283,Cascade-led,0.559576345984113,0.7414921465968587,Lateral,0.5052115266707541,0.8050345508390918,Symmetric,True,True,True
E02000120,Brent,3,2,0.0793489318413021,False,0.5030172413793104,0.8985282726568552,Symmetric,0.5011558021266759,0.8377226955848179,Symmetric,0.5041772611696331,0.867906683480454,Symmetric,False,False,False,0.4747953468332615,0.8996124031007752,Counter-led,0.4582327378078223,0.8027131782945737,Counter-led,0.4369385555156306,0.8453827460510328,Counter-led,False,False,False
E02000121,Brent,6,4,-0.0864699898270599,False,0.4916241806263656,0.921476510067114,Symmetric,0.4766277128547579,0.8040268456375839,Counter-led,0.4524147727272727,0.8282352941176471,Counter-led,True,False,True,0.4767518009168304,0.9322344322344324,Counter-led,0.4451901565995526,0.8186813186813187,Counter-led,0.3563160543532964,0.8699649737302977,Counter-led,False,False,False
E02000122,Brent,6,5,0.0325534079348931,False,0.5007032348804501,0.9057324840764333,Symmetric,0.4911410347271439,0.8987261146496816,Symmetric,0.4789772727272727,0.9171443460135488,Counter-led,False,True,True,0.4929577464788732,0.9250814332247556,Symmetric,0.4865051903114187,0.9413680781758957,Symmetric,0.4375678610206297,0.953416149068323,Counter-led,False,True,True
E02000123,Brent,2,1,-0.0447609359104781,False,0.5042971147943524,0.9416184971098266,Symmetric,0.479636219849743,0.7309248554913295,Counter-led,0.4838600067957866,0.7596799173980382,Symmetric,True,True,False,0.4333090379008746,0.9397260273972604,Counter-led,0.3943345323741007,0.7616438356164383,Counter-led,0.3576884755895052,0.8122471000809279,Counter-led,False,False,False
E02000124,Brent,4,3,0.1322482197355035,False,0.4956837800999545,0.8875,Symmetric,0.5018993352326686,0.8491935483870968,Symmetric,0.5067924528301887,0.8763227513227513,Symmetric,False,False,False,0.4663185378590078,0.8915270018621974,Counter-led,0.4705564559697461,0.861731843575419,Counter-led,0.4201954397394137,0.8921176897929531,Counter-led,False,False,False
E02000125,Brent,5,4,0.1169888097660223,False,0.4900243309002433,0.9117125110913932,Symmetric,0.4895991882293252,0.8744454303460515,Symmetric,0.4802793755135579,0.895841001104159,Symmetric,False,False,False,0.5293775450843514,0.9071240105540898,Cascade-led,0.5347985347985348,0.8643799472295515,Cascade-led,0.4616425992779783,0.8960776384957542,Counter-led,False,True,True
E02000126,Brent,1,1,0.0386571719226856,False,0.5330948121645797,0.86,Cascade-led,0.5407478427612655,0.8023076923076923,Cascade-led,0.5310965630114566,0.8262339418526031,Cascade-led,False,False,False,0.3929889298892989,0.8488645262333594,Counter-led,0.3935969868173258,0.831636648394675,Counter-led,0.3786337209302325,0.8648648648648649,Counter-led,False,False,False
E02000127,Bromley,4,3,-0.1302136317395727,False,0.4736842105263157,0.9341527655838456,Counter-led,0.4703476482617587,0.858647936786655,Counter-led,0.4403892944038929,0.8845050215208035,Counter-led,False,False,False,0.4707233065442021,0.9044652128764278,Counter-led,0.4747225647348952,0.842159916926272,Counter-led,0.4213155703580349,0.8876570583887657,Counter-led,False,False,False
E02000128,Bromley,8,7,0.0152594099694812,False,0.4911242603550296,0.8970276008492569,Symmetric,0.4845814977973568,0.9639065817409767,Symmetric,0.5288,0.9735202492211839,Cascade-led,False,True,True,0.3994490358126721,0.9295774647887324,Counter-led,0.4157608695652174,0.942381562099872,Counter-led,0.5346715328467153,0.9605609114811569,Cascade-led,False,True,True
E02000130,Bromley,7,5,-0.0152594099694811,True,0.3820047355958958,0.894774011299435,Counter-led,0.3836378077839555,0.8891242937853108,Counter-led,0.3721362229102167,0.9113995485327314,Counter-led,False,False,False,0.3809523809523809,0.9173947577442416,Counter-led,0.3836094158674804,0.9110405083399523,Counter-led,0.3222289521502119,0.9364719228587635,Counter-led,False,False,False
E02000131,Bromley,4,3,0.0610376398779247,False,0.4833333333333333,0.8811748998664887,Symmetric,0.4770277935337493,0.7846016911437472,Counter-led,0.4606841403820524,0.823034734917733,Counter-led,True,False,True,0.487027027027027,0.8822126847877921,Symmetric,0.4837905236907731,0.7649022412970911,Symmetric,0.4085287846481876,0.8262861169837914,Counter-led,False,True,True
E02000132,Bromley,8,6,-0.0427263479145472,False,0.4108723135271808,0.8808463251670379,Counter-led,0.4117647058823529,0.8992204899777283,Counter-led,0.4117647058823529,0.7021739130434783,Lateral,False,True,True,0.412357286769644,0.8948317307692307,Counter-led,0.4182660489741893,0.9080528846153846,Counter-led,0.4182660489741893,0.6484978540772532,Lateral,False,True,True
E02000133,Bromley,10,9,0.0071210579857579,False,0.4316479400749063,0.7700072098053352,Lateral,0.44075829383886256,0.912761355443403,Counter-led,0.4955406911928651,0.9368146214099217,Symmetric,True,True,True,0.4365781710914454,0.7939110070257611,Counter-led,0.44174350377200333,0.9313036690085871,Counter-led,0.523342939481268,0.9517279210093252,Cascade-led,False,True,True
E02000134,Bromley,8,6,-0.0376398779247202,False,0.4148067501360915,0.9031465093411996,Counter-led,0.4168443496801706,0.9223205506391348,Counter-led,0.4168443496801706,0.720706876680753,Lateral,False,True,True,0.4456824512534819,0.9172202350536536,Counter-led,0.44529961517317207,0.9294839039345938,Counter-led,0.445299615173172,0.7047655947307245,Lateral,False,True,True
E02000135,Bromley,2,2,-0.051881993896236,False,0.5028213166144201,0.9219653179190752,Symmetric,0.49053857350800584,0.7942196531791907,Symmetric,0.4811264230077891,0.8241975308641976,Symmetric,False,False,False,0.5,0.9072031148604802,Symmetric,0.4943820224719101,0.808565866320571,Symmetric,0.4340626848018923,0.851460221550856,Counter-led,False,True,True
E02000136,Bromley,7,5,-0.0935910478128179,False,0.4552980132450331,0.945226917057903,Counter-led,0.4556113902847571,0.9342723004694836,Counter-led,0.4508474576271186,0.9546925566343042,Counter-led,False,False,False,0.4849498327759197,0.934375,Symmetric,0.477891156462585,0.91875,Counter-led,0.4032608695652174,0.9465020576131687,Counter-led,True,False,True
E02000137,Bromley,9,8,0.0467955239064089,False,0.4262295081967213,0.9249431387414708,Counter-led,0.41819772528433946,0.866565579984837,Counter-led,0.46,0.8949880668257757,Counter-led,False,False,False,0.4529356943150046,0.897907949790795,Counter-led,0.46476190476190476,0.8786610878661087,Counter-led,0.545515846257586,0.9109336609336609,Cascade-led,False,True,True
E02000138,Bromley,10,9,0.0152594099694811,False,0.4134897360703812,0.7489019033674963,Lateral,0.43238866396761133,0.904099560761347,Counter-led,0.4711111111111111,0.9232121922626025,Counter-led,True,False,True,0.4544544544544545,0.7756211180124224,Lateral,0.4512605042016807,0.9239130434782609,Counter-led,0.5340156532209512,0.9442865264354747,Cascade-led,True,True,True
E02000139,Bromley,8,6,0.0101729399796541,False,0.3586497890295358,0.8419182948490231,Counter-led,0.3610822060353798,0.8534635879218473,Counter-led,0.3610822060353798,0.6528532608695652,Lateral,False,True,True,0.3985655737704918,0.8729874776386404,Counter-led,0.4002016129032258,0.8872987477638641,Counter-led,0.4002016129032258,0.655217965653897,Lateral,False,True,True
E02000140,Bromley,2,2,-0.1108850457782299,False,0.5533869115958668,0.91395592864638,Cascade-led,0.5506849315068493,0.7660020986358866,Cascade-led,0.4757185332011893,0.8189935064935064,Counter-led,False,True,True,0.573049645390071,0.933774834437086,Cascade-led,0.5516074450084603,0.7827814569536424,Cascade-led,0.4361233480176211,0.8470149253731343,Counter-led,False,True,True
E02000141,Bromley,7,5,0.0010172939979654,False,0.4089521871820956,0.895264116575592,Counter-led,0.4192185850052798,0.8624772313296903,Counter-led,0.4090909090909091,0.8890521675238795,Counter-led,False,False,False,0.4251734390485629,0.942110177404295,Counter-led,0.423,0.9337068160597572,Counter-led,0.3682656826568266,0.9502103786816269,Counter-led,False,False,False
E02000142,Bromley,10,9,-0.0071210579857579,False,0.5043196544276458,0.7234375,Lateral,0.4986784140969163,0.88671875,Symmetric,0.5456336178594878,0.9130695443645084,Cascade-led,True,True,True,0.4300518134715025,0.7283018867924528,Lateral,0.4357656731757451,0.9179245283018868,Counter-led,0.5220854453294714,0.9407356948228883,Cascade-led,True,True,True
E02000144,Bromley,10,8,0.0172939979654119,False,0.4517374517374517,0.7311220889202541,Lateral,0.45874587458745875,0.8553281580804517,Counter-led,0.4951233505450373,0.8947638603696099,Symmetric,True,True,True,0.4294117647058823,0.7460815047021944,Lateral,0.4340813464235624,0.8940438871473354,Counter-led,0.5164296223639039,0.9234601449275363,Symmetric,True,True,True
E02000145,Bromley,3,2,-0.0935910478128179,False,0.5337904015670911,0.9444958371877892,Cascade-led,0.552479815455594,0.8020351526364478,Cascade-led,0.5093572009764036,0.8516978516978517,Symmetric,False,True,True,0.4665841584158416,0.9234285714285714,Counter-led,0.4611032531824611,0.808,Counter-led,0.3831111111111111,0.8700696055684455,Counter-led,False,False,False
E02000146,Bromley,9,8,-0.0233977619532044,False,0.4270134228187919,0.946031746031746,Counter-led,0.4189307624890447,0.9055555555555556,Counter-led,0.4697484704282801,0.9251572327044025,Counter-led,False,False,False,0.4358974358974359,0.9262899262899262,Counter-led,0.42415985467756584,0.9017199017199017,Counter-led,0.5226415094339623,0.9298245614035088,Cascade-led,False,True,True
E02000147,Bromley,10,10,-0.0010172939979654,False,0.4344422700587084,0.6105137395459976,Lateral,0.43857142857142856,0.8363201911589009,Counter-led,0.5207509881422925,0.8807658833768495,Cascade-led,True,True,True,0.4676524953789279,0.629802095459837,Lateral,0.464524765729585,0.869615832363213,Counter-led,0.5519421860885275,0.9081214109926169,Cascade-led,True,True,True
E02000148,Bromley,10,10,-0.0183112919633774,False,0.4476190476190476,0.6461538461538462,Lateral,0.45195729537366547,0.8646153846153846,Counter-led,0.5345268542199488,0.8988505747126436,Cascade-led,True,True,True,0.4394904458598726,0.6865889212827988,Lateral,0.4389380530973451,0.8236151603498543,Counter-led,0.5652173913043478,0.881139489194499,Cascade-led,True,True,True
E02000149,Bromley,6,4,-0.1047812817904373,False,0.450070323488045,0.903430749682338,Counter-led,0.4530386740331492,0.9199491740787802,Counter-led,0.4222873900293255,0.9419889502762431,Counter-led,False,False,False,0.4496350364963503,0.9133333333333332,Counter-led,0.44963503649635034,0.9133333333333333,Counter-led,0.3980409617097061,0.9452861952861953,Counter-led,False,False,False
E02000150,Bromley,9,8,-0.0213631739572736,False,0.4781553398058252,0.9125138427464008,Counter-led,0.46545454545454545,0.9136212624584718,Counter-led,0.5314814814814814,0.9326424870466321,Cascade-led,False,True,True,0.4645962732919255,0.9085778781038376,Counter-led,0.463980463980464,0.9243792325056434,Counter-led,0.5475578406169666,0.9457050243111832,Cascade-led,False,True,True
E02000151,Bromley,10,10,0.0040691759918616,False,0.4691075514874142,0.6398243045387995,Lateral,0.47058823529411764,0.746705710102489,Counter-led,0.5363636363636364,0.8165429480381761,Cascade-led,True,True,True,0.4240963855421686,0.6494522691705791,Lateral,0.42768595041322316,0.7574334898278561,Counter-led,0.5663824604141291,0.8411885245901639,Cascade-led,True,True,True
E02000152,Bromley,6,4,-0.138351983723296,False,0.4630969609261939,0.8881748071979434,Counter-led,0.4650145772594752,0.8817480719794345,Counter-led,0.4306487695749441,0.9066937119675457,Counter-led,False,False,False,0.459727385377943,0.9584323040380048,Counter-led,0.46598202824133506,0.9251781472684085,Counter-led,0.4123434704830053,0.9466553767993227,Counter-led,False,False,False
E02000153,Bromley,10,10,-0.0101729399796541,False,0.3744292237442922,0.6169014084507042,Lateral,0.4309210526315789,0.856338028169014,Counter-led,0.4993880048959608,0.8890097932535365,Symmetric,True,True,True,0.3860589812332439,0.5883280757097792,Lateral,0.3933463796477495,0.805993690851735,Counter-led,0.5314769975786925,0.8703898840885143,Cascade-led,True,True,True
E02000154,Bromley,9,8,-0.0579857578840284,False,0.4907908992416034,0.9156746031746033,Symmetric,0.4994786235662148,0.9513888888888888,Symmetric,0.5282592313489073,0.9643895348837209,Cascade-led,False,True,True,0.4832214765100671,0.917864476386037,Symmetric,0.4830230010952902,0.9373716632443532,Symmetric,0.5701198026779423,0.9587837837837838,Cascade-led,False,True,True
E02000155,Bromley,8,6,-0.0742624618514751,False,0.4476190476190476,0.930576070901034,Counter-led,0.4435857805255023,0.9556868537666174,Counter-led,0.4435857805255023,0.6919786096256685,Lateral,False,True,True,0.4329896907216495,0.925068119891008,Counter-led,0.4342857142857143,0.9536784741144414,Counter-led,0.4342857142857143,0.6222222222222222,Lateral,False,True,True
E02000156,Bromley,10,10,0.005086469989827,False,0.4761904761904761,0.6633416458852868,Lateral,0.4747859181731684,0.8736492103075644,Counter-led,0.5338983050847458,0.9030612244897959,Cascade-led,True,True,True,0.4401496259351621,0.6688907422852377,Lateral,0.4596153846153846,0.8673894912427023,Counter-led,0.554834523036989,0.9064705882352941,Cascade-led,True,True,True
E02000157,Bromley,10,10,-0.0010172939979653,False,0.4590570719602977,0.62,Lateral,0.4535637149028078,0.7123076923076923,Lateral,0.5485232067510548,0.7917594654788419,Cascade-led,False,True,True,0.4008016032064128,0.6798365122615804,Lateral,0.4056437389770723,0.7724795640326976,Counter-led,0.5368983957219251,0.8484573502722323,Cascade-led,True,True,True
E02000158,Bromley,6,5,0.0142421159715157,False,0.5044843049327354,0.9359916054564532,Symmetric,0.5116279069767442,0.9475341028331584,Symmetric,0.4843205574912892,0.9582637729549248,Symmetric,False,False,False,0.5033557046979866,0.9327073552425664,Symmetric,0.4843492586490939,0.9499217527386542,Symmetric,0.4318658280922431,0.9675456389452333,Counter-led,False,True,True
E02000159,Bromley,10,10,-0.0132248219735503,False,0.5066666666666667,0.6774193548387096,Lateral,0.4803030303030303,0.8516129032258064,Symmetric,0.5417582417582417,0.8878048780487805,Cascade-led,True,True,True,0.4701492537313433,0.6146788990825688,Lateral,0.4735812133072407,0.7813455657492355,Counter-led,0.5788177339901478,0.8502617801047121,Cascade-led,True,True,True
E02000160,Bromley,10,9,-0.022380467955239,False,0.4392712550607287,0.5951807228915663,Lateral,0.45643153526970953,0.8710843373493976,Counter-led,0.5105527638190954,0.9029038112522686,Symmetric,True,True,True,0.320754716981132,0.618978102189781,Lateral,0.3640776699029126,0.9021897810218978,Counter-led,0.5054187192118227,0.9380776340110906,Symmetric,True,True,True
E02000161,Bromley,10,10,-0.0040691759918616,False,0.4750430292598967,0.7217391304347827,Lateral,0.46540880503144655,0.7900621118012422,Counter-led,0.53248031496063,0.8573839662447258,Cascade-led,True,True,True,0.3840445269016697,0.6662546353522868,Lateral,0.39593908629441626,0.73053152039555,Lateral,0.5637254901960784,0.8239095315024233,Cascade-led,False,True,True
E02000162,Bromley,9,7,-0.0742624618514751,False,0.5255102040816326,0.8936170212765957,Cascade-led,0.5208333333333334,0.9483282674772037,Cascade-led,0.5613425925925926,0.9621380846325167,Cascade-led,False,False,False,0.4726962457337884,0.8905775075987842,Counter-led,0.4591194968553459,0.9665653495440729,Counter-led,0.5386199794026777,0.9778449144008057,Cascade-led,False,True,True
E02000163,Bromley,10,10,-0.0233977619532045,False,0.3696098562628336,0.7312312312312312,Lateral,0.37568058076225047,0.8273273273273273,Counter-led,0.4895718990120746,0.8879142300194932,Symmetric,True,True,True,0.4050343249427917,0.6733436055469953,Lateral,0.38585858585858585,0.7627118644067796,Counter-led,0.545068928950159,0.8596171376481313,Cascade-led,True,True,True
E02000165,Bromley,10,9,-0.0193285859613429,False,0.4216589861751152,0.7614035087719299,Lateral,0.44339622641509435,0.9298245614035088,Counter-led,0.5067650676506765,0.9531066822977726,Symmetric,True,True,True,0.4106280193236715,0.7596330275229358,Lateral,0.4442231075697211,0.9211009174311927,Counter-led,0.6028921023359288,0.9543524416135881,Cascade-led,True,True,True
E02000166,Camden,6,4,-0.0345879959308239,False,0.4953031596925704,0.8745332337565347,Symmetric,0.49915397631133673,0.8827483196415236,Symmetric,0.4939451880178457,0.9090382387022016,Symmetric,False,False,False,0.4737354085603112,0.8877374784110535,Counter-led,0.47736220472440943,0.8773747841105354,Counter-led,0.4242424242424242,0.9109159347553325,Counter-led,False,False,False
E02000167,Camden,9,8,0.0773143438453712,False,0.5019186492709132,0.7988963825873697,Symmetric,0.5045614035087719,0.8736971183323115,Symmetric,0.5288770053475936,0.9007707129094412,Cascade-led,False,True,True,0.4777292576419214,0.7757452574525745,Lateral,0.4748822605965463,0.8631436314363143,Counter-led,0.5180930499712809,0.8960370560988162,Symmetric,True,True,True
E02000168,Camden,6,4,0.1515768056968464,False,0.4899095337508699,0.8693284936479129,Symmetric,0.48817802503477054,0.8699334543254689,Symmetric,0.4918032786885246,0.8948655256723717,Symmetric,False,False,False,0.5091031692515172,0.892835641180012,Symmetric,0.5105084745762711,0.8880192655027093,Symmetric,0.4535731648031113,0.9170753455193936,Counter-led,False,True,True
E02000169,Camden,9,8,0.1200406917599186,False,0.5857826384142174,0.8078409718387631,Cascade-led,0.590566037735849,0.8779679734953064,Cascade-led,0.5132867132867133,0.9065934065934066,Symmetric,False,True,True,0.47002606429192,0.7976437976437977,Counter-led,0.46040816326530615,0.8489258489258489,Counter-led,0.4984481688392302,0.8808091853471842,Symmetric,False,True,True
E02000170,Camden,8,6,0.0386571719226856,False,0.5158045977011494,0.9117903930131004,Symmetric,0.5166984732824428,0.9152838427947598,Symmetric,0.5166984732824428,0.7419469026548673,Lateral,False,True,True,0.495911214953271,0.8748083801737353,Symmetric,0.49190751445086706,0.8840061318344404,Symmetric,0.491907514450867,0.6676958703203396,Lateral,False,True,True
E02000171,Camden,7,5,0.0752797558494405,False,0.5036351619299405,0.9164142943670502,Symmetric,0.5129604365620737,0.887946698970321,Symmetric,0.4964731416169289,0.9087771203155819,Symmetric,False,False,False,0.5018315018315018,0.911214953271028,Symmetric,0.512341062079282,0.8925233644859814,Symmetric,0.4614961496149615,0.9186457806973218,Counter-led,False,True,True
E02000172,Camden,2,2,0.0366225839267548,False,0.4663355408388521,0.8757854035766071,Counter-led,0.47454031117397455,0.6834219429676172,Lateral,0.5140740740740741,0.7555970149253731,Symmetric,True,True,True,0.4646153846153846,0.8923668314113125,Counter-led,0.4524714828897338,0.7221306974190006,Lateral,0.4502439024390244,0.8020344287949922,Counter-led,True,True,False
E02000173,Camden,8,6,0.1800610376398779,False,0.5044692737430168,0.8972431077694235,Symmetric,0.5047672462142456,0.893734335839599,Symmetric,0.5047672462142456,0.7123451857770675,Lateral,False,True,True,0.4803571428571428,0.858456821665815,Symmetric,0.47473560517038776,0.8696985181400102,Counter-led,0.4747356051703877,0.6835341365461848,Lateral,True,True,True
E02000174,Camden,4,3,0.1342828077314344,False,0.5182108626198083,0.8787198203256598,Symmetric,0.5125698324022346,0.8040426726558113,Symmetric,0.5026737967914439,0.8427219468228931,Symmetric,False,False,False,0.5148452305748579,0.8858421936205931,Symmetric,0.5214431586113002,0.8220481253497481,Cascade-led,0.4717607973421927,0.8688659793814433,Counter-led,True,True,True
E02000175,Camden,6,4,0.1353001017293998,False,0.5174418604651163,0.8944,Symmetric,0.5187165775401069,0.8976,Symmetric,0.5299586776859504,0.9189873417721519,Cascade-led,False,True,True,0.4879310344827586,0.8923076923076924,Symmetric,0.4810508182601206,0.8930769230769231,Symmetric,0.4601715686274509,0.9215132693393563,Counter-led,False,True,True
E02000176,Camden,9,7,0.121057985757884,False,0.5015360983102919,0.8520942408376964,Symmetric,0.5017301038062284,0.9456806282722513,Symmetric,0.5025553662691652,0.9549891540130152,Symmetric,False,False,False,0.5233281493001555,0.8567621585609594,Cascade-led,0.5098452883263009,0.9473684210526315,Symmetric,0.5355371900826447,0.9582893347412883,Cascade-led,True,True,False
E02000177,Camden,3,2,0.0437436419125127,False,0.5094562647754137,0.8798751950078003,Symmetric,0.49121574139142654,0.7399895995839834,Symmetric,0.519672131147541,0.7854077253218884,Symmetric,False,False,False,0.4722753346080306,0.855973813420622,Counter-led,0.4615958240119314,0.7315875613747954,Lateral,0.444039562727746,0.7961044343141318,Counter-led,True,True,False
E02000178,Camden,4,3,-0.0366225839267548,False,0.524,0.8623993867382139,Cascade-led,0.5262664165103189,0.8171713300114987,Cascade-led,0.530359820089955,0.8483306836248012,Cascade-led,False,False,False,0.4864620938628158,0.8772763262074426,Symmetric,0.48722800378429515,0.8368962787015044,Symmetric,0.4691181720813995,0.87177093059446,Counter-led,False,True,True
E02000179,Camden,6,4,0.1119023397761952,False,0.4738834216502649,0.8777408637873754,Counter-led,0.47153284671532847,0.9102990033222591,Counter-led,0.4715943799633476,0.9238148984198645,Counter-led,False,False,False,0.5471877979027645,0.8874788494077834,Cascade-led,0.5439252336448598,0.9052453468697124,Cascade-led,0.4874551971326165,0.9256801592568016,Symmetric,False,True,True
E02000180,Camden,5,3,0.0030518819938962,True,0.5870967741935483,0.9353448275862069,Cascade-led,0.5802919708029197,0.8267241379310345,Cascade-led,0.605379513633014,0.8709884467265725,Cascade-led,False,False,False,0.4971067859021567,0.934152334152334,Symmetric,0.4966807483403742,0.8142506142506143,Symmetric,0.4763458401305057,0.8664310954063604,Counter-led,False,True,True
E02000181,Camden,8,6,0.0762970498474058,False,0.5255402750491159,0.8883071553228621,Cascade-led,0.5211406096361848,0.887434554973822,Cascade-led,0.5211406096361848,0.7256510881198716,Lateral,False,True,True,0.476625470177324,0.8647769516728625,Counter-led,0.474854420328216,0.8777881040892194,Counter-led,0.474854420328216,0.6591067690160503,Lateral,False,True,True
E02000182,Camden,7,5,0.1241098677517802,False,0.5242382271468145,0.912192040429564,Cascade-led,0.5134741442097597,0.8673404927353127,Symmetric,0.5033557046979866,0.8864250946457545,Symmetric,True,False,True,0.45368492224476,0.9079189686924494,Counter-led,0.4657243816254417,0.8686310620012277,Counter-led,0.4398496240601504,0.896917148362235,Counter-led,False,False,False
E02000183,Camden,6,5,-0.0061037639877924,False,0.4980205859065716,0.8386454183266933,Symmetric,0.4857142857142857,0.8831341301460823,Symmetric,0.4826999432785026,0.9092315626611656,Symmetric,False,False,False,0.4496805111821086,0.8730822873082287,Counter-led,0.4448,0.8716875871687587,Counter-led,0.4085603112840467,0.9072112960161371,Counter-led,False,False,False
E02000184,Camden,3,2,-0.0274669379450661,False,0.5040572792362769,0.8635614179719703,Symmetric,0.49223691776883266,0.7168178070898599,Lateral,0.5301815111861545,0.775196335078534,Cascade-led,True,True,True,0.5137310606060606,0.8941574936494496,Symmetric,0.507361268403171,0.7476714648602879,Symmetric,0.522005772005772,0.8230403800475059,Cascade-led,False,True,True
E02000185,Camden,3,2,0.0020345879959308,False,0.4569954128440367,0.8934426229508197,Counter-led,0.45387453874538747,0.8329918032786885,Counter-led,0.469964664310954,0.858690940615518,Counter-led,False,False,False,0.4841222288795686,0.9060803474484256,Symmetric,0.48759791122715407,0.8317046688382194,Symmetric,0.466,0.8658008658008658,Counter-led,False,True,True
E02000186,Camden,4,3,0.0071210579857579,False,0.5109321058688148,0.8958762886597939,Symmetric,0.515451174289246,0.8340206185567011,Symmetric,0.5267566309911587,0.8696883852691218,Cascade-led,False,True,True,0.4720344191763982,0.8924849149753155,Counter-led,0.47396176664469347,0.832144816236972,Counter-led,0.4851268591426071,0.8819444444444444,Symmetric,False,True,True
E02000187,Camden,2,2,-0.0630722278738555,False,0.4966401954795357,0.9206974128233972,Symmetric,0.5081458494957332,0.7249718785151856,Lateral,0.5246609124537608,0.7683562292752251,Cascade-led,True,True,True,0.4990138067061144,0.916265060240964,Symmetric,0.494336569579288,0.744578313253012,Symmetric,0.5075075075075075,0.8249380677126342,Symmetric,False,False,False
E02000188,Camden,3,2,-0.0406917599186165,False,0.5455417066155321,0.9010799136069114,Cascade-led,0.5517241379310345,0.7516198704103672,Cascade-led,0.5812765957446808,0.8034188034188035,Cascade-led,False,False,False,0.483739837398374,0.8288409703504043,Symmetric,0.4441176470588235,0.6873315363881402,Lateral,0.4896142433234421,0.7840856212191717,Symmetric,True,True,False
E02000189,Camden,5,3,-0.1739572736520854,False,0.5681969394544245,0.8951756998213222,Cascade-led,0.5470022205773502,0.8046456223942823,Cascade-led,0.5920835623969214,0.847228691197019,Cascade-led,False,False,False,0.5,0.0,Lateral,0.5,0.0,Lateral,0.5,0.0,Lateral,False,False,False
E02000190,Camden,6,4,-0.0844354018311291,True,0.6873633581110625,0.9162660256410255,Cascade-led,0.6809501630181649,0.860176282051282,Cascade-led,0.708033760550172,0.9016347237880497,Cascade-led,False,False,False,0.5,0.0,Lateral,0.5,0.0,Lateral,0.5,0.0,Lateral,False,False,False
E02000191,Camden,7,5,0.0508646998982706,True,0.6276841757515692,0.9234289200732154,Cascade-led,0.622,0.9151921903599756,Cascade-led,0.6764637275484021,0.9391018619934283,Cascade-led,False,False,False,0.645910780669145,0.9061052631578947,Cascade-led,0.6400733608436497,0.9183157894736842,Cascade-led,0.6363905325443787,0.9457190822607723,Cascade-led,False,False,False
E02000192,Camden,4,3,0.0671414038657171,False,0.5532407407407407,0.92176386913229,Cascade-led,0.5546666666666666,0.8001422475106685,Cascade-led,0.5685347738014855,0.840522133938706,Cascade-led,False,False,False,0.4708171206225681,0.8962510897994769,Counter-led,0.47594142259414224,0.8334786399302528,Counter-led,0.4703903095558546,0.8861061419200954,Counter-led,False,False,False
E02000193,Camden,5,4,0.1180061037639878,False,0.5152505446623094,0.8793103448275862,Symmetric,0.5,0.7911877394636015,Symmetric,0.5644891122278057,0.8456090651558074,Cascade-led,False,True,True,0.5154185022026432,0.8978246539222149,Symmetric,0.5039872408293461,0.8266315095583389,Symmetric,0.5229176934450468,0.8852530541012217,Cascade-led,False,True,True
E02000194,Croydon,5,3,-0.0162767039674466,False,0.5103448275862069,0.8405797101449275,Symmetric,0.5269097222222222,0.6678260869565218,Lateral,0.5006631299734748,0.7246516098029794,Lateral,True,False,True,0.4032738095238095,0.8255528255528255,Counter-led,0.4372822299651568,0.7051597051597052,Lateral,0.3784097504352873,0.7821152973218338,Counter-led,True,True,False
E02000195,Croydon,7,5,0.0406917599186164,False,0.4378648874061718,0.9338006230529596,Counter-led,0.43537414965986393,0.9158878504672897,Counter-led,0.408344733242134,0.9312101910828026,Counter-led,False,False,False,0.4548704200178731,0.91871921182266,Counter-led,0.453382084095064,0.8981937602627258,Counter-led,0.3984858912594631,0.9213696892834495,Counter-led,False,False,False
E02000196,Croydon,5,4,-0.0712105798575788,False,0.4683257918552036,0.8207985143918292,Counter-led,0.4719512195121951,0.7613741875580315,Counter-led,0.4501510574018127,0.7944,Counter-led,False,False,False,0.4570048309178744,0.8712121212121212,Counter-led,0.453862660944206,0.7845117845117845,Counter-led,0.4047231270358306,0.8274932614555256,Counter-led,False,False,False
E02000197,Croydon,6,4,-0.0701932858596134,True,0.3765941485371343,0.8880746169220519,Counter-led,0.387263339070568,0.7741505662891406,Counter-led,0.3719424460431654,0.8039329091960671,Counter-led,False,False,False,0.4377358490566038,0.8702791461412152,Counter-led,0.40934371523915464,0.7380952380952381,Lateral,0.3636363636363636,0.8040540540540541,Counter-led,True,True,False
E02000198,Croydon,4,3,-0.2034587995930824,False,0.4542536115569823,0.8334448160535117,Counter-led,0.4491682070240296,0.7237458193979933,Lateral,0.4464856230031949,0.751951951951952,Lateral,True,False,True,0.5273851590106007,0.8268809349890431,Cascade-led,0.519193857965451,0.7611395178962747,Symmetric,0.4630824372759856,0.8101045296167247,Counter-led,True,True,True
E02000199,Croydon,6,4,-0.0681586978636826,False,0.4139784946236559,0.8949478748997595,Counter-led,0.4276190476190476,0.8420208500400962,Counter-led,0.4181536074476338,0.8674293405114402,Counter-led,False,False,False,0.425531914893617,0.9155844155844156,Counter-led,0.41795104261106075,0.8952922077922078,Counter-led,0.354422207876049,0.9231227651966627,Counter-led,False,False,False
E02000200,Croydon,5,3,-0.1139369277721261,False,0.498205312275664,0.8432203389830508,Symmetric,0.5186125211505922,0.715496368038741,Lateral,0.4976430976430976,0.7595907928388747,Symmetric,True,True,False,0.4837209302325581,0.8285163776493256,Symmetric,0.4840379637618637,0.7443802183686576,Symmetric,0.4303877940241576,0.7980720446473871,Counter-led,False,True,True
E02000201,Croydon,3,2,-0.0701932858596134,False,0.5377952755905512,0.8506363027461487,Cascade-led,0.5654867256637168,0.7568653717347622,Cascade-led,0.5333333333333333,0.7917383820998278,Cascade-led,False,False,False,0.4684210526315789,0.8715596330275229,Counter-led,0.4775051124744376,0.7477064220183486,Counter-led,0.4101796407185629,0.801920768307323,Counter-led,False,False,False
E02000202,Croydon,7,5,-0.1983723296032553,False,0.4925986842105263,0.9282442748091604,Symmetric,0.503155996393147,0.8465648854961833,Symmetric,0.4723926380368098,0.8664451827242525,Counter-led,False,True,True,0.4359183673469388,0.9386973180076628,Counter-led,0.4388984509466437,0.8904214559386974,Counter-led,0.3915343915343915,0.913595166163142,Counter-led,False,False,False
E02000203,Croydon,4,3,-0.2105798575788403,False,0.5131086142322098,0.782991202346041,Symmetric,0.5148936170212766,0.6891495601173021,Lateral,0.4903846153846153,0.7295918367346939,Lateral,True,False,True,0.4774535809018567,0.8279648609077599,Counter-led,0.4680648236415634,0.7679355783308931,Counter-led,0.4197002141327623,0.8154831199068685,Counter-led,False,False,False
E02000204,Croydon,6,5,-0.1800610376398779,False,0.4192200557103064,0.9008782936010038,Counter-led,0.4086642599277978,0.8688833124215809,Counter-led,0.404096834264432,0.8851648351648351,Counter-led,False,False,False,0.4829351535836177,0.8681481481481481,Symmetric,0.49072512647554806,0.8785185185185185,Symmetric,0.4441524310118265,0.9027283511269276,Counter-led,False,True,True
E02000206,Croydon,4,3,-0.1943031536113937,False,0.513530522341095,0.8082400813835199,Symmetric,0.5172900494001411,0.7207527975584944,Lateral,0.4792495736213757,0.7621317157712305,Counter-led,True,True,True,0.46001523229246,0.8040416411512553,Counter-led,0.45228215767634855,0.7379056950398041,Lateral,0.4086853063652588,0.7970602181128497,Counter-led,True,True,False
E02000207,Croydon,3,2,-0.0518819938962359,False,0.4556752278376139,0.881021897810219,Counter-led,0.45027124773960214,0.8072992700729927,Counter-led,0.437593984962406,0.8343789209535759,Counter-led,False,False,False,0.4580838323353293,0.8697916666666666,Counter-led,0.45982142857142855,0.7777777777777778,Counter-led,0.4054054054054054,0.8424615384615385,Counter-led,False,False,False
E02000208,Croydon,3,2,-0.2034587995930824,False,0.5417999086340795,0.9232391396035428,Cascade-led,0.5545918367346939,0.8266554196541543,Cascade-led,0.5423351158645277,0.8451977401129943,Cascade-led,False,False,False,0.4418735891647855,0.9287211740041929,Counter-led,0.43620364550597107,0.8338574423480084,Counter-led,0.411031175059952,0.8680266444629475,Counter-led,False,False,False
E02000209,Croydon,5,4,-0.108850457782299,False,0.4595959595959596,0.8872292755787902,Counter-led,0.45,0.8215085884988798,Counter-led,0.4090247452692867,0.851828890266584,Counter-led,False,False,False,0.4713740458015267,0.9089332176929747,Counter-led,0.4357142857142857,0.849956634865568,Counter-led,0.3842592592592592,0.8822328114363512,Counter-led,False,False,False
E02000210,Croydon,7,5,-0.0478128179043743,False,0.4627949183303085,0.9315300084530854,Counter-led,0.4624542124542125,0.9230769230769231,Counter-led,0.4432393347794649,0.9382632293080054,Counter-led,False,False,False,0.4131274131274131,0.9513314967860422,Counter-led,0.4140625,0.9403122130394858,Counter-led,0.3570496083550913,0.9592986850344396,Counter-led,False,False,False
E02000211,Croydon,9,8,-0.0193285859613427,False,0.4417910447761194,0.9228650137741048,Counter-led,0.4447632711621234,0.9600550964187328,Counter-led,0.4870689655172414,0.9696969696969697,Symmetric,False,True,True,0.4073550212164074,0.8949367088607595,Counter-led,0.4101876675603217,0.9443037974683545,Counter-led,0.5164011246485474,0.9603960396039604,Symmetric,False,True,True
E02000212,Croydon,4,3,-0.1719226856561546,False,0.5061633281972265,0.8002466091245376,Symmetric,0.49361702127659574,0.7244143033292232,Lateral,0.4815602836879432,0.7592891760904685,Symmetric,True,True,False,0.4083665338645418,0.7819314641744548,Lateral,0.40189873417721517,0.7383177570093458,Lateral,0.3628850488354621,0.7984403119376124,Counter-led,False,True,True
E02000213,Croydon,2,2,-0.1353001017293997,False,0.5187319884726225,0.9625520110957004,Symmetric,0.5257558790593505,0.8257050392972723,Cascade-led,0.5256175663311985,0.8529067499024581,Cascade-led,True,False,True,0.4812558575445173,0.9484444444444444,Symmetric,0.46547036432843936,0.8173333333333334,Counter-led,0.4255704454907642,0.8704287515762925,Counter-led,True,False,True
E02000214,Croydon,9,7,0.0152594099694811,False,0.4930875576036866,0.9517543859649122,Symmetric,0.4854961832061069,0.9576023391812866,Symmetric,0.5249433106575964,0.9681668496158068,Cascade-led,False,True,True,0.4307692307692308,0.9345047923322684,Counter-led,0.4208754208754209,0.9488817891373802,Counter-led,0.5443458980044346,0.9657387580299786,Cascade-led,False,True,True
E02000215,Croydon,6,4,-0.108850457782299,False,0.4582431847684985,0.9479081214109926,Counter-led,0.4579524680073126,0.8974569319114027,Counter-led,0.4686716791979949,0.917844232665133,Counter-led,False,False,False,0.4164470216130733,0.9217687074829932,Counter-led,0.4151884700665188,0.8765792031098154,Counter-led,0.3769317753486619,0.912624699002408,Counter-led,False,False,False
E02000216,Croydon,9,7,-0.0386571719226856,False,0.447,0.9208103130755064,Counter-led,0.446064139941691,0.9475138121546961,Counter-led,0.4720452937013447,0.9612244897959183,Counter-led,False,False,False,0.4434072345390898,0.916577540106952,Counter-led,0.42939814814814814,0.9240641711229947,Counter-led,0.5378398236590742,0.9504189944134078,Cascade-led,False,True,True
E02000217,Croydon,4,3,-0.1302136317395727,False,0.5065868263473053,0.8255066732575383,Symmetric,0.5099793530626291,0.7182402372713791,Lateral,0.4931794333683106,0.7697899838449112,Symmetric,True,True,False,0.4616402116402116,0.8284931506849315,Counter-led,0.44861800141743446,0.7731506849315068,Counter-led,0.4105805243445692,0.8376470588235294,Counter-led,False,False,False
E02000218,Croydon,5,4,-0.0305188199389623,False,0.5026178010471204,0.8565022421524664,Symmetric,0.513986013986014,0.8550074738415545,Symmetric,0.4608108108108108,0.8841099163679809,Counter-led,False,True,True,0.4860335195530726,0.9322916666666666,Symmetric,0.49490835030549896,0.8524305555555556,Symmetric,0.4093959731543624,0.8975903614457831,Counter-led,False,True,True
E02000219,Croydon,10,9,-0.0172939979654119,False,0.5051724137931034,0.8134642356241234,Symmetric,0.503793626707132,0.9242636746143057,Symmetric,0.5711183496199783,0.9446153846153846,Cascade-led,False,True,True,0.4153225806451613,0.7848101265822784,Counter-led,0.4415807560137457,0.9208860759493671,Counter-led,0.5288788221970555,0.9464094319399786,Cascade-led,False,True,True
E02000220,Croydon,5,3,-0.1230925737538148,False,0.5110732538330494,0.9211455472734406,Symmetric,0.534219596258001,0.7967830521773245,Cascade-led,0.5344569288389514,0.8375156838143036,Cascade-led,True,False,True,0.5,0.0,Lateral,0.5,0.0,Lateral,0.5,0.0,Lateral,False,False,False
E02000221,Croydon,4,3,-0.1057985757884028,False,0.515179392824287,0.8400309119010819,Symmetric,0.5183982683982684,0.714064914992272,Lateral,0.4772012578616352,0.7746650426309378,Counter-led,True,True,True,0.534375,0.825451418744626,Cascade-led,0.5294748124330118,0.8022355975924333,Cascade-led,0.4526391901663051,0.8574085554866708,Counter-led,False,True,True
E02000222,Croydon,7,5,0.0467955239064089,False,0.4319213313161876,0.9329569513055752,Counter-led,0.43214556482183475,0.9308398023994354,Counter-led,0.4408774745853397,0.9501779359430605,Counter-led,False,False,False,0.4429530201342282,0.9254658385093169,Counter-led,0.44455252918287935,0.9121561668145519,Counter-led,0.4153074027603513,0.941523922031896,Counter-led,False,False,False
E02000223,Croydon,1,1,-0.0630722278738555,False,0.5164179104477612,0.9095022624434388,Symmetric,0.5144855144855145,0.9058823529411765,Symmetric,0.5008576329331046,0.9181102362204724,Symmetric,False,False,False,0.4541666666666666,0.8938547486033519,Counter-led,0.4551148225469729,0.8919925512104283,Counter-led,0.3687074829931973,0.926860025220681,Counter-led,False,False,False
E02000224,Croydon,8,6,-0.0071210579857579,False,0.44,0.8676351896690879,Counter-led,0.44534778681120146,0.8934624697336562,Counter-led,0.4453477868112014,0.6688821752265861,Lateral,False,True,True,0.4258271077908218,0.8627992633517495,Counter-led,0.42528735632183906,0.8812154696132597,Counter-led,0.425287356321839,0.5723684210526315,Lateral,False,True,True
E02000225,Croydon,4,3,-0.1688708036622583,False,0.4359400998336106,0.9119878603945372,Counter-led,0.42021276595744683,0.8558421851289834,Counter-led,0.4092827004219409,0.8821339950372209,Counter-led,False,False,False,0.4823529411764706,0.8551307847082495,Symmetric,0.48201438848920863,0.8390342052313883,Symmetric,0.3848484848484848,0.8918918918918919,Counter-led,False,True,True
E02000226,Croydon,10,9,-0.0559511698880976,False,0.4546850998463901,0.8691588785046729,Counter-led,0.44798890429958393,0.9626168224299065,Counter-led,0.5144787644787645,0.9736842105263158,Symmetric,False,True,True,0.3556701030927835,0.9122257053291536,Counter-led,0.35889070146818924,0.9608150470219435,Counter-led,0.4966183574879227,0.9764150943396226,Symmetric,False,True,True
E02000227,Croydon,8,6,-0.1200406917599187,False,0.4532442748091603,0.9415992812219228,Counter-led,0.4516431924882629,0.9568733153638814,Counter-led,0.4516431924882629,0.6715006305170239,Lateral,False,True,True,0.4011173184357542,0.9104781281790436,Counter-led,0.39672131147540984,0.930824008138352,Counter-led,0.3967213114754098,0.5780164245104232,Lateral,False,True,True
E02000228,Croydon,10,10,0.0,False,0.3785123966942149,0.8569405099150141,Counter-led,0.38719068413391555,0.9730878186968839,Counter-led,0.5076645626690712,0.9831560283687943,Symmetric,False,True,True,0.388034188034188,0.8796992481203008,Counter-led,0.40061633281972264,0.9759398496240601,Counter-led,0.5266544117647058,0.9855072463768116,Cascade-led,False,True,True
E02000229,Croydon,1,1,-0.0457782299084435,False,0.5530434782608695,0.8646616541353384,Cascade-led,0.5506993006993007,0.8601503759398497,Cascade-led,0.4864165588615782,0.8926096997690531,Symmetric,False,True,True,0.4813953488372093,0.893970893970894,Symmetric,0.4813953488372093,0.893970893970894,Symmetric,0.3859649122807017,0.9306122448979591,Counter-led,False,True,True
E02000230,Croydon,8,6,-0.0203458799593082,False,0.5178571428571429,0.8641975308641975,Symmetric,0.5247610773240661,0.8881172839506173,Cascade-led,0.5247610773240661,0.628618241398143,Lateral,True,True,True,0.4198542805100182,0.8465690053970701,Counter-led,0.42314487632508835,0.8727833461835004,Counter-led,0.4231448763250883,0.5465958474167069,Lateral,False,True,True
E02000231,Croydon,10,9,0.0,False,0.3886743886743887,0.9261025029797376,Counter-led,0.40318627450980393,0.9725864123957092,Counter-led,0.5004048582995951,0.9817170111287759,Symmetric,False,True,True,0.3975308641975308,0.889132821075741,Counter-led,0.4290617848970252,0.9593852908891328,Counter-led,0.5294953802416489,0.974376731301939,Cascade-led,False,True,True
E02000232,Croydon,9,7,-0.0274669379450661,False,0.3961038961038961,0.8523985239852399,Counter-led,0.3877118644067797,0.8708487084870848,Counter-led,0.5189393939393939,0.9187935034802784,Symmetric,False,True,True,0.3395225464190981,0.8726851851851852,Counter-led,0.3475,0.9259259259259259,Counter-led,0.5219573400250941,0.9613992762364294,Cascade-led,False,True,True
E02000233,Croydon,7,5,0.0610376398779246,False,0.4492979719188767,0.946824224519941,Counter-led,0.45396825396825397,0.930576070901034,Counter-led,0.4339815762538382,0.9541015625,Counter-led,False,False,False,0.3974121996303142,0.9200680272108844,Counter-led,0.4037735849056604,0.9013605442176871,Counter-led,0.3519837232960325,0.9442843419788665,Counter-led,False,False,False
E02000234,Croydon,8,6,-0.0752797558494404,False,0.3996937212863706,0.8224181360201511,Counter-led,0.4144927536231884,0.8690176322418136,Counter-led,0.4144927536231884,0.5812973883740522,Lateral,False,True,True,0.3810650887573965,0.8407960199004975,Counter-led,0.3922462941847206,0.872636815920398,Counter-led,0.3922462941847206,0.5561192136968929,Lateral,False,True,True
E02000235,Croydon,9,7,0.0010172939979654,False,0.3601398601398601,0.8436578171091446,Counter-led,0.3864406779661017,0.8702064896755162,Counter-led,0.5215215215215215,0.9190432382704692,Cascade-led,False,True,True,0.3269230769230769,0.8357142857142857,Counter-led,0.3616600790513834,0.9035714285714286,Counter-led,0.522680412371134,0.947265625,Cascade-led,False,True,True
E02000236,Croydon,9,8,0.0193285859613427,False,0.4487179487179487,0.8041237113402062,Counter-led,0.4611872146118721,0.9030927835051547,Counter-led,0.5267441860465116,0.948180815876516,Cascade-led,False,True,True,0.3379310344827586,0.849194729136164,Counter-led,0.3402889245585875,0.9121522693997072,Counter-led,0.4907488986784141,0.9497907949790795,Symmetric,False,True,True
E02000237,Croydon,9,8,-0.0712105798575788,False,0.3677581863979849,0.857451403887689,Counter-led,0.3788235294117647,0.91792656587473,Counter-led,0.52,0.9572072072072072,Symmetric,False,True,True,0.2916666666666667,0.7966804979253111,Counter-led,0.3211845102505695,0.9107883817427386,Counter-led,0.5271920088790233,0.9544491525423728,Cascade-led,False,True,True
E02000238,Ealing,7,5,-0.0213631739572736,False,0.4404476418864908,0.8675450762829403,Counter-led,0.4391785150078989,0.8779472954230236,Counter-led,0.4177545691906005,0.8969555035128806,Counter-led,False,False,False,0.4975328947368421,0.8403593642017968,Symmetric,0.4944,0.8638562543192813,Symmetric,0.4258943781942078,0.8993871297242084,Counter-led,False,True,True
E02000239,Ealing,8,7,-0.0111902339776195,False,0.5009823182711198,0.8671209540034072,Symmetric,0.5111706881143878,0.9531516183986372,Symmetric,0.5432900432900433,0.9618320610687023,Cascade-led,False,True,True,0.4828934506353861,0.8864818024263431,Symmetric,0.5095541401273885,0.9523396880415944,Symmetric,0.5730795377294358,0.9639580602883355,Cascade-led,False,True,True
E02000240,Ealing,3,2,-0.0834181078331638,False,0.5052552552552553,0.883289124668435,Symmetric,0.506006006006006,0.883289124668435,Symmetric,0.4579326923076923,0.9043478260869565,Counter-led,False,True,True,0.5239085239085239,0.8801463860933212,Cascade-led,0.5294117647058824,0.8865507776761208,Cascade-led,0.4430468204053109,0.9202572347266881,Counter-led,False,True,True
E02000241,Ealing,7,5,-0.0925737538148525,False,0.4430232558139534,0.8447937131630648,Counter-led,0.45202312138728323,0.849705304518664,Counter-led,0.4077407740774077,0.8789556962025317,Counter-led,False,False,False,0.4467564259485924,0.821105527638191,Counter-led,0.45498783454987834,0.8261306532663316,Counter-led,0.4136078782452999,0.8658914728682171,Counter-led,False,False,False
E02000242,Ealing,8,6,-0.0254323499491353,False,0.5359056806002144,0.8851992409867173,Cascade-led,0.5624270711785297,0.8130929791271347,Cascade-led,0.5624270711785297,0.7007358953393296,Lateral,False,True,True,0.5293333333333333,0.8939213349225268,Cascade-led,0.522633744855967,0.8688915375446961,Cascade-led,0.522633744855967,0.6712707182320442,Lateral,False,True,True
E02000243,Ealing,5,4,-0.0773143438453713,False,0.4607535321821036,0.857335127860027,Counter-led,0.44874715261959,0.8862718707940781,Counter-led,0.4254638515674984,0.9024249422632794,Counter-led,False,False,False,0.4754285714285714,0.8570029382957884,Counter-led,0.4645669291338583,0.8707149853085211,Counter-led,0.4070146818923328,0.9027982326951399,Counter-led,False,False,False
E02000244,Ealing,7,6,-0.0620549338758902,False,0.5019193857965452,0.8868085106382979,Symmetric,0.5195227765726681,0.7846808510638298,Symmetric,0.5195227765726681,0.6470175438596492,Lateral,False,True,True,0.5112692763938316,0.8438438438438438,Symmetric,0.5228070175438596,0.8558558558558559,Cascade-led,0.5228070175438596,0.6404494382022472,Lateral,True,True,True
E02000245,Ealing,1,1,-0.0467955239064089,False,0.4883540372670807,0.9193433261955746,Symmetric,0.48715953307392995,0.9172019985724482,Symmetric,0.4538258575197889,0.928921568627451,Counter-led,False,True,True,0.5359116022099447,0.9282051282051282,Cascade-led,0.5359116022099447,0.9282051282051282,Cascade-led,0.4909090909090909,0.9445178335535006,Symmetric,False,True,True
E02000246,Ealing,3,2,-0.0630722278738555,False,0.4819494584837545,0.8676585747846516,Symmetric,0.4852017937219731,0.8731401722787784,Symmetric,0.4545454545454545,0.8945998698763825,Counter-led,False,True,True,0.4785631517960602,0.8933747412008282,Counter-led,0.47313084112149534,0.8861283643892339,Counter-led,0.3900602409638554,0.9235048678720446,Counter-led,False,False,False
E02000247,Ealing,4,3,-0.0895218718209562,False,0.522229595222296,0.8690888119953863,Cascade-led,0.5423076923076923,0.7497116493656286,Cascade-led,0.4869402985074627,0.7874632713026445,Symmetric,False,True,True,0.4827586206896552,0.925531914893617,Symmetric,0.47848360655737704,0.7986906710310966,Counter-led,0.4120676968359087,0.8467289719626169,Counter-led,True,False,True
E02000248,Ealing,8,6,-0.1169888097660223,False,0.4923747276688453,0.8781887755102041,Symmetric,0.4923525127458121,0.8756377551020408,Symmetric,0.4923525127458121,0.7132467532467532,Lateral,False,True,True,0.5650140318054256,0.8864013266998342,Cascade-led,0.5596244131455399,0.8830845771144279,Cascade-led,0.5596244131455399,0.6450635978195033,Lateral,False,True,True
E02000249,Ealing,5,3,-0.0559511698880976,False,0.5338345864661654,0.865040650406504,Cascade-led,0.554696132596685,0.7357723577235772,Cascade-led,0.5104347826086957,0.7796610169491526,Symmetric,False,True,True,0.4851598173515982,0.8287606433301797,Symmetric,0.46371463714637146,0.7691579943235572,Counter-led,0.4033539276257722,0.8228031953522149,Counter-led,True,False,True
E02000250,Ealing,10,9,0.0162767039674465,False,0.5082444228903976,0.9772511848341232,Symmetric,0.5071907957813998,0.9886255924170616,Symmetric,0.5235955056179775,0.9910913140311804,Cascade-led,False,True,True,0.5654135338345865,0.965166908563135,Cascade-led,0.5603576751117735,0.9738751814223512,Cascade-led,0.5732142857142857,0.984182776801406,Cascade-led,False,False,False
E02000251,Ealing,7,5,0.0050864699898269,False,0.4867052023121387,0.8963730569948186,Symmetric,0.48068181818181815,0.9119170984455959,Symmetric,0.4483074107959743,0.9278438030560272,Counter-led,False,True,True,0.490521327014218,0.9114470842332614,Symmetric,0.49191685912240185,0.9352051835853131,Symmetric,0.4460016488046167,0.9528672427336999,Counter-led,False,True,True
E02000252,Ealing,4,3,-0.056968463886063,False,0.4835402050728548,0.8578703703703704,Symmetric,0.4748290863890615,0.7449074074074075,Counter-led,0.4798249878463782,0.7887269938650306,Counter-led,True,False,True,0.4753106084740363,0.9170318434122116,Counter-led,0.48113546532518864,0.81302950628104,Symmetric,0.5508819538670285,0.8735677597787436,Cascade-led,True,True,True
E02000253,Ealing,4,3,-0.2095625635808748,False,0.51586655817738,0.8835370237239396,Symmetric,0.5173076923076924,0.7476635514018691,Symmetric,0.4827044025157233,0.7837338262476895,Symmetric,False,False,False,0.4803451581975071,0.9345878136200716,Symmetric,0.48868778280542985,0.7921146953405018,Symmetric,0.42,0.8434547908232118,Counter-led,False,True,True
E02000254,Ealing,6,4,-0.0783316378433366,False,0.5210577864838394,0.9375573921028466,Cascade-led,0.5289778714436248,0.8714416896235078,Cascade-led,0.4716981132075472,0.8969830757910228,Counter-led,False,True,True,0.477560414269275,0.9384449244060477,Counter-led,0.4599260172626387,0.8758099352051836,Counter-led,0.3942148760330578,0.9132075471698113,Counter-led,False,False,False
E02000255,Ealing,5,4,0.017293997965412,False,0.4511825348696179,0.9212290502793296,Counter-led,0.47025673137132123,0.8921787709497206,Counter-led,0.4630350194552529,0.9141840818141396,Counter-led,False,False,False,0.5218554861730598,0.8903891977760127,Cascade-led,0.5061946902654867,0.897537728355838,Symmetric,0.4574340527577937,0.9282136894824707,Counter-led,True,True,True
E02000256,Ealing,8,6,0.0183112919633774,False,0.5042060988433228,0.8854748603351955,Symmetric,0.49625668449197863,0.8705772811918063,Symmetric,0.4962566844919786,0.6617126680820948,Lateral,False,True,True,0.5075471698113208,0.8922558922558923,Symmetric,0.509929532351057,0.8759820426487093,Symmetric,0.509929532351057,0.5944402132520944,Lateral,False,True,True
E02000257,Ealing,7,5,0.0152594099694811,False,0.4575507137490608,0.8218585983328188,Counter-led,0.45498511904761907,0.8298857672121025,Counter-led,0.4820706389862497,0.8706572769953052,Symmetric,False,True,True,0.5,0.0,Lateral,0.5,0.0,Lateral,0.5,0.0,Lateral,False,False,False
E02000258,Ealing,7,5,-0.010172939979654,False,0.5114155251141552,0.8314350797266514,Symmetric,0.5153429602888087,0.8413059984813971,Symmetric,0.5183423913043478,0.875669244497323,Symmetric,False,False,False,0.4871794871794871,0.8660251665433013,Symmetric,0.4906462585034014,0.8704663212435233,Symmetric,0.4424131627056673,0.9036343612334802,Counter-led,False,True,True
E02000259,Ealing,8,6,-0.022380467955239,False,0.4852191641182466,0.8837837837837837,Symmetric,0.4788004136504654,0.8711711711711712,Counter-led,0.4788004136504654,0.7099853157121879,Lateral,True,True,True,0.5301932367149759,0.8970747562296858,Cascade-led,0.5334143377885784,0.8916576381365113,Cascade-led,0.5334143377885784,0.6521394611727417,Lateral,False,True,True
E02000260,Ealing,3,3,0.0193285859613428,False,0.3971571906354515,0.8691860465116279,Counter-led,0.4090909090909091,0.6555232558139535,Lateral,0.3961922030825022,0.699429296131896,Lateral,True,False,True,0.4495412844036697,0.910609857978279,Counter-led,0.4812332439678284,0.6232247284878863,Lateral,0.4075949367088607,0.7243276283618582,Lateral,True,False,True
E02000261,Ealing,5,3,-0.0111902339776194,False,0.4766112266112266,0.8845977011494253,Counter-led,0.4841791044776119,0.7701149425287356,Symmetric,0.494921514312096,0.8124531132783196,Symmetric,True,False,True,0.4921602787456446,0.9050059124950728,Symmetric,0.49137931034482757,0.7772960189199842,Symmetric,0.4513021762397431,0.8322446555819477,Counter-led,False,True,True
E02000262,Ealing,4,3,-0.0417090539165819,False,0.4751203852327448,0.8841059602649006,Counter-led,0.45163277880468267,0.7677388836329234,Counter-led,0.4583333333333333,0.8130947849257708,Counter-led,False,False,False,0.490041928721174,0.9004247286455875,Symmetric,0.48166259168704156,0.7720622935346861,Symmetric,0.4457092819614711,0.82544271774485,Counter-led,False,True,True
E02000263,Ealing,4,3,-0.1536113936927772,True,0.4797458300238284,0.8101673101673101,Counter-led,0.4688427299703264,0.6505791505791506,Lateral,0.4241509433962264,0.7093147751605996,Lateral,True,False,True,0.3855799373040752,0.9341142020497804,Counter-led,0.34205020920502094,0.6998535871156661,Lateral,0.3058596265292981,0.7911360163015793,Counter-led,True,True,False
E02000264,Ealing,7,5,-0.08646998982706,False,0.4676903390914907,0.8015384615384615,Counter-led,0.47509578544061304,0.803076923076923,Counter-led,0.4834690943938668,0.8445973290165925,Symmetric,False,True,True,0.4935483870967742,0.8493150684931506,Symmetric,0.497131931166348,0.8597260273972602,Symmetric,0.4690486082260074,0.9038678182500939,Counter-led,False,True,True
E02000265,Ealing,3,3,-0.010172939979654,False,0.5026315789473684,0.9058402860548272,Symmetric,0.5049751243781094,0.798569725864124,Symmetric,0.4878811571540266,0.834584013050571,Symmetric,False,False,False,0.4873068432671081,0.9197969543147207,Symmetric,0.5045984058859595,0.8279187817258883,Symmetric,0.4743643184660275,0.8761869978086194,Counter-led,False,True,True
E02000266,Ealing,1,1,0.0071210579857578,False,0.4769147202607278,0.941687979539642,Counter-led,0.4766050054406964,0.9401534526854219,Counter-led,0.4545454545454545,0.9502127659574469,Counter-led,False,False,False,0.5352609308885754,0.9459639759839892,Cascade-led,0.5349823321554771,0.9439626417611742,Cascade-led,0.4528030666027791,0.9613081529249194,Counter-led,False,True,True
E02000267,Ealing,6,4,0.0122075279755848,False,0.4731750219876869,0.9274061990212072,Counter-led,0.4803738317757009,0.8727569331158238,Symmetric,0.4505169867060561,0.8966887417218543,Counter-led,True,True,False,0.5020408163265306,0.9082483781278962,Symmetric,0.5064655172413793,0.8600556070435589,Symmetric,0.4335086401202103,0.898110661268556,Counter-led,False,True,True
E02000268,Ealing,7,5,-0.0925737538148524,False,0.5094816687737042,0.820965230928905,Symmetric,0.5053627760252366,0.8225220550077841,Symmetric,0.4988157271435339,0.8605788830004076,Symmetric,False,False,False,0.4799405646359584,0.8578712555768006,Counter-led,0.47886297376093295,0.8744423199490121,Counter-led,0.4294871794871794,0.9172616547669047,Counter-led,False,False,False
E02000269,Ealing,9,8,0.010172939979654,False,0.4481434058898847,0.897185525560023,Counter-led,0.4480840543881335,0.929350947731189,Counter-led,0.4790718835304822,0.9470056010340371,Counter-led,False,False,False,0.4802215189873418,0.9054441260744984,Symmetric,0.4888547271329746,0.9319484240687679,Symmetric,0.5567708333333333,0.9528535980148883,Cascade-led,False,True,True
E02000270,Ealing,3,2,-0.2156663275686673,False,0.4660130718954248,0.869812393405344,Counter-led,0.47147540983606556,0.8669698692438885,Counter-led,0.4538586076632487,0.8878773358888357,Counter-led,False,False,False,0.5165794066317626,0.9080824088748018,Symmetric,0.5359756097560976,0.8663497094558901,Cascade-led,0.5036798528058878,0.8957560774618871,Symmetric,True,True,False
E02000271,Ealing,9,7,0.0528992878942014,False,0.5140845070422535,0.8565683646112601,Symmetric,0.5079726651480638,0.8827077747989276,Symmetric,0.5172018348623854,0.9088066701406983,Symmetric,False,False,False,0.4549214226633581,0.90561797752809,Counter-led,0.4520884520884521,0.9146067415730337,Counter-led,0.5200678349349915,0.9394583112055231,Cascade-led,False,True,True
E02000272,Ealing,9,8,-0.0071210579857579,False,0.476027397260274,0.8613569321533924,Counter-led,0.47902869757174393,0.8908554572271387,Counter-led,0.5313001605136437,0.918201915991157,Cascade-led,False,True,True,0.5402476780185759,0.8533685601056803,Cascade-led,0.5422222222222223,0.8916776750330251,Cascade-led,0.5988372093023255,0.926391382405745,Cascade-led,False,False,False
E02000274,Ealing,4,3,-0.0498474059003051,False,0.4596923076923077,0.8639021796916534,Counter-led,0.48074179743223966,0.7453482190324295,Symmetric,0.4426136363636364,0.7860652076820009,Counter-led,True,True,False,0.5,0.0,Lateral,0.5,0.0,Lateral,0.5,0.0,Lateral,False,False,False
E02000275,Ealing,3,2,0.0101729399796541,False,0.4978902953586498,0.8479427549194991,Symmetric,0.49950248756218907,0.8989266547406082,Symmetric,0.4560129136400322,0.9164201183431953,Counter-led,False,True,True,0.3989431968295905,0.863169897377423,Counter-led,0.4077791718946048,0.9087799315849487,Counter-led,0.3972303206997084,0.9449035812672176,Counter-led,False,False,False
E02000276,Ealing,8,6,-0.0142421159715158,False,0.4789045151739452,0.8911609498680739,Counter-led,0.4693726937269373,0.8937994722955145,Counter-led,0.4693726937269373,0.6721230158730159,Lateral,False,True,True,0.4851190476190476,0.8834355828220859,Symmetric,0.4836471754212091,0.8843120070113936,Symmetric,0.4836471754212091,0.5876528829353523,Lateral,False,True,True
E02000277,Enfield,6,4,-0.1800610376398779,True,0.430379746835443,0.9425162689804772,Counter-led,0.42907801418439717,0.9175704989154013,Counter-led,0.3708609271523179,0.940809968847352,Counter-led,False,False,False,0.3994974874371859,0.9742962056303548,Counter-led,0.40254777070063696,0.9608323133414932,Counter-led,0.3403908794788273,0.9746031746031746,Counter-led,False,False,False
E02000278,Enfield,2,2,-0.1149542217700915,False,0.5054509415262636,0.8653516295025729,Symmetric,0.49503858875413453,0.7778730703259005,Symmetric,0.4138187221396731,0.8386292834890966,Counter-led,False,True,True,0.4993288590604027,0.8524027459954233,Symmetric,0.4947994056463596,0.7700228832951945,Symmetric,0.4031141868512111,0.8518791451731761,Counter-led,False,True,True
E02000279,Enfield,4,3,-0.17293997965412,True,0.4243873281530185,0.935682326621924,Counter-led,0.40924775707384403,0.8104026845637584,Counter-led,0.3866535819430814,0.8573832562053008,Counter-led,False,False,False,0.3745847176079734,0.9398907103825136,Counter-led,0.3575418994413408,0.8384074941451991,Counter-led,0.3047830923248053,0.8967581047381546,Counter-led,False,False,False
E02000280,Enfield,7,5,-0.1342828077314344,False,0.4850299401197604,0.9360986547085202,Symmetric,0.48622754491017967,0.9360986547085202,Symmetric,0.4356029532403609,0.9553291536050157,Counter-led,False,True,True,0.4220588235294117,0.912751677852349,Counter-led,0.4245562130177515,0.9073825503355705,Counter-led,0.3378378378378378,0.9414758269720102,Counter-led,False,False,False
E02000281,Enfield,4,3,-0.1129196337741607,False,0.4972826086956521,0.92,Symmetric,0.48396793587174347,0.8316666666666667,Symmetric,0.4314159292035398,0.8703465982028241,Counter-led,False,True,True,0.5134843581445523,0.9420731707317072,Symmetric,0.5219976218787158,0.8546747967479674,Cascade-led,0.4066852367688022,0.9094363521215959,Counter-led,True,True,True
E02000282,Enfield,1,1,-0.0600203458799593,False,0.5547445255474452,0.8187250996015937,Cascade-led,0.5562805872756933,0.8140770252324038,Cascade-led,0.509765625,0.8458149779735683,Symmetric,False,True,True,0.477297895902547,0.788646288209607,Counter-led,0.47729789590254706,0.788646288209607,Counter-led,0.4115805946791862,0.8407894736842105,Counter-led,False,False,False
E02000283,Enfield,5,3,-0.242115971515768,False,0.4587352625937835,0.9210266535044422,Counter-led,0.45225464190981435,0.7443237907206318,Counter-led,0.397196261682243,0.8051166290443943,Counter-led,False,False,False,0.4919571045576407,0.9130966952264382,Symmetric,0.484375,0.7833537331701347,Symmetric,0.3789571694599628,0.8585131894484412,Counter-led,False,True,True
E02000284,Enfield,8,6,-0.1129196337741607,False,0.4285714285714285,0.8734177215189873,Counter-led,0.4294541709577755,0.8779385171790235,Counter-led,0.4294541709577755,0.620843989769821,Lateral,False,True,True,0.4724669603524229,0.88671875,Counter-led,0.4713656387665198,0.88671875,Counter-led,0.4713656387665198,0.6053333333333333,Lateral,False,True,True
E02000285,Enfield,9,8,-0.0630722278738555,False,0.4493307839388145,0.947463768115942,Counter-led,0.4526112185686654,0.9365942028985508,Counter-led,0.5610062893081761,0.9578313253012049,Cascade-led,False,True,True,0.4264432029795158,0.9589285714285716,Counter-led,0.41353383458646614,0.95,Counter-led,0.5559481743227326,0.9680729760547321,Cascade-led,False,True,True
E02000286,Enfield,8,6,-0.121057985757884,False,0.4778613199665831,0.8853550295857988,Counter-led,0.4826158940397351,0.893491124260355,Symmetric,0.4826158940397351,0.6459893048128342,Lateral,True,True,True,0.4516728624535316,0.8929460580912864,Counter-led,0.45571955719557194,0.8995850622406639,Counter-led,0.4557195571955719,0.6510510510510511,Lateral,False,True,True
E02000287,Enfield,9,8,-0.1098677517802644,False,0.571072319201995,0.8793859649122807,Cascade-led,0.5488997555012225,0.8969298245614035,Cascade-led,0.5168035847647499,0.9344033496161898,Symmetric,False,True,True,0.5029761904761905,0.8704663212435233,Symmetric,0.5158045977011494,0.9015544041450777,Symmetric,0.5804924242424242,0.9328621908127208,Cascade-led,False,True,True
E02000288,Enfield,3,2,-0.1485249237029501,False,0.5008537279453614,0.9146277980218636,Symmetric,0.5285815102328864,0.7376366475793857,Cascade-led,0.4785827604442094,0.7895615866388309,Counter-led,True,True,True,0.476475620188195,0.9047987616099072,Counter-led,0.48565573770491804,0.7554179566563467,Symmetric,0.4235523747560182,0.829465731246627,Counter-led,True,True,False
E02000289,Enfield,10,9,-0.0467955239064089,False,0.4368070953436807,0.8445692883895131,Counter-led,0.4549266247379455,0.8932584269662921,Counter-led,0.5614754098360656,0.9277566539923955,Cascade-led,False,True,True,0.3788461538461538,0.8524590163934426,Counter-led,0.38878504672897196,0.8770491803278688,Counter-led,0.5324971493728621,0.9212184873949579,Cascade-led,False,True,True
E02000290,Enfield,2,2,-0.1169888097660223,False,0.4801192842942346,0.8554421768707483,Symmetric,0.47718865598027127,0.689625850340136,Lateral,0.4317548746518105,0.746879334257975,Lateral,True,False,True,0.4451219512195122,0.8686440677966102,Counter-led,0.43091655266757867,0.774364406779661,Counter-led,0.3830227743271222,0.8193384223918575,Counter-led,False,False,False
E02000291,Enfield,6,4,-0.1291963377416073,False,0.4943181818181818,0.9428571428571428,Symmetric,0.5019305019305019,0.925,Symmetric,0.4773844641101278,0.9416666666666667,Counter-led,False,True,True,0.485062893081761,0.9571106094808126,Symmetric,0.4835076427996782,0.9352896914973664,Symmetric,0.4087102177554438,0.9541822056473095,Counter-led,False,True,True
E02000292,Enfield,7,5,-0.1414038657171922,False,0.4180118946474087,0.9371019108280256,Counter-led,0.4178723404255319,0.9355095541401274,Counter-led,0.3828534031413612,0.949658172778123,Counter-led,False,False,False,0.3946642134314627,0.8983471074380165,Counter-led,0.4053030303030303,0.8727272727272727,Counter-led,0.3494374586366645,0.9075075075075075,Counter-led,False,False,False
E02000293,Enfield,10,9,-0.0874872838250253,False,0.4743589743589743,0.8100890207715133,Counter-led,0.45806451612903226,0.9198813056379822,Counter-led,0.5145089285714286,0.9431578947368421,Symmetric,False,True,True,0.4938524590163934,0.7986906710310966,Symmetric,0.4954296160877514,0.8952536824877251,Symmetric,0.5923718712753278,0.929125138427464,Cascade-led,False,True,True
E02000294,Enfield,5,3,-0.2044760935910478,False,0.4748700173310225,0.8966588966588966,Counter-led,0.4586894586894587,0.8181818181818182,Counter-led,0.4749828649760109,0.8617838157117543,Counter-led,False,False,False,0.4299820466786355,0.9168724279835392,Counter-led,0.44356435643564357,0.831275720164609,Counter-led,0.4044475330090341,0.8753041362530414,Counter-led,False,False,False
E02000295,Enfield,9,8,-0.1119023397761953,False,0.4371205550737207,0.9253611556982344,Counter-led,0.4433713784021071,0.9141252006420546,Counter-led,0.4845430107526882,0.9329153605015674,Symmetric,False,True,True,0.4385593220338983,0.9191820837390458,Counter-led,0.44666666666666666,0.8763388510223953,Counter-led,0.5132275132275133,0.9124137931034483,Symmetric,False,True,True
E02000296,Enfield,7,5,-0.0498474059003052,False,0.4110032362459547,0.8699324324324325,Counter-led,0.40686922060766184,0.8524774774774775,Counter-led,0.4294595887135342,0.888652783680408,Counter-led,False,False,False,0.4590163934426229,0.8652482269503546,Counter-led,0.4582712369597616,0.8652482269503546,Counter-led,0.3972088030059044,0.8991312741312741,Counter-led,False,False,False
E02000297,Enfield,9,8,-0.0498474059003052,False,0.4835978835978836,0.9292035398230089,Symmetric,0.47746781115879827,0.9164208456243854,Counter-led,0.5449569976544175,0.9376832844574781,Cascade-led,True,True,True,0.4826203208556149,0.9033816425120772,Symmetric,0.4796747967479675,0.8913043478260869,Counter-led,0.6026600166251039,0.9303944315545244,Cascade-led,True,True,True
E02000298,Enfield,10,8,0.0172939979654119,False,0.4929906542056075,0.8037558685446009,Symmetric,0.4894957983193277,0.8938967136150234,Symmetric,0.5355555555555556,0.9227614490772386,Cascade-led,False,True,True,0.4812030075187969,0.8562231759656652,Symmetric,0.4852216748768473,0.871244635193133,Symmetric,0.5812553740326741,0.9064692127825409,Cascade-led,False,True,True
E02000299,Enfield,3,2,-0.1668362156663276,False,0.4520856820744081,0.912551440329218,Counter-led,0.4375876577840112,0.7335390946502057,Counter-led,0.4167636786961583,0.7683363148479427,Counter-led,False,False,False,0.4440868865647627,0.8974729241877256,Counter-led,0.417910447761194,0.7256317689530686,Lateral,0.3702898550724637,0.7840909090909091,Counter-led,True,True,False
E02000300,Enfield,5,3,-0.2502543234994914,False,0.4697644812221515,0.900802752293578,Counter-led,0.4569209039548023,0.8119266055045872,Counter-led,0.4373508353221957,0.8363273453093812,Counter-led,False,False,False,0.5161290322580645,0.8926070038910506,Symmetric,0.48739495798319327,0.8334630350194553,Symmetric,0.437625083388926,0.8750729713952131,Counter-led,False,True,True
E02000301,Enfield,2,2,-0.0956256358087487,False,0.4776733254994124,0.860900354071826,Counter-led,0.46441409058231486,0.7035912999494183,Lateral,0.4423191870890615,0.7405931828242586,Lateral,True,False,True,0.4195804195804196,0.8411764705882353,Counter-led,0.402,0.7352941176470589,Lateral,0.3642241379310345,0.7945205479452054,Counter-led,True,True,False
E02000302,Enfield,7,5,-0.0386571719226856,False,0.4272997032640949,0.8829694323144105,Counter-led,0.42757936507936506,0.880349344978166,Counter-led,0.4157937147461724,0.9005805515239478,Counter-led,False,False,False,0.4663341645885286,0.8568376068376068,Counter-led,0.47455470737913485,0.8397435897435898,Counter-led,0.3875219683655536,0.8835403726708074,Counter-led,False,False,False
E02000303,Enfield,2,2,-0.1139369277721261,False,0.4899328859060403,0.8366086468276249,Symmetric,0.4949651432997676,0.7248736664795059,Lateral,0.4758800521512386,0.7579051383399209,Counter-led,True,True,True,0.4627930682976554,0.8552746294681779,Counter-led,0.4662084765177549,0.7611159546643418,Counter-led,0.3928273561301084,0.8139850644942295,Counter-led,False,False,False
E02000304,Enfield,10,9,-0.0233977619532044,False,0.4540709812108559,0.8622862286228623,Counter-led,0.4589041095890411,0.9198919891989199,Counter-led,0.4885496183206106,0.9363831308077198,Symmetric,False,True,True,0.4809644670050761,0.865934065934066,Symmetric,0.48902439024390243,0.9010989010989011,Symmetric,0.5468066491688539,0.927007299270073,Cascade-led,False,True,True
E02000305,Enfield,7,5,0.0142421159715157,False,0.4195906432748538,0.8523364485981308,Counter-led,0.4217134416543575,0.8436137071651091,Counter-led,0.4068357221609702,0.8784503631961259,Counter-led,False,False,False,0.4579945799457994,0.8528505392912172,Counter-led,0.4585987261146497,0.8466872110939908,Counter-led,0.393048128342246,0.8825958702064897,Counter-led,False,False,False
E02000306,Enfield,1,1,-0.0081383519837232,False,0.5103773584905661,0.7345807345807346,Lateral,0.5114503816793893,0.7262647262647263,Lateral,0.473015873015873,0.7613293051359517,Counter-led,False,True,True,0.4226519337016574,0.7637130801687764,Lateral,0.4222222222222222,0.759493670886076,Counter-led,0.3897131552917903,0.8159806295399515,Counter-led,True,False,True
E02000307,Enfield,5,3,-0.0762970498474059,False,0.4237047551454933,0.9131561892417368,Counter-led,0.4242658423493045,0.8386260531432275,Counter-led,0.4135290363752393,0.862885462555066,Counter-led,False,False,False,0.3876843018213356,0.9014855355746676,Counter-led,0.3852065321805956,0.8139171227521501,Counter-led,0.3342796309439318,0.8554948391013965,Counter-led,False,False,False
E02000308,Enfield,5,4,0.0193285859613428,False,0.4767518009168304,0.9408502772643254,Counter-led,0.4799718903724526,0.8767714109673445,Counter-led,0.4588302101078932,0.8980112187659357,Counter-led,False,False,False,0.4620253164556962,0.9113193943763518,Counter-led,0.4488778054862843,0.8673395818312906,Counter-led,0.4093231162196679,0.8948571428571429,Counter-led,False,False,False
E02000309,Enfield,1,1,-0.0315361139369277,True,0.4431736954967834,0.7252462415759461,Lateral,0.44164265129682995,0.7195438050803525,Lateral,0.421772754312909,0.7565256525652565,Counter-led,False,True,True,0.3853738701725555,0.7630094043887148,Lateral,0.3781302170283806,0.7510971786833855,Counter-led,0.3325286662643331,0.8067185978578384,Counter-led,True,False,True
E02000311,Enfield,4,3,-0.0559511698880976,False,0.486562150055991,0.9489904357066952,Symmetric,0.48576732673267325,0.8586609989373007,Symmetric,0.4867584745762712,0.8765088207985144,Symmetric,False,False,False,0.4328136599851522,0.9406424581005588,Counter-led,0.4231697506033789,0.8680167597765364,Counter-led,0.4060106069534472,0.8997879109225875,Counter-led,False,False,False
E02000312,Enfield,6,4,0.0661241098677517,False,0.488120050020842,0.9302055060100816,Symmetric,0.4857389801210026,0.8972469949592865,Symmetric,0.4935110487548229,0.9149550706033376,Symmetric,False,False,False,0.4467977811396873,0.9456366237482118,Counter-led,0.4369034994697773,0.899380066762041,Counter-led,0.3976537216828479,0.9213566902720834,Counter-led,False,False,False
E02000313,Greenwich,1,1,0.1831129196337741,False,0.5573580533024334,0.804287045666356,Cascade-led,0.5569007263922519,0.7698042870456664,Cascade-led,0.5009505703422054,0.8098537336412626,Symmetric,False,True,True,0.4312080536912752,0.880354505169867,Counter-led,0.43327556325823224,0.8522895125553914,Counter-led,0.3735763097949886,0.8977505112474438,Counter-led,False,False,False
E02000314,Greenwich,4,3,0.0732451678535096,False,0.5068897637795275,0.8573839662447258,Symmetric,0.5112359550561798,0.8261603375527427,Symmetric,0.4848030018761726,0.8661033474163146,Symmetric,False,False,False,0.4544924154025671,0.8709349593495935,Counter-led,0.442643391521197,0.8150406504065041,Counter-led,0.3949416342412451,0.8759372869802318,Counter-led,False,False,False
E02000315,Greenwich,2,1,-0.0447609359104781,False,0.4612432847275518,0.9287241625089094,Counter-led,0.5046210720887245,0.7712045616535994,Symmetric,0.4684750733137829,0.8094955489614243,Counter-led,True,True,False,0.4172813487881981,0.9331366764995084,Counter-led,0.428226779252111,0.8151425762045231,Counter-led,0.3708609271523179,0.8784744667097608,Counter-led,False,False,False
E02000316,Greenwich,1,1,0.3041709053916582,False,0.583705911574764,0.76920137562094,Lateral,0.585277345775013,0.7371035536874283,Cascade-led,0.5870702541106129,0.7954815695600476,Cascade-led,True,False,True,0.5,0.0,Lateral,0.5,0.0,Lateral,0.5,0.0,Lateral,False,False,False
E02000317,Greenwich,1,1,0.0935910478128179,False,0.4754402224281742,0.7451657458563536,Lateral,0.48823529411764705,0.7044198895027625,Lateral,0.4723926380368098,0.7528868360277137,Counter-led,False,True,True,0.5286284953395473,0.7872117400419287,Cascade-led,0.526896551724138,0.759958071278826,Cascade-led,0.466893039049236,0.8372423596304194,Counter-led,False,True,True
E02000318,Greenwich,3,2,0.0274669379450661,False,0.5084967320261438,0.8086680761099366,Symmetric,0.5103448275862069,0.766384778012685,Symmetric,0.4905444126074498,0.797896662094193,Symmetric,False,False,False,0.4069855732725892,0.8114602587800369,Counter-led,0.4,0.751694393099199,Counter-led,0.368070953436807,0.8173991844132307,Counter-led,False,False,False
E02000319,Greenwich,3,2,0.1200406917599186,False,0.5028962611901,0.82421875,Symmetric,0.5023068050749712,0.7526041666666666,Symmetric,0.4974117647058823,0.7884972170686456,Symmetric,False,False,False,0.4460492778249788,0.8001359619306594,Counter-led,0.44821264894592117,0.7416723317471108,Lateral,0.3930530164533821,0.8119742701632855,Counter-led,True,True,False
E02000320,Greenwich,4,3,0.1027466937945066,False,0.4257425742574257,0.8514225500526871,Counter-led,0.43246753246753245,0.8113804004214963,Counter-led,0.3993993993993994,0.8480475382003395,Counter-led,False,False,False,0.5007132667617689,0.8569682151589242,Symmetric,0.5023328149300156,0.7860635696821516,Symmetric,0.442156862745098,0.8535564853556485,Counter-led,False,True,True
E02000321,Greenwich,1,1,0.0671414038657172,False,0.5149253731343284,0.7382920110192838,Lateral,0.5227053140096618,0.7128099173553719,Lateral,0.49921875,0.7542722451384797,Symmetric,False,True,True,0.4901960784313725,0.7933333333333333,Symmetric,0.4934876989869754,0.7677777777777778,Symmetric,0.4285714285714285,0.8376068376068376,Counter-led,False,True,True
E02000323,Greenwich,1,1,0.0946083418107833,False,0.4891112419070041,0.7464850615114236,Lateral,0.49019607843137253,0.7170474516695958,Lateral,0.4534192269573835,0.758076634109692,Counter-led,False,True,True,0.4876033057851239,0.8212669683257918,Symmetric,0.48694424841213835,0.8014705882352942,Symmetric,0.4360655737704918,0.8588093322606597,Counter-led,False,True,True
E02000324,Greenwich,2,2,0.0813835198372329,False,0.5179039301310043,0.9241323648103308,Symmetric,0.5183630640083945,0.7691686844229217,Symmetric,0.4949579831932773,0.8062330623306233,Symmetric,False,False,False,0.4863861386138614,0.912994350282486,Symmetric,0.48053691275167787,0.8418079096045198,Symmetric,0.4250635055038103,0.8940196820590461,Counter-led,False,True,True
E02000326,Greenwich,4,3,0.1485249237029502,False,0.5185504745470233,0.8472222222222222,Symmetric,0.5190097259062776,0.8267543859649122,Symmetric,0.4903782349037823,0.864105504587156,Symmetric,False,False,False,0.4913793103448275,0.8529411764705882,Symmetric,0.49448123620309054,0.8327205882352942,Symmetric,0.4420238931834153,0.8866043613707165,Counter-led,False,True,True
E02000327,Greenwich,1,1,0.1230925737538148,False,0.5233009708737864,0.7480029048656499,Lateral,0.5274177467597209,0.7283950617283951,Cascade-led,0.5235332043842682,0.8057142857142857,Cascade-led,True,False,True,0.5286821705426357,0.7933579335793358,Cascade-led,0.5280898876404494,0.7662976629766297,Cascade-led,0.4564896755162242,0.8771021992238034,Counter-led,False,True,True
E02000328,Greenwich,6,4,0.1190233977619532,False,0.5237134207870837,0.8196856906534326,Cascade-led,0.5348837209302325,0.7468982630272953,Cascade-led,0.496551724137931,0.8100558659217877,Symmetric,False,True,True,0.4764851485148514,0.8253319713993871,Counter-led,0.4897680763983629,0.7487231869254342,Symmetric,0.4301164725457571,0.830110497237569,Counter-led,True,True,False
E02000329,Greenwich,5,4,0.0834181078331637,False,0.4365079365079365,0.953341740226986,Counter-led,0.43804034582132567,0.8751576292559899,Counter-led,0.4107784431137724,0.8940042826552462,Counter-led,False,False,False,0.4496124031007752,0.9320809248554912,Counter-led,0.4511784511784512,0.8583815028901735,Counter-led,0.4072769953051643,0.8968421052631579,Counter-led,False,False,False
E02000331,Greenwich,4,3,-0.0732451678535096,False,0.5050761421319797,0.8448892065761258,Symmetric,0.5087108013937283,0.8205861329521087,Symmetric,0.514432328415651,0.8613259668508287,Symmetric,False,False,False,0.4353899883585564,0.8180952380952381,Counter-led,0.4296028880866426,0.7914285714285715,Counter-led,0.3738042678440029,0.8612167300380228,Counter-led,False,False,False
E02000332,Greenwich,6,4,0.1444557477110885,False,0.4406779661016949,0.9291338582677166,Counter-led,0.44649021864211735,0.8553149606299213,Counter-led,0.4252173913043478,0.8866615265998458,Counter-led,False,False,False,0.493099121706399,0.9026047565118912,Symmetric,0.4966261808367072,0.8391845979614949,Symmetric,0.4174757281553398,0.8886274509803922,Counter-led,False,True,True
E02000333,Greenwich,7,5,0.1454730417090538,False,0.4962686567164179,0.9682080924855492,Symmetric,0.4966139954853273,0.9602601156069365,Symmetric,0.4686980609418282,0.9704301075268817,Counter-led,False,True,True,0.529608938547486,0.9531416400425984,Cascade-led,0.5275590551181102,0.946751863684771,Cascade-led,0.4523809523809524,0.9661705006765899,Counter-led,False,True,True
E02000334,Greenwich,4,3,-0.0447609359104781,False,0.4820143884892086,0.8034682080924855,Symmetric,0.47604790419161674,0.7722543352601156,Counter-led,0.4463894967177242,0.8226822682268227,Counter-led,True,False,True,0.4411214953271028,0.8320373250388803,Counter-led,0.44061302681992337,0.8118195956454122,Counter-led,0.388755980861244,0.8735632183908046,Counter-led,False,False,False
E02000335,Greenwich,8,7,0.0305188199389623,False,0.432937181663837,0.9231974921630094,Counter-led,0.4457236842105263,0.9529780564263323,Counter-led,0.5123152709359606,0.9643705463182898,Symmetric,False,True,True,0.4091627172195892,0.9447761194029852,Counter-led,0.42260061919504643,0.9641791044776119,Counter-led,0.4834905660377358,0.9724770642201835,Symmetric,False,True,True
E02000337,Greenwich,3,2,-0.0183112919633774,False,0.5048543689320388,0.9088235294117648,Symmetric,0.48655569782330343,0.765686274509804,Symmetric,0.4558375634517767,0.8047385620915033,Counter-led,False,True,True,0.3776,0.9110787172011662,Counter-led,0.3890845070422535,0.8279883381924198,Counter-led,0.3447537473233404,0.8878326996197718,Counter-led,False,False,False
E02000339,Greenwich,7,5,-0.0427263479145473,False,0.4545454545454545,0.882943143812709,Counter-led,0.45265151515151514,0.882943143812709,Counter-led,0.4230254350736278,0.9143206854345165,Counter-led,False,False,False,0.3777777777777777,0.9168081494057724,Counter-led,0.37707948243992606,0.9185059422750425,Counter-led,0.3383458646616541,0.9432624113475178,Counter-led,False,False,False
E02000340,Greenwich,7,5,0.1169888097660223,False,0.4427020506634499,0.9060109289617486,Counter-led,0.44457831325301206,0.907103825136612,Counter-led,0.4277456647398844,0.9243098842386465,Counter-led,False,False,False,0.452353616532721,0.9457111834961998,Counter-led,0.45276497695852536,0.9424538545059717,Counter-led,0.3969404186795491,0.9590733590733591,Counter-led,False,False,False
E02000341,Greenwich,2,2,-0.0732451678535096,False,0.5223713646532439,0.9216494845360824,Cascade-led,0.5119047619047619,0.7793814432989691,Symmetric,0.451913133402275,0.8187976291278577,Counter-led,True,True,True,0.4812138728323699,0.909329829172142,Symmetric,0.486697965571205,0.8396846254927727,Symmetric,0.4298342541436464,0.881207400194742,Counter-led,False,True,True
E02000342,Greenwich,5,4,0.0040691759918616,False,0.4435763888888889,0.9282836422240128,Counter-led,0.4402917046490428,0.8839645447219984,Counter-led,0.5846879916098584,0.9297903461725987,Cascade-led,False,True,True,0.4510250569476082,0.9330499468650372,Counter-led,0.4518879415347138,0.8724760892667375,Counter-led,0.4938628158844765,0.920265780730897,Symmetric,False,True,True
E02000343,Greenwich,5,3,-0.0498474059003052,False,0.4481865284974093,0.919047619047619,Counter-led,0.4831130690161527,0.8107142857142857,Symmetric,0.4561200923787529,0.8448780487804878,Counter-led,True,True,False,0.424,0.9245562130177516,Counter-led,0.4148936170212766,0.834319526627219,Counter-led,0.3779620853080568,0.8828451882845189,Counter-led,False,False,False
E02000344,Greenwich,8,6,0.069175991861648,False,0.4172661870503597,0.8864795918367347,Counter-led,0.42702702702702705,0.9438775510204082,Counter-led,0.427027027027027,0.806979280261723,Counter-led,False,False,False,0.4127243066884176,0.8858381502890174,Counter-led,0.43010752688172044,0.9407514450867052,Counter-led,0.4301075268817204,0.6881606765327696,Lateral,False,True,True
E02000345,Hackney,3,2,0.0295015259409969,False,0.479933110367893,0.9136745607333844,Counter-led,0.48044692737430167,0.6837280366692131,Lateral,0.4510869565217391,0.7272727272727273,Lateral,True,False,True,0.4940374787052811,0.9429718875502008,Symmetric,0.4445701357466063,0.7100401606425703,Lateral,0.4298561151079136,0.7549219280380176,Lateral,True,False,True
E02000346,Hackney,1,1,-0.0071210579857578,False,0.473469387755102,0.6413612565445026,Lateral,0.4830028328611898,0.6160558464223386,Lateral,0.4751381215469613,0.6728624535315985,Lateral,False,False,False,0.5110533159947984,0.7365900383141762,Lateral,0.5123251165889408,0.7188697318007663,Lateral,0.4954436450839328,0.780314371257485,Lateral,False,False,False
E02000347,Hackney,2,2,0.1007121057985757,False,0.4789189189189189,0.7569558101472995,Lateral,0.5107913669064749,0.5687397708674304,Lateral,0.5056306306306306,0.6275618374558304,Lateral,False,False,False,0.5087719298245614,0.8099467140319716,Symmetric,0.5006784260515604,0.6545293072824157,Lateral,0.4300373134328358,0.7337440109514032,Lateral,True,False,True
E02000348,Hackney,1,1,0.0335707019328585,False,0.432073544433095,0.6850944716585025,Lateral,0.4305263157894737,0.6648005598320503,Lateral,0.4406332453825857,0.7035891089108911,Lateral,False,False,False,0.4405228758169934,0.7327586206896551,Lateral,0.43224932249322495,0.7068965517241379,Lateral,0.3960591133004926,0.7683573050719152,Lateral,False,False,False
E02000350,Hackney,4,3,0.0467955239064089,False,0.5372829417773238,0.8713840676457499,Cascade-led,0.5389848246991105,0.8504672897196262,Cascade-led,0.545338441890166,0.8748603351955307,Cascade-led,False,False,False,0.5203811540497618,0.8673094582185491,Cascade-led,0.5179856115107914,0.8296602387511478,Symmetric,0.4888521882741536,0.8671679197994987,Symmetric,True,False,True
E02000351,Hackney,3,2,0.0976602238046795,False,0.4704391891891892,0.8551823763091368,Counter-led,0.4742647058823529,0.6876128566269412,Lateral,0.5126705653021443,0.7478134110787172,Lateral,True,False,True,0.4984841922910351,0.8599627560521416,Symmetric,0.4983642311886587,0.6830540037243947,Lateral,0.450202131569276,0.7617581187010078,Lateral,True,False,True
E02000352,Hackney,2,2,0.1373346897253306,False,0.5194681861348528,0.7217272104180946,Lateral,0.5121951219512195,0.6182316655243317,Lateral,0.5021459227467812,0.6765389082462253,Lateral,False,False,False,0.473465140478668,0.7572892040977147,Lateral,0.48964677222898906,0.6469661150512215,Lateral,0.4413309982486865,0.7182389937106918,Lateral,False,False,False
E02000353,Hackney,4,3,0.0681586978636826,False,0.5219623502567028,0.8448192771084337,Cascade-led,0.5172413793103449,0.8106024096385542,Symmetric,0.5200381679389313,0.8421052631578947,Cascade-led,True,True,False,0.5155086848635235,0.8422152560083594,Symmetric,0.4983476536682089,0.790491118077325,Symmetric,0.456,0.8412509897070467,Counter-led,False,True,True
E02000354,Hackney,1,1,0.0640895218718209,False,0.4987179487179487,0.6878306878306878,Lateral,0.5030181086519114,0.6574074074074074,Lateral,0.5018786902844874,0.7056818181818182,Lateral,False,False,False,0.4424202992843201,0.7274017983909133,Lateral,0.43711340206185567,0.6885944155229532,Lateral,0.4068554396423249,0.7536503182328715,Lateral,False,False,False
E02000355,Hackney,2,2,0.0834181078331638,False,0.514792899408284,0.7662468513853904,Lateral,0.5355555555555556,0.6801007556675063,Lateral,0.5355255431591309,0.7284003421727973,Lateral,False,False,False,0.4669117647058823,0.74235807860262,Lateral,0.4892739273927393,0.6615720524017468,Lateral,0.4485645933014354,0.7294938917975567,Lateral,False,False,False
E02000356,Hackney,4,3,0.0295015259409969,False,0.4668035592060233,0.8629651506202008,Counter-led,0.46219686162624823,0.8281157708210277,Counter-led,0.4777838727372463,0.8623462630085147,Counter-led,False,False,False,0.5392491467576792,0.8668639053254438,Cascade-led,0.5296671490593343,0.8177514792899409,Cascade-led,0.4737654320987654,0.8632326820603907,Counter-led,False,True,True
E02000357,Hackney,1,1,-0.0457782299084435,False,0.3967611336032389,0.5346320346320347,Lateral,0.40860215053763443,0.5032467532467533,Lateral,0.4006622516556291,0.5682031984948259,Lateral,False,False,False,0.4512635379061371,0.6579572446555819,Lateral,0.4509433962264151,0.6294536817102138,Lateral,0.4037037037037037,0.7219251336898396,Lateral,False,False,False
E02000358,Hackney,2,2,0.0315361139369277,False,0.4975887768522578,0.7726964769647696,Lateral,0.5123203285420944,0.6598915989159891,Lateral,0.5231519090170593,0.710328909405655,Lateral,False,False,False,0.5046153846153846,0.7549361207897793,Lateral,0.5133848899464605,0.6507936507936508,Lateral,0.4643293925805136,0.7311475409836066,Lateral,False,False,False
E02000359,Hackney,2,2,0.0203458799593082,False,0.4911463187325256,0.7334244702665755,Lateral,0.5067497403946002,0.6582365003417635,Lateral,0.5220588235294118,0.7099767981438515,Lateral,False,False,False,0.4695731153496821,0.7582644628099173,Lateral,0.48580121703853957,0.6790633608815427,Lateral,0.4509116409537166,0.7536997885835095,Lateral,False,False,False
E02000360,Hackney,1,1,0.0295015259409969,False,0.5036399735274653,0.646832191780822,Lateral,0.512311901504788,0.6258561643835616,Lateral,0.5116404981050352,0.6787945608232268,Lateral,False,False,False,0.4637573964497041,0.667324777887463,Lateral,0.4725444702242846,0.638203356367226,Lateral,0.4261710794297352,0.7282165368928439,Lateral,False,False,False
E02000361,Hackney,1,1,0.0579857578840284,False,0.4963503649635036,0.6580211335254563,Lateral,0.5109599395313681,0.6354466858789626,Lateral,0.5389082462253194,0.694074969770254,Lateral,False,False,False,0.4902794653705953,0.6942218473218051,Lateral,0.49622166246851385,0.6697595951075496,Lateral,0.4634673584089926,0.747093023255814,Lateral,False,False,False
E02000362,Hackney,1,1,-0.0010172939979654,False,0.5445783132530121,0.625,Lateral,0.5475,0.6024096385542169,Lateral,0.5277777777777778,0.6716417910447762,Lateral,False,False,False,0.5153061224489796,0.6608226567768037,Lateral,0.5259259259259259,0.6372218476062036,Lateral,0.4634146341463415,0.7328699106256207,Lateral,False,False,False
E02000363,Hackney,1,1,0.0040691759918616,False,0.4602739726027397,0.5538694992412747,Lateral,0.46161137440758293,0.5336368234699039,Lateral,0.4548635409377187,0.6078264568268822,Lateral,False,False,False,0.5381944444444444,0.5865580448065173,Lateral,0.5408071748878924,0.5677189409368636,Lateral,0.4710542352224253,0.6590361445783133,Lateral,False,False,False
E02000364,Hackney,2,2,0.1434384537131231,False,0.5082246171298922,0.7508517887563884,Lateral,0.4854771784232365,0.6158432708688245,Lateral,0.4968186638388123,0.6764705882352942,Lateral,False,False,False,0.4983322214809873,0.7454002983590253,Lateral,0.5092524056254626,0.6718050721034311,Lateral,0.4638671875,0.7562776957163959,Lateral,False,False,False
E02000365,Hackney,3,2,-0.0081383519837232,False,0.5098737455487212,0.8894327670601785,Symmetric,0.5157515751575158,0.6397926864382378,Lateral,0.5316627158821537,0.7024262607040913,Lateral,True,False,True,0.5,0.0,Lateral,0.5,0.0,Lateral,0.5,0.0,Lateral,False,False,False
E02000366,Hackney,1,1,0.0152594099694811,False,0.468682505399568,0.573729863692689,Lateral,0.47374301675977654,0.5545229244114003,Lateral,0.5057720057720058,0.6584323040380048,Lateral,False,False,False,0.4944320712694877,0.6497829232995659,Lateral,0.5,0.6353111432706223,Lateral,0.4362139917695473,0.7431192660550459,Lateral,False,False,False
E02000367,Hackney,2,2,0.0264496439471007,False,0.4868686868686869,0.7929515418502202,Symmetric,0.49629207073588133,0.7020424509411294,Lateral,0.500650759219089,0.7559855690390291,Symmetric,True,True,False,0.5230024213075061,0.7648148148148148,Lateral,0.5302609661299278,0.667037037037037,Lateral,0.504183339396144,0.7535635964912281,Lateral,False,False,False
E02000368,Hackney,1,1,0.0274669379450661,False,0.4956293706293706,0.6059322033898306,Lateral,0.4969108561341571,0.6001059322033898,Lateral,0.5149105367793241,0.6665194346289752,Lateral,False,False,False,0.4752066115702479,0.6836158192090396,Lateral,0.4736394557823129,0.6644067796610169,Lateral,0.4428733031674208,0.7485182049110923,Lateral,False,False,False
E02000369,Hackney,1,1,0.0406917599186164,False,0.4828807556080283,0.6693006716712762,Lateral,0.4901840490797546,0.6440142236270249,Lateral,0.5139876718824087,0.7006644518272426,Lateral,False,False,False,0.4854692710814673,0.7293259207783183,Lateral,0.48405797101449277,0.7192494788047255,Lateral,0.443529799143892,0.7898569570871261,Counter-led,False,True,True
E02000370,Hackney,1,1,0.108850457782299,False,0.485428809325562,0.7332112332112332,Lateral,0.4919423240033927,0.7197802197802198,Lateral,0.5131832797427652,0.7720953326713009,Symmetric,False,True,True,0.5441478439425051,0.7825388323513658,Lateral,0.5422437673130194,0.7734333154793787,Cascade-led,0.4954912197437114,0.8328063241106719,Symmetric,True,True,True
E02000371,Hackney,1,1,0.2187182095625635,False,0.4324792243767313,0.7040468064358849,Lateral,0.4362866219555242,0.6906387128230131,Lateral,0.5193895421566175,0.7590201291302696,Symmetric,False,True,True,0.5,0.0,Lateral,0.5,0.0,Lateral,0.5,0.0,Lateral,False,False,False
E02000372,Hammersmith and Fulham,2,2,0.0213631739572736,True,0.4964305326743548,0.909136295556665,Symmetric,0.4839101396478446,0.8222666000998502,Symmetric,0.47117202268431,0.8559870550161812,Counter-led,False,True,True,0.4938036224976168,0.8897370653095844,Symmetric,0.50271444082519,0.7811704834605598,Symmetric,0.2974828375286041,0.8943921408104789,Counter-led,False,True,True
E02000373,Hammersmith and Fulham,1,1,-0.0335707019328585,False,0.491103202846975,0.9366666666666666,Symmetric,0.49819168173598555,0.9216666666666666,Symmetric,0.4847537138389367,0.9315367807720321,Symmetric,False,False,False,0.4834801762114537,0.934156378600823,Symmetric,0.47474747474747475,0.9166666666666666,Counter-led,0.4506550218340611,0.933931484502447,Counter-led,True,False,True
E02000374,Hammersmith and Fulham,5,3,-0.1454730417090539,False,0.4931605471562275,0.8996113989637305,Symmetric,0.47322142286171065,0.8102331606217616,Counter-led,0.5063371356147022,0.843399251737039,Symmetric,True,True,False,0.4890148830616584,0.8874213836477988,Symmetric,0.4619651347068146,0.7937106918238994,Counter-led,0.4329461457233368,0.8523852385238524,Counter-led,True,False,True
E02000375,Hammersmith and Fulham,3,2,-0.0956256358087487,False,0.4996934396076027,0.8543740178103719,Symmetric,0.4726890756302521,0.748035620743845,Counter-led,0.4961453744493392,0.7905964301262516,Symmetric,True,True,False,0.468540012217471,0.8679745493107105,Counter-led,0.47033595425303787,0.7417815482502651,Lateral,0.4535822401614531,0.8027541514783313,Counter-led,True,True,False
E02000376,Hammersmith and Fulham,2,2,0.0030518819938962,False,0.4657461497610196,0.9298765432098766,Counter-led,0.4674185463659148,0.7881481481481482,Counter-led,0.495618305744888,0.8272251308900523,Symmetric,False,True,True,0.4637445887445887,0.8846337960746768,Counter-led,0.4658792650918635,0.7295356629966491,Lateral,0.4575471698113207,0.7895716945996276,Counter-led,True,True,False
E02000377,Hammersmith and Fulham,3,2,-0.0152594099694811,False,0.4851109907958852,0.8655107778819119,Symmetric,0.48980815347721823,0.781630740393627,Symmetric,0.5085371481310568,0.8230155715913406,Symmetric,False,False,False,0.4576672587329781,0.8582317073170732,Counter-led,0.4419208306294614,0.7830284552845529,Counter-led,0.437125748502994,0.8356428021555042,Counter-led,False,False,False
E02000378,Hammersmith and Fulham,4,3,0.0081383519837233,False,0.5281437125748503,0.9413754227733936,Cascade-led,0.5311475409836065,0.8596392333709132,Cascade-led,0.5373592630501536,0.8869723104857014,Cascade-led,False,False,False,0.4895184135977337,0.9323824617010036,Symmetric,0.487758945386064,0.8415213946117274,Symmetric,0.4623091603053435,0.8747913188647746,Counter-led,False,True,True
E02000379,Hammersmith and Fulham,6,4,0.0447609359104781,False,0.4221046443268665,0.8915094339622641,Counter-led,0.4336507936507937,0.8254716981132075,Counter-led,0.4230186774356386,0.8560933448573897,Counter-led,False,False,False,0.467000835421888,0.8866666666666667,Counter-led,0.4662629757785467,0.8562962962962963,Counter-led,0.4179197994987468,0.8916201117318435,Counter-led,False,False,False
E02000380,Hammersmith and Fulham,6,4,0.0406917599186164,False,0.5698841698841699,0.8738191632928475,Cascade-led,0.5767326732673267,0.8178137651821862,Cascade-led,0.5583333333333333,0.8524590163934426,Cascade-led,False,False,False,0.4587426326129666,0.8525963149078727,Counter-led,0.4672897196261682,0.8065326633165829,Counter-led,0.4123055162659123,0.8595744680851064,Counter-led,False,False,False
E02000381,Hammersmith and Fulham,5,4,0.0447609359104781,False,0.5174897119341564,0.8937931034482759,Symmetric,0.5235055136390018,0.792183908045977,Cascade-led,0.5091640590075994,0.8319077724060989,Symmetric,True,True,False,0.5073108709472346,0.8983438035408338,Symmetric,0.5151953690303908,0.7892632781267847,Symmetric,0.4603335017685699,0.8428449744463373,Counter-led,False,True,True
E02000382,Hammersmith and Fulham,3,3,0.1820956256358087,False,0.5013908205841446,0.8605625374027528,Symmetric,0.5263157894736842,0.8414123279473369,Cascade-led,0.5255839822024472,0.8715462918080465,Cascade-led,True,False,True,0.5011838989739542,0.8707903780068729,Symmetric,0.47901821060965954,0.8680412371134021,Counter-led,0.4401993355481727,0.9039039039039038,Counter-led,True,False,True
E02000383,Hammersmith and Fulham,6,4,0.0712105798575788,False,0.539355992844365,0.8557213930348259,Cascade-led,0.5467659376454165,0.8224263298890164,Cascade-led,0.5662274618585298,0.8614097968936678,Cascade-led,False,False,False,0.4570252187339166,0.8403979238754326,Counter-led,0.45614035087719296,0.7889273356401384,Counter-led,0.45726664040961,0.838784274859597,Counter-led,False,False,False
E02000384,Hammersmith and Fulham,3,2,-0.1342828077314343,False,0.502913752913753,0.8571428571428571,Symmetric,0.5092137592137592,0.8131868131868132,Symmetric,0.5125847047434656,0.8467213114754099,Symmetric,False,False,False,0.5272435897435898,0.8764044943820225,Cascade-led,0.5299773755656109,0.8277153558052435,Cascade-led,0.514041514041514,0.8697345132743363,Symmetric,False,True,True
E02000385,Hammersmith and Fulham,6,5,0.0437436419125127,False,0.5321707757065545,0.8167976424361493,Cascade-led,0.5256830601092897,0.8988212180746562,Cascade-led,0.5535564853556485,0.9206471494607088,Cascade-led,False,False,False,0.4744105807935595,0.8360576923076923,Counter-led,0.4811369509043928,0.9302884615384616,Symmetric,0.4645137063462261,0.9483618233618234,Counter-led,True,True,False
E02000386,Hammersmith and Fulham,3,2,-0.0406917599186164,False,0.4838709677419355,0.8966942148760331,Symmetric,0.47712019524100063,0.8465909090909091,Counter-led,0.5117168818747011,0.8756281407035176,Symmetric,True,True,False,0.4729891956782713,0.8913857677902621,Counter-led,0.46987179487179487,0.8346709470304976,Counter-led,0.456710948236372,0.8760032102728732,Counter-led,False,False,False
E02000387,Hammersmith and Fulham,5,3,0.0356052899287894,False,0.5217117684078036,0.8668848881614839,Cascade-led,0.5239030779305829,0.8330605564648118,Cascade-led,0.5441837244133799,0.8674750974447812,Cascade-led,False,False,False,0.471190781049936,0.8780213603147836,Counter-led,0.48271276595744683,0.8454187745924677,Symmetric,0.4734251968503937,0.8807975726051148,Counter-led,True,True,False
E02000388,Hammersmith and Fulham,5,4,0.0905391658189216,False,0.5052212829438091,0.8859030837004406,Symmetric,0.5018427518427518,0.7171806167400882,Lateral,0.5391304347826087,0.7729041386628935,Cascade-led,True,True,True,0.4823529411764706,0.8830319353597538,Symmetric,0.4997355896351137,0.727587533666795,Lateral,0.4828209764918625,0.7961416642672041,Symmetric,True,True,False
E02000389,Hammersmith and Fulham,8,6,0.0752797558494404,False,0.4854535082715345,0.8331749049429658,Symmetric,0.48733153638814014,0.8816539923954373,Symmetric,0.4873315363881401,0.6721014492753623,Lateral,False,True,True,0.4686087393269714,0.8671602787456446,Counter-led,0.47464992757122165,0.9020034843205574,Counter-led,0.4746499275712216,0.6693600517129928,Lateral,False,True,True
E02000390,Hammersmith and Fulham,6,4,0.0895218718209562,False,0.5292667898952557,0.7913213066796685,Cascade-led,0.5193548387096775,0.7557289127254998,Symmetric,0.5332690453230472,0.8054368932038835,Cascade-led,True,True,False,0.4914089347079037,0.7698412698412699,Lateral,0.4891304347826087,0.7301587301587301,Lateral,0.4673170731707317,0.80078125,Counter-led,False,True,True
E02000391,Hammersmith and Fulham,6,4,0.1119023397761953,False,0.5553191489361702,0.7601078167115903,Lateral,0.543609022556391,0.7169811320754716,Lateral,0.5208004212743549,0.7834158415841584,Cascade-led,False,True,True,0.5162855162855163,0.7651113467656415,Lateral,0.521613832853026,0.735949098621421,Lateral,0.4822286263208453,0.8069767441860465,Symmetric,False,True,True
E02000392,Hammersmith and Fulham,6,4,0.0366225839267547,False,0.49153412006157,0.7634155895025461,Lateral,0.4868773433315479,0.7312965139052096,Symmetric,0.5141980046047583,0.7916160388821385,Symmetric,True,False,True,0.4938453963564746,0.7796545105566218,Lateral,0.49166666666666664,0.7370441458733206,Lateral,0.4617604617604617,0.8018513161700896,Counter-led,False,True,True
E02000393,Hammersmith and Fulham,8,6,0.167853509664293,False,0.5177111716621253,0.7982599238716693,Symmetric,0.5081148564294632,0.8711256117455138,Symmetric,0.5081148564294632,0.6617100371747212,Lateral,False,True,True,0.4724186704384724,0.8225712623618383,Counter-led,0.469281045751634,0.8900523560209425,Counter-led,0.469281045751634,0.6483050847457628,Lateral,False,True,True
E02000394,Hammersmith and Fulham,5,3,0.1241098677517802,False,0.4987980769230769,0.8721174004192872,Symmetric,0.5074626865671642,0.8778825995807128,Symmetric,0.53,0.9115077857956704,Cascade-led,False,True,True,0.4986945169712793,0.8882189239332097,Symmetric,0.5169671261930011,0.8747680890538033,Symmetric,0.490579977835242,0.9093046691299966,Symmetric,False,False,False
E02000395,Hammersmith and Fulham,8,7,0.0762970498474059,False,0.4616033755274261,0.8023019634394042,Counter-led,0.47404063205417607,0.899796885578876,Counter-led,0.4846659364731654,0.9250253292806484,Symmetric,False,True,True,0.5116279069767442,0.8327953518398967,Symmetric,0.51156271899089,0.921239509360878,Symmetric,0.5335335335335335,0.9424528301886792,Cascade-led,False,True,True
E02000396,Hammersmith and Fulham,6,4,0.0488301119023397,False,0.5392579810181191,0.7815239379635873,Lateral,0.532258064516129,0.7525286581254215,Cascade-led,0.5028753993610223,0.8100414078674948,Symmetric,True,True,True,0.4882186616399623,0.7352737352737353,Lateral,0.49069539666993145,0.7075537075537075,Lateral,0.4565643370346179,0.7839221710189452,Counter-led,False,True,True
E02000397,Haringey,3,2,0.0803662258392675,False,0.4476021314387211,0.8842931937172774,Counter-led,0.46176046176046176,0.7256544502617801,Lateral,0.4666283084004603,0.7683465959328029,Counter-led,True,True,False,0.4610817941952506,0.8855140186915887,Counter-led,0.46735668789808915,0.7336448598130841,Lateral,0.4281345565749235,0.7819225251076041,Counter-led,True,True,False
E02000398,Haringey,1,1,-0.0081383519837232,False,0.4988290398126463,0.5523932729624839,Lateral,0.48727272727272725,0.5336351875808538,Lateral,0.4602040816326531,0.5761316872427984,Lateral,False,False,False,0.3982300884955752,0.6526402640264026,Lateral,0.4059278350515464,0.6402640264026402,Lateral,0.354382657869934,0.70875083500334,Lateral,False,False,False
E02000400,Haringey,4,3,0.0854526958290946,False,0.4593796159527326,0.912398921832884,Counter-led,0.4557926829268293,0.8840970350404312,Counter-led,0.4389027431421446,0.9031531531531531,Counter-led,False,False,False,0.4808836023789294,0.898473282442748,Symmetric,0.4868651488616462,0.8717557251908397,Symmetric,0.4183135704874835,0.900355871886121,Counter-led,False,True,True
E02000401,Haringey,1,1,-0.0325534079348931,False,0.4255639097744361,0.6494140625,Lateral,0.42857142857142855,0.62890625,Lateral,0.4240963855421686,0.6859504132231405,Lateral,False,False,False,0.529126213592233,0.7119815668202765,Lateral,0.5178875638841567,0.6762672811059908,Lateral,0.4385964912280701,0.7526408450704225,Lateral,False,False,False
E02000402,Haringey,1,1,0.0040691759918616,False,0.5069444444444444,0.6260869565217392,Lateral,0.5036603221083455,0.5939130434782609,Lateral,0.4644935972060535,0.6478129713423831,Lateral,False,False,False,0.4197349042709867,0.6803607214428857,Lateral,0.40396341463414637,0.657314629258517,Lateral,0.3511972633979475,0.7194421657095981,Lateral,False,False,False
E02000403,Haringey,3,2,0.150559511698881,False,0.4418483904465213,0.8594377510040161,Counter-led,0.4622191967324711,0.6555109326193663,Lateral,0.4686450167973124,0.6982017200938233,Lateral,True,False,True,0.4921501706484641,0.8804086538461539,Symmetric,0.4896013864818024,0.6935096153846154,Lateral,0.4382165605095541,0.7548076923076923,Lateral,True,False,True
E02000404,Haringey,2,2,0.0437436419125127,False,0.4878765613519471,0.8038984051978736,Symmetric,0.4872881355932203,0.6969875959834613,Lateral,0.4883720930232558,0.734472049689441,Lateral,True,False,True,0.4012400354295837,0.7917251051893408,Counter-led,0.40855614973262033,0.655680224403927,Lateral,0.3715890850722311,0.717328727691422,Lateral,True,False,True
E02000405,Haringey,7,5,0.1576805696846388,False,0.4854910714285714,0.8607108549471661,Symmetric,0.48873873873873874,0.8530259365994236,Symmetric,0.4550387596899224,0.893970893970894,Counter-led,False,True,True,0.4512946979038224,0.8369453044375645,Counter-led,0.44925742574257427,0.8338493292053664,Counter-led,0.3739130434782609,0.8771929824561403,Counter-led,False,False,False
E02000406,Haringey,2,1,0.0081383519837233,False,0.4529074529074529,0.781190019193858,Lateral,0.4531392174704277,0.7031349968010236,Lateral,0.4615384615384615,0.748099891422367,Lateral,False,False,False,0.4481216457960644,0.7600271923861319,Lateral,0.4289544235924933,0.760707002039429,Counter-led,0.4129158512720156,0.813262599469496,Counter-led,True,False,True
E02000407,Haringey,1,1,0.0020345879959308,False,0.4322519083969465,0.6139425893380199,Lateral,0.4244244244244244,0.5852372583479789,Lateral,0.4269293924466338,0.632398753894081,Lateral,False,False,False,0.375494071146245,0.6270136307311028,Lateral,0.3840653728294178,0.6065675340768277,Lateral,0.3432721712538226,0.6731857951621204,Lateral,False,False,False
E02000408,Haringey,1,1,0.0244150559511698,False,0.5773624091381101,0.6216914138153647,Lateral,0.5767195767195767,0.6100710135571337,Lateral,0.5823817292006526,0.6699453551912569,Lateral,False,False,False,0.4461738002594034,0.611904761904762,Lateral,0.44692005242463956,0.6055555555555555,Lateral,0.4015444015444015,0.6757990867579908,Lateral,False,False,False
E02000409,Haringey,1,1,-0.0498474059003051,False,0.4682440846824408,0.6571194762684124,Lateral,0.4738219895287958,0.6252045826513911,Lateral,0.4627329192546583,0.6783707865168539,Lateral,False,False,False,0.4558645707376058,0.7044293015332198,Lateral,0.45652173913043476,0.666098807495741,Lateral,0.3998082454458293,0.7268292682926829,Lateral,False,False,False
E02000410,Haringey,8,6,0.1322482197355035,False,0.4601398601398601,0.8698296836982968,Counter-led,0.46643598615916954,0.8789537712895377,Counter-led,0.4664359861591695,0.6871136471707086,Lateral,False,True,True,0.4568138195777351,0.8845500848896435,Counter-led,0.467680608365019,0.8930390492359932,Counter-led,0.467680608365019,0.6295631358467983,Lateral,False,True,True
E02000411,Haringey,2,2,0.0081383519837232,False,0.4640804597701149,0.8246445497630331,Counter-led,0.4785772029102668,0.7328199052132701,Counter-led,0.4942805538832029,0.7864583333333334,Symmetric,False,True,True,0.4724233983286908,0.825287356321839,Counter-led,0.4663143989431968,0.6960919540229885,Lateral,0.509771986970684,0.7879371190247032,Symmetric,True,True,True
E02000412,Haringey,1,1,0.0590030518819939,False,0.4623803009575923,0.8104212860310421,Counter-led,0.4616519174041298,0.7516629711751663,Counter-led,0.4811858608893957,0.7965485921889192,Symmetric,False,True,True,0.4816076294277929,0.8436781609195402,Symmetric,0.4777936962750716,0.8022988505747126,Counter-led,0.4582881906825569,0.8429223744292238,Counter-led,True,False,True
E02000413,Haringey,7,5,0.0671414038657172,False,0.4311708860759494,0.8460508701472557,Counter-led,0.43106180665610144,0.8447121820615796,Counter-led,0.4363859864781807,0.8752017213555675,Counter-led,False,False,False,0.5026178010471204,0.8297132927888793,Symmetric,0.5132275132275133,0.8210251954821894,Symmetric,0.4358600583090379,0.8694550063371356,Counter-led,False,True,True
E02000414,Haringey,2,2,0.0681586978636826,False,0.493103448275862,0.7997793712079426,Symmetric,0.49493374902572096,0.7076668505239934,Lateral,0.4872448979591837,0.7473784556720686,Lateral,True,False,True,0.4349232012934519,0.8048145738451529,Counter-led,0.44003690036900367,0.7052700065061809,Lateral,0.4158553546592489,0.7604442094130089,Lateral,True,False,True
E02000415,Haringey,2,2,0.126144455747711,False,0.4741980474198047,0.7810457516339869,Lateral,0.46496815286624205,0.6840958605664488,Lateral,0.481888745148771,0.7271872060206962,Lateral,False,False,False,0.4747622531089978,0.7869890616004606,Counter-led,0.4406631762652705,0.6597582037996546,Lateral,0.3992120814182534,0.7204351939451277,Lateral,True,False,True
E02000416,Haringey,4,3,-0.056968463886063,False,0.5177631578947368,0.8951707891637221,Symmetric,0.5078347578347578,0.8268551236749117,Symmetric,0.4955506117908788,0.8594646271510517,Symmetric,False,False,False,0.4526387009472259,0.8979343863912516,Counter-led,0.4414814814814815,0.8201701093560145,Counter-led,0.3958896700919416,0.862004662004662,Counter-led,False,False,False
E02000417,Haringey,7,5,0.1220752797558494,False,0.4903069466882068,0.8107400130975769,Symmetric,0.49724192277383766,0.831041257367387,Symmetric,0.4839275277615429,0.8689690198070086,Symmetric,False,False,False,0.4764764764764764,0.8201970443349754,Counter-led,0.4723320158102767,0.8308702791461412,Counter-led,0.409247757073844,0.8755287009063444,Counter-led,False,False,False
E02000418,Haringey,7,5,0.1515768056968464,False,0.4912718204488778,0.8345473465140478,Symmetric,0.49002493765586036,0.8345473465140478,Symmetric,0.4335664335664335,0.8779739063699156,Counter-led,False,True,True,0.48,0.8381924198250729,Symmetric,0.4799301919720768,0.8352769679300291,Counter-led,0.3766816143497757,0.8875621890547264,Counter-led,True,False,True
E02000419,Haringey,2,2,0.2166836215666327,False,0.5273942093541203,0.8009275775954334,Cascade-led,0.566027397260274,0.6510881198715662,Lateral,0.5652173913043478,0.7037261435928507,Lateral,True,False,True,0.4680432645034414,0.8036349269063611,Counter-led,0.45709281961471104,0.6768075859344133,Lateral,0.4236172080772608,0.7357881136950905,Lateral,True,False,True
E02000420,Haringey,1,1,-0.017293997965412,False,0.4552429667519181,0.6266025641025641,Lateral,0.45694200351493847,0.6079059829059829,Lateral,0.4628040057224606,0.6557223264540337,Lateral,False,False,False,0.4239934264585045,0.6679473106476399,Lateral,0.4271186440677966,0.6476399560922064,Lateral,0.3690987124463519,0.7175538935327761,Lateral,False,False,False
E02000421,Haringey,1,1,-0.0122075279755849,False,0.436958614051973,0.6546943919344675,Lateral,0.4340551181102362,0.6402016383112792,Lateral,0.4774907749077491,0.7035306334371755,Lateral,False,False,False,0.4602510460251046,0.6828571428571428,Lateral,0.4578005115089514,0.6702857142857143,Lateral,0.4186991869918699,0.7490213136146151,Lateral,False,False,False
E02000422,Haringey,1,1,0.1648016276703967,False,0.5044802867383512,0.6384439359267735,Lateral,0.5124423963133641,0.6207093821510298,Lateral,0.4992503748125937,0.6680020030045067,Lateral,False,False,False,0.4054545454545454,0.7033248081841432,Lateral,0.40538033395176254,0.6892583120204604,Lateral,0.3630662020905923,0.7470067673086934,Lateral,False,False,False
E02000423,Haringey,2,2,0.2644964394710071,False,0.5024154589371981,0.7596330275229358,Lateral,0.5113636363636364,0.6055045871559633,Lateral,0.5073572689817539,0.6639312231340367,Lateral,False,False,False,0.456980056980057,0.7894736842105263,Counter-led,0.4401459854014598,0.6162843004948269,Lateral,0.4070844686648501,0.6826636904761905,Lateral,True,False,True
E02000424,Haringey,5,3,0.1495422177009155,False,0.4848109113453193,0.9572700296735904,Symmetric,0.47760115606936415,0.8213649851632048,Counter-led,0.4822419533851276,0.8568711364717071,Symmetric,True,True,False,0.4907550077041602,0.9679343773303504,Symmetric,0.5058295964125561,0.8314690529455631,Symmetric,0.4204616344354335,0.8764352104975396,Counter-led,False,True,True
E02000425,Haringey,4,3,-0.0457782299084435,False,0.5235023041474655,0.940207972270364,Cascade-led,0.5265700483091788,0.8968804159445407,Cascade-led,0.5121951219512195,0.9090214067278287,Symmetric,False,True,True,0.4673815907059875,0.9427127211457456,Counter-led,0.46983546617915906,0.9216512215669755,Counter-led,0.4327217125382263,0.9336188436830836,Counter-led,False,False,False
E02000426,Haringey,7,6,0.0040691759918616,False,0.4600614439324116,0.8460038986354775,Counter-led,0.4260089686098655,0.8693957115009746,Counter-led,0.4260089686098655,0.707936507936508,Lateral,False,True,True,0.5077559462254395,0.8565101860053145,Symmetric,0.4973544973544973,0.8370239149689991,Symmetric,0.4973544973544973,0.6148340923877684,Lateral,False,True,True
E02000427,Haringey,3,2,0.0681586978636825,False,0.5019875070982396,0.8474494706448508,Symmetric,0.48936170212765956,0.6333012512030799,Lateral,0.5101351351351351,0.6997635933806147,Lateral,True,False,True,0.4900737379466818,0.8637922586967173,Symmetric,0.47401574803149604,0.6222439980401764,Lateral,0.4188888888888888,0.7001166861143524,Lateral,True,False,True
E02000428,Haringey,1,1,0.1078331637843336,False,0.4715772618094475,0.7291301809690601,Lateral,0.47493837304847986,0.7104495037945125,Lateral,0.4894319682959049,0.7532338308457711,Symmetric,False,True,True,0.408062234794908,0.7184959349593496,Lateral,0.410958904109589,0.7047764227642277,Lateral,0.4021333333333333,0.7634364820846905,Lateral,False,False,False
E02000429,Haringey,7,5,0.0966429298067141,False,0.4571230982019363,0.8505882352941176,Counter-led,0.4454664914586071,0.8952941176470588,Counter-led,0.4423754403623553,0.917782909930716,Counter-led,False,False,False,0.4578651685393258,0.8647773279352227,Counter-led,0.44846796657381616,0.8720647773279352,Counter-led,0.3952724885095207,0.9060083283759667,Counter-led,False,False,False
E02000430,Haringey,6,4,0.2105798575788403,False,0.4497705252422233,0.9427884615384616,Counter-led,0.44490216271884653,0.9336538461538462,Counter-led,0.4646302250803859,0.9474485910129474,Counter-led,False,False,False,0.4668527564549895,0.9156549520766774,Counter-led,0.46614950634696756,0.9060702875399361,Counter-led,0.4066099148723084,0.9314365671641791,Counter-led,False,False,False
E02000431,Haringey,8,6,0.0274669379450661,False,0.4586330935251798,0.9021092482422932,Counter-led,0.45830797321972,0.8885884261763115,Counter-led,0.45830797321972,0.6797683078196111,Lateral,False,True,True,0.5037369207772795,0.9016172506738545,Symmetric,0.5007587253414264,0.8881401617250674,Symmetric,0.5007587253414264,0.6473477406679764,Lateral,False,True,True
E02000432,Haringey,4,3,0.0651068158697864,False,0.4820987654320988,0.8886450905101481,Symmetric,0.48172757475083056,0.8255622600109709,Symmetric,0.4770736733642452,0.8592297476759628,Counter-led,False,True,True,0.5104391648668106,0.8697557921102066,Symmetric,0.5157088122605364,0.8171571696931748,Symmetric,0.4671163575042159,0.859005311443747,Counter-led,False,True,True
E02000433,Harrow,9,8,-0.0752797558494404,False,0.5115646258503401,0.7696335078534031,Lateral,0.5136674259681093,0.9193717277486911,Symmetric,0.5468986384266263,0.9449606862044317,Cascade-led,True,True,True,0.3664772727272727,0.7727771679473107,Lateral,0.3596597812879708,0.9034028540065862,Counter-led,0.489780469341408,0.9375443577004968,Symmetric,True,True,True
E02000434,Harrow,9,7,-0.0834181078331637,False,0.3461900282220131,0.8246702870442203,Counter-led,0.3974576271186441,0.9154383242823895,Counter-led,0.4685138539042821,0.9357690041249264,Counter-led,False,False,False,0.5092975206611571,0.8189509306260575,Symmetric,0.4990791896869245,0.9187817258883249,Symmetric,0.5761266747868453,0.9447640966628308,Cascade-led,False,True,True
E02000435,Harrow,6,5,-0.0478128179043744,False,0.4733727810650887,0.9066523605150214,Counter-led,0.4293628808864266,0.7746781115879828,Counter-led,0.4162976085031001,0.8431665421956684,Counter-led,False,False,False,0.5025,0.89086859688196,Symmetric,0.49184782608695654,0.8195991091314031,Symmetric,0.4390862944162436,0.8794642857142857,Counter-led,False,True,True
E02000436,Harrow,10,9,-0.0132248219735503,True,0.4640776699029126,0.8940972222222222,Counter-led,0.48148148148148145,0.9375,Symmetric,0.5743944636678201,0.9601328903654485,Cascade-led,True,True,True,0.5269058295964125,0.8831683168316832,Cascade-led,0.5258620689655172,0.9188118811881189,Cascade-led,0.61003861003861,0.9498777506112469,Cascade-led,False,False,False
E02000437,Harrow,8,6,-0.056968463886063,False,0.3936651583710407,0.8599221789883269,Counter-led,0.4,0.8998054474708171,Counter-led,0.4,0.6437021572720947,Lateral,False,True,True,0.4761350407450523,0.8792221084953941,Counter-led,0.4816870144284129,0.9222108495394064,Symmetric,0.4816870144284129,0.6200963523743978,Lateral,True,True,True
E02000438,Harrow,7,5,-0.0508646998982705,False,0.4858437146092865,0.8821178821178821,Symmetric,0.5053254437869823,0.8441558441558441,Symmetric,0.4471544715447154,0.8874458874458875,Counter-led,False,True,True,0.4465894465894466,0.8662207357859532,Counter-led,0.45549738219895286,0.8517279821627648,Counter-led,0.382716049382716,0.9013353115727003,Counter-led,False,False,False
E02000439,Harrow,7,5,-0.0640895218718209,False,0.4591406908171861,0.8779585798816568,Counter-led,0.43795620437956206,0.8106508875739645,Counter-led,0.4117221418234443,0.8437118437118437,Counter-led,False,False,False,0.4638095238095238,0.8830950378469302,Counter-led,0.4547244094488189,0.8544995794785534,Counter-led,0.3917388407728181,0.8966547192353644,Counter-led,False,False,False
E02000440,Harrow,9,8,-0.0183112919633773,True,0.4501084598698481,0.8254252461951657,Counter-led,0.4701923076923077,0.9310653536257834,Counter-led,0.5484550561797753,0.9487008660892738,Cascade-led,False,True,True,0.516260162601626,0.7876200640341515,Symmetric,0.5052264808362369,0.9188900747065102,Symmetric,0.6092916984006093,0.9452843772498201,Cascade-led,False,True,True
E02000441,Harrow,8,6,-0.0640895218718209,False,0.4941002949852507,0.7695800227014756,Lateral,0.5,0.8013620885357549,Symmetric,0.5,0.5772690106295993,Lateral,True,True,False,0.4095394736842105,0.8260869565217391,Counter-led,0.42507645259938837,0.8885869565217391,Counter-led,0.4250764525993883,0.5613733905579399,Lateral,False,True,True
E02000442,Harrow,8,6,-0.0142421159715157,False,0.4524010109519797,0.8306508047585724,Counter-led,0.47289866457187746,0.8908327501749476,Counter-led,0.4728986645718774,0.776693105552166,Counter-led,False,False,False,0.4397031539888683,0.8389105058365759,Counter-led,0.44366812227074237,0.8910505836575876,Counter-led,0.4436681222707423,0.6731334509112287,Lateral,False,True,True
E02000443,Harrow,5,4,-0.0162767039674465,False,0.5067615658362989,0.928005284015852,Symmetric,0.5016420361247947,0.8044914134742405,Symmetric,0.4604922279792746,0.8391304347826087,Counter-led,False,True,True,0.5224913494809689,0.8810975609756098,Cascade-led,0.48452830188679247,0.8079268292682927,Symmetric,0.4108937070333157,0.857207615593835,Counter-led,True,True,True
E02000444,Harrow,8,7,0.0427263479145473,False,0.4323394495412844,0.8180112570356473,Counter-led,0.5,0.8405253283302064,Symmetric,0.5602409638554217,0.8723723723723724,Cascade-led,True,True,True,0.4983240223463687,0.7802964254577158,Lateral,0.5385365853658537,0.8936355710549259,Cascade-led,0.595821325648415,0.919205298013245,Cascade-led,True,False,True
E02000445,Harrow,6,4,-0.0661241098677518,False,0.4816933638443936,0.9113660062565172,Symmetric,0.49538866930171277,0.7914494264859229,Symmetric,0.4565796483750666,0.8243302591128678,Counter-led,False,True,True,0.4822266934942991,0.9330413016270338,Symmetric,0.46831530139103555,0.8097622027534418,Counter-led,0.4007450771687068,0.8607420980302336,Counter-led,True,False,True
E02000447,Harrow,9,8,-0.081383519837233,False,0.4641148325358851,0.8438761776581427,Counter-led,0.49632892804698975,0.9165545087483177,Symmetric,0.5616580310880829,0.9396299902629016,Cascade-led,True,True,True,0.406568516421291,0.8606237816764133,Counter-led,0.38786008230452673,0.9473684210526315,Counter-led,0.5,0.9628610729023384,Symmetric,False,True,True
E02000448,Harrow,10,9,0.0264496439471007,False,0.4491392801251956,0.7517647058823529,Lateral,0.44954128440366975,0.8976470588235295,Counter-led,0.5194570135746607,0.927013422818792,Symmetric,True,True,True,0.43261231281198,0.7597977243994943,Lateral,0.43615494978479197,0.8811630847029077,Counter-led,0.5477064220183486,0.9206081081081081,Cascade-led,True,True,True
E02000449,Harrow,7,5,-0.0447609359104781,False,0.4994753410283316,0.8711151736745887,Symmetric,0.4813979706877114,0.8107861060329068,Symmetric,0.4425645592163846,0.8443609022556391,Counter-led,False,True,True,0.4686503719447396,0.928923988153998,Counter-led,0.4566929133858268,0.8775913129318855,Counter-led,0.3868312757201646,0.90739357729649,Counter-led,False,False,False
E02000451,Harrow,10,10,-0.0213631739572736,False,0.4601626016260162,0.837874659400545,Counter-led,0.47099447513812154,0.9863760217983651,Counter-led,0.5306122448979592,0.98989898989899,Cascade-led,False,True,True,0.4238310708898944,0.8554838709677419,Counter-led,0.4272237196765499,0.9574193548387097,Counter-led,0.4901222953904045,0.9698905109489051,Symmetric,False,True,True
E02000452,Harrow,7,5,-0.0528992878942014,False,0.4791929382093317,0.8162635100360268,Counter-led,0.48293625241468124,0.7992794647452394,Symmetric,0.4533398821218075,0.8392415498763397,Counter-led,True,True,False,0.4643064422518862,0.788558352402746,Counter-led,0.4583333333333333,0.779862700228833,Counter-led,0.4092697857455181,0.826228323699422,Counter-led,False,False,False
E02000453,Harrow,9,7,-0.0274669379450661,False,0.4681861348528015,0.8547077922077922,Counter-led,0.47231833910034604,0.9383116883116883,Counter-led,0.5010252904989747,0.9506172839506173,Symmetric,False,True,True,0.454468085106383,0.8570386579139314,Counter-led,0.45614035087719296,0.9146608315098468,Counter-led,0.5311059907834101,0.9368591473286563,Cascade-led,False,True,True
E02000454,Harrow,10,10,-0.0071210579857579,False,0.4587525150905432,0.7362962962962963,Lateral,0.4740853658536585,0.9718518518518519,Counter-led,0.5628803245436106,0.981094527363184,Cascade-led,True,True,True,0.4715596330275229,0.6925031766200762,Lateral,0.5124508519003932,0.9695044472681067,Symmetric,0.5970915312232677,0.9798826487845766,Cascade-led,True,True,True
E02000455,Harrow,7,5,-0.0528992878942014,False,0.4764912280701754,0.7795404814004376,Lateral,0.47458840372226196,0.7642231947483589,Counter-led,0.4602487831260141,0.8109649122807018,Counter-led,True,False,True,0.4650776053215077,0.7762478485370051,Lateral,0.46430578976953346,0.7654905335628227,Counter-led,0.4149139579349904,0.8275316455696202,Counter-led,True,False,True
E02000456,Harrow,8,6,-0.0264496439471007,False,0.4954212454212454,0.8646080760095012,Symmetric,0.4911190053285968,0.8915281076801267,Symmetric,0.4911190053285968,0.6985111662531017,Lateral,False,True,True,0.4394299287410926,0.8574338085539714,Counter-led,0.43821510297482835,0.890020366598778,Counter-led,0.4382151029748283,0.6202980837473385,Lateral,False,True,True
E02000457,Harrow,10,8,-0.0935910478128179,False,0.480327868852459,0.8591549295774648,Symmetric,0.4738562091503268,0.8619718309859155,Counter-led,0.5483870967741935,0.895187165775401,Cascade-led,True,True,True,0.5335968379446641,0.8835855646100116,Cascade-led,0.517555266579974,0.8952270081490105,Symmetric,0.5796579657965797,0.9250624479600333,Cascade-led,True,True,False
E02000459,Harrow,7,5,-0.0956256358087487,False,0.5171875,0.807061790668348,Symmetric,0.5191693290734825,0.7894073139974779,Symmetric,0.4940213971050975,0.8263130525221009,Symmetric,False,False,False,0.4479166666666667,0.8205128205128205,Counter-led,0.4494283201407212,0.8098290598290598,Counter-led,0.4033665835411471,0.8572955638695885,Counter-led,False,False,False
E02000460,Harrow,5,4,-0.0366225839267548,True,0.3825995807127882,0.9362119725220804,Counter-led,0.36923076923076925,0.8930323846908734,Counter-led,0.347982062780269,0.9109477124183006,Counter-led,False,False,False,0.4977628635346756,0.8764705882352941,Symmetric,0.47581552305961755,0.8715686274509804,Counter-led,0.4250980392156863,0.9068278805120911,Counter-led,True,False,True
E02000461,Harrow,9,8,0.0030518819938961,False,0.4011299435028249,0.8747940691927513,Counter-led,0.4092526690391459,0.9258649093904449,Counter-led,0.4392688679245283,0.9496080627099664,Counter-led,False,False,False,0.4942222222222222,0.8985623003194888,Symmetric,0.4936061381074169,0.9369009584664537,Symmetric,0.53125,0.9584866001050972,Cascade-led,False,True,True
E02000462,Harrow,8,6,-0.0925737538148524,False,0.4816017316017316,0.8741721854304636,Symmetric,0.4869927159209157,0.9091769157994324,Symmetric,0.4869927159209157,0.7369631901840491,Lateral,False,True,True,0.5011415525114156,0.913451511991658,Symmetric,0.5,0.9259645464025026,Symmetric,0.5,0.7121090617481957,Lateral,False,True,True
E02000463,Harrow,7,5,-0.1108850457782298,False,0.5184713375796178,0.7764589515331355,Lateral,0.5070063694267516,0.7764589515331355,Symmetric,0.4491129785247432,0.825751734772552,Counter-led,True,True,True,0.4384508990318119,0.8329493087557603,Counter-led,0.4202279202279202,0.8087557603686636,Counter-led,0.3516260162601626,0.8556521739130435,Counter-led,False,False,False
E02000464,Havering,4,3,-0.0895218718209562,False,0.4935897435897436,0.8125,Symmetric,0.49099099099099097,0.7708333333333334,Symmetric,0.4172876304023845,0.8356164383561644,Counter-led,False,True,True,0.4473197781885397,0.7909356725146199,Counter-led,0.4549019607843137,0.7456140350877193,Counter-led,0.3658269441401972,0.8399264029438822,Counter-led,False,False,False
E02000465,Havering,4,3,-0.1200406917599186,False,0.3813682678311499,0.8207885304659498,Counter-led,0.38621794871794873,0.7455197132616488,Counter-led,0.3877068557919622,0.7988668555240793,Counter-led,False,False,False,0.4577259475218659,0.825511432009627,Counter-led,0.4669811320754717,0.7653429602888087,Counter-led,0.3689497716894977,0.8488372093023255,Counter-led,False,False,False
E02000466,Havering,6,4,-0.1017293997965412,False,0.5037593984962406,0.9637681159420288,Symmetric,0.5129198966408268,0.9347826086956522,Symmetric,0.4518371400198609,0.9491046182846371,Counter-led,False,True,True,0.4380825565912117,0.955470737913486,Counter-led,0.44647887323943664,0.9033078880407125,Counter-led,0.3680494263018535,0.9371381306865177,Counter-led,False,False,False
E02000467,Havering,2,2,-0.1271617497456764,False,0.4605504587155963,0.9388458225667528,Counter-led,0.4574162679425837,0.9000861326442722,Counter-led,0.4317147192716237,0.9191073919107392,Counter-led,False,False,False,0.4876712328767123,0.9327086882453152,Symmetric,0.4725490196078431,0.868824531516184,Counter-led,0.3993311036789297,0.9066100667070952,Counter-led,True,False,True
E02000468,Havering,7,5,-0.0864699898270601,True,0.3918629550321199,0.7412698412698413,Lateral,0.3905579399141631,0.7396825396825397,Counter-led,0.3680649526387009,0.8183831672203765,Counter-led,True,False,True,0.3546511627906977,0.8349514563106796,Counter-led,0.3551673944687045,0.8337378640776699,Counter-led,0.2926613616268789,0.8919558359621451,Counter-led,False,False,False
E02000469,Havering,4,3,-0.1169888097660223,False,0.5309734513274337,0.795774647887324,Cascade-led,0.527831094049904,0.7338028169014085,Cascade-led,0.4729729729729729,0.7965554359526372,Counter-led,False,True,True,0.4975429975429975,0.8847826086956522,Symmetric,0.48516129032258065,0.842391304347826,Symmetric,0.4300091491308325,0.882875605815832,Counter-led,False,True,True
E02000470,Havering,9,7,-0.0457782299084434,False,0.4113821138211382,0.7925257731958762,Counter-led,0.44342105263157894,0.979381443298969,Counter-led,0.5125673249551167,0.9858407079646018,Symmetric,False,True,True,0.3489010989010989,0.8291571753986332,Counter-led,0.37109826589595374,0.9851936218678815,Counter-led,0.5305574210879785,0.9913448735019973,Cascade-led,False,True,True
E02000471,Havering,10,9,-0.0356052899287894,False,0.4423791821561338,0.9259896729776248,Counter-led,0.44244604316546765,0.9569707401032702,Counter-led,0.5387409200968523,0.9706227967097533,Cascade-led,False,True,True,0.2948929159802306,0.9352850539291218,Counter-led,0.2927215189873418,0.9738058551617874,Counter-led,0.4644970414201183,0.9835111542192047,Counter-led,False,False,False
E02000472,Havering,9,7,-0.0437436419125127,False,0.4057142857142857,0.9174311926605504,Counter-led,0.4037685060565276,0.9737876802096985,Counter-led,0.4851485148514851,0.9805825242718447,Symmetric,False,True,True,0.3724604966139955,0.9124613800205972,Counter-led,0.3727560718057022,0.9752832131822863,Counter-led,0.5085227272727273,0.9832402234636871,Symmetric,False,True,True
E02000473,Havering,9,8,-0.0508646998982705,False,0.330945558739255,0.7825112107623319,Counter-led,0.3452855245683931,0.844170403587444,Counter-led,0.4654454621149042,0.8962686567164179,Counter-led,False,False,False,0.3761713520749665,0.7614678899082569,Lateral,0.3934624697336562,0.8419979612640163,Counter-led,0.5104456824512534,0.9025769956002514,Symmetric,True,True,True
E02000474,Havering,7,5,-0.1068158697863682,True,0.4414758269720101,0.7782178217821782,Lateral,0.44387755102040816,0.7762376237623763,Counter-led,0.4059590316573557,0.8261538461538461,Counter-led,True,False,True,0.3833543505674653,0.8034447821681864,Counter-led,0.391025641025641,0.790273556231003,Counter-led,0.3265306122448979,0.8554469273743017,Counter-led,False,False,False
E02000475,Havering,9,8,-0.0172939979654119,False,0.4107142857142857,0.8109028960817717,Counter-led,0.40656063618290256,0.8568994889267462,Counter-led,0.4828791055206149,0.8949343339587242,Symmetric,False,True,True,0.4017199017199017,0.8051434223541049,Counter-led,0.40987370838117104,0.8615232443125618,Counter-led,0.5401882693700217,0.9079552925706772,Cascade-led,False,True,True
E02000476,Havering,5,3,-0.0193285859613428,False,0.484181568088033,0.9368556701030928,Symmetric,0.48560885608856086,0.8730670103092784,Symmetric,0.4516829533116178,0.9033840117704757,Counter-led,False,True,True,0.4484641638225256,0.945771465461588,Counter-led,0.45869565217391306,0.8908973531310523,Counter-led,0.4084437898870888,0.9233907524932004,Counter-led,False,False,False
E02000477,Havering,10,9,0.0081383519837232,False,0.4327044025157233,0.8833333333333333,Counter-led,0.4444444444444444,0.93,Counter-led,0.5309882747068677,0.9498806682577565,Cascade-led,False,True,True,0.382640586797066,0.8674443266171792,Counter-led,0.3745743473325766,0.9342523860021209,Counter-led,0.5171919770773639,0.9574759945130316,Symmetric,False,True,True
E02000478,Havering,10,9,-0.0040691759918616,False,0.4229828850855746,0.8503118503118503,Counter-led,0.4469525959367946,0.920997920997921,Counter-led,0.5288461538461539,0.9503916449086162,Cascade-led,False,True,True,0.3687707641196013,0.7838541666666666,Lateral,0.3773006134969325,0.8489583333333334,Counter-led,0.5198098256735341,0.9158200290275762,Symmetric,True,True,True
E02000479,Havering,7,5,-0.0752797558494404,False,0.4016172506738544,0.8522205206738132,Counter-led,0.4053811659192825,0.8537519142419602,Counter-led,0.4289655172413793,0.8836075563680682,Counter-led,False,False,False,0.4047244094488189,0.8472314876584389,Counter-led,0.4009508716323296,0.8418945963975984,Counter-led,0.3533588203167668,0.8853965183752418,Counter-led,False,False,False
E02000480,Havering,7,5,-0.1495422177009155,False,0.4182648401826484,0.8171641791044776,Counter-led,0.42014519056261346,0.8223880597014925,Counter-led,0.3963660834454912,0.8619489559164734,Counter-led,False,False,False,0.3754491017964071,0.85334695963209,Counter-led,0.3799048751486326,0.85947879407256,Counter-led,0.3509192645883293,0.9009722722362261,Counter-led,False,False,False
E02000481,Havering,10,8,-0.034587995930824,False,0.3785310734463277,0.7209775967413442,Lateral,0.43882978723404253,0.7657841140529531,Counter-led,0.5258855585831063,0.8645465253239105,Cascade-led,True,True,True,0.3478260869565217,0.7356902356902357,Lateral,0.3778705636743215,0.8063973063973064,Counter-led,0.542016806722689,0.8922211808809747,Cascade-led,True,True,True
E02000482,Havering,10,10,-0.0010172939979654,False,0.4367088607594936,0.6345381526104418,Lateral,0.45727482678983833,0.8694779116465864,Counter-led,0.5186781609195402,0.9145860709592641,Symmetric,True,True,True,0.3927492447129909,0.6867219917012448,Lateral,0.39954853273137697,0.9190871369294605,Counter-led,0.5463087248322148,0.9502551020408163,Cascade-led,True,True,True
E02000483,Havering,8,6,-0.0152594099694811,False,0.4055068836045056,0.923699421965318,Counter-led,0.405,0.9248554913294798,Counter-led,0.405,0.6546644844517185,Lateral,False,True,True,0.417391304347826,0.9252873563218392,Counter-led,0.41903584672435107,0.9298850574712644,Counter-led,0.419035846724351,0.6266460108443067,Lateral,False,True,True
E02000484,Havering,9,8,-0.0478128179043743,False,0.4550359712230216,0.8298507462686567,Counter-led,0.44851657940663175,0.8552238805970149,Counter-led,0.5379310344827586,0.8996897621509824,Cascade-led,False,True,True,0.3057324840764331,0.8010204081632653,Counter-led,0.3174846625766871,0.8316326530612245,Counter-led,0.4957102001906577,0.8882303132938189,Symmetric,False,True,True
E02000485,Havering,9,8,0.0122075279755849,False,0.422360248447205,0.8621151271753681,Counter-led,0.4346456692913386,0.8500669344042838,Counter-led,0.5104166666666666,0.8955223880597015,Symmetric,False,True,True,0.4211920529801324,0.8435754189944135,Counter-led,0.431266846361186,0.829050279329609,Counter-led,0.5229653505237711,0.8902439024390244,Cascade-led,False,True,True
E02000486,Havering,9,8,-0.0111902339776195,False,0.4288321167883211,0.817910447761194,Counter-led,0.43454545454545457,0.8208955223880597,Counter-led,0.5124378109452736,0.8701298701298701,Symmetric,False,True,True,0.3701399688958009,0.8607764390896921,Counter-led,0.3701399688958009,0.8607764390896921,Counter-led,0.4757804090419806,0.8993223620522749,Counter-led,False,False,False
E02000487,Havering,10,10,-0.0111902339776195,False,0.4648910411622276,0.7361853832442068,Lateral,0.47283702213279677,0.8859180035650623,Counter-led,0.5635696821515892,0.927437641723356,Cascade-led,True,True,True,0.3655913978494624,0.6966292134831461,Lateral,0.34949494949494947,0.9269662921348315,Counter-led,0.5051311288483467,0.9574235807860262,Symmetric,True,True,True
E02000488,Havering,10,9,0.0040691759918616,False,0.4135188866799205,0.8525423728813559,Counter-led,0.40925925925925927,0.9152542372881356,Counter-led,0.4929032258064516,0.9393939393939394,Symmetric,False,True,True,0.2841091492776886,0.8799435028248588,Counter-led,0.28064992614475626,0.9562146892655368,Counter-led,0.423469387755102,0.9693372898120672,Counter-led,False,False,False
E02000489,Havering,8,6,-0.0549338758901323,False,0.4840255591054313,0.8917378917378918,Symmetric,0.4832,0.8903133903133903,Symmetric,0.4832,0.6517205422314911,Lateral,False,True,True,0.3935064935064935,0.8995327102803738,Counter-led,0.39327296248382926,0.9030373831775701,Counter-led,0.3932729624838292,0.6149562450278441,Lateral,False,True,True
E02000490,Havering,8,6,-0.0885045778229909,False,0.4496753246753247,0.9166666666666666,Counter-led,0.44894651539708263,0.9181547619047619,Counter-led,0.4489465153970826,0.6407061266874351,Lateral,False,True,True,0.4297297297297297,0.893719806763285,Counter-led,0.42971887550200805,0.9021739130434783,Counter-led,0.429718875502008,0.6133004926108374,Lateral,False,True,True
E02000491,Havering,5,3,-0.1363173957273651,False,0.4766355140186916,0.9339152119700748,Counter-led,0.48923959827833574,0.8690773067331671,Symmetric,0.4090909090909091,0.9078138718173837,Counter-led,True,True,False,0.4162323157110946,0.9491166077738517,Counter-led,0.43438538205980065,0.8508833922261484,Counter-led,0.4101540216771249,0.8925661914460286,Counter-led,False,False,False
E02000492,Havering,9,7,-0.108850457782299,False,0.3503649635036496,0.9013157894736842,Counter-led,0.3265993265993266,0.9769736842105263,Counter-led,0.4716636197440585,0.9873646209386282,Counter-led,False,False,False,0.3310344827586207,0.8895705521472392,Counter-led,0.3480083857442348,0.9754601226993865,Counter-led,0.5069284064665127,0.9863325740318907,Symmetric,False,True,True
E02000493,Havering,6,4,-0.1342828077314344,False,0.4787985865724382,0.9417637271214644,Counter-led,0.4742647058823529,0.9051580698835274,Counter-led,0.4323258869908016,0.9303178484107579,Counter-led,False,False,False,0.3821917808219178,0.9681697612732096,Counter-led,0.39191073919107394,0.9509283819628647,Counter-led,0.333950046253469,0.9669051878354203,Counter-led,False,False,False
E02000494,Hillingdon,10,9,-0.0406917599186164,False,0.4330218068535825,0.8305304010349288,Counter-led,0.44,0.8732212160413971,Counter-led,0.5231404958677686,0.9250764525993884,Cascade-led,False,True,True,0.3625827814569536,0.8543140028288543,Counter-led,0.3626373626373626,0.900990099009901,Counter-led,0.4819700967458223,0.9420049710024855,Symmetric,False,True,True
E02000495,Hillingdon,8,7,0.0406917599186165,False,0.4780701754385965,0.837465564738292,Counter-led,0.46384297520661155,0.8888888888888888,Counter-led,0.5160891089108911,0.9303396660909614,Symmetric,False,True,True,0.4626696832579186,0.8200371057513914,Counter-led,0.4543630892678034,0.924860853432282,Counter-led,0.5736389684813754,0.9556407447973713,Cascade-led,False,True,True
E02000496,Hillingdon,7,5,-0.0620549338758901,False,0.4981549815498155,0.924914675767918,Symmetric,0.4981481481481482,0.9215017064846417,Symmetric,0.4288389513108614,0.9587073608617595,Counter-led,False,True,True,0.5040322580645161,0.901818181818182,Symmetric,0.5080971659919028,0.8981818181818182,Symmetric,0.3764367816091954,0.9490909090909091,Counter-led,False,True,True
E02000497,Hillingdon,8,6,-0.0203458799593082,False,0.484504132231405,0.8439407149084568,Symmetric,0.4946025515210991,0.8884045335658239,Symmetric,0.4946025515210991,0.6757294429708223,Lateral,False,True,True,0.4085106382978723,0.7885906040268457,Counter-led,0.4272608125819135,0.8534675615212528,Counter-led,0.4272608125819135,0.5158891142663962,Lateral,False,True,True
E02000498,Hillingdon,9,7,0.027466937945066,True,0.5089285714285714,0.9003215434083601,Symmetric,0.5137614678899083,0.8762057877813505,Symmetric,0.5997610513739546,0.9157549234135668,Cascade-led,False,True,True,0.4620390455531453,0.8731060606060606,Counter-led,0.47692307692307695,0.8617424242424242,Counter-led,0.5800756620428752,0.9157043879907621,Cascade-led,False,True,True
E02000499,Hillingdon,10,9,0.0305188199389623,False,0.4640657084188911,0.7214814814814815,Lateral,0.43992932862190814,0.8385185185185186,Counter-led,0.5509518477043673,0.8912175648702595,Cascade-led,True,True,True,0.3630434782608696,0.7098765432098766,Lateral,0.3619047619047619,0.8101851851851852,Counter-led,0.5339702760084926,0.8845070422535212,Cascade-led,True,True,True
E02000500,Hillingdon,10,9,0.0142421159715158,False,0.4553072625698324,0.7435098650051921,Lateral,0.4364508393285372,0.8660436137071651,Counter-led,0.5068273092369477,0.9061135371179039,Symmetric,True,True,True,0.4171428571428571,0.7743362831858407,Lateral,0.4355444305381727,0.8838495575221239,Counter-led,0.5526914329037149,0.9262640449438202,Cascade-led,True,True,True
E02000501,Hillingdon,10,9,-0.010172939979654,False,0.4190140845070422,0.6977886977886978,Lateral,0.436046511627907,0.8452088452088452,Counter-led,0.5107843137254902,0.8900523560209425,Symmetric,True,True,True,0.4329446064139942,0.7440347071583514,Lateral,0.44226044226044225,0.8828633405639913,Counter-led,0.574468085106383,0.9215686274509803,Cascade-led,True,True,True
E02000502,Hillingdon,9,7,0.0824008138351983,False,0.4321951219512195,0.937785910338518,Counter-led,0.4397590361445783,0.9112534309240622,Counter-led,0.518048128342246,0.9391086001255493,Symmetric,False,True,True,0.3770685579196217,0.9087003222341568,Counter-led,0.3794749403341289,0.9001074113856069,Counter-led,0.5306810519217802,0.940989847715736,Cascade-led,False,True,True
E02000503,Hillingdon,10,8,0.0305188199389623,False,0.4223227752639517,0.7525539160045402,Lateral,0.4200700116686114,0.9727582292849035,Counter-led,0.4694323144104803,0.9828326180257511,Counter-led,True,False,True,0.3751937984496124,0.75,Lateral,0.3817527010804322,0.9686046511627907,Counter-led,0.5290819901892081,0.9814305364511692,Cascade-led,True,True,True
E02000504,Hillingdon,10,10,0.0,False,0.4294871794871794,0.7155963302752294,Lateral,0.46021840873634945,0.9801223241590215,Counter-led,0.5481410867492851,0.987758945386064,Cascade-led,True,True,True,0.3255813953488372,0.8127147766323024,Counter-led,0.3459552495697074,0.9982817869415808,Counter-led,0.5156102175969726,0.999054820415879,Symmetric,False,True,True
E02000506,Hillingdon,10,9,0.0132248219735504,False,0.4666666666666667,0.8321479374110953,Counter-led,0.4750378214826021,0.9402560455192034,Counter-led,0.5372137404580153,0.9614678899082569,Cascade-led,False,True,True,0.4158249158249158,0.8330995792426368,Counter-led,0.4334319526627219,0.9481065918653576,Counter-led,0.5245762711864407,0.9695973705834018,Cascade-led,False,True,True
E02000507,Hillingdon,8,7,0.0305188199389624,False,0.5015243902439024,0.8378033205619413,Symmetric,0.5170532060027285,0.9361430395913155,Symmetric,0.5735159817351598,0.9563318777292577,Cascade-led,False,True,True,0.4355628058727569,0.8549511854951185,Counter-led,0.4234769687964339,0.9386331938633193,Counter-led,0.5632286995515695,0.9620362381363244,Cascade-led,False,True,True
E02000508,Hillingdon,7,5,0.0457782299084436,True,0.5758327427356484,0.9282894736842106,Cascade-led,0.5771286070537941,0.9233552631578947,Cascade-led,0.6201271186440678,0.9529578033515042,Cascade-led,False,False,False,0.5642771325590709,0.9227642276422764,Cascade-led,0.5670020120724346,0.918329637841833,Cascade-led,0.5364173228346457,0.9484247374562427,Cascade-led,False,False,False
E02000509,Hillingdon,4,3,0.2868769074262461,True,0.6253031527890056,0.906891495601173,Cascade-led,0.630716134598792,0.8497067448680352,Cascade-led,0.6116532721010333,0.8947098099640473,Cascade-led,False,False,False,0.623849188952214,0.8969720802202124,Cascade-led,0.6306685366993923,0.8411325206449076,Cascade-led,0.5942647956070775,0.8902770233568713,Cascade-led,False,False,False
E02000510,Hillingdon,8,6,-0.0661241098677518,False,0.4384615384615384,0.8924485125858124,Counter-led,0.44344262295081965,0.9305873379099924,Counter-led,0.4434426229508196,0.6684931506849315,Lateral,False,True,True,0.4682875264270613,0.8907721280602636,Counter-led,0.4801223241590214,0.923728813559322,Symmetric,0.4801223241590214,0.6036923076923076,Lateral,True,True,True
E02000511,Hillingdon,8,6,-0.0478128179043743,False,0.4391217564870259,0.9109090909090908,Counter-led,0.44787644787644787,0.9418181818181818,Counter-led,0.4478764478764478,0.7134986225895317,Lateral,False,True,True,0.4616384915474642,0.8941860465116279,Counter-led,0.46085858585858586,0.9209302325581395,Counter-led,0.4608585858585858,0.5621007806955287,Lateral,False,True,True
E02000512,Hillingdon,5,4,-0.1088504577822991,False,0.5330915684496826,0.8432721712538226,Cascade-led,0.5365402405180388,0.8264525993883792,Cascade-led,0.4798634812286689,0.8658392434988179,Counter-led,False,True,True,0.471635150166852,0.8449248120300752,Counter-led,0.47676991150442477,0.849624060150376,Counter-led,0.4053851907255049,0.8931195724782899,Counter-led,False,False,False
E02000513,Hillingdon,3,2,-0.0467955239064089,False,0.4522028262676641,0.9072398190045248,Counter-led,0.457166392092257,0.9155354449472096,Counter-led,0.4192282537606278,0.9317489335770871,Counter-led,False,False,False,0.4881656804733728,0.9226569608735212,Symmetric,0.49204771371769385,0.9153776160145587,Symmetric,0.3930795847750865,0.9395318595578673,Counter-led,False,True,True
E02000514,Hillingdon,7,5,-0.1027466937945066,False,0.5360059391239792,0.9315352697095436,Cascade-led,0.5362426035502958,0.9349930843706777,Cascade-led,0.4914353219137625,0.9473978735310576,Symmetric,False,True,True,0.4805510534846029,0.8948513415518492,Symmetric,0.482258064516129,0.8992023205221175,Symmetric,0.4128009395184968,0.9245385450597177,Counter-led,False,True,True
E02000515,Hillingdon,5,4,-0.1454730417090539,False,0.588622754491018,0.8586118251928021,Cascade-led,0.5907729179149191,0.8580976863753214,Cascade-led,0.5328073089700996,0.8971684053651267,Cascade-led,False,False,False,0.5566090351366425,0.8607777244359097,Cascade-led,0.5359297860669227,0.8751800288046088,Cascade-led,0.4682801613494682,0.9129561432875795,Counter-led,False,True,True
E02000516,Hillingdon,5,4,-0.0305188199389623,False,0.4591002044989775,0.8631950573698146,Counter-led,0.47357512953367875,0.851721094439541,Counter-led,0.4158262218774243,0.8846945778997941,Counter-led,False,False,False,0.4320096269554753,0.856701030927835,Counter-led,0.42118537200504413,0.8175257731958763,Counter-led,0.3509532062391681,0.8670172802404207,Counter-led,False,False,False
E02000517,Hillingdon,4,3,-0.0681586978636826,False,0.5158084914182475,0.8056768558951966,Symmetric,0.5113871635610766,0.7030567685589519,Lateral,0.4577846630518977,0.7598587404355504,Counter-led,True,True,True,0.5086580086580087,0.7642679900744417,Lateral,0.5125748502994012,0.6906534325889164,Lateral,0.4219317356572258,0.7864077669902912,Counter-led,False,True,True
E02000518,Hillingdon,4,3,-0.1180061037639877,False,0.5623100303951368,0.8259414225941423,Cascade-led,0.5771428571428572,0.7322175732217573,Cascade-led,0.5150040551500406,0.793947198969736,Symmetric,False,True,True,0.4850299401197604,0.7914691943127962,Symmetric,0.4897400820793434,0.6928909952606636,Lateral,0.3546042003231018,0.7925736235595391,Counter-led,True,True,True
E02000519,Hillingdon,4,3,-0.1800610376398779,False,0.514018691588785,0.7739602169981917,Lateral,0.5027855153203342,0.6491862567811935,Lateral,0.4571984435797665,0.7259887005649718,Lateral,False,False,False,0.4049247606019152,0.7670514165792235,Lateral,0.4058192955589586,0.6852046169989506,Lateral,0.3545893719806763,0.7752808988764045,Lateral,False,False,False
E02000520,Hillingdon,4,3,-0.0610376398779247,False,0.5217678100263852,0.7908189880020866,Cascade-led,0.5480314960629922,0.6624934793948879,Lateral,0.4853286384976525,0.7247979583156103,Lateral,True,False,True,0.4729471674092934,0.8178032274856846,Counter-led,0.48034934497816595,0.7152524726704841,Lateral,0.3789521228545618,0.8018833755885548,Counter-led,True,True,False
E02000521,Hillingdon,3,2,-0.0162767039674465,False,0.5706254392129304,0.935568704799474,Cascade-led,0.5773638968481375,0.9178172255095332,Cascade-led,0.531403604587657,0.9360940695296524,Cascade-led,False,False,False,0.528343023255814,0.9373297002724796,Cascade-led,0.5336749633967789,0.9305177111716622,Cascade-led,0.4407252440725244,0.9547270306258322,Counter-led,False,True,True
E02000522,Hillingdon,5,3,-0.0590030518819938,False,0.4973204715969989,0.8077922077922078,Symmetric,0.5290482076637825,0.7004329004329004,Lateral,0.4520222045995242,0.7846919726197884,Counter-led,True,True,True,0.5130759651307597,0.7483690587138863,Lateral,0.529338327091136,0.7465051258154707,Cascade-led,0.4215618521078093,0.8417684700407213,Counter-led,True,True,True
E02000523,Hillingdon,6,4,0.0010172939979653,False,0.4935064935064935,0.9316394434361768,Symmetric,0.4923525127458121,0.8306110102843315,Symmetric,0.4490876986462625,0.8585144012127337,Counter-led,False,True,True,0.4811715481171548,0.9317738791423,Symmetric,0.48484848484848486,0.8148148148148148,Symmetric,0.4226859283039058,0.8676880222841226,Counter-led,False,True,True
E02000524,Hillingdon,6,4,-0.1485249237029501,False,0.4714052287581699,0.9019896831245394,Counter-led,0.47564469914040114,0.7715549005158437,Counter-led,0.4326978625072212,0.8481136697697207,Counter-led,False,False,False,0.4725956566701138,0.9333976833976834,Counter-led,0.48198757763975153,0.777027027027027,Symmetric,0.3760932944606414,0.8558951965065502,Counter-led,True,True,False
E02000525,Hillingdon,5,3,-0.0061037639877924,False,0.5095238095238095,0.8240680183126227,Symmetric,0.55,0.7325049051667757,Cascade-led,0.4660691421254802,0.7924911212582445,Counter-led,True,True,True,0.4756317689530686,0.8028985507246377,Counter-led,0.4755859375,0.7420289855072464,Counter-led,0.418075422626788,0.8120380147835269,Counter-led,False,False,False
E02000526,Hounslow,9,7,0.0142421159715157,False,0.5117460317460317,0.8569096844396082,Symmetric,0.5088902513795218,0.8873775843307944,Symmetric,0.5225950782997763,0.9152334152334153,Cascade-led,False,True,True,0.4722412611377656,0.8638247483718177,Counter-led,0.46907894736842104,0.8999407933688574,Counter-led,0.5427927927927928,0.9292591042277103,Cascade-led,False,True,True
E02000528,Hounslow,3,2,-0.0854526958290946,False,0.5849914724275156,0.9243300052548608,Cascade-led,0.5896848137535816,0.9169732002101945,Cascade-led,0.5745958429561201,0.9319845027981059,Cascade-led,False,False,False,0.5,0.0,Lateral,0.5,0.0,Lateral,0.5,0.0,Lateral,False,False,False
E02000529,Hounslow,6,4,-0.0793489318413021,False,0.4785046728971963,0.854632587859425,Counter-led,0.486096807415036,0.7755591054313099,Symmetric,0.4542456718878813,0.8119143239625167,Counter-led,True,True,False,0.534446764091858,0.9149952244508118,Cascade-led,0.5260115606936416,0.8261700095510984,Cascade-led,0.4450109249817917,0.8829581993569132,Counter-led,False,True,True
E02000530,Hounslow,3,2,-0.1515768056968464,False,0.4330011074197121,0.8931750741839762,Counter-led,0.43148357870894677,0.8733926805143423,Counter-led,0.4147826086956522,0.8998435054773083,Counter-led,False,False,False,0.4459644322845417,0.9253164556962026,Counter-led,0.45257452574525747,0.9341772151898734,Counter-led,0.4147783251231527,0.9512652296157451,Counter-led,False,False,False
E02000531,Hounslow,6,4,-0.1464903357070193,False,0.4870950027457441,0.8717089516515079,Symmetric,0.4911377930245855,0.8372426998563907,Symmetric,0.5383170548459805,0.8867421718854097,Cascade-led,False,True,True,0.4864715626725566,0.8983134920634921,Symmetric,0.4842946887492861,0.8685515873015873,Symmetric,0.4069139359020525,0.9128862590401052,Counter-led,False,True,True
E02000532,Hounslow,8,6,-0.0020345879959309,False,0.488871834228703,0.8153942428035044,Symmetric,0.49050632911392406,0.7909887359198998,Symmetric,0.490506329113924,0.5814167433302668,Lateral,False,True,True,0.5043478260869565,0.7900763358778626,Symmetric,0.507360157016683,0.7778625954198474,Symmetric,0.507360157016683,0.5290758047767393,Lateral,False,True,True
E02000533,Hounslow,8,6,-0.0244150559511698,False,0.4780907668231612,0.8073278584965256,Counter-led,0.48936170212765956,0.7719519898926089,Symmetric,0.4893617021276595,0.5539437896645513,Lateral,True,True,True,0.4817184643510054,0.7842293906810036,Symmetric,0.48592870544090055,0.76415770609319,Symmetric,0.4859287054409005,0.5098039215686274,Lateral,False,True,True
E02000534,Hounslow,9,7,-0.0549338758901322,False,0.4680851063829787,0.851963746223565,Counter-led,0.4840764331210191,0.9486404833836858,Symmetric,0.5136417556346382,0.9612314709236032,Symmetric,True,False,True,0.466529351184346,0.850262697022767,Counter-led,0.46685082872928174,0.9509632224168126,Counter-led,0.5228426395939086,0.9656862745098039,Cascade-led,False,True,True
E02000535,Hounslow,7,5,-0.0742624618514751,False,0.521415270018622,0.7943786982248521,Cascade-led,0.5205223880597015,0.7928994082840237,Cascade-led,0.470873786407767,0.8373983739837398,Counter-led,False,True,True,0.5156599552572707,0.7525252525252525,Lateral,0.5173572228443449,0.7516835016835017,Symmetric,0.401894451962111,0.8336153412295544,Counter-led,True,True,True
E02000536,Hounslow,7,5,-0.1373346897253305,False,0.4917319408181027,0.7973629424011104,Symmetric,0.4913494809688581,0.8022206800832755,Symmetric,0.4636301835486064,0.8376993166287016,Counter-led,False,True,True,0.4566768603465851,0.7431818181818182,Lateral,0.45723014256619143,0.7439393939393939,Counter-led,0.4016794961511546,0.808715336728919,Counter-led,True,False,True
E02000537,Hounslow,9,8,-0.1790437436419124,False,0.5736040609137056,0.9010863350485993,Cascade-led,0.5742690058479533,0.9777015437392796,Cascade-led,0.5870936438622029,0.9814285714285714,Cascade-led,False,False,False,0.4914751667902149,0.8904290429042905,Symmetric,0.49562289562289563,0.9801980198019802,Symmetric,0.5558288243974422,0.9854580707707222,Cascade-led,False,True,True
E02000538,Hounslow,5,4,-0.0305188199389623,False,0.499054820415879,0.7251542152159013,Lateral,0.5243790248390064,0.7450308430431802,Cascade-led,0.4817470664928292,0.8048268625393494,Symmetric,True,True,True,0.4573234984193888,0.7266462480857581,Lateral,0.5396659707724426,0.7335375191424196,Lateral,0.43375,0.8213552361396304,Counter-led,False,True,True
E02000539,Hounslow,6,4,-0.0610376398779246,False,0.5097508125677139,0.8794664125774179,Symmetric,0.5134516313680595,0.8323010957598856,Symmetric,0.4828178694158075,0.8686567164179104,Symmetric,False,False,False,0.5276344878408253,0.8834635416666666,Cascade-led,0.5246913580246914,0.84375,Cascade-led,0.4352941176470588,0.8906605922551253,Counter-led,False,True,True
E02000540,Hounslow,7,5,-0.1759918616480162,False,0.4996186117467582,0.7517201834862385,Lateral,0.49885757806549885,0.7528669724770642,Symmetric,0.4823801270941652,0.8006475485661425,Symmetric,True,False,True,0.4615839243498817,0.7635379061371841,Lateral,0.4639479905437352,0.7635379061371841,Counter-led,0.4109647258818529,0.8178658324643726,Counter-led,True,False,True
E02000541,Hounslow,5,3,-0.0284842319430315,False,0.4404761904761904,0.7721602101116218,Lateral,0.4233900814211695,0.8870650032829941,Counter-led,0.399410029498525,0.9078735940010713,Counter-led,True,False,True,0.4699312714776632,0.7880839539607312,Counter-led,0.4705003734129948,0.906567366283006,Counter-led,0.4125913434513771,0.9280125195618153,Counter-led,False,False,False
E02000542,Hounslow,6,4,-0.1200406917599186,False,0.5200892857142857,0.8897715988083416,Cascade-led,0.5107825015403573,0.8058589870903674,Symmetric,0.4717923115327009,0.8366750208855472,Counter-led,True,True,True,0.4487632508833922,0.9065670048051254,Counter-led,0.4461942257217848,0.813667912439936,Counter-led,0.4077481840193704,0.8554266777133389,Counter-led,False,False,False
E02000543,Hounslow,7,5,-0.1627670396744658,False,0.5095969289827256,0.7715660866345798,Lateral,0.5098605098605099,0.7697149203998519,Symmetric,0.4801223241590214,0.8079061148857319,Symmetric,True,False,True,0.4492398234428642,0.7447041636230826,Lateral,0.45123152709359604,0.7414170927684441,Lateral,0.39453125,0.7990919409761634,Counter-led,False,True,True
E02000544,Hounslow,9,7,-0.1007121057985758,False,0.484167517875383,0.8625550660792951,Symmetric,0.4843173431734317,0.9550660792951542,Symmetric,0.5227436823104693,0.9644846796657381,Cascade-led,False,True,True,0.4848484848484848,0.8657921291624622,Symmetric,0.48250265111346763,0.9515640766902119,Symmetric,0.556385362210605,0.9653929343907715,Cascade-led,False,True,True
E02000545,Hounslow,5,3,-0.08646998982706,False,0.5212418300653595,0.8831168831168831,Cascade-led,0.511023622047244,0.9163059163059163,Symmetric,0.4833836858006042,0.9345002823263693,Symmetric,True,False,True,0.4730483271375464,0.8929460580912864,Counter-led,0.4908759124087591,0.9095435684647303,Symmetric,0.4165126309303758,0.937066974595843,Counter-led,True,True,False
E02000546,Hounslow,7,5,-0.1261444557477111,False,0.5298387096774193,0.7774294670846394,Lateral,0.5282714054927302,0.7761755485893417,Cascade-led,0.4889570552147239,0.8203321590337191,Symmetric,True,True,True,0.5109261186264308,0.7209302325581395,Lateral,0.5093167701863354,0.7246811702925732,Lateral,0.4128440366972477,0.8061278394083465,Counter-led,False,True,True
E02000547,Hounslow,5,4,0.0396744659206509,False,0.4870689655172414,0.656758669497523,Lateral,0.5061728395061729,0.6305732484076433,Lateral,0.4525925925925926,0.7211538461538461,Lateral,False,False,False,0.5967336683417085,0.6797608881298036,Lateral,0.5533175355450237,0.7207514944491887,Lateral,0.4260686755430974,0.8135689851767389,Counter-led,False,True,True
E02000548,Hounslow,5,3,-0.1139369277721261,False,0.582089552238806,0.6821818181818182,Lateral,0.5911330049261084,0.8858181818181818,Cascade-led,0.5390995260663507,0.9149051490514906,Cascade-led,True,False,True,0.5156695156695157,0.6358695652173914,Lateral,0.553125,0.8695652173913043,Cascade-led,0.428665785997358,0.9131483715319663,Counter-led,True,True,True
E02000549,Hounslow,6,4,-0.0874872838250254,False,0.4631093544137022,0.923919659160073,Counter-led,0.47610459873760147,0.674984783931832,Lateral,0.4230999401555954,0.7578231292517007,Counter-led,True,True,False,0.4814814814814814,0.8957345971563981,Symmetric,0.4587426326129666,0.6892349356804333,Lateral,0.3695771554091158,0.7986842105263158,Counter-led,True,True,True
E02000550,Hounslow,5,4,-0.1312309257375381,True,0.5179437439379243,0.7085910652920963,Lateral,0.4923234390992835,0.6714776632302405,Lateral,0.4223081882656351,0.7644159684573681,Counter-led,False,True,True,0.4836158192090395,0.7649092480553155,Lateral,0.43859649122807015,0.68971477960242,Lateral,0.3286195286195286,0.8053145336225597,Counter-led,False,True,True
E02000551,Hounslow,2,2,-0.0417090539165818,False,0.5110602593440122,0.9931818181818182,Symmetric,0.5060926076360682,0.9325757575757576,Symmetric,0.4671631685849695,0.9431673052362708,Counter-led,False,True,True,0.59436913451512,0.9726166328600404,Cascade-led,0.5918367346938775,0.9442190669371197,Cascade-led,0.4830699774266365,0.9602601156069365,Symmetric,False,True,True
E02000552,Hounslow,7,5,-0.0640895218718209,False,0.4384828862164662,0.9046025104602512,Counter-led,0.4376731301939058,0.906276150627615,Counter-led,0.4019933554817276,0.9416058394160584,Counter-led,False,False,False,0.420389461626575,0.879154078549849,Counter-led,0.42105263157894735,0.8801611278952669,Counter-led,0.3531941031941032,0.9318832283915284,Counter-led,False,False,False
E02000553,Hounslow,5,4,0.0203458799593082,False,0.5591054313099042,0.7825,Lateral,0.5324232081911263,0.7325,Cascade-led,0.4479905437352245,0.7981132075471699,Counter-led,True,True,True,0.5606936416184971,0.829073482428115,Cascade-led,0.5334728033472803,0.7635782747603834,Cascade-led,0.4106280193236715,0.8483606557377049,Counter-led,False,True,True
E02000554,Islington,1,1,-0.0233977619532044,False,0.4582857142857143,0.8816120906801007,Counter-led,0.461671469740634,0.8740554156171285,Counter-led,0.4823911028730306,0.8961794019933554,Symmetric,False,True,True,0.4716417910447761,0.8656330749354005,Counter-led,0.46799516908212563,0.8558139534883721,Counter-led,0.4268774703557312,0.8908450704225352,Counter-led,False,False,False
E02000555,Islington,3,2,0.0600203458799593,False,0.4569499155880698,0.8510536398467433,Counter-led,0.462436177972283,0.6566091954022989,Lateral,0.4704,0.7233796296296297,Lateral,True,False,True,0.4654450261780105,0.8809963099630996,Counter-led,0.46123260437375746,0.6960332103321033,Lateral,0.4448998178506375,0.7691768826619965,Lateral,True,False,True
E02000556,Islington,3,2,0.0274669379450661,False,0.4842625899280575,0.8323353293413174,Symmetric,0.4839061647572286,0.6860029940119761,Lateral,0.5084745762711864,0.7470605969249322,Lateral,True,False,True,0.5114367405289493,0.8437876960193004,Symmetric,0.511180679785331,0.6743063932448733,Lateral,0.518418688230009,0.7556008146639511,Lateral,True,False,True
E02000557,Islington,2,2,-0.0203458799593082,False,0.5035188739603327,0.8407746100053792,Symmetric,0.5122950819672131,0.656266810112964,Lateral,0.514320536258379,0.7197368421052631,Lateral,True,False,True,0.4762443438914027,0.8561743341404359,Counter-led,0.47312588401697314,0.6847457627118644,Lateral,0.4564025909317389,0.755079006772009,Lateral,True,False,True
E02000558,Islington,1,1,0.0020345879959308,False,0.4506949040370615,0.8220892274211099,Counter-led,0.45582329317269077,0.8128400435255713,Counter-led,0.4671016856987493,0.842418689876317,Counter-led,False,False,False,0.4766404199475065,0.8147989734816082,Counter-led,0.473432518597237,0.804961505560308,Counter-led,0.4467312348668281,0.8445807770961146,Counter-led,False,False,False
E02000559,Islington,4,3,0.1688708036622584,False,0.4854510184287099,0.8559568285595683,Symmetric,0.48148148148148145,0.7957658779576587,Symmetric,0.5166666666666667,0.842911877394636,Symmetric,False,False,False,0.4939637826961771,0.8572660629581716,Symmetric,0.4880174291938998,0.7917205692108668,Symmetric,0.4460629921259842,0.8402249421104863,Counter-led,False,True,True
E02000560,Islington,3,2,0.1007121057985757,False,0.5440362355309512,0.8296450939457203,Cascade-led,0.5308483290488432,0.649686847599165,Lateral,0.5710344827586207,0.7216323822163239,Lateral,True,False,True,0.4861426624261699,0.8432950191570882,Symmetric,0.45227698066126015,0.614176245210728,Lateral,0.4247311827956989,0.705985401459854,Lateral,True,False,True
E02000561,Islington,4,3,0.224821973550356,False,0.522075055187638,0.8878000979911808,Cascade-led,0.5209934949733885,0.828515433610975,Cascade-led,0.5369789332138055,0.8643936458736924,Cascade-led,False,False,False,0.4546035805626598,0.8555798687089715,Counter-led,0.4559726962457338,0.8014223194748359,Counter-led,0.4186376537369914,0.8534517561566412,Counter-led,False,False,False
E02000562,Islington,3,2,0.1332655137334689,False,0.4500306560392397,0.8684771033013845,Counter-led,0.4420529801324503,0.6432374866879659,Lateral,0.4629854368932038,0.7109577221742882,Lateral,True,False,True,0.4973333333333333,0.8766803039158387,Symmetric,0.47920433996383366,0.6464056107539451,Lateral,0.4139562389118864,0.7364982578397212,Lateral,True,False,True
E02000563,Islington,2,2,-0.0783316378433367,False,0.5030336458907887,0.818510158013544,Symmetric,0.4996481351161154,0.6415349887133183,Lateral,0.5129682997118156,0.7239221140472879,Lateral,True,False,True,0.4688940092165898,0.8286396181384248,Counter-led,0.4532947139753802,0.6591885441527446,Lateral,0.4330265848670757,0.7325842696629213,Lateral,True,False,True
E02000564,Islington,2,2,0.1322482197355035,False,0.4849325931800158,0.8241830065359477,Symmetric,0.503129513721714,0.6787581699346406,Lateral,0.5167068549776094,0.7470406587750901,Lateral,True,False,True,0.4921340629274965,0.8252893028506915,Symmetric,0.4888027562446167,0.655376799322608,Lateral,0.4675070028011204,0.7451471509079524,Lateral,True,False,True
E02000565,Islington,2,2,0.0874872838250254,False,0.448051948051948,0.7364505844845909,Lateral,0.45751633986928103,0.5690754516471839,Lateral,0.5095583388266315,0.6516323024054983,Lateral,False,False,False,0.5387374461979914,0.765934065934066,Lateral,0.5553555355535553,0.6104395604395605,Lateral,0.5159976730657359,0.7079901153212521,Lateral,False,False,False
E02000566,Islington,4,3,0.1800610376398779,False,0.5236151603498542,0.8618090452261307,Cascade-led,0.5095057034220533,0.792964824120603,Symmetric,0.5257683215130023,0.8369608231104076,Cascade-led,True,True,False,0.4832460732984293,0.8642533936651584,Symmetric,0.47693194925028837,0.7846153846153846,Counter-led,0.4545454545454545,0.8398923646148672,Counter-led,True,False,True
E02000567,Islington,2,2,0.0976602238046795,False,0.4609137055837563,0.7629744384198296,Lateral,0.47699757869249393,0.6398140975987606,Lateral,0.5022381378692927,0.7060682680151706,Lateral,False,False,False,0.4689146469968387,0.7839735646427096,Counter-led,0.4567901234567901,0.6356877323420075,Lateral,0.4250856164383562,0.72591671845867,Lateral,True,False,True
E02000568,Islington,1,1,0.0640895218718209,False,0.5035394053798962,0.8402061855670103,Symmetric,0.5076849183477425,0.8255352894528152,Symmetric,0.5177892918825562,0.8680659670164917,Symmetric,False,False,False,0.532168726033234,0.8249560632688928,Cascade-led,0.5322787516032492,0.8221441124780317,Cascade-led,0.5103030303030303,0.8670520231213873,Symmetric,False,True,True
E02000569,Islington,2,2,0.091556459816887,False,0.4685236768802228,0.8096526838069463,Counter-led,0.4857142857142857,0.6788452864230943,Lateral,0.4990029910269192,0.7380426784400295,Lateral,True,False,True,0.4714047751249306,0.8043769539973202,Counter-led,0.4755197853789403,0.6659222867351496,Lateral,0.447808404880253,0.7473826409996622,Lateral,True,False,True
E02000570,Islington,6,4,0.1159715157680569,False,0.4907275320970042,0.9219640508548882,Symmetric,0.49140401146131807,0.9180184129767646,Symmetric,0.5071929177425304,0.9354727398205659,Symmetric,False,False,False,0.5267727930535456,0.9279319606087736,Cascade-led,0.5257032007759457,0.9230080572963295,Cascade-led,0.4958438742320202,0.9414766927526369,Symmetric,False,True,True
E02000571,Islington,2,2,-0.0091556459816886,False,0.4728739002932551,0.8094955489614243,Counter-led,0.4876760563380282,0.6741839762611276,Lateral,0.4908015768725361,0.7349106711733462,Lateral,True,False,True,0.4695431472081218,0.788,Counter-led,0.47597597597597596,0.666,Lateral,0.4539337474120082,0.7430769230769231,Lateral,True,False,True
E02000572,Islington,1,1,-0.017293997965412,False,0.4980620155038759,0.8260405549626467,Symmetric,0.4846666666666667,0.80042689434365,Symmetric,0.5007767995857069,0.8377440347071583,Symmetric,False,False,False,0.5210864903502502,0.8437876960193004,Cascade-led,0.5204301075268817,0.8413751507840772,Cascade-led,0.5197710718002081,0.8796338672768879,Symmetric,False,True,True
E02000573,Islington,5,3,0.0620549338758901,False,0.5475543478260869,0.9242360820426956,Cascade-led,0.519339865910263,0.8116366680619506,Symmetric,0.5334872979214781,0.8523622047244095,Cascade-led,True,True,False,0.4671002295332823,0.9004478126076473,Counter-led,0.4665787159190853,0.7833275921460559,Counter-led,0.4729140722291407,0.8362405623535537,Counter-led,False,False,False
E02000574,Islington,4,3,0.0498474059003051,False,0.5384615384615384,0.9098516546215292,Cascade-led,0.5340909090909091,0.803347280334728,Cascade-led,0.5610714285714286,0.8441362677117877,Cascade-led,False,False,False,0.4834766862833861,0.920033319450229,Symmetric,0.4864032837352488,0.8117451062057476,Symmetric,0.4776119402985074,0.8643864386438644,Counter-led,False,True,True
E02000575,Islington,5,3,0.0335707019328586,True,0.6036866359447005,0.9200113058224986,Cascade-led,0.5998595998595999,0.8052572074618428,Cascade-led,0.6411889596602972,0.8601866883116883,Cascade-led,False,False,False,0.511830201809325,0.9023547880690738,Symmetric,0.5113904163393559,0.7993720565149136,Symmetric,0.5214463840399003,0.8625510862551087,Cascade-led,False,True,True
E02000576,Islington,3,2,0.0457782299084435,False,0.5212435233160622,0.9001865671641791,Cascade-led,0.5225169648365207,0.7560634328358209,Cascade-led,0.5733091239219247,0.8081438004402054,Cascade-led,False,False,False,0.4857808857808858,0.8918918918918919,Symmetric,0.49972051425377306,0.7438669438669439,Symmetric,0.5107000362713094,0.8173732582270975,Symmetric,False,False,False
E02000577,Kensington and Chelsea,1,1,-0.0274669379450661,False,0.4539748953974895,0.8901303538175046,Counter-led,0.44820295983086683,0.8808193668528864,Counter-led,0.4654545454545454,0.8957654723127035,Counter-led,False,False,False,0.4630434782608695,0.8923375363724539,Counter-led,0.4632272228320527,0.88360814742968,Counter-led,0.4566801619433198,0.9114391143911439,Counter-led,False,False,False
E02000578,Kensington and Chelsea,2,2,-0.1017293997965411,False,0.4454828660436137,0.8025,Counter-led,0.45193929173693087,0.74125,Counter-led,0.4385245901639344,0.7795527156549521,Counter-led,False,False,False,0.462,0.8291873963515755,Counter-led,0.4752688172043011,0.7711442786069652,Counter-led,0.4157650695517774,0.824203821656051,Counter-led,False,False,False
E02000579,Kensington and Chelsea,2,2,0.0274669379450661,False,0.4628921193573068,0.803318992009834,Counter-led,0.4730639730639731,0.7301782421634911,Counter-led,0.494996664442962,0.7734778121775026,Symmetric,False,True,True,0.4713322091062394,0.8207612456747405,Counter-led,0.446480231436837,0.7176470588235294,Lateral,0.4128137384412153,0.7877211238293444,Counter-led,True,True,False
E02000580,Kensington and Chelsea,2,2,-0.0640895218718209,False,0.5198019801980198,0.8407908428720083,Symmetric,0.5170157068062827,0.7950052029136316,Symmetric,0.5261723009814613,0.8231597845601436,Cascade-led,False,True,True,0.5143560295324036,0.8518518518518519,Symmetric,0.5174216027874564,0.8022361984626135,Symmetric,0.5,0.8400226116449971,Symmetric,False,False,False
E02000581,Kensington and Chelsea,2,2,-0.1078331637843336,False,0.441588785046729,0.7970204841713222,Counter-led,0.4619354838709677,0.7216014897579144,Lateral,0.4608433734939759,0.7691119691119691,Counter-led,True,True,False,0.4654178674351585,0.7824126268320181,Lateral,0.465818759936407,0.7091319052987599,Lateral,0.46875,0.7700534759358288,Lateral,False,False,False
E02000582,Kensington and Chelsea,7,5,-0.0274669379450661,False,0.5562347188264058,0.80990099009901,Cascade-led,0.546112115732369,0.8212871287128712,Cascade-led,0.5481481481481482,0.85680285600952,Cascade-led,False,False,False,0.4776437189496096,0.814921920185078,Counter-led,0.48114525139664804,0.8282244071717756,Symmetric,0.4571135079609656,0.8676470588235294,Counter-led,True,True,False
E02000583,Kensington and Chelsea,7,5,-0.017293997965412,False,0.5181543116490166,0.7930413917216557,Symmetric,0.5191873589164786,0.7972405518896221,Symmetric,0.5054566341183228,0.8374218374218374,Symmetric,False,False,False,0.5026737967914439,0.848714069591528,Symmetric,0.49502262443438916,0.8358547655068078,Symmetric,0.4416243654822335,0.8789737869492471,Counter-led,False,True,True
E02000584,Kensington and Chelsea,9,7,-0.005086469989827,False,0.5281124497991968,0.8469387755102041,Cascade-led,0.5251322751322751,0.8571428571428571,Cascade-led,0.5324881141045958,0.8825174825174825,Cascade-led,False,False,False,0.501067615658363,0.8770287141073658,Symmetric,0.5212298682284041,0.8526841448189763,Cascade-led,0.5400560224089636,0.8832261256803563,Cascade-led,True,False,True
E02000585,Kensington and Chelsea,7,5,0.0284842319430316,False,0.4941419710544452,0.8079064587973274,Symmetric,0.5013661202185792,0.8151447661469933,Symmetric,0.4896221394358701,0.8498417005879693,Symmetric,False,False,False,0.5089285714285714,0.8670967741935484,Symmetric,0.5051244509516838,0.8812903225806452,Symmetric,0.469989281886388,0.9102439024390244,Counter-led,False,True,True
E02000586,Kensington and Chelsea,9,8,0.0203458799593081,False,0.5860349127182045,0.7767554479418887,Lateral,0.5877903835764452,0.8963680387409201,Cascade-led,0.5670810115730819,0.9159795838241068,Cascade-led,True,False,True,0.4939341421143847,0.7765814266487214,Lateral,0.505223880597015,0.901749663526245,Symmetric,0.5318181818181819,0.9233997901364114,Cascade-led,True,True,True
E02000587,Kensington and Chelsea,8,7,0.0274669379450661,False,0.557161629434954,0.8968768414849735,Cascade-led,0.5507142857142857,0.8249852681202121,Cascade-led,0.5525139664804469,0.8576904647819837,Cascade-led,False,False,False,0.4804741980474198,0.9030226700251888,Symmetric,0.4862119013062409,0.8677581863979849,Symmetric,0.5317286652078774,0.8969578017664377,Cascade-led,False,True,True
E02000588,Kensington and Chelsea,9,8,-0.0356052899287894,False,0.4775900073475386,0.754016620498615,Lateral,0.48217757615035645,0.8548476454293629,Symmetric,0.4602109300095877,0.8884156729131175,Counter-led,True,True,True,0.4485294117647059,0.768361581920904,Lateral,0.46178600160901045,0.8778248587570622,Counter-led,0.5002985074626866,0.9063852813852814,Symmetric,True,True,True
E02000589,Kensington and Chelsea,7,6,-0.0457782299084436,False,0.6003498032356799,0.8867778208607987,Cascade-led,0.5914110429447853,0.948041876696394,Cascade-led,0.5914110429447853,0.8050707935462628,Cascade-led,False,False,False,0.4936900555275114,0.8773250664304695,Symmetric,0.49292452830188677,0.9388839681133747,Symmetric,0.4929245283018867,0.7544483985765125,Lateral,False,True,True
E02000590,Kensington and Chelsea,7,5,-0.1281790437436419,False,0.5071267816954238,0.8792875989445911,Symmetric,0.4960231381055676,0.912269129287599,Symmetric,0.5031374786081004,0.9294803817603393,Symmetric,False,False,False,0.4464127546501328,0.8488721804511278,Counter-led,0.4523809523809524,0.8842105263157894,Counter-led,0.4678595096090125,0.9073962717979555,Counter-led,False,False,False
E02000591,Kensington and Chelsea,4,3,-0.1149542217700915,False,0.5296961325966851,0.9427083333333334,Cascade-led,0.5351390922401171,0.8893229166666666,Cascade-led,0.5478312537136066,0.908256880733945,Cascade-led,False,False,False,0.4989953114534494,0.9431459254579913,Symmetric,0.4972260748959778,0.9109286165508528,Symmetric,0.4916294642857143,0.9270563890325918,Symmetric,False,False,False
E02000592,Kensington and Chelsea,9,7,0.0091556459816887,False,0.5783817951959545,0.8010126582278481,Cascade-led,0.5776435045317221,0.8379746835443038,Cascade-led,0.5508515815085158,0.8652631578947368,Cascade-led,False,False,False,0.5138576779026217,0.7922848664688428,Symmetric,0.5219150370869858,0.8801186943620178,Cascade-led,0.5231243576567317,0.9059590316573557,Cascade-led,True,False,True
E02000593,Kensington and Chelsea,6,4,0.0661241098677518,False,0.5171489817792069,0.8898426323319027,Symmetric,0.5186629526462395,0.8559847401049118,Symmetric,0.5244590780809031,0.8756177924217463,Cascade-led,False,True,True,0.4839934888768312,0.8552204176334107,Symmetric,0.48584371460928655,0.8194895591647332,Symmetric,0.4804910127137221,0.8543071161048689,Symmetric,False,False,False
E02000594,Kensington and Chelsea,8,7,0.0010172939979653,False,0.5645302897278315,0.806657223796034,Cascade-led,0.5682382133995038,0.8562322946175638,Cascade-led,0.5408467501490757,0.8920212765957447,Cascade-led,False,False,False,0.4965277777777778,0.8205128205128205,Symmetric,0.5027322404371585,0.8689458689458689,Symmetric,0.5302613480055021,0.9133165829145728,Cascade-led,False,True,True
E02000595,Kensington and Chelsea,8,6,-0.0498474059003052,False,0.4916387959866221,0.7889182058047494,Symmetric,0.4813248766737139,0.9360158311345647,Symmetric,0.4813248766737139,0.7098549274637319,Lateral,False,True,True,0.5109938434476693,0.8035335689045936,Symmetric,0.514525993883792,0.9243816254416961,Symmetric,0.514525993883792,0.6931637519872814,Lateral,False,True,True
E02000596,Kensington and Chelsea,8,7,0.0244150559511698,False,0.5850487540628385,0.8429223744292238,Cascade-led,0.5723336853220697,0.8648401826484018,Cascade-led,0.495398773006135,0.8980716253443526,Symmetric,False,True,True,0.5233706385780118,0.8495525727069351,Cascade-led,0.532258064516129,0.8668903803131991,Cascade-led,0.5392392874337988,0.8971922246220302,Cascade-led,False,False,False
E02000597,Kensington and Chelsea,4,3,-0.2065106815869786,False,0.5144404332129964,0.9248747913188649,Symmetric,0.5230326295585412,0.8697829716193656,Cascade-led,0.5250181290790428,0.898371335504886,Cascade-led,True,False,True,0.4694104560622914,0.9239465570400822,Counter-led,0.476303317535545,0.8674203494347379,Counter-led,0.4472103004291845,0.9003091190108191,Counter-led,False,False,False
E02000598,Kingston upon Thames,10,10,0.0040691759918617,False,0.4762741652021089,0.6855421686746987,Lateral,0.48284625158831,0.9481927710843373,Symmetric,0.5371142618849041,0.965378421900161,Cascade-led,True,True,True,0.4435797665369649,0.6772068511198946,Lateral,0.42213114754098363,0.9644268774703557,Counter-led,0.5599329421626152,0.9778688524590164,Cascade-led,True,True,True
E02000599,Kingston upon Thames,10,9,0.0020345879959308,True,0.5122235157159488,0.6861022364217252,Lateral,0.5225464190981433,0.9033546325878594,Cascade-led,0.4966923925027563,0.937467700258398,Symmetric,True,True,True,0.6074313408723748,0.6742919389978214,Lateral,0.5831325301204819,0.9041394335511983,Cascade-led,0.6250974279033515,0.9358132749817651,Cascade-led,True,False,True
E02000600,Kingston upon Thames,10,8,0.0162767039674466,False,0.456221198156682,0.7026443604964921,Lateral,0.48656294200848654,0.763086886130599,Symmetric,0.4808716707021792,0.8246805111821086,Symmetric,True,False,True,0.4661810613943808,0.7220135236664162,Lateral,0.48782771535580527,0.8024042073628851,Symmetric,0.5437308868501529,0.8614330874604847,Cascade-led,True,True,True
E02000601,Kingston upon Thames,9,8,0.0345879959308239,False,0.4625492772667542,0.7825192802056555,Counter-led,0.4442090395480226,0.7280205655526992,Lateral,0.4858125537403267,0.8147110332749562,Symmetric,True,True,True,0.4007722007722007,0.7925336597307222,Counter-led,0.40984908657664815,0.7705018359853121,Counter-led,0.5393309222423146,0.8550444530344028,Cascade-led,False,True,True
E02000602,Kingston upon Thames,6,4,0.0284842319430315,False,0.5428441203281678,0.965669014084507,Cascade-led,0.5447830101569714,0.9533450704225352,Cascade-led,0.5458262350936968,0.96514304505097,Cascade-led,False,False,False,0.5030927835051546,0.9537856440511308,Symmetric,0.5033871808233454,0.9434611602753196,Symmetric,0.4939634356674715,0.9618447246184473,Symmetric,False,False,False
E02000603,Kingston upon Thames,8,6,-0.0935910478128179,False,0.483249581239531,0.8937125748502994,Symmetric,0.4815100154083205,0.9715568862275449,Symmetric,0.4815100154083205,0.7502890173410405,Lateral,False,True,True,0.4618025751072961,0.934242181234964,Counter-led,0.460840890354493,0.9727345629510826,Counter-led,0.460840890354493,0.7044134727061556,Lateral,False,True,True
E02000604,Kingston upon Thames,10,9,-0.0742624618514751,False,0.486784140969163,0.6416961130742049,Lateral,0.4752475247524752,0.7851590106007067,Counter-led,0.513738019169329,0.8373461744248261,Symmetric,True,True,True,0.4754285714285714,0.6767208043310131,Lateral,0.476056338028169,0.8236658932714617,Counter-led,0.5603557814485387,0.8734739178690344,Cascade-led,True,True,True
E02000605,Kingston upon Thames,10,9,-0.0935910478128179,False,0.4397759103641456,0.5876543209876544,Lateral,0.48148148148148145,0.7555555555555555,Symmetric,0.549663928304705,0.8184596577017115,Cascade-led,True,True,True,0.4554621848739495,0.609007164790174,Lateral,0.4873501997336884,0.7686796315250768,Symmetric,0.5764802631578947,0.8432732316227461,Cascade-led,True,True,True
E02000606,Kingston upon Thames,9,8,0.0193285859613427,False,0.5239477503628447,0.7069083447332422,Lateral,0.48052497883149875,0.8077975376196991,Symmetric,0.4889374487844851,0.866919251716789,Symmetric,True,False,True,0.5264008620689655,0.7394422310756972,Lateral,0.4944038929440389,0.8187250996015937,Symmetric,0.5297058823529411,0.8819714656290532,Cascade-led,True,True,True
E02000607,Kingston upon Thames,10,9,0.0152594099694811,False,0.5855263157894737,0.8336380255941499,Cascade-led,0.5886200130804448,0.9317489335770871,Cascade-led,0.495253164556962,0.9575757575757575,Symmetric,False,True,True,0.5115633672525439,0.8201820940819423,Symmetric,0.5,0.9195751138088012,Symmetric,0.5025588536335721,0.9485436893203884,Symmetric,False,False,False
E02000608,Kingston upon Thames,9,7,-0.0040691759918616,False,0.4935593220338983,0.6641152633948672,Lateral,0.444326052210975,0.845114813147231,Counter-led,0.4109102646868948,0.9000581057524695,Counter-led,True,False,True,0.4653979238754325,0.7175667287399131,Lateral,0.43064633260711693,0.8547486033519553,Counter-led,0.4826446280991736,0.9118311981914092,Symmetric,True,True,True
E02000609,Kingston upon Thames,9,7,-0.0508646998982705,True,0.4985754985754986,0.8347205707491082,Symmetric,0.5020297699594046,0.8787158145065398,Symmetric,0.5566311713455954,0.9101321585903084,Cascade-led,False,True,True,0.5211726384364821,0.8015665796344648,Cascade-led,0.5294985250737463,0.8851174934725848,Cascade-led,0.6138888888888889,0.9246575342465754,Cascade-led,False,False,False
E02000610,Kingston upon Thames,8,7,-0.0528992878942015,False,0.5203969128996693,0.909729187562688,Cascade-led,0.49660703269586676,0.8129388164493481,Symmetric,0.5100433241433635,0.8719093406593407,Symmetric,True,False,True,0.4996108949416342,0.9198282032927704,Symmetric,0.4828797190517998,0.8153185397279885,Symmetric,0.5412892914224827,0.8791569086651054,Cascade-led,False,True,True
E02000611,Kingston upon Thames,10,10,-0.0061037639877925,False,0.5401069518716578,0.7674418604651163,Lateral,0.5301724137931034,0.9521203830369357,Cascade-led,0.5838150289017341,0.967381174277726,Cascade-led,True,False,True,0.3604060913705584,0.7476280834914611,Lateral,0.3629032258064516,0.9411764705882353,Counter-led,0.5535714285714286,0.9665587918015103,Cascade-led,True,True,True
E02000612,Kingston upon Thames,10,9,-0.0406917599186164,False,0.4933993399339934,0.6703539823008849,Lateral,0.5047361299052774,0.8174778761061947,Symmetric,0.5793515358361775,0.8765893792071803,Cascade-led,True,True,True,0.4589614740368509,0.6869965477560415,Lateral,0.47960618846694797,0.8181818181818182,Counter-led,0.5841750841750841,0.8826151560178306,Cascade-led,True,True,True
E02000613,Kingston upon Thames,9,8,-0.0295015259409969,False,0.4470588235294118,0.6296296296296297,Lateral,0.45589798087141337,0.7744855967078189,Counter-led,0.4921036007580543,0.8524501884760366,Symmetric,True,True,True,0.4072327044025157,0.6780383795309168,Lateral,0.3967254408060453,0.8464818763326226,Counter-led,0.5477941176470589,0.9042553191489362,Cascade-led,True,True,True
E02000614,Kingston upon Thames,9,7,-0.0996948118006103,True,0.5212201591511937,0.6762331838565022,Lateral,0.4884526558891455,0.7766816143497758,Symmetric,0.5257494235203689,0.8393548387096774,Cascade-led,True,True,True,0.5224312590448625,0.685515873015873,Lateral,0.518925518925519,0.8125,Symmetric,0.6122448979591837,0.8789237668161435,Cascade-led,True,True,True
E02000615,Kingston upon Thames,9,8,-0.0254323499491352,False,0.4765342960288808,0.7204161248374512,Lateral,0.45555555555555555,0.8192457737321196,Counter-led,0.534816247582205,0.8815004262574595,Cascade-led,True,True,True,0.4909090909090909,0.7236842105263158,Lateral,0.43717728055077454,0.8494152046783626,Counter-led,0.5451127819548872,0.9117395029991431,Cascade-led,True,True,True
E02000616,Kingston upon Thames,10,9,-0.0335707019328586,False,0.5062344139650873,0.7972166998011928,Symmetric,0.49547511312217196,0.878727634194831,Symmetric,0.5730622617534943,0.9280660377358491,Cascade-led,False,True,True,0.3578680203045685,0.8057259713701431,Counter-led,0.37850467289719625,0.8752556237218814,Counter-led,0.5633484162895928,0.9354497354497354,Cascade-led,False,True,True
E02000617,Kingston upon Thames,8,7,-0.1057985757884028,False,0.5892053973013494,0.8639896373056994,Cascade-led,0.5714285714285714,0.7979274611398963,Cascade-led,0.5906593406593407,0.875,Cascade-led,False,False,False,0.5176056338028169,0.9044585987261148,Symmetric,0.4990512333965844,0.839171974522293,Symmetric,0.5906886517943744,0.9107773851590106,Cascade-led,False,True,True
E02000619,Lambeth,3,2,0.034587995930824,False,0.4576737783895389,0.8592548787699587,Counter-led,0.4693200663349917,0.7131874630396215,Lateral,0.5052115266707541,0.7707939508506616,Symmetric,True,True,True,0.4838709677419355,0.8410094637223975,Symmetric,0.48741007194244607,0.701577287066246,Lateral,0.4372446001167542,0.783623055809698,Counter-led,True,True,True
E02000620,Lambeth,4,3,0.0233977619532044,False,0.4766893661602933,0.8435704816615113,Counter-led,0.4834636199639206,0.7348652231551038,Symmetric,0.5265251989389921,0.790356394129979,Cascade-led,True,True,True,0.4822834645669291,0.8706083976006855,Symmetric,0.4900662251655629,0.7763496143958869,Symmetric,0.4691358024691358,0.8366197183098592,Counter-led,False,True,True
E02000621,Lambeth,5,3,-0.0895218718209562,False,0.4745019920318725,0.843981170141224,Counter-led,0.4964253798033959,0.7525218560860794,Symmetric,0.5264755480607083,0.80113482842475,Cascade-led,True,True,True,0.48711943793911,0.8663454222673092,Symmetric,0.4740152267461106,0.7661678924676643,Counter-led,0.4791436768925182,0.8309187603154227,Counter-led,True,False,True
E02000622,Lambeth,4,3,0.0752797558494404,False,0.5144968732234224,0.8297169811320755,Symmetric,0.5276872964169381,0.7240566037735849,Lateral,0.5605711653615846,0.7877358490566038,Cascade-led,True,True,True,0.5074127211860354,0.8520782396088019,Symmetric,0.5002767017155506,0.7363488182559087,Lateral,0.4844859813084112,0.8052378085490668,Symmetric,True,True,False
E02000623,Lambeth,3,2,0.0,False,0.4902108433734939,0.83,Symmetric,0.4687782805429864,0.690625,Lateral,0.4867573371510379,0.7383720930232558,Lateral,True,False,True,0.4886524822695035,0.8377896613190731,Symmetric,0.4704370179948586,0.6934046345811051,Lateral,0.4539987973541792,0.763194125745755,Lateral,True,False,True
E02000624,Lambeth,2,2,0.0406917599186164,False,0.4984930681133213,0.853834276891405,Symmetric,0.48713951675759937,0.6603190941842512,Lateral,0.5266781411359724,0.7253433208489388,Lateral,True,False,True,0.483577564426478,0.8695079086115993,Symmetric,0.4717887154861945,0.7319859402460457,Lateral,0.4570590699622958,0.7964631297964632,Counter-led,True,True,True
E02000625,Lambeth,3,2,-0.08646998982706,False,0.4372647427854454,0.8263348885432866,Counter-led,0.42889733840304184,0.6817003628823225,Lateral,0.4647641234711706,0.7365937365937366,Lateral,True,False,True,0.4606192286800651,0.850739371534196,Counter-led,0.45442536327608984,0.699630314232902,Lateral,0.4470695138573375,0.7720098211153981,Lateral,True,False,True
E02000626,Lambeth,2,2,-0.0528992878942014,False,0.4661870503597122,0.7915717539863326,Counter-led,0.4749763928234183,0.6030751708428246,Lateral,0.4985337243401759,0.6618146530810286,Lateral,True,False,True,0.4374453193350831,0.8373626373626374,Counter-led,0.4319148936170213,0.6886446886446886,Lateral,0.4348153730218538,0.757420091324201,Lateral,True,False,True
E02000627,Lambeth,4,3,-0.0895218718209562,False,0.4788461538461538,0.890106128038343,Counter-led,0.471889400921659,0.7428962684012325,Counter-led,0.5330620549338759,0.797027027027027,Cascade-led,False,True,True,0.4843363561417972,0.8773960216998191,Symmetric,0.49590755897929706,0.7511754068716094,Symmetric,0.4948220064724919,0.8178930651138169,Symmetric,False,False,False
E02000628,Lambeth,2,2,-0.0762970498474059,False,0.4154929577464789,0.8105864037363778,Counter-led,0.4237012987012987,0.6393357550596782,Lateral,0.4643082754264055,0.6949078138718174,Lateral,True,False,True,0.4736355226641998,0.833140655105973,Counter-led,0.5028835063437139,0.6682080924855491,Lateral,0.5026178010471204,0.7425239234449761,Lateral,True,False,True
E02000629,Lambeth,5,3,0.0406917599186165,False,0.4441974210760337,0.8470809792843691,Counter-led,0.43852855759922554,0.7781544256120527,Counter-led,0.5043237634036666,0.8307471264367816,Symmetric,False,True,True,0.4872997264556467,0.8376432078559738,Symmetric,0.48573825503355705,0.7803600654664484,Symmetric,0.4889076102218478,0.8414461247637051,Symmetric,False,False,False
E02000630,Lambeth,5,3,0.0935910478128179,False,0.4884135472370766,0.8209756097560975,Symmetric,0.46496815286624205,0.7658536585365854,Counter-led,0.5095978062157221,0.8200899550224887,Symmetric,True,True,False,0.4703579418344519,0.8312412831241283,Counter-led,0.4494447691408533,0.7954439795443979,Counter-led,0.4658454647256439,0.8589291439563963,Counter-led,False,False,False
E02000631,Lambeth,5,4,0.1190233977619532,False,0.4913294797687861,0.7860063607451159,Symmetric,0.4988986784140969,0.8250795093139482,Symmetric,0.5080372250423012,0.85994907238996,Symmetric,False,False,False,0.5046838407494145,0.7911069939786939,Symmetric,0.5145046524356869,0.8462251042149143,Symmetric,0.4780487804878048,0.8810888252148997,Counter-led,False,True,True
E02000632,Lambeth,6,4,-0.1047812817904375,False,0.5171986365044934,0.9029099048684948,Symmetric,0.5055467511885895,0.88276440962507,Symmetric,0.5633932687874597,0.9119192768551608,Cascade-led,False,True,True,0.514646754738656,0.8826362484157161,Symmetric,0.4985242030696576,0.858808618504436,Symmetric,0.5111245954692557,0.898745682603163,Symmetric,False,False,False
E02000633,Lambeth,2,2,0.0213631739572736,False,0.4862907397827211,0.853045013239188,Symmetric,0.4876943005181347,0.6813768755516328,Lateral,0.5035750766087844,0.7305970149253731,Lateral,True,False,True,0.4510739856801909,0.8624948538493207,Counter-led,0.45369831100757135,0.706875257307534,Lateral,0.449438202247191,0.7777777777777778,Lateral,True,False,True
E02000634,Lambeth,3,2,-0.0559511698880976,False,0.4770808202653799,0.8800424628450106,Counter-led,0.4667114996637525,0.7892781316348195,Counter-led,0.5307427447122479,0.8366255144032921,Cascade-led,False,True,True,0.4446978335233751,0.8774387193596799,Counter-led,0.437946718648473,0.7698849424712356,Counter-led,0.4719527625474483,0.8375132462027552,Counter-led,False,False,False
E02000635,Lambeth,3,2,0.0742624618514751,False,0.4687814702920443,0.8523605150214593,Counter-led,0.4644403215831787,0.6939914163090128,Lateral,0.4835266821345708,0.75139470013947,Lateral,True,False,True,0.4463863958431743,0.8809821057012068,Counter-led,0.44819690898683456,0.7270079067831877,Lateral,0.4287956061200471,0.7953198127925117,Counter-led,True,True,False
E02000636,Lambeth,7,5,0.0590030518819938,False,0.5036425449247207,0.930411206507004,Symmetric,0.503725782414307,0.9096249435155896,Symmetric,0.5174311926605505,0.9316239316239316,Symmetric,False,False,False,0.4965229485396384,0.9265463917525774,Symmetric,0.49263657957244655,0.9042096219931272,Symmetric,0.4853782581055308,0.9338082517067379,Symmetric,False,False,False
E02000637,Lambeth,5,3,0.0498474059003051,False,0.5327978580990629,0.8462990936555891,Cascade-led,0.524822695035461,0.7987160120845922,Cascade-led,0.5491624180626365,0.8374504422079903,Cascade-led,False,False,False,0.4961866307761328,0.8420853796751039,Symmetric,0.47650688182249645,0.7959954665659237,Counter-led,0.4664204163868368,0.8465036952814099,Counter-led,True,False,True
E02000638,Lambeth,3,2,0.1464903357070193,False,0.4769953051643192,0.8265424912689173,Counter-led,0.48081264108352145,0.6876212650368646,Lateral,0.5060096153846154,0.7561345046955468,Symmetric,True,True,True,0.4506172839506173,0.8535300316122234,Counter-led,0.4596813133751811,0.7274323849666315,Lateral,0.4693537641572285,0.7946003176283748,Counter-led,True,True,False
E02000639,Lambeth,3,2,0.0335707019328585,False,0.4685638649900728,0.8220892274211099,Counter-led,0.4754625905068383,0.676278563656148,Lateral,0.492258064516129,0.7226107226107226,Lateral,True,False,True,0.4880883207437536,0.8515586343394359,Symmetric,0.4833110814419226,0.7412172191984167,Lateral,0.4609218436873747,0.7923779277491068,Counter-led,True,True,True
E02000640,Lambeth,6,4,0.091556459816887,False,0.5332111772789739,0.8749498997995993,Cascade-led,0.5263667150459603,0.8284569138276553,Cascade-led,0.5411224849982351,0.8687519165900031,Cascade-led,False,False,False,0.49,0.8896077638495754,Symmetric,0.4783875667799903,0.8325919935301254,Counter-led,0.4498269896193771,0.8847759532424158,Counter-led,True,False,True
E02000641,Lambeth,2,2,-0.0376398779247202,False,0.4706303724928367,0.8097447795823666,Counter-led,0.4554730983302412,0.6252900232018561,Lateral,0.452415812591508,0.6789264413518886,Lateral,True,False,True,0.4244495064540622,0.8540856031128404,Counter-led,0.40593141797961074,0.6997405966277561,Lateral,0.3901098901098901,0.7587285044293903,Lateral,True,False,True
E02000642,Lambeth,5,4,-0.0905391658189216,False,0.4904918032786885,0.7475490196078431,Lateral,0.47141190198366395,0.8401960784313726,Counter-led,0.459915611814346,0.8674257828385522,Counter-led,True,False,True,0.4668965517241379,0.7745726495726496,Lateral,0.477228992944195,0.8327991452991453,Counter-led,0.4221218961625282,0.8761867088607594,Counter-led,True,False,True
E02000643,Lambeth,4,3,0.069175991861648,False,0.4860557768924303,0.9012567324955116,Symmetric,0.47967000589275194,0.7616696588868941,Counter-led,0.4766519823788546,0.8104248482684755,Counter-led,True,False,True,0.5056179775280899,0.8796046720575023,Symmetric,0.5043630017452007,0.7722371967654986,Symmetric,0.4585726004922067,0.8278438030560271,Counter-led,False,True,True
E02000644,Lambeth,5,3,0.0701932858596133,False,0.4446601941747573,0.741718674987998,Lateral,0.45265888456549935,0.7402784445511282,Counter-led,0.4483985765124555,0.7842902711323764,Counter-led,True,False,True,0.4756554307116105,0.7453936348408711,Lateral,0.47099236641221376,0.7314349525404802,Lateral,0.41792656587473,0.7938276896699529,Counter-led,False,True,True
E02000645,Lambeth,5,3,0.0010172939979654,False,0.4841516469857054,0.7186243858865565,Lateral,0.486502699460108,0.7445288075033497,Symmetric,0.4733893557422969,0.789240972733972,Counter-led,True,True,True,0.5018129079042785,0.7182291666666667,Lateral,0.49474421864050455,0.7432291666666667,Symmetric,0.4156976744186046,0.8071959327336723,Counter-led,True,True,True
E02000646,Lambeth,5,4,0.103763987792472,False,0.5005122950819673,0.7874142799515934,Symmetric,0.4939195509822264,0.8624445340863252,Symmetric,0.5105696882837693,0.8911238825031929,Symmetric,False,False,False,0.5071315372424723,0.8096663815226689,Symmetric,0.4957894736842105,0.8126603934987169,Symmetric,0.4352409638554217,0.8584356819650937,Counter-led,False,True,True
E02000647,Lambeth,5,4,0.0630722278738554,False,0.479489516864175,0.7118754055807917,Lateral,0.475098814229249,0.8208955223880597,Counter-led,0.4680215182307232,0.8583889173935352,Counter-led,True,False,True,0.492156862745098,0.710801393728223,Lateral,0.455470737913486,0.821602787456446,Counter-led,0.4092307692307692,0.8639021796916534,Counter-led,True,False,True
E02000648,Lambeth,2,2,-0.0417090539165818,False,0.5277088502894954,0.8754525706010138,Cascade-led,0.5081466395112016,0.7110789283128168,Lateral,0.4965870307167235,0.7460216422660726,Lateral,True,False,True,0.5131428571428571,0.875,Symmetric,0.5364145658263305,0.714,Lateral,0.4165898617511521,0.7913931436907367,Counter-led,True,True,True
E02000649,Lambeth,3,2,0.1414038657171922,False,0.5057929036929761,0.8892466194462331,Symmetric,0.5040032025620497,0.8042498390212492,Symmetric,0.5064485687323057,0.8394507525745973,Symmetric,False,False,False,0.4874551971326165,0.886558627264061,Symmetric,0.48612786489746684,0.7902764537654909,Symmetric,0.4377771208986107,0.8367548849863963,Counter-led,False,True,True
E02000650,Lambeth,4,3,-0.1515768056968464,False,0.5051020408163265,0.8490974729241877,Symmetric,0.47746781115879827,0.6729241877256318,Lateral,0.448605577689243,0.7347775175644028,Lateral,True,False,True,0.4885736800630417,0.8499665103817816,Symmetric,0.47427502338634236,0.7160080375083724,Lateral,0.380716934487021,0.7923604309500489,Counter-led,True,True,True
E02000651,Lambeth,5,3,0.08646998982706,False,0.4434030281182408,0.771412680756396,Lateral,0.4375907111756168,0.7664071190211346,Counter-led,0.4457627118644068,0.8082191780821918,Counter-led,True,False,True,0.4787556904400607,0.7400336889387984,Lateral,0.45663082437275987,0.7832678270634476,Counter-led,0.4122383252818035,0.8283681636282793,Counter-led,True,False,True
E02000652,Lambeth,5,4,0.0834181078331638,False,0.4504950495049505,0.7680608365019012,Lateral,0.4684772065955383,0.7840304182509505,Counter-led,0.4595709570957095,0.8101604278074866,Counter-led,True,False,True,0.4275286757038581,0.7388289676425269,Lateral,0.41635338345864664,0.8197226502311248,Counter-led,0.3906581740976645,0.8579234972677595,Counter-led,True,False,True
E02000653,Lewisham,2,2,0.1119023397761952,False,0.504418762746431,0.8396118721461188,Symmetric,0.5060144346431436,0.71175799086758,Lateral,0.508284023668639,0.7699316628701595,Symmetric,True,True,False,0.4777486910994764,0.8420279206465834,Counter-led,0.4648101265822785,0.7255694342395298,Lateral,0.4282807731434384,0.7978896103896104,Counter-led,True,True,False
E02000654,Lewisham,2,2,-0.0233977619532044,False,0.4862012987012987,0.8213333333333334,Symmetric,0.4931937172774869,0.6366666666666667,Lateral,0.5130434782608696,0.6988950276243094,Lateral,True,False,True,0.4893778452200303,0.8536269430051814,Symmetric,0.4902143522833178,0.6949481865284974,Lateral,0.4382239382239382,0.7674074074074074,Lateral,True,False,True
E02000655,Lewisham,4,3,-0.1658189216683621,False,0.4918918918918919,0.7905982905982906,Symmetric,0.5006369426751592,0.7454890788224121,Symmetric,0.5284749034749034,0.7944785276073619,Cascade-led,False,True,True,0.4635241301907968,0.7757945145842403,Lateral,0.46650573325286665,0.7213757074444929,Lateral,0.4463625154130702,0.7917344614383339,Counter-led,False,True,True
E02000657,Lewisham,4,3,0.0040691759918616,True,0.5342323651452282,0.7278218195545488,Lateral,0.5462603878116343,0.6813892034730087,Lateral,0.6,0.7535046728971962,Cascade-led,False,True,True,0.4818464730290456,0.756078431372549,Lateral,0.4876305662451897,0.7133333333333334,Lateral,0.4867924528301887,0.7995063082830499,Symmetric,False,True,True
E02000658,Lewisham,4,3,0.0193285859613427,False,0.4698391420911528,0.7166186359269933,Lateral,0.4827338129496403,0.6676272814601345,Lateral,0.5062807209175314,0.7257233452239398,Lateral,False,False,False,0.4864468864468864,0.75,Lateral,0.476,0.6868131868131868,Lateral,0.4343649946638207,0.7667757774140753,Lateral,False,False,False
E02000659,Lewisham,4,3,0.0701932858596134,False,0.4829721362229102,0.8590425531914894,Symmetric,0.47661290322580646,0.824468085106383,Counter-led,0.4675324675324675,0.8596491228070176,Counter-led,True,False,True,0.4742268041237113,0.8448139350752177,Counter-led,0.4708209693372898,0.8004750593824228,Counter-led,0.4216152019002375,0.8698347107438017,Counter-led,False,False,False
E02000660,Lewisham,4,3,0.0579857578840284,False,0.4728260869565217,0.7673772011121409,Lateral,0.47585318737926596,0.7196478220574606,Lateral,0.4910757356488181,0.7740851381628081,Symmetric,False,True,True,0.4352428393524284,0.7938704893722195,Counter-led,0.43478260869565216,0.7390014829461197,Lateral,0.4034687357371063,0.8058109599117322,Counter-led,True,True,False
E02000661,Lewisham,6,4,0.1271617497456764,False,0.4774083546462063,0.8325053229240597,Counter-led,0.45428840716305374,0.7530163236337828,Counter-led,0.4387483355525965,0.8118918918918919,Counter-led,False,False,False,0.4989795918367347,0.8256107834877844,Symmetric,0.48986486486486486,0.7481044650379107,Symmetric,0.4512964260686755,0.8267670915411356,Counter-led,False,True,True
E02000662,Lewisham,4,3,0.0305188199389623,False,0.5177584846093133,0.7166289592760181,Lateral,0.5138169257340242,0.6549773755656109,Lateral,0.5,0.7125353440150801,Lateral,False,False,False,0.4269005847953216,0.7749244712990937,Lateral,0.4351063829787234,0.7099697885196374,Lateral,0.3743016759776536,0.788546255506608,Counter-led,False,True,True
E02000663,Lewisham,6,4,-0.0030518819938962,False,0.4909222948438634,0.9,Symmetric,0.48705882352941177,0.8333333333333334,Symmetric,0.4717691342534504,0.8620876149269876,Counter-led,False,True,True,0.4736842105263157,0.8663522012578616,Counter-led,0.44742268041237115,0.7625786163522013,Counter-led,0.4129993229519296,0.8302417088251827,Counter-led,False,False,False
E02000664,Lewisham,2,2,-0.0203458799593082,False,0.529128550794415,0.8540296052631579,Cascade-led,0.5173812282734647,0.709703947368421,Lateral,0.5174701459531181,0.7620492079541624,Symmetric,True,True,True,0.5,0.0,Lateral,0.5,0.0,Lateral,0.5,0.0,Lateral,False,False,False
E02000665,Lewisham,5,4,0.0478128179043743,False,0.4652996845425867,0.8661202185792349,Counter-led,0.45408678102926336,0.6769125683060109,Lateral,0.4488248673237301,0.7360491071428571,Lateral,True,False,True,0.461839530332681,0.8363338788870703,Counter-led,0.44224422442244227,0.7438625204582652,Counter-led,0.3905284831846259,0.8231638418079096,Counter-led,False,False,False
E02000666,Lewisham,5,4,-0.0132248219735503,False,0.4632991318074191,0.875,Counter-led,0.4480633802816901,0.7845303867403315,Counter-led,0.4492957746478873,0.8198614318706697,Counter-led,False,False,False,0.4522167487684729,0.8451290591174022,Counter-led,0.44678609062170704,0.7901748542880933,Counter-led,0.4052830188679245,0.8402029169308814,Counter-led,False,False,False
E02000667,Lewisham,6,5,0.103763987792472,False,0.4823625922887612,0.8930402930402931,Symmetric,0.495733126454616,0.9443223443223443,Symmetric,0.4846705805609915,0.9527656929770043,Symmetric,False,False,False,0.4401664932362122,0.8776255707762557,Counter-led,0.4269449715370019,0.9625570776255707,Counter-led,0.3660041124057573,0.9726666666666667,Counter-led,False,False,False
E02000668,Lewisham,6,4,0.1098677517802644,False,0.479253112033195,0.852343059239611,Counter-led,0.5111989459815547,0.6710875331564987,Lateral,0.4619666048237477,0.743448275862069,Lateral,True,False,True,0.4184491978609626,0.82560706401766,Counter-led,0.3968,0.6898454746136865,Lateral,0.354639175257732,0.7753796962430056,Lateral,True,False,True
E02000669,Lewisham,5,3,-0.0366225839267548,False,0.4401095140314853,0.8558875219683656,Counter-led,0.4819985304922851,0.7973052138254247,Symmetric,0.4817107484524479,0.8370230805463966,Symmetric,True,False,True,0.4779602420051858,0.8583086053412463,Counter-led,0.48553345388788427,0.8204747774480712,Symmetric,0.4250430786904078,0.8779626828038326,Counter-led,True,True,False
E02000670,Lewisham,3,2,-0.1912512716174975,False,0.4971475142624287,0.818,Symmetric,0.5184381778741866,0.6146666666666667,Lateral,0.5114840989399293,0.6619883040935672,Lateral,True,False,True,0.4958158995815899,0.8746569075937786,Symmetric,0.5038560411311054,0.7118023787740164,Lateral,0.4592462751971954,0.7836538461538461,Counter-led,True,True,True
E02000671,Lewisham,5,4,0.0518819938962359,False,0.5020215633423181,0.8465487735310896,Symmetric,0.48912280701754385,0.8128921848260126,Symmetric,0.4770591487009397,0.8465138043986897,Counter-led,False,True,True,0.4866310160427807,0.8600525624178712,Symmetric,0.4645537948290242,0.7877792378449409,Counter-led,0.3775167785234899,0.846991946944576,Counter-led,True,False,True
E02000672,Lewisham,2,2,-0.0834181078331637,False,0.532475884244373,0.8297758804695837,Cascade-led,0.5436893203883495,0.6595517609391676,Lateral,0.5181695827725438,0.699623352165725,Lateral,True,False,True,0.4752673796791444,0.899579073962718,Counter-led,0.505358615004122,0.7294046903187011,Lateral,0.4246260069044879,0.7943327239488117,Counter-led,True,True,False
E02000673,Lewisham,6,4,0.1027466937945066,False,0.4868804664723032,0.8755583918315252,Symmetric,0.486088379705401,0.7798340778557754,Symmetric,0.4728535353535353,0.8211508553654744,Counter-led,False,True,True,0.465592972181552,0.8673015873015874,Counter-led,0.4620797498045348,0.812063492063492,Counter-led,0.4003147953830011,0.8655767484105359,Counter-led,False,False,False
E02000674,Lewisham,6,4,-0.06205493387589,False,0.4277726001863933,0.8681229773462783,Counter-led,0.42162698412698413,0.8155339805825242,Counter-led,0.4214618973561431,0.8494055482166446,Counter-led,False,False,False,0.4602977667493796,0.8003972194637538,Counter-led,0.45588235294117646,0.7428003972194638,Counter-led,0.3901808785529715,0.8176056338028169,Counter-led,False,False,False
E02000675,Lewisham,5,4,0.0620549338758901,False,0.4807321772639691,0.8571428571428571,Symmetric,0.46421052631578946,0.7844756399669695,Counter-led,0.4400977995110024,0.8245967741935484,Counter-led,True,False,True,0.4395711500974659,0.8814432989690721,Counter-led,0.401330376940133,0.7749140893470791,Counter-led,0.3447251114413076,0.8370646766169154,Counter-led,False,False,False
E02000676,Lewisham,5,3,0.0681586978636826,False,0.4995931651749389,0.8452544704264099,Symmetric,0.5053571428571428,0.7702888583218707,Symmetric,0.4788251366120218,0.814238042269188,Counter-led,False,True,True,0.4598880597014925,0.877968877968878,Counter-led,0.4626407369498465,0.8001638001638002,Counter-led,0.3791469194312796,0.8582219639744335,Counter-led,False,False,False
E02000677,Lewisham,6,4,-0.1007121057985758,False,0.4287128712871287,0.8501683501683501,Counter-led,0.42557651991614254,0.803030303030303,Counter-led,0.4112478031634446,0.8294460641399417,Counter-led,False,False,False,0.43734335839599,0.8391167192429022,Counter-led,0.4447513812154696,0.7613038906414301,Counter-led,0.3831168831168831,0.8260536398467433,Counter-led,False,False,False
E02000678,Lewisham,3,2,-0.0773143438453713,False,0.5235204855842185,0.7592165898617511,Lateral,0.5175097276264592,0.5921658986175116,Lateral,0.4611940298507462,0.654296875,Lateral,False,False,False,0.4526928675400291,0.8408812729498164,Counter-led,0.4473684210526316,0.6511627906976745,Lateral,0.3935018050541516,0.7446236559139785,Lateral,True,False,True
E02000679,Lewisham,4,3,0.0132248219735504,False,0.5183028286189684,0.8358831710709318,Symmetric,0.5032558139534884,0.7475660639777468,Symmetric,0.4844444444444444,0.7880910683012259,Symmetric,False,False,False,0.4632352941176471,0.8171673819742489,Counter-led,0.4515011547344111,0.7433476394849785,Counter-led,0.3905511811023622,0.8094327597195666,Counter-led,False,False,False
E02000680,Lewisham,3,2,0.0630722278738555,False,0.507533703409992,0.8503034389750506,Symmetric,0.51661918328585,0.7100472016183412,Lateral,0.4834680382072006,0.7599106644332775,Symmetric,True,True,False,0.4812030075187969,0.8676607642124884,Symmetric,0.479064039408867,0.7567567567567568,Counter-led,0.4130434782608695,0.8208647906657516,Counter-led,True,False,True
E02000681,Lewisham,3,2,-0.1963377416073245,False,0.4598459845984598,0.8385608856088561,Counter-led,0.46938775510204084,0.6780442804428044,Lateral,0.4299465240641711,0.7281931464174455,Lateral,True,False,True,0.458498023715415,0.8048780487804879,Counter-led,0.4642857142857143,0.6829268292682927,Lateral,0.3712200208550573,0.7623211446740858,Lateral,True,False,True
E02000682,Lewisham,3,2,-0.0671414038657172,False,0.5515021459227468,0.7905004240882103,Cascade-led,0.5174927113702624,0.5818490245971162,Lateral,0.4646924829157175,0.6404084609773888,Lateral,True,False,True,0.5076530612244898,0.835820895522388,Symmetric,0.5038284839203675,0.6961620469083155,Lateral,0.4164948453608247,0.7729083665338645,Lateral,True,False,True
E02000683,Lewisham,3,2,-0.1139369277721261,False,0.4699205448354143,0.8187732342007435,Counter-led,0.47513812154696133,0.6728624535315985,Lateral,0.4457964601769911,0.7197452229299363,Lateral,True,False,True,0.4725130890052356,0.9084423305588584,Counter-led,0.490625,0.760998810939358,Symmetric,0.4228395061728395,0.8286445012787724,Counter-led,True,True,False
E02000685,Lewisham,3,2,0.056968463886063,False,0.5609965635738832,0.8398268398268398,Cascade-led,0.5750251762336355,0.7164502164502164,Lateral,0.520579268292683,0.7695014662756599,Cascade-led,True,True,False,0.5331412103746398,0.8463414634146341,Cascade-led,0.5383771929824561,0.7414634146341463,Lateral,0.4491854150504267,0.8021157436216553,Counter-led,True,True,True
E02000686,Lewisham,1,1,-0.0722278738555442,False,0.505,0.9727626459143968,Symmetric,0.4989816700610998,0.9552529182879378,Symmetric,0.4667832167832167,0.9613445378151261,Counter-led,False,True,True,0.5518518518518518,0.9619952494061758,Cascade-led,0.550185873605948,0.9584323040380047,Cascade-led,0.464775846294602,0.9689716312056738,Counter-led,False,True,True
E02000687,Lewisham,4,3,0.0183112919633774,False,0.4886731391585761,0.8431105047748977,Symmetric,0.48144876325088337,0.772169167803547,Symmetric,0.4409937888198758,0.8126752664049355,Counter-led,False,True,True,0.4895104895104895,0.8286423841059603,Symmetric,0.48624862486248627,0.7524834437086093,Symmetric,0.4166026133743274,0.813125,Counter-led,False,True,True
E02000689,Merton,10,10,-0.0661241098677517,False,0.472463768115942,0.8308248043347382,Counter-led,0.4857336956521739,0.8862131246237207,Symmetric,0.5027322404371585,0.9141689373297003,Symmetric,True,False,True,0.3997280761386811,0.8306041784302653,Counter-led,0.4142857142857143,0.8695652173913043,Counter-led,0.5145118733509235,0.9077844311377246,Symmetric,False,True,True
E02000690,Merton,10,10,-0.0030518819938962,False,0.4784313725490196,0.6280788177339901,Lateral,0.479646017699115,0.6958128078817734,Lateral,0.5786096256684492,0.7910321489001692,Cascade-led,False,True,True,0.4642082429501085,0.6306429548563611,Lateral,0.4575289575289575,0.7086183310533516,Lateral,0.5509736540664376,0.8038674033149171,Cascade-led,False,True,True
E02000691,Merton,9,8,0.0223804679552389,False,0.4528936742934051,0.8362408553742262,Counter-led,0.4587394411955815,0.8660664040517726,Counter-led,0.4652278177458033,0.8975462763667671,Counter-led,False,False,False,0.4527220630372492,0.851738865161684,Counter-led,0.45143638850889195,0.8920073215375229,Counter-led,0.5243268776570619,0.9228421970357454,Cascade-led,False,True,True
E02000692,Merton,10,10,0.005086469989827,False,0.4554973821989528,0.6733254994124559,Lateral,0.47129186602870815,0.736780258519389,Counter-led,0.4770299145299145,0.8068965517241379,Counter-led,True,False,True,0.4698795180722891,0.676913425345044,Lateral,0.4776748104465038,0.7446675031367629,Counter-led,0.5474649406688241,0.8199911543564794,Cascade-led,True,True,True
E02000693,Merton,8,7,-0.0091556459816887,False,0.4857414448669201,0.9211908931698776,Symmetric,0.4818823529411765,0.930385288966725,Symmetric,0.4996415770609319,0.9460834181078331,Symmetric,False,False,False,0.4307133121308496,0.9193817878028404,Counter-led,0.42869955156950673,0.9314954051796157,Counter-led,0.5120599739243807,0.9492574257425742,Symmetric,False,True,True
E02000694,Merton,9,8,-0.0020345879959308,False,0.4604872251931075,0.8478589420654912,Counter-led,0.46787947697555426,0.8861460957178842,Counter-led,0.4936501433838591,0.9152605924259467,Symmetric,False,True,True,0.4411276948590381,0.8722275795564127,Counter-led,0.4381606765327696,0.9122468659594986,Counter-led,0.5340699815837937,0.937176389368312,Cascade-led,False,True,True
E02000695,Merton,8,7,-0.0508646998982706,False,0.5423845623707788,0.9277493606138107,Cascade-led,0.5516085790884718,0.9539641943734015,Cascade-led,0.5554292211483798,0.9606772255598034,Cascade-led,False,False,False,0.5025454545454545,0.917890520694259,Symmetric,0.5067137809187279,0.9445927903871829,Symmetric,0.5481991525423728,0.9578893962455606,Cascade-led,False,True,True
E02000696,Merton,7,5,-0.0335707019328584,False,0.4863837872070931,0.9022857142857142,Symmetric,0.486748545572075,0.884,Symmetric,0.4839055793991416,0.9017900338655056,Symmetric,False,False,False,0.4912398921832884,0.8854415274463007,Symmetric,0.49348869088416725,0.8705250596658711,Symmetric,0.4447261663286004,0.9008679762448607,Counter-led,False,True,True
E02000697,Merton,10,10,0.0020345879959308,False,0.4426332288401254,0.7735208535402521,Lateral,0.4487102579484103,0.8084384093113482,Counter-led,0.4689194826866917,0.8585243553008596,Counter-led,True,False,True,0.4766780432309442,0.8075333027101516,Counter-led,0.47754654983570644,0.838768948093707,Counter-led,0.5470834921845216,0.8819771351714862,Cascade-led,False,True,True
E02000698,Merton,10,10,-0.0091556459816887,False,0.4567164179104477,0.5831157528285466,Lateral,0.4752851711026616,0.6866840731070496,Lateral,0.5409309791332263,0.775840597758406,Cascade-led,False,True,True,0.4597544338335607,0.631896551724138,Lateral,0.4735576923076923,0.7172413793103448,Lateral,0.5817912657290896,0.8046456223942823,Cascade-led,False,True,True
E02000699,Merton,10,10,-0.0091556459816887,False,0.4474445515911283,0.679109364767518,Lateral,0.45789473684210524,0.7465618860510805,Counter-led,0.4826139088729017,0.8116788321167884,Symmetric,True,True,True,0.4152892561983471,0.6487935656836461,Lateral,0.4322274881516588,0.7071045576407506,Lateral,0.5571428571428572,0.7935758148323099,Cascade-led,False,True,True
E02000700,Merton,5,4,-0.0712105798575788,False,0.5039653929343908,0.900064892926671,Symmetric,0.5229653505237711,0.8053212199870214,Cascade-led,0.4903185509056839,0.8421883219358233,Symmetric,True,True,False,0.4190207156308851,0.885,Counter-led,0.42956349206349204,0.84,Counter-led,0.3741258741258741,0.8816276202219482,Counter-led,False,False,False
E02000701,Merton,7,5,-0.1098677517802645,False,0.5164444444444445,0.8568164508758568,Symmetric,0.5121951219512195,0.8431073876618431,Symmetric,0.4748892171344165,0.867948717948718,Counter-led,False,True,True,0.4762773722627737,0.8824476650563607,Counter-led,0.47518382352941174,0.8760064412238325,Counter-led,0.4192857142857142,0.9009009009009009,Counter-led,False,False,False
E02000702,Merton,6,4,-0.1332655137334689,False,0.5408388520971302,0.8539114043355325,Cascade-led,0.5376623376623376,0.7257304429783223,Lateral,0.4725822532402791,0.7751159196290572,Counter-led,True,True,True,0.4885572139303482,0.8901682905225864,Symmetric,0.4983164983164983,0.7891939769707705,Symmetric,0.4262574595055413,0.8313253012048193,Counter-led,False,True,True
E02000703,Merton,10,10,-0.0315361139369277,False,0.5017103762827823,0.7382154882154882,Lateral,0.5043478260869565,0.7744107744107744,Symmetric,0.5417607223476298,0.8321853475266124,Cascade-led,True,True,True,0.5164179104477612,0.6660039761431411,Lateral,0.5336927223719676,0.7375745526838966,Lateral,0.5960207612456747,0.8140845070422535,Cascade-led,False,True,True
E02000704,Merton,9,7,-0.0620549338758901,False,0.4680851063829787,0.8409542743538767,Counter-led,0.48099415204678364,0.9065606361829026,Symmetric,0.5013638843426077,0.9285714285714286,Symmetric,True,False,True,0.4611320754716981,0.8531873792659369,Counter-led,0.45266903914590745,0.9047005795235029,Counter-led,0.5358874878758487,0.9330316742081448,Cascade-led,False,True,True
E02000705,Merton,8,6,-0.0600203458799593,False,0.4813039309683605,0.9371069182389936,Symmetric,0.4846225535880708,0.9640610961365679,Symmetric,0.4846225535880708,0.7883908890521675,Symmetric,False,False,False,0.4470169189670525,0.9273327828241124,Counter-led,0.4393162393162393,0.9661436829066887,Counter-led,0.4393162393162393,0.7495195387572069,Lateral,False,True,True
E02000706,Merton,4,3,-0.1190233977619532,False,0.5205364626990779,0.9162826420890936,Cascade-led,0.53315649867374,0.868663594470046,Cascade-led,0.4978197674418604,0.8894634776987718,Symmetric,False,True,True,0.4796334012219959,0.8862815884476535,Counter-led,0.48442534908700324,0.8402527075812274,Symmetric,0.4101346001583531,0.8770833333333333,Counter-led,True,True,False
E02000707,Merton,6,4,-0.2146490335707019,False,0.411154345006485,0.8098739495798319,Counter-led,0.4017467248908297,0.7216386554621849,Lateral,0.3805309734513274,0.7733105218135158,Counter-led,True,True,False,0.527190332326284,0.8465473145780051,Cascade-led,0.5264900662251656,0.7723785166240409,Cascade-led,0.4155299055613851,0.8426171529619806,Counter-led,False,True,True
E02000708,Merton,10,10,-0.0528992878942014,False,0.4707482993197279,0.649867374005305,Lateral,0.4731404958677686,0.8558797524314765,Counter-led,0.5303490136570561,0.8899392302498312,Cascade-led,True,True,True,0.4259259259259259,0.6724137931034483,Lateral,0.48726851851851855,0.8275862068965517,Symmetric,0.5727699530516432,0.8765432098765432,Cascade-led,True,True,True
E02000709,Merton,10,10,-0.0122075279755849,False,0.4836488812392427,0.7594771241830065,Lateral,0.4884437596302003,0.8483660130718954,Symmetric,0.5738045738045738,0.8923933209647495,Cascade-led,True,True,True,0.3978494623655914,0.6714801444043321,Lateral,0.4148936170212766,0.7918170878459687,Counter-led,0.5387596899224806,0.8564315352697095,Cascade-led,True,True,True
E02000710,Merton,6,4,-0.103763987792472,False,0.5018050541516246,0.8549382716049383,Symmetric,0.5134854771784232,0.7438271604938271,Symmetric,0.4710485133020344,0.7937888198757764,Counter-led,False,True,True,0.4515181194906954,0.8870547350130321,Counter-led,0.45556805399325084,0.7723718505647263,Counter-led,0.3835832675611681,0.828646173969915,Counter-led,False,False,False
E02000711,Merton,5,4,-0.0467955239064089,False,0.46875,0.9226100151745068,Counter-led,0.4691848906560636,0.7632776934749621,Counter-led,0.4423529411764706,0.8034026465028355,Counter-led,False,False,False,0.4425531914893617,0.8915022761760243,Counter-led,0.4498069498069498,0.7860394537177542,Counter-led,0.3815612382234186,0.8404977375565611,Counter-led,False,False,False
E02000712,Merton,6,4,-0.1159715157680569,False,0.4399624765478424,0.8853820598006644,Counter-led,0.45261984392419174,0.7450166112956811,Counter-led,0.4363188167625308,0.7985564304461942,Counter-led,False,False,False,0.4233289646133683,0.8955399061032864,Counter-led,0.4413075780089153,0.789906103286385,Counter-led,0.3808574277168494,0.8485617597292724,Counter-led,False,False,False
E02000713,Merton,10,9,-0.0111902339776195,False,0.4332603938730853,0.7085271317829457,Lateral,0.45121951219512196,0.889922480620155,Counter-led,0.5576679340937896,0.9174418604651163,Cascade-led,True,True,True,0.4231499051233396,0.7380952380952381,Lateral,0.46636085626911317,0.9159663865546218,Counter-led,0.5537190082644629,0.9416342412451362,Cascade-led,True,True,True
E02000714,Newham,3,2,0.0630722278738555,False,0.4421128798842257,0.8396111786148238,Counter-led,0.43402061855670104,0.5893074119076549,Lateral,0.4322103533278554,0.6428948758584258,Lateral,True,False,True,0.4504692387904067,0.7860655737704918,Counter-led,0.41700404858299595,0.6073770491803279,Lateral,0.3554788610871441,0.7075702075702076,Lateral,True,False,True
E02000715,Newham,1,1,0.1057985757884028,False,0.4743443557582668,0.6086051353226926,Lateral,0.4755813953488372,0.5968077723802915,Lateral,0.4307545367717287,0.6431203931203932,Lateral,False,False,False,0.3463541666666667,0.6736842105263158,Lateral,0.3346883468834688,0.6473684210526316,Lateral,0.3245614035087719,0.7184873949579832,Lateral,False,False,False
E02000716,Newham,1,1,0.1017293997965412,False,0.4471403812824956,0.7119062307217767,Lateral,0.44434628975265017,0.6983343615052436,Lateral,0.4363636363636363,0.7376609442060086,Lateral,False,False,False,0.3797297297297297,0.6961429915333961,Lateral,0.38243626062322944,0.6641580432737535,Lateral,0.3550051599587203,0.7307692307692307,Lateral,False,False,False
E02000717,Newham,1,1,0.1546286876907426,False,0.4,0.6608410704533042,Lateral,0.40290846877673225,0.6384489350081922,Lateral,0.4095169430425378,0.6769155685700342,Lateral,False,False,False,0.4007352941176471,0.6548956661316212,Lateral,0.4,0.6340288924558587,Lateral,0.3617619493908153,0.7005909389363099,Lateral,False,False,False
E02000718,Newham,1,1,0.051881993896236,False,0.5308483290488432,0.615506329113924,Lateral,0.5295663600525624,0.6020569620253164,Lateral,0.4923245614035088,0.6445229681978799,Lateral,False,False,False,0.354066985645933,0.6974416017797553,Lateral,0.3494363929146538,0.6907675194660734,Lateral,0.3168077388149939,0.7484162895927602,Lateral,False,False,False
E02000719,Newham,2,1,0.1668362156663275,False,0.4719471947194719,0.7548579970104634,Lateral,0.45404984423676015,0.6397608370702541,Lateral,0.4826989619377163,0.7057387057387058,Lateral,False,False,False,0.4643150123051682,0.7464788732394366,Lateral,0.43627906976744185,0.6582976117575016,Lateral,0.4051026757934038,0.7422632794457275,Lateral,False,False,False
E02000720,Newham,3,2,0.1444557477110885,False,0.4427363566487317,0.8442569759896171,Counter-led,0.41888888888888887,0.5840363400389358,Lateral,0.413854351687389,0.6372382569326542,Lateral,True,False,True,0.5142207053469852,0.8411483253588516,Symmetric,0.4753199268738574,0.523444976076555,Lateral,0.4095940959409594,0.620137299771167,Lateral,True,False,True
E02000721,Newham,2,2,0.0030518819938962,False,0.4894067796610169,0.7552,Lateral,0.45075757575757575,0.5632,Lateral,0.4825082508250825,0.6491002570694088,Lateral,False,False,False,0.4482758620689655,0.6987951807228916,Lateral,0.45217391304347826,0.5542168674698795,Lateral,0.386586284853052,0.6419932268988873,Lateral,False,False,False
E02000722,Newham,2,2,0.1637843336724313,False,0.4379776601998824,0.73828125,Lateral,0.4612748457847841,0.6332465277777778,Lateral,0.4787581699346405,0.6848190973517344,Lateral,False,False,False,0.4194174757281553,0.7481840193704601,Lateral,0.40477968633308437,0.6484261501210654,Lateral,0.3966333508679642,0.7236391320898363,Lateral,False,False,False
E02000723,Newham,2,2,0.2299084435401831,False,0.4297709923664122,0.6830031282586028,Lateral,0.4315245478036176,0.605318039624609,Lateral,0.3970994475138121,0.6566893424036281,Lateral,False,False,False,0.3895297249334516,0.6931119311193112,Lateral,0.4091858037578288,0.5891758917589176,Lateral,0.3437057991513437,0.6791546589817483,Lateral,False,False,False
E02000724,Newham,2,2,0.1017293997965411,False,0.4369009584664536,0.6407369498464688,Lateral,0.4544564152791381,0.522517911975435,Lateral,0.4252597921662669,0.5728021978021978,Lateral,False,False,False,0.4242424242424242,0.6685962373371924,Lateral,0.43973509933774835,0.5463096960926194,Lateral,0.3689839572192513,0.6415094339622641,Lateral,False,False,False
E02000725,Newham,1,1,0.1353001017293998,False,0.5023837902264601,0.6985845129059117,Lateral,0.5060702875399361,0.6515403830141548,Lateral,0.5296590378327884,0.718938885157824,Lateral,False,False,False,0.4973600844772967,0.7085671530115975,Lateral,0.4931895573212259,0.6591844369622147,Lateral,0.4424330195510499,0.7519738633269807,Lateral,False,False,False
E02000726,Newham,1,1,0.2278738555442523,False,0.5354466858789625,0.6564510026485055,Lateral,0.5337539432176656,0.5996973136587211,Lateral,0.5678733031674208,0.6762545899632803,Lateral,False,False,False,0.5,0.0,Lateral,0.5,0.0,Lateral,0.5,0.0,Lateral,False,False,False
E02000727,Newham,2,2,0.1403865717192269,False,0.4535472972972973,0.6588759042849193,Lateral,0.4746760895170789,0.4724540901502504,Lateral,0.4598039215686274,0.5182926829268293,Lateral,False,False,False,0.4270032930845225,0.693302891933029,Lateral,0.47092198581560285,0.5365296803652968,Lateral,0.4260416666666666,0.6118546845124283,Lateral,False,False,False
E02000728,Newham,4,3,0.0203458799593082,False,0.5273132664437012,0.9527349973446628,Cascade-led,0.5245901639344263,0.9394583112055231,Cascade-led,0.4879960803527682,0.9470997679814385,Symmetric,False,True,True,0.4740511231603408,0.9677661169415293,Counter-led,0.4747634069400631,0.9505247376311844,Counter-led,0.415211970074813,0.9604790419161676,Counter-led,False,False,False
E02000729,Newham,2,2,0.1393692777212614,False,0.535,0.6807351940095303,Lateral,0.5128834355828221,0.5547991831177672,Lateral,0.5130687318489835,0.6123295791345584,Lateral,False,False,False,0.4785276073619632,0.7080799304952216,Lateral,0.48919753086419754,0.5629887054735013,Lateral,0.3917948717948717,0.6596752368064953,Lateral,False,False,False
E02000730,Newham,3,2,0.0813835198372329,False,0.4634655532359081,0.8518079430942501,Counter-led,0.47313084112149534,0.5074096028452875,Lateral,0.4531548757170172,0.5572722429408631,Lateral,True,False,True,0.4727000747943156,0.875,Counter-led,0.456242707117853,0.5608638743455497,Lateral,0.3989681857265692,0.6341330425299891,Lateral,True,False,True
E02000731,Newham,2,2,0.1047812817904374,False,0.4768009768009768,0.7219039224327898,Lateral,0.45612708018154313,0.5826355222565006,Lateral,0.4446627373935822,0.6172190784155214,Lateral,False,False,False,0.4153153153153153,0.7245430809399478,Lateral,0.44371584699453553,0.5972584856396866,Lateral,0.3755725190839695,0.6798131811105345,Lateral,False,False,False
E02000732,Newham,1,1,0.0844354018311292,False,0.5205724508050089,0.7574525745257452,Lateral,0.5250683682771194,0.7432249322493225,Cascade-led,0.4876352395672333,0.7734608487746563,Symmetric,True,True,True,0.4773622047244094,0.7356987690079653,Lateral,0.4774774774774775,0.723388848660391,Lateral,0.4379284082254379,0.7746312684365781,Lateral,False,False,False
E02000733,Newham,1,1,0.1536113936927772,False,0.4842360549717057,0.6429313929313929,Lateral,0.47833775419982316,0.5878378378378378,Lateral,0.4654804270462633,0.6392174704276615,Lateral,False,False,False,0.4500434404865334,0.6806623299822591,Lateral,0.4409302325581395,0.63571850975754,Lateral,0.3915662650602409,0.7293497363796133,Lateral,False,False,False
E02000734,Newham,1,1,0.1281790437436419,False,0.486228813559322,0.6519337016574586,Lateral,0.47816349384098544,0.6167127071823204,Lateral,0.4641235240690282,0.6648550724637681,Lateral,False,False,False,0.4425133689839572,0.6578715919085312,Lateral,0.4405594405594406,0.6288478452066842,Lateral,0.3839285714285714,0.7048951048951049,Lateral,False,False,False
E02000735,Newham,1,1,0.0895218718209562,False,0.4842007434944237,0.6805819101834282,Lateral,0.4885057471264368,0.6603415559772297,Lateral,0.4808612440191387,0.7001675041876047,Lateral,False,False,False,0.3823216187433439,0.695040710584752,Lateral,0.377212389380531,0.6691339748334567,Lateral,0.347758887171561,0.7432510051694429,Lateral,False,False,False
E02000736,Newham,1,1,0.0630722278738555,False,0.4267886855241264,0.7554996857322439,Lateral,0.42832909245122985,0.7410433689503457,Counter-led,0.4086709310589907,0.7735019241341397,Counter-led,True,False,True,0.4295081967213114,0.7580778790389395,Lateral,0.42333333333333334,0.7456503728251864,Counter-led,0.3615506329113924,0.8045830681094844,Counter-led,True,False,True
E02000737,Newham,2,2,0.0885045778229908,False,0.4316720257234727,0.7203242617255357,Lateral,0.42696629213483145,0.6184134337000579,Lateral,0.401819560272934,0.666835187057634,Lateral,False,False,False,0.4628632938643703,0.7274862960062647,Lateral,0.4325068870523416,0.5685199686765857,Lateral,0.3582358235823582,0.6684717208182912,Lateral,False,False,False
E02000738,Newham,3,2,0.1739572736520854,False,0.4265208475734791,0.8872043662825955,Counter-led,0.40930232558139534,0.5215281989084294,Lateral,0.4080459770114942,0.5695581014729951,Lateral,True,False,True,0.429140127388535,0.8832630098452883,Counter-led,0.4294330518697226,0.5829817158931083,Lateral,0.3856466876971609,0.6813541106931758,Lateral,True,False,True
E02000739,Newham,2,2,0.1057985757884028,False,0.4179236912156167,0.7518345563709139,Lateral,0.42339544513457555,0.6444296197464977,Lateral,0.437448896156991,0.6964692482915718,Lateral,False,False,False,0.4672995780590717,0.7614457831325301,Lateral,0.4635603345280765,0.672289156626506,Lateral,0.4084995663486557,0.7386290839205637,Lateral,False,False,False
E02000740,Newham,1,1,0.0956256358087487,False,0.4721141374837873,0.5673289183222958,Lateral,0.47229916897506924,0.5312729948491538,Lateral,0.4507936507936508,0.5973451327433629,Lateral,False,False,False,0.4193121693121693,0.6762075134168157,Lateral,0.41904761904761906,0.6574239713774598,Lateral,0.3566878980891719,0.7415654520917678,Lateral,False,False,False
E02000741,Newham,2,2,0.1149542217700915,False,0.436608557844691,0.7620772946859904,Lateral,0.4436893203883495,0.6219806763285024,Lateral,0.416466826538769,0.6664890783164624,Lateral,False,False,False,0.4391592920353982,0.7746358183376179,Lateral,0.4609375,0.6580976863753213,Lateral,0.3746747614917606,0.7429123711340206,Lateral,False,False,False
E02000742,Newham,2,2,0.0478128179043743,False,0.4705882352941176,0.7256748273697426,Lateral,0.44570837642192346,0.6070307595731325,Lateral,0.4237427864798021,0.6595976073953236,Lateral,False,False,False,0.4337078651685393,0.7574468085106383,Lateral,0.42461964038727523,0.6153191489361702,Lateral,0.3810444874274661,0.6958277254374159,Lateral,False,False,False
E02000743,Newham,1,1,0.0437436419125127,False,0.4760820045558087,0.5761154855643045,Lateral,0.46987951807228917,0.5446194225721784,Lateral,0.4403578528827038,0.591764705882353,Lateral,False,False,False,0.4266538830297219,0.6418461538461538,Lateral,0.42645607107601186,0.6233846153846154,Lateral,0.3850502512562814,0.7223230490018149,Lateral,False,False,False
E02000744,Newham,1,1,0.0437436419125127,False,0.4828263002944062,0.5747320924985899,Lateral,0.47167868177136973,0.5476593344613649,Lateral,0.4391025641025641,0.608780487804878,Lateral,False,False,False,0.3958573072497123,0.5919618528610354,Lateral,0.39315230224321135,0.5769754768392371,Lateral,0.3445378151260504,0.6782383419689119,Lateral,False,False,False
E02000745,Newham,2,2,0.0437436419125127,False,0.4827295703454086,0.7819499341238472,Lateral,0.4616216216216216,0.6093544137022397,Lateral,0.4198664440734557,0.6689000558347292,Lateral,False,False,False,0.5151228733459358,0.8009084027252081,Symmetric,0.4781582054309327,0.6411809235427707,Lateral,0.4290147401086113,0.7311401020986954,Lateral,True,False,True
E02000746,Newham,1,1,0.0671414038657172,False,0.4787234042553192,0.7014925373134329,Lateral,0.47796610169491527,0.6604477611940298,Lateral,0.5471830985915493,0.7573333333333333,Cascade-led,False,True,True,0.6135812449474535,0.7255131964809384,Lateral,0.6138044371405095,0.713782991202346,Lateral,0.5756704980842912,0.8105590062111802,Cascade-led,False,True,True
E02000747,Newham,1,1,0.0356052899287894,False,0.5314245810055865,0.6183074265975821,Lateral,0.5328798185941043,0.5712435233160622,Lateral,0.5424300867888139,0.6762308444734269,Lateral,False,False,False,0.4889892715979672,0.6718512898330804,Lateral,0.4968004653868528,0.6521244309559939,Lateral,0.4415497661990648,0.7655331117361288,Lateral,False,False,False
E02000748,Newham,3,2,0.1017293997965411,False,0.4659270998415214,0.8925035360678925,Counter-led,0.41289592760180993,0.6251768033946252,Lateral,0.4253915910964551,0.6959265633964429,Lateral,True,False,True,0.4778972520908005,0.9157549234135668,Counter-led,0.44839255499153974,0.6466083150984683,Lateral,0.4009803921568627,0.759493670886076,Lateral,True,False,True
E02000749,Newham,1,1,0.0122075279755849,False,0.4356197352587244,0.5995670995670995,Lateral,0.44430051813471505,0.556998556998557,Lateral,0.3972999035679845,0.6281041792852816,Lateral,False,False,False,0.4365853658536585,0.6074074074074074,Lateral,0.43979721166032953,0.5844444444444444,Lateral,0.3701350277998411,0.6917582417582417,Lateral,False,False,False
E02000750,Newham,1,1,0.4364191251271617,False,0.5097919216646267,0.6819699499165276,Lateral,0.5019893899204244,0.6293823038397329,Lateral,0.5326947105372761,0.7300091213134692,Lateral,False,False,False,0.5,0.0,Lateral,0.5,0.0,Lateral,0.5,0.0,Lateral,False,False,False
E02000751,Redbridge,10,9,0.0386571719226855,False,0.4055158324821246,0.9702675916749256,Counter-led,0.40818363273453095,0.9930624380574826,Counter-led,0.4981458590852904,0.9956923076923077,Symmetric,False,True,True,0.4251207729468599,0.97918637653737,Counter-led,0.42514395393474086,0.9858088930936613,Counter-led,0.5544662309368191,0.9918962722852512,Cascade-led,False,True,True
E02000752,Redbridge,3,2,0.0417090539165818,False,0.428099173553719,0.8845029239766082,Counter-led,0.4527972027972028,0.8362573099415205,Counter-led,0.4209860935524652,0.875968992248062,Counter-led,False,False,False,0.461734693877551,0.9212690951821386,Counter-led,0.48885793871866295,0.8437132784958872,Symmetric,0.445750452079566,0.8926553672316384,Counter-led,True,True,False
E02000753,Redbridge,5,4,-0.0701932858596134,False,0.4487632508833922,0.9625850340136054,Counter-led,0.44280442804428044,0.9217687074829932,Counter-led,0.42,0.9422110552763819,Counter-led,False,False,False,0.4439655172413793,0.9693593314763232,Counter-led,0.42492492492492495,0.9275766016713092,Counter-led,0.3695861405197305,0.9523373052245646,Counter-led,False,False,False
E02000754,Redbridge,8,6,-0.0172939979654119,False,0.423728813559322,0.921875,Counter-led,0.4331395348837209,0.9772727272727273,Counter-led,0.4331395348837209,0.67384916748286,Lateral,False,True,True,0.3851132686084142,0.939209726443769,Counter-led,0.3981191222570533,0.9696048632218845,Counter-led,0.3981191222570533,0.5727109515260324,Lateral,False,True,True
E02000755,Redbridge,7,5,-0.0132248219735503,False,0.4239828693790149,0.7618270799347472,Lateral,0.42332613390928725,0.7553017944535073,Counter-led,0.3808864265927978,0.8279816513761468,Counter-led,True,False,True,0.5064935064935064,0.7534246575342466,Lateral,0.5211640211640212,0.7397260273972602,Lateral,0.3488700564971751,0.8418549346016647,Counter-led,False,True,True
E02000756,Redbridge,7,5,0.0152594099694811,False,0.4517810599478714,0.7257250945775536,Lateral,0.470432480141218,0.71437578814628,Lateral,0.441073512252042,0.7909552376557453,Counter-led,False,True,True,0.408483896307934,0.7805027590435316,Lateral,0.41223193010325654,0.7719190680564071,Counter-led,0.3468318246784183,0.849453662484824,Counter-led,True,False,True
E02000757,Redbridge,9,8,0.0284842319430315,False,0.4096009975062344,0.9451974071891572,Counter-led,0.4094724220623501,0.9829110194460813,Counter-led,0.4720223820943245,0.9885420782299487,Counter-led,False,False,False,0.4378818737270876,0.94909793814433,Counter-led,0.4365548980933596,0.9800257731958762,Counter-led,0.5331098072087175,0.9871741828713281,Cascade-led,False,True,True
E02000758,Redbridge,7,5,0.0142421159715157,False,0.4041237113402062,0.6726768377253814,Lateral,0.38636363636363635,0.6712898751733704,Lateral,0.3602836879432624,0.7484076433121019,Lateral,False,False,False,0.4278728606356968,0.7290552584670231,Lateral,0.43781094527363185,0.7165775401069518,Lateral,0.3823953823953824,0.8133802816901409,Counter-led,False,True,True
E02000759,Redbridge,7,5,0.0447609359104781,False,0.4508529650690495,0.8483804272915231,Counter-led,0.45638126009693053,0.8532046864231564,Counter-led,0.4307856761090326,0.8977927063339731,Counter-led,False,False,False,0.4618380062305296,0.852589641434263,Counter-led,0.46417445482866043,0.852589641434263,Counter-led,0.381635581061693,0.9040207522697795,Counter-led,False,False,False
E02000760,Redbridge,7,5,-0.0569684638860631,False,0.4991423670668953,0.6915776986951364,Lateral,0.4991055456171735,0.6631079478054567,Lateral,0.4292929292929293,0.7360594795539034,Lateral,False,False,False,0.4470774091627172,0.7160633484162896,Lateral,0.45984251968503936,0.7183257918552036,Lateral,0.3979057591623036,0.7931893687707641,Counter-led,False,True,True
E02000762,Redbridge,9,7,0.0417090539165818,False,0.4741258741258741,0.9482758620689656,Counter-led,0.4383561643835616,0.8713527851458885,Counter-led,0.5202247191011236,0.9017223910840932,Cascade-led,False,True,True,0.4985119047619047,0.9753265602322206,Symmetric,0.48589341692789967,0.9259796806966618,Symmetric,0.579002079002079,0.9496544916090819,Cascade-led,False,True,True
E02000763,Redbridge,6,5,0.0325534079348932,False,0.4480286738351254,0.9238410596026492,Counter-led,0.44157814871016693,0.7273730684326711,Lateral,0.4128959276018099,0.7816091954022989,Counter-led,True,True,False,0.4125874125874126,0.8710659898477158,Counter-led,0.43365253077975374,0.7421319796954314,Counter-led,0.3974475843208751,0.8119911176905995,Counter-led,False,False,False
E02000764,Redbridge,8,7,0.0671414038657172,False,0.432983682983683,0.9377049180327868,Counter-led,0.4306569343065693,0.898360655737705,Counter-led,0.4774624373956594,0.9279628195197521,Counter-led,False,False,False,0.4516339869281046,0.9415384615384615,Counter-led,0.4555256064690027,0.9132307692307692,Counter-led,0.5451388888888888,0.9423312883435583,Cascade-led,False,True,True
E02000765,Redbridge,8,6,0.0132248219735503,False,0.4537902388369678,0.937682570593963,Counter-led,0.43983402489626555,0.9386562804284323,Counter-led,0.4398340248962655,0.7755430410297667,Counter-led,False,False,False,0.4641744548286604,0.9295366795366796,Counter-led,0.47794871794871796,0.9411196911196911,Counter-led,0.4779487179487179,0.6780250347705146,Lateral,False,True,True
E02000767,Redbridge,7,5,0.0132248219735503,False,0.4298584298584298,0.7580487804878049,Lateral,0.418732782369146,0.7082926829268292,Lateral,0.3785714285714285,0.766223612197029,Counter-led,False,True,True,0.3927038626609442,0.8247787610619469,Counter-led,0.3958090803259604,0.7601769911504425,Counter-led,0.346124905944319,0.830625,Counter-led,False,False,False
E02000768,Redbridge,9,7,0.0651068158697864,False,0.4847222222222222,0.9207161125319692,Symmetric,0.4747634069400631,0.8107416879795396,Counter-led,0.5261932479627474,0.8530287984111221,Cascade-led,True,True,True,0.51010101010101,0.9295774647887324,Symmetric,0.5335753176043557,0.8622848200312989,Cascade-led,0.593939393939394,0.9036144578313253,Cascade-led,True,False,True
E02000769,Redbridge,7,5,-0.022380467955239,False,0.3995381062355658,0.8699146157709694,Counter-led,0.4008168028004667,0.8608739326971371,Counter-led,0.3749454386730685,0.8921339563862928,Counter-led,False,False,False,0.5,0.0,Lateral,0.5,0.0,Lateral,0.5,0.0,Lateral,False,False,False
E02000770,Redbridge,7,5,0.0528992878942014,False,0.4117647058823529,0.8103277060575969,Counter-led,0.421875,0.76266137040715,Counter-led,0.3881644934804413,0.8066343042071198,Counter-led,False,False,False,0.4560301507537688,0.8139059304703476,Counter-led,0.4507227332457293,0.778118609406953,Counter-led,0.4194991055456171,0.8374531835205993,Counter-led,False,False,False
E02000772,Redbridge,6,4,0.0376398779247202,False,0.4157392686804451,0.871191135734072,Counter-led,0.4102127659574468,0.8137119113573407,Counter-led,0.3963538149898717,0.8462857142857143,Counter-led,False,False,False,0.4509803921568627,0.8211091234347049,Counter-led,0.44036697247706424,0.7799642218246869,Counter-led,0.3893536121673003,0.8424087123638693,Counter-led,False,False,False
E02000773,Redbridge,6,4,0.0783316378433367,True,0.3694214876033058,0.8845029239766082,Counter-led,0.36663980660757456,0.9071637426900585,Counter-led,0.3570045190445449,0.9242243436754176,Counter-led,False,False,False,0.4474123539232053,0.8693759071117562,Counter-led,0.4553719008264463,0.8780841799709724,Counter-led,0.4347069065583285,0.911158117398202,Counter-led,False,False,False
E02000774,Redbridge,5,4,-0.0213631739572736,False,0.4330357142857143,0.9531914893617022,Counter-led,0.42985971943887774,0.8493617021276596,Counter-led,0.4011725293132328,0.8708971553610503,Counter-led,False,False,False,0.3793103448275862,0.944186046511628,Counter-led,0.36981566820276496,0.8074418604651162,Counter-led,0.3543371522094926,0.8551434569629112,Counter-led,False,False,False
E02000776,Redbridge,6,5,0.0376398779247202,False,0.3898458748866727,0.9222408026755852,Counter-led,0.40037950664136623,0.8812709030100334,Counter-led,0.4165995165189363,0.8973246565437455,Counter-led,False,False,False,0.3949367088607595,0.8886389201349831,Counter-led,0.4219948849104859,0.8796400449943758,Counter-led,0.3976608187134502,0.9055604589585172,Counter-led,False,False,False
E02000777,Redbridge,7,5,-0.0437436419125126,True,0.4621451104100946,0.9255474452554744,Counter-led,0.4624,0.9124087591240876,Counter-led,0.4114942528735632,0.9354838709677419,Counter-led,False,False,False,0.3434704830053667,0.905996758508914,Counter-led,0.3433628318584071,0.9157212317666127,Counter-led,0.3103850641773629,0.9427942794279428,Counter-led,False,False,False
E02000779,Redbridge,3,2,0.0539165818921668,False,0.3957738435179897,0.8942798774259448,Counter-led,0.3992273019961365,0.7931562819203268,Counter-led,0.3976356797420741,0.821270962047661,Counter-led,False,False,False,0.4418282548476454,0.8886153846153846,Counter-led,0.4481132075471698,0.7827692307692308,Counter-led,0.3987591652566272,0.8339604891815616,Counter-led,False,False,False
E02000780,Redbridge,4,3,0.0925737538148525,False,0.4357959542656112,0.865296803652968,Counter-led,0.421421889616464,0.8135464231354642,Counter-led,0.423030787684926,0.8361751922433969,Counter-led,False,False,False,0.5,0.0,Lateral,0.5,0.0,Lateral,0.5,0.0,Lateral,False,False,False
E02000781,Redbridge,7,5,-0.0061037639877924,False,0.4552631578947368,0.8775981524249422,Counter-led,0.45827814569536424,0.871824480369515,Counter-led,0.419863373620599,0.8955294117647059,Counter-led,False,False,False,0.4700729927007299,0.8873056994818653,Counter-led,0.46652110625909754,0.8898963730569949,Counter-led,0.404040404040404,0.9244108492663407,Counter-led,False,False,False
E02000782,Redbridge,4,3,-0.1037639877924719,False,0.4314652261985145,0.8209534368070953,Counter-led,0.4266263237518911,0.7328159645232816,Counter-led,0.414167198468411,0.764763299170327,Counter-led,False,False,False,0.3714859437751004,0.93142144638404,Counter-led,0.35855728429985856,0.8815461346633416,Counter-led,0.3605911330049261,0.9144144144144144,Counter-led,False,False,False
E02000783,Redbridge,3,3,-0.0132248219735504,False,0.4345991561181435,0.9171826625386996,Counter-led,0.37747653806047965,0.7422600619195047,Counter-led,0.3767857142857143,0.7708189951823813,Counter-led,False,False,False,0.3893805309734513,0.8450854700854701,Counter-led,0.3948019801980198,0.8632478632478633,Counter-led,0.382532751091703,0.8994501178318932,Counter-led,False,False,False
E02000784,Richmond upon Thames,10,8,-0.0264496439471007,False,0.4782270606531882,0.8579052701801201,Counter-led,0.4562770562770563,0.7705136757838559,Counter-led,0.4968078932095183,0.8335752298016449,Symmetric,False,True,True,0.5120481927710844,0.8052668052668053,Symmetric,0.500886524822695,0.7817047817047817,Symmetric,0.5855752718946766,0.8472356935014549,Cascade-led,False,True,True
E02000785,Richmond upon Thames,10,10,-0.0111902339776195,False,0.4488255033557047,0.7650834403080873,Lateral,0.4756756756756757,0.9499358151476252,Counter-led,0.5059852670349908,0.9653333333333334,Symmetric,True,True,True,0.4426086956521739,0.7671781187458305,Lateral,0.46811492641906094,0.951967978652435,Counter-led,0.5764654032613487,0.9692439128577531,Cascade-led,True,True,True
E02000786,Richmond upon Thames,9,8,0.0274669379450661,False,0.4092777451556078,0.8549196787148594,Counter-led,0.4037227214377407,0.7821285140562249,Counter-led,0.5010771219302025,0.8424682395644283,Symmetric,False,True,True,0.4111261872455902,0.8461538461538461,Counter-led,0.40307242136064375,0.7847301951779564,Counter-led,0.5477047704770477,0.8556026184058529,Cascade-led,False,True,True
E02000787,Richmond upon Thames,9,7,-0.0457782299084436,False,0.4124293785310734,0.8100686498855835,Counter-led,0.44357272178636087,0.9479405034324943,Counter-led,0.4851729818780889,0.963874553394204,Symmetric,False,True,True,0.4163237311385459,0.8413156376226197,Counter-led,0.43040293040293043,0.9451817657241778,Counter-led,0.5346303501945525,0.9643527204502814,Cascade-led,False,True,True
E02000788,Richmond upon Thames,10,9,0.0213631739572737,False,0.3915391539153915,0.7426470588235294,Lateral,0.42624113475177305,0.9425133689839572,Counter-led,0.4843989769820971,0.9578637922586967,Symmetric,True,True,True,0.4214123006833713,0.7434377646062659,Lateral,0.43418647166361973,0.9263336155800169,Counter-led,0.5488810365135454,0.9512605042016806,Cascade-led,True,True,True
E02000789,Richmond upon Thames,9,8,-0.0040691759918616,False,0.3911368015414258,0.8205533596837945,Counter-led,0.41139804096170973,0.8877470355731225,Counter-led,0.4336399474375821,0.9146634615384616,Counter-led,False,False,False,0.3927203065134099,0.82922954725973,Counter-led,0.4101851851851852,0.857823669579031,Counter-led,0.5057324840764331,0.8976558033161807,Symmetric,False,True,True
E02000790,Richmond upon Thames,10,10,0.0020345879959308,False,0.3838951310861423,0.5014084507042254,Lateral,0.4537987679671458,0.9145539906103286,Counter-led,0.4929971988795518,0.9400921658986175,Symmetric,True,True,True,0.4097331240188383,0.6125,Lateral,0.45549738219895286,0.9182692307692307,Counter-led,0.547316384180791,0.9433710859427049,Cascade-led,True,True,True
E02000791,Richmond upon Thames,10,9,0.0233977619532044,False,0.4587884806355511,0.6892539356605065,Lateral,0.45476190476190476,0.8624229979466119,Counter-led,0.4646754738655945,0.8964984552008239,Counter-led,True,False,True,0.4588364434687157,0.6834208552138035,Lateral,0.46444249341527655,0.854463615903976,Counter-led,0.5356308411214953,0.8982161594963274,Cascade-led,True,True,True
E02000792,Richmond upon Thames,10,9,0.0305188199389623,False,0.4485842026825633,0.5209627329192547,Lateral,0.464746772591857,0.781832298136646,Counter-led,0.4944841012329656,0.8457738748627881,Symmetric,True,True,True,0.395007342143906,0.5434956105347167,Lateral,0.42650103519668736,0.770949720670391,Counter-led,0.5263509006004002,0.8393057110862262,Cascade-led,True,True,True
E02000793,Richmond upon Thames,9,8,-0.0437436419125127,True,0.4906284454244763,0.8857421875,Symmetric,0.4871508379888268,0.8740234375,Symmetric,0.5109649122807017,0.9138276553106213,Symmetric,False,False,False,0.487248322147651,0.861271676300578,Symmetric,0.49595687331536387,0.8578034682080925,Symmetric,0.6054474708171206,0.9126420454545454,Cascade-led,False,True,True
E02000794,Richmond upon Thames,10,9,0.0183112919633773,False,0.4738461538461538,0.5546075085324232,Lateral,0.5086021505376344,0.7935153583617748,Symmetric,0.5347274085138163,0.846932321315623,Cascade-led,True,True,True,0.3637901861252115,0.556497175141243,Lateral,0.4329268292682927,0.7721280602636534,Counter-led,0.5456692913385827,0.83994708994709,Cascade-led,True,True,True
E02000795,Richmond upon Thames,10,8,0.0091556459816887,False,0.5183946488294314,0.6281512605042017,Lateral,0.541782729805014,0.7542016806722689,Cascade-led,0.5449392712550607,0.8407079646017699,Cascade-led,True,False,True,0.379381443298969,0.6139240506329114,Lateral,0.4430769230769231,0.8227848101265823,Counter-led,0.5387673956262425,0.8778359511343804,Cascade-led,True,True,True
E02000796,Richmond upon Thames,8,6,-0.0946083418107832,False,0.4870651204281891,0.9436026936026936,Symmetric,0.4865831842576029,0.9410774410774411,Symmetric,0.4865831842576029,0.6674626865671642,Lateral,False,True,True,0.468013468013468,0.9428571428571428,Counter-led,0.4659977703455964,0.9492063492063492,Counter-led,0.4659977703455964,0.6407142857142857,Lateral,False,True,True
E02000797,Richmond upon Thames,10,9,0.0122075279755848,False,0.4462705436156763,0.5153094462540717,Lateral,0.5162364696086594,0.7824104234527687,Symmetric,0.5218352681039248,0.8441437237517498,Cascade-led,True,True,True,0.39453125,0.5089463220675944,Lateral,0.4325991189427313,0.752153744201458,Counter-led,0.5356531660011409,0.8241654913023038,Cascade-led,True,True,True
E02000798,Richmond upon Thames,10,8,-0.0376398779247202,False,0.4736164736164736,0.4977578475336323,Lateral,0.5320970042796006,0.8981422165278667,Cascade-led,0.567005076142132,0.9253170502583372,Cascade-led,True,False,True,0.4137447405329593,0.5583398590446359,Lateral,0.4609865470852018,0.8731401722787784,Counter-led,0.5533294048320566,0.9128563743948359,Cascade-led,True,True,True
E02000799,Richmond upon Thames,10,10,0.0122075279755849,False,0.4871794871794871,0.4756097560975609,Lateral,0.5361736334405145,0.8923959827833573,Cascade-led,0.4551724137931034,0.9311926605504587,Counter-led,True,True,True,0.4227941176470588,0.4742807323452485,Lateral,0.4863013698630137,0.8910200523103748,Symmetric,0.4611260053619302,0.9371859296482412,Counter-led,True,True,True
E02000800,Richmond upon Thames,7,5,0.0233977619532044,False,0.5216,0.9370314842578712,Cascade-led,0.5258899676375405,0.9265367316341829,Cascade-led,0.4590964590964591,0.9435483870967742,Counter-led,False,True,True,0.5772357723577236,0.9609375,Cascade-led,0.5763747454175153,0.958984375,Cascade-led,0.4649933949801849,0.9730077120822622,Counter-led,False,True,True
E02000801,Richmond upon Thames,10,10,0.0020345879959309,False,0.381404174573055,0.4366197183098591,Lateral,0.44961977186311786,0.8715824357912179,Counter-led,0.5039473684210526,0.9074626865671642,Symmetric,True,True,True,0.3333333333333333,0.4429319371727748,Lateral,0.4282380396732789,0.8973821989528796,Counter-led,0.546242774566474,0.9338731443994602,Cascade-led,True,True,True
E02000802,Richmond upon Thames,10,9,0.0091556459816887,False,0.4493392070484581,0.4503968253968254,Lateral,0.5198902606310014,0.7232142857142857,Lateral,0.5667550839964633,0.8021276595744681,Cascade-led,False,True,True,0.4229166666666666,0.5257393209200438,Lateral,0.46870653685674546,0.787513691128149,Counter-led,0.5826086956521739,0.8670322138450994,Cascade-led,True,True,True
E02000803,Richmond upon Thames,8,6,-0.1342828077314343,False,0.582302568981922,0.9528558476881231,Cascade-led,0.5796418473138548,0.9619220308250227,Cascade-led,0.5796418473138548,0.6585971446306642,Lateral,False,True,True,0.5311398354876615,0.944506104328524,Cascade-led,0.5297549591598599,0.951165371809101,Cascade-led,0.5297549591598599,0.5675496688741721,Lateral,False,True,True
E02000804,Richmond upon Thames,10,9,0.0122075279755849,False,0.3844797178130511,0.4496431403647898,Lateral,0.4365482233502538,0.7811260904044409,Counter-led,0.4818481848184818,0.8458961474036851,Symmetric,True,True,True,0.3925049309664694,0.4638609332113449,Lateral,0.4260485651214128,0.8289112534309241,Counter-led,0.5443708609271524,0.8898055391868003,Cascade-led,True,True,True
E02000805,Richmond upon Thames,10,8,0.0132248219735503,True,0.496900826446281,0.567741935483871,Lateral,0.49159970781592405,0.8029325513196481,Symmetric,0.5058664259927798,0.8683385579937304,Symmetric,True,False,True,0.4955300127713921,0.5698689956331878,Lateral,0.5089126559714795,0.8165938864628821,Symmetric,0.6168322007318349,0.8836027713625866,Cascade-led,True,True,True
E02000806,Richmond upon Thames,10,9,0.0040691759918616,False,0.4319444444444444,0.650994575045208,Lateral,0.462800875273523,0.8264014466546112,Counter-led,0.5421455938697318,0.8907849829351536,Cascade-led,True,True,True,0.4078498293515358,0.5973496432212029,Lateral,0.4468354430379747,0.8053007135575942,Counter-led,0.575619295958279,0.8892753623188406,Cascade-led,True,True,True
E02000807,Southwark,8,6,0.0254323499491352,False,0.4910759816420194,0.9423354156655456,Symmetric,0.48419468138484695,0.9577126381547333,Symmetric,0.4841946813848469,0.7271068952936884,Lateral,False,True,True,0.4906033630069238,0.9400278940027894,Symmetric,0.4877450980392157,0.9483960948396095,Symmetric,0.4877450980392157,0.6593406593406593,Lateral,False,True,True
E02000808,Southwark,6,4,0.0457782299084434,True,0.5698924731182796,0.8666666666666667,Cascade-led,0.5701943844492441,0.8297491039426523,Cascade-led,0.6002985074626865,0.8758169934640523,Cascade-led,False,False,False,0.5250800426894343,0.8401075911536162,Cascade-led,0.5353535353535354,0.8580394500896593,Cascade-led,0.5411868910540301,0.9048286916449609,Cascade-led,False,False,False
E02000809,Southwark,4,3,0.3509664292980671,False,0.5097502565856996,0.8655611489487711,Symmetric,0.5121056493030081,0.8072253479419603,Symmetric,0.5422755741127349,0.8547847423600268,Cascade-led,False,True,True,0.5,0.0,Lateral,0.5,0.0,Lateral,0.5,0.0,Lateral,False,False,False
E02000810,Southwark,3,2,0.0590030518819938,False,0.5268698060941829,0.8407079646017699,Cascade-led,0.5215827338129496,0.6474149976711691,Lateral,0.544468546637744,0.708958093041138,Lateral,True,False,True,0.4843501326259947,0.8771521637971149,Symmetric,0.4798657718120805,0.693345742205677,Lateral,0.4510759236703207,0.7889173606662396,Counter-led,True,True,True
E02000812,Southwark,4,3,-0.0874872838250254,False,0.5650671785028791,0.856626109832292,Cascade-led,0.5648148148148148,0.8168365669187767,Cascade-led,0.5892204628501827,0.8549856808122884,Cascade-led,False,False,False,0.5142475512021372,0.8770011714174151,Symmetric,0.5146002872187649,0.815696993361968,Symmetric,0.4815604998476074,0.8742339461763923,Symmetric,False,False,False
E02000813,Southwark,4,3,-0.0447609359104781,False,0.4831395348837209,0.8713272543059777,Symmetric,0.4747847478474785,0.8237082066869301,Counter-led,0.4849679645145391,0.8535969709718132,Symmetric,True,True,False,0.4586501901140684,0.8825503355704698,Counter-led,0.4539181862986693,0.8510906040268457,Counter-led,0.4413669064748201,0.886762360446571,Counter-led,False,False,False
E02000814,Southwark,6,4,-0.0233977619532044,False,0.4913710450623202,0.9049891540130152,Symmetric,0.49171539961013644,0.8902386117136659,Symmetric,0.5396373977959474,0.9174820613176777,Cascade-led,False,True,True,0.460573476702509,0.9087947882736156,Counter-led,0.45871559633027525,0.8876221498371335,Counter-led,0.4175416924027177,0.9214570290267502,Counter-led,False,False,False
E02000815,Southwark,6,5,-0.2807731434384537,True,0.6121939030484758,0.8913140311804009,Cascade-led,0.6188466947960619,0.9501113585746103,Cascade-led,0.675783855903936,0.9639871382636656,Cascade-led,False,False,False,0.5217576791808873,0.8489677653024267,Cascade-led,0.5398865784499055,0.9579862368706991,Cascade-led,0.5466631908237748,0.9706477732793523,Cascade-led,False,False,False
E02000816,Southwark,3,2,-0.0142421159715157,False,0.4630421502748931,0.8322318251143874,Counter-led,0.49281487743026203,0.6014234875444839,Lateral,0.4934123847167325,0.6594265855777585,Lateral,True,False,True,0.5020126509488212,0.8621715418939019,Symmetric,0.5003927729772192,0.6311353495290035,Lateral,0.4554655870445344,0.7264705882352941,Lateral,True,False,True
E02000817,Southwark,2,2,-0.0671414038657171,False,0.4853747714808044,0.781987133666905,Lateral,0.47766749379652607,0.5761258041458185,Lateral,0.4690873405299313,0.6321339950372209,Lateral,False,False,False,0.5154142581888247,0.8257756563245824,Symmetric,0.5030229746070133,0.6579156722354813,Lateral,0.4589490968801313,0.7390776699029126,Lateral,True,False,True
E02000818,Southwark,2,2,-0.0661241098677517,False,0.5034199726402189,0.7822364901016586,Lateral,0.49606299212598426,0.6115569823434992,Lateral,0.5134123518402994,0.6882782310004294,Lateral,False,False,False,0.522466039707419,0.808277027027027,Cascade-led,0.5268199233716475,0.6613175675675675,Lateral,0.5086461408688318,0.7472423573904822,Lateral,True,False,True
E02000819,Southwark,2,2,0.0132248219735503,False,0.5003717472118959,0.7530795072788354,Lateral,0.5204841713221602,0.6013437849944009,Lateral,0.5185685347738015,0.6753305973552212,Lateral,False,False,False,0.4381933438985737,0.7332945961650204,Lateral,0.42487046632124353,0.5607205113306217,Lateral,0.4211576846307385,0.6653386454183267,Lateral,False,False,False
E02000820,Southwark,4,3,-0.0630722278738555,False,0.5283819628647215,0.8575978161965423,Cascade-led,0.5312679288582903,0.7929936305732485,Cascade-led,0.568739054290718,0.8338809784592918,Cascade-led,False,False,False,0.5233545647558386,0.8555858310626703,Cascade-led,0.5347624565469293,0.7838328792007266,Cascade-led,0.514608492403584,0.8435754189944135,Symmetric,False,True,True
E02000821,Southwark,2,2,-0.1515768056968464,False,0.5185185185185185,0.6710982658959538,Lateral,0.5207877461706784,0.5283236994219653,Lateral,0.5061425061425061,0.5994108983799705,Lateral,False,False,False,0.4537885095753539,0.6762387387387387,Lateral,0.47186147186147187,0.5202702702702703,Lateral,0.4375490966221524,0.5990588235294118,Lateral,False,False,False
E02000822,Southwark,2,2,-0.0762970498474059,False,0.485838779956427,0.7094281298299846,Lateral,0.4323017408123791,0.532715095311695,Lateral,0.4469190794357832,0.5976042590949423,Lateral,False,False,False,0.4605128205128205,0.720620842572062,Lateral,0.4574468085106383,0.5558019216555802,Lateral,0.4086294416243655,0.6629276500280427,Lateral,False,False,False
E02000823,Southwark,3,2,-0.0437436419125127,False,0.5003142677561282,0.8364879074658255,Symmetric,0.4614035087719298,0.5993690851735016,Lateral,0.4909090909090909,0.6689834926151172,Lateral,True,False,True,0.4957208689927584,0.8645418326693227,Symmetric,0.49557522123893805,0.64314171883893,Lateral,0.4654654654654654,0.7264397905759162,Lateral,True,False,True
E02000824,Southwark,2,2,-0.0274669379450661,False,0.4830645161290323,0.6519453207150369,Lateral,0.4587737843551797,0.49737118822292326,Lateral,0.4559417946645109,0.5640674874601003,Lateral,False,False,False,0.5051710421638823,0.7549549549549549,Lateral,0.48927875243664715,0.6162162162162163,Lateral,0.4395380434782608,0.6972998578872572,Lateral,False,False,False
E02000825,Southwark,2,2,-0.0457782299084435,False,0.5070866141732283,0.6894679695982627,Lateral,0.5161943319838057,0.5363735070575462,Lateral,0.4879751745539177,0.6014932337844143,Lateral,False,False,False,0.4517338331771321,0.7771303714493809,Lateral,0.4574944071588367,0.651128914785142,Lateral,0.457863304578633,0.7588116817724069,Lateral,False,False,False
E02000826,Southwark,4,3,-0.1444557477110885,False,0.4872537659327925,0.8721576553815058,Symmetric,0.4909443725743855,0.7812026275896917,Symmetric,0.5034895314057827,0.8224682246822468,Symmetric,False,False,False,0.5203153426318982,0.8383324860193188,Cascade-led,0.5131926121372031,0.7707168276563294,Symmetric,0.4884875846501129,0.8308327081770442,Symmetric,True,False,True
E02000827,Southwark,3,2,-0.0427263479145473,False,0.5065342394145321,0.8350065473592317,Symmetric,0.5087719298245614,0.5971191619380183,Lateral,0.5096371882086168,0.6564942314849275,Lateral,True,False,True,0.4695849914724275,0.8656496062992126,Counter-led,0.4565050038491147,0.6392716535433071,Lateral,0.4287983059820011,0.7204424103737604,Lateral,True,False,True
E02000828,Southwark,2,2,-0.1007121057985758,False,0.4856031128404669,0.7029540481400438,Lateral,0.5125348189415042,0.5891684901531729,Lateral,0.4926793557833089,0.6452527161076995,Lateral,False,False,False,0.4837855724685638,0.745069033530572,Lateral,0.49924242424242427,0.650887573964497,Lateral,0.4594164456233421,0.7269571924411878,Lateral,False,False,False
E02000829,Southwark,2,1,-0.0233977619532044,False,0.500990099009901,0.7542942494398805,Lateral,0.492845786963434,0.9395070948469006,Symmetric,0.4964176049129989,0.9476236663433559,Symmetric,True,False,True,0.4588888888888889,0.7805724197745013,Lateral,0.4723004694835681,0.9236773633998265,Counter-led,0.4448099415204678,0.9395604395604396,Counter-led,True,False,True
E02000830,Southwark,5,3,0.138351983723296,False,0.5055493895671476,0.8436329588014981,Symmetric,0.4984875983061101,0.773876404494382,Symmetric,0.4975435462259937,0.822556943423953,Symmetric,False,False,False,0.5058386411889597,0.8351063829787234,Symmetric,0.48110979929161746,0.750886524822695,Symmetric,0.4521560574948665,0.8124791458124792,Counter-led,False,True,True
E02000831,Southwark,4,3,0.056968463886063,False,0.5458885941644562,0.8611238008222933,Cascade-led,0.5492625368731563,0.7743261763362266,Cascade-led,0.5381040892193308,0.8133030990173847,Cascade-led,False,False,False,0.5248112189859763,0.8520220588235294,Cascade-led,0.5263157894736842,0.7596507352941176,Cascade-led,0.4491456468673718,0.8245555182824555,Counter-led,False,True,True
E02000832,Southwark,3,2,-0.0335707019328585,False,0.5320304017372421,0.8779790276453765,Cascade-led,0.5341394025604552,0.6701620591039085,Lateral,0.5206035983749274,0.7134575569358178,Lateral,True,False,True,0.4592445328031809,0.8747826086956522,Counter-led,0.4613583138173302,0.7426086956521739,Counter-led,0.4082417582417582,0.803886925795053,Counter-led,False,False,False
E02000833,Southwark,5,4,0.0834181078331638,False,0.5695006747638327,0.8023822414726584,Cascade-led,0.5740863787375415,0.8148348673524635,Cascade-led,0.5943814687037949,0.8557570645297343,Cascade-led,False,False,False,0.5109090909090909,0.8233532934131736,Symmetric,0.5300751879699248,0.7964071856287425,Cascade-led,0.4627349319507453,0.8501377410468319,Counter-led,True,True,True
E02000834,Southwark,6,4,0.0295015259409969,False,0.513727560718057,0.8455357142857143,Symmetric,0.5174353205849269,0.79375,Symmetric,0.51209341117598,0.8384615384615385,Symmetric,False,False,False,0.4428571428571428,0.8544600938967136,Counter-led,0.4449732302201071,0.7892018779342723,Counter-led,0.3993274485077763,0.8412305516265912,Counter-led,False,False,False
E02000835,Southwark,5,3,0.0956256358087487,False,0.468954248366013,0.8869565217391304,Counter-led,0.48737137511693174,0.7746376811594203,Symmetric,0.4718361375274323,0.8146603098927294,Counter-led,True,True,False,0.4834307992202729,0.862910008410429,Symmetric,0.48577680525164113,0.768713204373423,Symmetric,0.4100827689992475,0.8285536159600998,Counter-led,False,True,True
E02000836,Southwark,7,5,0.0824008138351983,False,0.5355097365406644,0.9514986376021798,Cascade-led,0.5380184331797235,0.9460490463215259,Cascade-led,0.5216581276199348,0.9559216384683883,Cascade-led,False,False,False,0.4509561998766194,0.9631610219845514,Counter-led,0.4523364485981308,0.9536541889483066,Counter-led,0.3861429832303619,0.9667235494880546,Counter-led,False,False,False
E02000837,Southwark,8,7,0.0935910478128179,False,0.4868421052631579,0.9562913907284768,Symmetric,0.47796610169491527,0.9768211920529801,Counter-led,0.5268389662027833,0.9829018075232047,Cascade-led,True,True,True,0.509976057462091,0.9428141459744168,Symmetric,0.5103448275862069,0.981941309255079,Symmetric,0.5818476499189628,0.9872,Cascade-led,False,True,True
E02000838,Southwark,6,4,0.0834181078331637,False,0.5021888680425266,0.8420221169036335,Symmetric,0.5121293800539084,0.7814639283833597,Symmetric,0.4792176039119804,0.8313008130081301,Counter-led,False,True,True,0.5376009944064637,0.8367134685387415,Cascade-led,0.5348679756262694,0.7680707228289132,Cascade-led,0.4347426470588235,0.8299008390541571,Counter-led,False,True,True
E02000839,Southwark,6,4,-0.0233977619532044,False,0.4767964071856287,0.9094622191967324,Counter-led,0.46710526315789475,0.8277739959155889,Counter-led,0.45076726342711,0.8607594936708861,Counter-led,False,False,False,0.4693140794223827,0.912685337726524,Counter-led,0.48031496062992124,0.8369028006589786,Symmetric,0.4198524480214621,0.8827708703374778,Counter-led,True,True,False
E02000840,Sutton,4,3,-0.1637843336724313,False,0.5291878172588832,0.9016018306636157,Cascade-led,0.5205091937765205,0.8089244851258581,Cascade-led,0.4978494623655914,0.8477666362807658,Symmetric,False,True,True,0.5470798569725864,0.907027027027027,Cascade-led,0.5364583333333334,0.8302702702702702,Cascade-led,0.4591651542649728,0.8752978554408261,Counter-led,False,True,True
E02000841,Sutton,5,3,-0.150559511698881,False,0.5261083743842364,0.9494855004677268,Cascade-led,0.5158371040723982,0.8269410664172123,Symmetric,0.4542314335060449,0.8622486969471332,Counter-led,True,True,True,0.496962332928311,0.9154616240266964,Symmetric,0.5096774193548387,0.8620689655172413,Symmetric,0.4189686924493554,0.8975206611570248,Counter-led,False,True,True
E02000842,Sutton,9,7,0.0386571719226855,False,0.5064935064935064,0.8496551724137931,Symmetric,0.4747826086956522,0.7931034482758621,Counter-led,0.5477941176470589,0.84472049689441,Cascade-led,True,True,True,0.4658573596358118,0.8373570520965693,Counter-led,0.47242921013412814,0.8526048284625158,Counter-led,0.5675165250236072,0.9012765957446809,Cascade-led,False,True,True
E02000843,Sutton,7,5,0.0091556459816887,False,0.466887417218543,0.877906976744186,Counter-led,0.4690265486725664,0.875968992248062,Counter-led,0.4172661870503597,0.9071791153009428,Counter-led,False,False,False,0.4688279301745636,0.8813186813186813,Counter-led,0.4665551839464883,0.8761904761904762,Counter-led,0.4308641975308642,0.9055338177752935,Counter-led,False,False,False
E02000844,Sutton,7,5,-0.0895218718209562,False,0.4195121951219512,0.8836206896551724,Counter-led,0.42034313725490197,0.8793103448275862,Counter-led,0.3828264758497317,0.9089430894308943,Counter-led,False,False,False,0.4627507163323782,0.8481166464155528,Counter-led,0.46870451237263466,0.8347509113001215,Counter-led,0.3842213114754098,0.8776978417266187,Counter-led,False,False,False
E02000845,Sutton,9,8,-0.0111902339776195,True,0.4644295302013422,0.7959401709401709,Counter-led,0.4470314318975553,0.9177350427350427,Counter-led,0.5491974877878576,0.9490066225165563,Cascade-led,False,True,True,0.4919053549190536,0.8461538461538461,Symmetric,0.511864406779661,0.9325605900948367,Symmetric,0.6034602076124568,0.9575878064943671,Cascade-led,False,True,True
E02000846,Sutton,8,7,0.0590030518819939,False,0.4727272727272727,0.8421672555948174,Counter-led,0.4530046224961479,0.7644287396937574,Counter-led,0.5233333333333333,0.8181818181818182,Cascade-led,False,True,True,0.3894297635605007,0.8468786808009423,Counter-led,0.3824451410658307,0.751472320376914,Counter-led,0.5225933202357563,0.8283157038242474,Cascade-led,False,True,True
E02000847,Sutton,10,9,0.0111902339776195,False,0.4203389830508474,0.6990521327014217,Lateral,0.4458689458689459,0.8317535545023697,Counter-led,0.5079069767441861,0.8833196384552178,Symmetric,True,True,True,0.3905325443786982,0.6869918699186992,Lateral,0.4266666666666667,0.8130081300813008,Counter-led,0.5730050933786078,0.8951367781155015,Cascade-led,True,True,True
E02000848,Sutton,10,9,0.0071210579857579,False,0.4525252525252525,0.7322485207100592,Lateral,0.4664429530201342,0.8816568047337278,Counter-led,0.5339366515837104,0.91701244813278,Cascade-led,True,True,True,0.4607843137254901,0.7445255474452555,Lateral,0.4716666666666667,0.8759124087591241,Counter-led,0.5832540437678402,0.9251760563380281,Cascade-led,True,True,True
E02000849,Sutton,8,6,0.0406917599186165,False,0.4765013054830287,0.829004329004329,Counter-led,0.4739756367663344,0.9772727272727273,Counter-led,0.4739756367663344,0.7383483237939493,Lateral,False,True,True,0.3494704992435703,0.8314465408805032,Counter-led,0.37139107611548555,0.9584905660377359,Counter-led,0.3713910761154855,0.6695957820738138,Lateral,False,True,True
E02000850,Sutton,9,7,-0.005086469989827,False,0.4652173913043478,0.8582089552238806,Counter-led,0.46953405017921146,0.7807835820895522,Counter-led,0.5470890410958904,0.8325017818959373,Cascade-led,False,True,True,0.4253164556962025,0.8777777777777778,Counter-led,0.4194528875379939,0.7311111111111112,Lateral,0.5576407506702413,0.8221895664952241,Cascade-led,True,True,True
E02000851,Sutton,6,4,-0.0233977619532044,False,0.5182841068917018,0.9588671611598112,Symmetric,0.5232129697862933,0.9150370869858395,Cascade-led,0.495311638168781,0.9350180505415162,Symmetric,True,True,False,0.4928533615669666,0.9454454454454454,Symmetric,0.499184339314845,0.9204204204204204,Symmetric,0.4533066132264529,0.9400904295403165,Counter-led,False,True,True
E02000852,Sutton,9,8,0.0203458799593082,False,0.4348958333333333,0.8109820485744457,Counter-led,0.45871559633027525,0.9208025343189018,Counter-led,0.5218446601941747,0.9427917620137299,Cascade-led,False,True,True,0.4509803921568627,0.7727272727272727,Lateral,0.45870535714285715,0.9050505050505051,Counter-led,0.548235294117647,0.9313367421475529,Cascade-led,True,True,True
E02000853,Sutton,8,7,-0.0376398779247202,False,0.4818652849740932,0.8530386740331491,Symmetric,0.4648318042813456,0.7226519337016575,Lateral,0.5399014778325123,0.80173775671406,Cascade-led,True,True,True,0.5026109660574413,0.8626126126126126,Symmetric,0.48514851485148514,0.7961711711711712,Symmetric,0.596441947565543,0.855084067253803,Cascade-led,False,True,True
E02000854,Sutton,9,8,0.0091556459816887,False,0.4620886981402002,0.8213866039952996,Counter-led,0.47006369426751593,0.9224441833137486,Counter-led,0.5512715340442986,0.9486381322957198,Cascade-led,False,True,True,0.4194053208137715,0.8098859315589354,Counter-led,0.4169054441260745,0.8846641318124208,Counter-led,0.5311320754716982,0.9209383145091226,Cascade-led,False,True,True
E02000855,Sutton,10,10,-0.0061037639877924,False,0.4611398963730569,0.7385204081632653,Lateral,0.4634146341463415,0.889030612244898,Counter-led,0.5354896675651393,0.9275,Cascade-led,True,True,True,0.4072790294627383,0.7662682602921647,Lateral,0.42105263157894735,0.8831341301460823,Counter-led,0.5571302037201062,0.9276910435497124,Cascade-led,True,True,True
E02000856,Sutton,8,7,0.0172939979654119,False,0.4551645856980704,0.7810283687943262,Lateral,0.4601571268237935,0.7898936170212766,Counter-led,0.5203583061889251,0.8382252559726963,Cascade-led,True,True,True,0.4531410916580844,0.8242784380305602,Counter-led,0.456353591160221,0.7682512733446519,Counter-led,0.5622286541244573,0.8350453172205438,Cascade-led,False,True,True
E02000857,Sutton,9,7,0.0539165818921668,False,0.4868012422360248,0.8434839554682384,Symmetric,0.4848249027237354,0.8415193189259987,Symmetric,0.5183189655172413,0.8846520495710201,Symmetric,False,False,False,0.3922077922077922,0.8467741935483871,Counter-led,0.4089253187613843,0.8049853372434017,Counter-led,0.5175792507204611,0.8670664667666167,Symmetric,False,True,True
E02000858,Sutton,4,3,-0.1576805696846388,False,0.5118421052631579,0.892018779342723,Symmetric,0.5078683834048641,0.8204225352112676,Symmetric,0.4598214285714285,0.8541468064823642,Counter-led,False,True,True,0.4887955182072829,0.8612786489746683,Symmetric,0.49028400597907323,0.8069963811821471,Symmetric,0.411578947368421,0.8558558558558559,Counter-led,False,True,True
E02000859,Sutton,8,7,0.0356052899287894,False,0.4418604651162791,0.8294416243654822,Counter-led,0.43575418994413406,0.7269035532994924,Lateral,0.5083333333333333,0.8005930318754633,Symmetric,True,True,True,0.4806201550387597,0.8358531317494601,Symmetric,0.46111111111111114,0.7775377969762419,Counter-led,0.562390158172232,0.8467261904761905,Cascade-led,True,True,True
E02000860,Sutton,7,5,-0.0722278738555443,False,0.4722427831236121,0.9285223367697596,Counter-led,0.4725111441307578,0.925085910652921,Counter-led,0.4685242518059855,0.9467513434294089,Counter-led,False,False,False,0.4671698113207547,0.9278711484593838,Counter-led,0.4604758250191865,0.9124649859943977,Counter-led,0.4040296924708377,0.9378418697165589,Counter-led,False,False,False
E02000861,Sutton,10,10,0.0142421159715158,True,0.5436241610738255,0.8418079096045198,Cascade-led,0.5389507154213037,0.8884180790960452,Cascade-led,0.5953582240161454,0.9261682242990654,Cascade-led,False,False,False,0.465625,0.8707482993197279,Counter-led,0.4773060029282577,0.9292517006802721,Counter-led,0.5679442508710801,0.9566666666666667,Cascade-led,False,True,True
E02000863,Sutton,9,7,0.0427263479145473,True,0.4906054279749478,0.8216123499142367,Symmetric,0.5210280373831776,0.7341337907375644,Cascade-led,0.5911047345767575,0.818075117370892,Cascade-led,True,False,True,0.4292803970223325,0.7810077519379846,Lateral,0.44168734491315137,0.7810077519379846,Counter-led,0.6057934508816121,0.8754134509371555,Cascade-led,True,True,True
E02000864,Tower Hamlets,1,1,0.0376398779247202,False,0.4834983498349835,0.6641095890410958,Lateral,0.48742411101474414,0.6317808219178083,Lateral,0.5197704081632653,0.7,Lateral,False,False,False,0.5449101796407185,0.6662234042553191,Lateral,0.5474254742547425,0.6542553191489362,Lateral,0.51530852567122,0.7313124354116431,Lateral,False,False,False
E02000865,Tower Hamlets,1,1,0.017293997965412,False,0.5019569471624267,0.6328173374613003,Lateral,0.506519558676028,0.6173374613003096,Lateral,0.525828835774865,0.6772845953002611,Lateral,False,False,False,0.4818024263431542,0.678424456202234,Lateral,0.48010610079575594,0.6649029982363316,Lateral,0.4670967741935484,0.7311320754716981,Lateral,False,False,False
E02000866,Tower Hamlets,3,2,0.1108850457782299,False,0.4685150375939849,0.8532477947072975,Counter-led,0.4909090909090909,0.7497995188452286,Symmetric,0.5005968961400716,0.8010838380618426,Symmetric,True,False,True,0.4791764155357979,0.8665855636658556,Counter-led,0.5005675368898979,0.7145174371451744,Lateral,0.4809688581314879,0.7869894099848714,Symmetric,True,True,True
E02000867,Tower Hamlets,4,3,0.0284842319430315,False,0.4778537990637378,0.9356469002695418,Counter-led,0.49063231850117095,0.8632075471698113,Symmetric,0.5041420118343195,0.8927628103539356,Symmetric,True,False,True,0.4624913971094287,0.9335046578862832,Counter-led,0.46996723698580267,0.8824285255380662,Counter-led,0.4433289299867899,0.9118284750662491,Counter-led,False,False,False
E02000868,Tower Hamlets,2,2,0.0478128179043743,False,0.5049051667756703,0.8167735042735043,Symmetric,0.5087187263078089,0.7045940170940171,Lateral,0.539727582292849,0.7611231101511879,Cascade-led,True,True,True,0.4625579854208085,0.797568710359408,Counter-led,0.49292452830188677,0.6723044397463002,Lateral,0.4845468831849135,0.7548438117833136,Lateral,True,False,True
E02000869,Tower Hamlets,1,1,0.0783316378433367,False,0.5162907268170426,0.6,Lateral,0.5147625160462131,0.5857142857142857,Lateral,0.5100917431192661,0.664229128580134,Lateral,False,False,False,0.4962486602357985,0.699400299850075,Lateral,0.49404117009750814,0.691904047976012,Lateral,0.4929078014184397,0.7742998352553542,Lateral,False,False,False
E02000870,Tower Hamlets,3,2,-0.0040691759918616,False,0.4943988050784167,0.8523233609166136,Symmetric,0.46905829596412557,0.7097390197326544,Lateral,0.5201388888888889,0.759493670886076,Cascade-led,True,True,True,0.4965727341964965,0.8695364238410596,Symmetric,0.5110220440881763,0.6609271523178808,Lateral,0.4860335195530726,0.7366255144032922,Lateral,True,False,True
E02000871,Tower Hamlets,1,1,0.0590030518819939,False,0.5375609756097561,0.5616438356164384,Lateral,0.5465465465465466,0.5473972602739726,Lateral,0.5675057208237986,0.6134768366869443,Lateral,False,False,False,0.4792477302204929,0.6408977556109726,Lateral,0.47820343461030385,0.6292601828761429,Lateral,0.4456381607219596,0.7228953091022057,Lateral,False,False,False
E02000872,Tower Hamlets,1,1,0.1271617497456765,False,0.4720452937013447,0.635056179775281,Lateral,0.4722822174226062,0.6242696629213483,Lateral,0.5160938352427714,0.6867740726863995,Lateral,False,False,False,0.5111695137976346,0.696248856358646,Lateral,0.5103264490339774,0.6866422689844465,Lateral,0.5013089005235603,0.7699025864964729,Lateral,False,False,False
E02000873,Tower Hamlets,3,3,0.0142421159715157,True,0.5778364116094987,0.8603859250851306,Cascade-led,0.6323215049166311,0.884979190314037,Cascade-led,0.6939845474613686,0.9226069246435845,Cascade-led,False,False,False,0.5725031341412453,0.8939110945087785,Cascade-led,0.5884107371112058,0.8767276802390735,Cascade-led,0.5912328767123287,0.9170854271356784,Cascade-led,False,False,False
E02000874,Tower Hamlets,2,2,-0.034587995930824,False,0.5295950155763239,0.8241335044929397,Cascade-led,0.5518181818181818,0.7060333761232349,Lateral,0.55,0.7660878447395302,Cascade-led,True,True,False,0.5188794153471377,0.8140803173029252,Symmetric,0.5294535131298793,0.698562221120476,Lateral,0.503426462836057,0.7572854291417166,Lateral,True,False,True
E02000875,Tower Hamlets,1,1,0.1302136317395727,False,0.4875389408099688,0.6134734830387004,Lateral,0.4931174089068826,0.5900621118012422,Lateral,0.5258724428399518,0.6595238095238095,Lateral,False,False,False,0.4839650145772595,0.6548300878197786,Lateral,0.48018923713778827,0.6456662848415425,Lateral,0.4553257900897386,0.7341735892294472,Lateral,False,False,False
E02000876,Tower Hamlets,1,1,0.0335707019328585,False,0.4391408114558472,0.6664899257688229,Lateral,0.446530612244898,0.6495227995758218,Lateral,0.5066206102475532,0.7243536280233528,Lateral,False,False,False,0.4616922051965356,0.6847627737226277,Lateral,0.46060606060606063,0.677463503649635,Lateral,0.4650166587339362,0.7482193732193733,Lateral,False,False,False
E02000877,Tower Hamlets,1,1,0.1180061037639877,False,0.4895482130815913,0.6439426834563613,Lateral,0.4982456140350877,0.6187581415544942,Lateral,0.5188825659596482,0.687655638562789,Lateral,False,False,False,0.5143280632411067,0.6514322497586096,Lateral,0.5168088309081786,0.6414547795300933,Lateral,0.494204425711275,0.7187578894218631,Lateral,False,False,False
E02000878,Tower Hamlets,1,1,0.1607324516785351,False,0.3971631205673759,0.6746411483253588,Lateral,0.3991844132306298,0.659988038277512,Lateral,0.4909390444810543,0.7274688398849473,Lateral,False,False,False,0.4229035166816952,0.7023432552248259,Lateral,0.42442124375851115,0.6975934135528816,Lateral,0.4535871156661786,0.7814645308924485,Counter-led,False,True,True
E02000879,Tower Hamlets,2,2,0.0427263479145473,False,0.4977692797960484,0.8513293543136191,Symmetric,0.5126353790613718,0.7514921323928377,Symmetric,0.5595369349503859,0.7984154929577465,Cascade-led,False,True,True,0.5103817816476892,0.7829050865233351,Lateral,0.5232292460015232,0.6885159937073938,Lateral,0.4894911504424779,0.7527060782681099,Lateral,False,False,False
E02000880,Tower Hamlets,2,2,0.0559511698880976,False,0.5333806818181818,0.8282352941176471,Cascade-led,0.5509708737864077,0.7270588235294118,Lateral,0.5668380462724936,0.7702970297029703,Cascade-led,True,True,False,0.4797979797979798,0.7849355797819624,Counter-led,0.4909217877094972,0.709613478691774,Lateral,0.4963692946058091,0.7669053301511536,Lateral,True,False,True
E02000881,Tower Hamlets,1,1,0.0030518819938962,False,0.5422818791946309,0.5601503759398496,Lateral,0.5435393258426966,0.5353383458646617,Lateral,0.5234972677595628,0.5968688845401174,Lateral,False,False,False,0.5044510385756676,0.6397721879449454,Lateral,0.5037821482602118,0.6274323682961557,Lateral,0.4780534351145038,0.7275251648733079,Lateral,False,False,False
E02000882,Tower Hamlets,1,1,0.0498474059003051,False,0.4667349027635619,0.6619241192411924,Lateral,0.47513227513227513,0.6402439024390244,Lateral,0.4742616033755274,0.6905594405594405,Lateral,False,False,False,0.5499580184718724,0.6410118406889128,Lateral,0.550552251486831,0.6334768568353067,Lateral,0.4910559723023658,0.7178956089478045,Lateral,False,False,False
E02000883,Tower Hamlets,1,1,0.0142421159715157,False,0.3910550458715596,0.5677083333333334,Lateral,0.40540540540540543,0.5299479166666666,Lateral,0.4434865900383142,0.5911664779161948,Lateral,False,False,False,0.5157096424702059,0.5546875,Lateral,0.5170893054024256,0.5450721153846154,Lateral,0.4973297730307076,0.6643015521064302,Lateral,False,False,False
E02000884,Tower Hamlets,1,1,0.3540183112919634,False,0.4541742286751361,0.7146562905317769,Lateral,0.4549256505576208,0.6977950713359273,Lateral,0.5299901671583087,0.7660055234747678,Cascade-led,False,True,True,0.4478854478854479,0.7354886113152094,Lateral,0.44594139440889186,0.7271614009306883,Lateral,0.4608774310266847,0.798771676300578,Counter-led,False,True,True
E02000885,Tower Hamlets,1,1,0.0142421159715157,False,0.3989247311827957,0.6387362637362637,Lateral,0.4022099447513812,0.6215659340659341,Lateral,0.4337455830388692,0.6726084373143196,Lateral,False,False,False,0.4497607655502392,0.6010064701653487,Lateral,0.45787545787545786,0.5887850467289719,Lateral,0.4576419213973799,0.6668608037274316,Lateral,False,False,False
E02000886,Tower Hamlets,2,2,0.155645981688708,False,0.5160390516039052,0.863855421686747,Symmetric,0.5194424064563463,0.8210843373493976,Symmetric,0.5164319248826291,0.8658536585365854,Symmetric,False,False,False,0.4530332681017612,0.8319088319088319,Counter-led,0.4309301045679692,0.7395197395197395,Lateral,0.426051051051051,0.8062953995157385,Counter-led,True,True,False
E02000887,Tower Hamlets,1,1,0.1098677517802645,False,0.5292553191489362,0.5878061490359562,Lateral,0.528584817244611,0.5560187597707139,Lateral,0.5172900494001411,0.624504186866461,Lateral,False,False,False,0.4719101123595505,0.6164502164502165,Lateral,0.4716312056737589,0.6103896103896104,Lateral,0.4707533926064576,0.7036549226210076,Lateral,False,False,False
E02000888,Tower Hamlets,1,1,0.3570701932858596,False,0.4617691154422789,0.7218614718614719,Lateral,0.4645110410094637,0.6861471861471862,Lateral,0.5028153153153153,0.7538200339558574,Symmetric,False,True,True,0.4431057563587684,0.6923076923076923,Lateral,0.4445196211096076,0.6848934198331789,Lateral,0.4159531320414601,0.7654363573646085,Lateral,False,False,False
E02000889,Tower Hamlets,3,2,0.2909460834181078,False,0.4638906961613533,0.903586125808348,Counter-led,0.459480122324159,0.7689594356261023,Counter-led,0.4822857142857142,0.8166122258516099,Symmetric,False,True,True,0.4361510791366906,0.9171134020618557,Counter-led,0.4460020768431983,0.7942268041237114,Counter-led,0.4502180232558139,0.8465087665333744,Counter-led,False,False,False
E02000890,Tower Hamlets,8,6,0.1342828077314344,False,0.5104,0.9433962264150944,Symmetric,0.5087719298245614,0.9464150943396227,Symmetric,0.5087719298245614,0.6596528143082588,Lateral,False,True,True,0.4601701469450889,0.9369565217391304,Counter-led,0.4602929838087895,0.9398550724637681,Counter-led,0.4602929838087895,0.6274794388001935,Lateral,False,True,True
E02000891,Tower Hamlets,2,1,0.468972533062055,False,0.4705244122965642,0.8406810580723624,Counter-led,0.5006119951040392,0.7452113104287017,Symmetric,0.549957056971085,0.8065111983375663,Cascade-led,True,True,True,0.5,0.0,Lateral,0.5,0.0,Lateral,0.5,0.0,Lateral,False,False,False
E02000893,Tower Hamlets,4,3,0.1180061037639877,False,0.4464285714285714,0.916155419222904,Counter-led,0.45057471264367815,0.8895705521472392,Counter-led,0.4727592267135325,0.913322632423756,Counter-led,False,False,False,0.4328358208955223,0.8993288590604027,Counter-led,0.42492260061919507,0.8671140939597315,Counter-led,0.4032819492789657,0.9103666817564509,Counter-led,False,False,False
E02000894,Tower Hamlets,6,4,0.1943031536113937,False,0.4867075664621677,0.9346330275229358,Symmetric,0.48422381152713506,0.9086391437308868,Symmetric,0.5161094224924012,0.932275432133749,Symmetric,False,False,False,0.419828641370869,0.9315849486887116,Counter-led,0.41898052217157067,0.9171417711896618,Counter-led,0.4027459954233409,0.9413031771674745,Counter-led,False,False,False
E02000895,Waltham Forest,4,3,0.0122075279755849,True,0.4302103250478011,0.8381410256410257,Counter-led,0.42038216560509556,0.7548076923076923,Counter-led,0.3638814016172507,0.829050279329609,Counter-led,False,False,False,0.416403785488959,0.8967468175388967,Counter-led,0.4181523500810373,0.8727015558698727,Counter-led,0.3510204081632653,0.9158878504672897,Counter-led,False,False,False
E02000896,Waltham Forest,7,5,0.1129196337741608,False,0.5443983402489626,0.9533227848101266,Cascade-led,0.543046357615894,0.9556962025316456,Cascade-led,0.4899169632265717,0.9678530424799081,Symmetric,False,True,True,0.4059775840597758,0.9491725768321512,Counter-led,0.4069912609238452,0.9468085106382979,Counter-led,0.3469827586206896,0.9686847599164927,Counter-led,False,False,False
E02000897,Waltham Forest,3,2,0.0651068158697864,False,0.439873417721519,0.8112965340179717,Counter-led,0.45454545454545453,0.7342747111681643,Counter-led,0.408433734939759,0.8003857280617165,Counter-led,False,False,False,0.4884135472370766,0.8118668596237337,Symmetric,0.4950884086444008,0.7366136034732272,Lateral,0.3566810344827586,0.836036036036036,Counter-led,True,True,True
E02000898,Waltham Forest,4,3,0.0467955239064089,True,0.3873239436619718,0.8942065491183879,Counter-led,0.394856278366112,0.8324937027707808,Counter-led,0.3533755274261603,0.8769657724329325,Counter-led,False,False,False,0.4465875370919881,0.8938992042440318,Counter-led,0.4451510333863275,0.8342175066312998,Counter-led,0.3911671924290221,0.8838289962825279,Counter-led,False,False,False
E02000899,Waltham Forest,5,4,0.0386571719226856,True,0.4394977168949772,0.9711751662971176,Counter-led,0.431924882629108,0.9445676274944568,Counter-led,0.3930211202938475,0.9561018437225637,Counter-led,False,False,False,0.3987341772151899,0.9705159705159704,Counter-led,0.3892529488859764,0.9373464373464373,Counter-led,0.3300359712230216,0.9561478933791917,Counter-led,False,False,False
E02000900,Waltham Forest,3,2,0.0467955239064089,False,0.4153225806451613,0.7622950819672131,Lateral,0.43051359516616317,0.6782786885245902,Lateral,0.3773584905660377,0.7523659305993691,Counter-led,False,True,True,0.4338709677419355,0.7175925925925926,Lateral,0.4355628058727569,0.7094907407407407,Lateral,0.3684794672586015,0.7821180555555556,Counter-led,False,True,True
E02000901,Waltham Forest,6,4,0.1454730417090539,True,0.3905191873589165,0.9693654266958424,Counter-led,0.37822014051522246,0.9343544857768052,Counter-led,0.3494363929146538,0.9539170506912442,Counter-led,False,False,False,0.4059701492537313,0.9598853868194842,Counter-led,0.4010416666666667,0.9169054441260746,Counter-led,0.330795847750865,0.9432114882506527,Counter-led,False,False,False
E02000902,Waltham Forest,3,3,0.0773143438453713,False,0.4625603864734299,0.7150259067357513,Lateral,0.46296296296296297,0.8393782383419689,Counter-led,0.4101531023368251,0.869656622284513,Counter-led,True,False,True,0.4416058394160584,0.7061855670103093,Lateral,0.4429735234215886,0.8436426116838488,Counter-led,0.3746312684365782,0.881664499349805,Counter-led,True,False,True
E02000903,Waltham Forest,1,1,0.0152594099694811,False,0.5033557046979866,0.8359046283309958,Symmetric,0.4974271012006861,0.8176718092566619,Symmetric,0.4671428571428571,0.8433734939759037,Counter-led,False,True,True,0.5254582484725051,0.8378839590443686,Cascade-led,0.5440860215053763,0.7935153583617748,Cascade-led,0.4284671532846715,0.8498759305210918,Counter-led,False,True,True
E02000904,Waltham Forest,4,3,0.190233977619532,False,0.520415738678545,0.9264099037138928,Cascade-led,0.5164750957854406,0.8975240715268226,Symmetric,0.4718954248366013,0.9112567004169149,Counter-led,True,True,True,0.4091324200913242,0.910981697171381,Counter-led,0.39496611810261373,0.8594009983361065,Counter-led,0.3452702702702703,0.897513644633111,Counter-led,False,False,False
E02000905,Waltham Forest,3,2,0.2410986775178026,False,0.451036454610436,0.7090724784591992,Lateral,0.46354635463546356,0.5631018753167765,Lateral,0.4366782006920415,0.6263545730385782,Lateral,False,False,False,0.4333042720139494,0.7419146183699871,Lateral,0.4,0.6177231565329884,Lateral,0.3281461434370771,0.7143547607539874,Lateral,False,False,False
E02000906,Waltham Forest,3,2,0.1719226856561546,False,0.4210526315789473,0.6972477064220184,Lateral,0.42870999030067897,0.5911697247706422,Lateral,0.4199553239017126,0.6532101167315175,Lateral,False,False,False,0.4689075630252101,0.7314074984634297,Lateral,0.4891640866873065,0.5955746773202213,Lateral,0.3948646773074254,0.6865173892329681,Lateral,False,False,False
E02000907,Waltham Forest,1,1,0.0335707019328585,False,0.5053908355795148,0.8258208124652198,Symmetric,0.5058742225293711,0.805230940456316,Symmetric,0.4849808847624249,0.8395231545162769,Symmetric,False,False,False,0.496513249651325,0.8289017341040462,Symmetric,0.4949928469241774,0.8080924855491329,Symmetric,0.4358419057931781,0.8476365305185866,Counter-led,False,True,True
E02000908,Waltham Forest,3,2,0.2187182095625635,False,0.4221192819918934,0.716597510373444,Lateral,0.41374373657838226,0.5796680497925312,Lateral,0.4229910714285714,0.6388591800356507,Lateral,False,False,False,0.4743784880771182,0.775984251968504,Lateral,0.5047199496538703,0.6255905511811024,Lateral,0.461028838659392,0.7295990901336367,Lateral,False,False,False
E02000909,Waltham Forest,4,3,0.1963377416073245,False,0.4355377421509686,0.9111381618989652,Counter-led,0.42857142857142855,0.8734023128423616,Counter-led,0.4141583054626533,0.8961038961038961,Counter-led,False,False,False,0.4830747531734838,0.908974358974359,Symmetric,0.4770575382374363,0.8801282051282051,Counter-led,0.4128094725511302,0.908557457212714,Counter-led,True,False,True
E02000910,Waltham Forest,3,2,0.1454730417090539,False,0.4989082969432314,0.727561556791104,Lateral,0.5112627986348123,0.5818109610802223,Lateral,0.4912,0.6403688524590164,Lateral,False,False,False,0.4304562946673996,0.7678345293372731,Lateral,0.42549019607843136,0.6458421274799493,Lateral,0.3640054127198917,0.7254581151832461,Lateral,False,False,False
E02000911,Waltham Forest,1,1,0.1434384537131231,False,0.4628185127405096,0.8449033391915641,Counter-led,0.4632313472893183,0.8185413005272407,Counter-led,0.4523090202848511,0.8487179487179487,Counter-led,False,False,False,0.4689800210304942,0.8159588159588159,Counter-led,0.4712828770799785,0.7992277992277992,Counter-led,0.4237019421323821,0.843530591775326,Counter-led,False,False,False
E02000912,Waltham Forest,2,2,0.0661241098677517,False,0.4371929824561403,0.8338209479227618,Counter-led,0.4213709677419355,0.5804564072557051,Lateral,0.4042056074766355,0.6416791604197901,Lateral,True,False,True,0.4722955145118733,0.8233164373642288,Counter-led,0.4616368286445013,0.5662563359884142,Lateral,0.3791973791973791,0.6708791208791208,Lateral,True,False,True
E02000913,Waltham Forest,3,2,0.1098677517802644,False,0.4109803921568628,0.7434402332361516,Lateral,0.39325842696629215,0.5708454810495627,Lateral,0.4124336618650492,0.6418491484184915,Lateral,False,False,False,0.4020725388601036,0.7223053892215568,Lateral,0.39867549668874175,0.5651197604790419,Lateral,0.33099209833187,0.6622093023255814,Lateral,False,False,False
E02000914,Waltham Forest,1,1,0.0284842319430315,False,0.4662398137369034,0.8315585672797676,Counter-led,0.4656534954407295,0.7962245885769603,Counter-led,0.4550619834710744,0.821383114128129,Counter-led,False,False,False,0.4804334738109572,0.827191235059761,Symmetric,0.48205445544554454,0.8047808764940239,Symmetric,0.4251554280248685,0.842126459927507,Counter-led,False,True,True
E02000915,Waltham Forest,3,2,0.2339776195320447,False,0.4601226993865031,0.6914103923647932,Lateral,0.4883011190233978,0.5212089077412513,Lateral,0.4986737400530504,0.625466611364579,Lateral,False,False,False,0.4775767112509835,0.7707701637355974,Lateral,0.4692556634304207,0.5621588841722256,Lateral,0.3681693989071038,0.6697163769441903,Lateral,False,False,False
E02000916,Waltham Forest,2,2,0.1129196337741607,False,0.4230043997485858,0.8113207547169812,Counter-led,0.4071691176470588,0.5548189699133096,Lateral,0.4108068097705403,0.6074640287769785,Lateral,True,False,True,0.4880352644836272,0.788480635551142,Symmetric,0.4695801199657241,0.5794438927507448,Lateral,0.4092526690391459,0.6656138965653375,Lateral,True,False,True
E02000917,Waltham Forest,3,2,0.2553407934893184,False,0.4379895561357702,0.7069681587448085,Lateral,0.46572934973637964,0.5251499769266267,Lateral,0.4443681318681318,0.5859154929577465,Lateral,False,False,False,0.4385493619879113,0.7489939637826962,Lateral,0.4213536701620591,0.5276659959758552,Lateral,0.3680943513345748,0.6317647058823529,Lateral,False,False,False
E02000918,Waltham Forest,2,2,0.1322482197355035,False,0.4318046456223943,0.823846908734053,Counter-led,0.4264705882352941,0.5672227674190383,Lateral,0.4228356336260979,0.6437802907915994,Lateral,True,False,True,0.4932634730538922,0.7952380952380952,Symmetric,0.49107142857142855,0.6,Lateral,0.4207397622192866,0.6925892040256175,Lateral,True,False,True
E02000919,Waltham Forest,3,2,0.2044760935910478,False,0.4021673690547863,0.7539718565592374,Lateral,0.38961038961038963,0.5242850658193373,Lateral,0.4079283887468031,0.5987748851454824,Lateral,False,False,False,0.4266666666666667,0.7713026444662096,Lateral,0.40857392825896766,0.559745347698335,Lateral,0.3575190169689877,0.6552914110429447,Lateral,False,False,False
E02000920,Waltham Forest,2,2,0.1027466937945066,False,0.433810888252149,0.7839173405211141,Counter-led,0.4306260575296108,0.5309973045822103,Lateral,0.442443729903537,0.5983070411696807,Lateral,True,False,True,0.4413702239789196,0.7893915756630265,Counter-led,0.4296650717703349,0.5434217368694748,Lateral,0.3828025477707006,0.6413398692810458,Lateral,True,False,True
E02000921,Waltham Forest,2,1,0.0874872838250254,False,0.4346310284718187,0.7766245487364621,Lateral,0.4265318262938727,0.7585740072202166,Counter-led,0.4156159068865179,0.7939930689256834,Counter-led,True,False,True,0.4358502148557397,0.805239742956006,Counter-led,0.46153846153846156,0.7647058823529411,Counter-led,0.4047388781431335,0.8128930817610063,Counter-led,False,False,False
E02000922,Waltham Forest,3,2,0.1566632756866734,False,0.5346534653465347,0.7867210682492581,Cascade-led,0.5463615023474179,0.6320474777448071,Lateral,0.5117150890346767,0.6826615483045425,Lateral,True,False,True,0.4397834912043302,0.7673935617860852,Lateral,0.46912442396313364,0.563343717549325,Lateral,0.4092777451556078,0.6694182389937107,Lateral,False,False,False
E02000923,Wandsworth,7,6,0.091556459816887,False,0.5266170578133944,0.9194736842105264,Cascade-led,0.515868436237738,0.9121052631578948,Symmetric,0.515868436237738,0.7076357697019191,Lateral,True,True,True,0.5020080321285141,0.9251592356687898,Symmetric,0.4930555555555556,0.9171974522292994,Symmetric,0.4930555555555556,0.6433358153387937,Lateral,False,True,True
E02000924,Wandsworth,3,2,0.0233977619532044,False,0.4866986480593109,0.8964034401876466,Symmetric,0.483505662235352,0.793979671618452,Symmetric,0.5270771513353115,0.8364877443375737,Cascade-led,False,True,True,0.5,0.0,Lateral,0.5,0.0,Lateral,0.5,0.0,Lateral,False,False,False
E02000925,Wandsworth,2,2,0.1200406917599186,False,0.4934687953555878,0.9342372881355931,Symmetric,0.4919148936170213,0.7966101694915254,Symmetric,0.4940944881889764,0.8355263157894737,Symmetric,False,False,False,0.5101351351351351,0.9238451935081148,Symmetric,0.51203007518797,0.8302122347066168,Symmetric,0.4603174603174603,0.8811188811188811,Counter-led,False,True,True
E02000926,Wandsworth,6,4,0.1759918616480162,False,0.4564885496183206,0.8333333333333334,Counter-led,0.4654150197628458,0.8583545377438507,Counter-led,0.4945295404814004,0.8914174252275683,Symmetric,False,True,True,0.4798685291700904,0.8256445047489823,Counter-led,0.48197115384615385,0.8466757123473542,Symmetric,0.4574993501429685,0.8948592695975809,Counter-led,True,True,False
E02000927,Wandsworth,5,3,0.0417090539165819,False,0.490613266583229,0.8642509464575446,Symmetric,0.48258064516129034,0.8382909680908599,Symmetric,0.5220941402497599,0.874422511549769,Cascade-led,False,True,True,0.4993489583333333,0.856664807585053,Symmetric,0.5023956194387406,0.814835471277189,Symmetric,0.4597802197802197,0.87265055619486,Counter-led,False,True,True
E02000928,Wandsworth,9,8,0.0305188199389624,False,0.4607977991746905,0.8346727898966705,Counter-led,0.47388294524858404,0.9121699196326062,Counter-led,0.4950316169828365,0.935361216730038,Symmetric,False,True,True,0.4473173884938591,0.8335129310344828,Counter-led,0.45021122510561257,0.8927801724137931,Counter-led,0.5382215288611545,0.927976836771625,Cascade-led,False,True,True
E02000929,Wandsworth,2,2,-0.0244150559511698,False,0.4849785407725321,0.932621747831888,Symmetric,0.49153976311336717,0.7885256837891927,Symmetric,0.5086865879082696,0.8194760820045558,Symmetric,False,False,False,0.4787765293383271,0.9212190914318574,Counter-led,0.47888283378746593,0.8441633122484187,Counter-led,0.4526469159786304,0.8836909871244635,Counter-led,False,False,False
E02000930,Wandsworth,6,5,0.1434384537131231,False,0.5043709616115546,0.8140470297029703,Symmetric,0.5085227272727273,0.8712871287128713,Symmetric,0.5386638611257233,0.9013750592697961,Cascade-led,False,True,True,0.4890052356020942,0.809322033898305,Symmetric,0.4932692307692308,0.8813559322033898,Symmetric,0.4895503483217226,0.9185573007562536,Symmetric,False,False,False
E02000931,Wandsworth,9,7,0.1159715157680569,False,0.5315055315055315,0.90234375,Cascade-led,0.5138821237213833,0.8910590277777778,Symmetric,0.4962457337883959,0.9210939955988683,Symmetric,True,False,True,0.497601395551679,0.908118811881188,Symmetric,0.48007008322382827,0.9041584158415842,Symmetric,0.514488468361916,0.9332229580573952,Symmetric,False,False,False
E02000932,Wandsworth,8,7,0.0427263479145473,False,0.4589565851878876,0.8402820355610056,Counter-led,0.4521829521829522,0.8847332924586143,Counter-led,0.4674081738230729,0.9113625648279113,Counter-led,False,False,False,0.4410493827160494,0.8424336973478939,Counter-led,0.443019943019943,0.9126365054602185,Counter-led,0.4976009596161535,0.9370550768077932,Symmetric,False,True,True
E02000933,Wandsworth,9,7,0.0193285859613427,False,0.4581105169340463,0.8041089345437171,Counter-led,0.45846994535519126,0.8743430482560918,Counter-led,0.4803180914512922,0.9053275737940965,Symmetric,False,True,True,0.4744389027431421,0.8285123966942148,Counter-led,0.4811594202898551,0.8910123966942148,Symmetric,0.5455268389662028,0.9225972120322817,Cascade-led,True,True,True
E02000934,Wandsworth,6,5,0.2187182095625636,False,0.4807355516637478,0.8378576669112252,Symmetric,0.4884502309953801,0.8734409391049156,Symmetric,0.5100588053234293,0.9035234899328859,Symmetric,False,False,False,0.4822376480195998,0.8265271684103949,Symmetric,0.47674418604651164,0.870739115761053,Counter-led,0.4577352472089314,0.9075995174909529,Counter-led,True,False,True
E02000935,Wandsworth,3,2,-0.0193285859613428,False,0.4619402985074627,0.7374793615850302,Lateral,0.4582319545823195,0.6785910842047331,Lateral,0.543142144638404,0.7744302819621476,Cascade-led,False,True,True,0.4766697163769441,0.7926033357505439,Counter-led,0.47127555988315484,0.7447425670775925,Counter-led,0.4907146876758582,0.8346641615782058,Symmetric,False,True,True
E02000936,Wandsworth,8,6,0.074262461851475,False,0.472027972027972,0.8345143809920801,Counter-led,0.4781818181818182,0.9170487703209671,Counter-led,0.4781818181818182,0.7083065035415326,Lateral,False,True,True,0.4765901060070671,0.8268809349890431,Counter-led,0.4798259493670886,0.9233016800584368,Counter-led,0.4798259493670886,0.6948873007146784,Lateral,False,True,True
E02000937,Wandsworth,8,7,0.1251271617497457,False,0.4981481481481482,0.8468374281233665,Symmetric,0.4860864416814683,0.882906429691584,Symmetric,0.5192224622030237,0.9117762898779047,Symmetric,False,False,False,0.471523178807947,0.8658256880733946,Counter-led,0.4832904884318766,0.8922018348623854,Symmetric,0.5352523988318731,0.9272727272727272,Cascade-led,True,True,True
E02000938,Wandsworth,5,3,0.0010172939979654,False,0.4837807606263982,0.9062341611758744,Symmetric,0.4925028835063437,0.87886467308667,Symmetric,0.49374730487279,0.9065676309616888,Symmetric,False,False,False,0.4620733249051833,0.8963172804532578,Counter-led,0.44294871794871793,0.8838526912181303,Counter-led,0.3919164396003633,0.9148317407561279,Counter-led,False,False,False
E02000939,Wandsworth,9,8,0.0640895218718209,False,0.4895272292040694,0.8959785522788204,Symmetric,0.48059866962305986,0.9672922252010724,Symmetric,0.4957264957264957,0.9757744241461478,Symmetric,False,False,False,0.5507462686567164,0.8939292861907938,Cascade-led,0.5482517482517483,0.9539693128752502,Cascade-led,0.5732758620689655,0.9680111265646731,Cascade-led,False,False,False
E02000940,Wandsworth,5,4,0.0152594099694811,False,0.4889015367103017,0.9061371841155236,Symmetric,0.49938423645320196,0.8375451263537906,Symmetric,0.5074074074074074,0.8727272727272727,Symmetric,False,False,False,0.4756403817177297,0.8936265709156194,Counter-led,0.45794392523364486,0.8644524236983842,Counter-led,0.415014164305949,0.9033909149072297,Counter-led,False,False,False
E02000941,Wandsworth,8,6,0.081383519837233,False,0.5096863468634686,0.8763136620856912,Symmetric,0.510498687664042,0.9240097008892482,Symmetric,0.510498687664042,0.6649214659685864,Lateral,False,True,True,0.4869964303926568,0.8312844425604069,Symmetric,0.4890995260663507,0.8944467994913099,Symmetric,0.4890995260663507,0.6051046745053055,Lateral,False,True,True
E02000942,Wandsworth,9,8,0.0488301119023397,False,0.4788059701492537,0.811531007751938,Counter-led,0.479498861047836,0.8507751937984496,Counter-led,0.5070821529745042,0.889168765743073,Symmetric,False,True,True,0.4708963911525029,0.8271545498314877,Counter-led,0.47000550357732523,0.8748194511314396,Counter-led,0.5475931958016649,0.9139927224611313,Cascade-led,False,True,True
E02000943,Wandsworth,8,6,0.0712105798575789,False,0.5173357664233577,0.8633320204805042,Symmetric,0.5094588649362076,0.8952343442300118,Symmetric,0.5094588649362076,0.6898330804248862,Lateral,False,True,True,0.4960411718131433,0.8609406952965235,Symmetric,0.49564888384411654,0.9008179959100204,Symmetric,0.4956488838441165,0.6419723099344182,Lateral,False,True,True
E02000944,Wandsworth,4,3,-0.0152594099694811,False,0.4958217270194986,0.9397905759162304,Symmetric,0.5059612518628912,0.8782722513089005,Symmetric,0.4862331575864089,0.901743264659271,Symmetric,False,False,False,0.4657738095238095,0.9458128078817734,Counter-led,0.46357085668534825,0.8789584799437016,Counter-led,0.4088785046728972,0.9087048832271762,Counter-led,False,False,False
E02000945,Wandsworth,3,2,0.0417090539165819,False,0.5110803324099723,0.7462532299741602,Lateral,0.5142215568862275,0.6904392764857881,Lateral,0.530827067669173,0.769082498072475,Cascade-led,False,True,True,0.4738562091503268,0.8198258539852645,Counter-led,0.48132059079061684,0.7709310113864702,Symmetric,0.4526823387582881,0.8290854572713643,Counter-led,True,True,False
E02000946,Wandsworth,6,4,0.0427263479145473,False,0.4536390827517447,0.8903683976919663,Counter-led,0.4694300518134715,0.856635596981802,Counter-led,0.5082397003745318,0.8920815235549616,Symmetric,False,True,True,0.4361814345991561,0.8669410150891632,Counter-led,0.45336225596529284,0.8431641518061271,Counter-led,0.425391304347826,0.8934120571783717,Counter-led,False,False,False
E02000947,Wandsworth,9,8,0.0783316378433367,False,0.4334470989761092,0.8292452830188679,Counter-led,0.4413869014859659,0.8570754716981132,Counter-led,0.4822071171531387,0.8919400855920114,Symmetric,False,True,True,0.4219934994582882,0.8578066914498141,Counter-led,0.425,0.8921933085501859,Counter-led,0.542319749216301,0.9252336448598131,Cascade-led,False,True,True
E02000948,Wandsworth,7,5,0.1190233977619532,False,0.485971596813301,0.9078616352201258,Symmetric,0.4886282871357498,0.8849056603773585,Symmetric,0.5149907137171663,0.9114873035066505,Symmetric,False,False,False,0.492382271468144,0.9093198992443324,Symmetric,0.49035025017869904,0.8809823677581864,Symmetric,0.4546565631874847,0.9154173193108078,Counter-led,False,True,True
E02000949,Wandsworth,8,6,0.1078331637843337,False,0.5214696768481629,0.8665132336018412,Cascade-led,0.5225453013063632,0.9102416570771001,Cascade-led,0.5225453013063632,0.6663858466722831,Lateral,False,True,True,0.4875776397515527,0.8586666666666667,Symmetric,0.4933845497225779,0.8925714285714286,Symmetric,0.4933845497225779,0.593916349809886,Lateral,False,True,True
E02000950,Wandsworth,8,6,0.0172939979654119,False,0.4658691062631949,0.8659354052407069,Counter-led,0.4718498659517426,0.9092017062766605,Counter-led,0.4718498659517426,0.7014574518100611,Lateral,False,True,True,0.4779735682819383,0.8680688336520076,Counter-led,0.4803312629399586,0.9235181644359465,Symmetric,0.4803312629399586,0.680921052631579,Lateral,True,True,True
E02000951,Wandsworth,6,4,0.098677517802645,False,0.5016322089227421,0.8931000971817298,Symmetric,0.4958382877526754,0.8172983479105929,Symmetric,0.49587494572297,0.8596491228070176,Symmetric,False,False,False,0.5172413793103449,0.8871614844533601,Symmetric,0.5110844817255842,0.8370110330992979,Symmetric,0.4808563194730341,0.8819898329702252,Symmetric,False,False,False
E02000952,Wandsworth,5,4,0.0661241098677518,False,0.5300511508951407,0.8796400449943758,Cascade-led,0.5220040622884224,0.8307086614173228,Cascade-led,0.518536826495304,0.8704819277108434,Symmetric,False,True,True,0.5142671854734111,0.8856978747846066,Symmetric,0.5173144876325089,0.8127512923607122,Symmetric,0.4832246039142591,0.8681229773462783,Symmetric,False,False,False
E02000953,Wandsworth,7,5,0.1302136317395726,False,0.5331683168316832,0.918599363346976,Cascade-led,0.5403913697942799,0.9063210550250114,Cascade-led,0.5668743129351411,0.9298126064735945,Cascade-led,False,False,False,0.4955050237969328,0.9056513409961686,Symmetric,0.49810708491076255,0.8855363984674329,Symmetric,0.4795988934993084,0.9236665602044075,Counter-led,False,True,True
E02000954,Wandsworth,7,5,0.0203458799593082,False,0.4718361375274323,0.8751600512163893,Counter-led,0.4699777613046701,0.8636363636363636,Counter-led,0.48,0.8928571428571429,Symmetric,False,True,True,0.5026702269692924,0.8739789964994166,Symmetric,0.49657064471879286,0.8506417736289381,Symmetric,0.4612693653173413,0.8865750996898538,Counter-led,False,True,True
E02000955,Wandsworth,4,3,-0.0467955239064089,False,0.46395431834404,0.8399280575539568,Counter-led,0.45979899497487436,0.7158273381294964,Lateral,0.4619289340101523,0.7687804878048781,Counter-led,True,True,False,0.4798206278026906,0.8884462151394422,Counter-led,0.46952595936794583,0.7564029595902105,Counter-led,0.4177151484650226,0.8227743271221533,Counter-led,False,False,False
E02000956,Wandsworth,4,3,0.1027466937945066,False,0.5266990291262136,0.8736217133163698,Cascade-led,0.5206997084548105,0.7273112807463953,Lateral,0.5382922535211268,0.7794168096054889,Cascade-led,True,True,False,0.4789142026175472,0.9008733624454148,Counter-led,0.483294930875576,0.7580786026200873,Symmetric,0.4467836257309941,0.8223789676178263,Counter-led,True,True,False
E02000957,Wandsworth,5,3,0.1566632756866734,False,0.5479331574318381,0.8776534156696256,Cascade-led,0.5549738219895288,0.7371671169432652,Cascade-led,0.5393215111796453,0.7920610687022901,Cascade-led,False,False,False,0.4575892857142857,0.8732943469785575,Counter-led,0.44874022589053,0.7478882391163093,Counter-led,0.4399260628465804,0.8070611636001989,Counter-led,False,False,False
E02000958,Wandsworth,7,5,0.0885045778229909,False,0.5151291512915129,0.899734395750332,Symmetric,0.5206922498118887,0.8824701195219123,Cascade-led,0.5247910863509749,0.9102434077079108,Cascade-led,True,False,True,0.4866396761133603,0.8746458923512748,Symmetric,0.483265306122449,0.8675637393767706,Symmetric,0.4757442116868798,0.9065467266366817,Counter-led,False,True,True
E02000959,Wandsworth,4,3,0.155645981688708,False,0.484304932735426,0.88433575677462,Symmetric,0.4858369098712446,0.7699933906146729,Symmetric,0.4773333333333333,0.8116883116883117,Counter-led,False,True,True,0.5139360978925901,0.888821752265861,Symmetric,0.5074850299401198,0.8072507552870091,Symmetric,0.4485729671513193,0.8534007352941176,Counter-led,False,True,True
E02000960,Westminster,9,7,0.0590030518819938,False,0.5311203319502075,0.874455732946299,Cascade-led,0.5266932270916335,0.9107402031930334,Cascade-led,0.5256739409499358,0.926829268292683,Cascade-led,False,False,False,0.4995458673932788,0.8669291338582678,Symmetric,0.48936170212765956,0.9251968503937008,Symmetric,0.509421265141319,0.9399114484503479,Symmetric,False,False,False
E02000961,Westminster,6,5,0.0712105798575788,False,0.4671772428884026,0.8917073170731707,Counter-led,0.4720496894409938,0.8639024390243902,Counter-led,0.4579524680073126,0.8869071747061208,Counter-led,False,False,False,0.4685346807533302,0.9014492753623188,Counter-led,0.4485981308411215,0.8418219461697722,Counter-led,0.4523350057892705,0.8715102589976454,Counter-led,False,False,False
E02000962,Westminster,8,6,-0.0488301119023397,False,0.5095057034220533,0.8689427312775331,Symmetric,0.5121019108280255,0.8645374449339207,Symmetric,0.5121019108280255,0.7178783721993599,Lateral,False,True,True,0.4941321803582458,0.8880965441579813,Symmetric,0.4934415990006246,0.8782227098189797,Symmetric,0.4934415990006246,0.718259309107223,Lateral,False,True,True
E02000963,Westminster,1,1,0.08646998982706,False,0.4516374714394516,0.7266187050359713,Lateral,0.44972720187061577,0.710016602102933,Lateral,0.449685534591195,0.7521286660359509,Lateral,False,False,False,0.4696969696969697,0.7653478854024557,Lateral,0.4679313459801265,0.7551159618008185,Counter-led,0.4334009465855307,0.8046789989118607,Counter-led,True,False,True
E02000964,Westminster,1,1,0.143438453713123,False,0.4903136531365313,0.7792954708842559,Lateral,0.4981238273921201,0.7663551401869159,Symmetric,0.5093353248693054,0.8046875,Symmetric,True,False,True,0.4892613933996857,0.837280701754386,Symmetric,0.48798718633208754,0.8214912280701754,Symmetric,0.4692400482509047,0.859364201796821,Counter-led,False,True,True
E02000965,Westminster,7,5,0.0752797558494404,False,0.5052154195011338,0.906288532675709,Symmetric,0.5058713010803194,0.8750513769009454,Symmetric,0.5163472378804961,0.8974704890387858,Symmetric,False,False,False,0.5281868969019807,0.885341726618705,Cascade-led,0.5073329712112982,0.8277877697841727,Symmetric,0.5018226002430134,0.8657082748948106,Symmetric,True,False,True
E02000966,Westminster,8,6,0.0610376398779246,False,0.5052109181141439,0.899955337204109,Symmetric,0.5074404761904762,0.9004019651630192,Symmetric,0.5074404761904762,0.7403598971722365,Lateral,False,True,True,0.4890590809628009,0.8860882210373243,Symmetric,0.4920721705850191,0.8865729520116336,Symmetric,0.4920721705850191,0.6682499086591158,Lateral,False,True,True
E02000967,Westminster,9,7,0.0722278738555443,False,0.55440097799511,0.856993190151912,Cascade-led,0.5558208955223881,0.8774227344159246,Cascade-led,0.5110803324099723,0.9025,Symmetric,False,True,True,0.5674547983310153,0.8503843879361325,Cascade-led,0.5485148514851486,0.89591957421644,Cascade-led,0.529441117764471,0.9192660550458716,Cascade-led,False,False,False
E02000968,Westminster,1,1,-0.0325534079348931,False,0.4272251308900524,0.7998324958123953,Counter-led,0.4289487585842578,0.792713567839196,Counter-led,0.4496527777777778,0.8231511254019293,Counter-led,False,False,False,0.4282141070535267,0.8649935093033319,Counter-led,0.4265522463402322,0.857204673301601,Counter-led,0.4423602969910121,0.885773624091381,Counter-led,False,False,False
E02000969,Westminster,1,1,-0.051881993896236,False,0.4651311580294305,0.7572674418604651,Lateral,0.4655061250805932,0.751453488372093,Counter-led,0.4658418504572351,0.7837268128161888,Counter-led,True,False,True,0.4649629018961253,0.7897135416666666,Counter-led,0.4677284157585918,0.7766927083333334,Counter-led,0.4506699147381242,0.8272040302267003,Counter-led,False,False,False
E02000970,Westminster,9,7,0.0620549338758901,False,0.5723567631423508,0.8554825669530066,Cascade-led,0.5710211066742726,0.8858009095502779,Cascade-led,0.5445846020008699,0.9104950495049505,Cascade-led,False,False,False,0.5506944444444445,0.8228571428571428,Cascade-led,0.5570512820512821,0.8914285714285715,Cascade-led,0.5654936461388075,0.9150268336314848,Cascade-led,False,False,False
E02000971,Westminster,7,6,-0.0081383519837232,False,0.5447870778267254,0.8403948992184286,Cascade-led,0.550680122860904,0.9374742904154669,Cascade-led,0.550680122860904,0.7657930107526881,Cascade-led,False,False,False,0.4613778705636743,0.8191534843950407,Counter-led,0.4658525554047942,0.9452757588713125,Counter-led,0.4658525554047942,0.7479702300405954,Lateral,False,True,True
E02000972,Westminster,6,4,-0.0061037639877924,False,0.5238845144356955,0.8616010854816825,Cascade-led,0.5240198785201546,0.8190863862505654,Cascade-led,0.5694901315789473,0.8587570621468926,Cascade-led,False,False,False,0.4650507328072153,0.884788029925187,Counter-led,0.4682634730538922,0.8329177057356608,Counter-led,0.4725370531822144,0.8725751236211488,Counter-led,False,False,False
E02000973,Westminster,5,4,0.1546286876907426,False,0.5064599483204134,0.9481420988158432,Symmetric,0.5142156862745098,0.8329930583911801,Symmetric,0.509976057462091,0.8596912521440824,Symmetric,False,False,False,0.5066666666666667,0.9440104166666666,Symmetric,0.5043256997455471,0.8528645833333334,Symmetric,0.4958708708708709,0.8871128871128872,Symmetric,False,False,False
E02000974,Westminster,7,5,-0.0905391658189216,False,0.5756437768240343,0.8161120840630472,Cascade-led,0.5704189803129732,0.867338003502627,Cascade-led,0.5929237947122862,0.8946086956521739,Cascade-led,False,False,False,0.4628415300546448,0.8090185676392573,Counter-led,0.46328578975171686,0.8368700265251989,Counter-led,0.4922600619195046,0.875042329834067,Symmetric,False,True,True
E02000975,Westminster,7,5,0.1627670396744659,False,0.5537394749876177,0.825091949325705,Cascade-led,0.5451439726695949,0.8373518594196976,Cascade-led,0.5543685616177032,0.8681682676382908,Cascade-led,False,False,False,0.4809197651663405,0.8329258353708231,Symmetric,0.4765360425737784,0.8422982885085575,Counter-led,0.4863603732950466,0.8780334068704696,Symmetric,True,True,False
E02000976,Westminster,6,4,0.0681586978636825,False,0.4936108068638189,0.908457711442786,Symmetric,0.4904259476357952,0.8487562189054726,Symmetric,0.5082337746206006,0.8716577540106952,Symmetric,False,False,False,0.4358660130718954,0.8960468521229868,Counter-led,0.4319167389418907,0.8440702781844802,Counter-led,0.4487479131886477,0.8754750073078047,Counter-led,False,False,False
E02000977,Westminster,7,5,-0.0427263479145473,False,0.510687463893703,0.8760121457489879,Symmetric,0.5184544405997693,0.8775303643724697,Symmetric,0.5102489019033675,0.9186281102891728,Symmetric,False,False,False,0.4697938877043354,0.8653136531365314,Counter-led,0.4685121107266436,0.8886838868388683,Counter-led,0.496218487394958,0.929324482623975,Symmetric,False,True,True
E02000978,Westminster,9,8,0.064089521871821,False,0.7192224622030238,0.8100069979006298,Cascade-led,0.7135961383748994,0.8698390482855144,Cascade-led,0.5745962222830551,0.9075776397515528,Cascade-led,False,False,False,0.6384180790960452,0.8041393235739526,Cascade-led,0.6215454032712916,0.895002523977789,Cascade-led,0.5585725368502715,0.9253409906676239,Cascade-led,False,False,False
E02000979,Westminster,6,4,0.0264496439471007,False,0.4968474148802018,0.8449653702717101,Symmetric,0.4900142653352354,0.7469366009589771,Symmetric,0.5196526508226691,0.8216297408937289,Symmetric,False,False,False,0.4575208913649025,0.8442092886537331,Counter-led,0.4588144726712856,0.763668430335097,Counter-led,0.4460266421681212,0.8441256300891818,Counter-led,False,False,False
E02000980,Westminster,5,4,-0.0783316378433366,False,0.4859701492537313,0.9188151398793198,Symmetric,0.4746153846153846,0.7131102578167855,Lateral,0.5245559038662487,0.7853918752564628,Cascade-led,True,True,True,0.4898758981058131,0.90431187241583,Symmetric,0.49013417521704816,0.748375664500886,Symmetric,0.4729729729729729,0.8187234042553192,Counter-led,False,True,True
E02000981,Westminster,7,5,0.0712105798575788,False,0.5369709331973483,0.9087117701575532,Cascade-led,0.5332656170644997,0.91241890639481,Cascade-led,0.5571837026447463,0.9367258118513558,Cascade-led,False,False,False,0.4747039827771798,0.8902731193100144,Counter-led,0.46726982437466735,0.900335409678965,Counter-led,0.4527148507731032,0.9304115088658415,Counter-led,False,False,False
E02000982,Westminster,6,4,-0.2014242115971515,False,0.5189873417721519,0.7780996523754345,Lateral,0.5094339622641509,0.7369640787949016,Symmetric,0.5194654270772806,0.791264367816092,Symmetric,True,False,True,0.5034414945919371,0.8039525691699605,Symmetric,0.48736842105263156,0.7509881422924901,Symmetric,0.4572829131652661,0.8192771084337349,Counter-led,False,True,True
E02000983,Westminster,6,4,-0.0834181078331638,False,0.51742993848257,0.7977099236641222,Symmetric,0.4958174904942966,0.7170119956379498,Lateral,0.5511182108626198,0.7834793491864831,Cascade-led,True,True,True,0.5019546520719312,0.8188220230473752,Symmetric,0.49791492910758967,0.7676056338028169,Symmetric,0.4591549295774648,0.8302151543498597,Counter-led,False,True,True
E02006782,Bromley,7,5,-0.0874872838250254,False,0.4236111111111111,0.9504950495049505,Counter-led,0.42724097788125726,0.944994499449945,Counter-led,0.3901098901098901,0.9562171628721541,Counter-led,False,False,False,0.4389937106918239,0.9543817527010804,Counter-led,0.44046094750320103,0.9375750300120048,Counter-led,0.3844827586206896,0.9570957095709571,Counter-led,False,False,False
E02006783,Lewisham,2,2,-0.0946083418107833,False,0.45,0.8502024291497976,Counter-led,0.40924092409240925,0.6133603238866396,Lateral,0.3809523809523809,0.6704055220017257,Lateral,True,False,True,0.5274584929757343,0.8867497168742922,Cascade-led,0.5437201907790143,0.7123442808607021,Lateral,0.4715536105032822,0.7825342465753424,Counter-led,True,True,True
E02006784,Lewisham,2,2,-0.0498474059003051,False,0.4865810968494749,0.8468379446640316,Symmetric,0.45871559633027525,0.6462450592885376,Lateral,0.4258142340168878,0.6983993260320135,Lateral,True,False,True,0.4812239221140473,0.9078282828282828,Symmetric,0.47942754919499103,0.7058080808080808,Lateral,0.4150717703349282,0.7820392890551918,Counter-led,True,True,True
E02006785,Bexley,8,6,-0.1444557477110886,False,0.3951310861423221,0.8870431893687708,Counter-led,0.3893653516295026,0.96843853820598,Counter-led,0.3893653516295026,0.748395378690629,Lateral,False,True,True,0.4411177644710579,0.8774080560420315,Counter-led,0.44464609800362975,0.9649737302977233,Counter-led,0.4446460980036297,0.6744186046511628,Lateral,False,True,True
E02006786,Greenwich,3,2,0.1200406917599186,False,0.4197247706422018,0.7898550724637681,Counter-led,0.42435424354243545,0.7364130434782609,Counter-led,0.3972999035679845,0.7808734939759037,Counter-led,False,False,False,0.4912023460410557,0.8109393579072532,Symmetric,0.5031746031746032,0.7491082045184304,Symmetric,0.4284360189573459,0.8333333333333334,Counter-led,False,True,True
E02006787,Bromley,10,9,-0.0946083418107832,False,0.4378306878306878,0.7916230366492146,Counter-led,0.42790697674418604,0.900523560209424,Counter-led,0.4817586529466791,0.9183848797250859,Symmetric,False,True,True,0.4347826086956521,0.801123595505618,Counter-led,0.4315403422982885,0.9191011235955057,Counter-led,0.5275800711743772,0.939799331103679,Cascade-led,False,True,True
E02006788,Croydon,5,4,-0.2787385554425229,False,0.4429065743944637,0.864406779661017,Counter-led,0.4375,0.8454636091724825,Counter-led,0.4058536585365854,0.8686440677966102,Counter-led,False,False,False,0.4311814859926918,0.8660337552742616,Counter-led,0.40401505646173147,0.8407172995780591,Counter-led,0.345374449339207,0.8825816485225505,Counter-led,False,False,False
E02006789,Bromley,8,7,-0.0254323499491353,True,0.5086206896551724,0.9250398724082934,Symmetric,0.5041322314049587,0.9649122807017544,Symmetric,0.553213909378293,0.9773429454170958,Cascade-led,False,True,True,0.5545454545454546,0.9166666666666666,Cascade-led,0.5318681318681319,0.9479166666666666,Cascade-led,0.6282352941176471,0.9714285714285714,Cascade-led,False,False,False
E02006791,Ealing,7,6,-0.0071210579857579,False,0.5008891523414345,0.9128787878787878,Symmetric,0.4953271028037383,0.8106060606060606,Symmetric,0.4953271028037383,0.6530078465562337,Lateral,False,True,True,0.4517543859649123,0.9101796407185628,Counter-led,0.43513295729250606,0.8256819693945442,Counter-led,0.435132957292506,0.5878730459497868,Lateral,False,True,True
E02006792,Hounslow,8,6,0.0386571719226856,False,0.4921739130434782,0.8253588516746412,Symmetric,0.4880147510755993,0.7784688995215311,Symmetric,0.4880147510755993,0.5892792466497646,Lateral,False,True,True,0.4865991661703395,0.8484082870136432,Symmetric,0.4844139650872818,0.810510358767054,Symmetric,0.4844139650872818,0.5828488372093024,Lateral,False,True,True
E02006793,Enfield,1,1,-0.0081383519837232,False,0.4960971379011274,0.7224310776942355,Lateral,0.49646643109540634,0.7092731829573935,Lateral,0.4723837209302325,0.7478260869565218,Lateral,False,False,False,0.4132596685082872,0.7245796637309848,Lateral,0.410913140311804,0.7189751801441153,Lateral,0.3907125700560448,0.780625,Counter-led,False,True,True
E02006794,Haringey,1,1,0.005086469989827,False,0.5301339285714286,0.58295380611581,Lateral,0.5167243367935409,0.5640858815875082,Lateral,0.4904030710172745,0.6086448598130841,Lateral,False,False,False,0.3820816864295125,0.6383515559293524,Lateral,0.38627187079407804,0.6248948696383515,Lateral,0.3258971871968962,0.6980365605958023,Lateral,False,False,False
E02006795,Harrow,9,8,-0.0111902339776195,False,0.5116279069767442,0.8916116870876531,Symmetric,0.5178026449643948,0.9264844486333648,Symmetric,0.5572457966373099,0.9412207987942728,Cascade-led,False,True,True,0.4903225806451612,0.8699719363891487,Symmetric,0.4963350785340314,0.8933582787652011,Symmetric,0.5817774458551157,0.9215416379903648,Cascade-led,False,True,True
E02006796,Hillingdon,8,6,0.0651068158697864,False,0.4520856820744081,0.8512476007677543,Counter-led,0.4546448087431694,0.8781190019193857,Counter-led,0.4546448087431694,0.5914673561732385,Lateral,False,True,True,0.4138678223185265,0.8546296296296296,Counter-led,0.4047373841400618,0.899074074074074,Counter-led,0.4047373841400618,0.4795061728395062,Lateral,False,True,True
E02006798,Lewisham,3,2,-0.1597151576805697,False,0.4787104622871046,0.8716861081654295,Counter-led,0.4699162223914699,0.6961823966065748,Lateral,0.4974300399771559,0.7534423407917383,Symmetric,True,True,True,0.4469830111306385,0.8899895724713243,Counter-led,0.41163793103448276,0.7257559958289885,Lateral,0.4001942690626517,0.7965183752417795,Counter-led,True,True,False
E02006799,Barking and Dagenham,3,2,-0.1454730417090539,False,0.4159146841673503,0.869472182596291,Counter-led,0.4299706170421156,0.7282453637660485,Counter-led,0.4038461538461538,0.7733491969066032,Counter-led,False,False,False,0.4918793503480278,0.8450980392156863,Symmetric,0.5383542538354253,0.7029411764705882,Lateral,0.4043103448275862,0.7928913192071086,Counter-led,True,True,True
E02006800,Redbridge,6,4,-0.0193285859613427,False,0.4280383795309168,0.8799249530956847,Counter-led,0.4261744966442953,0.8386491557223265,Counter-led,0.4053461875547765,0.869002284843869,Counter-led,False,False,False,0.4845765563656758,0.8757367387033399,Symmetric,0.473164713140037,0.7961689587426326,Counter-led,0.4167371090448014,0.8507731032002877,Counter-led,True,False,True
E02006801,Lambeth,5,4,0.0600203458799593,False,0.5231282784930854,0.878140703517588,Cascade-led,0.5263427109974425,0.818676716917923,Cascade-led,0.5714285714285714,0.865778053316801,Cascade-led,False,False,False,0.4872711031710585,0.8759780907668232,Symmetric,0.5,0.8082942097026604,Symmetric,0.5305615885820664,0.8680312415836251,Cascade-led,False,True,True
E02006802,Southwark,3,2,-0.1291963377416073,False,0.5110253583241455,0.8780251694094869,Symmetric,0.4807017543859649,0.6897386253630203,Lateral,0.5771476230191827,0.7890753537347812,Cascade-led,True,True,True,0.4865125240847784,0.8921357971637301,Symmetric,0.4724137931034483,0.7477438762354963,Counter-led,0.4966561070045758,0.8287631271878646,Symmetric,True,True,False
E02006836,Sutton,10,10,0.0335707019328586,False,0.4525547445255474,0.7722660653889515,Lateral,0.4503311258278146,0.8511837655016911,Counter-led,0.527464258841234,0.9096509240246407,Cascade-led,True,True,True,0.3790560471976401,0.7883720930232558,Counter-led,0.38169934640522873,0.8895348837209303,Counter-led,0.5062545989698307,0.9346629986244842,Symmetric,False,True,True
E02006853,Tower Hamlets,2,2,0.3468972533062054,False,0.5406732117812062,0.8024760832864378,Cascade-led,0.5265278710543989,0.8379290939786156,Cascade-led,0.5770183259039128,0.8751625487646294,Cascade-led,False,False,False,0.5006681514476615,0.8821218074656189,Symmetric,0.4868876793666502,0.794106090373281,Symmetric,0.5015356265356266,0.8613756613756614,Symmetric,False,False,False
E02006854,Tower Hamlets,9,8,-0.1505595116988809,False,0.3887545344619105,0.9307822172200336,Counter-led,0.39622641509433965,0.9544175576814856,Counter-led,0.384927797833935,0.9647366129734436,Counter-led,False,False,False,0.3511737089201878,0.955585464333782,Counter-led,0.36162361623616235,0.9726334679228353,Counter-led,0.4016207455429497,0.9806102987921169,Counter-led,False,False,False
E02006882,Harrow,9,7,-0.0122075279755848,False,0.5226993865030675,0.8858695652173914,Cascade-led,0.5152268489745183,0.8744565217391305,Symmetric,0.558893657606104,0.9007731958762887,Cascade-led,True,True,False,0.544435548438751,0.8789584799437016,Cascade-led,0.5166402535657686,0.8881069669247009,Symmetric,0.5759911894273128,0.9194936708860759,Cascade-led,True,True,False
E02006918,Hackney,2,1,-0.0183112919633774,False,0.4494477485131691,0.7578879587894398,Lateral,0.5620111731843576,0.5763039278815196,Lateral,0.5575807787903894,0.6471849865951743,Lateral,False,False,False,0.421,0.7604562737642585,Lateral,0.47058823529411764,0.6334600760456274,Lateral,0.4156577885391445,0.7199302730970366,Lateral,False,False,False
E02006921,Hackney,1,1,0.017293997965412,False,0.4819587628865979,0.6493723849372385,Lateral,0.48905109489051096,0.5732217573221757,Lateral,0.4860788863109048,0.6282798833819242,Lateral,False,False,False,0.4456671251719394,0.7198019801980198,Lateral,0.4427710843373494,0.6574257425742575,Lateral,0.4156285390713476,0.7184703010577705,Lateral,False,False,False
E02006924,Redbridge,7,6,-0.0295015259409969,False,0.455,0.8573178199632578,Counter-led,0.4723650385604113,0.9528475199020208,Counter-led,0.4723650385604113,0.7737444057682745,Counter-led,False,False,False,0.4508519003931848,0.8795389048991354,Counter-led,0.48007246376811596,0.9544668587896253,Symmetric,0.4800724637681159,0.7046808510638298,Lateral,True,True,True
E02006925,Redbridge,8,7,0.0671414038657172,False,0.4337164750957854,0.944967414916727,Counter-led,0.4281298299845441,0.9370021723388848,Counter-led,0.5150987224157956,0.9519071310116086,Symmetric,False,True,True,0.4129615674453655,0.9253835425383544,Counter-led,0.42232277526395173,0.9246861924686193,Counter-led,0.5275880189174987,0.9462953754351069,Cascade-led,False,True,True
E02006927,Greenwich,6,4,-0.0824008138351983,False,0.6119213696892835,0.8770856507230256,Cascade-led,0.6162387231089521,0.8014460511679644,Cascade-led,0.5663615560640732,0.8304038004750594,Cascade-led,False,False,False,0.4235963041933191,0.8574040219378428,Counter-led,0.4193798449612403,0.7861060329067642,Counter-led,0.4135710747894997,0.8518987341772152,Counter-led,False,False,False
E02006928,Greenwich,1,1,0.4323499491353,False,0.4708588957055215,0.8874773139745916,Counter-led,0.47159979155810317,0.8706896551724138,Counter-led,0.5374001452432825,0.9062191510365252,Cascade-led,False,True,True,0.4881729200652528,0.8864786695589298,Symmetric,0.4862196626902509,0.8788864786695589,Symmetric,0.4949767213918157,0.9241394927536232,Symmetric,False,False,False
E02006929,Greenwich,3,2,0.08646998982706,False,0.4921579232017307,0.9144411473788328,Symmetric,0.4917933130699088,0.8135509396636993,Symmetric,0.4997703261368856,0.8523884103367267,Symmetric,False,False,False,0.5,0.0,Lateral,0.5,0.0,Lateral,0.5,0.0,Lateral,False,False,False
E02006930,Greenwich,6,4,-0.0010172939979654,False,0.5431400282885431,0.8533494266747134,Cascade-led,0.5382794001578532,0.7646348823174411,Cascade-led,0.5259341885108756,0.8213467704993128,Cascade-led,False,False,False,0.4097616345062429,0.8641490926924963,Counter-led,0.4108574953732264,0.7949975478175576,Counter-led,0.4010378057820608,0.8658536585365854,Counter-led,False,False,False
E02006931,Greenwich,5,4,0.1322482197355036,False,0.4755102040816326,0.9324452901998096,Counter-led,0.4703464474456841,0.8101807802093245,Counter-led,0.4640929846409298,0.8579059829059829,Counter-led,False,False,False,0.4461910519951632,0.92973580663294,Counter-led,0.453015427769986,0.8015739179314222,Counter-led,0.4204448246364414,0.8688219992567818,Counter-led,False,False,False
