msoa11cd,ladnm,Ring,Wealth_Decile,Wealth_Decile_National,IMD_Pctile_Change,Phase2_Extreme,Cascade_Extreme_Persist,Suppressed_11,Suppressed_21,Dom_A_11,CDS_A_11,Typ_A_11,Dom_B_11,CDS_B_11,Typ_B_11,Dom_C_11,CDS_C_11,Typ_C_11,switch_A2B_11,switch_B2C_11,switch_A2C_11,Extreme_Dir_11,Casc_Inflow_Share_11,Counter_Inflow_Share_11,Ext_Share_11,Dom_A_21,CDS_A_21,Typ_A_21,Dom_B_21,CDS_B_21,Typ_B_21,Dom_C_21,CDS_C_21,Typ_C_21,switch_A2B_21,switch_B2C_21,switch_A2C_21,Extreme_Dir_21,Casc_Inflow_Share_21,Counter_Inflow_Share_21,Ext_Share_21
E02000001,City of London,Inner,9,8,-0.1670061099796334,False,False,False,False,0.5599173553719008,0.9373789541639768,Cascade-led,0.5582491582491582,0.9586830213040671,Cascade-led,0.4995644599303135,0.9728813559322034,Symmetric,False,True,True,,0.023539668700959023,0.9825935596170583,0.34364406779661016,0.4569601574028529,0.9304347826086956,Counter-led,0.45579847908745247,0.962929061784897,Counter-led,0.4743233865371269,0.9726628417144786,Counter-led,False,False,False,,0.019751280175566936,0.9966996699669967,0.26257171785352684
E02000002,Barking and Dagenham,Outer,1,1,0.0,False,False,False,False,0.5909631391200951,0.8616803278688525,Cascade-led,0.5875299760191847,0.8545081967213115,Cascade-led,0.530511811023622,0.8773747841105354,Cascade-led,False,False,False,,1.0,0.0,0.15716753022452504,0.5318181818181819,0.8538163001293662,Cascade-led,0.5292307692307693,0.8408796895213454,Cascade-led,0.43024494142705,0.884180790960452,Counter-led,False,True,True,,1.0,0.0,0.2721280602636535
E02000003,Barking and Dagenham,Outer,5,4,-0.1059063136456212,False,False,False,False,0.4603174603174603,0.9402985074626866,Counter-led,0.4685483870967742,0.8813077469793887,Counter-led,0.445645263827082,0.9040229885057471,Counter-led,False,False,False,,0.4222539229671897,0.551605504587156,0.19137931034482758,0.4299788881069669,0.9556153328850032,Counter-led,0.419629057187017,0.8702084734364492,Counter-led,0.35437430786268,0.9034517258629314,Counter-led,False,False,False,,0.4125,0.4202401372212693,0.256128064032016
E02000004,Barking and Dagenham,Outer,6,4,-0.1486761710794296,True,False,False,False,0.3839150227617602,0.937411095305832,Counter-led,0.3905996758508914,0.8776671408250356,Counter-led,0.3745454545454545,0.9055982436882547,Counter-led,False,False,False,Counter,0.6084142394822006,0.5058139534883721,0.2283205268935236,0.3408769448373409,0.9376657824933688,Counter-led,0.36430678466076694,0.8992042440318302,Counter-led,0.320040899795501,0.9278937381404174,Counter-led,False,False,False,Counter,0.610223642172524,0.39849624060150374,0.2846299810246679
E02000005,Barking and Dagenham,Outer,4,3,-0.1038696537678207,False,False,False,False,0.4589235127478753,0.8944256756756757,Counter-led,0.4601941747572815,0.8699324324324325,Counter-led,0.4058956916099773,0.8957345971563981,Counter-led,False,False,False,,0.4897579143389199,0.494910941475827,0.1983750846310088,0.4355716878402904,0.8894269572235673,Counter-led,0.4321110009910803,0.814366424535916,Counter-led,0.3553162853297443,0.865967365967366,Counter-led,False,False,False,,0.6136363636363636,0.34133611691022964,0.27797202797202797
E02000007,Barking and Dagenham,Outer,2,2,-0.0672097759674134,False,False,False,False,0.5503062117235346,0.7931991672449688,Cascade-led,0.5213581599123768,0.6335877862595419,Lateral,0.4741379310344827,0.7073170731707317,Lateral,True,False,True,,0.7983471074380165,0.2533532041728763,0.20121951219512196,0.4459459459459459,0.8235294117647058,Counter-led,0.4252336448598131,0.6804451510333863,Lateral,0.3606299212598425,0.7595693779904307,Lateral,True,False,True,,0.8144104803493449,0.17610837438423646,0.24760765550239233
E02000008,Barking and Dagenham,Outer,3,2,-0.120162932790224,False,False,False,False,0.4707581227436823,0.8491722869405273,Counter-led,0.48383838383838385,0.6069895769466584,Lateral,0.4112215909090909,0.6871644704734017,Lateral,True,False,True,,0.7754749568221071,0.19782870928829915,0.20400195217179112,0.39419795221843,0.8636698599852616,Counter-led,0.4150513112884835,0.6462785556374355,Lateral,0.3183730715287517,0.7481636935991606,Lateral,True,False,True,,0.8436123348017621,0.16255144032921812,0.28803777544596015
E02000009,Barking and Dagenham,Outer,4,3,-0.2892057026476579,False,False,False,False,0.5099085365853658,0.8961748633879781,Symmetric,0.5124804992199687,0.8756830601092896,Symmetric,0.4911727616645649,0.8970588235294118,Symmetric,False,False,False,,0.5057766367137355,0.5154894671623296,0.17194570135746606,0.4276261373035566,0.8685344827586207,Counter-led,0.42990654205607476,0.8455459770114943,Counter-led,0.3729792147806005,0.8895737031330252,Counter-led,False,False,False,,0.5356037151702786,0.3830570902394107,0.2850539291217257
E02000010,Barking and Dagenham,Outer,3,2,-0.1415478615071283,False,False,False,False,0.4406280667320902,0.8498748957464554,Counter-led,0.43646408839779005,0.603836530442035,Lateral,0.3956043956043956,0.6781842818428184,Lateral,True,False,True,,0.7525252525252525,0.24793388429752067,0.18766937669376693,0.4476409666283084,0.8612487611496531,Counter-led,0.4626865671641791,0.66402378592666,Lateral,0.3655913978494624,0.7670103092783506,Lateral,True,False,True,,0.8088235294117647,0.16242937853107345,0.30652920962199315
E02000011,Barking and Dagenham,Outer,5,4,-0.1171079429735234,True,False,False,False,0.3303670745272525,0.9563829787234044,Counter-led,0.33567251461988307,0.9095744680851063,Counter-led,0.3108108108108108,0.9288702928870293,Counter-led,False,False,False,Counter,0.28695652173913044,0.5803921568627451,0.21338912133891214,0.4308300395256917,0.9014251781472684,Counter-led,0.44563758389261743,0.8847980997624703,Counter-led,0.3714839961202715,0.9140070921985816,Counter-led,False,False,False,,0.2924281984334204,0.4984567901234568,0.25354609929078015
E02000012,Barking and Dagenham,Outer,7,5,-0.0967413441955192,False,False,False,False,0.4385499557913351,0.9440734557595992,Counter-led,0.4368932038834951,0.9457429048414023,Counter-led,0.3893499308437068,0.956982131039047,Counter-led,False,False,False,,0.17406749555950266,0.6183465458663646,0.2071475843812045,0.4893617021276595,0.9215686274509804,Symmetric,0.49148936170212765,0.9215686274509803,Symmetric,0.4111791730474732,0.9422799422799423,Counter-led,False,True,True,,0.19366852886405958,0.5032509752925878,0.26406926406926406
E02000013,Barking and Dagenham,Outer,2,2,-0.1232179226069246,False,False,False,False,0.4353348729792148,0.7780772686433064,Lateral,0.4157814871016692,0.5920934411500449,Lateral,0.3635346756152125,0.6632047477744807,Lateral,False,False,False,,0.7784615384615384,0.22671353251318102,0.17433234421364985,0.5194805194805194,0.7990566037735849,Symmetric,0.5289747399702823,0.6349056603773585,Lateral,0.3881322957198443,0.7265017667844523,Lateral,True,False,True,,0.7819548872180451,0.16057233704292528,0.2508833922261484
E02000014,Barking and Dagenham,Outer,2,2,-0.1395112016293279,False,False,False,False,0.4709931170108161,0.79453125,Counter-led,0.44503311258278144,0.58984375,Lateral,0.395985401459854,0.6761258482418261,Lateral,True,False,True,,0.7557603686635944,0.29003021148036257,0.21036397285626157,0.4021739130434782,0.8141592920353983,Counter-led,0.40083798882681565,0.6336283185840708,Lateral,0.3268156424581006,0.7217741935483871,Lateral,True,False,True,,0.6837606837606838,0.20193637621023514,0.24059139784946237
E02000015,Barking and Dagenham,Outer,1,1,-0.0488798370672097,False,False,False,False,0.5257452574525745,0.8744075829383886,Cascade-led,0.5237659963436929,0.8641390205371248,Cascade-led,0.4669117647058823,0.8877284595300261,Counter-led,False,True,True,,1.0,0.0,0.17362924281984335,0.5179063360881543,0.825938566552901,Symmetric,0.5180555555555556,0.8191126279863481,Symmetric,0.4152215799614643,0.8671679197994987,Counter-led,False,True,True,,1.0,0.0,0.2656641604010025
E02000016,Barking and Dagenham,Outer,2,2,-0.0448065173116089,False,False,False,False,0.4562926224426534,0.8125944584382871,Counter-led,0.4617543859649123,0.7178841309823678,Lateral,0.461923290717065,0.7626112759643917,Counter-led,True,True,False,,0.7484957882069796,0.27169421487603307,0.15854175498092413,0.4886104783599089,0.8330170777988615,Symmetric,0.47956577266922096,0.7428842504743833,Lateral,0.4332840965041851,0.7893509521958803,Counter-led,True,True,True,,0.7272727272727273,0.2710686359687228,0.18072289156626506
E02000017,Barking and Dagenham,Outer,5,4,-0.1547861507128309,False,False,False,False,0.4537554314090627,0.9526907155529272,Counter-led,0.4648511716276124,0.9337670017740982,Counter-led,0.4378349410503751,0.9433771486349848,Counter-led,False,False,False,,0.20563035495716034,0.6177311725452812,0.14509605662285135,0.4734001542020046,0.9564896755162242,Counter-led,0.4955393349553934,0.9092920353982301,Symmetric,0.4364881693648817,0.9288606130711394,Counter-led,True,True,False,,0.2796005706134094,0.5060773480662983,0.21573163678426838
E02000018,Barking and Dagenham,Outer,2,2,-0.130346232179226,False,False,False,False,0.4417836498761354,0.7838187702265372,Counter-led,0.4421272158498436,0.6207119741100323,Lateral,0.3969404186795491,0.6794310722100656,Lateral,True,False,True,,0.7545638945233266,0.2750333778371162,0.1548140043763676,0.4367816091954023,0.8272583201267829,Counter-led,0.4130688448074679,0.679080824088748,Lateral,0.3322759714512291,0.7569027611044418,Lateral,True,False,True,,0.6945107398568019,0.17577197149643706,0.2424969987995198
E02000019,Barking and Dagenham,Outer,3,2,-0.1232179226069246,False,False,False,False,0.4423828125,0.9014084507042254,Counter-led,0.4408322496749025,0.6769366197183099,Lateral,0.403030303030303,0.7295504789977892,Lateral,True,False,True,,0.6491228070175439,0.2098138747884941,0.16285924834193072,0.4034552845528455,0.8490077653149266,Counter-led,0.43073047858942065,0.6850733390854185,Lateral,0.3306188925081433,0.770872567482737,Lateral,True,False,True,,0.8325123152709359,0.22871046228710462,0.2724419334588826
E02000020,Barking and Dagenham,Outer,4,3,-0.2006109979633401,False,False,False,False,0.4814253222137983,0.9096551724137932,Symmetric,0.4834905660377358,0.8772413793103448,Symmetric,0.437862202189311,0.8971692663200462,Counter-led,False,True,True,,0.40441176470588236,0.5337915234822451,0.16233391103408434,0.4682890855457227,0.904603068712475,Counter-led,0.47081413210445466,0.8685790527018012,Counter-led,0.3997803404722679,0.902378592666006,Counter-led,False,False,False,,0.4642857142857143,0.39066788655077767,0.257185332011893
E02000021,Barking and Dagenham,Outer,4,3,-0.2016293279022403,False,False,False,False,0.4088522130532633,0.9012846517917512,Counter-led,0.41608662026295434,0.8742393509127789,Counter-led,0.4062301335028608,0.8942581011938602,Counter-led,False,False,False,,0.37402190923317685,0.6156316916488223,0.15918135304150086,0.4601412714429869,0.9083409715857012,Counter-led,0.46290491118077326,0.8771769019248395,Counter-led,0.3933685003767898,0.9082819986310746,Counter-led,False,False,False,,0.4444444444444444,0.40869565217391307,0.2532511978097194
E02000022,Barking and Dagenham,Outer,1,1,0.0234215885947046,False,False,False,False,0.509639564124057,0.8354341736694678,Symmetric,0.5067796610169492,0.8263305322128851,Symmetric,0.4848698099929627,0.8514080287597364,Symmetric,False,False,False,,1.0,0.0,0.14439784301977232,0.4,0.84,Counter-led,0.4009708737864078,0.824,Counter-led,0.3494318181818182,0.8648648648648649,Counter-led,False,False,False,,1.0,0.0,0.2321867321867322
E02000023,Barking and Dagenham,Outer,1,1,-0.0264765784114053,False,False,False,False,0.4736842105263157,0.8160597572362278,Counter-led,0.47308132875143183,0.8151260504201681,Counter-led,0.431244153414406,0.8437253354380426,Counter-led,False,False,False,,1.0,0.0,0.15469613259668508,0.5067155067155067,0.7974683544303798,Symmetric,0.5061576354679803,0.7906523855890945,Symmetric,0.4178445229681979,0.8403860430586488,Counter-led,False,True,True,,1.0,0.0,0.23756495916852263
E02000024,Barnet,Outer,10,9,-0.0295315682281059,False,False,False,False,0.4273504273504273,0.9069767441860463,Counter-led,0.43146274149034036,0.9362618432385874,Counter-led,0.4821640903686088,0.9578587699316629,Symmetric,False,True,True,,0.0036991368680641184,0.9919632606199771,0.33883826879271073,0.4383177570093458,0.924006908462867,Counter-led,0.43505903723887374,0.9507772020725389,Counter-led,0.5605714285714286,0.9684560044272275,Cascade-led,False,True,True,,0.0010193679918450561,0.9869960988296489,0.35915882678472605
E02000025,Barnet,Outer,8,6,-0.0580448065173115,False,False,False,False,0.4471365638766519,0.7740835464620631,Lateral,0.4530493707647628,0.8806479113384484,Counter-led,0.4530493707647628,0.6345208845208845,Lateral,True,True,False,,0.5641025641025641,0.5398230088495575,0.2794840294840295,0.4299287410926365,0.7818012999071495,Lateral,0.44612068965517243,0.861652739090065,Counter-led,0.4461206896551724,0.5877137428752375,Lateral,True,True,False,,0.5676328502415459,0.6167315175097277,0.31792273590880304
E02000026,Barnet,Outer,10,9,-0.0702647657841141,False,False,False,False,0.4155528554070474,0.8965141612200436,Counter-led,0.41350710900473936,0.9193899782135077,Counter-led,0.4918166939443535,0.9429012345679012,Symmetric,False,True,True,,0.0,0.9967793880837359,0.2916666666666667,0.3827993254637437,0.8798219584569733,Counter-led,0.39186991869918697,0.9124629080118695,Counter-led,0.5498084291187739,0.9465095194922938,Cascade-led,False,True,True,,0.0017421602787456446,0.997872340425532,0.3889392565729828
E02000027,Barnet,Outer,6,5,-0.1486761710794297,False,False,False,False,0.4806421152030217,0.9346866725507502,Symmetric,0.4851889683350358,0.8640776699029126,Symmetric,0.4411337209302325,0.8993464052287582,Counter-led,False,True,True,,0.7957166392092258,0.19375812743823148,0.25947712418300656,0.5301507537688442,0.9128440366972476,Cascade-led,0.5224867724867724,0.8669724770642202,Cascade-led,0.4164724164724164,0.917320028510335,Counter-led,False,True,True,,0.8022388059701493,0.19307589880159787,0.37847469707769066
E02000028,Barnet,Outer,9,7,-0.0285132382892057,True,False,False,False,0.4550691244239631,0.8948453608247423,Counter-led,0.46384039900249374,0.8268041237113402,Counter-led,0.5022665457842248,0.8678206136900078,Symmetric,False,True,True,,0.24548736462093862,0.8051001821493625,0.23682140047206923,0.5440860215053763,0.9073170731707316,Cascade-led,0.5452562704471101,0.8946341463414634,Cascade-led,0.6152694610778443,0.925207756232687,Cascade-led,False,False,False,Cascade,0.15936739659367397,0.8171206225680934,0.2901662049861496
E02000029,Barnet,Outer,8,7,-0.1242362525458248,False,False,False,False,0.4528301886792453,0.8236208236208237,Counter-led,0.4421052631578947,0.8857808857808858,Counter-led,0.4868336544637122,0.9137323943661971,Symmetric,False,True,True,,0.17150395778364116,0.8097622027534418,0.24471830985915494,0.4480369515011547,0.7725245316681534,Lateral,0.44545454545454544,0.8831400535236396,Counter-led,0.5644946808510638,0.9198776758409786,Cascade-led,True,True,True,,0.14605418138987045,0.8442748091603054,0.3143730886850153
E02000030,Barnet,Outer,9,7,-0.0641547861507128,False,False,False,False,0.4667381974248927,0.8218694885361552,Counter-led,0.4619289340101523,0.8686067019400353,Counter-led,0.5513361462728551,0.90515595162317,Cascade-led,False,True,True,,0.18622448979591838,0.725705329153605,0.2781667727562062,0.4776902887139108,0.8211206896551724,Counter-led,0.5142503097893433,0.8696120689655172,Symmetric,0.59296875,0.913633119200571,Cascade-led,True,True,True,,0.15019762845849802,0.8598848368522073,0.337615988579586
E02000031,Barnet,Outer,10,8,0.0101832993890019,False,False,False,False,0.4289911851126347,0.9099821746880572,Counter-led,0.4458174904942966,0.9376114081996435,Counter-led,0.4873096446700508,0.9516908212560387,Symmetric,False,True,True,,0.09226190476190477,0.9603960396039604,0.22567287784679088,0.4177083333333333,0.9302325581395348,Counter-led,0.43887775551102204,0.9670542635658915,Counter-led,0.4989043097151205,0.9757662152530292,Symmetric,False,True,True,,0.060029282576866766,0.9606413994169096,0.2644333570919458
E02000032,Barnet,Outer,10,9,-0.0264765784114052,False,False,False,False,0.5050377833753149,0.8725274725274725,Symmetric,0.5083932853717026,0.9164835164835164,Symmetric,0.5399449035812672,0.934763948497854,Cascade-led,False,True,True,,0.0,0.9960079840319361,0.21888412017167383,0.5074626865671642,0.8589743589743589,Symmetric,0.5101449275362319,0.8846153846153846,Symmetric,0.5943491422805247,0.9167437557816837,Cascade-led,False,True,True,,0.0,0.9950248756218906,0.2784458834412581
E02000033,Barnet,Outer,7,5,-0.0437881873727088,False,False,False,False,0.4773584905660377,0.8922558922558923,Counter-led,0.4786069651741294,0.8459595959595959,Counter-led,0.4304281345565749,0.8772635814889336,Counter-led,False,False,False,,0.6856127886323268,0.3261744966442953,0.20321931589537223,0.4935217903415783,0.8680981595092024,Symmetric,0.506900878293601,0.8149284253578732,Symmetric,0.4256410256410256,0.8660251665433013,Counter-led,False,True,True,,0.6405622489959839,0.2425595238095238,0.27609178386380456
E02000034,Barnet,Outer,8,6,0.015274949083503,False,False,False,False,0.4522019334049409,0.6770909090909091,Lateral,0.45112781954887216,0.7738181818181818,Counter-led,0.4511278195488721,0.6150289017341041,Lateral,True,True,False,,0.4125,0.5787671232876712,0.20520231213872833,0.4855305466237942,0.7283372365339579,Lateral,0.4851674641148325,0.8157689305230289,Symmetric,0.4851674641148325,0.6100408639813193,Lateral,True,True,False,,0.3905325443786982,0.5371747211895911,0.2521891418563923
E02000035,Barnet,Outer,8,7,-0.0305498981670061,False,False,False,False,0.4943917169974116,0.7284726587052168,Lateral,0.4905247813411079,0.8623507228158391,Symmetric,0.4958968347010551,0.8862337662337663,Symmetric,True,False,True,,0.1773049645390071,0.8151162790697675,0.1735064935064935,0.4497854077253219,0.7520981278244029,Lateral,0.45040411462160174,0.8786313750806972,Counter-led,0.5201504567436862,0.9082479258174719,Cascade-led,True,True,True,,0.10743801652892562,0.7917133258678611,0.2440214738897023
E02000036,Barnet,Outer,8,6,-0.0570264765784114,False,False,False,False,0.4564102564102564,0.8008213552361396,Counter-led,0.4574753804834378,0.7645448323066393,Counter-led,0.4574753804834378,0.5728205128205128,Lateral,False,True,True,,0.33659491193737767,0.6716171617161716,0.25076923076923074,0.4458380843785632,0.7761061946902655,Lateral,0.4254807692307692,0.736283185840708,Lateral,0.4254807692307692,0.5063907486305539,Lateral,False,False,False,,0.288135593220339,0.6401673640167364,0.31223371880706025
E02000037,Barnet,Outer,8,6,0.0875763747454175,False,False,False,False,0.4837728194726166,0.7875399361022364,Symmetric,0.4529346622369878,0.7212460063897763,Lateral,0.4529346622369878,0.5476046088538509,Lateral,True,False,True,,0.39853300733496333,0.7145748987854251,0.24075197089144937,0.4804469273743016,0.7389060887512899,Lateral,0.5115646258503401,0.7585139318885449,Symmetric,0.5115646258503401,0.5157894736842106,Lateral,True,True,False,,0.4654255319148936,0.7047353760445683,0.32
E02000038,Barnet,Outer,8,6,-0.0641547861507128,False,False,False,False,0.4673366834170854,0.7637061403508771,Lateral,0.46875,0.8070175438596491,Counter-led,0.46875,0.6470329670329671,Lateral,True,True,False,,0.32318840579710145,0.7429667519181585,0.19824175824175824,0.436429215509468,0.7882018479033405,Lateral,0.43256997455470736,0.837953091684435,Counter-led,0.4325699745547073,0.6121495327102804,Lateral,True,True,False,,0.22745098039215686,0.7294469357249627,0.26947040498442365
E02000039,Barnet,Outer,9,8,-0.0336048879837067,False,False,False,False,0.5263852242744064,0.782249742002064,Lateral,0.5048335123523093,0.9607843137254902,Symmetric,0.5426975259377494,0.9705654531371031,Cascade-led,True,True,True,,0.023529411764705882,0.9546247818499127,0.24941905499612704,0.4174041297935103,0.7929824561403509,Counter-led,0.41967621419676215,0.9391812865497076,Counter-led,0.5042158516020236,0.9579967689822294,Symmetric,False,True,True,,0.020066889632107024,0.9659863945578231,0.30936995153473346
E02000040,Barnet,Outer,7,5,0.0173116089613034,False,False,False,False,0.523102310231023,0.8924889543446245,Cascade-led,0.5159128978224455,0.8792341678939617,Symmetric,0.4812967581047381,0.9072398190045249,Symmetric,True,False,True,,0.6904145077720207,0.23918269230769232,0.2319004524886878,0.4516423357664234,0.9028006589785832,Counter-led,0.47024952015355087,0.8583196046128501,Counter-led,0.4410646387832699,0.9017142857142857,Counter-led,False,False,False,,0.7902298850574713,0.35941043083900226,0.3062857142857143
E02000041,Barnet,Outer,7,6,-0.0987780040733197,False,False,False,False,0.5008130081300813,0.9037472446730346,Symmetric,0.4740518962075848,0.7362233651726672,Counter-led,0.4740518962075848,0.5795257374204743,Lateral,True,True,True,,0.32421052631578945,0.7191650853889943,0.2128397917871602,0.5303643724696356,0.8561525129982669,Cascade-led,0.5216426193118757,0.7807625649913345,Cascade-led,0.5216426193118757,0.5779345734445157,Lateral,False,True,True,,0.2957446808510638,0.7679814385150812,0.25978191148171903
E02000042,Barnet,Outer,8,6,-0.0234215885947046,False,False,False,False,0.4660514172709294,0.7065673032137867,Lateral,0.4701834862385321,0.8122962272938985,Counter-led,0.4701834862385321,0.65196261682243,Lateral,True,True,False,,0.47317073170731705,0.6287878787878788,0.19738317757009347,0.4182194616977225,0.7329286798179059,Lateral,0.43184559710494574,0.8386444107233182,Counter-led,0.4318455971049457,0.6384289564882557,Lateral,True,True,False,,0.4106145251396648,0.6242038216560509,0.23873700423565652
E02000043,Barnet,Outer,10,9,0.005091649694501,False,False,False,False,0.4939130434782608,0.9244372990353698,Symmetric,0.4983277591973244,0.9614147909967846,Symmetric,0.5112781954887218,0.9682329583057577,Symmetric,False,False,False,,0.0,0.9832167832167832,0.17670416942422237,0.4886240520043337,0.9447287615148412,Symmetric,0.4952178533475027,0.9631525076765609,Symmetric,0.5465587044534413,0.971675845790716,Cascade-led,False,True,True,,0.0,1.0,0.23131392604248624
E02000044,Barnet,Outer,6,4,-0.1456211812627291,False,False,False,False,0.4896373056994819,0.8846447669977082,Symmetric,0.4944301628106255,0.891520244461421,Symmetric,0.4502046384720327,0.9116915422885572,Counter-led,False,True,True,,0.7090909090909091,0.22952853598014888,0.1859452736318408,0.447576099210823,0.892354124748491,Counter-led,0.4623287671232877,0.8812877263581489,Counter-led,0.3937449879711307,0.9135531135531135,Counter-led,False,False,False,,0.7372708757637475,0.23148148148148148,0.2717948717948718
E02000045,Barnet,Outer,6,4,-0.0346232179226069,False,False,False,False,0.501358695652174,0.9097651421508036,Symmetric,0.5003408316291752,0.9066749072929543,Symmetric,0.4649076517150395,0.9261974584555229,Counter-led,False,True,True,,0.7729852440408627,0.2534516765285996,0.20918866080156404,0.4347826086956521,0.9028925619834712,Counter-led,0.42781557067271353,0.9111570247933884,Counter-led,0.3855353075170842,0.9315649867374005,Counter-led,False,False,False,,0.6853766617429837,0.2873030583873957,0.22970822281167108
E02000046,Barnet,Outer,8,7,0.010183299389002,False,False,False,False,0.5045567522783762,0.7404907975460123,Lateral,0.5072024260803639,0.80920245398773,Symmetric,0.4912891986062718,0.8470241023118544,Symmetric,True,False,True,,0.13711583924349882,0.8721461187214612,0.1982292179045745,0.4887966804979253,0.8044058744993324,Symmetric,0.4926184926184926,0.8591455273698264,Symmetric,0.5439110070257611,0.8900468994267848,Cascade-led,False,True,True,,0.08288482238966631,0.8510911424903723,0.21938509640437728
E02000047,Barnet,Outer,5,3,-0.1069246435845213,False,False,False,False,0.4556179775280899,0.892678034102307,Counter-led,0.475854584915898,0.9242728184553661,Counter-led,0.4394932284840542,0.9381147540983606,Counter-led,False,False,False,,0.8429423459244533,0.17926734216679657,0.18278688524590164,0.4527363184079602,0.8481012658227848,Counter-led,0.45892169448010267,0.9391199517781796,Counter-led,0.4279559597893729,0.9538812785388128,Counter-led,False,False,False,,0.8903803131991052,0.12301255230125523,0.24246575342465754
E02000048,Barnet,Outer,9,7,-0.060081466395112,False,False,False,False,0.483265306122449,0.7923673997412678,Symmetric,0.47763457164518575,0.8531694695989651,Counter-led,0.5025582717453099,0.8856998992950654,Symmetric,True,True,False,,0.18099547511312217,0.7908571428571428,0.2215508559919436,0.503957783641161,0.8086770981507824,Symmetric,0.48790658882402,0.852773826458037,Symmetric,0.5501519756838906,0.8882289416846653,Cascade-led,False,True,True,,0.1138121546961326,0.7986486486486486,0.2408207343412527
E02000049,Barnet,Outer,2,2,-0.125254582484725,False,False,False,False,0.4045174537987679,0.9720558882235528,Counter-led,0.4019471488178025,0.9567531603459747,Counter-led,0.3966318234610917,0.9636261891438165,Counter-led,False,False,False,,0.9458272327964861,0.008662175168431183,0.15892557358701734,0.4938852304797742,0.9619909502262444,Symmetric,0.4911591355599214,0.9212669683257918,Symmetric,0.418815331010453,0.942838370565046,Counter-led,False,True,True,,0.9450915141430949,0.06594724220623502,0.2739816031537451
E02000050,Barnet,Outer,6,5,0.0050916496945009,False,False,False,False,0.5078787878787879,0.8909287257019438,Symmetric,0.5113149847094801,0.8828293736501079,Symmetric,0.4934939759036144,0.9053228621291448,Symmetric,False,False,False,,0.64453125,0.3111322549952426,0.19197207678883071,0.4703703703703704,0.9121621621621622,Counter-led,0.4748031496062992,0.8581081081081081,Counter-led,0.417551704863052,0.8949474737368684,Counter-led,False,False,False,,0.678714859437751,0.28119001919385794,0.25962981490745374
E02000051,Barnet,Outer,9,7,0.0437881873727087,False,False,False,False,0.5181818181818182,0.7947019867549668,Symmetric,0.5356612184249628,0.8103552077062011,Cascade-led,0.5372460496613995,0.8490656444657403,Cascade-led,True,False,True,,0.19642857142857142,0.8512195121951219,0.2041207474844274,0.5364188163884673,0.8341772151898734,Cascade-led,0.5328798185941043,0.8373417721518988,Cascade-led,0.5878453038674033,0.8756652152878568,Cascade-led,False,False,False,,0.14191729323308272,0.7975871313672922,0.235607160135462
E02000052,Barnet,Outer,8,6,0.080448065173116,False,False,False,False,0.4625074985002999,0.8376884422110553,Counter-led,0.458133971291866,0.8402010050251256,Counter-led,0.458133971291866,0.6307053941908713,Lateral,False,True,True,,0.27676240208877284,0.7637969094922737,0.24933987174651076,0.5373961218836565,0.8595238095238096,Cascade-led,0.5400959561343386,0.868452380952381,Cascade-led,0.5400959561343386,0.6490213523131673,Lateral,False,True,True,,0.2868020304568528,0.7406855439642325,0.2526690391459075
E02000053,Barnet,Outer,6,5,-0.0773930753564154,False,False,False,False,0.4776815456362425,0.8865918487891317,Counter-led,0.49019607843137253,0.8434731246308328,Symmetric,0.517362858580775,0.8823268206039077,Symmetric,True,False,True,,0.6099221789883269,0.48383733055265904,0.24822380106571937,0.4934127979924718,0.8611561318206374,Symmetric,0.47698334965719885,0.8273905996758509,Counter-led,0.4531031264582361,0.8702538071065989,Counter-led,True,False,True,,0.5288362512873327,0.4765358361774744,0.2483248730964467
E02000054,Barnet,Outer,8,6,-0.1089613034623218,False,False,False,False,0.4770867430441898,0.8262339418526031,Counter-led,0.47797716150081565,0.8289384719405003,Counter-led,0.4779771615008156,0.6673924877517692,Lateral,False,True,True,,0.27303754266211605,0.7171875,0.19488296135002722,0.5314155942467828,0.8544631306597671,Cascade-led,0.5210332103321034,0.8764553686934023,Cascade-led,0.5210332103321034,0.6963001027749229,Lateral,False,True,True,,0.23087818696883852,0.7072419106317411,0.20554984583761562
E02000055,Barnet,Outer,7,5,0.0193482688391037,False,False,False,False,0.4841457643161382,0.9271610355419044,Symmetric,0.48782911077993046,0.8832821412900395,Symmetric,0.4880157170923379,0.9053717538242618,Symmetric,False,False,False,,0.6835748792270532,0.2893323100537222,0.18925649235147635,0.4877014418999151,0.9100733307603242,Symmetric,0.48104693140794225,0.8552682362022385,Symmetric,0.4489724834552421,0.8844731977818854,Counter-led,False,True,True,,0.5686578743211792,0.33691529709228824,0.2017868145409735
E02000056,Barnet,Outer,10,9,0.0010183299389002,False,False,False,False,0.4875912408759124,0.9695682944090588,Symmetric,0.488,0.97310686482661,Symmetric,0.4960850111856823,0.9791894852135816,Symmetric,False,False,False,,0.002254791431792559,0.9988901220865705,0.2261774370208105,0.4933954933954934,0.9568773234200744,Symmetric,0.4934865900383142,0.9702602230483272,Symmetric,0.5441089402013025,0.9768652400231348,Cascade-led,False,True,True,,0.0,0.9961038961038962,0.2220936957779063
E02000057,Barnet,Outer,8,6,0.0010183299389001,False,False,False,False,0.4732758620689655,0.8256227758007118,Counter-led,0.4757446808510638,0.8362989323843416,Counter-led,0.4757446808510638,0.6891495601173021,Lateral,False,True,True,,0.35778175313059035,0.6347402597402597,0.17595307917888564,0.5378356387306753,0.8400546821599453,Cascade-led,0.5447941888619855,0.84688995215311,Cascade-led,0.5447941888619855,0.7075956596230726,Lateral,False,True,True,,0.2785185185185185,0.7287234042553191,0.1644774414620217
E02000058,Barnet,Outer,9,8,-0.0336048879837067,False,False,False,False,0.5017717930545712,0.7371995820271683,Lateral,0.4979568009340339,0.8949843260188087,Symmetric,0.5069444444444444,0.9148665819567979,Symmetric,True,False,True,,0.06575342465753424,0.9164319248826291,0.18932655654383734,0.5045492142266336,0.7024985473561882,Lateral,0.48721227621483376,0.9087739686228936,Symmetric,0.5384218669417226,0.9250954198473282,Cascade-led,True,True,True,,0.07183908045977011,0.906145251396648,0.17891221374045801
E02000059,Barnet,Outer,5,4,-0.0213849287169042,False,False,False,False,0.4693539480949751,0.8938795656465943,Counter-led,0.4844209288653733,0.8395853899308984,Symmetric,0.4478260869565217,0.8643006263048016,Counter-led,True,True,False,,0.7141316073354909,0.27209098862642167,0.15407098121085594,0.4350453172205438,0.8760476400529333,Counter-led,0.4342105263157895,0.8716365240405822,Counter-led,0.3985565356856455,0.8955116696588868,Counter-led,False,False,False,,0.6730382293762576,0.24666666666666667,0.18599640933572711
E02000060,Barnet,Outer,9,7,-0.1272912423625254,False,False,False,False,0.5023664638269101,0.7549770290964778,Lateral,0.49417637271214643,0.9203675344563553,Symmetric,0.489935956084172,0.9333902647309992,Symmetric,True,False,True,,0.20354808590102708,0.7883408071748879,0.16353543979504698,0.5531197301854974,0.7375621890547264,Lateral,0.5154777927321669,0.9241293532338308,Symmetric,0.5501385041551247,0.9366891541255838,Cascade-led,True,True,True,,0.15609264853977844,0.7167487684729064,0.16554229372080956
E02000061,Barnet,Outer,9,8,-0.109979633401222,False,False,False,False,0.4849296718017414,0.7528996469994957,Lateral,0.49038461538461536,0.8915784165405951,Symmetric,0.4886515353805073,0.912672623883022,Symmetric,True,False,True,,0.039162112932604735,0.9608355091383812,0.19455727051177904,0.4968030690537084,0.8028747433264887,Symmetric,0.498567335243553,0.8957905544147844,Symmetric,0.5353397172822617,0.9152754590984975,Cascade-led,False,True,True,,0.04770017035775128,0.9352306182531894,0.18697829716193656
E02000062,Barnet,Outer,4,3,-0.2443991853360488,False,False,False,False,0.5354609929078015,0.871042471042471,Cascade-led,0.5436179981634527,0.8409266409266409,Cascade-led,0.5118790496760259,0.870846394984326,Symmetric,False,True,True,,0.8185654008438819,0.2168141592920354,0.18808777429467086,0.3911028730305839,0.8496062992125984,Counter-led,0.39861523244312563,0.7960629921259843,Counter-led,0.3765822784810126,0.8299409061063691,Counter-led,False,False,False,,0.7058823529411765,0.23477157360406092,0.16611950098489822
E02000063,Barnet,Outer,7,5,-0.1435845213849287,False,False,False,False,0.4980299448384555,0.9103299856527975,Symmetric,0.49417637271214643,0.8622668579626973,Symmetric,0.4836992681304058,0.8867256637168142,Symmetric,False,False,False,,0.47455295735900965,0.4845360824742268,0.1775811209439528,0.521190261496844,0.8794607454401269,Cascade-led,0.4907235621521336,0.8548770816812054,Symmetric,0.4525925925925926,0.8806262230919765,Counter-led,True,True,True,,0.41243862520458263,0.428958051420839,0.17742987606001304
E02000064,Barnet,Outer,6,4,-0.0784114052953157,False,False,False,False,0.5190661478599222,0.9185132237312366,Symmetric,0.5146476642913698,0.9027877055039314,Symmetric,0.5308564231738035,0.9211136890951276,Cascade-led,False,True,True,,0.7164887307236062,0.348993288590604,0.18851508120649652,0.4805624483043837,0.8955555555555555,Symmetric,0.4687760199833472,0.8896296296296297,Counter-led,0.4444444444444444,0.9126611957796014,Counter-led,True,False,True,,0.6011560693641619,0.35260115606936415,0.20867526377491208
E02000065,Bexley,Outer,6,4,-0.0101832993890019,False,False,False,False,0.4537337662337662,0.9506172839506172,Counter-led,0.4567901234567901,0.9375,Counter-led,0.4201183431952662,0.949438202247191,Counter-led,False,False,False,,0.2597809076682316,0.6281179138321995,0.19101123595505617,0.4919540229885057,0.9497816593886464,Symmetric,0.49178403755868544,0.9301310043668122,Symmetric,0.4159431728492502,0.9519158527422991,Counter-led,False,True,True,,0.3396584440227704,0.4743243243243243,0.31179564237415475
E02000066,Bexley,Outer,4,3,-0.0539714867617108,False,False,False,False,0.4335778321108394,0.8335597826086957,Counter-led,0.4363957597173145,0.7690217391304348,Counter-led,0.3991825613079019,0.8119469026548672,Counter-led,False,False,False,,0.5699658703071673,0.3344671201814059,0.18584070796460178,0.4930817610062893,0.8520900321543409,Symmetric,0.5047489823609227,0.789924973204716,Symmetric,0.4323843416370106,0.8515151515151516,Counter-led,False,True,True,,0.602880658436214,0.2664576802507837,0.29318181818181815
E02000067,Bexley,Outer,5,3,-0.0773930753564154,False,False,False,False,0.4017027863777089,0.9743589743589745,Counter-led,0.4326171875,0.7722473604826546,Counter-led,0.4109890109890109,0.8188362327534493,Counter-led,False,False,False,,0.7165775401069518,0.2997512437810945,0.20455908818236354,0.4619741100323624,0.9603729603729604,Counter-led,0.47562189054726367,0.7808857808857809,Counter-led,0.4065510597302504,0.8466557911908646,Counter-led,False,False,False,,0.7377567140600316,0.24891774891774893,0.300163132137031
E02000068,Bexley,Outer,4,3,-0.115071283095723,False,False,False,False,0.4621026894865526,0.8051181102362205,Counter-led,0.47295423023578365,0.7096456692913385,Lateral,0.4368029739776952,0.7848285922684172,Counter-led,True,True,False,,0.7382978723404255,0.2706270627062706,0.2589350838803793,0.4335585585585585,0.8505747126436781,Counter-led,0.42962962962962964,0.7758620689655172,Counter-led,0.3587726199842643,0.8445182724252491,Counter-led,False,False,False,,0.6535087719298246,0.25398773006134967,0.306312292358804
E02000069,Bexley,Outer,7,5,-0.0437881873727088,False,False,False,False,0.4613180515759312,0.9900709219858156,Counter-led,0.45977011494252873,0.9872340425531915,Counter-led,0.4290288153681963,0.9904862579281184,Counter-led,False,False,False,,0.5348258706467661,0.4747663551401869,0.2547568710359408,0.4066523605150214,0.9810526315789474,Counter-led,0.4040948275862069,0.9768421052631578,Counter-led,0.3687150837988827,0.9827450980392157,Counter-led,False,False,False,,0.45021645021645024,0.5448798988621998,0.2549019607843137
E02000070,Bexley,Outer,8,7,-0.0376782077393075,False,False,False,False,0.3940677966101695,0.9042145593869731,Counter-led,0.39662447257383965,0.9080459770114943,Counter-led,0.4758974358974359,0.9312320916905444,Counter-led,False,False,False,,0.11853448275862069,0.8493150684931506,0.2521489971346705,0.415625,0.8864265927977839,Counter-led,0.4195488721804511,0.9210526315789473,Counter-led,0.5645004849660524,0.9476102941176471,Cascade-led,False,True,True,,0.14261168384879724,0.8396436525612472,0.33639705882352944
E02000071,Bexley,Outer,8,6,-0.0947046843177189,False,False,False,False,0.4578313253012048,0.8634590377113134,Counter-led,0.4684065934065934,0.9466840052015605,Counter-led,0.4684065934065934,0.6933333333333334,Lateral,False,True,True,,0.375366568914956,0.6589147286821705,0.26761904761904765,0.4883359253499222,0.8905817174515236,Symmetric,0.49493487698986977,0.9570637119113573,Symmetric,0.4949348769898697,0.6202872531418312,Lateral,False,True,True,,0.3333333333333333,0.7077363896848138,0.3518850987432675
E02000072,Bexley,Outer,3,2,-0.0957230142566191,False,False,False,False,0.4626278520849725,0.9414814814814816,Counter-led,0.4721311475409836,0.9037037037037037,Counter-led,0.4318857822724569,0.9282164549972391,Counter-led,False,False,False,,0.9765840220385675,0.04712041884816754,0.2545554942020983,0.5055225148683092,0.9060816012317168,Symmetric,0.5235934664246824,0.8483448806774442,Cascade-led,0.4352741661955907,0.8997965412004069,Counter-led,True,True,True,,0.9532467532467532,0.08508508508508508,0.3392675483214649
E02000073,Bexley,Outer,10,9,-0.0132382892057026,False,False,False,False,0.4085173501577287,0.8180645161290323,Counter-led,0.39644970414201186,0.8722580645161291,Counter-led,0.4817813765182186,0.9089236430542779,Symmetric,False,True,True,,0.01680672268907563,0.9375,0.28702851885924563,0.4392523364485981,0.8262548262548263,Counter-led,0.4333821376281113,0.879021879021879,Counter-led,0.5840071877807727,0.9221209610604806,Cascade-led,False,True,True,,0.021538461538461538,0.9416846652267818,0.35625517812758906
E02000074,Bexley,Outer,4,3,-0.130346232179226,False,False,False,False,0.4874651810584958,0.8692493946731235,Symmetric,0.5045045045045045,0.8062953995157385,Symmetric,0.4521651560926485,0.8612315698178664,Counter-led,False,True,True,,0.7861915367483296,0.2426470588235294,0.28360797918473546,0.4712837837837837,0.8744460856720827,Counter-led,0.48148148148148145,0.8375184638109305,Symmetric,0.3707264957264957,0.8948374760994264,Counter-led,True,True,False,,0.7435158501440923,0.21901528013582344,0.3527724665391969
E02000075,Bexley,Outer,10,9,-0.0112016293279021,False,False,False,False,0.4418604651162791,0.7724550898203593,Lateral,0.44254278728606355,0.8163672654690619,Counter-led,0.5510835913312694,0.8753387533875339,Cascade-led,True,True,True,,0.028089887640449437,0.9620689655172414,0.32113821138211385,0.4637404580152672,0.8073959938366718,Counter-led,0.4646098003629764,0.8489984591679507,Counter-led,0.5844298245614035,0.902970297029703,Cascade-led,False,True,True,,0.024390243902439025,0.9630606860158312,0.3574257425742574
E02000077,Bexley,Outer,8,7,0.0061099796334012,False,False,False,False,0.4483925549915397,0.8323943661971831,Counter-led,0.4453507340946166,0.8633802816901408,Counter-led,0.4858548585485855,0.8934065934065935,Symmetric,False,True,True,,0.25316455696202533,0.7607655502392344,0.21978021978021978,0.345679012345679,0.8847087378640777,Counter-led,0.3543091655266758,0.8871359223300971,Counter-led,0.4915730337078651,0.9198966408268734,Symmetric,False,True,True,,0.1295238095238095,0.7495395948434622,0.29026701119724374
E02000078,Bexley,Outer,9,8,-0.0183299389002036,False,False,False,False,0.4224719101123595,0.8725490196078431,Counter-led,0.42084168336673344,0.9784313725490196,Counter-led,0.5239327296248383,0.985969387755102,Cascade-led,False,True,True,,0.05925925925925926,0.8940217391304348,0.3494897959183674,0.4314814814814814,0.8571428571428571,Counter-led,0.43283582089552236,0.9571428571428572,Counter-led,0.5548011639185257,0.9744801512287334,Cascade-led,False,True,True,,0.08216783216783216,0.9564270152505446,0.4045368620037807
E02000079,Bexley,Outer,9,7,-0.0427698574338084,False,False,False,False,0.4168591224018476,0.8616915422885573,Counter-led,0.4271523178807947,0.9014925373134328,Counter-led,0.503125,0.9282088469905729,Symmetric,False,True,True,,0.2701863354037267,0.6808176100628931,0.271211022480058,0.3996194100856327,0.8700331125827815,Counter-led,0.3900184842883549,0.8956953642384106,Counter-led,0.4822601839684625,0.9235436893203883,Symmetric,False,True,True,,0.21662125340599456,0.7918781725888325,0.2669902912621359
E02000080,Bexley,Outer,9,7,-0.0346232179226069,False,False,False,False,0.4518430439952438,0.8871308016877637,Counter-led,0.43498817966903075,0.8924050632911392,Counter-led,0.5189873417721519,0.9207459207459208,Symmetric,False,True,True,,0.25853658536585367,0.8122807017543859,0.2634032634032634,0.448318804483188,0.8709327548806941,Counter-led,0.441320293398533,0.8872017353579176,Counter-led,0.5458333333333333,0.9202453987730062,Cascade-led,False,True,True,,0.19236641221374046,0.7394495412844037,0.2929447852760736
E02000081,Bexley,Outer,8,6,-0.1089613034623218,False,False,False,False,0.4104729729729729,0.8680351906158358,Counter-led,0.408,0.9164222873900293,Counter-led,0.408,0.6496881496881497,Lateral,False,True,True,,0.5764705882352941,0.581081081081081,0.2910602910602911,0.421636615811373,0.904642409033877,Counter-led,0.4413702239789196,0.9523212045169385,Counter-led,0.4413702239789196,0.6211129296235679,Lateral,False,True,True,,0.5552238805970149,0.6014150943396226,0.34779050736497547
E02000082,Bexley,Outer,10,9,-0.0040733197556007,False,False,False,False,0.4759535655058043,0.8061497326203209,Counter-led,0.47577092511013214,0.910427807486631,Counter-led,0.5519677093844602,0.9366729678638941,Cascade-led,False,True,True,,0.06764168190127971,0.9076576576576577,0.29300567107750475,0.3989637305699481,0.8596881959910914,Counter-led,0.40190249702734837,0.9365256124721604,Counter-led,0.5161290322580645,0.9560524286815728,Symmetric,False,True,True,,0.046875,0.935,0.30763299922898996
E02000083,Bexley,Outer,6,4,-0.0936863543788187,False,False,False,False,0.50480109739369,0.943078913324709,Symmetric,0.5077355836849508,0.9197930142302717,Symmetric,0.4297124600638977,0.9528158295281582,Counter-led,False,True,True,,0.7881040892193308,0.23809523809523808,0.4117199391171994,0.4605263157894737,0.937219730941704,Counter-led,0.4658536585365854,0.9192825112107623,Counter-led,0.3819796954314721,0.9563106796116505,Counter-led,False,False,False,,0.7691029900332226,0.23819301848049282,0.4587378640776699
E02000084,Bexley,Outer,10,9,-0.0336048879837066,False,False,False,False,0.4654919236417034,0.75,Lateral,0.4489795918367347,0.8634361233480177,Counter-led,0.5415973377703827,0.9064856711915535,Cascade-led,True,True,True,,0.05069124423963134,0.8765880217785844,0.3152337858220211,0.384418901660281,0.7853560682046138,Lateral,0.3847900113507378,0.8836509528585758,Counter-led,0.5053763440860215,0.9232296492389146,Symmetric,True,True,True,,0.05390070921985816,0.9130434782608695,0.34017207147584383
E02000085,Bexley,Outer,9,8,-0.0417515274949082,False,False,False,False,0.4486404833836858,0.8112745098039216,Counter-led,0.46164021164021163,0.9264705882352942,Counter-led,0.5306930693069307,0.9439252336448598,Cascade-led,False,True,True,,0.18097014925373134,0.7742616033755274,0.23738317757009345,0.4600591715976331,0.7990543735224587,Counter-led,0.4514877102199224,0.9137115839243499,Counter-led,0.5379803395889187,0.9387583892617449,Cascade-led,False,True,True,,0.19601328903654486,0.8123791102514507,0.2902684563758389
E02000086,Bexley,Outer,10,10,-0.0264765784114052,False,False,False,False,0.4375,0.7272727272727273,Lateral,0.4552980132450331,0.8856304985337243,Counter-led,0.5146198830409356,0.9163987138263665,Symmetric,True,True,True,,0.0,1.0,0.2690246516613076,0.4716312056737589,0.7844228094575799,Lateral,0.4908256880733945,0.9095966620305981,Symmetric,0.5800636267232238,0.935515873015873,Cascade-led,True,True,True,,0.0,1.0,0.2867063492063492
E02000087,Bexley,Outer,10,10,-0.0356415478615071,False,False,False,False,0.4407484407484408,0.7321156773211568,Lateral,0.4294770206022187,0.9604261796042618,Counter-led,0.5193213949104618,0.9760809567617296,Symmetric,True,True,True,,0.0,1.0,0.39558417663293466,0.3964497041420118,0.7232524964336662,Lateral,0.38023952095808383,0.9529243937232525,Counter-led,0.5182608695652174,0.9721048182586645,Symmetric,True,True,True,,0.0,1.0,0.4074387151310228
E02000088,Bexley,Outer,10,9,-0.0091649694501018,False,False,False,False,0.4911971830985915,0.7867036011080333,Symmetric,0.5255255255255256,0.9224376731301939,Cascade-led,0.5793562708102109,0.9414838035527691,Cascade-led,True,False,True,,0.1360153256704981,0.9313984168865436,0.24555903866248693,0.4313346228239845,0.7312588401697313,Lateral,0.4246353322528363,0.8727015558698727,Counter-led,0.5540796963946869,0.9213286713286714,Cascade-led,True,True,True,,0.06678082191780822,0.8702127659574468,0.381993006993007
E02000089,Bexley,Outer,10,10,-0.0264765784114052,False,False,False,False,0.4612612612612612,0.7581967213114754,Lateral,0.475968992248062,0.8811475409836066,Counter-led,0.5318435754189944,0.9114052953156823,Cascade-led,True,True,True,,0.0,1.0,0.2545824847250509,0.3612774451097804,0.7828125,Lateral,0.3884007029876977,0.8890625,Counter-led,0.5229885057471264,0.924548352816153,Cascade-led,True,True,True,,0.0,1.0,0.3198724760892667
E02000090,Bexley,Outer,9,8,-0.0285132382892057,False,False,False,False,0.441207075962539,0.7870597870597871,Counter-led,0.4602076124567474,0.9467649467649467,Counter-led,0.4772017489069332,0.960984393757503,Counter-led,False,False,False,,0.20680628272251309,0.8434886499402628,0.26710684273709484,0.4247211895910781,0.7729885057471264,Lateral,0.43297380585516176,0.9324712643678161,Counter-led,0.439522150323544,0.9553019495958155,Counter-led,True,False,True,,0.1664779161947905,0.827708703374778,0.33808844507845937
E02000091,Bexley,Outer,9,7,-0.0468431771894093,False,False,False,False,0.4647122692725298,0.7824978759558199,Lateral,0.4990875912408759,0.9311809685641461,Symmetric,0.5180288461538461,0.9535816618911175,Symmetric,True,False,True,,0.339907192575406,0.7443890274314214,0.32550143266475645,0.4244244244244244,0.78046875,Lateral,0.4436917866215072,0.92265625,Counter-led,0.5324899367452559,0.9461371055495104,Cascade-led,True,True,True,,0.296976241900648,0.6642066420664207,0.30359085963003263
E02000092,Bexley,Outer,4,3,-0.1537678207739307,False,False,False,False,0.5236294896030246,0.8787375415282392,Cascade-led,0.5320388349514563,0.8554817275747508,Cascade-led,0.4512820512820513,0.8996539792387543,Counter-led,False,True,True,,0.8977272727272727,0.16355140186915887,0.30565167243367936,0.5589941972920697,0.9298561151079136,Cascade-led,0.5557729941291585,0.9190647482014388,Cascade-led,0.4532544378698225,0.949438202247191,Counter-led,False,True,True,,0.9164490861618799,0.13852813852813853,0.3752808988764045
E02000093,Brent,Outer,6,5,-0.0030549898167006,False,False,False,False,0.445583596214511,0.8464619492656876,Counter-led,0.4470588235294118,0.8511348464619493,Counter-led,0.420012746972594,0.8755580357142857,Counter-led,False,False,False,,0.417298937784522,0.4747252747252747,0.1640625,0.4595827900912647,0.8666666666666667,Counter-led,0.4353182751540041,0.8254237288135593,Counter-led,0.3818458417849898,0.8645330995177554,Counter-led,False,False,False,,0.5272244355909694,0.44052502050861364,0.2240245506356861
E02000094,Brent,Outer,5,4,0.0641547861507128,False,False,False,False,0.4375667022411953,0.7636511817440913,Lateral,0.45701357466063347,0.7204563977180114,Lateral,0.4296228150873965,0.7601398601398601,Counter-led,False,True,True,,0.6059957173447538,0.3241935483870968,0.14195804195804196,0.427536231884058,0.8002577319587629,Counter-led,0.41256366723259763,0.759020618556701,Counter-led,0.3685185185185185,0.8124373119358074,Counter-led,False,False,False,,0.678391959798995,0.3020527859237537,0.22166499498495487
E02000095,Brent,Outer,5,4,0.1130346232179225,False,False,False,False,0.4792792792792792,0.8026030368763557,Counter-led,0.49497991967871485,0.720173535791757,Lateral,0.4569589702333065,0.7625766871165645,Counter-led,True,True,False,,0.5633802816901409,0.21925925925925926,0.15153374233128836,0.4456342668863262,0.8241683638832314,Counter-led,0.4209090909090909,0.7467752885268161,Counter-led,0.3770833333333333,0.7942636514065086,Counter-led,False,False,False,,0.6924493554327809,0.21627647714604237,0.18753447324875896
E02000096,Brent,Outer,8,7,0.0692464358452138,False,False,False,False,0.4974146845915201,0.8314703353396389,Symmetric,0.49657198824681686,0.8779019776440241,Symmetric,0.5372144436256449,0.9052701801200801,Cascade-led,False,True,True,,0.04801097393689986,0.8614649681528662,0.22414943295530354,0.4715909090909091,0.8036529680365296,Counter-led,0.4922077922077922,0.8789954337899544,Symmetric,0.5785582255083179,0.9107744107744108,Cascade-led,True,True,True,,0.04472843450479233,0.9057017543859649,0.26262626262626265
E02000097,Brent,Outer,6,4,0.0376782077393075,False,False,False,False,0.4985700667302192,0.8521527213647441,Symmetric,0.46871444823663255,0.7140536149471974,Lateral,0.4265232974910394,0.7602179836512262,Counter-led,True,True,True,,0.523109243697479,0.26875,0.1614441416893733,0.4324586977648202,0.8238590872698158,Counter-led,0.40380313199105144,0.7157726180944756,Lateral,0.3633360858794385,0.7733077905491699,Lateral,True,False,True,,0.5613636363636364,0.3099870298313878,0.20242656449553
E02000098,Brent,Outer,5,4,-0.0295315682281059,False,False,False,False,0.4137645107794361,0.8340248962655602,Counter-led,0.4215291750503018,0.6874135546334716,Lateral,0.3996840442338072,0.7369033760186263,Lateral,True,False,True,,0.4525691699604743,0.3171052631578947,0.15832363213038417,0.4203168685927306,0.8317829457364341,Counter-led,0.47030878859857483,0.6527131782945736,Lateral,0.4026086956521739,0.7196495619524406,Lateral,True,False,True,,0.5529157667386609,0.29694323144104806,0.1927409261576971
E02000099,Brent,Outer,6,4,0.0621181262729124,False,False,False,False,0.4752851711026616,0.8386479591836735,Counter-led,0.4896421845574388,0.6772959183673469,Lateral,0.4659090909090909,0.735632183908046,Lateral,True,False,True,,0.5640243902439024,0.324468085106383,0.180773249738767,0.4114544084400904,0.8324968632371392,Counter-led,0.4477468839884947,0.6543287327478042,Lateral,0.3895470383275261,0.7225579053373615,Lateral,True,False,True,,0.6636851520572451,0.273972602739726,0.1973816717019134
E02000100,Brent,Outer,8,6,0.0733197556008147,False,False,False,False,0.5932642487046632,0.8853211009174312,Cascade-led,0.5932896890343698,0.9342507645259939,Cascade-led,0.5932896890343698,0.6013779527559056,Lateral,False,True,True,,0.16,0.7142857142857143,0.3562992125984252,0.591701244813278,0.8789204959883297,Cascade-led,0.5828125,0.9336250911743253,Cascade-led,0.5828125,0.6907717215326498,Lateral,False,True,True,,0.13002680965147453,0.6816479400749064,0.2601187263896384
E02000101,Brent,Outer,2,2,0.1232179226069246,False,False,False,False,0.4780553679945982,0.9769129287598944,Counter-led,0.4804138950480414,0.8924802110817942,Symmetric,0.4427339901477832,0.9087856743144935,Counter-led,True,True,False,,0.9026425591098748,0.08508287292817679,0.15165081141578063,0.4691091954022988,0.9626556016597512,Counter-led,0.47913322632423755,0.8616874135546335,Counter-led,0.4197844007609385,0.887450759707372,Counter-led,False,False,False,,0.9169184290030211,0.08961748633879782,0.1862689926842994
E02000102,Brent,Outer,3,2,-0.0916496945010183,False,False,False,False,0.4452173913043478,0.8493353028064993,Counter-led,0.4421148587055606,0.810192023633678,Counter-led,0.4203362690152121,0.8293492695883135,Counter-led,False,False,False,,0.780952380952381,0.19475138121546962,0.10092961487383798,0.3713713713713714,0.883289124668435,Counter-led,0.361228813559322,0.8346595932802829,Counter-led,0.3467465753424658,0.8619926199261992,Counter-led,False,False,False,,0.745679012345679,0.17038007863695936,0.16531365313653137
E02000103,Brent,Outer,4,3,-0.1038696537678207,False,False,False,False,0.4708423326133909,0.8949742268041238,Counter-led,0.4650986342943854,0.8492268041237113,Counter-led,0.4400773195876288,0.8689809630459127,Counter-led,False,False,False,,0.6412884333821376,0.3947065592635213,0.13101903695408734,0.4252958579881656,0.8439450686641697,Counter-led,0.42232630757220924,0.799625468164794,Counter-led,0.3956043956043956,0.8361408882082695,Counter-led,False,False,False,,0.558641975308642,0.32222222222222224,0.18223583460949463
E02000104,Brent,Outer,6,4,-0.1364562118126273,False,False,False,False,0.4779116465863454,0.8184059161873459,Counter-led,0.4888888888888889,0.5916187345932621,Lateral,0.4848484848484848,0.6581843191196699,Lateral,True,False,True,,0.5,0.41379310344827586,0.16299862448418156,0.4223669923995657,0.7831632653061225,Lateral,0.4082687338501292,0.6581632653061225,Lateral,0.3697247706422018,0.7305630026809652,Lateral,False,False,False,,0.5235732009925558,0.33915574963609896,0.21179624664879357
E02000105,Brent,Outer,5,4,0.0285132382892057,False,False,False,False,0.4708056171470806,0.7083769633507854,Lateral,0.4721835883171071,0.7528795811518325,Counter-led,0.4598583234946871,0.7820867959372114,Counter-led,True,False,True,,0.4287548138639281,0.4491803278688525,0.11819021237303785,0.5307308970099668,0.7620253164556962,Lateral,0.5312,0.7911392405063291,Cascade-led,0.4779040404040404,0.8275862068965517,Counter-led,True,True,True,,0.5587846763540291,0.31076178960096734,0.17450365726227796
E02000106,Brent,Outer,3,2,-0.1710794297352342,False,False,False,False,0.4403066812705367,0.8920371275036639,Counter-led,0.44495944380069524,0.8431851489985345,Counter-led,0.4429629629629629,0.8631713554987213,Counter-led,False,False,False,,0.7157190635451505,0.2375886524822695,0.12745098039215685,0.4117352056168505,0.9096715328467152,Counter-led,0.3986562150055991,0.8147810218978102,Counter-led,0.3782649253731343,0.8407843137254902,Counter-led,False,False,False,,0.7053020961775586,0.16804201050262565,0.1403921568627451
E02000107,Brent,Outer,4,3,0.0132382892057026,False,False,False,False,0.4986238532110091,0.8002936857562408,Symmetric,0.49470644850818096,0.762848751835536,Symmetric,0.4998079139454475,0.8011695906432749,Symmetric,False,False,False,,0.6587240584166026,0.30952380952380953,0.1615881809787627,0.4767609008145663,0.8155529503712388,Counter-led,0.4767096134786918,0.788589292692458,Counter-led,0.439170323095333,0.82250656167979,Counter-led,False,False,False,,0.6094459582198002,0.28165007112375534,0.16043307086614172
E02000108,Brent,Outer,5,3,0.0723014256619144,False,False,False,False,0.4867967853042479,0.6648854961832061,Lateral,0.4892018779342723,0.8129770992366412,Symmetric,0.475098814229249,0.8377483443708609,Counter-led,True,True,True,,0.8136439267886856,0.09337349397590361,0.13245033112582782,0.4975550122249388,0.7443130118289354,Lateral,0.4888392857142857,0.8152866242038217,Symmetric,0.4431185361972951,0.8609589041095891,Counter-led,True,True,True,,0.8114901256732495,0.12285714285714286,0.24726027397260275
E02000109,Brent,Outer,6,4,-0.0631364562118126,False,False,False,False,0.3864042933810375,0.8835616438356164,Counter-led,0.38399412628487517,0.7175974710221286,Lateral,0.3929673041332511,0.75150672229949,Lateral,True,False,True,,0.5070643642072213,0.6565040650406504,0.12007417709782105,0.4590074033452152,0.8675071360608944,Counter-led,0.4306451612903226,0.7373929590865842,Lateral,0.4913112164296998,0.8210116731517509,Symmetric,True,True,True,,0.6716237942122186,0.4142080745341615,0.31841763942931256
E02000110,Brent,Outer,5,4,0.060081466395112,False,False,False,False,0.4708680142687277,0.9146275149537793,Counter-led,0.483125,0.8700380641653073,Symmetric,0.4939637826961771,0.8926807364167041,Symmetric,True,False,True,,0.40122199592668023,0.5646123260437376,0.1742254153569825,0.496080627099664,0.918724279835391,Symmetric,0.5112262521588946,0.8935185185185185,Symmetric,0.4762799436355096,0.9113869863013698,Counter-led,False,True,True,,0.28994082840236685,0.5147982062780269,0.1678082191780822
E02000111,Brent,Outer,5,3,0.020366598778004,True,False,False,False,0.3958677685950413,0.6950028719126938,Lateral,0.3925561797752809,0.8179207352096496,Counter-led,0.3704368641532016,0.8405432595573441,Counter-led,True,False,True,Counter,0.7544426494345718,0.1435361216730038,0.12424547283702213,0.4362532523850824,0.597099948213361,Lateral,0.40355497037524685,0.7866390471258415,Counter-led,0.3494228751311647,0.822260569456428,Counter-led,True,False,True,,0.8123123123123123,0.11370967741935484,0.16695427092320966
E02000112,Brent,Outer,5,4,-0.044806517311609,False,False,False,False,0.4576023391812865,0.7257294429708223,Lateral,0.48367029548989116,0.6822281167108754,Lateral,0.467412771560237,0.7171860245514636,Lateral,False,False,False,,0.3112676056338028,0.5142150803461063,0.11000944287063268,0.4633165829145728,0.7436472346786248,Lateral,0.4165701042873696,0.6449925261584455,Lateral,0.3879962192816635,0.690150032615786,Lateral,False,False,False,,0.41169305724725946,0.5822393822393822,0.12720156555772993
E02000113,Brent,Outer,1,1,-0.0173116089613034,False,False,False,False,0.5138888888888888,0.7659574468085106,Lateral,0.515695067264574,0.6778115501519757,Lateral,0.4875804967801287,0.7193911317008603,Lateral,False,False,False,,1.0,0.0,0.12905360688285902,0.4293527803099362,0.8603921568627451,Counter-led,0.41626331074540174,0.8101960784313725,Counter-led,0.3794186959937156,0.8402640264026403,Counter-led,False,False,False,,1.0,0.0,0.15841584158415842
E02000114,Brent,Outer,4,3,0.0682281059063136,False,False,False,False,0.5113576333861596,0.8072494669509594,Symmetric,0.5052865887590429,0.7663113006396588,Symmetric,0.5212626041209996,0.8062919759632379,Cascade-led,False,True,True,,0.6509671993271657,0.3159340659340659,0.1710851891127607,0.4965643609711406,0.8444874274661509,Symmetric,0.4978396543446951,0.8058027079303675,Symmetric,0.4519077901430842,0.8336646785950961,Counter-led,False,True,True,,0.5716798592788038,0.3350253807106599,0.1434724983432737
E02000115,Brent,Outer,4,3,0.030549898167006,False,False,False,False,0.4873864783047427,0.8132950348789495,Symmetric,0.49124668435013263,0.7734919983586377,Symmetric,0.5060240963855421,0.8134504900304157,Symmetric,False,False,False,,0.7397372742200329,0.25735912531539107,0.1764109496451504,0.4500306560392397,0.7845117845117845,Lateral,0.45295262816353016,0.7412217412217412,Lateral,0.4266666666666667,0.796057619408643,Counter-led,False,True,True,,0.6618303571428571,0.313953488372093,0.21190295678544352
E02000116,Brent,Outer,1,1,0.0030549898167006,False,False,False,False,0.5181538461538462,0.8675920982381207,Symmetric,0.5137795275590551,0.813667912439936,Symmetric,0.5191560244308717,0.8376744186046512,Symmetric,False,False,False,,1.0,0.0,0.1288372093023256,0.4715025906735751,0.8568257491675916,Counter-led,0.45467032967032966,0.8079911209766926,Counter-led,0.4068270844991606,0.8377871542428504,Counter-led,False,False,False,,1.0,0.0,0.15518049695264885
E02000117,Brent,Outer,1,1,-0.0376782077393075,False,False,False,False,0.5331870543060888,0.8215412347904462,Cascade-led,0.5066666666666667,0.67598017124831,Lateral,0.4735344336937962,0.7096122778675282,Lateral,True,False,True,,1.0,0.0,0.10379644588045234,0.4049586776859504,0.8411122144985105,Counter-led,0.3715469613259669,0.7189672293942403,Lateral,0.3619153674832962,0.7603725656223539,Lateral,True,False,True,,1.0,0.0,0.14733276883996613
E02000118,Brent,Outer,5,3,0.0081466395112016,False,False,False,False,0.4562920268972142,0.7043301759133965,Lateral,0.4511668107173725,0.7828146143437077,Counter-led,0.430503380916604,0.8056900726392252,Counter-led,True,False,True,,0.7172774869109948,0.158311345646438,0.1053268765133172,0.4393013100436681,0.6755162241887905,Lateral,0.4250950570342205,0.775811209439528,Counter-led,0.3583007266629402,0.8248040571692024,Counter-led,True,False,True,,0.7831513260530422,0.12195121951219512,0.21853388658367912
E02000119,Brent,Outer,1,1,-0.0010183299389002,False,False,False,False,0.5518358531317494,0.7602627257799671,Lateral,0.5309734513274337,0.6494252873563219,Lateral,0.5037194473963869,0.6878654970760234,Lateral,False,False,False,,1.0,0.0,0.10964912280701754,0.5466970387243736,0.8079754601226994,Cascade-led,0.5518367346938775,0.7515337423312883,Cascade-led,0.5058605798889574,0.8000987166831195,Symmetric,False,True,True,,1.0,0.0,0.19545903257650543
E02000120,Brent,Outer,3,2,0.0794297352342158,False,False,False,False,0.5030172413793104,0.8985282726568552,Symmetric,0.5011558021266759,0.8377226955848179,Symmetric,0.5041772611696331,0.867906683480454,Symmetric,False,False,False,,0.8530259365994236,0.13626373626373625,0.18600252206809584,0.4748743718592965,0.8963963963963963,Counter-led,0.45880149812734083,0.8018018018018018,Counter-led,0.4413892908827785,0.8396111786148238,Counter-led,False,False,False,,0.8352459016393443,0.14572538860103626,0.19076549210206561
E02000121,Brent,Outer,6,4,-0.0865580448065173,False,False,False,False,0.4916241806263656,0.921476510067114,Symmetric,0.4766277128547579,0.8040268456375839,Counter-led,0.4524147727272727,0.8282352941176471,Counter-led,True,False,True,,0.3202511773940345,0.490272373540856,0.12352941176470589,0.4790457769181173,0.8965317919075144,Counter-led,0.44847605224963716,0.7965317919075144,Counter-led,0.3561076604554865,0.8458844133099825,Counter-led,False,False,False,,0.34593023255813954,0.3545016077170418,0.2425569176882662
E02000122,Brent,Outer,6,5,0.0325865580448065,False,False,False,False,0.5007032348804501,0.9057324840764333,Symmetric,0.4911410347271439,0.8987261146496816,Symmetric,0.4789772727272727,0.9171443460135488,Counter-led,False,True,True,,0.30486358244365364,0.6553980370774264,0.1818655549765503,0.4982794218857536,0.9213696892834496,Symmetric,0.49154834347532117,0.937856689917565,Symmetric,0.446019629225736,0.9492753623188406,Counter-led,False,True,True,,0.24816625916870416,0.6289370078740157,0.18374741200828157
E02000123,Brent,Outer,2,1,-0.0448065173116089,False,False,False,False,0.5042971147943524,0.9416184971098266,Symmetric,0.479636219849743,0.7309248554913295,Counter-led,0.4838600067957866,0.7596799173980382,Symmetric,True,True,False,,1.0,0.0,0.10686628807434176,0.420997920997921,0.941906005221932,Counter-led,0.3798811544991511,0.7689295039164491,Counter-led,0.3581193731243748,0.809009981116806,Counter-led,False,False,False,,1.0,0.0,0.17345562449420016
E02000124,Brent,Outer,4,3,0.1313645621181263,False,False,False,False,0.4956837800999545,0.8875,Symmetric,0.5018975332068312,0.85,Symmetric,0.5067873303167421,0.876984126984127,Symmetric,False,False,False,,0.671875,0.3425076452599388,0.17989417989417988,0.4602933737986849,0.8917456021650879,Counter-led,0.46419236800836383,0.8628777627424448,Counter-led,0.4124132298897509,0.8895750090810025,Counter-led,False,False,False,,0.6287128712871287,0.3127171646977067,0.19469669451507446
E02000125,Brent,Outer,5,4,0.1171079429735234,False,False,False,False,0.4900243309002433,0.9117125110913932,Symmetric,0.48879837067209775,0.8713398402839396,Symmetric,0.4796044499381953,0.8932646301067354,Counter-led,False,True,True,,0.40034364261168387,0.5732383214568487,0.17040853882959145,0.5299145299145299,0.908385093167702,Cascade-led,0.5354993983152828,0.860248447204969,Cascade-led,0.463004993191103,0.8908208653457339,Counter-led,False,True,True,,0.3431372549019608,0.42265426880811496,0.21876263647391833
E02000126,Brent,Outer,1,1,0.0386965376782077,False,False,False,False,0.5330948121645797,0.86,Cascade-led,0.5407478427612655,0.8023076923076923,Cascade-led,0.5310965630114566,0.8262339418526031,Cascade-led,False,False,False,,1.0,0.0,0.12102772143340094,0.3931095406360424,0.844776119402985,Counter-led,0.3944043321299639,0.826865671641791,Counter-led,0.3760117733627667,0.8541797611565053,Counter-led,False,False,False,,1.0,0.0,0.15776241357636706
E02000127,Bromley,Outer,4,3,-0.130346232179226,False,False,False,False,0.4736842105263157,0.9341527655838456,Counter-led,0.4703476482617587,0.858647936786655,Counter-led,0.4403892944038929,0.8845050215208035,Counter-led,False,False,False,,0.7661141804788214,0.29130434782608694,0.18292682926829268,0.4633333333333333,0.907258064516129,Counter-led,0.466030989272944,0.8457661290322581,Counter-led,0.4075,0.8869179600886918,Counter-led,False,False,False,,0.787321063394683,0.2250351617440225,0.2668144863266814
E02000128,Bromley,Outer,8,7,0.015274949083503,False,False,False,False,0.4911242603550296,0.8970276008492569,Symmetric,0.4845814977973568,0.9639065817409767,Symmetric,0.5288,0.9735202492211839,Cascade-led,False,True,True,,0.26021180030257185,0.7436332767402377,0.26635514018691586,0.3965968586387434,0.9328449328449328,Counter-led,0.41214470284237725,0.945054945054945,Counter-led,0.5346715328467153,0.9605609114811569,Cascade-led,False,True,True,,0.26621160409556316,0.6607843137254902,0.2822085889570552
E02000130,Bromley,Outer,7,5,-0.0152749490835031,True,False,False,False,0.3820047355958958,0.894774011299435,Counter-led,0.3836378077839555,0.8891242937853108,Counter-led,0.3721362229102167,0.9113995485327314,Counter-led,False,False,False,Counter,0.4043261231281198,0.514792899408284,0.20090293453724606,0.3839662447257383,0.9193173002327386,Counter-led,0.38657604078164826,0.91311093871218,Counter-led,0.3222289521502119,0.9364719228587635,Counter-led,False,False,False,Counter,0.36278195488721804,0.4075067024128686,0.2688598979013046
E02000131,Bromley,Outer,4,3,0.060081466395112,False,False,False,False,0.4833333333333333,0.8811748998664887,Symmetric,0.4770277935337493,0.7846016911437472,Counter-led,0.4606841403820524,0.823034734917733,Counter-led,True,False,True,,0.7107039537126326,0.31466227347611203,0.17842778793418648,0.4884816753926702,0.8830328247803976,Symmetric,0.4848116646415553,0.7609801202034212,Symmetric,0.4062903920723826,0.8178294573643411,Counter-led,False,True,True,,0.7179215270413574,0.23149492017416545,0.23784355179704017
E02000132,Bromley,Outer,8,6,-0.0427698574338085,False,False,False,False,0.4108723135271808,0.8808463251670379,Counter-led,0.4117647058823529,0.8992204899777283,Counter-led,0.4117647058823529,0.7021739130434783,Lateral,False,True,True,,0.5503759398496241,0.5821052631578948,0.21913043478260869,0.4132817537072856,0.8986095017381228,Counter-led,0.4189446916719644,0.9113557358053302,Counter-led,0.4189446916719644,0.6751072961373391,Lateral,False,True,True,,0.47344461305007585,0.6389496717724289,0.2592274678111588
E02000133,Bromley,Outer,10,9,0.0071283095723014,False,False,False,False,0.4316479400749063,0.7700072098053352,Lateral,0.44075829383886256,0.912761355443403,Counter-led,0.4955406911928651,0.9368146214099217,Symmetric,True,True,True,,0.09448818897637795,0.8939226519337017,0.27571801566579635,0.432509505703422,0.7993920972644377,Counter-led,0.4381107491856677,0.9331306990881459,Counter-led,0.523342939481268,0.9517279210093252,Cascade-led,False,True,True,,0.07158590308370044,0.9068923821039904,0.2781130005485464
E02000134,Bromley,Outer,8,6,-0.0376782077393075,False,False,False,False,0.4148067501360915,0.9031465093411996,Counter-led,0.4168443496801706,0.9223205506391348,Counter-led,0.4168443496801706,0.720706876680753,Lateral,False,True,True,,0.5421994884910486,0.5447897623400365,0.21859393008067615,0.4445048966267682,0.919,Counter-led,0.44414607948442536,0.931,Counter-led,0.4441460794844253,0.7214258039519567,Lateral,False,True,True,,0.46432889963724305,0.6028985507246377,0.22510654784967066
E02000135,Bromley,Outer,2,2,-0.0519348268839103,False,False,False,False,0.5028213166144201,0.9219653179190752,Symmetric,0.49053857350800584,0.7942196531791907,Symmetric,0.4811264230077891,0.8241975308641976,Symmetric,False,False,False,,0.987546699875467,0.049653579676674366,0.145679012345679,0.5014005602240896,0.9043698543381888,Symmetric,0.49368088467614535,0.8017732742241925,Symmetric,0.4327555289898386,0.8423967774420946,Counter-led,False,True,True,,0.9392265193370166,0.030558482613277135,0.20493454179254783
E02000136,Bromley,Outer,7,5,-0.0936863543788186,False,False,False,False,0.4552980132450331,0.945226917057903,Counter-led,0.4556113902847571,0.9342723004694836,Counter-led,0.4508474576271186,0.9546925566343042,Counter-led,False,False,False,,0.7744360902255639,0.3271604938271605,0.3106796116504854,0.4860426929392447,0.935483870967742,Symmetric,0.4791318864774624,0.9201228878648233,Counter-led,0.4043478260869565,0.9465020576131687,Counter-led,True,False,True,,0.7661290322580645,0.26094890510948904,0.33024691358024694
E02000137,Bromley,Outer,9,8,0.0468431771894093,False,False,False,False,0.4262295081967213,0.9249431387414708,Counter-led,0.41819772528433946,0.866565579984837,Counter-led,0.46,0.8949880668257757,Counter-led,False,False,False,,0.27391304347826084,0.737037037037037,0.21300715990453462,0.4542124542124542,0.899505766062603,Counter-led,0.46585594013096354,0.8805601317957167,Counter-led,0.545515846257586,0.9109336609336609,Cascade-led,False,True,True,,0.18541409147095178,0.771513353115727,0.2542997542997543
E02000138,Bromley,Outer,10,9,0.015274949083503,False,False,False,False,0.4134897360703812,0.7489019033674963,Lateral,0.43238866396761133,0.904099560761347,Counter-led,0.4711111111111111,0.9232121922626025,Counter-led,True,False,True,,0.1105121293800539,0.9015606242496998,0.19929660023446658,0.4448742746615087,0.781557067271353,Lateral,0.44326530612244897,0.9259259259259259,Counter-led,0.5340156532209512,0.9442865264354747,Cascade-led,True,True,True,,0.0777903043968433,0.8914728682170543,0.24786810687890848
E02000139,Bromley,Outer,8,6,0.010183299389002,False,False,False,False,0.3586497890295358,0.8419182948490231,Counter-led,0.3610822060353798,0.8534635879218473,Counter-led,0.3610822060353798,0.6528532608695652,Lateral,False,True,True,,0.4265129682997118,0.6384364820846905,0.23505434782608695,0.3985801217038539,0.874113475177305,Counter-led,0.4001996007984032,0.8882978723404256,Counter-led,0.4001996007984032,0.6618229854689565,Lateral,False,True,True,,0.4513715710723192,0.6239600665557404,0.25495376486129456
E02000140,Bromley,Outer,2,2,-0.1109979633401222,False,False,False,False,0.5533869115958668,0.91395592864638,Cascade-led,0.5506849315068493,0.7660020986358866,Cascade-led,0.4757185332011893,0.8189935064935064,Counter-led,False,True,True,,0.975,0.03969754253308128,0.22646103896103897,0.569620253164557,0.9330708661417324,Cascade-led,0.5486577181208053,0.7821522309711286,Cascade-led,0.434878587196468,0.8451492537313433,Counter-led,False,True,True,,0.9619289340101523,0.02734375,0.2891791044776119
E02000141,Bromley,Outer,7,5,0.0010183299389002,False,False,False,False,0.4089521871820956,0.895264116575592,Counter-led,0.4192185850052798,0.8624772313296903,Counter-led,0.4090909090909091,0.8890521675238795,Counter-led,False,False,False,,0.4686868686868687,0.4909090909090909,0.19324026451138868,0.4298160696999032,0.94337899543379,Counter-led,0.42717497556207235,0.9342465753424658,Counter-led,0.3722304283604136,0.9495091164095372,Counter-led,False,False,False,,0.42063492063492064,0.44941176470588234,0.2321178120617111
E02000142,Bromley,Outer,10,9,-0.0071283095723014,False,False,False,False,0.5043196544276458,0.7234375,Lateral,0.4986784140969163,0.88671875,Symmetric,0.5456336178594878,0.9130695443645084,Cascade-led,True,True,True,,0.07460890493381468,0.8930635838150289,0.23261390887290168,0.4337957124842371,0.7335800185013877,Lateral,0.4386317907444668,0.9195189639222942,Counter-led,0.5220854453294714,0.9407356948228883,Cascade-led,True,True,True,,0.08737864077669903,0.8893939393939394,0.26362397820163486
E02000144,Bromley,Outer,10,8,0.0173116089613034,False,False,False,False,0.4517374517374517,0.7311220889202541,Lateral,0.45874587458745875,0.8553281580804517,Counter-led,0.4951233505450373,0.8947638603696099,Symmetric,True,True,True,,0.22363847045191193,0.7863636363636364,0.27258726899383984,0.4254633360193392,0.7539489671931956,Lateral,0.43060257278266756,0.8973268529769137,Counter-led,0.5164296223639039,0.9234601449275363,Symmetric,True,True,True,,0.18518518518518517,0.7900608519269777,0.2545289855072464
E02000145,Bromley,Outer,3,2,-0.0936863543788187,False,False,False,False,0.5337904015670911,0.9444958371877892,Cascade-led,0.552479815455594,0.8020351526364478,Cascade-led,0.5093572009764036,0.8516978516978517,Symmetric,False,True,True,,0.9840255591054313,0.028192371475953566,0.25086625086625086,0.4605103280680437,0.9236812570145904,Counter-led,0.4600280504908836,0.8002244668911336,Counter-led,0.3748878923766816,0.8623356535189481,Counter-led,False,False,False,,0.9784688995215312,0.03443328550932568,0.3109048723897912
E02000146,Bromley,Outer,9,8,-0.0234215885947046,False,False,False,False,0.4270134228187919,0.946031746031746,Counter-led,0.4189307624890447,0.9055555555555556,Counter-led,0.4697484704282801,0.9251572327044025,Counter-led,False,False,False,,0.3125904486251809,0.7384615384615385,0.20754716981132076,0.4341421143847487,0.927652733118971,Counter-led,0.4225978647686833,0.9035369774919614,Counter-led,0.5226415094339623,0.9298245614035088,Cascade-led,False,True,True,,0.2779783393501805,0.764163372859025,0.27251461988304093
E02000147,Bromley,Outer,10,10,-0.0010183299389001,False,False,False,False,0.4344422700587084,0.6105137395459976,Lateral,0.43857142857142856,0.8363201911589009,Counter-led,0.5207509881422925,0.8807658833768495,Cascade-led,True,True,True,,0.0,1.0,0.27154046997389036,0.4646098003629764,0.6340621403912543,Lateral,0.4623513870541612,0.8711162255466053,Counter-led,0.5519421860885275,0.9081214109926169,Cascade-led,True,True,True,,0.0,1.0,0.2871205906480722
E02000148,Bromley,Outer,10,10,-0.0183299389002037,False,False,False,False,0.4476190476190476,0.6461538461538462,Lateral,0.45195729537366547,0.8646153846153846,Counter-led,0.5345268542199488,0.8988505747126436,Cascade-led,True,True,True,,0.0,1.0,0.25287356321839083,0.4405737704918033,0.6941678520625889,Lateral,0.43986254295532645,0.8278805120910384,Counter-led,0.5652173913043478,0.881139489194499,Cascade-led,True,True,True,,0.0,1.0,0.3094302554027505
E02000149,Bromley,Outer,6,4,-0.1048879837067209,False,False,False,False,0.450070323488045,0.903430749682338,Counter-led,0.4530386740331492,0.9199491740787802,Counter-led,0.4222873900293255,0.9419889502762431,Counter-led,False,False,False,,0.7662037037037037,0.2639593908629442,0.27532228360957645,0.4411347517730496,0.9155844155844156,Counter-led,0.44113475177304967,0.9155844155844156,Counter-led,0.3855743544078361,0.9452861952861953,Counter-led,False,False,False,,0.8406466512702079,0.2579710144927536,0.35185185185185186
E02000150,Bromley,Outer,9,8,-0.0213849287169042,False,False,False,False,0.4781553398058252,0.9125138427464008,Counter-led,0.46545454545454545,0.9136212624584718,Counter-led,0.5314814814814814,0.9326424870466321,Cascade-led,False,True,True,,0.289198606271777,0.658102766798419,0.22020725388601037,0.4670731707317073,0.9100998890122086,Counter-led,0.46642685851318944,0.925638179800222,Counter-led,0.5475578406169666,0.9457050243111832,Cascade-led,False,True,True,,0.2300469483568075,0.7026515151515151,0.2698541329011345
E02000151,Bromley,Outer,10,10,0.0040733197556007,False,False,False,False,0.4691075514874142,0.6398243045387995,Lateral,0.47058823529411764,0.746705710102489,Counter-led,0.5363636363636364,0.8165429480381761,Cascade-led,True,True,True,,0.0,1.0,0.2757158006362672,0.4162790697674418,0.6574923547400612,Lateral,0.42084168336673344,0.7629969418960245,Counter-led,0.5663824604141291,0.8411885245901639,Cascade-led,True,True,True,,0.0,1.0,0.32991803278688525
E02000152,Bromley,Outer,6,4,-0.1374745417515275,False,False,False,False,0.4630969609261939,0.8881748071979434,Counter-led,0.4650145772594752,0.8817480719794345,Counter-led,0.4306487695749441,0.9066937119675457,Counter-led,False,False,False,,0.8363636363636363,0.25736738703339884,0.21095334685598377,0.4603174603174603,0.9567757009345794,Counter-led,0.4659090909090909,0.9252336448598131,Counter-led,0.4127126230975828,0.9458086367485182,Counter-led,False,False,False,,0.8308026030368764,0.21341463414634146,0.275190516511431
E02000153,Bromley,Outer,10,10,-0.0101832993890019,False,False,False,False,0.3744292237442922,0.6169014084507042,Lateral,0.4309210526315789,0.856338028169014,Counter-led,0.4993880048959608,0.8890097932535365,Symmetric,True,True,True,,0.0,1.0,0.22742110990206746,0.3846153846153846,0.5909090909090909,Lateral,0.39223300970873787,0.8072100313479624,Counter-led,0.5314769975786925,0.8703898840885143,Cascade-led,True,True,True,,0.0,1.0,0.32771338250790305
E02000154,Bromley,Outer,9,8,-0.0580448065173115,False,False,False,False,0.4907908992416034,0.9156746031746033,Symmetric,0.4994786235662148,0.9513888888888888,Symmetric,0.5282592313489073,0.9643895348837209,Cascade-led,False,True,True,,0.24679029957203993,0.7955271565495208,0.26744186046511625,0.4847826086956521,0.92,Symmetric,0.4845580404685836,0.939,Symmetric,0.5701198026779423,0.9587837837837838,Cascade-led,False,True,True,,0.18541409147095178,0.7983606557377049,0.32432432432432434
E02000155,Bromley,Outer,8,6,-0.0743380855397148,False,False,False,False,0.4476190476190476,0.930576070901034,Counter-led,0.4435857805255023,0.9556868537666174,Counter-led,0.4435857805255023,0.6919786096256685,Lateral,False,True,True,,0.40069686411149824,0.5027777777777778,0.27593582887700535,0.4304347826086956,0.9261744966442952,Counter-led,0.4317862165963432,0.9543624161073826,Counter-led,0.4317862165963432,0.632,Lateral,False,True,True,,0.5635179153094463,0.5866336633663366,0.3377777777777778
E02000156,Bromley,Outer,10,10,0.005091649694501,False,False,False,False,0.4761904761904761,0.6633416458852868,Lateral,0.4747859181731684,0.8736492103075644,Counter-led,0.5338983050847458,0.9030612244897959,Cascade-led,True,True,True,,0.0,1.0,0.23278061224489796,0.4436274509803921,0.6727122835943941,Lateral,0.4620493358633776,0.8689200329760923,Counter-led,0.554834523036989,0.9064705882352941,Cascade-led,True,True,True,,0.0,1.0,0.28647058823529414
E02000157,Bromley,Outer,10,10,-0.0010183299389001,False,False,False,False,0.4590570719602977,0.62,Lateral,0.4535637149028078,0.7123076923076923,Lateral,0.5485232067510548,0.7917594654788419,Cascade-led,False,True,True,,0.0,1.0,0.27616926503340755,0.4015748031496063,0.6837146702557201,Lateral,0.40625,0.775235531628533,Counter-led,0.5368983957219251,0.8484573502722323,Cascade-led,True,True,True,,0.0,1.0,0.3257713248638838
E02000158,Bromley,Outer,6,5,0.0142566191446028,False,False,False,False,0.5044843049327354,0.9359916054564532,Symmetric,0.5116279069767442,0.9475341028331584,Symmetric,0.4843205574912892,0.9582637729549248,Symmetric,False,False,False,,0.512589928057554,0.32432432432432434,0.2045075125208681,0.500823723228995,0.933846153846154,Symmetric,0.4788273615635179,0.9446153846153846,Counter-led,0.4221052631578947,0.9634888438133874,Counter-led,True,False,True,,0.7456359102244389,0.3132969034608379,0.3407707910750507
E02000159,Bromley,Outer,10,10,-0.0132382892057025,False,False,False,False,0.5066666666666667,0.6774193548387096,Lateral,0.4803030303030303,0.8516129032258064,Symmetric,0.5417582417582417,0.8878048780487805,Cascade-led,True,True,True,,0.0,1.0,0.24390243902439024,0.4692874692874693,0.6176024279210925,Lateral,0.4728682170542636,0.7830045523520486,Counter-led,0.5788177339901478,0.8502617801047121,Cascade-led,True,True,True,,0.0,1.0,0.3099476439790576
E02000160,Bromley,Outer,10,9,-0.0224032586558045,False,False,False,False,0.4392712550607287,0.5951807228915663,Lateral,0.45643153526970953,0.8710843373493976,Counter-led,0.5105527638190954,0.9029038112522686,Symmetric,True,True,True,,0.18110236220472442,0.7720739219712526,0.24682395644283123,0.3265306122448979,0.6282051282051282,Lateral,0.3669291338582677,0.9045584045584045,Counter-led,0.5054187192118227,0.9380776340110906,Symmetric,True,True,True,,0.15984405458089668,0.8247011952191236,0.3512014787430684
E02000161,Bromley,Outer,10,10,-0.0040733197556008,False,False,False,False,0.4750430292598967,0.7217391304347827,Lateral,0.46540880503144655,0.7900621118012422,Counter-led,0.53248031496063,0.8573839662447258,Cascade-led,True,True,True,,0.0,1.0,0.3206751054852321,0.3884892086330935,0.6731234866828087,Lateral,0.3996710526315789,0.7360774818401937,Lateral,0.5637254901960784,0.8239095315024233,Cascade-led,False,True,True,,0.0,1.0,0.33279483037156704
E02000162,Bromley,Outer,9,7,-0.0743380855397148,False,False,False,False,0.5255102040816326,0.8936170212765957,Cascade-led,0.5208333333333334,0.9483282674772037,Cascade-led,0.5613425925925926,0.9621380846325167,Cascade-led,False,False,False,,0.44536082474226807,0.5963060686015831,0.267260579064588,0.4666666666666667,0.8928571428571429,Counter-led,0.45384615384615384,0.9672619047619048,Counter-led,0.5386199794026777,0.9778449144008057,Cascade-led,False,True,True,,0.38049713193116635,0.6473214285714286,0.32326283987915405
E02000163,Bromley,Outer,10,10,-0.0234215885947046,False,False,False,False,0.3696098562628336,0.7312312312312312,Lateral,0.37568058076225047,0.8273273273273273,Counter-led,0.4895718990120746,0.8879142300194932,Symmetric,True,True,True,,0.0,1.0,0.3508771929824561,0.4092920353982301,0.6807228915662651,Lateral,0.39019607843137255,0.7680722891566265,Counter-led,0.545068928950159,0.8596171376481313,Cascade-led,True,True,True,,0.0,1.0,0.39471285323609845
E02000165,Bromley,Outer,10,9,-0.0193482688391039,False,False,False,False,0.4216589861751152,0.7614035087719299,Lateral,0.44339622641509435,0.9298245614035088,Counter-led,0.5067650676506765,0.9531066822977726,Symmetric,True,True,True,,0.11165048543689321,0.912718204488778,0.33177022274325907,0.4146919431279621,0.7631103074141049,Lateral,0.4470588235294118,0.9222423146473779,Counter-led,0.6028921023359288,0.9543524416135881,Cascade-led,True,True,True,,0.08487084870848709,0.9131652661064426,0.4129511677282378
E02000166,Camden,Inner,6,4,-0.0346232179226069,False,False,False,False,0.4970313825275657,0.8805078416728902,Symmetric,0.5017006802721088,0.878267363704257,Symmetric,0.4958413307741522,0.9055619930475087,Symmetric,False,False,False,,0.5548387096774193,0.4010152284263959,0.2242178447276941,0.4689589302769819,0.8857868020304569,Counter-led,0.4728155339805825,0.871404399323181,Counter-led,0.4174757281553398,0.904642409033877,Counter-led,False,False,False,,0.521594684385382,0.375,0.2584692597239649
E02000167,Camden,Inner,9,8,0.0773930753564153,False,False,False,False,0.5019186492709132,0.7988963825873697,Symmetric,0.5045614035087719,0.8736971183323115,Symmetric,0.5288770053475936,0.9007707129094412,Cascade-led,False,True,True,,0.020222446916076844,0.9545970488081725,0.21435452793834298,0.4790468364831553,0.7861757105943152,Lateral,0.47622585438335807,0.8695090439276486,Counter-led,0.5180930499712809,0.8960370560988162,Symmetric,True,True,True,,0.018847006651884702,0.965435041716329,0.20329387545033453
E02000168,Camden,Inner,6,4,0.1517311608961303,False,False,False,False,0.4882596685082873,0.8759830611010284,Symmetric,0.4870900209351012,0.8669086509376891,Symmetric,0.490958904109589,0.8924205378973105,Symmetric,False,False,False,,0.4453125,0.5834230355220668,0.1916870415647922,0.5124671916010499,0.8886297376093294,Symmetric,0.5146276595744681,0.8769679300291545,Symmetric,0.4576771653543307,0.9059295586268391,Counter-led,False,True,True,,0.3978494623655914,0.48548094373865697,0.23539901917075345
E02000169,Camden,Inner,9,8,0.120162932790224,False,False,False,False,0.5857826384142174,0.8078409718387631,Cascade-led,0.590566037735849,0.8779679734953064,Cascade-led,0.5132867132867133,0.9065934065934066,Symmetric,False,True,True,,0.027247956403269755,0.9616858237547893,0.2345731191885038,0.4669421487603306,0.8055925432756325,Counter-led,0.45794392523364486,0.8548601864181092,Counter-led,0.4984481688392302,0.8808091853471842,Symmetric,False,True,True,,0.0062266500622665,0.9443069306930693,0.17878622197922361
E02000170,Camden,Inner,8,6,0.0386965376782076,False,False,False,False,0.5158045977011494,0.9117903930131004,Symmetric,0.5166984732824428,0.9152838427947598,Symmetric,0.5166984732824428,0.7419469026548673,Lateral,False,True,True,,0.16435826408125578,0.8213228035538006,0.18938053097345134,0.4938616071428571,0.8797250859106529,Symmetric,0.4900552486187845,0.8885616102110947,Symmetric,0.4900552486187845,0.6985719799305288,Lateral,False,True,True,,0.12175873731679819,0.8028169014084507,0.21381705905055962
E02000171,Camden,Inner,7,5,0.075356415478615,False,False,False,False,0.5036351619299405,0.9164142943670502,Symmetric,0.5129604365620737,0.887946698970321,Symmetric,0.4964731416169289,0.9087771203155819,Symmetric,False,False,False,,0.42950819672131146,0.5280172413793104,0.1858974358974359,0.5042553191489362,0.913804277381724,Symmetric,0.5148658448150834,0.8937135450421257,Symmetric,0.465564738292011,0.9171298635674583,Counter-led,False,True,True,,0.43431952662721895,0.4690721649484536,0.2203132895401718
E02000172,Camden,Inner,2,2,0.0366598778004073,False,False,False,False,0.4663355408388521,0.8757854035766071,Counter-led,0.47454031117397455,0.6834219429676172,Lateral,0.5140740740740741,0.7555970149253731,Symmetric,True,True,True,,0.9212295869356388,0.07520325203252033,0.22798507462686568,0.4666279744631457,0.8969286829776159,Counter-led,0.4570815450643777,0.7277459656428943,Lateral,0.4515494343334973,0.7953834115805947,Counter-led,True,True,False,,0.8943355119825708,0.08161434977578476,0.24843505477308295
E02000173,Camden,Inner,8,6,0.180244399185336,False,False,False,False,0.5044692737430168,0.8972431077694235,Symmetric,0.5047672462142456,0.893734335839599,Symmetric,0.5047672462142456,0.7123451857770675,Lateral,False,True,True,,0.2477777777777778,0.6704416761041903,0.20295645225729125,0.4817974971558589,0.8638820638820639,Symmetric,0.4764044943820225,0.8746928746928747,Counter-led,0.4764044943820225,0.714859437751004,Lateral,True,True,True,,0.2971698113207547,0.6620171673819742,0.1827309236947791
E02000174,Camden,Inner,4,3,0.1334012219959267,False,False,False,False,0.5182108626198083,0.8787198203256598,Symmetric,0.515256588072122,0.8096574957888827,Symmetric,0.5047872340425532,0.847228481297882,Symmetric,False,False,False,,0.6101159114857745,0.34801288936627284,0.19738621000450654,0.5203153426318982,0.8851315083199142,Cascade-led,0.5270711024135681,0.822866344605475,Cascade-led,0.4763723150357995,0.8639175257731959,Counter-led,False,True,True,,0.594188376753507,0.3463992707383774,0.23175257731958762
E02000175,Camden,Inner,6,4,0.135437881873727,False,False,False,False,0.516243880729862,0.8988,Symmetric,0.5196604110813227,0.8952,Symmetric,0.5307108350586611,0.9170886075949367,Cascade-led,False,True,True,,0.6040312093628089,0.3338235294117647,0.2088607594936709,0.491701244813278,0.8870077291129923,Symmetric,0.48502495840266224,0.8847994111152006,Symmetric,0.4663982657169402,0.9116318464144552,Counter-led,False,True,True,,0.6135458167330677,0.3401044689495067,0.2329192546583851
E02000176,Camden,Inner,9,7,0.1211812627291242,False,False,False,False,0.5015360983102919,0.8520942408376964,Symmetric,0.5017301038062284,0.9456806282722513,Symmetric,0.5025553662691652,0.9549891540130152,Symmetric,False,False,False,,0.11751412429378531,0.860730593607306,0.17136659436008678,0.52689756816507,0.8632315521628499,Cascade-led,0.5137307434695244,0.9497455470737913,Symmetric,0.5355371900826447,0.9582893347412883,Cascade-led,True,True,False,,0.09567901234567901,0.8659549228944247,0.1700105596620908
E02000177,Camden,Inner,3,2,0.0427698574338085,False,False,False,False,0.5094562647754137,0.8798751950078003,Symmetric,0.49121574139142654,0.7399895995839834,Symmetric,0.519672131147541,0.7854077253218884,Symmetric,False,False,False,,0.9053627760252366,0.08304891922639362,0.17467811158798283,0.4756690997566909,0.854025974025974,Counter-led,0.4657243816254417,0.7350649350649351,Lateral,0.4456121912769311,0.7886448404475757,Counter-led,True,True,False,,0.8974056603773585,0.09289099526066351,0.20223787815996686
E02000178,Camden,Inner,4,3,-0.0376782077393075,False,False,False,False,0.524,0.8623993867382139,Cascade-led,0.5290292614955876,0.8252203909543887,Cascade-led,0.5325399776868724,0.8550079491255962,Cascade-led,False,False,False,,0.7004189944134078,0.27684964200477324,0.17042925278219395,0.4873803307223672,0.8764302059496567,Symmetric,0.48816029143898,0.8375286041189931,Symmetric,0.4721923214926444,0.8674136321195145,Counter-led,False,True,True,,0.6694528875379939,0.2610469068660775,0.1839402427637722
E02000179,Camden,Inner,6,4,0.1120162932790224,False,False,False,False,0.4747169811320754,0.8803986710963455,Counter-led,0.4739545121056493,0.9056478405315614,Counter-led,0.4736196319018405,0.9198645598194131,Counter-led,False,False,False,,0.694300518134715,0.3951048951048951,0.15067720090293454,0.5511882998171846,0.8858299595141701,Cascade-led,0.5440508628519528,0.891497975708502,Cascade-led,0.4945375091041515,0.9110816191108162,Symmetric,False,True,True,,0.5213549337260678,0.29394812680115273,0.1804910418049104
E02000180,Camden,Inner,5,3,0.0030549898167006,True,False,False,False,0.5820404325340856,0.9168103448275862,Cascade-led,0.5795454545454546,0.8344827586206897,Cascade-led,0.6046852122986823,0.8767650834403081,Cascade-led,False,False,False,Cascade,0.5926150121065376,0.3296296296296296,0.2554557124518614,0.4954909819639279,0.9193919852602488,Symmetric,0.4957888826501965,0.8203592814371258,Symmetric,0.4766393442622951,0.8621908127208481,Counter-led,False,True,True,,0.6010318142734308,0.3422083007047768,0.23286219081272086
E02000181,Camden,Inner,8,6,0.0763747454175153,False,False,False,False,0.5255402750491159,0.8883071553228621,Cascade-led,0.5211406096361848,0.887434554973822,Cascade-led,0.5211406096361848,0.7256510881198716,Lateral,False,True,True,,0.13773584905660377,0.7628336755646817,0.18230467356403854,0.4835609509357612,0.8716931216931217,Symmetric,0.48179551122194514,0.8840388007054674,Symmetric,0.4817955112219451,0.6995812979762736,Lateral,False,True,True,,0.15631469979296067,0.8248315688161694,0.20865317515701326
E02000182,Camden,Inner,7,5,0.1242362525458249,False,False,False,False,0.5242382271468145,0.912192040429564,Cascade-led,0.5134741442097597,0.8673404927353127,Symmetric,0.5033557046979866,0.8864250946457545,Symmetric,True,False,True,,0.5406060606060606,0.3968058968058968,0.14386154678204435,0.4602164226607256,0.9112529002320184,Counter-led,0.4721663313212609,0.8648491879350348,Counter-led,0.4454693434617471,0.8877649325626205,Counter-led,False,False,False,,0.5188794153471377,0.44227005870841485,0.16955684007707128
E02000183,Camden,Inner,6,5,-0.0061099796334012,False,False,False,False,0.4964705882352941,0.8466135458167331,Symmetric,0.4857142857142857,0.8831341301460823,Symmetric,0.4826999432785026,0.9092315626611656,Symmetric,False,False,False,,0.43595769682726204,0.5087719298245614,0.22331098504383703,0.441131498470948,0.8766756032171582,Counter-led,0.4363496932515337,0.8739946380697051,Counter-led,0.3927576601671309,0.9051941502773575,Counter-led,False,False,False,,0.4099290780141844,0.48807339449541287,0.2476046394351992
E02000184,Camden,Inner,3,2,-0.0274949083503054,False,False,False,False,0.5040572792362769,0.8635614179719703,Symmetric,0.49223691776883266,0.7168178070898599,Lateral,0.5301815111861545,0.775196335078534,Cascade-led,True,True,True,,0.892515923566879,0.11949685534591195,0.206151832460733,0.5261999119330691,0.8958579881656805,Cascade-led,0.5223492723492723,0.7589743589743589,Cascade-led,0.5310119695321001,0.8185866983372921,Cascade-led,False,False,False,,0.8797814207650273,0.10131477184841454,0.24732779097387173
E02000185,Camden,Inner,3,2,0.0020366598778003,False,False,False,False,0.4569954128440367,0.8934426229508197,Counter-led,0.45387453874538747,0.8329918032786885,Counter-led,0.469964664310954,0.858690940615518,Counter-led,False,False,False,,0.8689581095596133,0.07714285714285714,0.15387949718248808,0.4812680115273775,0.9031754294638208,Symmetric,0.48465873512836566,0.8313378448724622,Symmetric,0.472809667673716,0.8597402597402597,Counter-led,False,True,True,,0.8445154419595314,0.11652340019102196,0.1683982683982684
E02000186,Camden,Inner,4,3,0.0071283095723014,False,False,False,False,0.5109321058688148,0.8958762886597939,Symmetric,0.5133010882708585,0.8525773195876288,Symmetric,0.5249427917620137,0.8842573856738163,Cascade-led,False,True,True,,0.6556233653007847,0.3217726396917148,0.21489275596924323,0.4813966800228964,0.894521249359959,Symmetric,0.483811850946854,0.8381976446492575,Symmetric,0.484182776801406,0.8780864197530864,Symmetric,False,False,False,,0.6733212341197822,0.35008517887563884,0.2465277777777778
E02000187,Camden,Inner,2,2,-0.0631364562118126,False,False,False,False,0.4966401954795357,0.9206974128233972,Symmetric,0.5081458494957332,0.7249718785151856,Lateral,0.5246609124537608,0.7683562292752251,Cascade-led,True,True,True,,0.8848413631022327,0.0933852140077821,0.15774514448128849,0.5129087779690189,0.9231991525423728,Symmetric,0.516597510373444,0.7658898305084746,Symmetric,0.5131313131313131,0.8175061932287366,Symmetric,False,False,False,,0.8651574803149606,0.11099585062240663,0.22047894302229562
E02000188,Camden,Inner,3,2,-0.0407331975560081,False,False,False,False,0.5455417066155321,0.9010799136069114,Cascade-led,0.5517241379310345,0.7516198704103672,Cascade-led,0.5812765957446808,0.8034188034188035,Cascade-led,False,False,False,,0.931185944363104,0.056910569105691054,0.20854700854700856,0.4882697947214076,0.8388683886838868,Symmetric,0.45438748913987836,0.7078720787207872,Lateral,0.4910394265232975,0.7789669613773849,Symmetric,True,True,False,,0.8905109489051095,0.07394366197183098,0.24336900884132154
E02000189,Camden,Inner,5,4,-0.1221995926680244,True,False,False,False,0.6168941979522184,0.8840834800100579,Cascade-led,0.6354895104895105,0.8629620316821724,Cascade-led,0.6708400646203554,0.9008550118246316,Cascade-led,False,False,False,Cascade,0.4954846478025286,0.45153374233128835,0.2765144624340549,0.5509510869565217,0.8902328394315089,Cascade-led,0.5607675906183369,0.850922286059873,Cascade-led,0.5924834193072955,0.8919807186678352,Cascade-led,False,False,False,,0.5476782752902156,0.45810729355033153,0.27541630148992113
E02000191,Camden,Inner,7,5,0.0509164969450102,True,True,False,False,0.6276841757515692,0.9234289200732154,Cascade-led,0.622,0.9151921903599756,Cascade-led,0.6764637275484021,0.9391018619934283,Cascade-led,False,False,False,Cascade,0.46,0.6337418889689979,0.2819277108433735,0.6427392739273927,0.9133383571966842,Cascade-led,0.6356175625769389,0.9182366239638282,Cascade-led,0.6547512660113196,0.9392837157246783,Cascade-led,False,False,False,Cascade,0.39854413102820746,0.548748921484038,0.2574146614437605
E02000192,Camden,Inner,4,3,0.0661914460285132,False,False,False,False,0.5532407407407407,0.92176386913229,Cascade-led,0.5612682090831191,0.8300142247510669,Cascade-led,0.5732107682206172,0.8643586833144155,Cascade-led,False,False,False,,0.7262313860252004,0.27692307692307694,0.20204313280363223,0.4875536480686695,0.8975346687211094,Symmetric,0.4922089825847846,0.8405238828967643,Symmetric,0.4802721088435374,0.8765652951699463,Symmetric,False,False,False,,0.6643059490084986,0.3324607329842932,0.22599880739415623
E02000193,Camden,Inner,5,4,0.1171079429735234,False,False,False,False,0.5057471264367817,0.8333333333333334,Symmetric,0.5059190031152648,0.7686781609195402,Symmetric,0.569841947885519,0.8289660056657224,Cascade-led,False,True,True,,0.6289355322338831,0.435948361469712,0.26062322946175637,0.5183391003460207,0.8515026517383618,Symmetric,0.506006006006006,0.7849145550972304,Symmetric,0.5158277114686041,0.8407504363001745,Symmetric,False,False,False,,0.5905432595573441,0.39978563772775993,0.25959860383944156
E02000194,Croydon,Outer,5,3,-0.015274949083503,False,False,False,False,0.5103448275862069,0.8405797101449275,Symmetric,0.5277296360485269,0.6689855072463768,Lateral,0.5013245033112583,0.7256126862085536,Lateral,True,False,True,,0.6856010568031704,0.28818061088977426,0.1710716001922153,0.4020618556701031,0.8165965123271197,Counter-led,0.43523316062176165,0.6963319302465424,Lateral,0.3733804475853945,0.7707671357240127,Lateral,True,False,True,,0.750788643533123,0.22932330827067668,0.2451202905129369
E02000195,Croydon,Outer,7,5,0.0407331975560081,False,False,False,False,0.4378648874061718,0.9338006230529596,Counter-led,0.43537414965986393,0.9158878504672897,Counter-led,0.408344733242134,0.9312101910828026,Counter-led,False,False,False,,0.27638190954773867,0.6358381502890174,0.1821656050955414,0.4576419213973799,0.920418006430868,Counter-led,0.45625,0.9003215434083601,Counter-led,0.4012388162422574,0.9213696892834495,Counter-led,False,False,False,,0.2658662092624357,0.5126436781609195,0.21116043119847813
E02000196,Croydon,Outer,5,4,-0.070264765784114,False,False,False,False,0.4693877551020408,0.8189415041782729,Counter-led,0.4719512195121951,0.7613741875580315,Counter-led,0.4501510574018127,0.7944,Counter-led,False,False,False,,0.4116331096196868,0.4981684981684982,0.1384,0.4583732057416268,0.8516707416462918,Counter-led,0.4603501544799176,0.7913610431947841,Counter-led,0.4120521172638436,0.8274932614555256,Counter-led,False,False,False,,0.383399209486166,0.4376731301939058,0.17318059299191374
E02000197,Croydon,Outer,6,4,-0.0702647657841141,True,False,False,False,0.3765941485371343,0.8880746169220519,Counter-led,0.387263339070568,0.7741505662891406,Counter-led,0.3719424460431654,0.8039329091960671,Counter-led,False,False,False,Counter,0.48936170212765956,0.4742268041237113,0.13186813186813187,0.4386750223813787,0.8740219092331768,Counter-led,0.4140461215932914,0.7464788732394366,Counter-led,0.3611963190184049,0.800982800982801,Counter-led,False,False,False,,0.47770700636942676,0.36614645858343337,0.214987714987715
E02000198,Croydon,Outer,4,3,-0.2036659877800407,False,False,False,False,0.4542536115569823,0.8334448160535117,Counter-led,0.4491682070240296,0.7237458193979933,Lateral,0.4464856230031949,0.751951951951952,Lateral,True,False,True,,0.7084078711985689,0.3578643578643579,0.1021021021021021,0.5190194420963652,0.8330985915492958,Symmetric,0.5121042830540037,0.7563380281690141,Symmetric,0.4578488372093023,0.7990708478513356,Counter-led,False,True,True,,0.6952380952380952,0.2546916890080429,0.1753774680603949
E02000199,Croydon,Outer,6,4,-0.0682281059063136,False,False,False,False,0.4139784946236559,0.8949478748997595,Counter-led,0.4276190476190476,0.8420208500400962,Counter-led,0.4181536074476338,0.8674293405114402,Counter-led,False,False,False,,0.437847866419295,0.5253333333333333,0.16083445491251683,0.4358759430008382,0.9198149575944488,Counter-led,0.4289383561643836,0.9005397070161912,Counter-led,0.3647514525500323,0.9231227651966627,Counter-led,False,False,False,,0.3274336283185841,0.4034552845528455,0.2270560190703218
E02000200,Croydon,Outer,5,3,-0.115071283095723,False,False,False,False,0.498205312275664,0.8432203389830508,Symmetric,0.5186125211505922,0.715496368038741,Lateral,0.4976430976430976,0.7595907928388747,Symmetric,True,True,False,,0.6197564276048715,0.3445040214477212,0.15498721227621484,0.479055597867479,0.8196004993757803,Counter-led,0.4792548687552921,0.737203495630462,Lateral,0.424516129032258,0.7864028411973617,Counter-led,True,True,False,,0.6717325227963525,0.265695067264574,0.1872146118721461
E02000201,Croydon,Outer,3,2,-0.070264765784114,False,False,False,False,0.5377952755905512,0.8506363027461487,Cascade-led,0.5654867256637168,0.7568653717347622,Cascade-led,0.5333333333333333,0.7917383820998278,Cascade-led,False,False,False,,0.9307065217391305,0.06366459627329192,0.1434308663224326,0.4651762682717111,0.8711610486891386,Counter-led,0.4724724724724725,0.748314606741573,Counter-led,0.4097744360902255,0.7983193277310925,Counter-led,False,False,False,,0.9394495412844037,0.034394904458598725,0.19867947178871548
E02000202,Croydon,Outer,7,5,-0.1985743380855397,False,False,False,False,0.4925986842105263,0.9282442748091604,Symmetric,0.503155996393147,0.8465648854961833,Symmetric,0.4723926380368098,0.8664451827242525,Counter-led,False,True,True,,0.2435064935064935,0.622093023255814,0.12956810631229235,0.4342313787638668,0.940387481371088,Counter-led,0.4365609348914858,0.8926974664679582,Counter-led,0.3851753805426869,0.9129909365558913,Counter-led,False,False,False,,0.1872852233676976,0.5392895586652314,0.18912386706948642
E02000203,Croydon,Outer,4,3,-0.2107942973523421,False,False,False,False,0.5131086142322098,0.782991202346041,Symmetric,0.5148936170212766,0.6891495601173021,Lateral,0.4903846153846153,0.7295918367346939,Lateral,True,False,True,,0.7254901960784313,0.31732418524871353,0.13010204081632654,0.4738646101113967,0.8306049822064057,Counter-led,0.4696394686907021,0.7501779359430605,Counter-led,0.423555230431602,0.7956926658905704,Counter-led,False,False,False,,0.6528497409326425,0.22081218274111675,0.18218859138533178
E02000204,Croydon,Outer,6,5,-0.1792260692464358,False,False,False,False,0.4192200557103064,0.9008782936010038,Counter-led,0.4086642599277978,0.8688833124215809,Counter-led,0.404096834264432,0.8851648351648351,Counter-led,False,False,False,,0.2887864823348694,0.7041666666666667,0.12417582417582418,0.4834983498349835,0.8719424460431655,Symmetric,0.4910277324632953,0.8820143884892087,Symmetric,0.4441524310118265,0.9027283511269276,Counter-led,False,True,True,,0.2559171597633136,0.5555555555555556,0.17556346381969157
E02000206,Croydon,Outer,4,3,-0.1945010183299388,False,False,False,False,0.513530522341095,0.8082400813835199,Symmetric,0.5172900494001411,0.7207527975584944,Lateral,0.4792495736213757,0.7621317157712305,Counter-led,True,True,True,,0.6903914590747331,0.2762008733624454,0.14818024263431542,0.4607293127629733,0.8162564396107613,Counter-led,0.45284552845528453,0.7040641099026903,Lateral,0.4064070351758794,0.7548601232811759,Lateral,True,False,True,,0.6831530139103554,0.2708994708994709,0.1716453295400664
E02000207,Croydon,Outer,3,2,-0.0519348268839104,False,False,False,False,0.4556752278376139,0.881021897810219,Counter-led,0.45027124773960214,0.8072992700729927,Counter-led,0.437593984962406,0.8343789209535759,Counter-led,False,False,False,,0.9467353951890034,0.02406417112299465,0.14052697616060225,0.4523364485981308,0.8741830065359477,Counter-led,0.45473684210526316,0.7761437908496732,Counter-led,0.3989637305699481,0.8313846153846154,Counter-led,False,False,False,,0.9721706864564007,0.03940886699507389,0.24676923076923077
E02000208,Croydon,Outer,3,2,-0.2036659877800407,False,False,False,False,0.5417999086340795,0.9232391396035428,Cascade-led,0.5545918367346939,0.8266554196541543,Cascade-led,0.5423351158645277,0.8451977401129943,Cascade-led,False,False,False,,0.9580936729663106,0.06134371957156767,0.10696798493408663,0.4478427089022392,0.9252147549267308,Counter-led,0.44303030303030305,0.8337544214249621,Counter-led,0.4114809454896285,0.8630308076602831,Counter-led,False,False,False,,0.9636576787807737,0.02540983606557377,0.17610324729392174
E02000209,Croydon,Outer,5,4,-0.1089613034623218,False,False,False,False,0.4595959595959596,0.8872292755787902,Counter-led,0.45,0.8215085884988798,Counter-led,0.4090247452692867,0.851828890266584,Counter-led,False,False,False,,0.3736654804270463,0.4408866995073892,0.1698698078115313,0.4788334901222953,0.890284757118928,Counter-led,0.4441176470588235,0.8542713567839196,Counter-led,0.3922779922779922,0.8815520762423418,Counter-led,False,False,False,,0.45866141732283466,0.3354510800508259,0.18720217835262082
E02000210,Croydon,Outer,7,5,-0.0478615071283095,False,False,False,False,0.4627949183303085,0.9315300084530854,Counter-led,0.4624542124542125,0.9230769230769231,Counter-led,0.4432393347794649,0.9382632293080054,Counter-led,False,False,False,,0.37846655791190864,0.574025974025974,0.19742198100407055,0.4267631103074141,0.9542709232096636,Counter-led,0.4281793229643184,0.9430543572044866,Counter-led,0.3690398432397126,0.9586725109580463,Counter-led,False,False,False,,0.384070796460177,0.453416149068323,0.2742642454602379
E02000211,Croydon,Outer,9,8,-0.0193482688391039,False,False,False,False,0.4417910447761194,0.9228650137741048,Counter-led,0.4447632711621234,0.9600550964187328,Counter-led,0.4870689655172414,0.9696969696969697,Symmetric,False,True,True,,0.16150442477876106,0.792016806722689,0.2413793103448276,0.4092140921409214,0.8989037758830695,Counter-led,0.4118404118404118,0.9464068209500609,Counter-led,0.5164011246485474,0.9603960396039604,Symmetric,False,True,True,,0.132486388384755,0.7829457364341085,0.26102610261026105
E02000212,Croydon,Outer,4,3,-0.1720977596741344,False,False,False,False,0.5061633281972265,0.8002466091245376,Symmetric,0.4961896697713802,0.7281134401972873,Lateral,0.4837570621468927,0.7625201938610663,Symmetric,True,True,False,,0.7343065693430657,0.33652530779753764,0.12654819601507808,0.4113207547169811,0.789865871833085,Lateral,0.40702479338842973,0.7213114754098361,Lateral,0.3696829079659706,0.7756448710257948,Counter-led,False,True,True,,0.7175732217573222,0.19754601226993865,0.1949610077984403
E02000213,Croydon,Outer,2,2,-0.135437881873727,False,False,False,False,0.5187319884726225,0.9625520110957004,Symmetric,0.5257558790593505,0.8257050392972723,Cascade-led,0.5256175663311985,0.8529067499024581,Cascade-led,True,False,True,,0.9738903394255874,0.06075216972034716,0.15606710885680844,0.4861344537815126,0.94896331738437,Symmetric,0.47340680402491614,0.8321371610845295,Counter-led,0.4263904034896401,0.8672761664564943,Counter-led,True,False,True,,0.9522591645353794,0.037389100126742715,0.20933165195460277
E02000214,Croydon,Outer,9,7,0.015274949083503,False,False,False,False,0.4930875576036866,0.9517543859649122,Symmetric,0.4854961832061069,0.9576023391812866,Symmetric,0.5249433106575964,0.9681668496158068,Cascade-led,False,True,True,,0.05399568034557235,0.8687350835322196,0.2491767288693743,0.4367088607594936,0.9390787518573552,Counter-led,0.42745709828393136,0.9524517087667161,Counter-led,0.5443458980044346,0.9657387580299786,Cascade-led,False,True,True,,0.07942973523421588,0.9075425790754258,0.27944325481798715
E02000215,Croydon,Outer,6,4,-0.1079429735234216,False,False,False,False,0.4582431847684985,0.9479081214109926,Counter-led,0.4579524680073126,0.8974569319114027,Counter-led,0.4686716791979949,0.917844232665133,Counter-led,False,False,False,,0.6111535523300229,0.46765498652291104,0.1988169569503779,0.4249031007751938,0.9268073641670408,Counter-led,0.4241501775748351,0.8850471486304445,Counter-led,0.3791022255752546,0.911936704506364,Counter-led,False,False,False,,0.5313432835820896,0.38092345078979345,0.23391812865497075
E02000216,Croydon,Outer,9,7,-0.0386965376782078,False,False,False,False,0.447,0.9208103130755064,Counter-led,0.446064139941691,0.9475138121546961,Counter-led,0.4720452937013447,0.9612244897959183,Counter-led,False,False,False,,0.07196401799100449,0.8887399463806971,0.2612244897959184,0.4463917525773196,0.9255725190839694,Counter-led,0.43398157625383826,0.9322519083969466,Counter-led,0.5378398236590742,0.9504189944134078,Cascade-led,False,True,True,,0.06967213114754098,0.8124006359300477,0.2681564245810056
E02000217,Croydon,Outer,4,3,-0.130346232179226,False,False,False,False,0.5065868263473053,0.8255066732575383,Symmetric,0.5099793530626291,0.7182402372713791,Lateral,0.4931794333683106,0.7697899838449112,Symmetric,True,True,False,,0.8553191489361702,0.2826086956521739,0.18295638126009692,0.4727488151658768,0.8431568431568431,Counter-led,0.4515679442508711,0.7167832167832168,Lateral,0.4004034291477559,0.7776470588235294,Counter-led,True,True,False,,0.7871536523929471,0.21698906644238855,0.21490196078431373
E02000218,Croydon,Outer,5,4,-0.030549898167006,False,False,False,False,0.5026178010471204,0.8565022421524664,Symmetric,0.513986013986014,0.8550074738415545,Symmetric,0.4608108108108108,0.8841099163679809,Counter-led,False,True,True,,0.49266862170087977,0.37092731829573933,0.2007168458781362,0.4879406307977736,0.8983333333333333,Symmetric,0.5009708737864078,0.8583333333333333,Symmetric,0.4174496644295302,0.8975903614457831,Counter-led,False,True,True,,0.684887459807074,0.27880184331797236,0.27710843373493976
E02000219,Croydon,Outer,10,9,-0.0173116089613034,False,False,False,False,0.5051724137931034,0.8134642356241234,Symmetric,0.503793626707132,0.9242636746143057,Symmetric,0.5711183496199783,0.9446153846153846,Cascade-led,False,True,True,,0.06273764258555133,0.9063291139240506,0.26871794871794874,0.428849902534113,0.7904468412942989,Lateral,0.4524207011686144,0.9229583975346687,Counter-led,0.5288788221970555,0.9464094319399786,Cascade-led,True,True,True,,0.1006423982869379,0.9326923076923077,0.30439442658092175
E02000220,Croydon,Outer,5,3,-0.1242362525458248,False,False,False,False,0.5108649339582446,0.9207532365633582,Symmetric,0.534219596258001,0.7967830521773245,Cascade-led,0.5344569288389514,0.8375156838143036,Cascade-led,True,False,True,,0.8514365802382621,0.21962992759452937,0.20043914680050187,0.4732170186715641,0.9174389216512217,Counter-led,0.47434996486296555,0.7992137040157259,Counter-led,0.4288256227758007,0.8462034846203484,Counter-led,False,False,False,,0.7783046828689982,0.21450823319982198,0.23402882340288234
E02000221,Croydon,Outer,4,3,-0.1069246435845214,False,False,False,False,0.515179392824287,0.8400309119010819,Symmetric,0.518918918918919,0.7148377125193199,Lateral,0.4776119402985074,0.7752740560292326,Counter-led,True,True,True,,0.837171052631579,0.18646616541353384,0.21193666260657734,0.5437743190661478,0.8350934199837531,Cascade-led,0.5332629355860612,0.7692932575142161,Cascade-led,0.4514672686230248,0.8239305641661501,Counter-led,False,True,True,,0.8233333333333334,0.15089163237311384,0.23682579045257285
E02000222,Croydon,Outer,7,5,0.0468431771894094,False,False,False,False,0.4319213313161876,0.9329569513055752,Counter-led,0.43214556482183475,0.9308398023994354,Counter-led,0.4408774745853397,0.9501779359430605,Counter-led,False,False,False,,0.6577669902912622,0.40861244019138754,0.27961362480935437,0.4375,0.9329073482428116,Counter-led,0.4388551604509974,0.920926517571885,Counter-led,0.3983688833124216,0.941523922031896,Counter-led,False,False,False,,0.6236220472440945,0.42857142857142855,0.26048434731246306
E02000223,Croydon,Outer,1,1,-0.0631364562118126,False,False,False,False,0.5164179104477612,0.9095022624434388,Symmetric,0.5144855144855145,0.9058823529411765,Symmetric,0.5008576329331046,0.9181102362204724,Symmetric,False,False,False,,1.0,0.0,0.12992125984251968,0.446938775510204,0.8892921960072595,Counter-led,0.44785276073619634,0.8874773139745916,Counter-led,0.3679890560875513,0.9218158890290038,Counter-led,False,False,False,,1.0,0.0,0.3051702395964691
E02000224,Croydon,Outer,8,6,-0.0071283095723014,False,False,False,False,0.44,0.8676351896690879,Counter-led,0.44534778681120146,0.8934624697336562,Counter-led,0.4453477868112014,0.6688821752265861,Lateral,False,True,True,,0.36511156186612576,0.755700325732899,0.2513595166163142,0.4329388560157791,0.8718830610490111,Counter-led,0.4323017408123791,0.8890799656061908,Counter-led,0.4323017408123791,0.618421052631579,Lateral,False,True,True,,0.2595078299776286,0.7137989778534923,0.30442583732057416
E02000225,Croydon,Outer,4,3,-0.1690427698574338,False,False,False,False,0.4359400998336106,0.9119878603945372,Counter-led,0.42021276595744683,0.8558421851289834,Counter-led,0.4092827004219409,0.8821339950372209,Counter-led,False,False,False,,0.6219931271477663,0.30952380952380953,0.18238213399503722,0.484090909090909,0.859375,Symmetric,0.47641509433962265,0.828125,Counter-led,0.3711656441717791,0.8810810810810811,Counter-led,True,False,True,,0.731404958677686,0.18292682926829268,0.3081081081081081
E02000226,Croydon,Outer,10,9,-0.0560081466395112,False,False,False,False,0.4546850998463901,0.8691588785046729,Counter-led,0.44798890429958393,0.9626168224299065,Counter-led,0.5144787644787645,0.9736842105263158,Symmetric,False,True,True,,0.039399624765478425,0.9224652087475149,0.29605263157894735,0.3606299212598425,0.918958031837916,Counter-led,0.3633633633633634,0.9638205499276411,Counter-led,0.4966183574879227,0.9764150943396226,Symmetric,False,True,True,,0.02529182879377432,0.9654510556621881,0.3481132075471698
E02000227,Croydon,Outer,8,6,-0.1201629327902239,False,False,False,False,0.4532442748091603,0.9415992812219228,Counter-led,0.4516431924882629,0.9568733153638814,Counter-led,0.4516431924882629,0.6715006305170239,Lateral,False,True,True,,0.3970893970893971,0.6284246575342466,0.29823455233291296,0.401058201058201,0.914811229428848,Counter-led,0.39689119170984455,0.9341723136495643,Counter-led,0.3968911917098445,0.609602021478206,Lateral,False,True,True,,0.3289817232375979,0.6649484536082474,0.3474415666456096
E02000228,Croydon,Outer,10,10,0.0,False,False,False,False,0.3785123966942149,0.8569405099150141,Counter-led,0.38719068413391555,0.9730878186968839,Counter-led,0.5076645626690712,0.9831560283687943,Symmetric,False,True,True,,0.0,1.0,0.374113475177305,0.4019448946515397,0.8852223816355811,Counter-led,0.41262848751835535,0.9770444763271162,Counter-led,0.5266544117647058,0.9855072463768116,Cascade-led,False,True,True,,0.0,1.0,0.3686594202898551
E02000229,Croydon,Outer,1,1,-0.0458248472505091,False,False,False,False,0.5530434782608695,0.8646616541353384,Cascade-led,0.5506993006993007,0.8601503759398497,Cascade-led,0.4864165588615782,0.8926096997690531,Symmetric,False,True,True,,1.0,0.0,0.23210161662817552,0.4900221729490022,0.8877952755905512,Symmetric,0.49002217294900224,0.8877952755905512,Symmetric,0.3864306784660767,0.9224489795918367,Counter-led,False,True,True,,1.0,0.0,0.308843537414966
E02000230,Croydon,Outer,8,6,-0.0203665987780041,False,False,False,False,0.5178571428571429,0.8641975308641975,Symmetric,0.5247610773240661,0.8881172839506173,Cascade-led,0.5247610773240661,0.628618241398143,Lateral,True,True,True,,0.4685430463576159,0.6709323583180987,0.292190060076461,0.4297800338409475,0.8559015206372194,Counter-led,0.43256578947368424,0.8805213613323678,Counter-led,0.4325657894736842,0.5871559633027523,Lateral,False,True,True,,0.4068441064638783,0.672463768115942,0.3331723804925157
E02000231,Croydon,Outer,10,9,0.0,False,False,False,False,0.3886743886743887,0.9261025029797376,Counter-led,0.40318627450980393,0.9725864123957092,Counter-led,0.5004048582995951,0.9817170111287759,Symmetric,False,True,True,,0.043689320388349516,0.9805510534846029,0.33306836248012717,0.392688679245283,0.8935721812434141,Counter-led,0.4232456140350877,0.9610115911485775,Counter-led,0.5294953802416489,0.974376731301939,Cascade-led,False,True,True,,0.06845637583892618,0.9894259818731118,0.342797783933518
E02000232,Croydon,Outer,9,7,-0.0274949083503055,False,False,False,False,0.3961038961038961,0.8523985239852399,Counter-led,0.3877118644067797,0.8708487084870848,Counter-led,0.5189393939393939,0.9187935034802784,Symmetric,False,True,True,,0.12895377128953772,0.8503937007874016,0.37122969837587005,0.3457711442786069,0.8796498905908097,Counter-led,0.35294117647058826,0.9299781181619255,Counter-led,0.5219573400250941,0.9613992762364294,Cascade-led,False,True,True,,0.15144230769230768,0.868766404199475,0.4487334137515078
E02000233,Croydon,Outer,7,5,0.0610997963340123,False,False,False,False,0.4492979719188767,0.946824224519941,Counter-led,0.45396825396825397,0.930576070901034,Counter-led,0.4339815762538382,0.9541015625,Counter-led,False,False,False,,0.7523584905660378,0.3508137432188065,0.3388671875,0.3949152542372881,0.9262166405023547,Counter-led,0.4006908462867012,0.9089481946624803,Counter-led,0.3387589013224822,0.9442843419788665,Counter-led,False,False,False,,0.7537537537537538,0.26615384615384613,0.38808837656099904
E02000234,Croydon,Outer,8,6,-0.075356415478615,False,False,False,False,0.3996937212863706,0.8224181360201511,Counter-led,0.4144927536231884,0.8690176322418136,Counter-led,0.4144927536231884,0.5812973883740522,Lateral,False,True,True,,0.5244755244755245,0.594059405940594,0.33108677337826453,0.371523915461624,0.8489140698772427,Counter-led,0.38238453276047263,0.8791312559017942,Counter-led,0.3823845327604726,0.5903614457831325,Lateral,False,True,True,,0.550561797752809,0.7286956521739131,0.3284717818642993
E02000235,Croydon,Outer,9,7,0.0010183299389001,False,False,False,False,0.3601398601398601,0.8436578171091446,Counter-led,0.3864406779661017,0.8702064896755162,Counter-led,0.5215215215215215,0.9190432382704692,Cascade-led,False,True,True,,0.1036468330134357,0.8786610878661087,0.37626494940202393,0.3313008130081301,0.8424657534246576,Counter-led,0.3641509433962264,0.9075342465753424,Counter-led,0.522680412371134,0.947265625,Cascade-led,False,True,True,,0.13214990138067062,0.9028077753779697,0.4296875
E02000236,Croydon,Outer,9,8,0.0193482688391039,False,False,False,False,0.4487179487179487,0.8041237113402062,Counter-led,0.4611872146118721,0.9030927835051547,Counter-led,0.5267441860465116,0.948180815876516,Cascade-led,False,True,True,,0.052980132450331126,0.8869778869778869,0.4652701212789416,0.3232963549920761,0.8596730245231607,Counter-led,0.3264094955489614,0.9182561307901907,Counter-led,0.4907488986784141,0.9497907949790795,Symmetric,False,True,True,,0.0843806104129264,0.9342560553633218,0.3857740585774059
E02000237,Croydon,Outer,9,8,-0.0712830957230141,False,False,False,False,0.3677581863979849,0.857451403887689,Counter-led,0.3788235294117647,0.91792656587473,Counter-led,0.52,0.9572072072072072,Symmetric,False,True,True,,0.04072398190045249,0.9362745098039216,0.4786036036036036,0.2897435897435897,0.7991803278688525,Counter-led,0.31910112359550563,0.9118852459016393,Counter-led,0.5271920088790233,0.9544491525423728,Cascade-led,False,True,True,,0.031578947368421054,0.9694835680751174,0.4830508474576271
E02000238,Ealing,Outer,7,5,-0.0213849287169042,False,False,False,False,0.4404476418864908,0.8675450762829403,Counter-led,0.4391785150078989,0.8779472954230236,Counter-led,0.4177545691906005,0.8969555035128806,Counter-led,False,False,False,,0.3765625,0.5291479820627802,0.1557377049180328,0.4952305246422893,0.8420348058902276,Symmetric,0.4922360248447205,0.8621151271753681,Symmetric,0.4212328767123288,0.8947906026557712,Counter-led,False,True,True,,0.45121951219512196,0.4457593688362919,0.236976506639428
E02000239,Ealing,Outer,8,7,-0.0112016293279022,False,False,False,False,0.5009823182711198,0.8671209540034072,Symmetric,0.5111706881143878,0.9531516183986372,Symmetric,0.5432900432900433,0.9618320610687023,Cascade-led,False,True,True,,0.06374501992031872,0.8767772511848341,0.1852879944482998,0.4866920152091255,0.8892645815722738,Symmetric,0.5124113475177305,0.9535080304311073,Symmetric,0.5730795377294358,0.9639580602883355,Cascade-led,False,True,True,,0.04033214709371293,0.8742038216560509,0.22477064220183487
E02000240,Ealing,Outer,3,2,-0.0835030549898167,False,False,False,False,0.5052552552552553,0.883289124668435,Symmetric,0.506006006006006,0.883289124668435,Symmetric,0.4579326923076923,0.9043478260869565,Counter-led,False,True,True,,0.931758530183727,0.0787139689578714,0.18043478260869567,0.5288844621513944,0.8807017543859649,Cascade-led,0.5341246290801187,0.8868421052631579,Cascade-led,0.4424964936886395,0.9170418006430868,Counter-led,False,True,True,,0.8954041204437401,0.08553459119496855,0.26688102893890675
E02000241,Ealing,Outer,7,5,-0.0926680244399186,False,False,False,False,0.4430232558139534,0.8447937131630648,Counter-led,0.45202312138728323,0.849705304518664,Counter-led,0.4077407740774077,0.8789556962025317,Counter-led,False,False,False,,0.3465783664459161,0.48936170212765956,0.19462025316455697,0.4451073985680191,0.815968841285297,Counter-led,0.4531435349940688,0.8208373904576436,Counter-led,0.4122965641952983,0.8573643410852713,Counter-led,False,False,False,,0.4649122807017544,0.48307692307692307,0.20387596899224805
E02000242,Ealing,Outer,8,6,-0.0254582484725051,False,False,False,False,0.5359056806002144,0.8851992409867173,Cascade-led,0.5624270711785297,0.8130929791271347,Cascade-led,0.5624270711785297,0.7007358953393296,Lateral,False,True,True,,0.0912863070539419,0.808,0.1381847914963205,0.5298602287166455,0.8984018264840182,Cascade-led,0.5234986945169713,0.8744292237442922,Cascade-led,0.5234986945169713,0.7053406998158379,Lateral,False,True,True,,0.07481296758104738,0.8410958904109589,0.19337016574585636
E02000243,Ealing,Outer,5,4,-0.0763747454175152,False,False,False,False,0.4611154752553024,0.8566621803499327,Counter-led,0.4490881458966565,0.8855989232839838,Counter-led,0.4257362355953905,0.9018475750577367,Counter-led,False,False,False,,0.5924812030075188,0.35451505016722407,0.1420323325635104,0.478021978021978,0.8601134215500945,Counter-led,0.4685466377440347,0.8714555765595463,Counter-led,0.4124386252045826,0.8998527245949927,Counter-led,False,False,False,,0.5654761904761905,0.2994428969359331,0.22091310751104565
E02000244,Ealing,Outer,7,6,-0.0621181262729124,False,False,False,False,0.5019193857965452,0.8868085106382979,Symmetric,0.5195227765726681,0.7846808510638298,Symmetric,0.5195227765726681,0.6470175438596492,Lateral,False,True,True,,0.08350730688935282,0.8555304740406321,0.17543859649122806,0.4899553571428571,0.8342644320297952,Symmetric,0.4967741935483871,0.8659217877094972,Symmetric,0.4967741935483871,0.6966292134831461,Lateral,False,True,True,,0.09740259740259741,0.8846153846153846,0.19550561797752808
E02000245,Ealing,Outer,1,1,-0.0468431771894093,False,False,False,False,0.4883540372670807,0.9193433261955746,Symmetric,0.48715953307392995,0.9172019985724482,Symmetric,0.4538258575197889,0.928921568627451,Counter-led,False,True,True,,1.0,0.0,0.14154411764705882,0.5428824049513705,0.9300986842105264,Cascade-led,0.5428824049513705,0.9300986842105263,Cascade-led,0.4912526242127362,0.9438573315719947,Symmetric,False,True,True,,1.0,0.0,0.19682959048877147
E02000246,Ealing,Outer,3,2,-0.0631364562118126,False,False,False,False,0.4819494584837545,0.8676585747846516,Symmetric,0.4852017937219731,0.8731401722787784,Symmetric,0.4545454545454545,0.8945998698763825,Counter-led,False,True,True,,0.9088,0.136,0.16916070266753416,0.4939626783754116,0.8922624877571009,Symmetric,0.4889380530973451,0.8854064642507345,Symmetric,0.3943981831945495,0.9186369958275382,Counter-led,False,True,True,,0.8925143953934741,0.05625,0.2899860917941586
E02000247,Ealing,Outer,4,3,-0.0906313645621181,False,False,False,False,0.522229595222296,0.8690888119953863,Cascade-led,0.5423076923076923,0.7497116493656286,Cascade-led,0.4869402985074627,0.7874632713026445,Symmetric,False,True,True,,0.7381864623243933,0.18424242424242424,0.15083251714005877,0.4865800865800865,0.9217877094972068,Symmetric,0.483,0.7980845969672785,Symmetric,0.4105029585798816,0.8423676012461059,Counter-led,False,True,True,,0.7333333333333333,0.17314930991217065,0.2193146417445483
E02000248,Ealing,Outer,8,6,-0.1171079429735234,False,False,False,False,0.4923747276688453,0.8781887755102041,Symmetric,0.4923525127458121,0.8756377551020408,Symmetric,0.4923525127458121,0.7132467532467532,Lateral,False,True,True,,0.13609467455621302,0.8249641319942611,0.18545454545454546,0.5641461342395921,0.895738203957382,Cascade-led,0.5592497868712702,0.8926940639269406,Cascade-led,0.5592497868712702,0.7104784978800727,Lateral,False,True,True,,0.1448170731707317,0.8007736943907157,0.20411871592973954
E02000249,Ealing,Outer,5,3,-0.0560081466395112,False,False,False,False,0.5338345864661654,0.865040650406504,Cascade-led,0.554696132596685,0.7357723577235772,Cascade-led,0.5104347826086957,0.7796610169491526,Symmetric,False,True,True,,0.7461669505962522,0.1811722912966252,0.16610169491525423,0.4829106945975744,0.8321100917431192,Symmetric,0.465005931198102,0.773394495412844,Counter-led,0.4026548672566372,0.8206245461147422,Counter-led,True,False,True,,0.7868131868131868,0.14962962962962964,0.2084241103848947
E02000250,Ealing,Outer,10,9,0.0162932790224032,False,False,False,False,0.5082444228903976,0.9772511848341232,Symmetric,0.5071907957813998,0.9886255924170616,Symmetric,0.5235955056179775,0.9910913140311804,Cascade-led,False,True,True,,0.005722460658082976,0.9921383647798742,0.2167780252412769,0.5175879396984925,0.9707317073170731,Symmetric,0.513715710723192,0.9780487804878049,Symmetric,0.5732142857142857,0.984182776801406,Cascade-led,False,True,True,,0.0,0.9895397489539749,0.27943760984182775
E02000251,Ealing,Outer,7,5,0.005091649694501,False,False,False,False,0.4867052023121387,0.8963730569948186,Symmetric,0.48068181818181815,0.9119170984455959,Symmetric,0.4483074107959743,0.9278438030560272,Counter-led,False,True,True,,0.23061224489795917,0.593698175787728,0.1808149405772496,0.4714912280701754,0.9129129129129128,Counter-led,0.4721030042918455,0.9329329329329329,Counter-led,0.4154228855721393,0.9473684210526315,Counter-led,False,False,False,,0.25748502994011974,0.5560283687943263,0.2152395915161037
E02000252,Ealing,Outer,4,3,-0.0580448065173116,False,False,False,False,0.4835402050728548,0.8578703703703704,Symmetric,0.4751552795031056,0.7453703703703703,Counter-led,0.4800777453838678,0.7891104294478528,Symmetric,True,True,False,,0.7095141700404858,0.305607476635514,0.17177914110429449,0.4748721035209148,0.9174489232468248,Counter-led,0.48028311425682507,0.8191606847045831,Symmetric,0.5536646244610847,0.8706045041485578,Cascade-led,True,True,True,,0.7692622950819672,0.23487544483985764,0.28447254049782694
E02000253,Ealing,Outer,4,3,-0.2097759674134419,False,False,False,False,0.51586655817738,0.8835370237239396,Symmetric,0.5173076923076924,0.7476635514018691,Symmetric,0.4827044025157233,0.7837338262476895,Symmetric,False,False,False,,0.7263843648208469,0.20820668693009117,0.14294516327788045,0.4743589743589743,0.9285714285714286,Counter-led,0.48488120950323976,0.7874149659863946,Symmetric,0.4212662337662338,0.8313090418353576,Counter-led,True,True,False,,0.7475915221579962,0.14165497896213183,0.20647773279352227
E02000254,Ealing,Outer,6,4,-0.0784114052953156,False,False,False,False,0.5210577864838394,0.9375573921028466,Cascade-led,0.5289778714436248,0.8714416896235078,Cascade-led,0.4716981132075472,0.8969830757910228,Counter-led,False,True,True,,0.33043478260869563,0.4192546583850932,0.1986754966887417,0.4817596566523605,0.942366026289181,Symmetric,0.46674311926605505,0.8816986855409504,Counter-led,0.396523178807947,0.9116981132075471,Counter-led,True,False,True,,0.35281837160751567,0.41289437585733885,0.25358490566037734
E02000255,Ealing,Outer,5,4,0.0162932790224032,False,False,False,False,0.4514563106796116,0.9206703910614524,Counter-led,0.4699248120300752,0.8916201117318435,Counter-led,0.4627737226277372,0.9137394397510005,Counter-led,False,False,False,,0.6203995793901157,0.35144927536231885,0.2040907069808804,0.5134693877551021,0.8974358974358975,Symmetric,0.49877949552481693,0.9003663003663004,Symmetric,0.4491270319084888,0.9243183082915971,Counter-led,False,True,True,,0.6554959785522788,0.32131147540983607,0.24040066777963273
E02000256,Ealing,Outer,8,6,0.0183299389002036,False,False,False,False,0.5042060988433228,0.8854748603351955,Symmetric,0.49625668449197863,0.8705772811918063,Symmetric,0.4962566844919786,0.6617126680820948,Lateral,False,True,True,,0.2252155172413793,0.7760084925690022,0.23991507430997877,0.4973002159827214,0.9060665362035224,Symmetric,0.49917718047174986,0.8918786692759295,Symmetric,0.4991771804717498,0.6942117288651942,Lateral,False,True,True,,0.189010989010989,0.7809419496166484,0.22162985529322163
E02000257,Ealing,Outer,7,5,0.015274949083503,False,False,False,False,0.4575507137490608,0.8218585983328188,Counter-led,0.45498511904761907,0.8298857672121025,Counter-led,0.4820706389862497,0.8706572769953052,Symmetric,False,True,True,,0.6085011185682326,0.45445080687142114,0.2396713615023474,0.4570741758241758,0.8244620611551529,Counter-led,0.4611935150051742,0.8207814269535674,Counter-led,0.4293085655314757,0.8596141051230871,Counter-led,False,False,False,,0.4951923076923077,0.4190777576853526,0.2166777555999113
E02000258,Ealing,Outer,7,5,-0.0101832993890019,False,False,False,False,0.5114155251141552,0.8314350797266514,Symmetric,0.5153429602888087,0.8413059984813971,Symmetric,0.5183423913043478,0.875669244497323,Symmetric,False,False,False,,0.4521625163826999,0.5528913963328632,0.2165377751338489,0.4823825503355705,0.8175582990397805,Symmetric,0.48621553884711777,0.8209876543209876,Symmetric,0.4366559485530547,0.8562775330396476,Counter-led,False,True,True,,0.36524300441826213,0.5296803652968036,0.197136563876652
E02000259,Ealing,Outer,8,6,-0.0224032586558045,False,False,False,False,0.4852191641182466,0.8837837837837837,Symmetric,0.4788004136504654,0.8711711711711712,Counter-led,0.4788004136504654,0.7099853157121879,Lateral,True,True,True,,0.12958963282937366,0.8650793650793651,0.18502202643171806,0.5315315315315315,0.9033570701932858,Cascade-led,0.5345413363533409,0.8982706002034588,Cascade-led,0.5345413363533409,0.6996830427892234,Lateral,False,True,True,,0.08898305084745763,0.851581508515815,0.22107765451664024
E02000260,Ealing,Outer,3,3,0.0183299389002036,False,False,False,False,0.3971571906354515,0.8691860465116279,Counter-led,0.4090909090909091,0.6555232558139535,Lateral,0.3961922030825022,0.699429296131896,Lateral,True,False,True,,0.6864988558352403,0.23273273273273273,0.1274571972098922,0.4498757249378625,0.9164768413059984,Counter-led,0.4759427828348505,0.5839028094153379,Lateral,0.4016544117647059,0.6650366748166259,Lateral,True,False,True,,0.6247139588100686,0.15207373271889402,0.1949877750611247
E02000261,Ealing,Outer,5,3,-0.0112016293279022,False,False,False,False,0.4766112266112266,0.8845977011494253,Counter-led,0.4836016696481813,0.7710344827586207,Symmetric,0.4944649446494465,0.8132033008252063,Symmetric,True,False,True,,0.7509328358208955,0.28375912408759124,0.18417104276069018,0.4977759805903761,0.9088570378537304,Symmetric,0.49859681945743684,0.7857405365674385,Symmetric,0.4585278276481149,0.8269002375296912,Counter-led,False,True,True,,0.6429130775254502,0.26790450928381965,0.1921021377672209
E02000262,Ealing,Outer,4,3,-0.0427698574338085,False,False,False,False,0.4751203852327448,0.8841059602649006,Counter-led,0.45163277880468267,0.7677388836329234,Counter-led,0.4583333333333333,0.8130947849257708,Counter-led,False,False,False,,0.8059244126659857,0.22558340535868626,0.1952797868290826,0.4894789579158317,0.9027589326096788,Symmetric,0.48053457292271934,0.7783808231569426,Symmetric,0.4448836187966623,0.8229129020599928,Counter-led,False,True,True,,0.7048371174728529,0.24920886075949367,0.20093964582580412
E02000263,Ealing,Outer,4,3,-0.1537678207739307,False,False,False,False,0.4797458300238284,0.8101673101673101,Counter-led,0.4688427299703264,0.6505791505791506,Lateral,0.4241509433962264,0.7093147751605996,Lateral,True,False,True,,0.599644128113879,0.12057667103538663,0.16809421841541755,0.3846153846153846,0.8428290766208252,Counter-led,0.34126163391933817,0.633267845448592,Lateral,0.2908054169636493,0.7147223637289862,Lateral,True,False,True,,0.5588235294117647,0.1628140703517588,0.22210901681100356
E02000264,Ealing,Outer,7,5,-0.0865580448065174,False,False,False,False,0.4676903390914907,0.8015384615384615,Counter-led,0.47509578544061304,0.803076923076923,Counter-led,0.4834690943938668,0.8445973290165925,Symmetric,False,True,True,,0.5391476709613479,0.4489795918367347,0.21084581141238365,0.499083689676237,0.7950461389023799,Symmetric,0.5018181818181818,0.8013598834385625,Symmetric,0.468944099378882,0.8464138190011266,Counter-led,False,True,True,,0.4796594134342479,0.4644945697577276,0.22681186631618475
E02000265,Ealing,Outer,3,3,-0.0112016293279021,False,False,False,False,0.5026315789473684,0.9058402860548272,Symmetric,0.5054671968190855,0.7993643226062773,Symmetric,0.48828125,0.835236541598695,Symmetric,False,False,False,,0.8272,0.1534351145038168,0.17879282218597065,0.4913385826771653,0.9114832535885168,Symmetric,0.5097588978185993,0.8334928229665072,Symmetric,0.4748953974895397,0.872899926953981,Counter-led,False,True,True,,0.8299559471365638,0.13705179282868526,0.2366691015339664
E02000266,Ealing,Outer,1,1,0.0071283095723014,False,False,False,False,0.4769147202607278,0.941687979539642,Counter-led,0.4766050054406964,0.9401534526854219,Counter-led,0.4545454545454545,0.9502127659574469,Counter-led,False,False,False,,1.0,0.0,0.16808510638297872,0.5366013071895425,0.945611866501854,Cascade-led,0.5354330708661418,0.9419035846724351,Cascade-led,0.4520943668753009,0.9567019806540764,Counter-led,False,True,True,,1.0,0.0,0.254721326577614
E02000267,Ealing,Outer,6,4,0.0122199592668025,False,False,False,False,0.4731750219876869,0.9274061990212072,Counter-led,0.4803738317757009,0.8727569331158238,Symmetric,0.4505169867060561,0.8966887417218543,Counter-led,True,True,False,,0.6065573770491803,0.396505376344086,0.1880794701986755,0.4975798644724105,0.9101321585903084,Symmetric,0.5020366598778004,0.8651982378854626,Symmetric,0.4236267870579383,0.8967611336032388,Counter-led,False,True,True,,0.6358792184724689,0.381201044386423,0.2341430499325236
E02000268,Ealing,Outer,7,5,-0.0926680244399186,False,False,False,False,0.5094816687737042,0.820965230928905,Symmetric,0.5053627760252366,0.8225220550077841,Symmetric,0.4988157271435339,0.8605788830004076,Symmetric,False,False,False,,0.5090218423551757,0.44801512287334594,0.2144313086017122,0.4894366197183099,0.7823691460055097,Lateral,0.48922863099374564,0.7928374655647383,Symmetric,0.4294264339152119,0.8420831583368332,Counter-led,True,True,True,,0.4912891986062718,0.3688811188811189,0.2377152456950861
E02000269,Ealing,Outer,9,8,0.010183299389002,False,False,False,False,0.4481434058898847,0.897185525560023,Counter-led,0.4480840543881335,0.929350947731189,Counter-led,0.4790718835304822,0.9470056010340371,Counter-led,False,False,False,,0.022792022792022793,0.9572052401746725,0.24989228780697975,0.4684554024655547,0.9126406353408338,Counter-led,0.4766949152542373,0.9371277299801456,Counter-led,0.5567708333333333,0.9528535980148883,Cascade-led,False,True,True,,0.01777362020579981,0.963572267920094,0.2501240694789082
E02000270,Ealing,Outer,3,2,-0.2158859470468432,False,False,False,False,0.4660130718954248,0.869812393405344,Counter-led,0.47147540983606556,0.8669698692438885,Counter-led,0.4538586076632487,0.8878773358888357,Counter-led,False,False,False,,0.9286563614744352,0.09486166007905138,0.1571633924293244,0.5074958356468628,0.9054801407742584,Symmetric,0.5255516840882695,0.8657616892911011,Cascade-led,0.4944444444444444,0.8899876390605687,Symmetric,True,True,False,,0.9325842696629213,0.10164835164835165,0.18046971569839307
E02000271,Ealing,Outer,9,7,0.0529531568228106,False,False,False,False,0.5140845070422535,0.8565683646112601,Symmetric,0.5079726651480638,0.8827077747989276,Symmetric,0.5172018348623854,0.9088066701406983,Symmetric,False,False,False,,0.04988913525498891,0.9049881235154394,0.2225117248566962,0.4568690095846645,0.9085631349782292,Counter-led,0.4541139240506329,0.9172714078374455,Counter-led,0.5200678349349915,0.9394583112055231,Cascade-led,False,True,True,,0.04673913043478261,0.9210836277974087,0.26818906001062137
E02000272,Ealing,Outer,9,8,-0.0071283095723013,False,False,False,False,0.476027397260274,0.8613569321533924,Counter-led,0.47902869757174393,0.8908554572271387,Counter-led,0.5313001605136437,0.918201915991157,Cascade-led,False,True,True,,0.022658610271903322,0.946917808219178,0.2505526897568165,0.5383502170767004,0.8615960099750624,Cascade-led,0.5402777777777777,0.8977556109725686,Cascade-led,0.5988372093023255,0.926391382405745,Cascade-led,False,False,False,,0.014563106796116505,0.966183574879227,0.2800718132854578
E02000274,Ealing,Outer,4,3,-0.0509164969450101,True,False,False,False,0.4596923076923077,0.8639021796916534,Counter-led,0.48074179743223966,0.7453482190324295,Symmetric,0.4426136363636364,0.7860652076820009,Counter-led,True,True,False,,0.540436456996149,0.23649337410805302,0.15989280928986155,0.3846153846153846,0.8280254777070064,Counter-led,0.3826571201272872,0.7278517660683266,Lateral,0.3253405994550408,0.7960954446854663,Counter-led,True,True,False,Counter,0.507537688442211,0.18820678513731826,0.2507592190889371
E02000275,Ealing,Outer,3,2,0.0091649694501018,False,False,False,False,0.4978902953586498,0.8479427549194991,Symmetric,0.49950248756218907,0.8989266547406082,Symmetric,0.4560129136400322,0.9164201183431953,Counter-led,False,True,True,,0.904424778761062,0.08456973293768547,0.17307692307692307,0.4084507042253521,0.891213389121339,Counter-led,0.4144796380090498,0.9246861924686193,Counter-led,0.3986784140969163,0.9380165289256198,Counter-led,False,False,False,,0.8692449355432781,0.054945054945054944,0.17699724517906337
E02000276,Ealing,Outer,8,6,-0.0142566191446027,False,False,False,False,0.4789045151739452,0.8911609498680739,Counter-led,0.4693726937269373,0.8937994722955145,Counter-led,0.4693726937269373,0.6721230158730159,Lateral,False,True,True,,0.17295597484276728,0.7260083449235049,0.24801587301587302,0.4926534140017286,0.8968992248062015,Symmetric,0.4913644214162349,0.8976744186046511,Symmetric,0.4913644214162349,0.6744321490972627,Lateral,False,True,True,,0.2126537785588752,0.765704584040747,0.24868957483983692
E02000277,Enfield,Outer,6,4,-0.180244399185336,True,False,False,False,0.430379746835443,0.9425162689804772,Counter-led,0.42907801418439717,0.9175704989154013,Counter-led,0.3708609271523179,0.940809968847352,Counter-led,False,False,False,Counter,0.40848214285714285,0.5263157894736842,0.2819314641744548,0.39875,0.970873786407767,Counter-led,0.40253164556962023,0.9587378640776699,Counter-led,0.3401305057096248,0.973015873015873,Counter-led,False,False,False,,0.36930455635491605,0.43757725587144625,0.346031746031746
E02000278,Enfield,Outer,2,2,-0.115071283095723,False,False,False,False,0.5054509415262636,0.8653516295025729,Symmetric,0.49503858875413453,0.7778730703259005,Symmetric,0.4138187221396731,0.8386292834890966,Counter-led,False,True,True,,0.8114901256732495,0.21419518377693283,0.2735202492211838,0.4993412384716733,0.8547297297297297,Symmetric,0.4933920704845815,0.7668918918918919,Symmetric,0.4043478260869565,0.847457627118644,Counter-led,False,True,True,,0.7784946236559139,0.12116788321167883,0.3456153279292557
E02000279,Enfield,Outer,4,3,-0.1731160896130346,True,False,False,False,0.4243873281530185,0.935682326621924,Counter-led,0.40924775707384403,0.8104026845637584,Counter-led,0.3866535819430814,0.8573832562053008,Counter-led,False,False,False,,0.6357868020304569,0.5152,0.2477913336137989,0.3793949304987735,0.9393241167434716,Counter-led,0.36322049405306495,0.8394777265745008,Counter-led,0.3062360801781737,0.8957605985037407,Counter-led,False,False,False,Counter,0.5745454545454546,0.33868378812199035,0.35062344139650875
E02000280,Enfield,Outer,7,5,-0.1344195519348268,False,False,False,False,0.4850299401197604,0.9360986547085202,Symmetric,0.48622754491017967,0.9360986547085202,Symmetric,0.4356029532403609,0.9553291536050157,Counter-led,False,True,True,,0.6045197740112994,0.39825581395348836,0.30094043887147337,0.4256559766763848,0.9122340425531916,Counter-led,0.4281524926686217,0.9069148936170213,Counter-led,0.3408476104598738,0.9406276505513147,Counter-led,False,False,False,,0.626984126984127,0.35567715458276333,0.3621713316369805
E02000281,Enfield,Outer,4,3,-0.1140529531568227,False,False,False,False,0.4972826086956521,0.92,Symmetric,0.483,0.8333333333333334,Symmetric,0.430780559646539,0.8716302952503209,Counter-led,False,True,True,,0.7282051282051282,0.39327296248382926,0.22978177150192555,0.5159235668789809,0.9429429429429428,Symmetric,0.5239766081871345,0.8558558558558559,Cascade-led,0.4083623693379791,0.9088030398986701,Counter-led,True,True,True,,0.6604095563139932,0.270906949352179,0.36732108929702345
E02000282,Enfield,Outer,1,1,-0.060081466395112,False,False,False,False,0.5547445255474452,0.8187250996015937,Cascade-led,0.5562805872756933,0.8140770252324038,Cascade-led,0.509765625,0.8458149779735683,Symmetric,False,True,True,,1.0,0.0,0.17070484581497797,0.4752475247524752,0.7883781439722463,Lateral,0.4752475247524752,0.7883781439722463,Counter-led,0.4122257053291536,0.8394736842105263,Counter-led,True,False,True,,1.0,0.0,0.24144736842105263
E02000283,Enfield,Outer,5,3,-0.2423625254582485,False,False,False,False,0.4558189655172414,0.91609081934847,Counter-led,0.45165562913907287,0.7453109575518263,Counter-led,0.3968253968253968,0.8058690744920993,Counter-led,False,False,False,,0.4258823529411765,0.45975232198142413,0.23777276147479307,0.4907407407407407,0.9130434782608696,Symmetric,0.48307692307692307,0.785024154589372,Symmetric,0.380242311276794,0.8577138289368506,Counter-led,False,True,True,,0.4730392156862745,0.3819548872180451,0.3381294964028777
E02000284,Enfield,Outer,8,6,-0.1130346232179225,False,False,False,False,0.4285714285714285,0.8734177215189873,Counter-led,0.4294541709577755,0.8779385171790235,Counter-led,0.4294541709577755,0.620843989769821,Lateral,False,True,True,,0.2038369304556355,0.8303249097472925,0.2928388746803069,0.4716157205240174,0.8875968992248062,Counter-led,0.4705240174672489,0.8875968992248062,Counter-led,0.4705240174672489,0.6106666666666667,Lateral,False,True,True,,0.26450116009280744,0.8639175257731959,0.312
E02000285,Enfield,Outer,9,8,-0.0631364562118126,False,False,False,False,0.4493307839388145,0.947463768115942,Counter-led,0.4526112185686654,0.9365942028985508,Counter-led,0.5610062893081761,0.9578313253012049,Cascade-led,False,True,True,,0.017937219730941704,0.9656160458452722,0.3349397590361446,0.4327272727272727,0.9598603839441536,Counter-led,0.42018348623853213,0.9511343804537522,Counter-led,0.5559481743227326,0.9680729760547321,Cascade-led,False,True,True,,0.023305084745762712,0.9496021220159151,0.346636259977195
E02000286,Enfield,Outer,8,6,-0.1211812627291242,False,False,False,False,0.4778613199665831,0.8853550295857988,Counter-led,0.4826158940397351,0.893491124260355,Symmetric,0.4826158940397351,0.6459893048128342,Lateral,True,True,True,,0.3344768439108062,0.7168,0.27700534759358286,0.4509624197983501,0.8942622950819672,Counter-led,0.4549590536851683,0.9008196721311476,Counter-led,0.4549590536851683,0.66006006006006,Lateral,False,True,True,,0.36,0.7996661101836394,0.2672672672672673
E02000287,Enfield,Outer,9,8,-0.1099796334012219,False,False,False,False,0.571072319201995,0.8793859649122807,Cascade-led,0.5488997555012225,0.8969298245614035,Cascade-led,0.5168035847647499,0.9344033496161898,Symmetric,False,True,True,,0.08959537572254335,0.8979907264296755,0.36357292393579904,0.5028985507246376,0.8734177215189873,Symmetric,0.5154061624649859,0.9037974683544304,Symmetric,0.5804924242424242,0.9328621908127208,Cascade-led,False,True,True,,0.13539967373572595,0.8939051918735892,0.30212014134275617
E02000288,Enfield,Outer,3,2,-0.1486761710794297,False,False,False,False,0.5008537279453614,0.9146277980218636,Symmetric,0.5285815102328864,0.7376366475793857,Cascade-led,0.4785827604442094,0.7895615866388309,Counter-led,True,True,True,,0.8685082872928177,0.2515212981744422,0.19791231732776618,0.4783347493627867,0.9053846153846152,Counter-led,0.4878048780487805,0.7569230769230769,Symmetric,0.4274560832791151,0.829465731246627,Counter-led,True,True,False,,0.8386605783866058,0.11477272727272728,0.2984349703184026
E02000289,Enfield,Outer,10,9,-0.0468431771894093,False,False,False,False,0.4368070953436807,0.8445692883895131,Counter-led,0.4549266247379455,0.8932584269662921,Counter-led,0.5614754098360656,0.9277566539923955,Cascade-led,False,True,True,,0.0024330900243309003,0.9968847352024922,0.3231939163498099,0.3776091081593928,0.8541329011345219,Counter-led,0.3874538745387454,0.8784440842787682,Counter-led,0.5324971493728621,0.9212184873949579,Cascade-led,False,True,True,,0.004282655246252677,0.9975609756097561,0.35189075630252103
E02000290,Enfield,Outer,2,2,-0.1171079429735234,False,False,False,False,0.4801192842942346,0.8554421768707483,Symmetric,0.47718865598027127,0.689625850340136,Lateral,0.4317548746518105,0.746879334257975,Lateral,True,False,True,,0.7483870967741936,0.28104575163398693,0.18446601941747573,0.4443099273607748,0.868559411146162,Counter-led,0.43070652173913043,0.7739221871713985,Counter-led,0.3807053941908713,0.8176420695504665,Counter-led,False,False,False,,0.8201634877384196,0.21440536013400335,0.19338422391857507
E02000291,Enfield,Outer,6,4,-0.1293279022403259,False,False,False,False,0.4946372239747634,0.9434523809523808,Symmetric,0.5019305019305019,0.925,Symmetric,0.4773844641101278,0.9416666666666667,Counter-led,False,True,True,,0.6374871266735325,0.36688617121354655,0.2222222222222222,0.4860248447204969,0.9554896142433236,Symmetric,0.48333333333333334,0.9347181008902077,Symmetric,0.4091671324762437,0.9531166755460841,Counter-led,False,True,True,,0.5669398907103825,0.3595080416272469,0.2818327117741076
E02000292,Enfield,Outer,7,5,-0.1415478615071283,False,False,False,False,0.4180118946474087,0.9371019108280256,Counter-led,0.4178723404255319,0.9355095541401274,Counter-led,0.3828534031413612,0.949658172778123,Counter-led,False,False,False,,0.3572649572649573,0.5440084835630965,0.21939092604101926,0.3968978102189781,0.8990976210008204,Counter-led,0.4063969896519285,0.8720262510254306,Counter-led,0.3505632869449966,0.9063063063063063,Counter-led,False,False,False,,0.391304347826087,0.4520408163265306,0.26786786786786787
E02000293,Enfield,Outer,10,9,-0.0875763747454175,False,False,False,False,0.4743589743589743,0.8100890207715133,Counter-led,0.45806451612903226,0.9198813056379822,Counter-led,0.5145089285714286,0.9431578947368421,Symmetric,False,True,True,,0.0,0.993103448275862,0.2905263157894737,0.5020161290322581,0.8012924071082391,Symmetric,0.5027027027027027,0.8966074313408724,Symmetric,0.5923718712753278,0.929125138427464,Cascade-led,False,True,True,,0.006036217303822937,0.9970760233918129,0.31450719822812845
E02000294,Enfield,Outer,5,3,-0.2046843177189409,False,False,False,False,0.4748700173310225,0.8966588966588966,Counter-led,0.45825426944971537,0.818958818958819,Counter-led,0.4746575342465753,0.8623744831659775,Counter-led,False,False,False,,0.47186147186147187,0.5189048239895697,0.23981098641464854,0.4236842105263158,0.9178743961352656,Counter-led,0.43683702989392476,0.8349436392914654,Counter-led,0.3898540653231411,0.8753041362530414,Counter-led,False,False,False,,0.46880570409982175,0.4430523917995444,0.24452554744525548
E02000295,Enfield,Outer,9,8,-0.1120162932790224,False,False,False,False,0.4371205550737207,0.9253611556982344,Counter-led,0.4433713784021071,0.9141252006420546,Counter-led,0.4845430107526882,0.9329153605015674,Symmetric,False,True,True,,0.12066574202496533,0.8878748370273793,0.21880877742946708,0.4398766700924974,0.9214015151515152,Counter-led,0.4477933261571582,0.8797348484848485,Counter-led,0.5132275132275133,0.9124137931034483,Symmetric,False,True,True,,0.06921944035346098,0.8757763975155279,0.2717241379310345
E02000296,Enfield,Outer,7,5,-0.04989816700611,False,False,False,False,0.4110032362459547,0.8699324324324325,Counter-led,0.40686922060766184,0.8524774774774775,Counter-led,0.4294595887135342,0.888652783680408,Counter-led,False,False,False,,0.6670378619153675,0.44090528080469404,0.2452188695282618,0.45900439238653,0.8673015873015874,Counter-led,0.45821114369501464,0.866031746031746,Counter-led,0.3960236432025792,0.8981660231660231,Counter-led,False,False,False,,0.582089552238806,0.3487544483985765,0.23986486486486486
E02000297,Enfield,Outer,9,8,-0.04989816700611,False,False,False,False,0.4835978835978836,0.9292035398230089,Symmetric,0.47746781115879827,0.9164208456243854,Counter-led,0.5449569976544175,0.9376832844574781,Cascade-led,True,True,True,,0.08177905308464849,0.915807560137457,0.25439882697947214,0.4820239680426098,0.9037304452466908,Symmetric,0.47908232118758437,0.8916967509025271,Counter-led,0.6026600166251039,0.9303944315545244,Cascade-led,True,True,True,,0.03586206896551724,0.9100418410041841,0.35730858468677495
E02000298,Enfield,Outer,10,8,0.0173116089613034,False,False,False,False,0.4929906542056075,0.8037558685446009,Symmetric,0.4894957983193277,0.8938967136150234,Symmetric,0.5355555555555556,0.9227614490772386,Cascade-led,False,True,True,,0.14107883817427386,0.835725677830941,0.27204374572795625,0.4819875776397515,0.8572949946751863,Symmetric,0.48595848595848595,0.8722044728434505,Symmetric,0.5812553740326741,0.9064692127825409,Cascade-led,False,True,True,,0.10798816568047337,0.8829568788501027,0.2681215900233827
E02000299,Enfield,Outer,3,2,-0.1670061099796334,False,False,False,False,0.4520856820744081,0.912551440329218,Counter-led,0.4375876577840112,0.7335390946502057,Counter-led,0.4167636786961583,0.7683363148479427,Counter-led,False,False,False,,0.7164804469273743,0.3013972055888224,0.13059033989266547,0.444356120826709,0.8979300499643112,Counter-led,0.41862745098039217,0.728051391862955,Lateral,0.369108049311095,0.7835227272727273,Counter-led,True,True,False,,0.581532416502947,0.20919540229885059,0.20397727272727273
E02000300,Enfield,Outer,5,3,-0.2505091649694501,False,False,False,False,0.4697644812221515,0.900802752293578,Counter-led,0.4569209039548023,0.8119266055045872,Counter-led,0.4373508353221957,0.8363273453093812,Counter-led,False,False,False,,0.3506139154160982,0.5896076352067868,0.12974051896207583,0.4916943521594684,0.8958333333333334,Symmetric,0.4851301115241636,0.8005952380952381,Symmetric,0.415916955017301,0.843549328663164,Counter-led,False,True,True,,0.4176372712146423,0.36018957345971564,0.21541155866900175
E02000301,Enfield,Outer,2,2,-0.0957230142566191,False,False,False,False,0.4776733254994124,0.860900354071826,Counter-led,0.46441409058231486,0.7035912999494183,Lateral,0.4423191870890615,0.7405931828242586,Lateral,True,False,True,,0.668918918918919,0.3333333333333333,0.1248339973439575,0.423407917383821,0.8414192614047792,Counter-led,0.4061264822134387,0.7328023171614771,Lateral,0.363702096890817,0.7893835616438356,Counter-led,True,True,False,,0.6401590457256461,0.22045454545454546,0.2117579908675799
E02000302,Enfield,Outer,7,5,-0.0386965376782078,False,False,False,False,0.4272997032640949,0.8829694323144105,Counter-led,0.42757936507936506,0.880349344978166,Counter-led,0.4157937147461724,0.9005805515239478,Counter-led,False,False,False,,0.43410852713178294,0.5048275862068966,0.1690856313497823,0.4862604540023895,0.8611111111111112,Symmetric,0.49142156862745096,0.8395061728395061,Symmetric,0.4125441696113074,0.8788819875776398,Counter-led,False,True,True,,0.41755888650963596,0.41353383458646614,0.2453416149068323
E02000303,Enfield,Outer,2,2,-0.1140529531568228,False,False,False,False,0.4899328859060403,0.8366086468276249,Symmetric,0.4949651432997676,0.7248736664795059,Lateral,0.4758800521512386,0.7579051383399209,Counter-led,True,True,True,,0.6273972602739726,0.30970149253731344,0.12005928853754941,0.4661957618567104,0.8557858376511226,Counter-led,0.47058823529411764,0.7633851468048359,Counter-led,0.3986655546288574,0.8139850644942295,Counter-led,False,False,False,,0.6820083682008368,0.2274618585298197,0.21384928716904278
E02000304,Enfield,Outer,10,9,-0.0234215885947046,False,False,False,False,0.4540709812108559,0.8622862286228623,Counter-led,0.4589041095890411,0.9198919891989199,Counter-led,0.4885496183206106,0.9363831308077198,Symmetric,False,True,True,,0.0015625,1.0,0.2058613295210865,0.4775,0.8676789587852495,Counter-led,0.4855769230769231,0.9023861171366594,Symmetric,0.5468066491688539,0.927007299270073,Cascade-led,True,True,True,,0.0,0.9980694980694981,0.2522303325223033
E02000305,Enfield,Outer,7,5,0.0142566191446028,False,False,False,False,0.4195906432748538,0.8523364485981308,Counter-led,0.4217134416543575,0.8436137071651091,Counter-led,0.4068357221609702,0.8784503631961259,Counter-led,False,False,False,,0.5298102981029811,0.5195167286245354,0.22276029055690072,0.4606542882404951,0.854875283446712,Counter-led,0.4578853046594982,0.8435374149659864,Counter-led,0.3931451612903225,0.8778761061946903,Counter-led,False,False,False,,0.40341880341880343,0.4219269102990033,0.21946902654867256
E02000306,Enfield,Outer,1,1,-0.0081466395112016,False,False,False,False,0.5103773584905661,0.7345807345807346,Lateral,0.5114503816793893,0.7262647262647263,Lateral,0.473015873015873,0.7613293051359517,Counter-led,False,True,True,,1.0,0.0,0.12809667673716013,0.4217687074829932,0.7648283038501561,Lateral,0.42112482853223593,0.7585848074921956,Counter-led,0.3902681231380338,0.8127522195318806,Counter-led,True,False,True,,1.0,0.0,0.22437449556093625
E02000307,Enfield,Outer,5,3,-0.0753564154786151,False,False,False,False,0.4240056818181818,0.9125081011017498,Counter-led,0.4242658423493045,0.8386260531432275,Counter-led,0.4135290363752393,0.862885462555066,Counter-led,False,False,False,,0.44753086419753085,0.4929270946681175,0.15033039647577093,0.390264730999146,0.902852737085582,Counter-led,0.387523629489603,0.8157286044718581,Counter-led,0.3366477272727273,0.8548876745598057,Counter-led,False,False,False,,0.4177215189873418,0.34796573875803,0.21250758955676988
E02000308,Enfield,Outer,5,4,0.0183299389002036,False,False,False,False,0.4767518009168304,0.9408502772643254,Counter-led,0.4799718903724526,0.8767714109673445,Counter-led,0.4588302101078932,0.8980112187659357,Counter-led,False,False,False,,0.49504950495049505,0.3934942287513116,0.1723610402855686,0.4642301710730949,0.9127040454222852,Counter-led,0.4514285714285714,0.8694109297374024,Counter-led,0.4067688378033205,0.8948571428571429,Counter-led,False,False,False,,0.5698587127158555,0.4327233584499462,0.19485714285714287
E02000309,Enfield,Outer,1,1,-0.0315682281059063,True,False,False,False,0.4431736954967834,0.7252462415759461,Lateral,0.44164265129682995,0.7195438050803525,Lateral,0.421772754312909,0.7565256525652565,Counter-led,False,True,True,,1.0,0.0,0.13186318631863186,0.3849918433931484,0.761963952765693,Lateral,0.37779618889809446,0.7501553760099441,Counter-led,0.3329297820823244,0.804284323271665,Counter-led,True,False,True,Counter,1.0,0.0,0.2166504381694255
E02000311,Enfield,Outer,4,3,-0.0570264765784114,False,False,False,False,0.486562150055991,0.9489904357066952,Symmetric,0.48576732673267325,0.8586609989373007,Symmetric,0.4867584745762712,0.8765088207985144,Symmetric,False,False,False,,0.5331882480957563,0.434468524251806,0.12627669452181986,0.4400871459694989,0.9418604651162792,Counter-led,0.4312647289866457,0.8707250341997264,Counter-led,0.4107248084855627,0.8997879109225875,Counter-led,False,False,False,,0.5767575322812052,0.34,0.22481442205726404
E02000312,Enfield,Outer,6,4,0.065173116089613,False,False,False,False,0.488120050020842,0.9302055060100816,Symmetric,0.48658008658008656,0.8956960062039551,Symmetric,0.494204425711275,0.9136713735558408,Symmetric,False,False,False,,0.5081734186211798,0.525,0.17233632862644416,0.4483614697120159,0.9442100328176276,Counter-led,0.4375,0.90014064697609,Counter-led,0.4016194331983805,0.920611256056653,Counter-led,False,False,False,,0.4334677419354839,0.43504736129905275,0.20499440924338427
E02000313,Greenwich,Inner,1,1,0.1832993890020366,False,False,False,False,0.5573580533024334,0.804287045666356,Cascade-led,0.5569007263922519,0.7698042870456664,Cascade-led,0.5009505703422054,0.8098537336412626,Symmetric,False,True,True,,1.0,0.0,0.1739799846035412,0.4269480519480519,0.8639551192145862,Counter-led,0.4288107202680067,0.8373071528751753,Counter-led,0.3700696055684455,0.8813905930470347,Counter-led,False,False,False,,1.0,0.0,0.27096114519427406
E02000314,Greenwich,Inner,4,3,0.0723014256619145,False,False,False,False,0.5068897637795275,0.8573839662447258,Symmetric,0.5112359550561798,0.8261603375527427,Symmetric,0.4848030018761726,0.8661033474163146,Symmetric,False,False,False,,0.4845201238390093,0.47050254916241807,0.2297692557686058,0.4644779332615716,0.8772426817752597,Counter-led,0.45449341728677733,0.8248347497639282,Counter-led,0.4022629730784237,0.8735514655760055,Counter-led,False,False,False,,0.504364694471387,0.38642297650130547,0.278118609406953
E02000315,Greenwich,Inner,2,1,-0.0448065173116089,False,False,False,False,0.4612432847275518,0.9287241625089094,Counter-led,0.5046210720887245,0.7712045616535994,Symmetric,0.4684750733137829,0.8094955489614243,Counter-led,True,True,False,,1.0,0.0,0.16735905044510385,0.4069767441860465,0.9314079422382672,Counter-led,0.42219679633867274,0.7888086642599278,Counter-led,0.3594821020563595,0.8487394957983193,Counter-led,False,False,False,,1.0,0.0,0.2837750484809308
E02000316,Greenwich,Inner,1,1,0.3044806517311609,False,False,False,False,0.583705911574764,0.76920137562094,Lateral,0.585277345775013,0.7371035536874283,Cascade-led,0.5870702541106129,0.7954815695600476,Cascade-led,True,False,True,,1.0,0.0,0.22205707491082044,0.5032822757111597,0.7536279683377308,Lateral,0.5043438500228624,0.7213060686015831,Lateral,0.4512232889439455,0.7925871379479626,Counter-led,False,True,True,,1.0,0.0,0.2557682866961217
E02000317,Greenwich,Inner,1,1,0.0936863543788187,False,False,False,False,0.4754402224281742,0.7451657458563536,Lateral,0.48823529411764705,0.7044198895027625,Lateral,0.4723926380368098,0.7528868360277137,Counter-led,False,True,True,,1.0,0.0,0.16397228637413394,0.5382746051032807,0.7536630036630036,Lateral,0.535264483627204,0.7271062271062271,Lateral,0.4589720468890892,0.7882018479033405,Counter-led,False,True,True,,1.0,0.0,0.22388059701492538
E02000318,Greenwich,Inner,3,2,0.0264765784114052,False,False,False,False,0.5084967320261438,0.8086680761099366,Symmetric,0.5103448275862069,0.766384778012685,Symmetric,0.4905444126074498,0.797896662094193,Symmetric,False,False,False,,0.5876168224299065,0.29358830146231724,0.13488797439414724,0.4371546961325966,0.8176171654432524,Counter-led,0.415065334358186,0.7346132128740824,Lateral,0.386873920552677,0.7870412324422292,Counter-led,True,True,False,,0.6383928571428571,0.2056338028169014,0.19755323969188945
E02000319,Greenwich,Inner,3,2,0.120162932790224,False,False,False,False,0.5028962611901,0.82421875,Symmetric,0.5023068050749712,0.7526041666666666,Symmetric,0.4974117647058823,0.7884972170686456,Symmetric,False,False,False,,0.6773888363292336,0.34831460674157305,0.1450834879406308,0.4492525570416995,0.8054499366286438,Counter-led,0.4526226734348562,0.7490494296577946,Counter-led,0.3950769230769231,0.8040573973280554,Counter-led,False,False,False,,0.6947040498442367,0.19125127161749747,0.21919841662543296
E02000320,Greenwich,Inner,4,3,0.1018329938900203,False,False,False,False,0.4257425742574257,0.8514225500526871,Counter-led,0.43246753246753245,0.8113804004214963,Counter-led,0.3993993993993994,0.8480475382003395,Counter-led,False,False,False,,0.40601503759398494,0.5166666666666667,0.19439728353140917,0.4966352624495289,0.8599537037037037,Symmetric,0.4978102189781022,0.7928240740740741,Symmetric,0.4350393700787401,0.8502092050209205,Counter-led,False,True,True,,0.5294117647058824,0.3885017421602787,0.2769874476987448
E02000321,Greenwich,Inner,1,1,0.0672097759674134,False,False,False,False,0.5149253731343284,0.7382920110192838,Lateral,0.5227053140096618,0.7128099173553719,Lateral,0.49921875,0.7542722451384797,Symmetric,False,True,True,,1.0,0.0,0.14437242192103714,0.4865229110512129,0.7563710499490316,Lateral,0.48743016759776536,0.7298674821610601,Lateral,0.410958904109589,0.7940947940947941,Counter-led,False,True,True,,1.0,0.0,0.23776223776223776
E02000323,Greenwich,Inner,1,1,0.0947046843177189,False,False,False,False,0.4891112419070041,0.7464850615114236,Lateral,0.49019607843137253,0.7170474516695958,Lateral,0.4534192269573835,0.758076634109692,Counter-led,False,True,True,,1.0,0.0,0.1450037565740045,0.4888010540184453,0.7628140703517587,Lateral,0.489159891598916,0.7417085427135678,Lateral,0.4345841784989858,0.7932421560740145,Counter-led,False,True,True,,1.0,0.0,0.1995172968624296
E02000324,Greenwich,Inner,2,2,0.0814663951120163,False,False,False,False,0.5179039301310043,0.9241323648103308,Symmetric,0.5183630640083945,0.7691686844229217,Symmetric,0.4949579831932773,0.8062330623306233,Symmetric,False,False,False,,0.7436332767402377,0.23460898502495842,0.16056910569105692,0.4790286975717439,0.917933130699088,Counter-led,0.4745972738537794,0.817629179331307,Counter-led,0.4119193689745837,0.8637395912187736,Counter-led,False,False,False,,0.7914893617021277,0.15797317436661698,0.2528387585162756
E02000326,Greenwich,Inner,4,3,0.1476578411405295,False,False,False,False,0.5185504745470233,0.8472222222222222,Symmetric,0.5190097259062776,0.8267543859649122,Symmetric,0.4903782349037823,0.864105504587156,Symmetric,False,False,False,,0.5723951285520974,0.3958333333333333,0.21559633027522937,0.4740321057601511,0.8673218673218673,Counter-led,0.476374156219865,0.8493038493038493,Counter-led,0.414496833216045,0.8853582554517134,Counter-led,False,False,False,,0.6434634974533107,0.38822115384615385,0.23925233644859814
E02000327,Greenwich,Inner,1,1,0.1232179226069246,False,False,False,False,0.5233009708737864,0.7480029048656499,Lateral,0.5274177467597209,0.7283950617283951,Cascade-led,0.5235332043842682,0.8057142857142857,Cascade-led,True,False,True,,1.0,0.0,0.2846753246753247,0.5451936872309899,0.7185567010309278,Lateral,0.545045045045045,0.6865979381443299,Lateral,0.4323671497584541,0.8033635187580854,Counter-led,False,True,True,,1.0,0.0,0.37257438551099614
E02000328,Greenwich,Inner,6,4,0.1191446028513237,False,False,False,False,0.5237134207870837,0.8196856906534326,Cascade-led,0.5348837209302325,0.7468982630272953,Cascade-led,0.496551724137931,0.8100558659217877,Symmetric,False,True,True,,0.5339506172839507,0.4672754946727549,0.24953445065176907,0.4737991266375546,0.8411386593204775,Counter-led,0.4845605700712589,0.7731864095500459,Symmetric,0.4246461282264779,0.8294198895027625,Counter-led,True,True,False,,0.43529411764705883,0.44283646888567296,0.2479281767955801
E02000329,Greenwich,Inner,5,4,0.0824847250509165,False,False,False,False,0.4365079365079365,0.953341740226986,Counter-led,0.43804034582132567,0.8751576292559899,Counter-led,0.4107784431137724,0.8940042826552462,Counter-led,False,False,False,,0.282798833819242,0.5955284552845529,0.15096359743040685,0.4514705882352941,0.9353507565337,Counter-led,0.4538216560509554,0.8638239339752407,Counter-led,0.4077555816686251,0.8957894736842106,Counter-led,False,False,False,,0.3112391930835735,0.498015873015873,0.23473684210526316
E02000331,Greenwich,Inner,4,3,-0.0733197556008146,False,False,False,False,0.5050761421319797,0.8448892065761258,Symmetric,0.5087108013937283,0.8205861329521087,Symmetric,0.514432328415651,0.8613259668508287,Symmetric,False,False,False,,0.614713216957606,0.42800528401585203,0.22707182320441988,0.4412698412698412,0.8289473684210527,Counter-led,0.435589519650655,0.8035087719298246,Counter-led,0.3737075332348596,0.8580481622306717,Counter-led,False,False,False,,0.5830039525691699,0.32193396226415094,0.27756653992395436
E02000332,Greenwich,Inner,6,4,0.144602851323829,False,False,False,False,0.4406779661016949,0.9291338582677166,Counter-led,0.44649021864211735,0.8553149606299213,Counter-led,0.4252173913043478,0.8866615265998458,Counter-led,False,False,False,,0.34151329243353784,0.5476550680786687,0.2166538164996145,0.4883449883449883,0.907936507936508,Symmetric,0.49375,0.8465608465608465,Symmetric,0.4106194690265486,0.8862745098039215,Counter-led,False,True,True,,0.3577586206896552,0.4519519519519519,0.25882352941176473
E02000333,Greenwich,Inner,7,5,0.1456211812627291,False,False,False,False,0.4962686567164179,0.9682080924855492,Symmetric,0.4966139954853273,0.9602601156069365,Symmetric,0.4686980609418282,0.9704301075268817,Counter-led,False,True,True,,0.3475177304964539,0.5849843587069864,0.25591397849462366,0.5105740181268882,0.957569913211186,Symmetric,0.5086119554204661,0.9517839922854388,Symmetric,0.4299719887955182,0.9661705006765899,Counter-led,False,True,True,,0.32084690553745926,0.5098280098280098,0.29837618403247634
E02000334,Greenwich,Inner,4,3,-0.0458248472505091,False,False,False,False,0.4820143884892086,0.8034682080924855,Symmetric,0.47533632286995514,0.7734104046242775,Counter-led,0.4459016393442623,0.8235823582358236,Counter-led,True,False,True,,0.7230392156862745,0.3096646942800789,0.22142214221422143,0.4356775300171526,0.840057636887608,Counter-led,0.43508771929824563,0.8213256484149856,Counter-led,0.3805522208883553,0.8704284221525601,Counter-led,False,False,False,,0.5772870662460567,0.3003875968992248,0.27481713688610243
E02000335,Greenwich,Inner,8,7,0.030549898167006,False,False,False,False,0.432937181663837,0.9231974921630094,Counter-led,0.4457236842105263,0.9529780564263323,Counter-led,0.5123152709359606,0.9643705463182898,Symmetric,False,True,True,,0.07211538461538461,0.9141414141414141,0.24228028503562946,0.4141104294478527,0.9462989840348331,Counter-led,0.4270676691729323,0.965166908563135,Counter-led,0.4834905660377358,0.9724770642201835,Symmetric,False,True,True,,0.0951219512195122,0.7968036529680366,0.2098623853211009
E02000337,Greenwich,Inner,3,2,-0.0183299389002036,False,False,False,False,0.5048543689320388,0.9088235294117648,Symmetric,0.48655569782330343,0.765686274509804,Symmetric,0.4558375634517767,0.8047385620915033,Counter-led,False,True,True,,0.9042316258351893,0.11007462686567164,0.16666666666666666,0.382262996941896,0.8946648426812586,Counter-led,0.39590443686006827,0.801641586867305,Counter-led,0.3439911797133407,0.8621673003802282,Counter-led,False,False,False,,0.8717948717948718,0.11764705882352941,0.3051330798479088
E02000339,Greenwich,Inner,7,5,-0.0427698574338085,False,False,False,False,0.4545454545454545,0.882943143812709,Counter-led,0.45265151515151514,0.882943143812709,Counter-led,0.4230254350736278,0.9143206854345165,Counter-led,False,False,False,,0.4430379746835443,0.505800464037123,0.26805385556915545,0.3846153846153846,0.9210950080515298,Counter-led,0.38394415357766143,0.9227053140096618,Counter-led,0.3383458646616541,0.9432624113475178,Counter-led,False,False,False,,0.42962962962962964,0.4659090909090909,0.26595744680851063
E02000340,Greenwich,Inner,7,5,0.1171079429735234,False,False,False,False,0.4427020506634499,0.9060109289617486,Counter-led,0.44457831325301206,0.907103825136612,Counter-led,0.4277456647398844,0.9243098842386465,Counter-led,False,False,False,,0.46621621621621623,0.51010101010101,0.18521816562778273,0.4570484581497797,0.9458333333333332,Counter-led,0.4574585635359116,0.9427083333333334,Counter-led,0.4,0.9575289575289575,Counter-led,False,False,False,,0.5080645161290323,0.4529569892473118,0.25868725868725867
E02000341,Greenwich,Inner,2,2,-0.0733197556008146,False,False,False,False,0.5223713646532439,0.9216494845360824,Cascade-led,0.5119047619047619,0.7793814432989691,Symmetric,0.451913133402275,0.8187976291278577,Counter-led,True,True,True,,0.8032036613272311,0.14150943396226415,0.17866215071972905,0.4762550881953867,0.9132589838909542,Counter-led,0.4820359281437126,0.8277571251548946,Symmetric,0.420045045045045,0.8646543330087634,Counter-led,True,True,False,,0.8337801608579088,0.170873786407767,0.21421616358325218
E02000342,Greenwich,Inner,5,4,0.0030549898167006,False,False,False,False,0.4435763888888889,0.9282836422240128,Counter-led,0.4402917046490428,0.8839645447219984,Counter-led,0.5846879916098584,0.9297903461725987,Cascade-led,False,True,True,,0.7632286995515695,0.31313131313131315,0.39492930277913213,0.4542518837459634,0.9327309236947792,Counter-led,0.45371428571428574,0.8785140562248996,Counter-led,0.4934971098265896,0.9196013289036545,Symmetric,False,True,True,,0.6881405563689604,0.362339514978602,0.3382059800664452
E02000343,Greenwich,Inner,5,3,-0.0498981670061099,False,False,False,False,0.4487678339818418,0.9178571428571428,Counter-led,0.48240469208211145,0.8119047619047619,Symmetric,0.4555940023068051,0.8458536585365853,Counter-led,True,True,False,,0.7518987341772152,0.2584745762711864,0.18048780487804877,0.4136363636363636,0.9269662921348316,Counter-led,0.4040066777963272,0.8412921348314607,Counter-led,0.3546856465005931,0.8817991631799164,Counter-led,False,False,False,,0.7792642140468228,0.2647058823529412,0.25523012552301255
E02000344,Greenwich,Inner,8,6,0.0692464358452138,False,False,False,False,0.4172661870503597,0.8864795918367347,Counter-led,0.42702702702702705,0.9438775510204082,Counter-led,0.427027027027027,0.806979280261723,Counter-led,False,False,False,,0.3291139240506329,0.7193396226415094,0.1450381679389313,0.410174880763116,0.8884180790960452,Counter-led,0.4272863568215892,0.942090395480226,Counter-led,0.4272863568215892,0.7050739957716702,Lateral,False,True,True,,0.37543859649122807,0.662303664921466,0.25158562367864695
E02000345,Hackney,Inner,3,2,0.0295315682281059,False,False,False,False,0.479933110367893,0.9136745607333844,Counter-led,0.48044692737430167,0.6837280366692131,Lateral,0.4510869565217391,0.7272727272727273,Lateral,True,False,True,,0.46184738955823296,0.43564356435643564,0.13768115942028986,0.4932998324958124,0.9386792452830188,Symmetric,0.4446902654867257,0.710691823899371,Lateral,0.4226244343891402,0.7501697216564833,Lateral,True,False,True,,0.4668094218415418,0.2946708463949843,0.1364562118126273
E02000346,Hackney,Inner,1,1,-0.0071283095723014,False,False,False,False,0.473469387755102,0.6413612565445026,Lateral,0.4830028328611898,0.6160558464223386,Lateral,0.4751381215469613,0.6728624535315985,Lateral,False,False,False,,1.0,0.0,0.1479553903345725,0.5190886699507389,0.7328519855595668,Lateral,0.5221518987341772,0.7129963898916968,Lateral,0.4985265225933202,0.7619760479041916,Lateral,False,False,False,,1.0,0.0,0.17065868263473055
E02000347,Hackney,Inner,2,2,0.1008146639511201,False,False,False,False,0.4789189189189189,0.7569558101472995,Lateral,0.5107913669064749,0.5687397708674304,Lateral,0.5056306306306306,0.6275618374558304,Lateral,False,False,False,,0.6057906458797327,0.3690205011389522,0.1363957597173145,0.5169851380042463,0.800339847068819,Symmetric,0.4948186528497409,0.6559048428207307,Lateral,0.4157196969696969,0.7227926078028748,Lateral,True,False,True,,0.5444191343963554,0.25121555915721233,0.1943874058863792
E02000348,Hackney,Inner,1,1,0.0336048879837067,False,False,False,False,0.432073544433095,0.6850944716585025,Lateral,0.4305263157894737,0.6648005598320503,Lateral,0.4406332453825857,0.7035891089108911,Lateral,False,False,False,,1.0,0.0,0.11571782178217822,0.4445843828715365,0.72910927456382,Lateral,0.4367666232073012,0.7043158861340679,Lateral,0.3963963963963964,0.7562452687358062,Lateral,False,False,False,,1.0,0.0,0.17562452687358063
E02000350,Hackney,Inner,4,3,0.0468431771894093,False,False,False,False,0.5372829417773238,0.8713840676457499,Cascade-led,0.5389848246991105,0.8504672897196262,Cascade-led,0.545338441890166,0.8748603351955307,Cascade-led,False,False,False,,0.3083528493364559,0.6853932584269663,0.16312849162011173,0.5207920792079208,0.8725701943844493,Cascade-led,0.5156087408949012,0.8302375809935205,Symmetric,0.4833333333333333,0.8592910848549946,Symmetric,True,False,True,,0.28706896551724137,0.6387096774193548,0.1711421410669531
E02000351,Hackney,Inner,3,2,0.0967413441955193,False,False,False,False,0.4704391891891892,0.8551823763091368,Counter-led,0.4742647058823529,0.6876128566269412,Lateral,0.5126705653021443,0.7478134110787172,Lateral,True,False,True,,0.8045627376425856,0.2216,0.19271137026239066,0.4972882770129328,0.8478952953661125,Symmetric,0.49713392391870764,0.6788114609126282,Lateral,0.4496996996996997,0.7458006718924972,Lateral,True,False,True,,0.6686143572621035,0.23124147339699863,0.2085666293393057
E02000352,Hackney,Inner,2,2,0.1364562118126273,False,False,False,False,0.5194681861348528,0.7217272104180946,Lateral,0.5121951219512195,0.6182316655243317,Lateral,0.5021459227467812,0.6765389082462253,Lateral,False,False,False,,0.6905982905982906,0.38275862068965516,0.1527293844367015,0.478,0.7616146230007617,Lateral,0.497624703087886,0.6412795125666413,Lateral,0.4548704200178731,0.7037735849056603,Lateral,False,False,False,,0.6817288801571709,0.27377049180327867,0.1742138364779874
E02000353,Hackney,Inner,4,3,0.0682281059063136,False,False,False,False,0.5219623502567028,0.8448192771084337,Cascade-led,0.5172004744958482,0.8125301204819277,Symmetric,0.52,0.8437123342707915,Symmetric,True,False,True,,0.3882783882783883,0.6398809523809523,0.1663318601848132,0.5121809744779582,0.8492610837438423,Symmetric,0.496,0.8004926108374384,Symmetric,0.4530881659594531,0.8396674584323041,Counter-led,False,True,True,,0.2924037460978148,0.5646551724137931,0.19635787806809185
E02000354,Hackney,Inner,1,1,0.0641547861507128,False,False,False,False,0.4987179487179487,0.6878306878306878,Lateral,0.5030181086519114,0.6574074074074074,Lateral,0.5018786902844874,0.7056818181818182,Lateral,False,False,False,,1.0,0.0,0.1409090909090909,0.4475481067659839,0.727971079981925,Lateral,0.4440789473684211,0.6868504292815183,Lateral,0.4074823053589484,0.7405466117558966,Lateral,False,False,False,,1.0,0.0,0.17147135904155747
E02000355,Hackney,Inner,2,2,0.0835030549898167,False,False,False,False,0.514792899408284,0.7662468513853904,Lateral,0.5355555555555556,0.6801007556675063,Lateral,0.5355255431591309,0.7284003421727973,Lateral,False,False,False,,0.5098684210526315,0.5486725663716814,0.15098374679213003,0.4705484089370345,0.7566598360655737,Lateral,0.49133858267716535,0.6506147540983607,Lateral,0.4490683229813664,0.7024432809773123,Lateral,False,False,False,,0.42738589211618255,0.41939120631341603,0.14834205933682373
E02000356,Hackney,Inner,4,3,0.0295315682281058,False,False,False,False,0.4668035592060233,0.8629651506202008,Counter-led,0.46225071225071224,0.8292971057294743,Counter-led,0.4778082191780822,0.8632923368022706,Counter-led,False,False,False,,0.39793577981651373,0.633788037775446,0.19914853358561968,0.5353728489483748,0.8726362625139044,Cascade-led,0.5259259259259259,0.8259176863181312,Cascade-led,0.4708612686952037,0.86101243339254,Counter-led,False,True,True,,0.31653888280394304,0.5555555555555556,0.20159857904085257
E02000357,Hackney,Inner,1,1,-0.0458248472505091,False,False,False,False,0.3967611336032389,0.5346320346320347,Lateral,0.40860215053763443,0.5032467532467533,Lateral,0.4006622516556291,0.5682031984948259,Lateral,False,False,False,,1.0,0.0,0.13076199435559738,0.4353741496598639,0.658454647256439,Lateral,0.4375,0.6270996640537514,Lateral,0.4068441064638783,0.7032085561497327,Lateral,False,False,False,,1.0,0.0,0.20409982174688057
E02000358,Hackney,Inner,2,2,0.0315682281059063,False,False,False,False,0.4975887768522578,0.7726964769647696,Lateral,0.5123203285420944,0.6598915989159891,Lateral,0.5231519090170593,0.710328909405655,Lateral,False,False,False,,0.6343167701863354,0.3781942078364566,0.14829774956722447,0.5022914757103575,0.7732104890148831,Lateral,0.5153234960272418,0.6243798724309001,Lateral,0.469281045751634,0.684053651266766,Lateral,False,False,False,,0.584958217270195,0.34318555008210183,0.15886736214605068
E02000359,Hackney,Inner,2,2,0.020366598778004,False,False,False,False,0.4911463187325256,0.7334244702665755,Lateral,0.5067497403946002,0.6582365003417635,Lateral,0.5220588235294118,0.7099767981438515,Lateral,False,False,False,,0.4835680751173709,0.5692307692307692,0.1513921113689095,0.4860759493670886,0.7699805068226121,Lateral,0.49659201557935734,0.6673164392462638,Lateral,0.4594202898550724,0.7293868921775899,Lateral,False,False,False,,0.48264984227129337,0.3806970509383378,0.18657505285412262
E02000360,Hackney,Inner,1,1,0.0295315682281059,False,False,False,False,0.5036399735274653,0.646832191780822,Lateral,0.512311901504788,0.6258561643835616,Lateral,0.5116404981050352,0.6787945608232268,Lateral,False,False,False,,1.0,0.0,0.14149209849320102,0.4606060606060606,0.6704288939051919,Lateral,0.46943078004216443,0.6424379232505644,Lateral,0.4220472440944882,0.7063403781979978,Lateral,False,False,False,,1.0,0.0,0.17871709306637004
E02000361,Hackney,Inner,1,1,0.0580448065173116,False,False,False,False,0.4963503649635036,0.6580211335254563,Lateral,0.5109599395313681,0.6354466858789626,Lateral,0.5389082462253194,0.694074969770254,Lateral,False,False,False,,1.0,0.0,0.1608222490931076,0.492436974789916,0.6934731934731935,Lateral,0.49825783972125437,0.668997668997669,Lateral,0.4625668449197861,0.7248062015503876,Lateral,False,False,False,,1.0,0.0,0.1686046511627907
E02000362,Hackney,Inner,1,1,-0.0010183299389002,False,False,False,False,0.5445783132530121,0.625,Lateral,0.5475,0.6024096385542169,Lateral,0.5277777777777778,0.6716417910447762,Lateral,False,False,False,,1.0,0.0,0.17412935323383086,0.5234899328859061,0.644224830142063,Lateral,0.5341365461847389,0.6151945645460161,Lateral,0.4672897196261682,0.6906653426017875,Lateral,False,False,False,,1.0,0.0,0.19612711022840118
E02000363,Hackney,Inner,1,1,0.0040733197556008,False,False,False,False,0.4602739726027397,0.5538694992412747,Lateral,0.46161137440758293,0.5336368234699039,Lateral,0.4548635409377187,0.6078264568268822,Lateral,False,False,False,,1.0,0.0,0.15908124202467036,0.5334947538337369,0.59,Lateral,0.5467687074829932,0.56,Lateral,0.4885057471264368,0.6289156626506024,Lateral,False,False,False,,1.0,0.0,0.1566265060240964
E02000364,Hackney,Inner,2,2,0.1425661914460285,False,False,False,False,0.5082246171298922,0.7508517887563884,Lateral,0.4854771784232365,0.6158432708688245,Lateral,0.4968186638388123,0.6764705882352942,Lateral,False,False,False,,0.6189967982924226,0.4952581664910432,0.15781922525107603,0.502633118782914,0.7674000898069151,Lateral,0.5175808720112518,0.6385271665918276,Lateral,0.4724119810825013,0.7027326440177253,Lateral,False,False,False,,0.5483870967741935,0.3256972111553785,0.1776218611521418
E02000365,Hackney,Inner,3,2,-0.0081466395112016,False,False,False,False,0.5098737455487212,0.8894327670601785,Symmetric,0.5157515751575158,0.6397926864382378,Lateral,0.5316627158821537,0.7024262607040913,Lateral,True,False,True,,0.6605095541401274,0.38611713665943603,0.17388201712654613,0.510767671649354,0.9025840384175624,Symmetric,0.5162429378531074,0.6476103361536703,Lateral,0.4746556473829201,0.7019918777799266,Lateral,True,False,True,,0.5769007544979686,0.3434714210802307,0.15432218139624831
E02000366,Hackney,Inner,1,1,0.015274949083503,False,False,False,False,0.468682505399568,0.573729863692689,Lateral,0.47374301675977654,0.5545229244114003,Lateral,0.5057720057720058,0.6584323040380048,Lateral,False,False,False,,1.0,0.0,0.2332541567695962,0.4984423676012461,0.6463087248322148,Lateral,0.5042735042735043,0.6281879194630873,Lateral,0.4318181818181818,0.7176350662589195,Lateral,False,False,False,,1.0,0.0,0.24057084607543322
E02000367,Hackney,Inner,2,2,0.0264765784114053,False,False,False,False,0.4868686868686869,0.7929515418502202,Symmetric,0.49629207073588133,0.7020424509411294,Lateral,0.500650759219089,0.7559855690390291,Symmetric,True,True,False,,0.5537261698440208,0.48479582971329277,0.18104296490652674,0.5197195442594216,0.7780429594272077,Lateral,0.5331592689295039,0.6529151039890897,Lateral,0.5098859315589354,0.7209429824561403,Lateral,False,False,False,,0.598806860551827,0.39798293250581845,0.19599780701754385
E02000368,Hackney,Inner,1,1,0.0274949083503055,False,False,False,False,0.4956293706293706,0.6059322033898306,Lateral,0.4969108561341571,0.6001059322033898,Lateral,0.5149105367793241,0.6665194346289752,Lateral,False,False,False,,1.0,0.0,0.16607773851590105,0.4704073789392775,0.6754932502596054,Lateral,0.46919431279620855,0.6573208722741433,Lateral,0.4388954171562867,0.720575783234547,Lateral,False,False,False,,1.0,0.0,0.18458933107535985
E02000369,Hackney,Inner,1,1,0.0407331975560081,False,False,False,False,0.4828807556080283,0.6693006716712762,Lateral,0.4901840490797546,0.6440142236270249,Lateral,0.5139876718824087,0.7006644518272426,Lateral,False,False,False,,1.0,0.0,0.15913621262458472,0.4875054800526085,0.706848466067555,Lateral,0.4864142538975501,0.6956925937403161,Lateral,0.443939923157527,0.7446033810143043,Lateral,False,False,False,,1.0,0.0,0.16072821846553967
E02000370,Hackney,Inner,1,1,0.1089613034623218,False,False,False,False,0.485428809325562,0.7332112332112332,Lateral,0.4919423240033927,0.7197802197802198,Lateral,0.5131832797427652,0.7720953326713009,Symmetric,False,True,True,,1.0,0.0,0.18669314796425024,0.5393978219090326,0.7544707588206864,Lateral,0.540222367560497,0.7390043499275012,Lateral,0.5035175879396985,0.7865612648221344,Symmetric,False,True,True,,1.0,0.0,0.18221343873517787
E02000371,Hackney,Inner,1,1,0.2189409368635437,False,False,False,False,0.4324792243767313,0.7040468064358849,Lateral,0.4362866219555242,0.6906387128230131,Lateral,0.5193895421566175,0.7590201291302696,Symmetric,False,True,True,,1.0,0.0,0.22104063805545004,0.4974050805790767,0.7298644338118022,Lateral,0.5005567928730512,0.7161084529505582,Lateral,0.5038281582305402,0.7675481554031994,Lateral,False,False,False,,1.0,0.0,0.1811949069539667
E02000372,Hammersmith and Fulham,Inner,2,2,0.0213849287169042,True,False,False,False,0.4964305326743548,0.909136295556665,Symmetric,0.4839101396478446,0.8222666000998502,Symmetric,0.47117202268431,0.8559870550161812,Counter-led,False,True,True,,0.8856569709127382,0.14209115281501342,0.18972491909385114,0.4965548920532843,0.8914823914823915,Symmetric,0.5076115485564304,0.7800982800982801,Symmetric,0.302138422625891,0.8900941465411379,Counter-led,False,True,True,Counter,0.8447488584474886,0.04975288303130148,0.5002046663937781
E02000373,Hammersmith and Fulham,Inner,1,1,-0.0336048879837067,False,False,False,False,0.491103202846975,0.9366666666666666,Symmetric,0.49819168173598555,0.9216666666666666,Symmetric,0.4847537138389367,0.9315367807720321,Symmetric,False,False,False,,1.0,0.0,0.1260014566642389,0.4734607218683652,0.9299111549851924,Counter-led,0.4658721560130011,0.9111549851924975,Counter-led,0.4515845070422535,0.9265905383360522,Counter-led,False,False,False,,1.0,0.0,0.1737357259380098
E02000374,Hammersmith and Fulham,Inner,5,3,-0.1466395112016293,False,False,False,False,0.4931605471562275,0.8996113989637305,Symmetric,0.47322142286171065,0.8102331606217616,Counter-led,0.5063371356147022,0.843399251737039,Symmetric,True,True,False,,0.672090112640801,0.3632862644415918,0.17477284874398719,0.4853037230568256,0.8953216374269006,Symmetric,0.45981173062997827,0.8076023391812865,Counter-led,0.450607501320655,0.851935193519352,Counter-led,True,False,True,,0.5744431418522861,0.3038461538461538,0.2304230423042304
E02000375,Hammersmith and Fulham,Inner,3,2,-0.0957230142566191,False,False,False,False,0.4996934396076027,0.8543740178103719,Symmetric,0.4726890756302521,0.748035620743845,Counter-led,0.4961453744493392,0.7905964301262516,Symmetric,True,True,False,,0.9067702552719201,0.07978142076502732,0.16891597736177624,0.4714201532115498,0.8631739572736521,Counter-led,0.4728894989704873,0.7410986775178027,Lateral,0.4566326530612244,0.7938436614013771,Counter-led,True,True,False,,0.8949720670391061,0.0892018779342723,0.20372620494127178
E02000376,Hammersmith and Fulham,Inner,2,2,0.0030549898167006,False,False,False,False,0.4657461497610196,0.9298765432098766,Counter-led,0.4674185463659148,0.7881481481481482,Counter-led,0.495618305744888,0.8272251308900523,Symmetric,False,True,True,,0.9007858546168959,0.08108108108108109,0.18445428916633105,0.4691422594142259,0.8864163189615206,Counter-led,0.47385204081632654,0.7269355586462679,Lateral,0.4646946564885496,0.780633147113594,Counter-led,True,True,False,,0.8521560574948666,0.09803921568627451,0.19664804469273742
E02000377,Hammersmith and Fulham,Inner,3,2,-0.0162932790224032,False,False,False,False,0.4851109907958852,0.8655107778819119,Symmetric,0.48980815347721823,0.781630740393627,Symmetric,0.5085371481310568,0.8230155715913406,Symmetric,False,False,False,,0.9001814882032668,0.07793427230046948,0.18951766046334978,0.4597902097902098,0.8503468780971258,Counter-led,0.444515306122449,0.7770069375619425,Counter-led,0.4376163873370577,0.8267898383371824,Counter-led,False,False,False,,0.9287234042553192,0.07781456953642384,0.22324865280985373
E02000378,Hammersmith and Fulham,Inner,4,3,0.0081466395112016,False,False,False,False,0.5281437125748503,0.9413754227733936,Cascade-led,0.5311475409836065,0.8596392333709132,Cascade-led,0.5373592630501536,0.8869723104857014,Cascade-led,False,False,False,,0.6828571428571428,0.2588495575221239,0.19473445301861098,0.4930977360574268,0.933024214322514,Symmetric,0.4917632702867602,0.8444100978876867,Symmetric,0.4703915950334288,0.8739565943238731,Counter-led,False,True,True,,0.6406091370558376,0.2894499549143372,0.1898998330550918
E02000379,Hammersmith and Fulham,Inner,6,4,0.044806517311609,False,False,False,False,0.4220398593200469,0.8941299790356394,Counter-led,0.4347549331635901,0.8233752620545073,Counter-led,0.4238745574102175,0.8543647363872083,Counter-led,False,False,False,,0.5704057279236276,0.5311676909569798,0.17545375972342264,0.465642683912692,0.8861031518624641,Counter-led,0.46544546211490423,0.8603151862464183,Counter-led,0.4175548589341692,0.8910614525139665,Counter-led,False,False,False,,0.53003003003003,0.3519913885898816,0.2201117318435754
E02000380,Hammersmith and Fulham,Inner,6,4,0.0407331975560082,False,False,False,False,0.5698841698841699,0.8738191632928475,Cascade-led,0.5772089182493807,0.8171390013495277,Cascade-led,0.5586914688903143,0.8519125683060109,Cascade-led,False,False,False,,0.574052812858783,0.4331395348837209,0.1901639344262295,0.4664143803216651,0.8531073446327684,Counter-led,0.4755244755244755,0.807909604519774,Counter-led,0.4235963041933191,0.8553191489361702,Counter-led,False,False,False,,0.46476510067114096,0.3921085080147966,0.24680851063829787
E02000381,Hammersmith and Fulham,Inner,5,4,0.0437881873727087,False,False,False,False,0.5174897119341564,0.8937931034482759,Symmetric,0.5232288037166086,0.7917241379310345,Cascade-led,0.5089445438282647,0.8315358869468203,Symmetric,True,True,False,,0.5439367311072056,0.3970856102003643,0.1911491260691707,0.5096693699313787,0.8975363941769317,Symmetric,0.5177053824362606,0.7905935050391937,Symmetric,0.4655521783181358,0.8407155025553663,Counter-led,False,True,True,,0.5233949945593036,0.35545023696682465,0.2393526405451448
E02000382,Hammersmith and Fulham,Inner,3,3,0.1812627291242362,False,False,False,False,0.5013908205841446,0.8605625374027528,Symmetric,0.5259417199715707,0.8420107719928187,Cascade-led,0.5252918287937743,0.8720310227823558,Cascade-led,True,False,True,,0.7164021164021164,0.2224824355971897,0.19001454192922929,0.4988434849653045,0.8629407850964738,Symmetric,0.4820473644003056,0.8709248170326015,Symmetric,0.4429046563192905,0.9029029029029029,Counter-led,False,True,True,,0.7647058823529411,0.2099502487562189,0.24774774774774774
E02000383,Hammersmith and Fulham,Inner,6,4,0.0712830957230142,False,False,False,False,0.5392857142857143,0.8572522005357827,Cascade-led,0.5475302889095992,0.8212782242632989,Cascade-led,0.5668170774036793,0.8605137395459976,Cascade-led,False,False,False,,0.6442131047152481,0.3573717948717949,0.21953405017921146,0.4709931170108161,0.8432835820895522,Counter-led,0.4719748559455212,0.7914593698175788,Counter-led,0.4730586370839936,0.8338288734720846,Counter-led,False,False,False,,0.5477386934673367,0.41654135338345866,0.20317145688800792
E02000384,Hammersmith and Fulham,Inner,3,2,-0.1344195519348268,False,False,False,False,0.502913752913753,0.8571428571428571,Symmetric,0.5092137592137592,0.8131868131868132,Symmetric,0.5125847047434656,0.8467213114754099,Symmetric,False,False,False,,0.9282341831916903,0.039721946375372394,0.17950819672131146,0.5269092772936955,0.8744957418198117,Cascade-led,0.5300813008130081,0.8269834155087404,Cascade-led,0.5133251332513326,0.8633628318584071,Symmetric,False,True,True,,0.9400958466453674,0.07413647851727043,0.21026548672566372
E02000385,Hammersmith and Fulham,Inner,6,5,0.0437881873727087,False,False,False,False,0.5318509615384616,0.8172888015717092,Cascade-led,0.5256830601092897,0.8988212180746562,Cascade-led,0.5535564853556485,0.9206471494607088,Cascade-led,False,False,False,,0.5162509448223734,0.5267104029990628,0.21571648690292758,0.4702731655061596,0.8432700993676604,Counter-led,0.4846382556987116,0.9114724480578139,Symmetric,0.473583460949464,0.9301994301994302,Counter-led,True,True,False,,0.41632983023443815,0.5134545454545455,0.21153846153846154
E02000386,Hammersmith and Fulham,Inner,3,2,-0.0407331975560081,False,False,False,False,0.4838709677419355,0.8966942148760331,Symmetric,0.47712019524100063,0.8465909090909091,Counter-led,0.5117168818747011,0.8756281407035176,Symmetric,True,True,False,,0.9476635514018692,0.03623898139079334,0.18927973199329984,0.4697947214076246,0.8829621957534955,Counter-led,0.466541588492808,0.8280683583635422,Counter-led,0.4592592592592592,0.8667736757624398,Counter-led,False,False,False,,0.9435483870967742,0.06078767123287671,0.22512038523274477
E02000387,Hammersmith and Fulham,Inner,5,3,0.0346232179226069,False,False,False,False,0.5211090107120353,0.8657937806873978,Cascade-led,0.5245258338783518,0.834151663938898,Cascade-led,0.5446384039900249,0.8683412732784755,Cascade-led,False,False,False,,0.7802197802197802,0.22453450164293537,0.2061498484192291,0.4744389027431421,0.8745910577971646,Counter-led,0.4829581993569132,0.8478735005452562,Symmetric,0.4738658777120315,0.8790637191157347,Counter-led,True,True,False,,0.7627471383975026,0.20337394564198688,0.20502817511920243
E02000388,Hammersmith and Fulham,Inner,5,4,0.090631364562118,False,False,False,False,0.5049800796812749,0.8845814977973568,Symmetric,0.5018450184501845,0.7162995594713656,Lateral,0.5391662849289968,0.7721966749204103,Cascade-led,True,True,True,,0.675446049277825,0.34095427435387676,0.19702865228157057,0.4809064204783886,0.8862030494607661,Symmetric,0.4982278481012658,0.7344737820751208,Lateral,0.4806089162740123,0.7944140512525194,Symmetric,True,True,False,,0.6447963800904978,0.3496161898115841,0.2257414339188022
E02000389,Hammersmith and Fulham,Inner,8,6,0.075356415478615,False,False,False,False,0.4854535082715345,0.8331749049429658,Symmetric,0.48733153638814014,0.8816539923954373,Symmetric,0.4873315363881401,0.6721014492753623,Lateral,False,True,True,,0.24225663716814158,0.7812828601472135,0.23768115942028986,0.4691298006806028,0.8708721422523286,Counter-led,0.47496490407112774,0.9047417442845047,Counter-led,0.4749649040711277,0.6906916612798966,Lateral,False,True,True,,0.2246305418719212,0.8279857397504456,0.2365869424692954
E02000390,Hammersmith and Fulham,Inner,6,4,0.0885947046843177,False,False,False,False,0.5292667898952557,0.7913213066796685,Cascade-led,0.5193798449612403,0.7547537786445636,Symmetric,0.5333011583011583,0.8046601941747573,Cascade-led,True,True,False,,0.6298642533936651,0.3019648397104447,0.20349514563106796,0.4922870556673374,0.7725388601036269,Lateral,0.49045936395759715,0.7331606217616581,Lateral,0.467481662591687,0.798828125,Counter-led,False,True,True,,0.647489539748954,0.29017447199265384,0.24609375
E02000391,Hammersmith and Fulham,Inner,6,4,0.1120162932790224,False,False,False,False,0.554925584691708,0.7606469002695417,Lateral,0.5433308214016579,0.7153638814016172,Lateral,0.5205696202531646,0.7821782178217822,Cascade-led,False,True,True,,0.6960486322188449,0.23982398239823982,0.23473597359735973,0.5178211163416274,0.7692705638903259,Lateral,0.5213735108619482,0.7382307294361097,Lateral,0.4840887174541948,0.8038759689922481,Symmetric,False,True,True,,0.6743027888446215,0.2738317757009346,0.2507751937984496
E02000392,Hammersmith and Fulham,Inner,6,4,0.0366598778004073,False,False,False,False,0.4915427985648385,0.764198981590286,Lateral,0.4873994638069705,0.7305131218174696,Symmetric,0.5145929339477726,0.7910085054678008,Symmetric,True,False,True,,0.7246268656716418,0.26186708860759494,0.2244835965978129,0.494721689059501,0.7825760420578295,Lateral,0.49240121580547114,0.7412692452121667,Lateral,0.463150289017341,0.8006942435637836,Counter-led,False,True,True,,0.6528861154446178,0.2981157469717362,0.22967891235175006
E02000393,Hammersmith and Fulham,Inner,8,6,0.1680244399185336,False,False,False,False,0.5177111716621253,0.7982599238716693,Symmetric,0.5081148564294632,0.8711256117455138,Symmetric,0.5081148564294632,0.6617100371747212,Lateral,False,True,True,,0.2457002457002457,0.7284263959390863,0.24039653035935563,0.473791695030633,0.8280721533258174,Counter-led,0.47066246056782335,0.8934611048478016,Counter-led,0.4706624605678233,0.6716101694915254,Lateral,False,True,True,,0.22654155495978553,0.7592371871275327,0.2483050847457627
E02000394,Hammersmith and Fulham,Inner,5,3,0.1242362525458248,False,False,False,False,0.4990980156343956,0.8715932914046122,Symmetric,0.5071513706793802,0.8794549266247379,Symmetric,0.5297544735746983,0.9126471705279149,Cascade-led,False,True,True,,0.8601728201099764,0.14690265486725665,0.2753513102924421,0.4974924774322969,0.8897813476126729,Symmetric,0.5140234574196838,0.8750557786702365,Symmetric,0.4901742677048572,0.905945582801478,Symmetric,False,False,False,,0.8706505295007564,0.2101818181818182,0.24722875377897213
E02000395,Hammersmith and Fulham,Inner,8,7,0.0763747454175153,False,False,False,False,0.4616033755274261,0.8023019634394042,Counter-led,0.47404063205417607,0.899796885578876,Counter-led,0.4846659364731654,0.9250253292806484,Symmetric,False,True,True,,0.08248587570621468,0.8894792773645058,0.25177304964539005,0.5139833711262283,0.8362831858407079,Symmetric,0.5136986301369864,0.922882427307206,Symmetric,0.5335335335335335,0.9424528301886792,Cascade-led,False,True,True,,0.08067542213883677,0.8894849785407726,0.2537735849056604
E02000396,Hammersmith and Fulham,Inner,6,4,0.0488798370672097,False,False,False,False,0.5378657487091222,0.7835468644639245,Cascade-led,0.532258064516129,0.7525286581254215,Cascade-led,0.5028753993610223,0.8100414078674948,Symmetric,False,True,True,,0.636594663278272,0.27892030848329047,0.2324016563146998,0.4853211009174312,0.7394843962008141,Lateral,0.4871306005719733,0.7116689280868386,Lateral,0.4509162303664921,0.7823860727086533,Counter-led,False,True,True,,0.6313497822931785,0.28486293206197855,0.2452636968766001
E02000397,Haringey,Inner,3,2,0.0794297352342158,False,False,False,False,0.4476021314387211,0.8842931937172774,Counter-led,0.46176046176046176,0.7256544502617801,Lateral,0.4666283084004603,0.7683465959328029,Counter-led,True,True,False,,0.7718865598027127,0.24163969795037757,0.15561450044208666,0.4603072983354673,0.8824858757062147,Counter-led,0.4662058371735791,0.735593220338983,Lateral,0.4220579174368453,0.776183644189383,Counter-led,True,True,False,,0.7313868613138687,0.18336886993603413,0.15351506456241032
E02000398,Haringey,Inner,1,1,-0.0081466395112016,False,False,False,False,0.4988290398126463,0.5523932729624839,Lateral,0.48727272727272725,0.5336351875808538,Lateral,0.4602040816326531,0.5761316872427984,Lateral,False,False,False,,1.0,0.0,0.09112286890064668,0.3948339483394834,0.6514423076923077,Lateral,0.4020100502512563,0.6378205128205128,Lateral,0.3550239234449761,0.698062792251169,Lateral,False,False,False,,1.0,0.0,0.16633266533066132
E02000400,Haringey,Inner,4,3,0.0845213849287169,False,False,False,False,0.4593796159527326,0.912398921832884,Counter-led,0.4557926829268293,0.8840970350404312,Counter-led,0.4389027431421446,0.9031531531531531,Counter-led,False,False,False,,0.5525568181818182,0.42444444444444446,0.16441441441441443,0.4807692307692308,0.8999247554552295,Symmetric,0.48748921484037966,0.872084273890143,Symmetric,0.4215039577836411,0.8991696322657177,Counter-led,False,True,True,,0.5571205007824727,0.30216647662485746,0.2117437722419929
E02000401,Haringey,Inner,1,1,-0.0325865580448065,False,False,False,False,0.4255639097744361,0.6494140625,Lateral,0.42857142857142855,0.62890625,Lateral,0.4240963855421686,0.6859504132231405,Lateral,False,False,False,,1.0,0.0,0.1537190082644628,0.5266457680250783,0.7120535714285714,Lateral,0.5124378109452736,0.6729910714285714,Lateral,0.4329774614472123,0.7420774647887324,Lateral,False,False,False,,1.0,0.0,0.2112676056338028
E02000402,Haringey,Inner,1,1,0.0040733197556008,False,False,False,False,0.5069444444444444,0.6260869565217392,Lateral,0.5036603221083455,0.5939130434782609,Lateral,0.4644935972060535,0.6478129713423831,Lateral,False,False,False,,1.0,0.0,0.13273001508295626,0.4053295932678822,0.6868978805394991,Lateral,0.3898550724637681,0.6647398843930635,Lateral,0.3536165327210103,0.7145200984413453,Lateral,False,False,False,,1.0,0.0,0.14848236259228875
E02000403,Haringey,Inner,3,2,0.1507128309572301,False,False,False,False,0.4418483904465213,0.8594377510040161,Counter-led,0.4622191967324711,0.6555109326193663,Lateral,0.4686450167973124,0.6982017200938233,Lateral,True,False,True,,0.6905615292712067,0.28872497365648053,0.12392494136043784,0.4949832775919732,0.8783783783783784,Symmetric,0.49281487743026203,0.6950646298472385,Lateral,0.4401024983984625,0.7504807692307692,Lateral,True,False,True,,0.7030567685589519,0.20709382151029748,0.18173076923076922
E02000404,Haringey,Inner,2,2,0.0437881873727087,False,False,False,False,0.4878765613519471,0.8038984051978736,Symmetric,0.4872881355932203,0.6969875959834613,Lateral,0.4883720930232558,0.734472049689441,Lateral,True,False,True,,0.6002886002886003,0.371900826446281,0.12370600414078675,0.4039965247610773,0.794889502762431,Counter-led,0.41281512605042014,0.6574585635359116,Lateral,0.3746978243352135,0.7144502014968336,Lateral,True,False,True,,0.5397849462365591,0.27448453608247425,0.16637881404720783
E02000405,Haringey,Inner,7,5,0.1578411405295315,False,False,False,False,0.4854910714285714,0.8607108549471661,Symmetric,0.48873873873873874,0.8530259365994236,Symmetric,0.4550387596899224,0.893970893970894,Counter-led,False,True,True,,0.5093696763202725,0.45092460881934565,0.2785862785862786,0.4542211652794292,0.841,Counter-led,0.45161290322580644,0.837,Counter-led,0.3745644599303135,0.8756674294431731,Counter-led,False,False,False,,0.3395348837209302,0.5125348189415042,0.2372234935163997
E02000406,Haringey,Inner,2,1,0.0081466395112016,False,False,False,False,0.4529074529074529,0.781190019193858,Lateral,0.4531392174704277,0.7031349968010236,Lateral,0.4615384615384615,0.748099891422367,Lateral,False,False,False,,1.0,0.0,0.15146579804560262,0.4674556213017751,0.7661917098445595,Lateral,0.44982993197278914,0.7616580310880829,Counter-led,0.4113381674357284,0.8047745358090186,Counter-led,True,False,True,,1.0,0.0,0.18090185676392573
E02000407,Haringey,Inner,1,1,0.0020366598778004,False,False,False,False,0.4322519083969465,0.6139425893380199,Lateral,0.4244244244244244,0.5852372583479789,Lateral,0.4269293924466338,0.632398753894081,Lateral,False,False,False,,1.0,0.0,0.11370716510903427,0.3680688336520076,0.6312613156306578,Lateral,0.3761105626850938,0.6113458056729029,Lateral,0.3448806774441878,0.6685537828100875,Lateral,False,False,False,,1.0,0.0,0.1471950591868245
E02000408,Haringey,Inner,1,1,0.0244399185336048,False,False,False,False,0.5773624091381101,0.6216914138153647,Lateral,0.5767195767195767,0.6100710135571337,Lateral,0.5823817292006526,0.6699453551912569,Lateral,False,False,False,,1.0,0.0,0.153551912568306,0.4341279799247177,0.6187888198757764,Lateral,0.43638676844783714,0.610248447204969,Lateral,0.4034917555771096,0.6725375081539465,Lateral,False,False,False,,1.0,0.0,0.1598173515981735
E02000409,Haringey,Inner,1,1,-0.0498981670061099,False,False,False,False,0.4682440846824408,0.6571194762684124,Lateral,0.4738219895287958,0.6252045826513911,Lateral,0.4627329192546583,0.6783707865168539,Lateral,False,False,False,,1.0,0.0,0.14185393258426968,0.4534606205250596,0.704793944491169,Lateral,0.45512010113780027,0.6652649285113541,Lateral,0.4011571841851494,0.7226480836236934,Lateral,False,False,False,,1.0,0.0,0.17142857142857143
E02000410,Haringey,Inner,8,6,0.1323828920570264,False,False,False,False,0.4601398601398601,0.8698296836982968,Counter-led,0.46643598615916954,0.8789537712895377,Counter-led,0.4664359861591695,0.6871136471707086,Lateral,False,True,True,,0.12314540059347182,0.8845654993514915,0.21825962910128388,0.4644194756554307,0.8870431893687708,Counter-led,0.4749536178107607,0.8953488372093024,Counter-led,0.4749536178107607,0.6451226810293238,Lateral,False,True,True,,0.115234375,0.8551236749116607,0.27947336923997607
E02000411,Haringey,Inner,2,2,0.0081466395112016,False,False,False,False,0.4640804597701149,0.8246445497630331,Counter-led,0.4785772029102668,0.7328199052132701,Counter-led,0.4942805538832029,0.7864583333333334,Symmetric,False,True,True,,0.5907429963459196,0.3392857142857143,0.20075757575757575,0.4757074212493326,0.8262020291133657,Counter-led,0.47099621689785626,0.6996029995588884,Lateral,0.5110837438423645,0.7815206929740135,Symmetric,True,True,True,,0.7060240963855422,0.3089840470193115,0.27269810715431503
E02000412,Haringey,Inner,1,1,0.0590631364562118,False,False,False,False,0.4623803009575923,0.8104212860310421,Counter-led,0.4616519174041298,0.7516629711751663,Counter-led,0.4811858608893957,0.7965485921889192,Symmetric,False,True,True,,1.0,0.0,0.1807447774750227,0.4792225201072386,0.8405633802816901,Counter-led,0.47703180212014135,0.7971830985915493,Counter-led,0.4595628415300546,0.8356164383561644,Counter-led,False,False,False,,1.0,0.0,0.18949771689497716
E02000413,Haringey,Inner,7,5,0.0672097759674134,False,False,False,False,0.4311708860759494,0.8460508701472557,Counter-led,0.43106180665610144,0.8447121820615796,Counter-led,0.4363859864781807,0.8752017213555675,Counter-led,False,False,False,,0.5619718309859155,0.4580152671755725,0.1963421194190425,0.4929435483870967,0.8336134453781513,Symmetric,0.5035897435897436,0.819327731092437,Symmetric,0.4225972120322817,0.8637515842839036,Counter-led,False,True,True,,0.4583333333333333,0.38881829733163914,0.2458808618504436
E02000414,Haringey,Inner,2,2,0.0682281059063136,False,False,False,False,0.493103448275862,0.7997793712079426,Symmetric,0.49493374902572096,0.7076668505239934,Lateral,0.4872448979591837,0.7473784556720686,Lateral,True,False,True,,0.5497382198952879,0.4141791044776119,0.13584366062917064,0.4398111723052714,0.8034134007585335,Counter-led,0.44703770197486536,0.7041719342604298,Lateral,0.4216444132115249,0.7525118984664199,Lateral,True,False,True,,0.44166666666666665,0.3572296476306197,0.1634056054997356
E02000415,Haringey,Inner,2,2,0.125254582484725,False,False,False,False,0.4741980474198047,0.7810457516339869,Lateral,0.46496815286624205,0.6840958605664488,Lateral,0.481888745148771,0.7271872060206962,Lateral,False,False,False,,0.5838926174496645,0.33208489388264667,0.13640639698965193,0.4734576757532281,0.7880158281514981,Lateral,0.44283276450511944,0.6625211984171848,Lateral,0.4040870138431114,0.71759697256386,Lateral,False,False,False,,0.5742251223491027,0.34845132743362833,0.16319772942289498
E02000416,Haringey,Inner,4,3,-0.0580448065173115,False,False,False,False,0.5177631578947368,0.8951707891637221,Symmetric,0.5085348506401138,0.8280329799764429,Symmetric,0.4961111111111111,0.8604206500956023,Symmetric,False,False,False,,0.5845464725643897,0.40904079382579933,0.18833652007648183,0.4497041420118343,0.898936170212766,Counter-led,0.43862167982771,0.8232860520094563,Counter-led,0.3927410617551463,0.8606060606060606,Counter-led,False,False,False,,0.5668965517241379,0.41570026761819806,0.2111888111888112
E02000417,Haringey,Inner,7,5,0.1221995926680244,False,False,False,False,0.4903069466882068,0.8107400130975769,Symmetric,0.49724192277383766,0.831041257367387,Symmetric,0.4839275277615429,0.8689690198070086,Symmetric,False,False,False,,0.5157004830917874,0.48471121177802945,0.2244794311833418,0.4829268292682926,0.8239549839228296,Symmetric,0.47880539499036606,0.8344051446945338,Counter-led,0.4175293305728088,0.8755287009063444,Counter-led,True,False,True,,0.45950413223140496,0.43483412322274884,0.24833836858006042
E02000418,Haringey,Inner,7,5,0.1517311608961303,False,False,False,False,0.4912718204488778,0.8345473465140478,Symmetric,0.49002493765586036,0.8345473465140478,Symmetric,0.4335664335664335,0.8779739063699156,Counter-led,False,True,True,,0.3245967741935484,0.47685185185185186,0.2624712202609363,0.4839797639123103,0.8423295454545454,Symmetric,0.4855687606112054,0.8366477272727273,Symmetric,0.3820224719101123,0.8855721393034826,Counter-led,False,True,True,,0.3235294117647059,0.4709090909090909,0.29950248756218906
E02000419,Haringey,Inner,2,2,0.2169042769857433,False,False,False,False,0.5273942093541203,0.8009275775954334,Cascade-led,0.566027397260274,0.6510881198715662,Lateral,0.5652173913043478,0.7037261435928507,Lateral,True,False,True,,0.6656511805026657,0.2633663366336634,0.1508633747349288,0.4701385570950788,0.8059299191374663,Counter-led,0.4572722127900396,0.6804004620716211,Lateral,0.4223300970873786,0.7319121447028424,Lateral,True,False,True,,0.6332288401253918,0.34759358288770054,0.16117571059431524
E02000420,Haringey,Inner,1,1,-0.0173116089613034,False,False,False,False,0.4552429667519181,0.6266025641025641,Lateral,0.45694200351493847,0.6079059829059829,Lateral,0.4628040057224606,0.6557223264540337,Lateral,False,False,False,,1.0,0.0,0.12195121951219512,0.4225239616613419,0.6705945366898768,Lateral,0.4244426094137077,0.648634172469202,Lateral,0.3698206555349412,0.7113946326440828,Lateral,False,False,False,,1.0,0.0,0.17861856577210736
E02000421,Haringey,Inner,1,1,-0.0122199592668024,False,False,False,False,0.436958614051973,0.6546943919344675,Lateral,0.4340551181102362,0.6402016383112792,Lateral,0.4774907749077491,0.7035306334371755,Lateral,False,False,False,,1.0,0.0,0.17601246105919002,0.4514563106796116,0.6840066408411732,Lateral,0.44884488448844884,0.6707249584947427,Lateral,0.4196009389671361,0.7411918225315355,Lateral,False,False,False,,1.0,0.0,0.21400608960417572
E02000422,Haringey,Inner,1,1,0.164969450101833,False,False,False,False,0.5044802867383512,0.6384439359267735,Lateral,0.5124423963133641,0.6207093821510298,Lateral,0.4992503748125937,0.6680020030045067,Lateral,False,False,False,,1.0,0.0,0.12468703054581873,0.4035555555555555,0.704445835942392,Lateral,0.40417801998183467,0.6894176581089543,Lateral,0.3649122807017544,0.7418011452368558,Lateral,False,False,False,,1.0,0.0,0.16866215512753774
E02000423,Haringey,Inner,2,2,0.2637474541751528,False,False,False,False,0.5024154589371981,0.7596330275229358,Lateral,0.5113636363636364,0.6055045871559633,Lateral,0.5073572689817539,0.6639312231340367,Lateral,False,False,False,,0.6218097447795824,0.3058542413381123,0.14810472840953498,0.4593837535014005,0.7873842082046758,Lateral,0.44659498207885306,0.615350683722982,Lateral,0.4113436123348017,0.6755952380952381,Lateral,False,False,False,,0.5742971887550201,0.3058933582787652,0.1566220238095238
E02000424,Haringey,Inner,5,3,0.1486761710794297,False,False,False,False,0.4847920546244568,0.9560830860534124,Symmetric,0.47760115606936415,0.8213649851632048,Counter-led,0.4822419533851276,0.8568711364717071,Symmetric,True,True,False,,0.6685845799769851,0.4008574490889603,0.19876367094626723,0.491281273692191,0.9677182685253118,Symmetric,0.5066195939982348,0.8312545854732208,Symmetric,0.4215134459036898,0.8742482230727173,Counter-led,False,True,True,,0.5415430267062314,0.32432432432432434,0.2547840349917988
E02000425,Haringey,Inner,4,3,-0.0468431771894093,False,False,False,False,0.5235023041474655,0.940207972270364,Cascade-led,0.5279383429672447,0.8994800693240901,Cascade-led,0.5134228187919463,0.9113149847094801,Symmetric,False,True,True,,0.22058823529411764,0.5827586206896552,0.11773700305810397,0.4677276746242264,0.9432860717264387,Counter-led,0.4701627486437613,0.9224353628023353,Counter-led,0.4350152905198777,0.9336188436830836,Counter-led,False,False,False,,0.1704745166959578,0.6102841677943166,0.1441827266238401
E02000426,Haringey,Inner,7,6,0.0040733197556008,False,False,False,False,0.4600614439324116,0.8460038986354775,Counter-led,0.4260089686098655,0.8693957115009746,Counter-led,0.4260089686098655,0.707936507936508,Lateral,False,True,True,,0.22280701754385965,0.8020833333333334,0.18571428571428572,0.504,0.8605851979345955,Symmetric,0.4938650306748466,0.8416523235800344,Symmetric,0.4938650306748466,0.6363044892648015,Lateral,False,True,True,,0.23395445134575568,0.7858585858585858,0.24398178269355889
E02000427,Haringey,Inner,3,2,0.0672097759674134,False,False,False,False,0.5019875070982396,0.8474494706448508,Symmetric,0.48936170212765956,0.6333012512030799,Lateral,0.5101351351351351,0.6997635933806147,Lateral,True,False,True,,0.7494481236203091,0.27586206896551724,0.18124507486209615,0.4923076923076923,0.8637873754152824,Symmetric,0.4780966767371601,0.6283815851922164,Lateral,0.4289709172259507,0.6954492415402567,Lateral,True,False,True,,0.6779661016949152,0.22233104799216455,0.18047452353169974
E02000428,Haringey,Inner,1,1,0.1079429735234215,False,False,False,False,0.4715772618094475,0.7291301809690601,Lateral,0.47493837304847986,0.7104495037945125,Lateral,0.4894319682959049,0.7532338308457711,Symmetric,False,True,True,,1.0,0.0,0.14776119402985075,0.4047945205479452,0.7167403043691704,Lateral,0.4086773967809657,0.7015218458517427,Lateral,0.3982683982683982,0.752442996742671,Lateral,False,False,False,,1.0,0.0,0.17060260586319217
E02000429,Haringey,Inner,7,5,0.0967413441955193,False,False,False,False,0.4571230982019363,0.8505882352941176,Counter-led,0.4454664914586071,0.8952941176470588,Counter-led,0.4423754403623553,0.917782909930716,Counter-led,False,False,False,,0.4243458475540387,0.5370036101083032,0.21478060046189376,0.4569842738205365,0.8661858974358975,Counter-led,0.44770642201834865,0.8733974358974359,Counter-led,0.3933026920551543,0.9060083283759667,Counter-led,False,False,False,,0.3823038397328882,0.47943722943722944,0.2575847709696609
E02000430,Haringey,Inner,6,4,0.2097759674134419,False,False,False,False,0.4497705252422233,0.9427884615384616,Counter-led,0.44513137557959814,0.9331730769230769,Counter-led,0.4648170486529955,0.9470677837014471,Counter-led,False,False,False,,0.5034602076124568,0.5830202854996244,0.2079207920792079,0.4648464163822525,0.9161976235146968,Counter-led,0.46473029045643155,0.9043151969981238,Counter-led,0.4023103967855349,0.9286380597014925,Counter-led,False,False,False,,0.4019975031210986,0.4815126050420168,0.25419776119402987
E02000431,Haringey,Inner,8,6,0.0274949083503055,False,False,False,False,0.4586330935251798,0.9021092482422932,Counter-led,0.45830797321972,0.8885884261763115,Counter-led,0.45830797321972,0.6797683078196111,Lateral,False,True,True,,0.1752988047808765,0.8662921348314607,0.23500206868018203,0.499271137026239,0.9038208168642952,Symmetric,0.496301775147929,0.8906455862977603,Symmetric,0.496301775147929,0.6640471512770137,Lateral,False,True,True,,0.13561847988077497,0.8649045521292217,0.2544204322200393
E02000432,Haringey,Inner,4,3,0.065173116089613,False,False,False,False,0.4820987654320988,0.8886450905101481,Symmetric,0.4814077025232404,0.8261108063631377,Symmetric,0.4768280123583934,0.8596724214254094,Counter-led,False,True,True,,0.48488120950323976,0.514763779527559,0.19300575475874282,0.5108924806746311,0.8719362745098039,Symmetric,0.515695067264574,0.8198529411764706,Symmetric,0.4687675858187957,0.8580395943988411,Counter-led,False,True,True,,0.43577430972388953,0.4671610169491525,0.21197489135683245
E02000433,Harrow,Outer,9,8,-0.075356415478615,False,False,False,False,0.5115646258503401,0.7696335078534031,Lateral,0.5136674259681093,0.9193717277486911,Symmetric,0.5468986384266263,0.9449606862044317,Cascade-led,True,True,True,,0.0318118948824343,0.9616026711185309,0.3173695496783417,0.3661581137309292,0.7769396551724138,Lateral,0.3595238095238095,0.9051724137931034,Counter-led,0.489780469341408,0.9375443577004968,Symmetric,True,True,True,,0.030911901081916538,0.9525222551928784,0.34137686302342085
E02000434,Harrow,Outer,9,7,-0.0835030549898167,False,False,False,False,0.3461900282220131,0.8246702870442203,Counter-led,0.3974576271186441,0.9154383242823895,Counter-led,0.4685138539042821,0.9357690041249264,Counter-led,False,False,False,,0.1693548387096774,0.9016587677725119,0.24042427813789038,0.518840579710145,0.8286629303442754,Symmetric,0.5082393755420642,0.923138510808647,Symmetric,0.5761266747868453,0.9447640966628308,Cascade-led,False,True,True,,0.11416490486257928,0.7959770114942529,0.2813578826237054
E02000435,Harrow,Outer,6,5,-0.0478615071283095,False,False,False,False,0.4733727810650887,0.9066523605150214,Counter-led,0.4293628808864266,0.7746781115879828,Counter-led,0.4162976085031001,0.8431665421956684,Counter-led,False,False,False,,0.8404255319148937,0.251896813353566,0.3039581777445855,0.5030750307503075,0.8751345532831001,Symmetric,0.4899598393574297,0.8040904198062433,Symmetric,0.4302925989672977,0.8645833333333334,Counter-led,False,True,True,,0.77,0.19184290030211482,0.3087797619047619
E02000436,Harrow,Outer,10,9,-0.0132382892057025,True,False,False,False,0.4640776699029126,0.8940972222222222,Counter-led,0.48148148148148145,0.9375,Symmetric,0.5743944636678201,0.9601328903654485,Cascade-led,True,True,True,,0.03413654618473896,0.989159891598916,0.36212624584717606,0.5207877461706784,0.8856589147286822,Cascade-led,0.52,0.9205426356589147,Symmetric,0.61003861003861,0.9498777506112469,Cascade-led,True,True,False,Cascade,0.014767932489451477,0.976897689768977,0.3691931540342298
E02000437,Harrow,Outer,8,6,-0.0570264765784114,False,False,False,False,0.3936651583710407,0.8599221789883269,Counter-led,0.4,0.8998054474708171,Counter-led,0.4,0.6437021572720947,Lateral,False,True,True,,0.34864864864864864,0.6972972972972973,0.28462073764787754,0.4714611872146119,0.8812877263581489,Counter-led,0.477124183006536,0.9235412474849095,Counter-led,0.477124183006536,0.6317962835512733,Lateral,False,True,True,,0.3744292237442922,0.7375,0.31589814177563663
E02000438,Harrow,Outer,7,5,-0.0509164969450101,False,False,False,False,0.4858437146092865,0.8821178821178821,Symmetric,0.5053254437869823,0.8441558441558441,Symmetric,0.4471544715447154,0.8874458874458875,Counter-led,False,True,True,,0.8072727272727273,0.2647058823529412,0.2777777777777778,0.4471032745591939,0.8621064060803475,Counter-led,0.4564102564102564,0.8469055374592834,Counter-led,0.3827671913835957,0.8954005934718101,Counter-led,False,False,False,,0.7077922077922078,0.30604026845637583,0.3167655786350148
E02000439,Harrow,Outer,7,5,-0.0641547861507129,False,False,False,False,0.4591406908171861,0.8779585798816568,Counter-led,0.43795620437956206,0.8106508875739645,Counter-led,0.4117221418234443,0.8437118437118437,Counter-led,False,False,False,,0.5430579964850615,0.3899138991389914,0.1746031746031746,0.4528985507246377,0.8881737731295254,Counter-led,0.4502415458937198,0.83266291230893,Counter-led,0.3758526603001364,0.8757467144563919,Counter-led,False,False,False,,0.5898366606170599,0.29508196721311475,0.2574671445639188
E02000440,Harrow,Outer,9,8,-0.0183299389002037,True,False,False,False,0.4501084598698481,0.8254252461951657,Counter-led,0.4701923076923077,0.9310653536257834,Counter-led,0.5484550561797753,0.9487008660892738,Cascade-led,False,True,True,,0.023047375160051217,0.9657853810264385,0.2558294470353098,0.521181001283697,0.7965235173824131,Cascade-led,0.5099778270509978,0.9222903885480572,Symmetric,0.6092916984006093,0.9452843772498201,Cascade-led,True,True,False,Cascade,0.01125,0.9181286549707602,0.2958963282937365
E02000441,Harrow,Outer,8,6,-0.0641547861507128,False,False,False,False,0.4941002949852507,0.7695800227014756,Lateral,0.5,0.8013620885357549,Symmetric,0.5,0.5772690106295993,Lateral,True,True,False,,0.6175637393767706,0.5212464589235127,0.2796402289452167,0.4114832535885167,0.8304635761589404,Counter-led,0.4264487369985141,0.8913907284768212,Counter-led,0.4264487369985141,0.5776824034334764,Lateral,False,True,True,,0.5609756097560976,0.6321243523316062,0.351931330472103
E02000442,Harrow,Outer,8,6,-0.0142566191446028,False,False,False,False,0.4524010109519797,0.8306508047585724,Counter-led,0.47289866457187746,0.8908327501749476,Counter-led,0.4728986645718774,0.776693105552166,Counter-led,False,False,False,,0.2724252491694352,0.6512667660208644,0.12812690665039658,0.4452359750667854,0.8443609022556391,Counter-led,0.44873949579831934,0.8947368421052632,Counter-led,0.4487394957983193,0.6995884773662552,Lateral,False,True,True,,0.2883895131086142,0.7179878048780488,0.21810699588477367
E02000443,Harrow,Outer,5,4,-0.0173116089613034,False,False,False,False,0.5067615658362989,0.928005284015852,Symmetric,0.5016420361247947,0.8044914134742405,Symmetric,0.4604922279792746,0.8391304347826087,Counter-led,False,True,True,,0.8649789029535865,0.14645858343337334,0.17717391304347826,0.5260663507109005,0.8833732057416268,Cascade-led,0.4828358208955224,0.8014354066985646,Symmetric,0.4044823906083244,0.8495013599274706,Counter-led,True,True,True,,0.8535620052770448,0.17025089605734767,0.24206708975521304
E02000444,Harrow,Outer,8,7,0.0427698574338085,False,False,False,False,0.4323394495412844,0.8180112570356473,Counter-led,0.5,0.8405253283302064,Symmetric,0.5602409638554217,0.8723723723723724,Cascade-led,True,True,True,,0.10291858678955453,0.8062622309197651,0.1996996996996997,0.4934497816593886,0.7842465753424658,Lateral,0.5334608030592735,0.8955479452054794,Cascade-led,0.595821325648415,0.919205298013245,Cascade-led,True,False,True,,0.056831922611850064,0.8663101604278075,0.22649006622516557
E02000445,Harrow,Outer,6,4,-0.0661914460285132,False,False,False,False,0.4814179531160663,0.9118873826903025,Symmetric,0.49538866930171277,0.7914494264859229,Symmetric,0.4565796483750666,0.8243302591128678,Counter-led,False,True,True,,0.8401400233372228,0.1303921568627451,0.15766359244620115,0.4833333333333333,0.9135200974421436,Symmetric,0.46965098634294383,0.8026796589524969,Counter-led,0.4007530930607854,0.8515803939532753,Counter-led,True,False,True,,0.8429530201342282,0.15888689407540396,0.2478240952817224
E02000447,Harrow,Outer,9,8,-0.0814663951120162,False,False,False,False,0.4641148325358851,0.8438761776581427,Counter-led,0.49632892804698975,0.9165545087483177,Symmetric,0.5616580310880829,0.9396299902629016,Cascade-led,True,True,True,,0.05166051660516605,0.8983451536643026,0.2765335929892892,0.4024390243902439,0.8631578947368421,Counter-led,0.384460141271443,0.9483253588516747,Counter-led,0.5,0.9628610729023384,Symmetric,False,True,True,,0.06142857142857143,0.9185714285714286,0.281292984869326
E02000448,Harrow,Outer,10,9,0.0264765784114052,False,False,False,False,0.4491392801251956,0.7517647058823529,Lateral,0.44954128440366975,0.8976470588235295,Counter-led,0.5194570135746607,0.927013422818792,Symmetric,True,True,True,,0.078397212543554,0.8775894538606404,0.28691275167785235,0.4408945686900958,0.7671568627450981,Lateral,0.44321329639889195,0.8848039215686274,Counter-led,0.5477064220183486,0.9206081081081081,Cascade-led,True,True,True,,0.06197654941373534,0.9006085192697769,0.3108108108108108
E02000449,Harrow,Outer,7,5,-0.044806517311609,False,False,False,False,0.4994753410283316,0.8711151736745887,Symmetric,0.4813979706877114,0.8107861060329068,Symmetric,0.4425645592163846,0.8443609022556391,Counter-led,False,True,True,,0.5050301810865191,0.329073482428115,0.1774436090225564,0.4653567735263702,0.9307025986525506,Counter-led,0.45274725274725275,0.875842155919153,Counter-led,0.3793388429752066,0.9036594473487677,Counter-led,False,False,False,,0.5446623093681917,0.2996005326231691,0.22404779686333084
E02000451,Harrow,Outer,10,10,-0.0213849287169042,False,False,False,False,0.4601626016260162,0.837874659400545,Counter-led,0.47099447513812154,0.9863760217983651,Counter-led,0.5306122448979592,0.98989898989899,Cascade-led,False,True,True,,0.0,1.0,0.2585858585858586,0.4235294117647059,0.8585858585858586,Counter-led,0.4268774703557312,0.9583333333333334,Counter-led,0.4901222953904045,0.9698905109489051,Symmetric,False,True,True,,0.0,1.0,0.2773722627737226
E02000452,Harrow,Outer,7,5,-0.0529531568228105,False,False,False,False,0.4791929382093317,0.8162635100360268,Counter-led,0.48293625241468124,0.7992794647452394,Symmetric,0.4533398821218075,0.8392415498763397,Counter-led,True,True,False,,0.5742145178764897,0.35489667565139266,0.19909315746084089,0.4634690462911321,0.7937140327578575,Counter-led,0.45671981776765375,0.7773351040283312,Counter-led,0.4044150110375276,0.8182803468208093,Counter-led,False,False,False,,0.5884279475982532,0.42031134173461826,0.18388728323699421
E02000453,Harrow,Outer,9,7,-0.0274949083503054,False,False,False,False,0.4681861348528015,0.8547077922077922,Counter-led,0.47231833910034604,0.9383116883116883,Counter-led,0.5010252904989747,0.9506172839506173,Symmetric,False,True,True,,0.13915416098226466,0.8013698630136986,0.19948018193632228,0.4546211490424646,0.8596993557623479,Counter-led,0.45625,0.9162491052254832,Counter-led,0.5311059907834101,0.9368591473286563,Cascade-led,False,True,True,,0.15184381778741865,0.7764127764127764,0.24608742579600648
E02000454,Harrow,Outer,10,10,-0.0071283095723013,False,False,False,False,0.4587525150905432,0.7362962962962963,Lateral,0.4740853658536585,0.9718518518518519,Counter-led,0.5628803245436106,0.981094527363184,Cascade-led,True,True,True,,0.0,1.0,0.3283582089552239,0.4626334519572954,0.6990049751243781,Lateral,0.5051282051282051,0.9701492537313433,Symmetric,0.5970915312232677,0.9798826487845766,Cascade-led,True,True,True,,0.0,1.0,0.32606873428331934
E02000455,Harrow,Outer,7,5,-0.0529531568228105,False,False,False,False,0.4764912280701754,0.7795404814004376,Lateral,0.47458840372226196,0.7642231947483589,Counter-led,0.4602487831260141,0.8109649122807018,Counter-led,True,False,True,,0.6462984723854289,0.31763527054108215,0.19824561403508772,0.4638682252922423,0.7805889672335131,Lateral,0.46378378378378377,0.7673164661965989,Counter-led,0.4116968064640246,0.8224683544303798,Counter-led,True,False,True,,0.6691588785046729,0.34139960758665794,0.2370253164556962
E02000456,Harrow,Outer,8,6,-0.0264765784114052,False,False,False,False,0.4954212454212454,0.8646080760095012,Symmetric,0.4911190053285968,0.8915281076801267,Symmetric,0.4911190053285968,0.6985111662531017,Lateral,False,True,True,,0.33634719710669075,0.6404886561954625,0.21650124069478907,0.4384525205158265,0.8590130916414904,Counter-led,0.43728813559322033,0.8912386706948641,Counter-led,0.4372881355932203,0.6281050390347764,Lateral,False,True,True,,0.37467700258397935,0.5843373493975904,0.29524485450674237
E02000457,Harrow,Outer,10,8,-0.0936863543788186,False,False,False,False,0.480327868852459,0.8591549295774648,Symmetric,0.4738562091503268,0.8619718309859155,Counter-led,0.5483870967741935,0.895187165775401,Cascade-led,True,True,True,,0.07407407407407407,0.8359788359788359,0.24064171122994651,0.5316129032258065,0.8857142857142857,Cascade-led,0.5159235668789809,0.8971428571428571,Symmetric,0.5796579657965797,0.9250624479600333,Cascade-led,True,True,False,,0.07919254658385093,0.8993576017130621,0.2714404662781016
E02000459,Harrow,Outer,7,5,-0.0957230142566191,False,False,False,False,0.5171875,0.807061790668348,Symmetric,0.5191693290734825,0.7894073139974779,Symmetric,0.4940213971050975,0.8263130525221009,Symmetric,False,False,False,,0.6471337579617834,0.376865671641791,0.1752470098803952,0.4452861952861953,0.8221453287197232,Counter-led,0.44529914529914527,0.8096885813148789,Counter-led,0.3959899749373433,0.8530197755211117,Counter-led,False,False,False,,0.6107594936708861,0.38381742738589214,0.22768572955638697
E02000460,Harrow,Outer,5,4,-0.0376782077393075,True,False,False,False,0.3830010493179433,0.9352306182531894,Counter-led,0.36923076923076925,0.8930323846908734,Counter-led,0.347982062780269,0.9109477124183006,Counter-led,False,False,False,Counter,0.8298969072164949,0.11416781292984869,0.16748366013071894,0.5010822510822511,0.879162702188392,Symmetric,0.4752475247524752,0.8648905803996194,Counter-led,0.4177215189873418,0.89900426742532,Counter-led,True,False,True,,0.8484848484848485,0.1644021739130435,0.2524893314366999
E02000461,Harrow,Outer,9,8,0.0030549898167006,False,False,False,False,0.4011299435028249,0.8747940691927513,Counter-led,0.4092526690391459,0.9258649093904449,Counter-led,0.4392688679245283,0.9496080627099664,Counter-led,False,False,False,,0.03758389261744966,0.953732912723449,0.3202687569988802,0.4866264020707506,0.9012441679626748,Symmetric,0.4863297431648716,0.9385692068429238,Symmetric,0.53125,0.9584866001050972,Cascade-led,False,True,True,,0.038183694530443756,0.9660818713450292,0.3242249080399369
E02000462,Harrow,Outer,8,6,-0.0926680244399185,False,False,False,False,0.4816017316017316,0.8741721854304636,Symmetric,0.4869927159209157,0.9091769157994324,Symmetric,0.4869927159209157,0.7369631901840491,Lateral,False,True,True,,0.18162393162393162,0.7018255578093306,0.18941717791411042,0.5005599104143337,0.9149590163934426,Symmetric,0.4994475138121547,0.9272540983606558,Symmetric,0.4994475138121547,0.7257417802726543,Lateral,False,True,True,,0.15486725663716813,0.7439293598233996,0.21732157177225342
E02000463,Harrow,Outer,7,5,-0.1109979633401222,False,False,False,False,0.5184713375796178,0.7764589515331355,Lateral,0.5070063694267516,0.7764589515331355,Symmetric,0.4491129785247432,0.825751734772552,Counter-led,True,True,True,,0.656964656964657,0.2677966101694915,0.220508866615266,0.4481830417227456,0.8357705286839145,Counter-led,0.4307479224376731,0.81214848143982,Counter-led,0.3641912512716175,0.8547826086956521,Counter-led,False,False,False,,0.5782122905027933,0.304,0.22695652173913045
E02000464,Havering,Outer,4,3,-0.0896130346232179,False,False,False,False,0.4935897435897436,0.8125,Symmetric,0.49099099099099097,0.7708333333333334,Symmetric,0.4172876304023845,0.8356164383561644,Counter-led,False,True,True,,0.75,0.2864450127877238,0.28268991282689915,0.4603448275862069,0.7934336525307798,Counter-led,0.4681238615664845,0.7510259917920656,Counter-led,0.3502762430939226,0.8325666973321068,Counter-led,False,False,False,,0.8296529968454258,0.22448979591836735,0.32750689972401104
E02000465,Havering,Outer,4,3,-0.1211812627291242,False,False,False,False,0.3813682678311499,0.8207885304659498,Counter-led,0.38621794871794873,0.7455197132616488,Counter-led,0.3877068557919622,0.7988668555240793,Counter-led,False,False,False,,0.7804878048780488,0.3030888030888031,0.2096317280453258,0.46,0.8284023668639053,Counter-led,0.46923076923076923,0.7692307692307693,Counter-led,0.3671232876712328,0.8488372093023255,Counter-led,False,False,False,,0.8731343283582089,0.22077922077922077,0.3449612403100775
E02000466,Havering,Outer,6,4,-0.1018329938900203,False,False,False,False,0.5037593984962406,0.9637681159420288,Symmetric,0.5129198966408268,0.9347826086956522,Symmetric,0.4518371400198609,0.9491046182846371,Counter-led,False,True,True,,0.6791208791208792,0.31521739130434784,0.21960414703110273,0.4506493506493506,0.9541511771995044,Counter-led,0.4582763337893297,0.9058240396530359,Counter-led,0.3724624889673433,0.9371381306865177,Counter-led,False,False,False,,0.7654028436018957,0.27566807313642755,0.3325062034739454
E02000467,Havering,Outer,2,2,-0.1272912423625254,False,False,False,False,0.4605504587155963,0.9388458225667528,Counter-led,0.4574162679425837,0.9000861326442722,Counter-led,0.4317147192716237,0.9191073919107392,Counter-led,False,False,False,,0.961335676625659,0.07343124165554073,0.1903765690376569,0.4946808510638298,0.9345484672742336,Symmetric,0.4805318138651472,0.8724109362054681,Symmetric,0.4,0.9066100667070952,Counter-led,False,True,True,,0.9715719063545151,0.07357859531772576,0.26804123711340205
E02000468,Havering,Outer,7,5,-0.0865580448065173,True,False,False,False,0.3918629550321199,0.7412698412698413,Lateral,0.3905579399141631,0.7396825396825397,Counter-led,0.3680649526387009,0.8183831672203765,Counter-led,True,False,True,Counter,0.5367647058823529,0.4004282655246253,0.3023255813953488,0.3562231759656652,0.8242924528301887,Counter-led,0.3577586206896552,0.8207547169811321,Counter-led,0.2840501792114695,0.8801261829652997,Counter-led,False,False,False,Counter,0.4921135646687697,0.38423028785982477,0.3312302839116719
E02000469,Havering,Outer,4,3,-0.1181262729124236,False,False,False,False,0.5309734513274337,0.795774647887324,Cascade-led,0.527831094049904,0.7338028169014085,Cascade-led,0.4729729729729729,0.7965554359526372,Counter-led,False,True,True,,0.8314285714285714,0.30512820512820515,0.2357373519913886,0.5018007202881153,0.8796198521647307,Symmetric,0.4899244332493703,0.8384371700105596,Symmetric,0.4258064516129032,0.8764135702746365,Counter-led,False,True,True,,0.7077922077922078,0.29052969502407705,0.23505654281098545
E02000470,Havering,Outer,9,7,-0.0458248472505091,False,False,False,False,0.4113821138211382,0.7925257731958762,Counter-led,0.44342105263157894,0.979381443298969,Counter-led,0.5125673249551167,0.9858407079646018,Symmetric,False,True,True,,0.2031523642732049,0.7863720073664825,0.31327433628318585,0.350597609561753,0.8338870431893688,Counter-led,0.37191011235955057,0.9856035437430787,Counter-led,0.5305574210879785,0.9913448735019973,Cascade-led,False,True,True,,0.16962025316455695,0.8054363376251789,0.3988015978695073
E02000471,Havering,Outer,10,9,-0.0356415478615071,False,False,False,False,0.4423791821561338,0.9259896729776248,Counter-led,0.44244604316546765,0.9569707401032702,Counter-led,0.5387409200968523,0.9706227967097533,Cascade-led,False,True,True,,0.01348314606741573,0.979002624671916,0.3172737955346651,0.2912,0.9370314842578712,Counter-led,0.28923076923076924,0.974512743628186,Counter-led,0.4644970414201183,0.9835111542192047,Counter-led,False,False,False,,0.006369426751592357,0.9650092081031307,0.3530552861299709
E02000472,Havering,Outer,9,7,-0.0437881873727088,False,False,False,False,0.4057142857142857,0.9174311926605504,Counter-led,0.4037685060565276,0.9737876802096985,Counter-led,0.4851485148514851,0.9805825242718447,Symmetric,False,True,True,,0.09387755102040816,0.8557692307692307,0.25922330097087376,0.3641364136413641,0.9144869215291752,Counter-led,0.3649484536082474,0.9758551307847082,Counter-led,0.5085227272727273,0.9832402234636871,Symmetric,False,True,True,,0.07681564245810056,0.838150289017341,0.3058659217877095
E02000473,Havering,Outer,9,8,-0.0509164969450101,False,False,False,False,0.330945558739255,0.7825112107623319,Lateral,0.3452855245683931,0.844170403587444,Counter-led,0.4654454621149042,0.8962686567164179,Counter-led,True,False,True,,0.08944543828264759,0.883177570093458,0.33432835820895523,0.3593947036569987,0.7721518987341772,Lateral,0.37729357798165136,0.8490749756572541,Counter-led,0.5104456824512534,0.9025769956002514,Symmetric,True,True,True,,0.06684856753069578,0.9018492176386913,0.35449402891263354
E02000474,Havering,Outer,7,5,-0.1069246435845213,True,False,False,False,0.4414758269720101,0.7782178217821782,Lateral,0.44387755102040816,0.7762376237623763,Counter-led,0.4059590316573557,0.8261538461538461,Counter-led,True,False,True,,0.5688073394495413,0.43260188087774293,0.2230769230769231,0.3894348894348894,0.7910592808551993,Lateral,0.3893805309734513,0.7687074829931972,Counter-led,0.3241206030150754,0.8337988826815642,Counter-led,True,False,True,Counter,0.5297157622739018,0.40892193308550184,0.2814245810055866
E02000475,Havering,Outer,9,8,-0.0173116089613034,False,False,False,False,0.4107142857142857,0.8109028960817717,Counter-led,0.40656063618290256,0.8568994889267462,Counter-led,0.4828791055206149,0.8949343339587242,Symmetric,False,True,True,,0.1808972503617945,0.827027027027027,0.26579111944965605,0.4033613445378151,0.8087378640776699,Counter-led,0.41123595505617977,0.8640776699029126,Counter-led,0.5401882693700217,0.9079552925706772,Cascade-led,False,True,True,,0.12734584450402145,0.8724409448818897,0.3228139381985536
E02000476,Havering,Outer,5,3,-0.0193482688391038,False,False,False,False,0.484181568088033,0.9368556701030928,Symmetric,0.48560885608856086,0.8730670103092784,Symmetric,0.4516829533116178,0.9033840117704757,Counter-led,False,True,True,,0.8581730769230769,0.2089108910891089,0.2388425698871996,0.4534120734908136,0.9465838509316772,Counter-led,0.46373779637377965,0.8906832298136645,Counter-led,0.4083743842364532,0.9202175883952856,Counter-led,False,False,False,,0.8154402895054282,0.24229808492922564,0.2701722574796011
E02000477,Havering,Outer,10,9,0.0081466395112015,False,False,False,False,0.4327044025157233,0.8833333333333333,Counter-led,0.4444444444444444,0.93,Counter-led,0.5309882747068677,0.9498806682577565,Cascade-led,False,True,True,,0.026813880126182965,0.9803571428571428,0.2840095465393795,0.3764845605700712,0.8707342295760083,Counter-led,0.36906077348066296,0.9358841778697001,Counter-led,0.5171919770773639,0.9574759945130316,Symmetric,False,True,True,,0.012465373961218837,0.9347181008902077,0.33676268861454045
E02000478,Havering,Outer,10,9,-0.0040733197556007,False,False,False,False,0.4229828850855746,0.8503118503118503,Counter-led,0.4469525959367946,0.920997920997921,Counter-led,0.5288461538461539,0.9503916449086162,Cascade-led,False,True,True,,0.05454545454545454,0.9766763848396501,0.3720626631853786,0.3498452012383901,0.7955665024630542,Counter-led,0.35919540229885055,0.8571428571428571,Counter-led,0.5198098256735341,0.9158200290275762,Symmetric,False,True,True,,0.03048780487804878,0.976897689768977,0.4107402031930334
E02000479,Havering,Outer,7,5,-0.0753564154786151,False,False,False,False,0.4016172506738544,0.8522205206738132,Counter-led,0.4053811659192825,0.8537519142419602,Counter-led,0.4289655172413793,0.8836075563680682,Counter-led,False,False,False,,0.639871382636656,0.4323671497584541,0.2041438147471054,0.4012345679012346,0.8432010409889394,Counter-led,0.39751552795031053,0.8379960962914769,Counter-led,0.342495876855415,0.8795938104448743,Counter-led,False,False,False,,0.5296950240770465,0.3979933110367893,0.2567698259187621
E02000480,Havering,Outer,7,5,-0.1496945010183299,False,False,False,False,0.4182648401826484,0.8171641791044776,Counter-led,0.42014519056261346,0.8223880597014925,Counter-led,0.3963660834454912,0.8619489559164734,Counter-led,False,False,False,,0.5093378607809848,0.4938684503901895,0.22273781902552203,0.3750731421884142,0.8439506172839506,Counter-led,0.37943056362579897,0.8498765432098765,Counter-led,0.3396684189243833,0.8905293482175008,Counter-led,False,False,False,,0.4857142857142857,0.47030006123698714,0.2707958228303925
E02000481,Havering,Outer,10,8,-0.0346232179226069,False,False,False,False,0.3785310734463277,0.7209775967413442,Lateral,0.43882978723404253,0.7657841140529531,Counter-led,0.5258855585831063,0.8645465253239105,Cascade-led,True,True,True,,0.20984455958549222,0.8390804597701149,0.4216725559481743,0.3429844097995546,0.740924092409241,Lateral,0.3727087576374745,0.8102310231023102,Counter-led,0.542016806722689,0.8922211808809747,Cascade-led,True,True,True,,0.14147286821705427,0.8096330275229358,0.4320524835988753
E02000482,Havering,Outer,10,10,-0.0010183299389001,False,False,False,False,0.4367088607594936,0.6345381526104418,Lateral,0.45727482678983833,0.8694779116465864,Counter-led,0.5186781609195402,0.9145860709592641,Symmetric,True,True,True,,0.0,1.0,0.3455978975032852,0.3988439306358382,0.6961770623742455,Lateral,0.4039301310043668,0.9215291750503019,Counter-led,0.5463087248322148,0.9502551020408163,Cascade-led,True,True,True,,0.0,1.0,0.36607142857142855
E02000483,Havering,Outer,8,6,-0.015274949083503,False,False,False,False,0.4055068836045056,0.923699421965318,Counter-led,0.405,0.9248554913294798,Counter-led,0.405,0.6546644844517185,Lateral,False,True,True,,0.5802469135802469,0.5336134453781513,0.29214402618657936,0.4180929095354523,0.92638731596829,Counter-led,0.4197080291970803,0.9309173272933182,Counter-led,0.4197080291970803,0.6367157242447715,Lateral,False,True,True,,0.5884057971014492,0.59958071278826,0.3160340821068939
E02000484,Havering,Outer,9,8,-0.0478615071283096,False,False,False,False,0.4550359712230216,0.8298507462686567,Counter-led,0.44851657940663175,0.8552238805970149,Counter-led,0.5379310344827586,0.8996897621509824,Cascade-led,False,True,True,,0.10256410256410256,0.8930348258706468,0.30713547052740436,0.306477093206951,0.8022813688212928,Counter-led,0.3181126331811263,0.8326996197718631,Counter-led,0.4957102001906577,0.8882303132938189,Symmetric,False,True,True,,0.07115384615384615,0.8752362948960303,0.331922099915326
E02000485,Havering,Outer,9,8,0.0122199592668024,False,False,False,False,0.422360248447205,0.8621151271753681,Counter-led,0.4346456692913386,0.8500669344042838,Counter-led,0.5104166666666666,0.8955223880597015,Symmetric,False,True,True,,0.2163265306122449,0.8361702127659575,0.3031716417910448,0.4161331626120358,0.8479913137893594,Counter-led,0.42578125,0.8338762214983714,Counter-led,0.5229653505237711,0.8902439024390244,Cascade-led,False,True,True,,0.16024653312788906,0.8125,0.33931133428981347
E02000486,Havering,Outer,9,8,-0.0112016293279022,False,False,False,False,0.4288321167883211,0.817910447761194,Counter-led,0.43454545454545457,0.8208955223880597,Counter-led,0.5124378109452736,0.8701298701298701,Symmetric,False,True,True,,0.11407766990291263,0.8647959183673469,0.2748917748917749,0.3683409436834094,0.8633377135348226,Counter-led,0.3683409436834094,0.8633377135348226,Counter-led,0.4757804090419806,0.8993223620522749,Counter-led,False,False,False,,0.10407239819004525,0.8829568788501027,0.2633107454017425
E02000487,Havering,Outer,10,10,-0.0112016293279022,False,False,False,False,0.4648910411622276,0.7361853832442068,Lateral,0.47283702213279677,0.8859180035650623,Counter-led,0.5635696821515892,0.927437641723356,Cascade-led,True,True,True,,0.0,1.0,0.36394557823129253,0.3687002652519894,0.699443413729128,Lateral,0.352,0.9276437847866419,Counter-led,0.5051311288483467,0.9574235807860262,Symmetric,True,True,True,,0.0,1.0,0.4115720524017467
E02000488,Havering,Outer,10,9,0.0040733197556007,False,False,False,False,0.4135188866799205,0.8525423728813559,Counter-led,0.40925925925925927,0.9152542372881356,Counter-led,0.4929032258064516,0.9393939393939394,Symmetric,False,True,True,,0.015706806282722512,0.9389312977099237,0.28484848484848485,0.2787401574803149,0.8819444444444444,Counter-led,0.2757619738751814,0.9569444444444445,Counter-led,0.423469387755102,0.9693372898120672,Counter-led,False,False,False,,0.016867469879518072,0.9557522123893806,0.2878338278931751
E02000489,Havering,Outer,8,6,-0.0549898167006109,False,False,False,False,0.4840255591054313,0.8917378917378918,Symmetric,0.4832,0.8903133903133903,Symmetric,0.4832,0.6517205422314911,Lateral,False,True,True,,0.304635761589404,0.6439628482972136,0.26798748696558916,0.3997509339975093,0.9032620922384702,Counter-led,0.39950372208436724,0.906636670416198,Counter-led,0.3995037220843672,0.6412092283214001,Lateral,False,True,True,,0.2826086956521739,0.7024793388429752,0.29276054097056486
E02000490,Havering,Outer,8,6,-0.0885947046843177,False,False,False,False,0.4496753246753247,0.9166666666666666,Counter-led,0.44894651539708263,0.9181547619047619,Counter-led,0.4489465153970826,0.6407061266874351,Lateral,False,True,True,,0.2851985559566787,0.7617647058823529,0.30218068535825543,0.4268774703557312,0.8961038961038961,Counter-led,0.42689295039164493,0.9043683589138135,Counter-led,0.4268929503916449,0.6288998357963875,Lateral,False,True,True,,0.22018348623853212,0.7767653758542141,0.3045977011494253
E02000491,Havering,Outer,5,3,-0.1364562118126273,False,False,False,False,0.4766355140186916,0.9339152119700748,Counter-led,0.48923959827833574,0.8690773067331671,Symmetric,0.4090909090909091,0.9078138718173837,Counter-led,True,True,False,,0.8699763593380615,0.2520458265139116,0.295873573309921,0.4134751773049645,0.951417004048583,Counter-led,0.43565147881694644,0.8441295546558705,Counter-led,0.3935372186959031,0.8823828920570265,Counter-led,False,False,False,,0.8768328445747801,0.38915318744053284,0.2454175152749491
E02000492,Havering,Outer,9,7,-0.1089613034623218,False,False,False,False,0.3503649635036496,0.9013157894736842,Counter-led,0.3265993265993266,0.9769736842105263,Counter-led,0.4716636197440585,0.9873646209386282,Counter-led,False,False,False,,0.03488372093023256,0.8581314878892734,0.45126353790613716,0.3326039387308533,0.8943248532289628,Counter-led,0.3486973947895792,0.9765166340508806,Counter-led,0.5069284064665127,0.9863325740318907,Symmetric,False,True,True,,0.0979498861047836,0.892271662763466,0.417995444191344
E02000493,Havering,Outer,6,4,-0.1344195519348269,False,False,False,False,0.4787985865724382,0.9417637271214644,Counter-led,0.4742647058823529,0.9051580698835274,Counter-led,0.4323258869908016,0.9303178484107579,Counter-led,False,False,False,,0.5775075987841946,0.3773148148148148,0.265281173594132,0.3821138211382114,0.9659685863874344,Counter-led,0.3917241379310345,0.9489528795811518,Counter-led,0.3345690454124189,0.9651162790697675,Counter-led,False,False,False,,0.592797783933518,0.3147632311977716,0.31663685152057247
E02000494,Hillingdon,Outer,10,9,-0.0407331975560082,False,False,False,False,0.4330218068535825,0.8305304010349288,Counter-led,0.44,0.8732212160413971,Counter-led,0.5231404958677686,0.9250764525993884,Cascade-led,False,True,True,,0.020537124802527645,0.9826689774696707,0.4090214067278288,0.3614649681528662,0.8590971272229823,Counter-led,0.3615733736762481,0.9042407660738714,Counter-led,0.4819700967458223,0.9420049710024855,Symmetric,False,True,True,,0.020072992700729927,0.9932088285229203,0.39436619718309857
E02000495,Hillingdon,Outer,8,7,0.0407331975560081,False,False,False,False,0.4780701754385965,0.837465564738292,Counter-led,0.46384297520661155,0.8888888888888888,Counter-led,0.5160891089108911,0.9303396660909614,Symmetric,False,True,True,,0.23621103117505995,0.7928388746803069,0.37305699481865284,0.4642464246424642,0.8241160471441523,Counter-led,0.45596868884540115,0.9265639165911151,Counter-led,0.5736389684813754,0.9556407447973713,Cascade-led,False,True,True,,0.15384615384615385,0.7916666666666666,0.395947426067908
E02000496,Hillingdon,Outer,7,5,-0.0621181262729124,False,False,False,False,0.4981549815498155,0.924914675767918,Symmetric,0.4981481481481482,0.9215017064846417,Symmetric,0.4288389513108614,0.9587073608617595,Counter-led,False,True,True,,0.7816593886462883,0.23114754098360657,0.473967684021544,0.5069860279441117,0.8978494623655914,Symmetric,0.5080645161290323,0.8888888888888888,Symmetric,0.3757225433526011,0.9436363636363636,Counter-led,False,True,True,,0.7871794871794872,0.20833333333333334,0.49272727272727274
E02000497,Hillingdon,Outer,8,6,-0.020366598778004,False,False,False,False,0.484504132231405,0.8439407149084568,Symmetric,0.4946025515210991,0.8884045335658239,Symmetric,0.4946025515210991,0.6757294429708223,Lateral,False,True,True,,0.6765873015873016,0.658252427184466,0.23938992042440319,0.4038727524204702,0.7927631578947368,Counter-led,0.4225352112676056,0.856359649122807,Counter-led,0.4225352112676056,0.5280594996619338,Lateral,False,True,True,,0.5424242424242425,0.541019955654102,0.38336713995943206
E02000498,Hillingdon,Outer,9,7,0.0274949083503054,True,False,False,False,0.5089285714285714,0.9003215434083601,Symmetric,0.5137614678899083,0.8762057877813505,Symmetric,0.5997610513739546,0.9157549234135668,Cascade-led,False,True,True,Cascade,0.2410358565737052,0.6895522388059702,0.31947483588621445,0.4597457627118644,0.87569573283859,Counter-led,0.4742489270386266,0.8645640074211502,Counter-led,0.5800756620428752,0.9157043879907621,Cascade-led,False,True,True,,0.1934782608695652,0.7777777777777778,0.37759815242494227
E02000499,Hillingdon,Outer,10,9,0.0305498981670061,False,False,False,False,0.4640657084188911,0.7214814814814815,Lateral,0.43992932862190814,0.8385185185185186,Counter-led,0.5509518477043673,0.8912175648702595,Cascade-led,True,True,True,,0.04065040650406504,0.9576059850374065,0.3263473053892216,0.3664596273291925,0.7198211624441133,Lateral,0.36496350364963503,0.8166915052160953,Counter-led,0.5339702760084926,0.8845070422535212,Cascade-led,True,True,True,,0.03578528827037773,0.9384965831435079,0.3699530516431925
E02000500,Hillingdon,Outer,10,9,0.0142566191446028,False,False,False,False,0.4553072625698324,0.7435098650051921,Lateral,0.4364508393285372,0.8660436137071651,Counter-led,0.5068273092369477,0.9061135371179039,Symmetric,True,True,True,,0.03486529318541997,0.9641693811074918,0.29912663755458513,0.4144645340751043,0.7789815817984832,Lateral,0.43276283618581907,0.886240520043337,Counter-led,0.5526914329037149,0.9262640449438202,Cascade-led,True,True,True,,0.0411522633744856,0.9949152542372881,0.3518258426966292
E02000501,Hillingdon,Outer,10,9,-0.010183299389002,False,False,False,False,0.4190140845070422,0.6977886977886978,Lateral,0.436046511627907,0.8452088452088452,Counter-led,0.5107843137254902,0.8900523560209425,Symmetric,True,True,True,,0.04798464491362764,0.9579158316633266,0.28970331588132636,0.4275568181818182,0.7489361702127659,Lateral,0.4375,0.8851063829787233,Counter-led,0.574468085106383,0.9215686274509803,Cascade-led,True,True,True,,0.027434842249657063,0.95,0.31735657225853303
E02000502,Hillingdon,Outer,9,7,0.0824847250509165,False,False,False,False,0.4321951219512195,0.937785910338518,Counter-led,0.4397590361445783,0.9112534309240622,Counter-led,0.518048128342246,0.9391086001255493,Symmetric,False,True,True,,0.22064516129032258,0.7808599167822469,0.31387319522912743,0.3765786452353616,0.9110878661087866,Counter-led,0.37891077636152953,0.9027196652719666,Counter-led,0.5306810519217802,0.940989847715736,Cascade-led,False,True,True,,0.1855146124523507,0.8189655172413793,0.3934010152284264
E02000503,Hillingdon,Outer,10,8,0.0305498981670061,False,False,False,False,0.4223227752639517,0.7525539160045402,Lateral,0.4200700116686114,0.9727582292849035,Counter-led,0.4694323144104803,0.9828326180257511,Counter-led,True,False,True,,0.13023255813953488,0.8161865569272977,0.3698140200286123,0.3685800604229607,0.7548460661345496,Lateral,0.3764705882352941,0.9692132269099202,Counter-led,0.5290819901892081,0.9814305364511692,Cascade-led,True,True,True,,0.11788079470198676,0.8154761904761905,0.39683631361760663
E02000504,Hillingdon,Outer,10,10,0.0,False,False,False,False,0.4294871794871794,0.7155963302752294,Lateral,0.46021840873634945,0.9801223241590215,Counter-led,0.5481410867492851,0.987758945386064,Cascade-led,True,True,True,,0.0,1.0,0.384180790960452,0.3215767634854772,0.8155668358714044,Counter-led,0.3423728813559322,0.9983079526226735,Counter-led,0.5156102175969726,0.999054820415879,Symmetric,False,True,True,,0.0,1.0,0.44139886578449905
E02000506,Hillingdon,Outer,10,9,0.0132382892057026,False,False,False,False,0.4666666666666667,0.8321479374110953,Counter-led,0.4750378214826021,0.9402560455192034,Counter-led,0.5372137404580153,0.9614678899082569,Cascade-led,False,True,True,,0.06394316163410302,0.9402061855670103,0.355045871559633,0.4168039538714991,0.8360881542699724,Counter-led,0.4339622641509434,0.9490358126721763,Counter-led,0.5245762711864407,0.9695973705834018,Cascade-led,False,True,True,,0.06785137318255251,0.9447415329768271,0.40345110928512734
E02000507,Hillingdon,Outer,8,7,0.0305498981670061,False,False,False,False,0.5015243902439024,0.8378033205619413,Symmetric,0.5170532060027285,0.9361430395913155,Symmetric,0.5735159817351598,0.9563318777292577,Cascade-led,False,True,True,,0.1305732484076433,0.8822269807280514,0.31615720524017465,0.4313099041533546,0.8575342465753425,Counter-led,0.4198250728862974,0.9397260273972603,Counter-led,0.5632286995515695,0.9620362381363244,Cascade-led,False,True,True,,0.10668789808917198,0.8726899383983573,0.3701466781708369
E02000508,Hillingdon,Outer,7,5,0.0458248472505091,True,False,False,False,0.5758327427356484,0.9282894736842106,Cascade-led,0.5771286070537941,0.9233552631578947,Cascade-led,0.6201271186440678,0.9529578033515042,Cascade-led,False,False,False,Cascade,0.5664502903997267,0.4255437813720022,0.38623056733292954,0.5596402033633164,0.9204463642908568,Cascade-led,0.5615141955835962,0.9128869690424766,Cascade-led,0.5310413059609201,0.9435239206534423,Cascade-led,False,False,False,,0.5309734513274337,0.47310126582278483,0.3516919486581097
E02000509,Hillingdon,Outer,4,3,0.2861507128309571,True,False,False,False,0.6253031527890056,0.906891495601173,Cascade-led,0.630716134598792,0.8497067448680352,Cascade-led,0.6116532721010333,0.8947098099640473,Cascade-led,False,False,False,Cascade,0.9338338808071328,0.1736881005173688,0.2994350282485876,0.6225448334756618,0.8928707586732749,Cascade-led,0.6299499317250796,0.8375905451772779,Cascade-led,0.5924447174447175,0.8843020097772949,Cascade-led,False,False,False,,0.9491964748574391,0.1650339110776187,0.28761542639869636
E02000510,Hillingdon,Outer,8,6,-0.0661914460285132,False,False,False,False,0.4384615384615384,0.8924485125858124,Counter-led,0.44344262295081965,0.9305873379099924,Counter-led,0.4434426229508196,0.6684931506849315,Lateral,False,True,True,,0.2698706099815157,0.8689248895434463,0.28164383561643835,0.4688149688149688,0.8923933209647495,Counter-led,0.48044132397191575,0.924860853432282,Symmetric,0.4804413239719157,0.6135384615384616,Lateral,True,True,True,,0.18580375782881003,0.8532818532818532,0.3366153846153846
E02000511,Hillingdon,Outer,8,6,-0.0478615071283095,False,False,False,False,0.4391217564870259,0.9109090909090908,Counter-led,0.44787644787644787,0.9418181818181818,Counter-led,0.4478764478764478,0.7134986225895317,Lateral,False,True,True,,0.11206896551724138,0.8968531468531469,0.24242424242424243,0.4424019607843137,0.8996692392502756,Counter-led,0.44219308700834326,0.9250275633958104,Counter-led,0.4421930870083432,0.595457771469127,Lateral,False,True,True,,0.1940700808625337,0.9038461538461539,0.35628105039034774
E02000512,Hillingdon,Outer,5,4,-0.1089613034623218,False,False,False,False,0.5330915684496826,0.8432721712538226,Cascade-led,0.5365402405180388,0.8264525993883792,Cascade-led,0.4798634812286689,0.8658392434988179,Counter-led,False,True,True,,0.5945945945945946,0.3963254593175853,0.22695035460992907,0.4704595185995623,0.8462962962962963,Counter-led,0.4760348583877996,0.85,Counter-led,0.4044943820224719,0.8917835671342685,Counter-led,False,False,False,,0.6481481481481481,0.33459119496855344,0.2785571142284569
E02000513,Hillingdon,Outer,3,2,-0.0468431771894093,False,False,False,False,0.4522028262676641,0.9072398190045248,Counter-led,0.457166392092257,0.9155354449472096,Counter-led,0.4192282537606278,0.9317489335770871,Counter-led,False,False,False,,0.9625585023400937,0.04842342342342342,0.19195612431444242,0.4846449136276392,0.9237588652482268,Symmetric,0.488394584139265,0.9166666666666666,Symmetric,0.3926592797783934,0.9388816644993498,Counter-led,False,True,True,,0.9682539682539683,0.02394526795895097,0.2665799739921977
E02000514,Hillingdon,Outer,7,5,-0.1028513238289206,False,False,False,False,0.5360059391239792,0.9315352697095436,Cascade-led,0.5362426035502958,0.9349930843706777,Cascade-led,0.4914353219137625,0.9473978735310576,Symmetric,False,True,True,,0.32091346153846156,0.562137049941928,0.19082260772243984,0.478017585931255,0.8954903364352184,Counter-led,0.4797136038186158,0.8997852541159628,Counter-led,0.4083431257344301,0.9239956568946797,Counter-led,False,False,False,,0.31366906474820144,0.46971201588877853,0.24158523344191096
E02000515,Hillingdon,Outer,5,4,-0.1466395112016293,False,False,False,False,0.588622754491018,0.8586118251928021,Cascade-led,0.5907729179149191,0.8580976863753214,Cascade-led,0.5328073089700996,0.8971684053651267,Cascade-led,False,False,False,,0.627435697583788,0.3635555555555556,0.27533532041728764,0.5551912568306011,0.8628005657708628,Cascade-led,0.535887749595251,0.8736445073078737,Cascade-led,0.4667157043030526,0.9102778707733512,Counter-led,False,True,True,,0.6572104018912529,0.40413793103448276,0.28992299966521595
E02000516,Hillingdon,Outer,5,4,-0.0315682281059063,False,False,False,False,0.4591002044989775,0.8631950573698146,Counter-led,0.47357512953367875,0.851721094439541,Counter-led,0.4158262218774243,0.8846945778997941,Counter-led,False,False,False,,0.4123134328358209,0.41832669322709165,0.22237474262182566,0.4264018691588785,0.8603015075376884,Counter-led,0.41615667074663404,0.821105527638191,Counter-led,0.3399826539462272,0.8662659654395192,Counter-led,False,False,False,,0.413265306122449,0.3088042049934297,0.25244177310293014
E02000517,Hillingdon,Outer,4,3,-0.0692464358452138,False,False,False,False,0.5158084914182475,0.8056768558951966,Symmetric,0.5113871635610766,0.7030567685589519,Lateral,0.4577846630518977,0.7598587404355504,Counter-led,True,True,True,,0.8121827411167513,0.1757142857142857,0.1912889935256033,0.5106609808102346,0.7632221318144833,Lateral,0.5141509433962265,0.6899918633034988,Lateral,0.4182481751824817,0.7824100513992005,Counter-led,False,True,True,,0.8045375218150087,0.12547051442910917,0.29811536264991434
E02000518,Hillingdon,Outer,4,3,-0.1191446028513238,False,False,False,False,0.5623100303951368,0.8259414225941423,Cascade-led,0.5771428571428572,0.7322175732217573,Cascade-led,0.5150040551500406,0.793947198969736,Symmetric,False,True,True,,0.8661417322834646,0.12040133779264214,0.23052157115260785,0.4875444839857651,0.7878504672897196,Lateral,0.4925575101488498,0.6906542056074766,Lateral,0.355808285946385,0.7880921895006402,Counter-led,False,True,True,,0.8904109589041096,0.12610340479192939,0.31498079385403327
E02000519,Hillingdon,Outer,4,3,-0.180244399185336,False,False,False,False,0.514018691588785,0.7739602169981917,Lateral,0.5027855153203342,0.6491862567811935,Lateral,0.4571984435797665,0.7259887005649718,Lateral,False,False,False,,0.8,0.13440860215053763,0.2189265536723164,0.4053691275167785,0.745,Lateral,0.4062968515742129,0.667,Lateral,0.3343313373253493,0.750561797752809,Lateral,False,False,False,,0.8059701492537313,0.17541229385307347,0.250936329588015
E02000520,Hillingdon,Outer,4,3,-0.0621181262729124,False,False,False,False,0.5217678100263852,0.7908189880020866,Cascade-led,0.5480314960629922,0.6624934793948879,Lateral,0.4853286384976525,0.7247979583156103,Lateral,True,False,True,,0.8162031438935913,0.1733181299885975,0.18460229689493832,0.4701069855254877,0.8033367037411526,Counter-led,0.47701149425287354,0.7037411526794742,Lateral,0.3659770114942529,0.7877580586743933,Counter-led,True,True,False,,0.7889447236180904,0.11602610587382162,0.2835929011227816
E02000521,Hillingdon,Outer,3,2,-0.0173116089613034,False,False,False,False,0.5706254392129304,0.935568704799474,Cascade-led,0.5773638968481375,0.9178172255095332,Cascade-led,0.531403604587657,0.9360940695296524,Cascade-led,False,False,False,,0.9856115107913669,0.029137529137529136,0.2223926380368098,0.5268048606147248,0.9308050565535596,Cascade-led,0.5320374370050396,0.9241516966067864,Cascade-led,0.4417952314165498,0.9494007989347537,Counter-led,False,True,True,,0.9841269841269841,0.023450586264656615,0.33288948069241014
E02000522,Hillingdon,Outer,5,3,-0.0580448065173115,False,False,False,False,0.4973204715969989,0.8077922077922078,Symmetric,0.5290482076637825,0.7004329004329004,Lateral,0.4520222045995242,0.7846919726197884,Counter-led,True,True,True,,0.8649122807017544,0.16353111432706222,0.28126944617299315,0.5023980815347722,0.7554347826086957,Lateral,0.5230582524271845,0.7463768115942029,Lateral,0.414176511466296,0.8371146015125073,Counter-led,False,True,True,,0.837248322147651,0.11981020166073547,0.35776614310645727
E02000523,Hillingdon,Outer,6,4,0.0010183299389002,False,False,False,False,0.4935064935064935,0.9316394434361768,Symmetric,0.4923525127458121,0.8306110102843315,Symmetric,0.4490876986462625,0.8585144012127337,Counter-led,False,True,True,,0.382699868938401,0.5566239316239316,0.16472966144517434,0.4722778891115564,0.9321295143212952,Counter-led,0.4756838905775076,0.8194271481942715,Counter-led,0.4093347639484979,0.8653667595171773,Counter-led,False,False,False,,0.41284403669724773,0.42779291553133514,0.25441039925719594
E02000524,Hillingdon,Outer,6,4,-0.1476578411405295,False,False,False,False,0.4714052287581699,0.9019896831245394,Counter-led,0.47564469914040114,0.7715549005158437,Counter-led,0.4326978625072212,0.8481136697697207,Counter-led,False,False,False,,0.595460614152203,0.4175152749490835,0.3351298383145517,0.473630831643002,0.9337121212121212,Counter-led,0.4830097087378641,0.7803030303030303,Symmetric,0.37563822027717,0.8552713661883967,Counter-led,True,True,False,,0.5029126213592233,0.37149532710280375,0.34123518402994385
E02000525,Hillingdon,Outer,5,3,-0.0061099796334012,False,False,False,False,0.5095238095238095,0.8240680183126227,Symmetric,0.55,0.7325049051667757,Cascade-led,0.4660691421254802,0.7924911212582445,Counter-led,True,True,True,,0.8021978021978022,0.11510791366906475,0.22425164890918314,0.4698795180722891,0.810320781032078,Counter-led,0.47746883988494726,0.7273361227336123,Lateral,0.4118429807052561,0.793558606124604,Counter-led,True,True,False,,0.8885298869143781,0.1165158371040724,0.24287222808870115
E02000526,Hounslow,Outer,9,7,0.0142566191446028,False,False,False,False,0.5117460317460317,0.8569096844396082,Symmetric,0.5088902513795218,0.8873775843307944,Symmetric,0.5225950782997763,0.9152334152334153,Cascade-led,False,True,True,,0.06506849315068493,0.8856607310215557,0.24733824733824733,0.4750328515111695,0.8687214611872146,Counter-led,0.4718888186986734,0.9035388127853882,Counter-led,0.5427927927927928,0.9292591042277103,Cascade-led,False,True,True,,0.056431535269709544,0.8935960591133005,0.26663876098786105
E02000528,Hounslow,Outer,3,2,-0.085539714867617,False,False,False,False,0.5849914724275156,0.9243300052548608,Cascade-led,0.5896848137535816,0.9169732002101945,Cascade-led,0.5745958429561201,0.9319845027981059,Cascade-led,False,False,False,,0.9879421221864951,0.03040173724212812,0.18080068876452862,0.5434019066733567,0.929570895522388,Cascade-led,0.5488607594936709,0.9211753731343284,Cascade-led,0.4983063605570192,0.9401981599433828,Symmetric,False,True,True,,0.9773413897280967,0.04426106526631658,0.2413305024769993
E02000529,Hounslow,Outer,6,4,-0.0794297352342158,False,False,False,False,0.4785046728971963,0.854632587859425,Counter-led,0.486096807415036,0.7755591054313099,Symmetric,0.4542456718878813,0.8119143239625167,Counter-led,True,True,False,,0.5626134301270418,0.35347432024169184,0.16198125836680052,0.5110470701248799,0.9196113074204948,Symmetric,0.5010548523206751,0.8374558303886925,Symmetric,0.4157549234135667,0.8816720257234727,Counter-led,False,True,True,,0.6052631578947368,0.31585518102372034,0.2720257234726688
E02000530,Hounslow,Outer,3,2,-0.1517311608961303,False,False,False,False,0.4330011074197121,0.8931750741839762,Counter-led,0.43148357870894677,0.8733926805143423,Counter-led,0.4147826086956522,0.8998435054773083,Counter-led,False,False,False,,0.9832285115303984,0.03714710252600297,0.20892018779342722,0.4658227848101265,0.9228971962616822,Counter-led,0.47176913425345046,0.9310747663551402,Counter-led,0.4176587301587302,0.9447047797563262,Counter-led,False,False,False,,0.9691211401425178,0.020442930153321975,0.19775070290534208
E02000531,Hounslow,Outer,6,4,-0.1466395112016293,False,False,False,False,0.4870950027457441,0.8717089516515079,Symmetric,0.49084668192219677,0.8367640019147917,Symmetric,0.5381435550544907,0.8864090606262491,Cascade-led,False,True,True,,0.7493016759776536,0.3197721724979658,0.3041305796135909,0.4976030680728667,0.9003021148036254,Symmetric,0.4967869500741473,0.8731117824773413,Symmetric,0.4312227074235807,0.903353057199211,Counter-led,False,True,True,,0.5443037974683544,0.22968650031989762,0.23833004602235372
E02000532,Hounslow,Outer,8,6,-0.0020366598778004,False,False,False,False,0.488871834228703,0.8153942428035044,Symmetric,0.49050632911392406,0.7909887359198998,Symmetric,0.490506329113924,0.5814167433302668,Lateral,False,True,True,,0.2967741935483871,0.6847826086956522,0.26494940202391903,0.5141552511415525,0.7992700729927007,Symmetric,0.5171455050973123,0.7875912408759124,Symmetric,0.5171455050973123,0.5602284527518172,Lateral,False,True,True,,0.34408602150537637,0.6794625719769674,0.28868120456905505
E02000533,Hounslow,Outer,8,6,-0.0244399185336048,False,False,False,False,0.4780907668231612,0.8073278584965256,Counter-led,0.48936170212765956,0.7719519898926089,Symmetric,0.4893617021276595,0.5539437896645513,Lateral,True,True,True,,0.26421404682274247,0.7227564102564102,0.28241160471441523,0.4904722452361226,0.8003978779840849,Symmetric,0.4944868532654792,0.7818302387267905,Symmetric,0.4944868532654792,0.563845050215208,Lateral,False,True,True,,0.2555746140651801,0.6795302013422819,0.27881396461023433
E02000534,Hounslow,Outer,9,7,-0.0549898167006109,False,False,False,False,0.4680851063829787,0.851963746223565,Counter-led,0.4840764331210191,0.9486404833836858,Symmetric,0.5136417556346382,0.9612314709236032,Symmetric,True,False,True,,0.1489607390300231,0.8804878048780488,0.2451539338654504,0.4574780058651026,0.8567839195979899,Counter-led,0.45869947275922673,0.9530988274706867,Counter-led,0.5228426395939086,0.9656862745098039,Cascade-led,False,True,True,,0.10679611650485436,0.8457446808510638,0.26838235294117646
E02000535,Hounslow,Outer,7,5,-0.0743380855397148,False,False,False,False,0.521415270018622,0.7943786982248521,Cascade-led,0.5205223880597015,0.7928994082840237,Cascade-led,0.470873786407767,0.8373983739837398,Counter-led,False,True,True,,0.3078055964653903,0.47182175622542594,0.2148664343786295,0.5016181229773463,0.7573529411764706,Lateral,0.5032397408207343,0.7565359477124183,Symmetric,0.383728813559322,0.8319232938522279,Counter-led,True,True,True,,0.2420494699646643,0.38283828382838286,0.3096446700507614
E02000536,Hounslow,Outer,7,5,-0.1374745417515275,False,False,False,False,0.4917319408181027,0.7973629424011104,Symmetric,0.4913494809688581,0.8022206800832755,Symmetric,0.4636301835486064,0.8376993166287016,Counter-led,False,True,True,,0.3782991202346041,0.5019011406844106,0.17938496583143507,0.4577114427860697,0.7472118959107806,Lateral,0.45870646766169154,0.7472118959107806,Counter-led,0.4022424667133847,0.8075834748160724,Counter-led,True,False,True,,0.4442508710801394,0.4783118405627198,0.2388228636106395
E02000537,Hounslow,Outer,9,8,-0.1792260692464358,False,False,False,False,0.5736040609137056,0.9010863350485993,Cascade-led,0.5742690058479533,0.9777015437392796,Cascade-led,0.5870936438622029,0.9814285714285714,Cascade-led,False,False,False,,0.012396694214876033,0.9647473560517039,0.16714285714285715,0.4853146853146853,0.8959899749373433,Symmetric,0.4897828863346105,0.981203007518797,Symmetric,0.5558288243974422,0.9854580707707222,Cascade-led,False,True,True,,0.01504424778761062,0.9778516057585825,0.22636936500242366
E02000538,Hounslow,Outer,5,4,-0.0315682281059062,False,False,False,False,0.499054820415879,0.7251542152159013,Lateral,0.5243790248390064,0.7450308430431802,Cascade-led,0.4817470664928292,0.8048268625393494,Symmetric,True,True,True,,0.510148849797023,0.34591194968553457,0.23452256033578175,0.4646766169154229,0.7373440939104916,Lateral,0.5424063116370809,0.743947175348496,Lateral,0.4315196998123827,0.8208418891170431,Counter-led,False,True,True,,0.5260869565217391,0.22552255225522552,0.30030800821355236
E02000539,Hounslow,Outer,6,4,-0.0610997963340123,False,False,False,False,0.5097508125677139,0.8794664125774179,Symmetric,0.5134516313680595,0.8323010957598856,Symmetric,0.4828178694158075,0.8686567164179104,Symmetric,False,False,False,,0.7980427046263345,0.33222591362126247,0.2167910447761194,0.5263527758257203,0.886052303860523,Cascade-led,0.5223443223443224,0.8499377334993773,Cascade-led,0.4350051177072671,0.8902050113895217,Counter-led,False,True,True,,0.7670588235294118,0.20833333333333334,0.2683371298405467
E02000540,Hounslow,Outer,7,5,-0.1761710794297352,False,False,False,False,0.4996186117467582,0.7517201834862385,Lateral,0.49885757806549885,0.7528669724770642,Symmetric,0.4823801270941652,0.8006475485661425,Symmetric,True,False,True,,0.5209580838323353,0.44308035714285715,0.1933395004625347,0.4565093803297328,0.7684578418523372,Lateral,0.4593056346044394,0.7675840978593272,Counter-led,0.4021321961620469,0.8150851581508516,Counter-led,True,False,True,,0.44538706256627786,0.4572039942938659,0.20437956204379562
E02000541,Hounslow,Outer,5,3,-0.0285132382892056,False,False,False,False,0.4404761904761904,0.7721602101116218,Lateral,0.4233900814211695,0.8870650032829941,Counter-led,0.399410029498525,0.9078735940010713,Counter-led,True,False,True,,0.8892171344165436,0.07367387033398821,0.18425281199785754,0.4621149042464613,0.7932628797886394,Counter-led,0.4655425219941349,0.9009247027741083,Counter-led,0.4046406338426712,0.9217527386541471,Counter-led,False,False,False,,0.8769230769230769,0.07034220532319392,0.2102243088158581
E02000542,Hounslow,Outer,6,4,-0.1191446028513238,False,False,False,False,0.5200892857142857,0.8897715988083416,Cascade-led,0.5107825015403573,0.8058589870903674,Symmetric,0.4717923115327009,0.8366750208855472,Counter-led,True,True,True,,0.7005291005291006,0.2561436672967864,0.15873015873015872,0.4553264604810996,0.9046632124352332,Counter-led,0.45298602287166456,0.8155440414507772,Counter-led,0.4164237123420797,0.8525269262634632,Counter-led,False,False,False,,0.6522753792298717,0.24812656119900084,0.20049710024855014
E02000543,Hounslow,Outer,7,5,-0.1629327902240325,False,False,False,False,0.5095969289827256,0.7715660866345798,Lateral,0.5098605098605099,0.7697149203998519,Symmetric,0.4801223241590214,0.8079061148857319,Symmetric,True,False,True,,0.446656050955414,0.4742647058823529,0.16584311303273624,0.4497607655502392,0.7466952483029653,Lateral,0.4520481927710843,0.7413361914969632,Lateral,0.3925,0.7945516458569807,Counter-led,False,True,True,,0.41583257506824384,0.4297472075249853,0.20573212258796822
E02000544,Hounslow,Outer,9,7,-0.1008146639511201,False,False,False,False,0.484167517875383,0.8625550660792951,Symmetric,0.4843173431734317,0.9550660792951542,Symmetric,0.5227436823104693,0.9644846796657381,Cascade-led,False,True,True,,0.1464088397790055,0.8426626323751891,0.2096100278551532,0.4826038159371493,0.8701171875,Symmetric,0.4805327868852459,0.953125,Symmetric,0.556385362210605,0.9653929343907715,Cascade-led,False,True,True,,0.09395973154362416,0.8417508417508418,0.2617159336697909
E02000545,Hounslow,Outer,5,3,-0.0855397148676171,False,False,False,False,0.5212418300653595,0.8831168831168831,Cascade-led,0.511023622047244,0.9163059163059163,Symmetric,0.4833836858006042,0.9345002823263693,Symmetric,True,False,True,,0.86875,0.11812865497076024,0.21739130434782608,0.4781445138269402,0.8968,Counter-led,0.49295774647887325,0.9088,Symmetric,0.4215080346106304,0.9341801385681293,Counter-led,True,True,False,,0.9193548387096774,0.08226495726495726,0.27829099307159355
E02000546,Hounslow,Outer,7,5,-0.1262729124236253,False,False,False,False,0.5298387096774193,0.7774294670846394,Lateral,0.5282714054927302,0.7761755485893417,Cascade-led,0.4889570552147239,0.8203321590337191,Symmetric,True,True,True,,0.35382685069008785,0.47058823529411764,0.1972823351786613,0.5030120481927711,0.7254187909686817,Lateral,0.502,0.7283321194464676,Lateral,0.4019736842105263,0.8029582673005811,Counter-led,False,True,True,,0.3158756137479542,0.4213421342134213,0.27469624933967246
E02000547,Hounslow,Outer,5,4,0.0386965376782077,False,False,False,False,0.4870689655172414,0.656758669497523,Lateral,0.5061728395061729,0.6305732484076433,Lateral,0.4525925925925926,0.7211538461538461,Lateral,False,False,False,,0.6448445171849427,0.32882273342354534,0.24519230769230768,0.5901442307692307,0.6893123446561723,Lateral,0.5488636363636363,0.7290803645401823,Lateral,0.4225648213034337,0.8135689851767389,Counter-led,False,True,True,,0.6368159203980099,0.2657766990291262,0.31185860889395667
E02000548,Hounslow,Outer,5,3,-0.115071283095723,False,False,False,False,0.582089552238806,0.6821818181818182,Lateral,0.5911330049261084,0.8858181818181818,Cascade-led,0.5390995260663507,0.9149051490514906,Cascade-led,True,False,True,,0.9307692307692308,0.13496143958868895,0.25474254742547425,0.5169971671388102,0.6366095581605049,Lateral,0.5545171339563862,0.8683498647430117,Cascade-led,0.4292328042328042,0.9119420989143546,Counter-led,True,True,True,,0.9167950693374423,0.06257242178447277,0.3311218335343788
E02000549,Hounslow,Outer,6,4,-0.0875763747454175,False,False,False,False,0.4631093544137022,0.923919659160073,Counter-led,0.47610459873760147,0.674984783931832,Lateral,0.4230999401555954,0.7578231292517007,Counter-led,True,True,False,,0.7142857142857143,0.30601659751037347,0.254875283446712,0.4938181818181818,0.8981058131939909,Symmetric,0.4748134328358209,0.7001959503592423,Lateral,0.386051619989017,0.7986842105263158,Counter-led,True,True,True,,0.7396870554765291,0.2584973166368515,0.3285087719298246
E02000550,Hounslow,Outer,5,4,-0.1313645621181263,True,False,False,False,0.5179437439379243,0.7085910652920963,Lateral,0.4923234390992835,0.6714776632302405,Lateral,0.4223081882656351,0.7644159684573681,Counter-led,False,True,True,,0.6763358778625954,0.29017857142857145,0.2828979793001479,0.4811111111111111,0.7659574468085106,Lateral,0.4362745098039216,0.694468085106383,Lateral,0.3265993265993266,0.8053145336225597,Counter-led,False,True,True,Counter,0.7484536082474227,0.178,0.3627982646420824
E02000551,Hounslow,Outer,2,2,-0.0417515274949083,False,False,False,False,0.5110602593440122,0.9931818181818182,Symmetric,0.5060926076360682,0.9325757575757576,Symmetric,0.4671631685849695,0.9431673052362708,Counter-led,False,True,True,,0.9898550724637681,0.015247776365946633,0.15708812260536398,0.5921325051759835,0.9621513944223108,Cascade-led,0.5942796610169492,0.9402390438247012,Cascade-led,0.4909365558912387,0.9566473988439307,Symmetric,False,True,True,,0.98,0.005934718100890208,0.2745664739884393
E02000552,Hounslow,Outer,7,5,-0.0641547861507128,False,False,False,False,0.4384828862164662,0.9046025104602512,Counter-led,0.4376731301939058,0.906276150627615,Counter-led,0.4019933554817276,0.9416058394160584,Counter-led,False,False,False,,0.5371900826446281,0.5074074074074074,0.37695516162669446,0.4263392857142857,0.8818897637795275,Counter-led,0.4269788182831661,0.8828740157480315,Counter-led,0.3574938574938575,0.9318832283915284,Counter-led,False,False,False,,0.5223367697594502,0.3977055449330784,0.4184315970234688
E02000553,Hounslow,Outer,5,4,0.020366598778004,False,False,False,False,0.5591054313099042,0.7825,Lateral,0.5324232081911263,0.7325,Cascade-led,0.4479905437352245,0.7981132075471699,Counter-led,True,True,True,,0.7598944591029023,0.24411134903640258,0.24528301886792453,0.5594795539033457,0.8328173374613003,Cascade-led,0.5321285140562249,0.7708978328173375,Cascade-led,0.4106280193236715,0.8483606557377049,Counter-led,False,True,True,,0.7294117647058823,0.20901639344262296,0.33811475409836067
E02000554,Islington,Inner,1,1,-0.0234215885947046,False,False,False,False,0.4582857142857143,0.8816120906801007,Counter-led,0.461671469740634,0.8740554156171285,Counter-led,0.4823911028730306,0.8961794019933554,Symmetric,False,True,True,,1.0,0.0,0.17566445182724252,0.4770482277745497,0.8600699650174912,Counter-led,0.47321954090641555,0.8490754622688655,Counter-led,0.4259094942324756,0.8818466353677621,Counter-led,False,False,False,,1.0,0.0,0.21713615023474178
E02000555,Islington,Inner,3,2,0.0590631364562118,False,False,False,False,0.4569499155880698,0.8510536398467433,Counter-led,0.462436177972283,0.6566091954022989,Lateral,0.4704,0.7233796296296297,Lateral,True,False,True,,0.8049886621315193,0.17925478348439072,0.19444444444444445,0.4629441624365482,0.8798570790531487,Counter-led,0.4585459183673469,0.7003126395712371,Lateral,0.4413919413919414,0.7649737302977233,Lateral,True,False,True,,0.7956431535269709,0.17459016393442622,0.2157618213660245
E02000556,Islington,Inner,3,2,0.0274949083503054,False,False,False,False,0.4842625899280575,0.8323353293413174,Symmetric,0.4839061647572286,0.6860029940119761,Lateral,0.5084745762711864,0.7470605969249322,Lateral,True,False,True,,0.8023809523809524,0.18308702791461412,0.19445281881217968,0.5119418483904465,0.8420285631011367,Symmetric,0.5113978494623656,0.6776450014573011,Lateral,0.5182613945064896,0.7497171305725278,Lateral,True,False,True,,0.7740244612696564,0.2387218045112782,0.22357999547408916
E02000557,Islington,Inner,2,2,-0.020366598778004,False,False,False,False,0.5035188739603327,0.8407746100053792,Symmetric,0.5122950819672131,0.656266810112964,Lateral,0.514320536258379,0.7197368421052631,Lateral,True,False,True,,0.8104265402843602,0.1468005018820577,0.18464912280701753,0.4779531845400109,0.8572095193653756,Counter-led,0.4766101694915254,0.6882874475034998,Lateral,0.4557788944723618,0.7486832204665161,Lateral,True,False,True,,0.7993384785005513,0.1809787626962142,0.19375470278404816
E02000558,Islington,Inner,1,1,0.0020366598778004,False,False,False,False,0.4506949040370615,0.8220892274211099,Counter-led,0.45582329317269077,0.8128400435255713,Counter-led,0.4671016856987493,0.842418689876317,Counter-led,False,False,False,,1.0,0.0,0.15803939532753092,0.4727366255144033,0.8089887640449438,Counter-led,0.4702194357366771,0.7965043695380774,Counter-led,0.4486707566462167,0.8333333333333334,Counter-led,False,False,False,,1.0,0.0,0.18098159509202455
E02000559,Islington,Inner,4,3,0.1680244399185336,False,False,False,False,0.4854510184287099,0.8559568285595683,Symmetric,0.4820779220779221,0.7990867579908676,Symmetric,0.5169939577039275,0.8454661558109834,Symmetric,False,False,False,,0.5536888239590942,0.5238467552775606,0.23084291187739464,0.4944201843765162,0.8605427974947808,Symmetric,0.48873755893137766,0.7970772442588726,Symmetric,0.4481671265273945,0.8392325504465763,Counter-led,False,True,True,,0.4335971855760774,0.4992857142857143,0.20774065497849817
E02000560,Islington,Inner,3,2,0.0997963340122199,False,False,False,False,0.5440362355309512,0.8296450939457203,Cascade-led,0.5308483290488432,0.649686847599165,Lateral,0.5710344827586207,0.7216323822163239,Lateral,True,False,True,,0.7914653784219001,0.20042872454448016,0.20537491705374916,0.4876033057851239,0.8378279883381924,Symmetric,0.4544378698224852,0.6158892128279884,Lateral,0.4268241248418389,0.6922627737226278,Lateral,True,False,True,,0.6996047430830039,0.20235467255334805,0.19883211678832116
E02000561,Islington,Inner,4,3,0.2240325865580448,False,False,False,False,0.522075055187638,0.8878000979911808,Cascade-led,0.5209192692987625,0.8314551690347869,Cascade-led,0.5368797496647295,0.8667183262301433,Cascade-led,False,False,False,,0.5287260616153205,0.39768339768339767,0.20922123208058893,0.4626225490196078,0.8575932737782449,Counter-led,0.4644487932159165,0.8055701523909616,Counter-led,0.4295206454674893,0.8506257569640694,Counter-led,False,False,False,,0.5116022099447514,0.36938435940099834,0.23173193379087606
E02000562,Islington,Inner,3,2,0.1334012219959267,False,False,False,False,0.4500306560392397,0.8684771033013845,Counter-led,0.4420529801324503,0.6432374866879659,Lateral,0.4629854368932038,0.7109577221742882,Lateral,True,False,True,,0.8348623853211009,0.15141242937853108,0.1898188093183779,0.502283105022831,0.8602693602693603,Symmetric,0.48548812664907653,0.6380471380471381,Lateral,0.4215626892792247,0.7190766550522648,Lateral,True,False,True,,0.7931034482758621,0.15602094240837697,0.22386759581881532
E02000563,Islington,Inner,2,2,-0.0784114052953156,False,False,False,False,0.5030336458907887,0.818510158013544,Symmetric,0.4996481351161154,0.6415349887133183,Lateral,0.5129682997118156,0.7239221140472879,Lateral,True,False,True,,0.8277153558052435,0.1844181459566075,0.22983310152990263,0.4671814671814672,0.8327974276527331,Counter-led,0.45643153526970953,0.66421681212678,Lateral,0.4363073749355338,0.7262172284644195,Lateral,True,False,True,,0.776595744680851,0.22140896614821592,0.1846441947565543
E02000564,Islington,Inner,2,2,0.1313645621181263,False,False,False,False,0.4849325931800158,0.8241830065359477,Symmetric,0.503129513721714,0.6787581699346406,Lateral,0.5167068549776094,0.7470406587750901,Lateral,True,False,True,,0.8153333333333334,0.17177476835352815,0.2125579001544004,0.4950431723696834,0.8316489361702127,Symmetric,0.4902991107518189,0.6579787234042553,Lateral,0.4684736091298145,0.7315800459194323,Lateral,True,False,True,,0.7898903775883069,0.1782071926999463,0.21519515758714255
E02000565,Islington,Inner,2,2,0.0875763747454175,False,False,False,False,0.448051948051948,0.7364505844845909,Lateral,0.45751633986928103,0.5690754516471839,Lateral,0.5095583388266315,0.6516323024054983,Lateral,False,False,False,,0.7904269081500647,0.23118279569892472,0.19158075601374572,0.5403064623584277,0.7773174520973589,Lateral,0.5531732418524872,0.6038322112894873,Lateral,0.5123271196632592,0.6849258649093904,Lateral,False,False,False,,0.6971830985915493,0.2157829839704069,0.20469522240527183
E02000566,Islington,Inner,4,3,0.1792260692464358,False,False,False,False,0.5236151603498542,0.8618090452261307,Cascade-led,0.5098163394553515,0.7934673366834171,Symmetric,0.525992438563327,0.8373565492679066,Cascade-led,True,True,False,,0.5211141060197664,0.4167497507477567,0.21250494657696875,0.4831625183016105,0.8685883849088597,Symmetric,0.4773091297383876,0.7939805002119542,Counter-led,0.4507438681141938,0.8365287588294652,Counter-led,True,False,True,,0.47992863514719003,0.48755490483162517,0.2065253952236798
E02000567,Islington,Inner,2,2,0.0967413441955193,False,False,False,False,0.4609137055837563,0.7629744384198296,Lateral,0.47699757869249393,0.6398140975987606,Lateral,0.5022381378692927,0.7060682680151706,Lateral,False,False,False,,0.7950089126559715,0.1843525179856115,0.18394437420986093,0.4665711556829035,0.7949886104783599,Counter-led,0.4563882063882064,0.6180713743356112,Lateral,0.4168173598553345,0.6873834679925419,Lateral,True,False,True,,0.7765726681127982,0.21472868217054264,0.1814791796146675
E02000568,Islington,Inner,1,1,0.0641547861507128,False,False,False,False,0.5035394053798962,0.8402061855670103,Symmetric,0.5076849183477425,0.8255352894528152,Symmetric,0.5177892918825562,0.8680659670164917,Symmetric,False,False,False,,1.0,0.0,0.24377811094452773,0.5262088581877286,0.8178796942505816,Cascade-led,0.5275847977114835,0.813226985709538,Cascade-led,0.5144882860665845,0.8523384130320546,Symmetric,False,True,True,,1.0,0.0,0.2094062007356805
E02000569,Islington,Inner,2,2,0.0916496945010183,False,False,False,False,0.4685236768802228,0.8096526838069463,Counter-led,0.4857142857142857,0.6788452864230943,Lateral,0.4990029910269192,0.7380426784400295,Lateral,True,False,True,,0.8361638361638362,0.12935323383084577,0.18432671081677704,0.4718637067630356,0.8125,Counter-led,0.4779552715654952,0.6564597315436241,Lateral,0.4491129785247432,0.723404255319149,Lateral,True,False,True,,0.7567567567567568,0.17966101694915254,0.19486659912191828
E02000570,Islington,Inner,6,4,0.1160896130346231,False,False,False,False,0.4907539118065434,0.9245944761069708,Symmetric,0.4920863309352518,0.9140727750986409,Symmetric,0.5077720207253886,0.9323671497584541,Symmetric,False,False,False,,0.44825072886297374,0.6270676691729323,0.21290545203588682,0.5241128298453139,0.92938689217759,Cascade-led,0.5252757352941176,0.9200845665961945,Cascade-led,0.4934545454545455,0.935692412385165,Symmetric,False,True,True,,0.2866617538688283,0.6130653266331658,0.19530452534875808
E02000571,Islington,Inner,2,2,-0.0091649694501018,False,False,False,False,0.4728739002932551,0.8094955489614243,Counter-led,0.4876760563380282,0.6741839762611276,Lateral,0.4908015768725361,0.7349106711733462,Lateral,True,False,True,,0.8139223560910308,0.2335483870967742,0.18638338966682763,0.4641176470588235,0.792910447761194,Counter-led,0.47017543859649125,0.6646455223880597,Lateral,0.4444444444444444,0.7234615384615385,Lateral,True,False,True,,0.7619617224880383,0.24401913875598086,0.1753846153846154
E02000572,Islington,Inner,1,1,-0.0173116089613034,False,False,False,False,0.4980620155038759,0.8260405549626467,Symmetric,0.4846666666666667,0.80042689434365,Symmetric,0.5007767995857069,0.8377440347071583,Symmetric,False,False,False,,1.0,0.0,0.18698481561822125,0.5325644504748982,0.830890642615558,Cascade-led,0.5297741273100616,0.8235625704622322,Cascade-led,0.5213675213675214,0.8567505720823798,Cascade-led,False,False,False,,1.0,0.0,0.18810068649885583
E02000573,Islington,Inner,5,3,0.0610997963340121,False,False,False,False,0.5461154020899591,0.921305985768104,Cascade-led,0.5187853834276891,0.8133110087902888,Symmetric,0.5330514988470407,0.8536745406824147,Cascade-led,True,True,False,,0.5335255948089401,0.37530864197530867,0.21620734908136482,0.4623579545454545,0.9016970861351264,Counter-led,0.4605475040257649,0.7953890489913544,Counter-led,0.4590880699562773,0.8336370736787295,Counter-led,False,False,False,,0.5285714285714286,0.5051963048498845,0.1869304868523822
E02000574,Islington,Inner,4,3,0.0498981670061099,False,False,False,False,0.5384615384615384,0.9098516546215292,Cascade-led,0.5325222274216191,0.8128565994674781,Cascade-led,0.559646017699115,0.8516731986735001,Cascade-led,False,False,False,,0.5186590765338394,0.4477491961414791,0.207416340066325,0.4877946127946128,0.9159599074787972,Symmetric,0.4910207939508507,0.8157286044718581,Symmetric,0.4833625218914185,0.8565856585658566,Symmetric,False,False,False,,0.5217391304347826,0.38372881355932204,0.22172217221722174
E02000575,Islington,Inner,5,3,0.0336048879837067,True,False,False,False,0.6045355700528114,0.9098360655737704,Cascade-led,0.597009735744089,0.8128886376483889,Cascade-led,0.6390060947022972,0.8656655844155844,Cascade-led,False,False,False,Cascade,0.6019809244314013,0.37272727272727274,0.2820616883116883,0.5245003223726628,0.8921484037963762,Cascade-led,0.5254957507082153,0.8121944204774231,Cascade-led,0.5422922922922923,0.8595396859539686,Cascade-led,False,False,False,,0.564836179049377,0.3985784581738655,0.2520972252097225
E02000576,Islington,Inner,3,2,0.044806517311609,False,False,False,False,0.5212435233160622,0.9001865671641791,Cascade-led,0.5225169648365207,0.7560634328358209,Cascade-led,0.5733091239219247,0.8081438004402054,Cascade-led,False,False,False,,0.7529691211401425,0.22234042553191488,0.21349963316214232,0.4930350358801182,0.8885971492873218,Symmetric,0.5074701195219123,0.7531882970742686,Symmetric,0.5222836095764273,0.8049214349243996,Cascade-led,False,True,True,,0.7468265162200282,0.2544333076329992,0.20960569226208123
E02000577,Kensington and Chelsea,Inner,1,1,-0.0274949083503055,False,False,False,False,0.4539748953974895,0.8901303538175046,Counter-led,0.44820295983086683,0.8808193668528864,Counter-led,0.4654545454545454,0.8957654723127035,Counter-led,False,False,False,,1.0,0.0,0.1254071661237785,0.4577685088633993,0.8863216266173752,Counter-led,0.459830866807611,0.8743068391866913,Counter-led,0.4585726004922067,0.8996309963099631,Counter-led,False,False,False,,1.0,0.0,0.2014760147601476
E02000578,Kensington and Chelsea,Inner,2,2,-0.1018329938900203,False,False,False,False,0.4454828660436137,0.8025,Counter-led,0.45193929173693087,0.74125,Counter-led,0.4385245901639344,0.7795527156549521,Counter-led,False,False,False,,0.8660436137071651,0.26520681265206814,0.14802981895633652,0.4665354330708661,0.8300653594771242,Counter-led,0.4799154334038055,0.7728758169934641,Counter-led,0.4226006191950464,0.8229299363057325,Counter-led,False,False,False,,0.8388278388278388,0.10991957104557641,0.22038216560509555
E02000579,Kensington and Chelsea,Inner,2,2,0.0274949083503054,False,False,False,False,0.4628921193573068,0.803318992009834,Counter-led,0.4730639730639731,0.7301782421634911,Counter-led,0.494996664442962,0.7734778121775026,Symmetric,False,True,True,,0.871967654986523,0.15059445178335534,0.16047471620227038,0.4660670482420278,0.8224613315400134,Counter-led,0.44485981308411215,0.7195696032279758,Lateral,0.4152823920265781,0.7830385015608741,Counter-led,True,True,False,,0.848,0.09659090909090909,0.22632674297606659
E02000580,Kensington and Chelsea,Inner,2,2,-0.0641547861507128,False,False,False,False,0.5198019801980198,0.8407908428720083,Symmetric,0.5170157068062827,0.7950052029136316,Symmetric,0.5261723009814613,0.8231597845601436,Cascade-led,False,True,True,,0.8549222797927462,0.1334867663981588,0.13734290843806105,0.5166402535657686,0.8486886348352387,Symmetric,0.5159663865546219,0.8002689979825152,Symmetric,0.4904891304347826,0.8321085358959864,Symmetric,False,False,False,,0.853185595567867,0.128,0.1594120972300735
E02000581,Kensington and Chelsea,Inner,2,2,-0.1079429735234215,False,False,False,False,0.441588785046729,0.7970204841713222,Counter-led,0.4619354838709677,0.7216014897579144,Lateral,0.4608433734939759,0.7691119691119691,Counter-led,True,True,False,,0.8148148148148148,0.16573556797020483,0.17065637065637065,0.4671328671328671,0.7865786578657866,Lateral,0.4674922600619195,0.7106710671067107,Lateral,0.4679860302677532,0.7655971479500892,Lateral,False,False,False,,0.8432835820895522,0.1422319474835886,0.18983957219251338
E02000582,Kensington and Chelsea,Inner,7,5,-0.0274949083503055,False,False,False,False,0.5562347188264058,0.80990099009901,Cascade-led,0.546112115732369,0.8212871287128712,Cascade-led,0.5481481481481482,0.85680285600952,Cascade-led,False,False,False,,0.46959459459459457,0.48360655737704916,0.19873066243554144,0.4824324324324324,0.8213096559378469,Symmetric,0.48601864181091875,0.8335183129855716,Symmetric,0.463477366255144,0.8663101604278075,Counter-led,False,True,True,,0.4384017758046615,0.473633748801534,0.19696969696969696
E02000583,Kensington and Chelsea,Inner,7,5,-0.0173116089613034,False,False,False,False,0.5181543116490166,0.7930413917216557,Symmetric,0.5191873589164786,0.7972405518896221,Symmetric,0.5054566341183228,0.8374218374218374,Symmetric,False,False,False,,0.45795454545454545,0.4715447154471545,0.19817219817219817,0.5051903114186851,0.8487518355359766,Symmetric,0.4973637961335677,0.8355359765051396,Symmetric,0.4442319949012109,0.8750697155605132,Counter-led,False,True,True,,0.48206599713055953,0.43577981651376146,0.2403792526491913
E02000584,Kensington and Chelsea,Inner,9,7,-0.005091649694501,False,False,False,False,0.5281124497991968,0.8469387755102041,Cascade-led,0.5251322751322751,0.8571428571428571,Cascade-led,0.5324881141045958,0.8825174825174825,Cascade-led,False,False,False,,0.14186507936507936,0.8971751412429378,0.17762237762237762,0.4924450549450549,0.8808227465214761,Symmetric,0.5116443189837685,0.8572292800967937,Symmetric,0.5400560224089636,0.8832261256803563,Cascade-led,False,True,True,,0.0954356846473029,0.8915956151035322,0.18208807521029194
E02000585,Kensington and Chelsea,Inner,7,5,0.0285132382892056,False,False,False,False,0.4941419710544452,0.8079064587973274,Symmetric,0.5013661202185792,0.8151447661469933,Symmetric,0.4896221394358701,0.8498417005879693,Symmetric,False,False,False,,0.5130434782608696,0.4316996871741397,0.18769787426503845,0.509325681492109,0.8690773067331671,Symmetric,0.5067232837933475,0.8809226932668329,Symmetric,0.4706831629908553,0.906829268292683,Counter-led,False,True,True,,0.5108571428571429,0.4532520325203252,0.2175609756097561
E02000586,Kensington and Chelsea,Inner,9,8,0.020366598778004,False,False,False,False,0.5860349127182045,0.7767554479418887,Lateral,0.5877903835764452,0.8963680387409201,Cascade-led,0.5670810115730819,0.9159795838241068,Cascade-led,True,False,True,,0.055933484504913075,0.9801980198019802,0.18924224577934826,0.4929577464788732,0.7842755035737492,Lateral,0.5039483129935391,0.9051332033788174,Symmetric,0.5318181818181819,0.9233997901364114,Cascade-led,True,True,True,,0.014957264957264958,0.9757281553398058,0.1925498426023085
E02000587,Kensington and Chelsea,Inner,8,7,0.0274949083503055,False,False,False,False,0.557161629434954,0.8968768414849735,Cascade-led,0.5507142857142857,0.8249852681202121,Cascade-led,0.5525139664804469,0.8576904647819837,Cascade-led,False,False,False,,0.13346814964610718,0.8614232209737828,0.18687110685194058,0.4841537424140256,0.9059254734270006,Symmetric,0.4898388227049755,0.8717165546731827,Symmetric,0.5317286652078774,0.8969578017664377,Cascade-led,False,True,True,,0.11419753086419752,0.9065420560747663,0.19676153091265947
E02000588,Kensington and Chelsea,Inner,9,8,-0.035641547861507,False,False,False,False,0.4775900073475386,0.754016620498615,Lateral,0.48217757615035645,0.8548476454293629,Symmetric,0.4602109300095877,0.8884156729131175,Counter-led,True,True,True,,0.022916666666666665,0.9920071047957372,0.23126064735945487,0.4466960352422907,0.7758031442241968,Lateral,0.45968992248062013,0.8817498291182502,Counter-led,0.5002985074626866,0.9063852813852814,Symmetric,True,True,True,,0.034606205250596656,0.985663082437276,0.20833333333333334
E02000589,Kensington and Chelsea,Inner,7,6,-0.0458248472505091,False,False,False,False,0.6003498032356799,0.8867778208607987,Cascade-led,0.5914110429447853,0.948041876696394,Cascade-led,0.5914110429447853,0.8050707935462628,Cascade-led,False,False,False,,0.4197786998616874,0.6366366366366366,0.15080671715508726,0.4939054119941491,0.8779965753424658,Symmetric,0.4927206551410373,0.9409246575342466,Symmetric,0.4927206551410373,0.7822064056939502,Symmetric,False,False,False,,0.3896583564173592,0.7210762331838565,0.1686832740213523
E02000590,Kensington and Chelsea,Inner,7,5,-0.1283095723014256,False,False,False,False,0.5071267816954238,0.8792875989445911,Symmetric,0.4960231381055676,0.912269129287599,Symmetric,0.5031374786081004,0.9294803817603393,Symmetric,False,False,False,,0.6383219954648526,0.3249138920780712,0.19618239660657477,0.4426508071367884,0.8498194945848375,Counter-led,0.44963144963144963,0.8815884476534296,Counter-led,0.4596397598398932,0.9013830426939267,Counter-led,False,False,False,,0.6182873730043541,0.49876543209876545,0.1671677690920024
E02000591,Kensington and Chelsea,Inner,4,3,-0.1150712830957229,False,False,False,False,0.5296961325966851,0.9427083333333334,Cascade-led,0.5343567251461988,0.890625,Cascade-led,0.5471810089020771,0.9093362115488397,Cascade-led,False,False,False,,0.8199566160520607,0.13892529488859764,0.17107393416082028,0.5006485084306096,0.9408175716900548,Symmetric,0.49899396378269617,0.9097010372178157,Symmetric,0.4941176470588235,0.9234350750129333,Symmetric,False,False,False,,0.8208616780045351,0.21483942414174972,0.1520951888256596
E02000592,Kensington and Chelsea,Inner,9,7,0.0091649694501018,False,False,False,False,0.5783817951959545,0.8010126582278481,Cascade-led,0.5776435045317221,0.8379746835443038,Cascade-led,0.5508515815085158,0.8652631578947368,Cascade-led,False,False,False,,0.1625441696113074,0.8071505958829902,0.16842105263157894,0.5153901216893343,0.7996565540927304,Symmetric,0.5229773462783172,0.884373211219233,Cascade-led,0.5231243576567317,0.9059590316573557,Cascade-led,True,False,True,,0.16797642436149313,0.8426724137931034,0.18668528864059591
E02000593,Kensington and Chelsea,Inner,6,4,0.065173116089613,False,False,False,False,0.5165775401069519,0.8917501192179303,Symmetric,0.51953125,0.8545541249403911,Symmetric,0.5252001884126236,0.8743822075782537,Cascade-led,False,True,True,,0.6807174887892377,0.2371031746031746,0.13632619439868204,0.4841063053673788,0.8551693404634582,Symmetric,0.48585418933623503,0.8190730837789661,Symmetric,0.4774734982332155,0.847940074906367,Counter-led,False,True,True,,0.7058279370952821,0.3364327979712595,0.15955056179775282
E02000594,Kensington and Chelsea,Inner,8,7,0.0010183299389002,False,False,False,False,0.5645302897278315,0.806657223796034,Cascade-led,0.5682382133995038,0.8562322946175638,Cascade-led,0.5408467501490757,0.8920212765957447,Cascade-led,False,False,False,,0.17750826901874311,0.8428571428571429,0.24893617021276596,0.4967032967032967,0.8280254777070064,Symmetric,0.5026014568158168,0.8744313011828936,Symmetric,0.5302613480055021,0.9133165829145728,Cascade-led,False,True,True,,0.08430609597924774,0.8638360175695461,0.30967336683417085
E02000595,Kensington and Chelsea,Inner,8,6,-0.04989816700611,False,False,False,False,0.4916387959866221,0.7889182058047494,Symmetric,0.4813248766737139,0.9360158311345647,Symmetric,0.4813248766737139,0.7098549274637319,Lateral,False,True,True,,0.4538799414348463,0.5584239130434783,0.2416208104052026,0.5092592592592593,0.810368349249659,Symmetric,0.5128771155261221,0.927012278308322,Symmetric,0.5128771155261221,0.7201907790143084,Lateral,False,True,True,,0.37733142037302725,0.6299093655589124,0.22310545839957605
E02000596,Kensington and Chelsea,Inner,8,7,0.0244399185336048,False,False,False,False,0.5850487540628385,0.8429223744292238,Cascade-led,0.5723336853220697,0.8648401826484018,Cascade-led,0.495398773006135,0.8980716253443526,Symmetric,False,True,True,,0.07894736842105263,0.89209726443769,0.24586776859504134,0.5211891208096142,0.8545945945945946,Cascade-led,0.5297766749379652,0.8713513513513513,Cascade-led,0.5392392874337988,0.8971922246220302,Cascade-led,False,False,False,,0.11785714285714285,0.9049111807732497,0.20086393088552915
E02000597,Kensington and Chelsea,Inner,4,3,-0.2067209775967413,False,False,False,False,0.5144404332129964,0.9248747913188649,Symmetric,0.5248565965583174,0.8731218697829716,Cascade-led,0.5263919016630514,0.9009771986970684,Cascade-led,True,False,True,,0.8667582417582418,0.20610687022900764,0.21954397394136807,0.4737406216505895,0.9228486646884272,Counter-led,0.4806378132118451,0.8684470820969338,Symmetric,0.4539190353143841,0.8972179289026275,Counter-led,True,True,False,,0.8311195445920304,0.17823343848580442,0.2187017001545595
E02000598,Kingston upon Thames,Outer,10,10,0.0040733197556008,False,False,False,False,0.4762741652021089,0.6855421686746987,Lateral,0.48284625158831,0.9481927710843373,Symmetric,0.5371142618849041,0.965378421900161,Cascade-led,True,True,True,,0.0,1.0,0.33172302737520126,0.449438202247191,0.6854942233632862,Lateral,0.42686170212765956,0.9653401797175867,Counter-led,0.5599329421626152,0.9778688524590164,Cascade-led,True,True,True,,0.0,1.0,0.3614754098360656
E02000599,Kingston upon Thames,Outer,10,9,0.0020366598778004,True,False,False,False,0.5122235157159488,0.6861022364217252,Lateral,0.5225464190981433,0.9033546325878594,Cascade-led,0.4966923925027563,0.937467700258398,Symmetric,True,True,True,,0.0732519422863485,0.9342825848849945,0.35297157622739017,0.6078125,0.6815761448349308,Lateral,0.5840188014101058,0.906283280085197,Cascade-led,0.6250974279033515,0.9358132749817651,Cascade-led,True,False,True,Cascade,0.07356608478802992,0.8794178794178794,0.3150984682713348
E02000600,Kingston upon Thames,Outer,10,8,0.0162932790224032,False,False,False,False,0.456221198156682,0.7026443604964921,Lateral,0.48656294200848654,0.763086886130599,Symmetric,0.4808716707021792,0.8246805111821086,Symmetric,True,False,True,,0.2719033232628399,0.8050373134328358,0.25998402555910544,0.466529351184346,0.7240865026099925,Lateral,0.48794063079777367,0.8038777032065623,Symmetric,0.5437308868501529,0.8614330874604847,Cascade-led,True,True,True,,0.20584926884139482,0.7774798927613941,0.2934668071654373
E02000601,Kingston upon Thames,Outer,9,8,0.0346232179226069,False,False,False,False,0.4625492772667542,0.7825192802056555,Counter-led,0.4442090395480226,0.7280205655526992,Lateral,0.4858125537403267,0.8147110332749562,Symmetric,True,True,True,,0.22123893805309736,0.842809364548495,0.318739054290718,0.4018126888217522,0.7961515333734215,Counter-led,0.4107142857142857,0.7745039085989176,Counter-led,0.5393309222423146,0.8550444530344028,Cascade-led,False,True,True,,0.16177703269069574,0.7625122669283612,0.3571704677232315
E02000602,Kingston upon Thames,Outer,6,4,0.0285132382892057,False,False,False,False,0.5432604735883424,0.966549295774648,Cascade-led,0.5447830101569714,0.9533450704225352,Cascade-led,0.5458262350936968,0.96514304505097,Cascade-led,False,False,False,,0.920099875156055,0.07726931732933233,0.2528773429792831,0.4994934143870314,0.9517839922854388,Symmetric,0.5012800819252432,0.9416586306653809,Symmetric,0.4908399585205669,0.9598540145985401,Symmetric,False,False,False,,0.9140845070422535,0.131704005431093,0.31187790311877905
E02000603,Kingston upon Thames,Outer,8,6,-0.0936863543788186,False,False,False,False,0.483249581239531,0.8937125748502994,Symmetric,0.4815100154083205,0.9715568862275449,Symmetric,0.4815100154083205,0.7502890173410405,Lateral,False,True,True,,0.76,0.27934621099554235,0.2277456647398844,0.4647408666100255,0.9348689436060366,Counter-led,0.4636734693877551,0.9729944400317713,Counter-led,0.4636734693877551,0.7113821138211383,Lateral,False,True,True,,0.6514084507042254,0.3424657534246575,0.2688734030197445
E02000604,Kingston upon Thames,Outer,10,9,-0.0743380855397148,False,False,False,False,0.486784140969163,0.6416961130742049,Lateral,0.4752475247524752,0.7851590106007067,Counter-led,0.513738019169329,0.8373461744248261,Symmetric,True,True,True,,0.06218905472636816,0.8777923784494087,0.24291064740502943,0.4758698092031425,0.680672268907563,Lateral,0.47641073080481033,0.8258212375859435,Counter-led,0.5603557814485387,0.8734739178690344,Cascade-led,True,True,True,,0.08163265306122448,0.9046242774566474,0.27358490566037735
E02000605,Kingston upon Thames,Outer,10,9,-0.0936863543788187,False,False,False,False,0.4397759103641456,0.5876543209876544,Lateral,0.48148148148148145,0.7555555555555555,Symmetric,0.549663928304705,0.8184596577017115,Cascade-led,True,True,True,,0.1453804347826087,0.9320066334991708,0.25733496332518335,0.4521452145214521,0.6133603238866396,Lateral,0.484251968503937,0.771255060728745,Symmetric,0.5764802631578947,0.8432732316227461,Cascade-led,True,True,True,,0.10841654778887304,0.9106796116504854,0.31484049930651875
E02000606,Kingston upon Thames,Outer,9,8,0.0193482688391037,False,False,False,False,0.5239477503628447,0.7069083447332422,Lateral,0.48052497883149875,0.8077975376196991,Symmetric,0.4889374487844851,0.866919251716789,Symmetric,True,False,True,,0.2011173184357542,0.8546231961517905,0.30760123135211936,0.520844327176781,0.7434287956061201,Lateral,0.4899713467048711,0.8214986269125147,Symmetric,0.5297058823529411,0.8819714656290532,Cascade-led,True,True,True,,0.18434203220433093,0.8749218261413383,0.338780804150454
E02000607,Kingston upon Thames,Outer,10,9,0.015274949083503,False,False,False,False,0.5855263157894737,0.8336380255941499,Cascade-led,0.5886200130804448,0.9317489335770871,Cascade-led,0.495253164556962,0.9575757575757575,Symmetric,False,True,True,,0.03913738019169329,0.9749216300940439,0.3784090909090909,0.5104261106074343,0.823134328358209,Symmetric,0.4991896272285251,0.9208955223880597,Symmetric,0.5025588536335721,0.9485436893203884,Symmetric,False,False,False,,0.031568228105906315,0.9465020576131687,0.34951456310679613
E02000608,Kingston upon Thames,Outer,9,7,-0.0040733197556007,False,False,False,False,0.4935593220338983,0.6641152633948672,Lateral,0.444326052210975,0.845114813147231,Counter-led,0.4109102646868948,0.9000581057524695,Counter-led,True,False,True,,0.40455616653574233,0.675068493150685,0.3547356188262638,0.4635593220338983,0.7217125382262997,Lateral,0.42969307637401855,0.8568807339449541,Counter-led,0.4826446280991736,0.9118311981914092,Symmetric,True,True,True,,0.3022260273972603,0.6501597444089456,0.38394875659382066
E02000609,Kingston upon Thames,Outer,9,7,-0.0509164969450102,True,False,False,False,0.4985754985754986,0.8347205707491082,Symmetric,0.5020297699594046,0.8787158145065398,Symmetric,0.5566311713455954,0.9101321585903084,Cascade-led,False,True,True,,0.46260869565217394,0.43013100436681223,0.25903083700440527,0.5264847512038523,0.8038709677419354,Cascade-led,0.5342066957787481,0.8864516129032258,Cascade-led,0.6138888888888889,0.9246575342465754,Cascade-led,False,False,False,Cascade,0.34992458521870284,0.5683453237410072,0.336472602739726
E02000610,Kingston upon Thames,Outer,8,7,-0.0529531568228105,False,False,False,False,0.5203969128996693,0.909729187562688,Cascade-led,0.49660703269586676,0.8129388164493481,Symmetric,0.5100433241433635,0.8719093406593407,Symmetric,True,False,True,,0.4069498069498069,0.6262057877813505,0.31524725274725274,0.4957983193277311,0.9211822660098522,Symmetric,0.47893379191745483,0.8184377199155525,Counter-led,0.5412892914224827,0.8791569086651054,Cascade-led,True,True,True,,0.39960629921259844,0.6283391405342624,0.3344262295081967
E02000611,Kingston upon Thames,Outer,10,10,-0.0061099796334012,False,False,False,False,0.5401069518716578,0.7674418604651163,Lateral,0.5301724137931034,0.9521203830369357,Cascade-led,0.5838150289017341,0.967381174277726,Cascade-led,True,False,True,,0.0,1.0,0.31873252562907733,0.3728395061728395,0.7527881040892194,Lateral,0.3727810650887574,0.9423791821561338,Counter-led,0.5535714285714286,0.9665587918015103,Cascade-led,True,True,True,,0.0,1.0,0.41963322545846815
E02000612,Kingston upon Thames,Outer,10,9,-0.0407331975560082,False,False,False,False,0.4933993399339934,0.6703539823008849,Lateral,0.5047361299052774,0.8174778761061947,Symmetric,0.5793515358361775,0.8765893792071803,Cascade-led,True,True,True,,0.10309278350515463,0.8945233265720081,0.3238593866866118,0.4638157894736842,0.6909090909090909,Lateral,0.48337950138504154,0.8204545454545454,Symmetric,0.5841750841750841,0.8826151560178306,Cascade-led,True,True,True,,0.08645533141210375,0.917004048582996,0.3462109955423477
E02000613,Kingston upon Thames,Outer,9,8,-0.0295315682281058,False,False,False,False,0.4470588235294118,0.6296296296296297,Lateral,0.45589798087141337,0.7744855967078189,Counter-led,0.4921036007580543,0.8524501884760366,Symmetric,True,True,True,,0.1681643132220796,0.8557213930348259,0.345718901453958,0.4104938271604938,0.6821052631578948,Lateral,0.39950372208436724,0.848421052631579,Counter-led,0.5477941176470589,0.9042553191489362,Cascade-led,True,True,True,,0.13020134228187918,0.8617886178861789,0.3683510638297872
E02000614,Kingston upon Thames,Outer,9,7,-0.0997963340122199,True,False,False,False,0.5212201591511937,0.6762331838565022,Lateral,0.4884526558891455,0.7766816143497758,Symmetric,0.5257494235203689,0.8393548387096774,Cascade-led,True,True,True,,0.391812865497076,0.5445705024311183,0.2806451612903226,0.5229885057471264,0.6870681145113524,Lateral,0.5194174757281553,0.8134254689042448,Symmetric,0.6122448979591837,0.8789237668161435,Cascade-led,True,True,True,Cascade,0.3464285714285714,0.5676691729323309,0.3510570147341448
E02000615,Kingston upon Thames,Outer,9,8,-0.0254582484725051,False,False,False,False,0.4765342960288808,0.7204161248374512,Lateral,0.45555555555555555,0.8192457737321196,Counter-led,0.534816247582205,0.8815004262574595,Cascade-led,True,True,True,,0.20253164556962025,0.8045738045738046,0.34441602728047743,0.4900398406374502,0.7264833574529667,Lateral,0.4370748299319728,0.8509406657018813,Counter-led,0.5451127819548872,0.9117395029991431,Cascade-led,True,True,True,,0.1810344827586207,0.8264462809917356,0.4078834618680377
E02000616,Kingston upon Thames,Outer,10,9,-0.0336048879837067,False,False,False,False,0.5062344139650873,0.7972166998011928,Symmetric,0.49547511312217196,0.878727634194831,Symmetric,0.5730622617534943,0.9280660377358491,Cascade-led,False,True,True,,0.026607538802660754,0.9702380952380952,0.4068396226415094,0.3571428571428571,0.810379241516966,Counter-led,0.37727272727272726,0.8782435129740519,Counter-led,0.5633484162895928,0.9354497354497354,Cascade-led,False,True,True,,0.040160642570281124,0.9740932642487047,0.46984126984126984
E02000617,Kingston upon Thames,Outer,8,7,-0.105906313645621,False,False,False,False,0.5892053973013494,0.8639896373056994,Cascade-led,0.5714285714285714,0.7979274611398963,Cascade-led,0.5906593406593407,0.875,Cascade-led,False,False,False,,0.4418604651162791,0.6174496644295302,0.3814102564102564,0.5148342059336823,0.90521327014218,Symmetric,0.49624060150375937,0.8404423380726699,Symmetric,0.5906886517943744,0.9107773851590106,Cascade-led,False,True,True,,0.3218390804597701,0.6303317535545023,0.44081272084805656
E02000619,Lambeth,Inner,3,2,0.0336048879837067,False,False,False,False,0.4576737783895389,0.8592548787699587,Counter-led,0.4693200663349917,0.7131874630396215,Lateral,0.5052115266707541,0.7707939508506616,Symmetric,True,True,True,,0.9490291262135923,0.05204460966542751,0.2008506616257089,0.4845434938892883,0.8359375,Symmetric,0.48664944013781225,0.6977163461538461,Lateral,0.4426619132501485,0.7698993595608418,Lateral,True,False,True,,0.8899328859060402,0.06396588486140725,0.23879231473010065
E02000620,Lambeth,Inner,4,3,0.0224032586558045,False,False,False,False,0.4766893661602933,0.8435704816615113,Counter-led,0.4828828828828829,0.7357490057445868,Symmetric,0.526060070671378,0.7910552061495457,Cascade-led,True,True,True,,0.6574307304785895,0.451071761416589,0.2092941998602376,0.4806346243583761,0.8746938775510205,Symmetric,0.48851774530271397,0.7820408163265307,Symmetric,0.4656144306651634,0.8328638497652582,Counter-led,False,True,True,,0.6004842615012107,0.32489451476793246,0.23317683881064163
E02000621,Lambeth,Inner,5,3,-0.0896130346232179,False,False,False,False,0.4734530938123752,0.8422999327505044,Counter-led,0.4975566414926699,0.7568930733019502,Symmetric,0.5271994627266622,0.8046473925965956,Cascade-led,True,True,True,,0.689171974522293,0.4481534090909091,0.19643339637935692,0.4974358974358974,0.8711497766282624,Symmetric,0.485160508782556,0.7763931342581707,Symmetric,0.4920035539760106,0.825600586832936,Symmetric,False,False,False,,0.6492099322799098,0.38259728902492346,0.22006235099944985
E02000622,Lambeth,Inner,4,3,0.075356415478615,False,False,False,False,0.5144968732234224,0.8297169811320755,Symmetric,0.5270006506180872,0.725,Lateral,0.5600552231937413,0.7884615384615384,Cascade-led,True,True,True,,0.6335250616269515,0.3692468619246862,0.23076923076923078,0.5163218390804598,0.8522727272727273,Symmetric,0.5111111111111111,0.7405956112852664,Lateral,0.4988721804511278,0.8007224563515954,Symmetric,True,True,False,,0.5832705350414469,0.35783945986496624,0.23178807947019867
E02000623,Lambeth,Inner,3,2,0.0,False,False,False,False,0.4902108433734939,0.83,Symmetric,0.4687782805429864,0.690625,Lateral,0.4867573371510379,0.7383720930232558,Lateral,True,False,True,,0.9220588235294118,0.05578800557880056,0.1543340380549683,0.4874476987447699,0.827466820542412,Symmetric,0.4693534844668346,0.6872475476053087,Lateral,0.4557116676847892,0.7512620468104635,Lateral,True,False,True,,0.9249329758713136,0.05499438832772166,0.20468104635153742
E02000624,Lambeth,Inner,2,2,0.0407331975560081,False,False,False,False,0.4984930681133213,0.853834276891405,Symmetric,0.48713951675759937,0.6603190941842512,Lateral,0.5266781411359724,0.7253433208489388,Lateral,True,False,True,,0.9520697167755992,0.05454545454545454,0.1914273824386184,0.483996120271581,0.8718816067653277,Symmetric,0.47423887587822017,0.7221987315010571,Lateral,0.4606837606837606,0.7807807807807807,Counter-led,True,True,True,,0.9155844155844156,0.0705229793977813,0.21087754421087754
E02000625,Lambeth,Inner,3,2,-0.0865580448065173,False,False,False,False,0.4372647427854454,0.8263348885432866,Counter-led,0.42889733840304184,0.6817003628823225,Lateral,0.4647641234711706,0.7365937365937366,Lateral,True,False,True,,0.9285714285714286,0.0544069640914037,0.17245817245817247,0.4617834394904458,0.8365896980461812,Counter-led,0.45554123711340205,0.6891651865008881,Lateral,0.4486285448628545,0.7544721150473518,Lateral,True,False,True,,0.8787564766839379,0.07251264755480608,0.21010171869519467
E02000626,Lambeth,Inner,2,2,-0.0529531568228105,False,False,False,False,0.4661870503597122,0.7915717539863326,Counter-led,0.4749763928234183,0.6030751708428246,Lateral,0.4985337243401759,0.6618146530810286,Lateral,True,False,True,,0.9426470588235294,0.059941520467836254,0.14798641436196022,0.4343776460626588,0.8375886524822695,Counter-led,0.43212435233160623,0.6843971631205674,Lateral,0.4345830145371079,0.7460045662100456,Lateral,True,False,True,,0.8890845070422535,0.06089309878213803,0.1952054794520548
E02000627,Lambeth,Inner,4,3,-0.0896130346232179,False,False,False,False,0.4788461538461538,0.890106128038343,Counter-led,0.471889400921659,0.7428962684012325,Counter-led,0.5330620549338759,0.797027027027027,Cascade-led,False,True,True,,0.693384223918575,0.39651416122004357,0.21054054054054053,0.4906262465097726,0.8781085814360771,Symmetric,0.5034867503486751,0.753415061295972,Symmetric,0.5048796356538712,0.8136580201164637,Symmetric,False,False,False,,0.6076030927835051,0.32654402102496716,0.2443091582848068
E02000628,Lambeth,Inner,2,2,-0.0763747454175152,False,False,False,False,0.4154929577464789,0.8105864037363778,Counter-led,0.4237012987012987,0.6393357550596782,Lateral,0.4643082754264055,0.6949078138718174,Lateral,True,False,True,,0.9414965986394558,0.07783018867924528,0.15408252853380158,0.4763603925066904,0.8312940304041527,Counter-led,0.5058757694459989,0.6625880608083056,Lateral,0.5065735414954807,0.7278708133971292,Lateral,True,False,True,,0.9213300892133008,0.05245628642797669,0.19348086124401914
E02000629,Lambeth,Inner,5,3,0.0397148676171079,False,False,False,False,0.4422132976349844,0.8440677966101695,Counter-led,0.43852855759922554,0.7781544256120527,Counter-led,0.5043237634036666,0.8307471264367816,Symmetric,False,True,True,,0.7462277091906722,0.2435450104675506,0.23706896551724138,0.4928998505231689,0.8428346456692913,Symmetric,0.49173053650665594,0.7807874015748032,Symmetric,0.4966063348416289,0.8355387523629489,Symmetric,False,False,False,,0.6867881548974943,0.2606741573033708,0.24976370510396975
E02000630,Lambeth,Inner,5,3,0.0936863543788187,False,False,False,False,0.4887039239001189,0.8204878048780487,Symmetric,0.46530872056015277,0.7663414634146342,Counter-led,0.5098218364550022,0.8204647676161919,Symmetric,True,True,False,,0.7903225806451613,0.22273998136067102,0.23163418290854573,0.4710875331564986,0.8374055975122168,Counter-led,0.45181058495821724,0.7974233673922702,Counter-led,0.4641381900112655,0.8537992946457198,Counter-led,False,False,False,,0.7726537216828478,0.23756131744919412,0.27829432510420005
E02000631,Lambeth,Inner,5,4,0.1191446028513238,False,False,False,False,0.4910248986682107,0.7846433439345752,Symmetric,0.4988986784140969,0.8250795093139482,Symmetric,0.5080372250423012,0.85994907238996,Symmetric,False,False,False,,0.4063280599500416,0.6139294926913156,0.19934521644234268,0.5067796610169492,0.7965796579657966,Symmetric,0.5161461090524087,0.8501350135013501,Symmetric,0.4843432289548597,0.880730659025788,Symmetric,False,False,False,,0.3308144416456759,0.5496845425867508,0.20415472779369628
E02000632,Lambeth,Inner,6,4,-0.1038696537678208,False,False,False,False,0.5176470588235295,0.9037493005036372,Symmetric,0.5050761421319797,0.8819250139899273,Symmetric,0.5630911188004614,0.9112886272861047,Cascade-led,False,True,True,,0.5145432199918066,0.5390707497360084,0.24868614673113307,0.5156553061789969,0.8862966601178782,Symmetric,0.5001423284941645,0.862721021611002,Symmetric,0.5129502225819507,0.8983821123432103,Symmetric,False,False,False,,0.513214990138067,0.4798504362276693,0.2597709507362298
E02000633,Lambeth,Inner,2,2,0.0213849287169042,False,False,False,False,0.4862907397827211,0.853045013239188,Symmetric,0.4876943005181347,0.6813768755516328,Lateral,0.5035750766087844,0.7305970149253731,Lateral,True,False,True,,0.9655172413793104,0.04938271604938271,0.15447761194029852,0.4488188976377952,0.8636,Counter-led,0.4541832669322709,0.7028,Lateral,0.4534741974806989,0.7681023720349563,Lateral,True,False,True,,0.9220430107526881,0.04386617100371747,0.21972534332084895
E02000634,Lambeth,Inner,3,2,-0.0560081466395112,False,False,False,False,0.4770808202653799,0.8800424628450106,Counter-led,0.4667114996637525,0.7892781316348195,Counter-led,0.5307427447122479,0.8366255144032921,Cascade-led,False,True,True,,0.959221501390176,0.03563941299790356,0.22469135802469137,0.442960489705064,0.8710615608337373,Counter-led,0.435085497150095,0.7653902084343189,Counter-led,0.4648487430762675,0.8290356764394207,Counter-led,False,False,False,,0.9605866177818515,0.054140127388535034,0.27128223242670435
E02000635,Lambeth,Inner,3,2,0.0733197556008146,False,False,False,False,0.4687814702920443,0.8523605150214593,Counter-led,0.4644403215831787,0.6939914163090128,Lateral,0.4835266821345708,0.75139470013947,Lateral,True,False,True,,0.944337811900192,0.05929919137466307,0.18758716875871687,0.4466697717745692,0.874185667752443,Counter-led,0.4484507042253521,0.7227198697068404,Lateral,0.4306656101426308,0.7875195007800312,Counter-led,True,True,False,,0.9411223551057958,0.04801670146137787,0.23369734789391575
E02000636,Lambeth,Inner,7,5,0.0590631364562118,False,False,False,False,0.5036425449247207,0.930411206507004,Symmetric,0.503725782414307,0.9096249435155896,Symmetric,0.5174311926605505,0.9316239316239316,Symmetric,False,False,False,,0.4546099290780142,0.5072243346007604,0.24341880341880343,0.4966352624495289,0.9279766860949208,Symmetric,0.4931066176470588,0.9059117402164862,Symmetric,0.4855233853006681,0.9329177797566043,Symmetric,False,False,False,,0.4659239842726081,0.47557204700061845,0.28702879192638764
E02000637,Lambeth,Inner,5,3,0.0488798370672097,False,False,False,False,0.5327978580990629,0.8462990936555891,Cascade-led,0.5252716107699575,0.7994712990936556,Cascade-led,0.549490538573508,0.8380603842634949,Cascade-led,False,False,False,,0.5933774834437087,0.41033925686591277,0.19243671851174138,0.4978089395267309,0.8417558096643305,Symmetric,0.47894493290143453,0.7971228329029878,Counter-led,0.4686657681940701,0.8436611711199545,Counter-led,True,False,True,,0.5859094176851186,0.37856689917564995,0.22939169982944854
E02000638,Lambeth,Inner,3,2,0.1466395112016293,False,False,False,False,0.4769953051643192,0.8265424912689173,Counter-led,0.48081264108352145,0.6876212650368646,Lateral,0.5060096153846154,0.7561345046955468,Symmetric,True,True,True,,0.9604117181314331,0.05596107055961071,0.21932747652226597,0.4505849132714804,0.8483915126625599,Counter-led,0.4591016548463357,0.7238193018480493,Lateral,0.4675193537529451,0.7863949179460031,Counter-led,True,True,False,,0.9323254139668826,0.06573957016434892,0.22657490735839067
E02000639,Lambeth,Inner,3,2,0.0336048879837067,False,False,False,False,0.4685638649900728,0.8220892274211099,Counter-led,0.4754625905068383,0.676278563656148,Lateral,0.492258064516129,0.7226107226107226,Lateral,True,False,True,,0.9567496723460026,0.06607369758576874,0.1431235431235431,0.4886492622020431,0.8491566265060241,Symmetric,0.4849869451697128,0.7383132530120482,Lateral,0.4620445344129554,0.7844382691544264,Counter-led,True,True,True,,0.9353778751369113,0.055503292568203196,0.17626042080190552
E02000640,Lambeth,Inner,6,4,0.0916496945010183,False,False,False,False,0.5332111772789739,0.8749498997995993,Cascade-led,0.5261374636979671,0.8280561122244489,Cascade-led,0.5409604519774012,0.8684452621895125,Cascade-led,False,False,False,,0.6116187989556136,0.3669230769230769,0.23489727077583564,0.4895509115162294,0.8917525773195877,Symmetric,0.4781783681214421,0.8358445678033307,Counter-led,0.4488832966341617,0.8847759532424158,Counter-led,True,False,True,,0.606166783461808,0.3504566210045662,0.2980795992207069
E02000641,Lambeth,Inner,2,2,-0.0376782077393075,False,False,False,False,0.4706303724928367,0.8097447795823666,Counter-led,0.4554730983302412,0.6252900232018561,Lateral,0.452415812591508,0.6789264413518886,Lateral,True,False,True,,0.9466019417475728,0.026737967914438502,0.14314115308151093,0.4244011976047904,0.851497769279796,Counter-led,0.40730593607305937,0.6978967495219885,Lateral,0.3910034602076124,0.7529963522668056,Lateral,True,False,True,,0.9380530973451328,0.04431818181818182,0.18238665971860343
E02000642,Lambeth,Inner,5,4,-0.0896130346232179,False,False,False,False,0.4891518737672584,0.7455882352941177,Lateral,0.47141190198366395,0.8401960784313726,Counter-led,0.459915611814346,0.8674257828385522,Counter-led,True,False,True,,0.3567787971457696,0.6137152777777778,0.170394469296462,0.4670255720053836,0.7763845350052246,Lateral,0.476875,0.8359456635318704,Counter-led,0.4209575429087624,0.8757911392405063,Counter-led,True,False,True,,0.3798283261802575,0.4960998439937597,0.24287974683544303
E02000643,Lambeth,Inner,4,3,0.0682281059063136,False,False,False,False,0.4860557768924303,0.9012567324955116,Symmetric,0.4788484136310223,0.7639138240574507,Counter-led,0.476043956043956,0.8122099250267761,Counter-led,True,False,True,,0.6952908587257618,0.2936241610738255,0.20456979650124954,0.4995064165844027,0.8816362053959965,Symmetric,0.49775533108866443,0.7754569190600522,Symmetric,0.4499794153972828,0.8247877758913412,Counter-led,False,True,True,,0.6742909423604757,0.3061377245508982,0.2196943972835314
E02000644,Lambeth,Inner,5,3,0.070264765784114,False,False,False,False,0.4446601941747573,0.741718674987998,Lateral,0.45301360985093975,0.7407585213634181,Counter-led,0.4486788617886179,0.784688995215311,Counter-led,True,False,True,,0.6613816534541337,0.40276497695852537,0.16945773524720892,0.4732272069464544,0.7519042437431991,Lateral,0.4693726937269373,0.7372143634385201,Lateral,0.4118918918918919,0.7929704243463352,Counter-led,False,True,True,,0.6837270341207349,0.29963235294117646,0.21217316759537078
E02000645,Lambeth,Inner,5,3,0.0010183299389001,False,False,False,False,0.4844527363184079,0.7181777579276463,Lateral,0.4862110311750599,0.74497543546226,Symmetric,0.4731684554363042,0.7896094325718497,Counter-led,True,True,True,,0.6824457593688363,0.33480956598759964,0.17501842299189388,0.4996476391825229,0.7203045685279188,Lateral,0.49252717391304346,0.7472081218274111,Symmetric,0.4152501214181641,0.805240516229957,Counter-led,True,True,True,,0.6701754385964912,0.23006644518272426,0.2295658975361752
E02000646,Lambeth,Inner,5,4,0.1038696537678207,False,False,False,False,0.5002562788313686,0.7870108914885035,Symmetric,0.4941506785212915,0.8620411456232352,Symmetric,0.510752688172043,0.8908045977011494,Symmetric,False,False,False,,0.48280701754385963,0.5948717948717949,0.20849297573435505,0.5085271317829457,0.8072590738423029,Symmetric,0.4969293756397134,0.8151856487275762,Symmetric,0.4379479441720105,0.856819650937298,Counter-led,False,True,True,,0.3944875107665805,0.4684563758389262,0.22527472527472528
E02000647,Lambeth,Inner,5,4,0.0621181262729124,False,False,False,False,0.479489516864175,0.7118754055807917,Lateral,0.475098814229249,0.8208955223880597,Counter-led,0.4680215182307232,0.8583889173935352,Counter-led,True,False,True,,0.42656449553001274,0.5640449438202247,0.20933812211390457,0.4966313763233879,0.7111567419575633,Lateral,0.4601328903654485,0.8240930869267625,Counter-led,0.4150246305418719,0.8633705475810739,Counter-led,True,False,True,,0.42433234421364985,0.48105263157894734,0.22328548644338117
E02000648,Lambeth,Inner,2,2,-0.0417515274949083,False,False,False,False,0.5277088502894954,0.8754525706010138,Cascade-led,0.5081466395112016,0.7110789283128168,Lateral,0.4965870307167235,0.7460216422660726,Lateral,True,False,True,,0.9725085910652921,0.015254237288135594,0.12094207511139402,0.5105672969966629,0.8736637512147716,Symmetric,0.5347885402455662,0.7123420796890184,Lateral,0.4195348837209302,0.7840991976659373,Counter-led,True,True,True,,0.9467849223946785,0.028846153846153848,0.24945295404814005
E02000649,Lambeth,Inner,3,2,0.1415478615071283,False,False,False,False,0.5057929036929761,0.8892466194462331,Symmetric,0.5040032025620497,0.8042498390212492,Symmetric,0.5064485687323057,0.8394507525745973,Symmetric,False,False,False,,0.9590062111801242,0.041427660930529,0.17982571956693952,0.4904862579281184,0.8810928283141881,Symmetric,0.48853754940711464,0.7854703508227259,Symmetric,0.4403341288782816,0.829087311402424,Counter-led,False,True,True,,0.9607046070460704,0.039445628997867806,0.20331437051694287
E02000650,Lambeth,Inner,4,3,-0.1517311608961303,False,False,False,False,0.5051020408163265,0.8490974729241877,Symmetric,0.4785867237687366,0.6743682310469314,Lateral,0.4494828957836118,0.7359484777517564,Lateral,True,False,True,,0.6973451327433628,0.315028901734104,0.18911007025761123,0.4895267649340574,0.8519497686715135,Symmetric,0.4774193548387097,0.7171183079973562,Lateral,0.3810408921933085,0.7904015670910872,Counter-led,True,True,True,,0.6455284552845528,0.21921921921921922,0.2590597453476983
E02000651,Lambeth,Inner,5,3,0.085539714867617,False,False,False,False,0.4434030281182408,0.771412680756396,Lateral,0.4375907111756168,0.7664071190211346,Counter-led,0.4457627118644068,0.8082191780821918,Counter-led,True,False,True,,0.7211660329531052,0.3160040774719674,0.17899543378995433,0.4799405646359584,0.7428256070640177,Lateral,0.45818692902319047,0.7853200883002207,Counter-led,0.4123655913978494,0.8270342374388617,Counter-led,True,False,True,,0.7183833116036505,0.23513266239707228,0.19430858159181857
E02000652,Lambeth,Inner,5,4,0.0835030549898167,False,False,False,False,0.4504950495049505,0.7680608365019012,Lateral,0.4684772065955383,0.7840304182509505,Counter-led,0.4595709570957095,0.8101604278074866,Counter-led,True,False,True,,0.35547576301615796,0.5297709923664122,0.12098930481283422,0.4256619144602851,0.7389014296463506,Lateral,0.41743119266055045,0.8201655379984951,Counter-led,0.3892045454545454,0.8548876745598057,Counter-led,True,False,True,,0.4124087591240876,0.4906976744186046,0.1930783242258652
E02000653,Lewisham,Inner,2,2,0.1109979633401222,False,False,False,False,0.504418762746431,0.8396118721461188,Symmetric,0.5060144346431436,0.71175799086758,Lateral,0.508284023668639,0.7699316628701595,Symmetric,True,True,False,,0.8719441210710128,0.07942238267148015,0.20182232346241458,0.4826014913007456,0.8252991452991453,Symmetric,0.4747619047619048,0.717948717948718,Lateral,0.4336468129571578,0.7767857142857143,Counter-led,True,True,True,,0.8192771084337349,0.13591635916359163,0.2086038961038961
E02000654,Lewisham,Inner,2,2,-0.0234215885947046,False,False,False,False,0.4862012987012987,0.8213333333333334,Symmetric,0.4931937172774869,0.6366666666666667,Lateral,0.5130434782608696,0.6988950276243094,Lateral,True,False,True,,0.9060092449922958,0.1525974025974026,0.1712707182320442,0.4877697841726618,0.8424242424242424,Symmetric,0.4946808510638298,0.6836363636363636,Lateral,0.4504324683965403,0.7422222222222222,Lateral,True,False,True,,0.8168389955686853,0.1271186440677966,0.18518518518518517
E02000655,Lewisham,Inner,4,3,-0.1659877800407332,False,False,False,False,0.4918918918918919,0.7905982905982906,Symmetric,0.5006369426751592,0.7454890788224121,Symmetric,0.5284749034749034,0.7944785276073619,Cascade-led,False,True,True,,0.5041095890410959,0.46366427840327534,0.19248466257668712,0.4766893661602933,0.7814162914449447,Lateral,0.4797525309336333,0.7277936962750716,Lateral,0.4638704318936877,0.7835990888382688,Counter-led,False,True,True,,0.4914950760966876,0.44384198295894656,0.20501138952164008
E02000657,Lewisham,Inner,4,3,0.0030549898167006,True,False,False,False,0.5342323651452282,0.7278218195545488,Lateral,0.5459579180509413,0.681766704416761,Lateral,0.599767531964355,0.7537967289719626,Cascade-led,False,True,True,Cascade,0.5923772609819121,0.4249757986447241,0.22634345794392524,0.494675701839303,0.7643359230484646,Lateral,0.5017921146953405,0.7225305216426193,Lateral,0.5062154696132597,0.7942951179374658,Symmetric,False,True,True,,0.5552523874488404,0.36083916083916084,0.2586396050466264
E02000658,Lewisham,Inner,4,3,0.0193482688391039,False,False,False,False,0.4698391420911528,0.7166186359269933,Lateral,0.4827338129496403,0.6676272814601345,Lateral,0.5062807209175314,0.7257233452239398,Lateral,False,False,False,,0.6019417475728155,0.4911504424778761,0.17479191438763378,0.4881118881118881,0.7562136435748281,Lateral,0.47865853658536583,0.6938127974616605,Lateral,0.4364611260053619,0.7630932896890343,Lateral,False,False,False,,0.5442260442260443,0.34443387250237867,0.2262684124386252
E02000659,Lewisham,Inner,4,3,0.0692464358452138,False,False,False,False,0.4829721362229102,0.8590425531914894,Symmetric,0.47661290322580646,0.824468085106383,Counter-led,0.4675324675324675,0.8596491228070176,Counter-led,True,False,True,,0.6653439153439153,0.32171893147502906,0.2004253056884636,0.4842360549717057,0.8572418572418572,Symmetric,0.48217317487266553,0.8163548163548163,Symmetric,0.4284859365649311,0.8631198347107438,Counter-led,False,True,True,,0.6284916201117319,0.30261780104712044,0.25464876033057854
E02000660,Lewisham,Inner,4,3,0.0580448065173115,False,False,False,False,0.4728260869565217,0.7673772011121409,Lateral,0.47585318737926596,0.7196478220574606,Lateral,0.4910757356488181,0.7740851381628081,Symmetric,False,True,True,,0.6090373280943026,0.3706161137440758,0.1941747572815534,0.4538198403648802,0.8016453382084096,Counter-led,0.4554878048780488,0.7495429616087751,Counter-led,0.4251497005988024,0.7984553144538433,Counter-led,False,False,False,,0.5200433369447454,0.3918269230769231,0.19529238690695108
E02000661,Lewisham,Inner,6,4,0.1272912423625254,False,False,False,False,0.4770017035775127,0.8332150461320085,Counter-led,0.4537735849056604,0.752306600425834,Counter-led,0.4383744170552964,0.8113513513513514,Counter-led,False,False,False,,0.5182370820668692,0.4638196915776987,0.23837837837837839,0.4833948339483395,0.8396591789310612,Symmetric,0.4737903225806452,0.7683965917893106,Counter-led,0.4274702172389628,0.8267670915411356,Counter-led,True,False,True,,0.4704918032786885,0.44063647490820074,0.25202780996523755
E02000662,Lewisham,Inner,4,3,0.030549898167006,False,False,False,False,0.5177584846093133,0.7166289592760181,Lateral,0.5142364106988784,0.6555429864253394,Lateral,0.5003304692663583,0.7130065975494816,Lateral,False,False,False,,0.6089828269484808,0.421957671957672,0.16682375117813383,0.444141689373297,0.7841880341880342,Lateral,0.4520276953511375,0.7200854700854701,Lateral,0.3858046380885453,0.7835903083700441,Counter-led,False,True,True,,0.5154826958105647,0.3169336384439359,0.22687224669603523
E02000663,Lewisham,Inner,6,4,-0.0030549898167006,False,False,False,False,0.4912917271407837,0.9006535947712418,Symmetric,0.48705882352941177,0.8333333333333334,Symmetric,0.4717691342534504,0.8620876149269876,Counter-led,False,True,True,,0.3191489361702128,0.663895486935867,0.17252568956192538,0.4779717373233583,0.8730043541364296,Counter-led,0.4552238805970149,0.7779390420899854,Counter-led,0.4161575016972165,0.8279932546374368,Counter-led,False,False,False,,0.32137030995106036,0.5348837209302325,0.22540753232152894
E02000664,Lewisham,Inner,2,2,-0.020366598778004,False,False,False,False,0.529128550794415,0.8540296052631579,Cascade-led,0.5173812282734647,0.709703947368421,Lateral,0.5174701459531181,0.7620492079541624,Symmetric,True,True,True,,0.9128205128205128,0.0999083409715857,0.18031681833501853,0.4973495478640474,0.873128233052001,Symmetric,0.5001826817683596,0.7451674380615301,Lateral,0.4527696012844527,0.799700406591055,Counter-led,True,True,True,,0.8557919621749409,0.08361858190709047,0.2139952921035737
E02000665,Lewisham,Inner,5,4,0.0468431771894093,False,False,False,False,0.4648776637726914,0.8654371584699454,Counter-led,0.45408678102926336,0.6769125683060109,Lateral,0.4488248673237301,0.7360491071428571,Lateral,True,False,True,,0.35135135135135137,0.5900962861072903,0.18303571428571427,0.4674196350999131,0.8513313609467456,Counter-led,0.4508670520231214,0.7677514792899408,Counter-led,0.3928571428571428,0.8225988700564971,Counter-led,False,False,False,,0.3094405594405594,0.5203619909502263,0.23615819209039549
E02000666,Lewisham,Inner,5,4,-0.0142566191446028,False,False,False,False,0.4632991318074191,0.875,Counter-led,0.4480633802816901,0.7845303867403315,Counter-led,0.4492957746478873,0.8198614318706697,Counter-led,False,False,False,,0.36363636363636365,0.6112531969309463,0.16397228637413394,0.4606116774791474,0.8522906793048973,Counter-led,0.45553359683794464,0.7993680884676145,Counter-led,0.4126984126984127,0.8389346861128726,Counter-led,False,False,False,,0.2765567765567766,0.5456885456885456,0.19720989220038046
E02000667,Lewisham,Inner,6,5,0.1038696537678207,False,False,False,False,0.4823625922887612,0.8930402930402931,Symmetric,0.495733126454616,0.9443223443223443,Symmetric,0.4846705805609915,0.9527656929770043,Symmetric,False,False,False,,0.19246298788694483,0.6759493670886076,0.15164698570540708,0.446215139442231,0.8814749780509219,Counter-led,0.43299908842297175,0.9631255487269534,Counter-led,0.3710562414266118,0.972,Counter-led,False,False,False,,0.18853974121996303,0.6106870229007634,0.24066666666666667
E02000668,Lewisham,Inner,6,4,0.1099796334012219,False,False,False,False,0.479253112033195,0.852343059239611,Counter-led,0.5111989459815547,0.6710875331564987,Lateral,0.4619666048237477,0.743448275862069,Lateral,True,False,True,,0.38755020080321284,0.44310344827586207,0.22,0.4175126903553299,0.8329809725158562,Counter-led,0.3969924812030075,0.7029598308668076,Lateral,0.3463917525773196,0.7753796962430056,Lateral,True,False,True,,0.3898809523809524,0.42586750788643535,0.24380495603517185
E02000669,Lewisham,Inner,5,3,-0.0366598778004073,False,False,False,False,0.4401095140314853,0.8558875219683656,Counter-led,0.4819985304922851,0.7973052138254247,Symmetric,0.4817107484524479,0.8370230805463966,Symmetric,True,False,True,,0.6670560747663551,0.3811074918566775,0.19594912859161565,0.468944099378882,0.8667563930013459,Counter-led,0.47495961227786754,0.8331090174966352,Counter-led,0.4086455331412104,0.8749369641956631,Counter-led,False,False,False,,0.5782792665726375,0.31189083820662766,0.25063035804336864
E02000670,Lewisham,Inner,3,2,-0.1914460285132382,False,False,False,False,0.4971475142624287,0.818,Symmetric,0.5184381778741866,0.6146666666666667,Lateral,0.5114840989399293,0.6619883040935672,Lateral,True,False,True,,0.9101899827288429,0.11573236889692586,0.12280701754385964,0.4932301740812379,0.8762711864406779,Symmetric,0.5024752475247525,0.6847457627118644,Lateral,0.4529520295202952,0.7445054945054945,Lateral,True,False,True,,0.845213849287169,0.10118043844856661,0.18956043956043955
E02000671,Lewisham,Inner,5,4,0.0519348268839103,False,False,False,False,0.5013495276653172,0.845407872219053,Symmetric,0.48912280701754385,0.8128921848260126,Symmetric,0.4770591487009397,0.8465138043986897,Counter-led,False,True,True,,0.35805330243337197,0.5243128964059197,0.17969115582592418,0.4898550724637681,0.8652037617554859,Symmetric,0.470125786163522,0.7974921630094044,Counter-led,0.3825503355704698,0.846991946944576,Counter-led,True,False,True,,0.3567251461988304,0.453804347826087,0.2444339175746092
E02000672,Lewisham,Inner,2,2,-0.0835030549898167,False,False,False,False,0.532475884244373,0.8297758804695837,Cascade-led,0.5436893203883495,0.6595517609391676,Lateral,0.5181695827725438,0.699623352165725,Lateral,True,False,True,,0.9467532467532468,0.10754189944134078,0.11770244821092278,0.4802076573653471,0.8735827664399093,Symmetric,0.5136,0.7086167800453514,Lateral,0.4295101553166069,0.7650822669104205,Lateral,True,False,True,,0.8581363004172462,0.0387434554973822,0.19378427787934185
E02000673,Lewisham,Inner,6,4,0.1028513238289206,False,False,False,False,0.4868804664723032,0.8755583918315252,Symmetric,0.4852459016393443,0.778557753669432,Symmetric,0.4721871049304678,0.8201140487299119,Counter-led,False,True,True,,0.4042838018741633,0.5808383233532934,0.18766200103680664,0.4745998608211552,0.8730255164034022,Counter-led,0.4714603409933284,0.8195625759416768,Counter-led,0.4115485564304462,0.8651226158038147,Counter-led,False,False,False,,0.4119897959183674,0.44424620874219445,0.2524977293369664
E02000674,Lewisham,Inner,6,4,-0.0621181262729124,False,False,False,False,0.4277726001863933,0.8681229773462783,Counter-led,0.42162698412698413,0.8155339805825242,Counter-led,0.4214618973561431,0.8494055482166446,Counter-led,False,False,False,,0.34870848708487084,0.5698924731182796,0.18361955085865259,0.4545454545454545,0.8110599078341014,Counter-led,0.4489051094890511,0.7576036866359447,Counter-led,0.3759723422644771,0.8147887323943662,Counter-led,False,False,False,,0.31264367816091954,0.49584487534626037,0.23591549295774647
E02000675,Lewisham,Inner,5,4,0.0610997963340121,False,False,False,False,0.4807321772639691,0.8571428571428571,Symmetric,0.46421052631578946,0.7844756399669695,Counter-led,0.4400977995110024,0.8245967741935484,Counter-led,True,False,True,,0.35555555555555557,0.5443959243085881,0.18615591397849462,0.4347426470588235,0.8874388254486134,Counter-led,0.3991683991683992,0.7846655791190864,Counter-led,0.3355654761904761,0.835820895522388,Counter-led,False,False,False,,0.4079822616407982,0.4423292273236282,0.23756218905472637
E02000676,Lewisham,Inner,5,3,0.0682281059063136,False,False,False,False,0.4995931651749389,0.8452544704264099,Symmetric,0.5062388591800356,0.7716643741403026,Symmetric,0.4795361527967258,0.8153503893214683,Counter-led,False,True,True,,0.6415362731152204,0.34076015727391873,0.19132369299221358,0.4607843137254901,0.88,Counter-led,0.4638671875,0.8031372549019608,Counter-led,0.3782312925170068,0.8541545613015689,Counter-led,False,False,False,,0.6007194244604317,0.27571115973741794,0.25915165601394535
E02000677,Lewisham,Inner,6,4,-0.1008146639511201,False,False,False,False,0.4287128712871287,0.8501683501683501,Counter-led,0.42557651991614254,0.803030303030303,Counter-led,0.4112478031634446,0.8294460641399417,Counter-led,False,False,False,,0.29273504273504275,0.6298507462686567,0.13411078717201166,0.445993031358885,0.849112426035503,Counter-led,0.4529262086513995,0.7751479289940828,Counter-led,0.3890436397400185,0.825287356321839,Counter-led,False,False,False,,0.31026252983293556,0.47112462006079026,0.22298850574712645
E02000678,Lewisham,Inner,3,2,-0.0773930753564154,False,False,False,False,0.5235204855842185,0.7592165898617511,Lateral,0.5175097276264592,0.5921658986175116,Lateral,0.4611940298507462,0.654296875,Lateral,False,False,False,,0.919093851132686,0.055401662049861494,0.15234375,0.4569083447332421,0.8480278422273781,Counter-led,0.45454545454545453,0.6380510440835266,Lateral,0.3967661691542288,0.7204301075268817,Lateral,True,False,True,,0.9122257053291536,0.1154639175257732,0.22759856630824374
E02000679,Lewisham,Inner,4,3,0.0122199592668024,False,False,False,False,0.5183028286189684,0.8358831710709318,Symmetric,0.5032558139534884,0.7475660639777468,Symmetric,0.4844444444444444,0.7880910683012259,Symmetric,False,False,False,,0.6100917431192661,0.4425287356321839,0.16053706946876825,0.470878578479763,0.8255908720456397,Counter-led,0.4621212121212121,0.7530562347188264,Counter-led,0.4028436018957346,0.8068833652007649,Counter-led,False,False,False,,0.5745098039215686,0.31746031746031744,0.2179732313575526
E02000680,Lewisham,Inner,3,2,0.0621181262729124,False,False,False,False,0.507533703409992,0.8503034389750506,Symmetric,0.51661918328585,0.7100472016183412,Lateral,0.4834680382072006,0.7599106644332775,Symmetric,True,True,False,,0.8996960486322189,0.07396870554765292,0.17197096594081518,0.4825102880658436,0.8709677419354839,Symmetric,0.48086124401913877,0.7491039426523297,Symmetric,0.411214953271028,0.8078242964996568,Counter-led,False,True,True,,0.9214876033057852,0.05194805194805195,0.23404255319148937
E02000681,Lewisham,Inner,3,2,-0.1965376782077393,False,False,False,False,0.4598459845984598,0.8385608856088561,Counter-led,0.46938775510204084,0.6780442804428044,Lateral,0.4299465240641711,0.7281931464174455,Lateral,True,False,True,,0.8681592039800995,0.06566604127579738,0.1557632398753894,0.4602564102564102,0.8074534161490683,Counter-led,0.46636085626911317,0.6770186335403726,Lateral,0.3720930232558139,0.7519872813990461,Lateral,True,False,True,,0.8977272727272727,0.08249158249158249,0.23211446740858505
E02000682,Lewisham,Inner,3,2,-0.0672097759674134,False,False,False,False,0.5515021459227468,0.7905004240882103,Cascade-led,0.5174927113702624,0.5818490245971162,Lateral,0.4646924829157175,0.6404084609773888,Lateral,True,False,True,,0.9313725490196079,0.0851063829787234,0.1400437636761488,0.503030303030303,0.8358662613981763,Symmetric,0.5014880952380952,0.6808510638297872,Lateral,0.4159574468085106,0.749003984063745,Lateral,True,False,True,,0.8516624040920716,0.060109289617486336,0.21354581673306772
E02000683,Lewisham,Inner,3,2,-0.1140529531568228,False,False,False,False,0.4699205448354143,0.8187732342007435,Counter-led,0.47513812154696133,0.6728624535315985,Lateral,0.4457964601769911,0.7197452229299363,Lateral,True,False,True,,0.9404466501240695,0.05588822355289421,0.14331210191082802,0.4731585518102372,0.9071347678369196,Counter-led,0.4923780487804878,0.7429218573046432,Lateral,0.4238900634249471,0.8064791133844842,Counter-led,True,True,False,,0.8877805486284289,0.062385321100917435,0.24722932651321397
E02000685,Lewisham,Inner,3,2,0.0560081466395111,False,False,False,False,0.5609965635738832,0.8398268398268398,Cascade-led,0.5750251762336355,0.7164502164502164,Lateral,0.520579268292683,0.7695014662756599,Cascade-led,True,True,False,,0.9370424597364568,0.07154213036565978,0.1870967741935484,0.5341328413284133,0.8455538221528861,Cascade-led,0.5417558886509636,0.7285491419656787,Lateral,0.4471803018268467,0.7834474175482266,Counter-led,True,True,True,,0.9076376554174067,0.04885057471264368,0.20224019912881144
E02000686,Lewisham,Inner,1,1,-0.0723014256619144,False,False,False,False,0.505,0.9727626459143968,Symmetric,0.4989816700610998,0.9552529182879378,Symmetric,0.4667832167832167,0.9613445378151261,Counter-led,False,True,True,,1.0,0.0,0.1361344537815126,0.5443786982248521,0.9580498866213152,Cascade-led,0.5448028673835126,0.9489795918367347,Cascade-led,0.4662973222530009,0.9601063829787234,Counter-led,False,True,True,,1.0,0.0,0.21808510638297873
E02000687,Lewisham,Inner,4,3,0.0183299389002036,False,False,False,False,0.4886731391585761,0.8431105047748977,Symmetric,0.48144876325088337,0.772169167803547,Symmetric,0.4409937888198758,0.8126752664049355,Counter-led,False,True,True,,0.568075117370892,0.362962962962963,0.1777902411665732,0.492781520692974,0.8325320512820513,Symmetric,0.48990435706695007,0.7540064102564102,Symmetric,0.4191802010827533,0.808125,Counter-led,False,True,True,,0.5867158671586716,0.2982689747003995,0.22
E02000689,Merton,Outer,10,10,-0.0661914460285132,False,False,False,False,0.472463768115942,0.8308248043347382,Counter-led,0.4857336956521739,0.8862131246237207,Symmetric,0.5027322404371585,0.9141689373297003,Symmetric,True,False,True,,0.0,1.0,0.24568574023614895,0.400262467191601,0.8355263157894737,Counter-led,0.4143126177024482,0.8733552631578947,Counter-led,0.5145118733509235,0.9077844311377246,Symmetric,False,True,True,,0.0,1.0,0.2718562874251497
E02000690,Merton,Outer,10,10,-0.0030549898167006,False,False,False,False,0.4784313725490196,0.6280788177339901,Lateral,0.479646017699115,0.6958128078817734,Lateral,0.5786096256684492,0.7910321489001692,Cascade-led,False,True,True,,0.0,1.0,0.3130287648054145,0.4651162790697674,0.6366083445491252,Lateral,0.45849056603773586,0.7133243606998654,Lateral,0.5509736540664376,0.8038674033149171,Cascade-led,False,True,True,,0.0,1.0,0.31583793738489874
E02000691,Merton,Outer,9,8,0.0224032586558045,False,False,False,False,0.4528936742934051,0.8362408553742262,Counter-led,0.4587394411955815,0.8660664040517726,Counter-led,0.4652278177458033,0.8975462763667671,Counter-led,False,False,False,,0.2463917525773196,0.7417040358744394,0.23504089539388723,0.4583911234396671,0.8557863501483679,Counter-led,0.45689655172413796,0.8949554896142433,Counter-led,0.5243268776570619,0.9228421970357454,Cascade-led,False,True,True,,0.2072072072072072,0.7279046673286991,0.2654751525719268
E02000692,Merton,Outer,10,10,0.005091649694501,False,False,False,False,0.4554973821989528,0.6733254994124559,Lateral,0.47129186602870815,0.736780258519389,Counter-led,0.4770299145299145,0.8068965517241379,Counter-led,True,False,True,,0.0,1.0,0.2663793103448276,0.4750445632798574,0.6854001221747098,Lateral,0.4821138211382114,0.7513744654856445,Symmetric,0.5474649406688241,0.8199911543564794,Cascade-led,True,True,True,,0.0,1.0,0.27598407784166296
E02000693,Merton,Outer,8,7,-0.0091649694501018,False,False,False,False,0.4857414448669201,0.9211908931698776,Symmetric,0.4818823529411765,0.930385288966725,Symmetric,0.4996415770609319,0.9460834181078331,Symmetric,False,False,False,,0.21664275466284075,0.7987106017191977,0.22550016954899965,0.4353620613060862,0.9210310965630114,Counter-led,0.43333333333333335,0.9328968903436988,Counter-led,0.5120599739243807,0.9492574257425742,Symmetric,False,True,True,,0.17759388924252067,0.7762191048764195,0.2438118811881188
E02000694,Merton,Outer,9,8,-0.0020366598778003,False,False,False,False,0.4604872251931075,0.8478589420654912,Counter-led,0.46787947697555426,0.8861460957178842,Counter-led,0.4936501433838591,0.9152605924259467,Symmetric,False,True,True,,0.187551867219917,0.7985436893203883,0.2557180352455943,0.4387755102040816,0.8754113775270334,Counter-led,0.4359897172236504,0.9144334743770569,Counter-led,0.5340699815837937,0.937176389368312,Cascade-led,False,True,True,,0.14,0.8,0.2657921988263721
E02000695,Merton,Outer,8,7,-0.0509164969450101,False,False,False,False,0.5423845623707788,0.9277493606138107,Cascade-led,0.5516085790884718,0.9539641943734015,Cascade-led,0.5554292211483798,0.9606772255598034,Cascade-led,False,False,False,,0.07983623336745138,0.8657289002557544,0.1458219552157291,0.5066760365425158,0.9204398447606728,Symmetric,0.5105946684894054,0.946313065976714,Symmetric,0.5481991525423728,0.9578893962455606,Cascade-led,False,True,True,,0.07246376811594203,0.9062133645955451,0.21562658548959918
E02000696,Merton,Outer,7,5,-0.0336048879837066,False,False,False,False,0.4863837872070931,0.9022857142857142,Symmetric,0.486748545572075,0.884,Symmetric,0.4839055793991416,0.9017900338655056,Symmetric,False,False,False,,0.46674057649667405,0.5062370062370062,0.15336236090953073,0.4953825857519789,0.8875878220140515,Symmetric,0.49731543624161073,0.8723653395784543,Symmetric,0.4505327245053272,0.9004111466423024,Counter-led,False,True,True,,0.4797297297297297,0.38688827331486614,0.2197350388305162
E02000697,Merton,Outer,10,10,0.0020366598778004,False,False,False,False,0.4426332288401254,0.7735208535402521,Lateral,0.4487102579484103,0.8084384093113482,Counter-led,0.4689194826866917,0.8585243553008596,Counter-led,True,False,True,,0.0,1.0,0.2614613180515759,0.4739467849223946,0.8115159694107063,Counter-led,0.47489316239316237,0.8421052631578947,Counter-led,0.5470834921845216,0.8819771351714862,Cascade-led,False,True,True,,0.0,1.0,0.25252185608607935
E02000698,Merton,Outer,10,10,-0.0091649694501019,False,False,False,False,0.4567164179104477,0.5831157528285466,Lateral,0.4752851711026616,0.6866840731070496,Lateral,0.5409309791332263,0.775840597758406,Cascade-led,False,True,True,,0.0,1.0,0.2845579078455791,0.4635761589403973,0.6387478849407784,Lateral,0.4765807962529274,0.7225042301184433,Lateral,0.5817912657290896,0.8046456223942823,Cascade-led,False,True,True,,0.0,1.0,0.2960095294818344
E02000699,Merton,Outer,10,10,-0.0091649694501018,False,False,False,False,0.4474445515911283,0.679109364767518,Lateral,0.45789473684210524,0.7465618860510805,Counter-led,0.4826139088729017,0.8116788321167884,Symmetric,True,True,True,,0.0,1.0,0.2569343065693431,0.4097222222222222,0.6579634464751958,Lateral,0.42648401826484017,0.7147519582245431,Lateral,0.5571428571428572,0.7935758148323099,Cascade-led,False,True,True,,0.0,1.0,0.27633443552196507
E02000700,Merton,Outer,5,4,-0.0723014256619145,False,False,False,False,0.5039653929343908,0.900064892926671,Symmetric,0.5229653505237711,0.8053212199870214,Cascade-led,0.4903185509056839,0.8421883219358233,Symmetric,True,True,False,,0.6840764331210191,0.25857843137254904,0.1893740136770121,0.4180633147113594,0.8817733990147784,Counter-led,0.4291300097751711,0.8399014778325123,Counter-led,0.3742116327960756,0.8797780517879161,Counter-led,False,False,False,,0.6067415730337079,0.24636058230683092,0.24907521578298397
E02000701,Merton,Outer,7,5,-0.109979633401222,False,False,False,False,0.5164444444444445,0.8568164508758568,Symmetric,0.5121951219512195,0.8431073876618431,Symmetric,0.4748892171344165,0.867948717948718,Counter-led,False,True,True,,0.3390357698289269,0.4739803094233474,0.15833333333333333,0.478809738503156,0.8829617834394905,Counter-led,0.4772727272727273,0.8757961783439491,Counter-led,0.4220314735336195,0.8996138996138996,Counter-led,False,False,False,,0.3440677966101695,0.4084158415841584,0.19176319176319176
E02000702,Merton,Outer,6,4,-0.1323828920570264,False,False,False,False,0.5408388520971302,0.8539114043355325,Cascade-led,0.5376623376623376,0.7257304429783223,Lateral,0.4725822532402791,0.7751159196290572,Counter-led,True,True,True,,0.5632911392405063,0.30812854442344045,0.18006182380216385,0.4911242603550296,0.8910369068541301,Symmetric,0.5011111111111111,0.7908611599297012,Symmetric,0.4305200341005967,0.8313253012048193,Counter-led,False,True,True,,0.5782178217821782,0.2904191616766467,0.19347980155917788
E02000703,Merton,Outer,10,10,-0.0315682281059063,False,False,False,False,0.5017103762827823,0.7382154882154882,Lateral,0.5043478260869565,0.7744107744107744,Symmetric,0.5417607223476298,0.8321853475266124,Cascade-led,True,True,True,,0.0,1.0,0.25610519724483405,0.5064748201438849,0.6741028128031038,Lateral,0.5241199478487614,0.7439379243452958,Lateral,0.5960207612456747,0.8140845070422535,Cascade-led,False,True,True,,0.0,1.0,0.273943661971831
E02000704,Merton,Outer,9,7,-0.0621181262729124,False,False,False,False,0.4680851063829787,0.8409542743538767,Counter-led,0.48099415204678364,0.9065606361829026,Symmetric,0.5013638843426077,0.9285714285714286,Symmetric,True,False,True,,0.42219804134929273,0.6334792122538293,0.23556231003039513,0.4574780058651026,0.8567839195979899,Counter-led,0.44944598337950137,0.907035175879397,Counter-led,0.5358874878758487,0.9330316742081448,Cascade-led,False,True,True,,0.3547511312217195,0.5862068965517241,0.27963800904977376
E02000705,Merton,Outer,8,6,-0.060081466395112,False,False,False,False,0.4813039309683605,0.9371069182389936,Symmetric,0.4846225535880708,0.9640610961365679,Symmetric,0.4846225535880708,0.7883908890521675,Symmetric,False,False,False,,0.10961538461538461,0.8499095840867993,0.18221895664952242,0.4576124567474048,0.9292604501607716,Counter-led,0.44970906068162925,0.9670418006430869,Counter-led,0.4497090606816292,0.7706598334401025,Lateral,False,True,True,,0.1367837338262477,0.7885196374622356,0.20307495195387573
E02000706,Merton,Outer,4,3,-0.120162932790224,False,False,False,False,0.5205364626990779,0.9162826420890936,Cascade-led,0.53315649867374,0.868663594470046,Cascade-led,0.4978197674418604,0.8894634776987718,Symmetric,False,True,True,,0.8715328467153285,0.09117221418234443,0.1583710407239819,0.4809236947791164,0.8869100623330365,Symmetric,0.48881789137380194,0.8361531611754229,Symmetric,0.4179936305732484,0.8722222222222222,Counter-led,False,True,True,,0.878095238095238,0.07113543091655267,0.22013888888888888
E02000707,Merton,Outer,6,4,-0.2148676171079429,False,False,False,False,0.411154345006485,0.8098739495798319,Counter-led,0.4017467248908297,0.7216386554621849,Lateral,0.3805309734513274,0.7733105218135158,Counter-led,True,True,False,,0.5988372093023255,0.36607142857142855,0.18562874251497005,0.5290611028315947,0.842964824120603,Cascade-led,0.5285481239804242,0.7701005025125628,Cascade-led,0.4229957805907173,0.8381962864721485,Counter-led,False,True,True,,0.6259351620947631,0.2340036563071298,0.29619805481874445
E02000708,Merton,Outer,10,10,-0.0529531568228105,False,False,False,False,0.4707482993197279,0.649867374005305,Lateral,0.4731404958677686,0.8558797524314765,Counter-led,0.5303490136570561,0.8899392302498312,Cascade-led,True,True,True,,0.0,1.0,0.2363268062120189,0.4307909604519774,0.6742857142857143,Lateral,0.4908045977011494,0.8285714285714286,Symmetric,0.5727699530516432,0.8765432098765432,Cascade-led,True,True,True,,0.0,1.0,0.27983539094650206
E02000709,Merton,Outer,10,10,-0.0122199592668025,False,False,False,False,0.4836488812392427,0.7594771241830065,Lateral,0.4884437596302003,0.8483660130718954,Symmetric,0.5738045738045738,0.8923933209647495,Cascade-led,True,True,True,,0.0,1.0,0.29035250463821893,0.3968531468531469,0.676923076923077,Lateral,0.41369047619047616,0.7952662721893491,Counter-led,0.5387596899224806,0.8564315352697095,Cascade-led,True,True,True,,0.0,1.0,0.2987551867219917
E02000710,Merton,Outer,6,4,-0.1038696537678207,False,False,False,False,0.5018050541516246,0.8549382716049383,Symmetric,0.5134854771784232,0.7438271604938271,Symmetric,0.4710485133020344,0.7937888198757764,Counter-led,False,True,True,,0.6960132890365448,0.2514792899408284,0.19503105590062111,0.4532304725168756,0.8870829769033362,Counter-led,0.45805739514348787,0.7750213857998289,Counter-led,0.3846761453396524,0.8279921517331589,Counter-led,False,False,False,,0.6283367556468172,0.23234916559691912,0.2354480052321779
E02000711,Merton,Outer,5,4,-0.0478615071283095,False,False,False,False,0.46875,0.9226100151745068,Counter-led,0.4691848906560636,0.7632776934749621,Counter-led,0.4423529411764706,0.8034026465028355,Counter-led,False,False,False,,0.8120567375886525,0.1631504922644163,0.1695022054190296,0.4432296047098402,0.8873134328358209,Counter-led,0.4491927825261159,0.7858208955223881,Counter-led,0.3801485482781904,0.8376696832579186,Counter-led,False,False,False,,0.7637655417406749,0.19281045751633988,0.2420814479638009
E02000712,Merton,Outer,6,4,-0.1160896130346232,False,False,False,False,0.4395501405810684,0.8862126245847176,Counter-led,0.45261984392419174,0.7450166112956811,Counter-led,0.4363188167625308,0.7985564304461942,Counter-led,False,False,False,,0.7231638418079096,0.18950437317784258,0.2099737532808399,0.4230769230769231,0.8944954128440367,Counter-led,0.4399421128798842,0.7924311926605505,Counter-led,0.3786213786213786,0.8468697123519459,Counter-led,False,False,False,,0.7387862796833773,0.1832797427652733,0.2622673434856176
E02000713,Merton,Outer,10,9,-0.0112016293279022,False,False,False,False,0.4332603938730853,0.7085271317829457,Lateral,0.45121951219512196,0.889922480620155,Counter-led,0.5576679340937896,0.9174418604651163,Cascade-led,True,True,True,,0.13863636363636364,0.839541547277937,0.25,0.4210526315789473,0.7399165507649513,Lateral,0.464339908952959,0.9165507649513213,Counter-led,0.5537190082644629,0.9416342412451362,Cascade-led,True,True,True,,0.1417910447761194,0.8958333333333334,0.3005836575875486
E02000714,Newham,Inner,3,2,0.0621181262729124,False,False,False,False,0.4421128798842257,0.8396111786148238,Counter-led,0.43402061855670104,0.5893074119076549,Lateral,0.4322103533278554,0.6428948758584258,Lateral,True,False,True,,0.4524714828897338,0.47756874095513746,0.13048071843634443,0.4649805447470817,0.7787878787878788,Lateral,0.4368811881188119,0.6121212121212121,Lateral,0.386323268206039,0.6874236874236874,Lateral,False,False,False,,0.4528735632183908,0.25470332850940663,0.19413919413919414
E02000715,Newham,Inner,1,1,0.1059063136456211,False,False,False,False,0.4743443557582668,0.6086051353226926,Lateral,0.4755813953488372,0.5968077723802915,Lateral,0.4307545367717287,0.6431203931203932,Lateral,False,False,False,,1.0,0.0,0.11486486486486487,0.3410757946210269,0.6738056013179572,Lateral,0.32947232947232946,0.6400329489291599,Lateral,0.3239152371342079,0.6939775910364145,Lateral,False,False,False,,1.0,0.0,0.14985994397759103
E02000716,Newham,Inner,1,1,0.1018329938900203,False,False,False,False,0.4471403812824956,0.7119062307217767,Lateral,0.44434628975265017,0.6983343615052436,Lateral,0.4363636363636363,0.7376609442060086,Lateral,False,False,False,,1.0,0.0,0.1303648068669528,0.3745173745173745,0.6857899382171226,Lateral,0.3765347885402456,0.646954986760812,Lateral,0.3542116630669546,0.698340874811463,Lateral,False,False,False,,1.0,0.0,0.1455505279034691
E02000717,Newham,Inner,1,1,0.1547861507128309,False,False,False,False,0.4,0.6608410704533042,Lateral,0.40290846877673225,0.6384489350081922,Lateral,0.4095169430425378,0.6769155685700342,Lateral,False,False,False,,1.0,0.0,0.1063933626159102,0.3952095808383233,0.6482919254658385,Lateral,0.3948019801980198,0.6273291925465838,Lateral,0.3595397890699904,0.6848325673013789,Lateral,False,False,False,,1.0,0.0,0.15430072225869992
E02000718,Newham,Inner,1,1,0.0519348268839103,False,False,False,False,0.5308483290488432,0.615506329113924,Lateral,0.5295663600525624,0.6020569620253164,Lateral,0.4923245614035088,0.6445229681978799,Lateral,False,False,False,,1.0,0.0,0.10671378091872792,0.3580246913580246,0.6835443037974683,Lateral,0.353125,0.6751054852320675,Lateral,0.3174404015056462,0.7212669683257918,Lateral,False,False,False,,1.0,0.0,0.1420814479638009
E02000719,Newham,Inner,2,1,0.1659877800407332,False,False,False,False,0.4719471947194719,0.7548579970104634,Lateral,0.45404984423676015,0.6397608370702541,Lateral,0.4826989619377163,0.7057387057387058,Lateral,False,False,False,,1.0,0.0,0.18315018315018314,0.4742268041237113,0.7612107623318386,Lateral,0.4381720430107527,0.625560538116592,Lateral,0.4061456245824983,0.6914549653579677,Lateral,False,False,False,,1.0,0.0,0.17598152424942262
E02000720,Newham,Inner,3,2,0.1446028513238289,False,False,False,False,0.4427363566487317,0.8442569759896171,Counter-led,0.41888888888888887,0.5840363400389358,Lateral,0.413854351687389,0.6372382569326542,Lateral,True,False,True,,0.43776824034334766,0.4696969696969697,0.1279003961516695,0.5201271186440678,0.8458781362007168,Cascade-led,0.48856209150326796,0.5483870967741935,Lateral,0.4299876084262701,0.6155606407322655,Lateral,True,False,True,,0.3659942363112392,0.2782608695652174,0.14874141876430205
E02000721,Newham,Inner,2,2,0.0030549898167006,False,False,False,False,0.4894067796610169,0.7552,Lateral,0.45075757575757575,0.5632,Lateral,0.4825082508250825,0.6491002570694088,Lateral,False,False,False,,0.5595075239398085,0.4260204081632653,0.19665809768637532,0.4588709677419355,0.7101947308132875,Lateral,0.46567164179104475,0.5756013745704467,Lateral,0.4079939668174962,0.6415094339622641,Lateral,False,False,False,,0.40850277264325324,0.24331210191082803,0.15529753265602322
E02000722,Newham,Inner,2,2,0.1629327902240325,False,False,False,False,0.4379776601998824,0.73828125,Lateral,0.4612748457847841,0.6332465277777778,Lateral,0.4787581699346405,0.6848190973517344,Lateral,False,False,False,,0.5017064846416383,0.44200626959247646,0.14061917195076465,0.4318840579710145,0.760917512130569,Lateral,0.4242622950819672,0.6726951918835465,Lateral,0.4079575596816976,0.7175485344499429,Lateral,False,False,False,,0.44733420026007803,0.42025089605734767,0.13703844689760183
E02000723,Newham,Inner,2,2,0.230142566191446,False,False,False,False,0.4297709923664122,0.6830031282586028,Lateral,0.4315245478036176,0.605318039624609,Lateral,0.3970994475138121,0.6566893424036281,Lateral,False,False,False,,0.46608695652173915,0.2554410080183276,0.13015873015873017,0.3942148760330578,0.7063631056625803,Lateral,0.4118217054263566,0.6024518388791593,Lateral,0.3476088508208422,0.6729106628242075,Lateral,False,False,False,,0.4353182751540041,0.19474835886214442,0.17723342939481268
E02000724,Newham,Inner,2,2,0.1008146639511201,False,False,False,False,0.4369009584664536,0.6407369498464688,Lateral,0.4544564152791381,0.522517911975435,Lateral,0.4252597921662669,0.5728021978021978,Lateral,False,False,False,,0.44548872180451127,0.36022253129346316,0.10531135531135531,0.4208375893769152,0.6793893129770993,Lateral,0.43734643734643736,0.5648854961832062,Lateral,0.3725490196078431,0.6415094339622641,Lateral,False,False,False,,0.41626794258373206,0.26988636363636365,0.1761006289308176
E02000725,Newham,Inner,1,1,0.135437881873727,False,False,False,False,0.5023837902264601,0.6985845129059117,Lateral,0.5060702875399361,0.6515403830141548,Lateral,0.5296590378327884,0.718938885157824,Lateral,False,False,False,,1.0,0.0,0.19341840161182,0.4915773353751914,0.6354200454103146,Lateral,0.4894911504424779,0.5864417774894584,Lateral,0.457464553794829,0.6528723114620202,Lateral,False,False,False,,1.0,0.0,0.1606316362646338
E02000726,Newham,Inner,1,1,0.2270875763747454,False,False,False,False,0.5354466858789625,0.6564510026485055,Lateral,0.5337539432176656,0.5996973136587211,Lateral,0.5678733031674208,0.6762545899632803,Lateral,False,False,False,,1.0,0.0,0.1912484700122399,0.5154899894625922,0.7141782059000602,Lateral,0.5127806179150922,0.6771523178807947,Lateral,0.49508756941478,0.7660340314136126,Lateral,False,False,False,,1.0,0.0,0.27530541012216403
E02000727,Newham,Inner,2,2,0.1395112016293278,False,False,False,False,0.4535472972972973,0.6588759042849193,Lateral,0.4746760895170789,0.4724540901502504,Lateral,0.4598039215686274,0.5182926829268293,Lateral,False,False,False,,0.44136460554371004,0.33212341197822143,0.08689024390243902,0.4220846233230134,0.7047272727272728,Lateral,0.45849802371541504,0.552,Lateral,0.4102833158447009,0.6073932441045252,Lateral,False,False,False,,0.3554987212276215,0.28113879003558717,0.12364563416188655
E02000728,Newham,Inner,4,3,0.0193482688391038,False,False,False,False,0.5273132664437012,0.9527349973446628,Cascade-led,0.5245901639344263,0.9394583112055231,Cascade-led,0.4879960803527682,0.9470997679814385,Symmetric,False,True,True,,0.16164658634538154,0.5904306220095694,0.12621809744779583,0.4846671652954376,0.9556826304503216,Symmetric,0.4855403348554033,0.9392423159399571,Symmetric,0.4384858044164038,0.9491017964071856,Counter-led,False,True,True,,0.17410071942446043,0.49887640449438203,0.16227544910179642
E02000729,Newham,Inner,2,2,0.1384928716904277,False,False,False,False,0.535,0.6807351940095303,Lateral,0.5128834355828221,0.5547991831177672,Lateral,0.5130687318489835,0.6123295791345584,Lateral,False,False,False,,0.43018867924528303,0.44930417495029823,0.12922347362181388,0.4656144306651634,0.7205523964256701,Lateral,0.47752808988764045,0.578391551584078,Lateral,0.3920750782064651,0.648849797023004,Lateral,False,False,False,,0.3829787234042553,0.2607204116638079,0.16711772665764546
E02000730,Newham,Inner,3,2,0.080448065173116,False,False,False,False,0.4634655532359081,0.8518079430942501,Counter-led,0.47313084112149534,0.5074096028452875,Lateral,0.4531548757170172,0.5572722429408631,Lateral,True,False,True,,0.3818565400843882,0.3793706293706294,0.10122535961640916,0.4681915654038599,0.8782172002510985,Counter-led,0.4504896626768226,0.5768989328311362,Lateral,0.3991379310344827,0.6324972737186477,Lateral,True,False,True,,0.35853131749460043,0.2998565279770445,0.13140676117775354
E02000731,Newham,Inner,2,2,0.1048879837067209,False,False,False,False,0.4768009768009768,0.7219039224327898,Lateral,0.45612708018154313,0.5826355222565006,Lateral,0.4446627373935822,0.6172190784155214,Lateral,False,False,False,,0.41384388807069217,0.39976415094339623,0.08286176232821342,0.4228523769808173,0.7302070645554202,Lateral,0.45454545454545453,0.623020706455542,Lateral,0.3960244648318042,0.6787752983912818,Lateral,False,False,False,,0.4343629343629344,0.28227848101265823,0.14789828749351322
E02000732,Newham,Inner,1,1,0.0845213849287169,False,False,False,False,0.5205724508050089,0.7574525745257452,Lateral,0.5250683682771194,0.7432249322493225,Cascade-led,0.4876352395672333,0.7734608487746563,Symmetric,True,True,True,,1.0,0.0,0.1177525403466826,0.4760994263862332,0.7043771043771043,Lateral,0.4751219512195122,0.6902356902356902,Lateral,0.4364372469635627,0.7286135693215339,Lateral,False,False,False,,1.0,0.0,0.12389380530973451
E02000733,Newham,Inner,1,1,0.1537678207739307,False,False,False,False,0.4842360549717057,0.6429313929313929,Lateral,0.47833775419982316,0.5878378378378378,Lateral,0.4654804270462633,0.6392174704276615,Lateral,False,False,False,,1.0,0.0,0.12465878070973613,0.4495033112582781,0.6446104589114194,Lateral,0.4412556053811659,0.5949839914621131,Lateral,0.3961766644693474,0.6665202108963093,Lateral,False,False,False,,1.0,0.0,0.1766256590509666
E02000734,Newham,Inner,1,1,0.1283095723014256,False,False,False,False,0.486228813559322,0.6519337016574586,Lateral,0.47816349384098544,0.6167127071823204,Lateral,0.4641235240690282,0.6648550724637681,Lateral,False,False,False,,1.0,0.0,0.12560386473429952,0.4339869281045752,0.6291118421052632,Lateral,0.43568464730290457,0.5945723684210527,Lateral,0.3938100320170757,0.6552447552447552,Lateral,False,False,False,,1.0,0.0,0.14965034965034965
E02000735,Newham,Inner,1,1,0.0896130346232179,False,False,False,False,0.4842007434944237,0.6805819101834282,Lateral,0.4885057471264368,0.6603415559772297,Lateral,0.4808612440191387,0.7001675041876047,Lateral,False,False,False,,1.0,0.0,0.11725293132328309,0.3897435897435897,0.6813417190775681,Lateral,0.3850267379679144,0.6533892382948987,Lateral,0.3429718875502008,0.7151062607696727,Lateral,False,False,False,,1.0,0.0,0.17805858701895463
E02000736,Newham,Inner,1,1,0.0631364562118126,False,False,False,False,0.4267886855241264,0.7554996857322439,Lateral,0.42832909245122985,0.7410433689503457,Counter-led,0.4086709310589907,0.7735019241341397,Counter-led,True,False,True,,1.0,0.0,0.12534359538207807,0.4293304994686504,0.7521982414068745,Lateral,0.42332613390928725,0.7402078337330136,Lateral,0.3619582664526485,0.7931253978357734,Counter-led,False,True,True,,1.0,0.0,0.20369191597708466
E02000737,Newham,Inner,2,2,0.0875763747454175,False,False,False,False,0.4316720257234727,0.7203242617255357,Lateral,0.42696629213483145,0.6184134337000579,Lateral,0.401819560272934,0.666835187057634,Lateral,False,False,False,,0.4358490566037736,0.37515842839036756,0.1268958543983822,0.4836795252225519,0.742836149889787,Lateral,0.46296296296296297,0.5951506245407788,Lateral,0.3942394239423942,0.6684717208182912,Lateral,False,False,False,,0.3675799086757991,0.32838038632986627,0.18110709987966306
E02000738,Newham,Inner,3,2,0.1731160896130346,False,False,False,False,0.4265208475734791,0.8872043662825955,Counter-led,0.40930232558139534,0.5215281989084294,Lateral,0.4080459770114942,0.5695581014729951,Lateral,True,False,True,,0.4295774647887324,0.40614886731391586,0.10038188761593017,0.4234769687964339,0.8896232650363516,Counter-led,0.4211099020674646,0.6074025115664243,Lateral,0.372533543804262,0.6808167651800108,Lateral,True,False,True,,0.5190677966101694,0.38742138364779877,0.18699623858140785
E02000739,Newham,Inner,2,2,0.1059063136456211,False,False,False,False,0.4179236912156167,0.7518345563709139,Lateral,0.42339544513457555,0.6444296197464977,Lateral,0.437448896156991,0.6964692482915718,Lateral,False,False,False,,0.47289719626168225,0.49273255813953487,0.14635535307517084,0.4819159335288367,0.7738275340393344,Lateral,0.4807903402854007,0.68910741301059,Lateral,0.4313043478260869,0.7367072389493914,Lateral,False,False,False,,0.3487903225806452,0.3654434250764526,0.15310698270339526
E02000740,Newham,Inner,1,1,0.0957230142566191,False,False,False,False,0.4721141374837873,0.5673289183222958,Lateral,0.47229916897506924,0.5312729948491538,Lateral,0.4507936507936508,0.5973451327433629,Lateral,False,False,False,,1.0,0.0,0.14096080910240202,0.4186046511627907,0.6370370370370371,Lateral,0.4192256341789052,0.6164609053497943,Lateral,0.3661417322834646,0.6855600539811066,Lateral,False,False,False,,1.0,0.0,0.18016194331983806
E02000741,Newham,Inner,2,2,0.1150712830957229,False,False,False,False,0.436608557844691,0.7620772946859904,Lateral,0.4436893203883495,0.6219806763285024,Lateral,0.416466826538769,0.6664890783164624,Lateral,False,False,False,,0.33013435700575816,0.4780821917808219,0.11774107618540224,0.4718309859154929,0.7851500789889415,Lateral,0.49709639953542395,0.6800947867298578,Lateral,0.4176111595466434,0.7390463917525774,Lateral,False,False,False,,0.3903966597077244,0.29191616766467066,0.18427835051546393
E02000742,Newham,Inner,2,2,0.0478615071283095,False,False,False,False,0.4705882352941176,0.7256748273697426,Lateral,0.44570837642192346,0.6070307595731325,Lateral,0.4237427864798021,0.6595976073953236,Lateral,False,False,False,,0.48638132295719844,0.4248927038626609,0.13376835236541598,0.4372294372294372,0.7623762376237624,Lateral,0.42932628797886396,0.6245874587458746,Lateral,0.3870029097963142,0.6938088829071333,Lateral,False,False,False,,0.44360902255639095,0.31170886075949367,0.18438761776581428
E02000743,Newham,Inner,1,1,0.0437881873727087,False,False,False,False,0.4760820045558087,0.5761154855643045,Lateral,0.46987951807228917,0.5446194225721784,Lateral,0.4403578528827038,0.591764705882353,Lateral,False,False,False,,1.0,0.0,0.10352941176470588,0.4245709123757904,0.6160267111853088,Lateral,0.4270833333333333,0.5876460767946577,Lateral,0.3841421736158578,0.6637931034482759,Lateral,False,False,False,,1.0,0.0,0.18466424682395643
E02000744,Newham,Inner,1,1,0.0437881873727087,False,False,False,False,0.4828263002944062,0.5747320924985899,Lateral,0.47167868177136973,0.5476593344613649,Lateral,0.4391025641025641,0.608780487804878,Lateral,False,False,False,,1.0,0.0,0.1351219512195122,0.393057110862262,0.5717029449423816,Lateral,0.3911525029103609,0.5499359795134443,Lateral,0.3414832925835371,0.6357512953367875,Lateral,False,False,False,,1.0,0.0,0.19067357512953367
E02000745,Newham,Inner,2,2,0.0437881873727087,False,False,False,False,0.4827295703454086,0.7819499341238472,Lateral,0.4616216216216216,0.6093544137022397,Lateral,0.4198664440734557,0.6689000558347292,Lateral,False,False,False,,0.38767395626242546,0.43453237410071943,0.152428810720268,0.5150472914875323,0.8048442906574395,Symmetric,0.4787123572170301,0.6664359861591695,Lateral,0.4285714285714285,0.7266023823028928,Lateral,True,False,True,,0.48633879781420764,0.4030054644808743,0.18037436188315373
E02000746,Newham,Inner,1,1,0.0672097759674134,False,False,False,False,0.4787234042553192,0.7014925373134329,Lateral,0.47796610169491527,0.6604477611940298,Lateral,0.5471830985915493,0.7573333333333333,Cascade-led,False,True,True,,1.0,0.0,0.2853333333333333,0.6170542635658914,0.6608606557377049,Lateral,0.6140350877192983,0.6424180327868853,Lateral,0.5638977635782748,0.7290372670807453,Lateral,False,False,False,,1.0,0.0,0.2422360248447205
E02000747,Newham,Inner,1,1,0.0356415478615071,False,False,False,False,0.5314245810055865,0.6183074265975821,Lateral,0.5328798185941043,0.5712435233160622,Lateral,0.5424300867888139,0.6762308444734269,Lateral,False,False,False,,1.0,0.0,0.24486468862080207,0.4894366197183099,0.6275252525252525,Lateral,0.4934426229508197,0.5776515151515151,Lateral,0.4430625728721337,0.6578880081820506,Lateral,False,False,False,,1.0,0.0,0.18997698798261314
E02000748,Newham,Inner,3,2,0.1008146639511201,False,False,False,False,0.4659270998415214,0.8925035360678925,Counter-led,0.41289592760180993,0.6251768033946252,Lateral,0.4253915910964551,0.6959265633964429,Lateral,True,False,True,,0.48255813953488375,0.4232424677187948,0.18875502008032127,0.4860813704496788,0.9229249011857708,Symmetric,0.4636627906976744,0.6798418972332015,Lateral,0.4111874386653582,0.7587490692479524,Lateral,True,False,True,,0.4224343675417661,0.36333333333333334,0.24646314221891288
E02000749,Newham,Inner,1,1,0.0122199592668024,False,False,False,False,0.4356197352587244,0.5995670995670995,Lateral,0.44430051813471505,0.556998556998557,Lateral,0.3972999035679845,0.6281041792852816,Lateral,False,False,False,,1.0,0.0,0.16050878255602666,0.4334511189634865,0.5709482178883658,Lateral,0.43349753694581283,0.5460659045057162,Lateral,0.3703056768558952,0.6291208791208791,Lateral,False,False,False,,1.0,0.0,0.18296703296703296
E02000750,Newham,Inner,1,1,0.4358452138492872,False,False,False,False,0.5097919216646267,0.6819699499165276,Lateral,0.5019893899204244,0.6293823038397329,Lateral,0.5326947105372761,0.7300091213134692,Lateral,False,False,False,,1.0,0.0,0.27151109759805414,0.5696465696465697,0.6669748093367229,Lateral,0.5598657217456173,0.6195978738155766,Lateral,0.4817012858555885,0.7107205623901581,Lateral,False,False,False,,1.0,0.0,0.23954305799648506
E02000751,Redbridge,Outer,10,9,0.0386965376782078,False,False,False,False,0.4055158324821246,0.9702675916749256,Counter-led,0.40818363273453095,0.9930624380574826,Counter-led,0.4981458590852904,0.9956923076923077,Symmetric,False,True,True,,0.011166253101736972,0.9864532019704434,0.3790769230769231,0.4353049907578558,0.980072463768116,Counter-led,0.43526170798898073,0.9864130434782609,Counter-led,0.5544662309368191,0.9918962722852512,Cascade-led,False,True,True,,0.0009823182711198428,0.9951100244498777,0.4035656401944895
E02000752,Redbridge,Outer,3,2,0.0417515274949083,False,False,False,False,0.428099173553719,0.8845029239766082,Counter-led,0.4527972027972028,0.8362573099415205,Counter-led,0.4209860935524652,0.875968992248062,Counter-led,False,False,False,,0.948948948948949,0.1572052401746725,0.2425249169435216,0.4714285714285714,0.9261300992282248,Counter-led,0.4974160206718346,0.8533627342888643,Symmetric,0.4439421338155515,0.8926553672316384,Counter-led,True,True,False,,0.9409368635437881,0.17886178861788618,0.2679580306698951
E02000753,Redbridge,Outer,5,4,-0.070264765784114,False,False,False,False,0.4487632508833922,0.9625850340136054,Counter-led,0.44280442804428044,0.9217687074829932,Counter-led,0.42,0.9422110552763819,Counter-led,False,False,False,,0.7174603174603175,0.2689655172413793,0.2613065326633166,0.4524137931034482,0.9615384615384616,Counter-led,0.4353448275862069,0.9230769230769231,Counter-led,0.366892545982575,0.9468377635197067,Counter-led,False,False,False,,0.7018469656992085,0.3577981651376147,0.308890925756187
E02000754,Redbridge,Outer,8,6,-0.0173116089613034,False,False,False,False,0.423728813559322,0.921875,Counter-led,0.4331395348837209,0.9772727272727273,Counter-led,0.4331395348837209,0.67384916748286,Lateral,False,True,True,,0.2684563758389262,0.7974358974358975,0.31047992164544563,0.3873456790123457,0.9418604651162792,Counter-led,0.3997005988023952,0.9709302325581395,Counter-led,0.3997005988023952,0.599640933572711,Lateral,False,True,True,,0.24344569288389514,0.8179551122194514,0.38240574506283664
E02000755,Redbridge,Outer,7,5,-0.0132382892057026,False,False,False,False,0.4239828693790149,0.7618270799347472,Lateral,0.42332613390928725,0.7553017944535073,Counter-led,0.3808864265927978,0.8279816513761468,Counter-led,True,False,True,,0.610909090909091,0.4317673378076063,0.29701834862385323,0.5175879396984925,0.7552182163187856,Lateral,0.5319693094629157,0.7419354838709677,Lateral,0.3617021276595745,0.8382877526753865,Counter-led,False,True,True,,0.5647058823529412,0.3088888888888889,0.3733650416171225
E02000756,Redbridge,Outer,7,5,0.015274949083503,False,False,False,False,0.4517810599478714,0.7257250945775536,Lateral,0.470432480141218,0.71437578814628,Lateral,0.441073512252042,0.7909552376557453,Counter-led,False,True,True,,0.5648148148148148,0.44258872651356995,0.2681125980618366,0.4066265060240964,0.772093023255814,Lateral,0.4105102817974105,0.7633720930232558,Counter-led,0.3406007751937984,0.8352893565358155,Counter-led,True,False,True,,0.45376955903271693,0.45260837619397504,0.3039255362201538
E02000757,Redbridge,Outer,9,8,0.0285132382892057,False,False,False,False,0.4096009975062344,0.9451974071891572,Counter-led,0.4094724220623501,0.9829110194460813,Counter-led,0.4720223820943245,0.9885420782299487,Counter-led,False,False,False,,0.03302286198137172,0.9227857683573051,0.32951402607664954,0.4376224689745264,0.9509316770186336,Counter-led,0.43635212159594683,0.9807453416149068,Counter-led,0.5331098072087175,0.9871741828713281,Cascade-led,False,True,True,,0.04481132075471698,0.9461400359066428,0.3338849813818784
E02000758,Redbridge,Outer,7,5,0.0142566191446028,False,False,False,False,0.4041237113402062,0.6726768377253814,Lateral,0.38636363636363635,0.6712898751733704,Lateral,0.3602836879432624,0.7484076433121019,Lateral,False,False,False,,0.5275590551181102,0.4656319290465632,0.2346072186836518,0.4203233256351039,0.730185497470489,Lateral,0.4295774647887324,0.718381112984823,Lateral,0.364963503649635,0.8039906103286385,Counter-led,False,True,True,,0.5,0.4,0.3039906103286385
E02000759,Redbridge,Outer,7,5,0.044806517311609,False,False,False,False,0.4508529650690495,0.8483804272915231,Counter-led,0.45638126009693053,0.8532046864231564,Counter-led,0.4307856761090326,0.8977927063339731,Counter-led,False,False,False,,0.6339950372208437,0.37746478873239436,0.30374280230326295,0.4638109305760709,0.8564199873497786,Counter-led,0.4663710273466371,0.855787476280835,Counter-led,0.3822541966426858,0.9014267185473411,Counter-led,False,False,False,,0.5031367628607277,0.34627329192546585,0.3164721141374838
E02000760,Redbridge,Outer,7,5,-0.0570264765784114,False,False,False,False,0.4991423670668953,0.6915776986951364,Lateral,0.4991055456171735,0.6631079478054567,Lateral,0.4292929292929293,0.7360594795539034,Lateral,False,False,False,,0.5264705882352941,0.47345132743362833,0.21654275092936803,0.4639639639639639,0.7138263665594855,Lateral,0.47604790419161674,0.7159699892818864,Lateral,0.410010649627263,0.7799003322259136,Counter-led,False,True,True,,0.37662337662337664,0.4314079422382672,0.22508305647840532
E02000762,Redbridge,Outer,9,7,0.0417515274949084,False,False,False,False,0.4741258741258741,0.9482758620689656,Counter-led,0.4383561643835616,0.8713527851458885,Counter-led,0.5202247191011236,0.9017223910840932,Cascade-led,False,True,True,,0.01511879049676026,0.9180327868852459,0.23606889564336372,0.5132867132867133,0.976775956284153,Symmetric,0.5022026431718062,0.930327868852459,Symmetric,0.579002079002079,0.9496544916090819,Cascade-led,False,True,True,,0.00718132854578097,0.928395061728395,0.2773938795656466
E02000763,Redbridge,Outer,6,5,0.0325865580448064,False,False,False,False,0.4480286738351254,0.9238410596026492,Counter-led,0.44157814871016693,0.7273730684326711,Lateral,0.4128959276018099,0.7816091954022989,Counter-led,True,True,False,,0.4328767123287671,0.4836223506743738,0.1989389920424403,0.4183783783783784,0.8759469696969697,Counter-led,0.43918053777208704,0.7395833333333334,Lateral,0.3968401486988847,0.7964470762398224,Counter-led,True,True,False,,0.3864168618266979,0.5161787365177196,0.21835677276091783
E02000764,Redbridge,Outer,8,7,0.0672097759674134,False,False,False,False,0.432983682983683,0.9377049180327868,Counter-led,0.4306569343065693,0.898360655737705,Counter-led,0.4774624373956594,0.9279628195197521,Counter-led,False,False,False,,0.09353146853146853,0.8865814696485623,0.29124709527498066,0.449375,0.943952802359882,Counter-led,0.45302445302445304,0.9168141592920354,Counter-led,0.5451388888888888,0.9423312883435583,Cascade-led,False,True,True,,0.08439490445859872,0.8902671755725191,0.3067484662576687
E02000765,Redbridge,Outer,8,6,0.0132382892057025,False,False,False,False,0.4537902388369678,0.937682570593963,Counter-led,0.43983402489626555,0.9386562804284323,Counter-led,0.4398340248962655,0.7755430410297667,Counter-led,False,False,False,,0.13679245283018868,0.8240740740740741,0.1737731295253419,0.4561904761904762,0.9349955476402492,Counter-led,0.4689265536723164,0.9456812110418522,Counter-led,0.4689265536723164,0.7385257301808067,Lateral,False,True,True,,0.12449799196787148,0.824468085106383,0.21905424200278165
E02000767,Redbridge,Outer,7,5,0.0132382892057025,False,False,False,False,0.4298584298584298,0.7580487804878049,Lateral,0.418732782369146,0.7082926829268292,Lateral,0.3785714285714285,0.766223612197029,Counter-led,False,True,True,,0.39892183288409705,0.48932676518883417,0.19859265050820954,0.4,0.8179530201342282,Counter-led,0.40155728587319245,0.7541946308724832,Counter-led,0.3420045906656465,0.816875,Counter-led,False,False,False,,0.42953020134228187,0.4383720930232558,0.255
E02000768,Redbridge,Outer,9,7,0.065173116089613,False,False,False,False,0.4847222222222222,0.9207161125319692,Symmetric,0.4747634069400631,0.8107416879795396,Counter-led,0.5261932479627474,0.8530287984111221,Cascade-led,True,True,True,,0.0420353982300885,0.8943488943488943,0.2234359483614697,0.5047619047619047,0.9333333333333332,Symmetric,0.5264054514480409,0.8696296296296296,Cascade-led,0.593939393939394,0.9036144578313253,Cascade-led,True,False,True,,0.07551020408163266,0.9223880597014925,0.2606790799561884
E02000769,Redbridge,Outer,7,5,-0.0224032586558045,False,False,False,False,0.3995381062355658,0.8699146157709694,Counter-led,0.4008168028004667,0.8608739326971371,Counter-led,0.3749454386730685,0.8921339563862928,Counter-led,False,False,False,,0.3620488940628638,0.6138268156424581,0.22468847352024923,0.4401913875598086,0.8618556701030928,Counter-led,0.4405552202776101,0.8541237113402061,Counter-led,0.3698979591836734,0.8925996204933586,Counter-led,False,False,False,,0.2689655172413793,0.5168690958164642,0.2637571157495256
E02000770,Redbridge,Outer,7,5,0.0529531568228105,False,False,False,False,0.4117647058823529,0.8103277060575969,Counter-led,0.421875,0.76266137040715,Counter-led,0.3881644934804413,0.8066343042071198,Counter-led,False,False,False,,0.2713178294573643,0.6,0.18527508090614886,0.4583333333333333,0.812793979303857,Counter-led,0.45355850422195415,0.779868297271872,Counter-led,0.4132606721162579,0.8247191011235955,Counter-led,False,False,False,,0.2989010989010989,0.5325077399380805,0.20374531835205992
E02000772,Redbridge,Outer,6,4,0.0376782077393076,False,False,False,False,0.4157392686804451,0.871191135734072,Counter-led,0.4102127659574468,0.8137119113573407,Counter-led,0.3963538149898717,0.8462857142857143,Counter-led,False,False,False,,0.5281090289608177,0.4217002237136465,0.17485714285714285,0.4594059405940594,0.8347107438016529,Counter-led,0.44963655244029077,0.7958677685950413,Counter-led,0.3987823439878234,0.8417680973734786,Counter-led,False,False,False,,0.4580152671755725,0.2468354430379747,0.22485586162716206
E02000773,Redbridge,Outer,6,4,0.0784114052953157,True,False,False,False,0.3694214876033058,0.8845029239766082,Counter-led,0.36663980660757456,0.9071637426900585,Counter-led,0.3570045190445449,0.9242243436754176,Counter-led,False,False,False,Counter,0.5406871609403255,0.4879518072289157,0.18377088305489261,0.4329738058551617,0.8776200135226504,Counter-led,0.4401220442410374,0.8864097363083164,Counter-led,0.4132327336041788,0.911158117398202,Counter-led,False,False,False,,0.5955056179775281,0.3600395647873393,0.2178741406663141
E02000774,Redbridge,Outer,5,4,-0.0224032586558045,False,False,False,False,0.4330357142857143,0.9531914893617022,Counter-led,0.42971887550200805,0.8476595744680852,Counter-led,0.401006711409396,0.8694383661560905,Counter-led,False,False,False,,0.4811715481171548,0.530812324929972,0.14296134208606856,0.386654478976234,0.9455488331892826,Counter-led,0.3804004214963119,0.8202247191011236,Counter-led,0.361998361998362,0.85444366689993,Counter-led,False,False,False,,0.48642533936651583,0.38254172015404364,0.19034289713086075
E02000776,Redbridge,Outer,6,5,0.0376782077393075,False,False,False,False,0.3898458748866727,0.9222408026755852,Counter-led,0.40037950664136623,0.8812709030100334,Counter-led,0.4165995165189363,0.8973246565437455,Counter-led,False,False,False,,0.3036750483558994,0.7058011049723757,0.13521330441070137,0.4042806183115339,0.8918345705196182,Counter-led,0.42770352369380316,0.8727465535524921,Counter-led,0.3978282329713721,0.8940864960282436,Counter-led,False,False,False,,0.22084367245657568,0.5426229508196722,0.1676963812886143
E02000777,Redbridge,Outer,7,5,-0.0437881873727087,True,False,False,False,0.4621451104100946,0.9255474452554744,Counter-led,0.4624,0.9124087591240876,Counter-led,0.4114942528735632,0.9354838709677419,Counter-led,False,False,False,,0.4134078212290503,0.509765625,0.26344086021505375,0.3532423208191126,0.9085271317829458,Counter-led,0.3530405405405405,0.9178294573643411,Counter-led,0.3130841121495327,0.9416941694169417,Counter-led,False,False,False,Counter,0.3582089552238806,0.5119047619047619,0.29042904290429045
E02000779,Redbridge,Outer,3,2,0.0529531568228106,False,False,False,False,0.3957738435179897,0.8942798774259448,Counter-led,0.3992273019961365,0.7931562819203268,Counter-led,0.3976356797420741,0.821270962047661,Counter-led,False,False,False,,0.8635135135135135,0.13559322033898305,0.13592233009708737,0.4371859296482412,0.8969014084507042,Counter-led,0.4422535211267606,0.8,Counter-led,0.4042913608130999,0.8330197554092192,Counter-led,False,False,False,,0.8072625698324022,0.13554502369668248,0.16509877704609596
E02000780,Redbridge,Outer,4,3,0.0926680244399185,False,False,False,False,0.4357959542656112,0.865296803652968,Counter-led,0.421421889616464,0.8135464231354642,Counter-led,0.423030787684926,0.8361751922433969,Counter-led,False,False,False,,0.6304347826086957,0.4248094248094248,0.1213640922768305,0.4591422121896162,0.8632112236944661,Counter-led,0.44966442953020136,0.8129384255650819,Counter-led,0.3964518464880521,0.8519432449105491,Counter-led,False,False,False,,0.5917808219178082,0.29154169166166766,0.20851326341764342
E02000781,Redbridge,Outer,7,5,-0.0061099796334012,False,False,False,False,0.4552631578947368,0.8775981524249422,Counter-led,0.45827814569536424,0.871824480369515,Counter-led,0.419863373620599,0.8955294117647059,Counter-led,False,False,False,,0.23153942428035043,0.6403985507246377,0.18494117647058825,0.4721141374837873,0.8801369863013698,Counter-led,0.4689521345407503,0.882420091324201,Counter-led,0.4043073910915321,0.9084037349933304,Counter-led,False,False,False,,0.18159806295399517,0.5505341002465078,0.22098710538016897
E02000782,Redbridge,Outer,4,3,-0.1038696537678208,False,False,False,False,0.4314652261985145,0.8209534368070953,Counter-led,0.42630385487528344,0.733370288248337,Counter-led,0.4139030612244898,0.7652513421181064,Counter-led,False,False,False,,0.6040061633281972,0.4015233949945593,0.11957052220595413,0.3797953964194373,0.8395061728395061,Counter-led,0.36792452830188677,0.7965646806226516,Counter-led,0.3427485062466051,0.8292792792792792,Counter-led,False,False,False,,0.606973058637084,0.44049586776859506,0.1608108108108108
E02000783,Redbridge,Outer,3,3,-0.0142566191446028,False,False,False,False,0.4345991561181435,0.9171826625386996,Counter-led,0.37747653806047965,0.7422600619195047,Counter-led,0.3767857142857143,0.7708189951823813,Counter-led,False,False,False,,0.5402843601895735,0.44412607449856734,0.11080523055746731,0.421822272215973,0.8589371980676328,Counter-led,0.39951573849878935,0.7980676328502415,Counter-led,0.3656015037593985,0.835820895522388,Counter-led,False,False,False,,0.493573264781491,0.362962962962963,0.18695993715632364
E02000784,Richmond upon Thames,Outer,10,8,-0.0264765784114052,False,False,False,False,0.4782270606531882,0.8579052701801201,Counter-led,0.4562770562770563,0.7705136757838559,Counter-led,0.4968078932095183,0.8335752298016449,Symmetric,False,True,True,,0.0852803738317757,0.8904267589388697,0.2747943880019352,0.5166944908180301,0.8100067613252198,Symmetric,0.5060137457044673,0.7870182555780934,Symmetric,0.5855752718946766,0.8472356935014549,Cascade-led,False,True,True,,0.0967741935483871,0.850828729281768,0.2827352085354025
E02000785,Richmond upon Thames,Outer,10,10,-0.0112016293279021,False,False,False,False,0.4488255033557047,0.7650834403080873,Lateral,0.4756756756756757,0.9499358151476252,Counter-led,0.5059852670349908,0.9653333333333334,Symmetric,True,True,True,,0.0,1.0,0.3075555555555556,0.4474123539232053,0.7744020685197156,Lateral,0.4711864406779661,0.9534583063994829,Counter-led,0.5764654032613487,0.9692439128577531,Cascade-led,True,True,True,,0.0,1.0,0.3391712943186672
E02000786,Richmond upon Thames,Outer,9,8,0.0274949083503054,False,False,False,False,0.4092777451556078,0.8549196787148594,Counter-led,0.4037227214377407,0.7821285140562249,Counter-led,0.5010771219302025,0.8424682395644283,Symmetric,False,True,True,,0.14015477214101463,0.7797927461139896,0.276950998185118,0.4066225165562914,0.8492688413948256,Counter-led,0.398431931575196,0.7890888638920135,Counter-led,0.5477047704770477,0.8556026184058529,Cascade-led,False,True,True,,0.142974527526705,0.7751243781094528,0.31536388140161725
E02000787,Richmond upon Thames,Outer,9,7,-0.0458248472505091,False,False,False,False,0.4124293785310734,0.8100686498855835,Counter-led,0.44357272178636087,0.9479405034324943,Counter-led,0.4851729818780889,0.963874553394204,Symmetric,False,True,True,,0.3760611205432937,0.6232,0.30607383882493056,0.4105400130123617,0.8482339955849889,Counter-led,0.42457775189283636,0.9475717439293598,Counter-led,0.5346303501945525,0.9643527204502814,Cascade-led,False,True,True,,0.27510917030567683,0.5702341137123745,0.3200750469043152
E02000788,Richmond upon Thames,Outer,10,9,0.0213849287169043,False,False,False,False,0.3915391539153915,0.7426470588235294,Lateral,0.42624113475177305,0.9425133689839572,Counter-led,0.4843989769820971,0.9578637922586967,Symmetric,True,True,True,,0.0559662090813094,0.9533730158730159,0.2670259676629103,0.421579532814238,0.7479201331114809,Lateral,0.43408071748878924,0.9276206322795341,Counter-led,0.5488810365135454,0.9512605042016806,Cascade-led,True,True,True,,0.03540772532188841,0.9399477806788512,0.3266106442577031
E02000789,Richmond upon Thames,Outer,9,8,-0.0040733197556007,False,False,False,False,0.3911368015414258,0.8205533596837945,Counter-led,0.41139804096170973,0.8877470355731225,Counter-led,0.4336399474375821,0.9146634615384616,Counter-led,False,False,False,,0.2545454545454545,0.6299303944315545,0.23978365384615385,0.3949343339587242,0.8321623731459797,Counter-led,0.41197822141560797,0.8602654176424668,Counter-led,0.5057324840764331,0.8976558033161807,Symmetric,False,True,True,,0.2304785894206549,0.6507731958762887,0.26758147512864494
E02000790,Richmond upon Thames,Outer,10,10,0.0020366598778004,False,False,False,False,0.3838951310861423,0.5014084507042254,Lateral,0.4537987679671458,0.9145539906103286,Counter-led,0.4929971988795518,0.9400921658986175,Symmetric,True,True,True,,0.0,1.0,0.2988808426596445,0.4070660522273425,0.6176470588235294,Lateral,0.45304437564499483,0.9193548387096774,Counter-led,0.547316384180791,0.9433710859427049,Cascade-led,True,True,True,,0.0,1.0,0.2978014656895403
E02000791,Richmond upon Thames,Outer,10,9,0.0234215885947047,False,False,False,False,0.4587884806355511,0.6892539356605065,Lateral,0.45476190476190476,0.8624229979466119,Counter-led,0.4646754738655945,0.8964984552008239,Counter-led,True,False,True,,0.08405438813349815,0.8830472103004292,0.24768280123583933,0.45042194092827,0.691970802919708,Lateral,0.4574829931972789,0.8583941605839416,Counter-led,0.5356308411214953,0.8982161594963274,Cascade-led,True,True,True,,0.05234460196292257,0.8830188679245283,0.2812172088142707
E02000792,Richmond upon Thames,Outer,10,9,0.030549898167006,False,False,False,False,0.4485842026825633,0.5209627329192547,Lateral,0.464746772591857,0.781832298136646,Counter-led,0.4944841012329656,0.8457738748627881,Symmetric,True,True,True,,0.15091863517060367,0.8241335044929397,0.29308452250274425,0.3935119887165021,0.5534738485558157,Lateral,0.4245472837022133,0.7759562841530054,Counter-led,0.5263509006004002,0.8393057110862262,Cascade-led,True,True,True,,0.11153358681875793,0.8549295774647887,0.28275475923852184
E02000793,Richmond upon Thames,Outer,9,8,-0.0437881873727087,True,False,False,False,0.4906284454244763,0.8857421875,Symmetric,0.4871508379888268,0.8740234375,Symmetric,0.5109649122807017,0.9138276553106213,Symmetric,False,False,False,,0.2217453505007153,0.8639760837070254,0.31596526386105545,0.4844155844155844,0.8651685393258427,Symmetric,0.49282920469361147,0.8617977528089887,Symmetric,0.6054474708171206,0.9126420454545454,Cascade-led,False,True,True,Cascade,0.18123393316195371,0.7731755424063116,0.3678977272727273
E02000794,Richmond upon Thames,Outer,10,9,0.0183299389002036,False,False,False,False,0.4738461538461538,0.5546075085324232,Lateral,0.5086021505376344,0.7935153583617748,Symmetric,0.5347274085138163,0.846932321315623,Cascade-led,True,True,True,,0.138268156424581,0.8972712680577849,0.25869702719797594,0.3654485049833887,0.5610438024231128,Lateral,0.4332129963898917,0.7744641192917054,Counter-led,0.5456692913385827,0.83994708994709,Cascade-led,True,True,True,,0.13997113997113997,0.925476603119584,0.29034391534391535
E02000795,Richmond upon Thames,Outer,10,8,0.0091649694501018,False,False,False,False,0.5183946488294314,0.6281512605042017,Lateral,0.541782729805014,0.7542016806722689,Cascade-led,0.5449392712550607,0.8407079646017699,Cascade-led,True,False,True,,0.2362555720653789,0.7651245551601423,0.35194009530292714,0.3875502008032128,0.6201743462017435,Lateral,0.4479638009049774,0.825653798256538,Counter-led,0.5387673956262425,0.8778359511343804,Cascade-led,True,True,True,,0.24723247232472326,0.728448275862069,0.29930191972076786
E02000796,Richmond upon Thames,Outer,8,6,-0.0947046843177189,False,False,False,False,0.4870651204281891,0.9436026936026936,Symmetric,0.4865831842576029,0.9410774410774411,Symmetric,0.4865831842576029,0.6674626865671642,Lateral,False,True,True,,0.59375,0.5383275261324042,0.29074626865671643,0.4685466377440347,0.944672131147541,Counter-led,0.4665948275862069,0.9508196721311475,Counter-led,0.4665948275862069,0.6628571428571428,Lateral,False,True,True,,0.4226327944572748,0.597979797979798,0.3028571428571429
E02000797,Richmond upon Thames,Outer,10,9,0.0122199592668024,False,False,False,False,0.4462705436156763,0.5153094462540717,Lateral,0.5162364696086594,0.7824104234527687,Symmetric,0.5218352681039248,0.8441437237517498,Cascade-led,True,True,True,,0.1440677966101695,0.9063583815028902,0.28371441903873074,0.3916876574307305,0.5172638436482084,Lateral,0.429801894918174,0.7563517915309447,Counter-led,0.5356531660011409,0.8241654913023038,Cascade-led,True,True,True,,0.0926517571884984,0.8783783783783784,0.27832628114715563
E02000798,Richmond upon Thames,Outer,10,8,-0.0376782077393075,False,False,False,False,0.4736164736164736,0.4977578475336323,Lateral,0.5320970042796006,0.8981422165278667,Cascade-led,0.567005076142132,0.9253170502583372,Cascade-led,True,False,True,,0.38137869292748433,0.6283704572098476,0.2667919210897135,0.4105409153952843,0.5610894941634241,Lateral,0.45859305431878894,0.8739299610894942,Counter-led,0.5533294048320566,0.9128563743948359,Cascade-led,True,True,True,,0.2779552715654952,0.6926121372031663,0.3087681549220011
E02000799,Richmond upon Thames,Outer,10,10,0.0122199592668024,False,False,False,False,0.4871794871794871,0.4756097560975609,Lateral,0.5361736334405145,0.8923959827833573,Cascade-led,0.4551724137931034,0.9311926605504587,Counter-led,True,True,True,,0.0,1.0,0.3605504587155963,0.4168157423971377,0.4810671256454389,Lateral,0.4821600771456123,0.8924268502581756,Symmetric,0.4611260053619302,0.9371859296482412,Counter-led,True,True,True,,0.0,1.0,0.41608040201005025
E02000800,Richmond upon Thames,Outer,7,5,0.0234215885947046,False,False,False,False,0.5216,0.9370314842578712,Cascade-led,0.5258899676375405,0.9265367316341829,Cascade-led,0.4590964590964591,0.9435483870967742,Counter-led,False,True,True,,0.8377659574468085,0.21670428893905191,0.2315668202764977,0.5766129032258065,0.9612403100775194,Cascade-led,0.5757575757575758,0.9593023255813954,Cascade-led,0.4649933949801849,0.9730077120822622,Counter-led,False,True,True,,0.8380681818181818,0.18271604938271604,0.33676092544987146
E02000801,Richmond upon Thames,Outer,10,10,0.0020366598778003,False,False,False,False,0.381404174573055,0.4366197183098591,Lateral,0.44961977186311786,0.8715824357912179,Counter-led,0.5039473684210526,0.9074626865671642,Symmetric,True,True,True,,0.0,1.0,0.27940298507462685,0.3264840182648402,0.4515463917525773,Lateral,0.4231651376146789,0.8989690721649485,Counter-led,0.546242774566474,0.9338731443994602,Cascade-led,True,True,True,,0.0,1.0,0.34547908232118757
E02000802,Richmond upon Thames,Outer,10,9,0.0091649694501018,False,False,False,False,0.4493392070484581,0.4503968253968254,Lateral,0.5198902606310014,0.7232142857142857,Lateral,0.5667550839964633,0.8021276595744681,Cascade-led,False,True,True,,0.17160686427457097,0.9326530612244898,0.2851063829787234,0.4221311475409836,0.5298588490770901,Lateral,0.4676753782668501,0.7893593919652552,Counter-led,0.5826086956521739,0.8670322138450994,Cascade-led,True,True,True,,0.13161465400271372,0.9015151515151515,0.36874571624400276
E02000803,Richmond upon Thames,Outer,8,6,-0.1344195519348269,False,False,False,False,0.582302568981922,0.9528558476881231,Cascade-led,0.5796418473138548,0.9619220308250227,Cascade-led,0.5796418473138548,0.6585971446306642,Lateral,False,True,True,,0.759349593495935,0.3923766816143498,0.3153320918684047,0.5354691075514875,0.945887445887446,Cascade-led,0.5340909090909091,0.9523809523809523,Cascade-led,0.5340909090909091,0.5827814569536424,Lateral,False,True,True,,0.7297872340425532,0.35365853658536583,0.3880794701986755
E02000804,Richmond upon Thames,Outer,10,9,0.0122199592668024,False,False,False,False,0.3844797178130511,0.4496431403647898,Lateral,0.4365482233502538,0.7811260904044409,Counter-led,0.4818481848184818,0.8458961474036851,Symmetric,True,True,True,,0.17123287671232876,0.8547770700636943,0.29592406476828587,0.3859315589353612,0.4730215827338129,Lateral,0.42162162162162165,0.8318345323741008,Counter-led,0.5443708609271524,0.8898055391868003,Cascade-led,True,True,True,,0.1362530413625304,0.8415697674418605,0.3447259870359458
E02000805,Richmond upon Thames,Outer,10,8,0.0132382892057025,True,False,False,False,0.496900826446281,0.567741935483871,Lateral,0.49159970781592405,0.8029325513196481,Symmetric,0.5058664259927798,0.8683385579937304,Symmetric,True,False,True,,0.3086529884032114,0.7251141552511415,0.33189655172413796,0.4871165644171779,0.5796586059743954,Lateral,0.5025996533795494,0.8207681365576103,Symmetric,0.6168322007318349,0.8836027713625866,Cascade-led,True,True,True,Cascade,0.23813559322033898,0.6534788540245566,0.3505773672055427
E02000806,Richmond upon Thames,Outer,10,9,0.0040733197556007,False,False,False,False,0.4319444444444444,0.650994575045208,Lateral,0.462800875273523,0.8264014466546112,Counter-led,0.5421455938697318,0.8907849829351536,Cascade-led,True,True,True,,0.10482921083627797,0.9567642956764296,0.3708759954493743,0.3960720130932897,0.6073558648111332,Lateral,0.4368098159509202,0.8101391650099403,Counter-led,0.575619295958279,0.8892753623188406,Cascade-led,True,True,True,,0.08833522083805209,0.946236559139785,0.41681159420289854
E02000807,Southwark,Inner,8,6,0.0254582484725051,False,False,False,False,0.4910759816420194,0.9423354156655456,Symmetric,0.48419468138484695,0.9577126381547333,Symmetric,0.4841946813848469,0.7271068952936884,Lateral,False,True,True,,0.08704663212435233,0.8647859922178989,0.24078803356439255,0.5011246063877642,0.9451530612244898,Symmetric,0.49843819723337796,0.9528061224489796,Symmetric,0.4984381972333779,0.7243051066580478,Lateral,False,True,True,,0.06266786034019696,0.8887900355871886,0.2398190045248869
E02000808,Southwark,Inner,6,4,0.0458248472505091,True,False,False,False,0.5718379042161277,0.8756272401433691,Cascade-led,0.5693842150910667,0.8265232974910395,Cascade-led,0.599820413049985,0.8734640522875817,Cascade-led,False,False,False,Cascade,0.5229540918163673,0.48915482423335827,0.27058823529411763,0.5277777777777778,0.853035143769968,Cascade-led,0.5331680099194048,0.8588924387646433,Cascade-led,0.5467383994620041,0.8938088559406933,Cascade-led,False,False,False,,0.5190651906519065,0.4732937685459941,0.2474454017231016
E02000809,Southwark,Inner,4,3,0.35030549898167,False,False,False,False,0.5097502565856996,0.8655611489487711,Symmetric,0.5111435878699305,0.8104826769321883,Symmetric,0.541504033307312,0.8572384563908098,Cascade-led,False,True,True,,0.691975012013455,0.27298524404086266,0.24670979254963193,0.4644128113879003,0.856489712979426,Counter-led,0.4675572519083969,0.7985775971551943,Counter-led,0.456184390689183,0.8467632850241545,Counter-led,False,False,False,,0.6413206603301651,0.3298363407469576,0.23922705314009662
E02000810,Southwark,Inner,3,2,0.0580448065173115,False,False,False,False,0.5268698060941829,0.8407079646017699,Cascade-led,0.5215827338129496,0.6474149976711691,Lateral,0.544468546637744,0.708958093041138,Lateral,True,False,True,,0.9292828685258964,0.1380952380952381,0.17454825067281815,0.4890238206445586,0.8847107438016529,Symmetric,0.482400461627236,0.7161157024793389,Lateral,0.4537987679671458,0.7799487508007688,Counter-led,True,True,True,,0.885972850678733,0.12857142857142856,0.22485586162716206
E02000812,Southwark,Inner,4,3,-0.0885947046843177,False,False,False,False,0.5650671785028791,0.856626109832292,Cascade-led,0.565112540192926,0.8181519237093061,Cascade-led,0.5894160583941606,0.8560270762822182,Cascade-led,False,False,False,,0.6197110423116615,0.37851851851851853,0.20827909398594116,0.5187368421052632,0.829549423681453,Symmetric,0.5189530685920578,0.7740132727907789,Symmetric,0.4996780424983902,0.8276045830002664,Symmetric,False,False,False,,0.5792525773195877,0.33912483912483915,0.23714361843858248
E02000813,Southwark,Inner,4,3,-0.0458248472505091,False,False,False,False,0.4831395348837209,0.8713272543059777,Symmetric,0.47575199508901167,0.8252279635258358,Counter-led,0.4857283464566929,0.8548590660496425,Symmetric,True,True,False,,0.6058763931104356,0.4937799043062201,0.16954143878838873,0.4669051878354204,0.8700389105058366,Counter-led,0.46271421954608616,0.8400778210116732,Counter-led,0.4526431718061674,0.8688995215311005,Counter-led,False,False,False,,0.5425790754257908,0.4232059020791415,0.18022328548644337
E02000814,Southwark,Inner,6,4,-0.0234215885947046,False,False,False,False,0.4899617590822179,0.9075921908893708,Symmetric,0.49171539961013644,0.8902386117136659,Symmetric,0.5396373977959474,0.9174820613176777,Cascade-led,False,True,True,,0.5263504611330698,0.48185328185328186,0.2482061317677756,0.4686603850880786,0.9121823617339312,Counter-led,0.4658280922431866,0.8912556053811659,Counter-led,0.4219671113869066,0.9171883892999431,Counter-led,False,False,False,,0.4338235294117647,0.49597423510466987,0.23847467273762094
E02000815,Southwark,Inner,6,5,-0.2810590631364562,True,False,False,False,0.6106679960119641,0.8935412026726058,Cascade-led,0.6188466947960619,0.9501113585746103,Cascade-led,0.675783855903936,0.9639871382636656,Cascade-led,False,False,False,Cascade,0.4012833168805528,0.7191358024691358,0.27813504823151125,0.5297733384556281,0.854002624671916,Cascade-led,0.5466072652501713,0.9573490813648294,Cascade-led,0.5627943485086342,0.9671052631578947,Cascade-led,False,False,False,,0.31194793119479314,0.7043686415320167,0.22874493927125505
E02000816,Southwark,Inner,3,2,-0.0142566191446028,False,False,False,False,0.4630421502748931,0.8322318251143874,Counter-led,0.49281487743026203,0.6014234875444839,Lateral,0.4934123847167325,0.6594265855777585,Lateral,True,False,True,,0.9132176234979973,0.1378413524057217,0.14552562988705472,0.5090715048025614,0.8525932666060054,Symmetric,0.5071530758226037,0.6360327570518653,Lateral,0.4682291666666666,0.7058823529411765,Lateral,True,False,True,,0.8309232480533927,0.16356513222331048,0.19191176470588237
E02000817,Southwark,Inner,2,2,-0.0672097759674134,False,False,False,False,0.4853747714808044,0.781987133666905,Lateral,0.47766749379652607,0.5761258041458185,Lateral,0.4690873405299313,0.6321339950372209,Lateral,False,False,False,,0.9184100418410042,0.09242144177449169,0.13213399503722084,0.5121951219512195,0.8248882265275708,Symmetric,0.5079006772009029,0.6602086438152012,Lateral,0.4681208053691275,0.7233009708737864,Lateral,True,False,True,,0.8727598566308243,0.12933753943217666,0.18567961165048544
E02000818,Southwark,Inner,2,2,-0.0661914460285132,False,False,False,False,0.5034199726402189,0.7822364901016586,Lateral,0.49606299212598426,0.6115569823434992,Lateral,0.5134123518402994,0.6882782310004294,Lateral,False,False,False,,0.9161603888213852,0.1064102564102564,0.19750966079862603,0.5131707317073171,0.8096366508688784,Symmetric,0.5181224004753416,0.6646919431279621,Lateral,0.5060240963855421,0.7324298770879294,Lateral,True,False,True,,0.8894557823129252,0.12630662020905922,0.20201701859439017
E02000819,Southwark,Inner,2,2,0.0132382892057026,False,False,False,False,0.5003717472118959,0.7530795072788354,Lateral,0.5204841713221602,0.6013437849944009,Lateral,0.5185685347738015,0.6753305973552212,Lateral,False,False,False,,0.8723958333333334,0.1150070126227209,0.1855905152758778,0.4452662721893491,0.7375886524822695,Lateral,0.4373795761078998,0.5662847790507365,Lateral,0.4234972677595628,0.648074369189907,Lateral,False,False,False,,0.8209677419354838,0.11018957345971564,0.18857901726427623
E02000820,Southwark,Inner,4,3,-0.0641547861507128,False,False,False,False,0.5283819628647215,0.8575978161965423,Cascade-led,0.5323411562678878,0.794813466787989,Cascade-led,0.569493006993007,0.8353413654618473,Cascade-led,False,False,False,,0.5848042977743668,0.5401015228426396,0.19751734209565536,0.5227841762643965,0.8548801369863014,Cascade-led,0.5337323177366703,0.7868150684931506,Cascade-led,0.5155206286836935,0.8363457114689451,Symmetric,False,True,True,,0.5365853658536586,0.3795620437956204,0.23233651002300362
E02000821,Southwark,Inner,2,2,-0.1517311608961303,False,False,False,False,0.5185185185185185,0.6710982658959538,Lateral,0.5207877461706784,0.5283236994219653,Lateral,0.5061425061425061,0.5994108983799705,Lateral,False,False,False,,0.8786407766990292,0.07960199004975124,0.15071183112420225,0.4557768924302788,0.6835511982570807,Lateral,0.4758974358974359,0.5310457516339869,Lateral,0.4382911392405063,0.5948235294117648,Lateral,False,False,False,,0.7779783393501805,0.10140845070422536,0.136
E02000822,Southwark,Inner,2,2,-0.0763747454175152,False,False,False,False,0.485838779956427,0.7094281298299846,Lateral,0.4323017408123791,0.532715095311695,Lateral,0.4469190794357832,0.5976042590949423,Lateral,False,False,False,,0.872093023255814,0.10201342281879194,0.1388642413487134,0.4685942173479561,0.7231434751261716,Lateral,0.46794871794871795,0.5623648161499639,Lateral,0.4149659863945578,0.659562535053281,Lateral,False,False,False,,0.8094262295081968,0.08575581395348837,0.2220975883342681
E02000823,Southwark,Inner,3,2,-0.0437881873727087,False,False,False,False,0.5003142677561282,0.8364879074658255,Symmetric,0.4614035087719298,0.5993690851735016,Lateral,0.4909090909090909,0.6689834926151172,Lateral,True,False,True,,0.8822751322751323,0.09311224489795919,0.1737619461337967,0.4939605848696757,0.862390350877193,Symmetric,0.49022939677145283,0.6452850877192983,Lateral,0.4620060790273556,0.7177137870855148,Lateral,True,False,True,,0.868421052631579,0.08587570621468926,0.20418848167539266
E02000824,Southwark,Inner,2,2,-0.0274949083503055,False,False,False,False,0.4830645161290323,0.6519453207150369,Lateral,0.4587737843551797,0.49737118822292326,Lateral,0.4559417946645109,0.5640674874601003,Lateral,False,False,False,,0.8705673758865248,0.14413075780089152,0.1326949384404925,0.5073245952197378,0.7549476135040745,Lateral,0.49528301886792453,0.6169965075669382,Lateral,0.4459738472126635,0.6882993841781146,Lateral,False,False,False,,0.7777777777777778,0.07080745341614907,0.1861676930364756
E02000825,Southwark,Inner,2,2,-0.0458248472505091,False,False,False,False,0.5070866141732283,0.6894679695982627,Lateral,0.5161943319838057,0.5363735070575462,Lateral,0.4879751745539177,0.6014932337844143,Lateral,False,False,False,,0.8871224165341812,0.12575757575757576,0.1404573028464769,0.4493670886075949,0.7805222300635145,Lateral,0.4562162162162162,0.652787579393084,Lateral,0.4551539491298527,0.7522658610271903,Lateral,False,False,False,,0.8823529411764706,0.07125307125307126,0.2865055387713998
E02000826,Southwark,Inner,4,3,-0.1446028513238289,False,False,False,False,0.4872537659327925,0.8721576553815058,Symmetric,0.4909443725743855,0.7812026275896917,Symmetric,0.5034895314057827,0.8224682246822468,Symmetric,False,False,False,,0.4752475247524752,0.48092369477911645,0.1886018860188602,0.5224586288416075,0.8363816114681166,Cascade-led,0.5141752577319587,0.7671774592189817,Symmetric,0.4892938496583143,0.8233308327081771,Symmetric,True,False,True,,0.5018621973929237,0.39072256913470116,0.24118529632408103
E02000827,Southwark,Inner,3,2,-0.0427698574338085,False,False,False,False,0.5065342394145321,0.8350065473592317,Symmetric,0.5087719298245614,0.5971191619380183,Lateral,0.5096371882086168,0.6564942314849275,Lateral,True,False,True,,0.9021134593993326,0.09132947976878612,0.14737625604763677,0.4685082872928177,0.8635496183206107,Counter-led,0.4564408041697692,0.6407442748091603,Lateral,0.4296415195291599,0.7128146453089245,Lateral,True,False,True,,0.8692403486924035,0.0825515947467167,0.20061022120518687
E02000828,Southwark,Inner,2,2,-0.1008146639511201,False,False,False,False,0.4856031128404669,0.7029540481400438,Lateral,0.5125348189415042,0.5891684901531729,Lateral,0.4926793557833089,0.6452527161076995,Lateral,False,False,False,,0.8380386329866271,0.13131313131313133,0.1365139348134152,0.4755244755244755,0.7465590887517798,Lateral,0.4959409594095941,0.643094447081158,Lateral,0.465507876154264,0.7099884303895102,Lateral,False,False,False,,0.8366394399066511,0.10569105691056911,0.18742768993443887
E02000829,Southwark,Inner,2,1,-0.0234215885947046,False,False,False,False,0.500990099009901,0.7542942494398805,Lateral,0.492845786963434,0.9395070948469006,Symmetric,0.4964176049129989,0.9476236663433559,Symmetric,True,False,True,,1.0,0.0,0.13417394115745232,0.4554191137213027,0.781067556296914,Lateral,0.46873573710634414,0.9136780650542119,Counter-led,0.4432532347504621,0.9289148351648352,Counter-led,True,False,True,,1.0,0.0,0.17651098901098902
E02000830,Southwark,Inner,5,3,0.1374745417515275,False,False,False,False,0.5055493895671476,0.8436329588014981,Symmetric,0.4987908101571947,0.7743445692883895,Symmetric,0.4977678571428571,0.8229243203526818,Symmetric,False,False,False,,0.6278026905829597,0.33511111111111114,0.21528288023512124,0.5051124744376279,0.8394849785407725,Symmetric,0.48254149971379506,0.7497854077253219,Symmetric,0.4523612261806131,0.8054721388054722,Counter-led,False,True,True,,0.5586080586080586,0.3441754916792738,0.2225558892225559
E02000831,Southwark,Inner,4,3,0.0570264765784114,False,False,False,False,0.5458885941644562,0.8611238008222933,Cascade-led,0.5489386792452831,0.7747830059387848,Cascade-led,0.5378541569902462,0.8136810279667422,Cascade-led,False,False,False,,0.5915371329879102,0.385929648241206,0.172713529856387,0.5180972078593589,0.8497363796133568,Symmetric,0.5205558772437753,0.7587873462214412,Cascade-led,0.4449013157894737,0.8158336128815834,Counter-led,True,True,True,,0.533271719038817,0.3348148148148148,0.2364978195236498
E02000832,Southwark,Inner,3,2,-0.0336048879837067,False,False,False,False,0.5320304017372421,0.8779790276453765,Cascade-led,0.5341394025604552,0.6701620591039085,Lateral,0.5206035983749274,0.7134575569358178,Lateral,True,False,True,,0.8706800445930881,0.14043583535108958,0.13126293995859215,0.4614886731391586,0.870913190529876,Counter-led,0.4618937644341801,0.7322435174746336,Lateral,0.4086081609837898,0.7901943462897526,Counter-led,True,True,False,,0.8755129958960328,0.1001890359168242,0.21643109540636044
E02000833,Southwark,Inner,5,4,0.0824847250509165,False,False,False,False,0.5696887686062246,0.8002165674066053,Cascade-led,0.5738031914893617,0.8142934488359502,Cascade-led,0.5941814595660749,0.855335301560523,Cascade-led,False,False,False,,0.3991701244813278,0.6488456865127582,0.2210037958667229,0.513840830449827,0.8304597701149425,Symmetric,0.5321428571428571,0.8045977011494253,Cascade-led,0.4666234607906675,0.8501377410468319,Counter-led,True,True,True,,0.30694444444444446,0.4641555285540705,0.23305785123966943
E02000834,Southwark,Inner,6,4,0.0295315682281058,False,False,False,False,0.5134281200631912,0.8477678571428572,Symmetric,0.5174353205849269,0.79375,Symmetric,0.51209341117598,0.8384615384615385,Symmetric,False,False,False,,0.4780130293159609,0.4982905982905983,0.21678321678321677,0.4416488222698073,0.8576675849403123,Counter-led,0.44360902255639095,0.7938475665748393,Counter-led,0.3951240016813787,0.8412305516265912,Counter-led,False,False,False,,0.3946808510638298,0.5059068797776234,0.22984441301272984
E02000835,Southwark,Inner,5,3,0.0957230142566191,False,False,False,False,0.4685200327064595,0.886231884057971,Counter-led,0.48737137511693174,0.7746376811594203,Symmetric,0.4718361375274323,0.8146603098927294,Counter-led,True,True,False,,0.6914728682170542,0.4584487534626039,0.17759237187127533,0.4809523809523809,0.8620689655172413,Symmetric,0.4829059829059829,0.7684729064039408,Symmetric,0.405446293494705,0.8241895261845387,Counter-led,False,True,True,,0.585820895522388,0.2824427480916031,0.24064837905236908
E02000836,Southwark,Inner,7,5,0.0824847250509165,False,False,False,False,0.5355097365406644,0.9514986376021798,Cascade-led,0.5380184331797235,0.9460490463215259,Cascade-led,0.5216581276199348,0.9559216384683883,Cascade-led,False,False,False,,0.3,0.6660175267770204,0.1829919857524488,0.4508050089445438,0.9637931034482758,Counter-led,0.45213726670680315,0.9545977011494253,Counter-led,0.3832229580573951,0.966296928327645,Counter-led,False,False,False,,0.27764976958525345,0.5404438081603435,0.257679180887372
E02000837,Southwark,Inner,8,7,0.0936863543788186,False,False,False,False,0.4868421052631579,0.9562913907284768,Symmetric,0.47796610169491527,0.9768211920529801,Counter-led,0.5268389662027833,0.9829018075232047,Cascade-led,True,True,True,,0.02358490566037736,0.9590336134453782,0.2623351245725452,0.5047021943573667,0.9437869822485208,Symmetric,0.5052710843373494,0.9822485207100592,Symmetric,0.5818476499189628,0.9872,Cascade-led,False,True,True,,0.02692664809656453,0.9573643410852714,0.2789333333333333
E02000838,Southwark,Inner,6,4,0.0835030549898167,False,False,False,False,0.5012484394506866,0.8436018957345972,Symmetric,0.5121293800539084,0.7814639283833597,Symmetric,0.4792176039119804,0.8313008130081301,Counter-led,False,True,True,,0.47653061224489796,0.5051643192488263,0.2280487804878049,0.5350665054413543,0.8395939086294416,Cascade-led,0.5325443786982249,0.7720812182741117,Cascade-led,0.4353428439944777,0.8287566742944318,Counter-led,False,True,True,,0.37209302325581395,0.3854930725346373,0.2486651411136537
E02000839,Southwark,Inner,6,4,-0.0234215885947046,False,False,False,False,0.476865671641791,0.9121851599727706,Counter-led,0.46710526315789475,0.8277739959155889,Counter-led,0.45076726342711,0.8607594936708861,Counter-led,False,False,False,,0.44964539007092197,0.5331781140861467,0.1915244909190974,0.4696035242290748,0.912379421221865,Counter-led,0.4812680115273775,0.8368167202572347,Symmetric,0.4192462987886944,0.8798105387803434,Counter-led,True,True,False,,0.4654895666131621,0.39976825028968715,0.26346950858496154
E02000840,Sutton,Outer,4,3,-0.1639511201629327,False,False,False,False,0.5291878172588832,0.9016018306636157,Cascade-led,0.5205091937765205,0.8089244851258581,Cascade-led,0.4978494623655914,0.8477666362807658,Symmetric,False,True,True,,0.9503239740820735,0.047109207708779445,0.203281677301732,0.544496487119438,0.9085106382978724,Cascade-led,0.5342820181112549,0.8223404255319149,Cascade-led,0.456043956043956,0.8673550436854647,Counter-led,False,True,True,,0.9698795180722891,0.09259259259259259,0.2533756949960286
E02000841,Sutton,Outer,5,3,-0.1517311608961303,False,False,False,False,0.5256410256410257,0.9485500467726848,Cascade-led,0.5158371040723982,0.8269410664172123,Symmetric,0.4542314335060449,0.8622486969471332,Counter-led,True,True,True,,0.9790874524714829,0.056962025316455694,0.20402084884586746,0.4981818181818181,0.9126106194690266,Symmetric,0.5115681233933161,0.8606194690265486,Symmetric,0.4215867158671587,0.8958677685950414,Counter-led,False,True,True,,0.9299781181619255,0.046251993620414676,0.2528925619834711
E02000842,Sutton,Outer,9,7,0.0386965376782078,False,False,False,False,0.5064935064935064,0.8496551724137931,Symmetric,0.4747826086956522,0.7931034482758621,Counter-led,0.5477941176470589,0.84472049689441,Cascade-led,True,True,True,,0.2930648769574944,0.7154471544715447,0.2494824016563147,0.4664679582712369,0.8397997496871089,Counter-led,0.47291361639824303,0.8548185231539425,Counter-led,0.5675165250236072,0.9012765957446809,Cascade-led,False,True,True,,0.2512479201331115,0.7030567685589519,0.32
E02000843,Sutton,Outer,7,5,0.0091649694501018,False,False,False,False,0.466887417218543,0.877906976744186,Counter-led,0.4690265486725664,0.875968992248062,Counter-led,0.4172661870503597,0.9071791153009428,Counter-led,False,False,False,,0.6762452107279694,0.27023319615912206,0.2516316171138506,0.4592833876221498,0.8828181164629763,Counter-led,0.457002457002457,0.8777857656362329,Counter-led,0.4150710315009265,0.9049748462828395,Counter-led,False,False,False,,0.7113095238095238,0.4392819429778247,0.22247065399664617
E02000844,Sutton,Outer,7,5,-0.0896130346232179,False,False,False,False,0.4195121951219512,0.8836206896551724,Counter-led,0.42034313725490197,0.8793103448275862,Counter-led,0.3828264758497317,0.9089430894308943,Counter-led,False,False,False,,0.7219626168224299,0.3521739130434783,0.24552845528455283,0.4658119658119658,0.848851269649335,Counter-led,0.4717800289435601,0.8355501813784765,Counter-led,0.3883196721311475,0.8776978417266187,Counter-led,False,False,False,,0.6174142480211082,0.3149078726968174,0.256294964028777
E02000845,Sutton,Outer,9,8,-0.0112016293279022,False,False,False,False,0.4644295302013422,0.7959401709401709,Counter-led,0.4470314318975553,0.9177350427350427,Counter-led,0.5491974877878576,0.9490066225165563,Cascade-led,False,True,True,,0.20838627700127066,0.7492260061919505,0.3801324503311258,0.4878345498783455,0.8491735537190083,Symmetric,0.5077433628318584,0.9338842975206612,Symmetric,0.6034602076124568,0.9575878064943671,Cascade-led,False,True,True,,0.2098623853211009,0.6771378708551483,0.3585155732273029
E02000846,Sutton,Outer,8,7,0.0590631364562117,False,False,False,False,0.4727272727272727,0.8421672555948174,Counter-led,0.4530046224961479,0.7644287396937574,Counter-led,0.5233333333333333,0.8181818181818182,Cascade-led,False,True,True,,0.18259023354564755,0.752913752913753,0.22818181818181818,0.3879781420765027,0.8491879350348028,Counter-led,0.38095238095238093,0.7552204176334106,Counter-led,0.5225933202357563,0.8283157038242474,Cascade-led,False,True,True,,0.17293233082706766,0.7818930041152263,0.2986167615947925
E02000847,Sutton,Outer,10,9,0.0112016293279022,False,False,False,False,0.4203389830508474,0.6990521327014217,Lateral,0.4458689458689459,0.8317535545023697,Counter-led,0.5079069767441861,0.8833196384552178,Symmetric,True,True,True,,0.11172161172161173,0.9187145557655955,0.3064913722267872,0.3872832369942196,0.692,Lateral,0.42320261437908496,0.816,Counter-led,0.5730050933786078,0.8951367781155015,Cascade-led,True,True,True,,0.08592592592592592,0.9363817097415507,0.43009118541033436
E02000848,Sutton,Outer,10,9,0.0071283095723014,False,False,False,False,0.4525252525252525,0.7322485207100592,Lateral,0.4664429530201342,0.8816568047337278,Counter-led,0.5339366515837104,0.91701244813278,Cascade-led,True,True,True,,0.10805084745762712,0.8907766990291263,0.2987551867219917,0.4783427495291902,0.7521246458923513,Lateral,0.4863123993558776,0.8796033994334278,Symmetric,0.5832540437678402,0.9251760563380281,Cascade-led,True,True,True,,0.0766721044045677,0.9041095890410958,0.3785211267605634
E02000849,Sutton,Outer,8,6,0.0407331975560081,False,False,False,False,0.4765013054830287,0.829004329004329,Counter-led,0.4739756367663344,0.9772727272727273,Counter-led,0.4739756367663344,0.7383483237939493,Lateral,False,True,True,,0.5186915887850467,0.5578947368421052,0.24448078495502862,0.3471196454948301,0.8347718865598027,Counter-led,0.36889460154241643,0.9593094944512947,Counter-led,0.3688946015424164,0.6836555360281195,Lateral,False,True,True,,0.4878048780487805,0.615071283095723,0.28734622144112476
E02000850,Sutton,Outer,9,7,-0.005091649694501,False,False,False,False,0.4652173913043478,0.8582089552238806,Counter-led,0.46953405017921146,0.7807835820895522,Counter-led,0.5470890410958904,0.8325017818959373,Cascade-led,False,True,True,,0.10641627543035993,0.8449905482041588,0.2359230220955096,0.4269801980198019,0.8801742919389978,Counter-led,0.42159763313609466,0.7363834422657952,Lateral,0.5576407506702413,0.8221895664952241,Cascade-led,True,True,True,,0.08173076923076923,0.8848484848484849,0.32549595885378396
E02000851,Sutton,Outer,6,4,-0.0234215885947046,False,False,False,False,0.5182841068917018,0.9588671611598112,Symmetric,0.5232129697862933,0.9150370869858395,Cascade-led,0.495311638168781,0.9350180505415162,Symmetric,True,True,False,,0.8407572383073497,0.14754098360655737,0.23517276946879834,0.4922199170124481,0.9446349828515432,Symmetric,0.4984025559105431,0.9201371876531113,Symmetric,0.4512244078683259,0.9385832705350414,Counter-led,False,True,True,,0.7882562277580071,0.20043891733723482,0.2309721175584024
E02000852,Sutton,Outer,9,8,0.020366598778004,False,False,False,False,0.4348958333333333,0.8109820485744457,Counter-led,0.45871559633027525,0.9208025343189018,Counter-led,0.5218446601941747,0.9427917620137299,Cascade-led,False,True,True,,0.10387596899224806,0.8967851099830795,0.2776506483600305,0.4490322580645161,0.775,Lateral,0.45695364238410596,0.906,Counter-led,0.548235294117647,0.9313367421475529,Cascade-led,True,True,True,,0.07010014306151645,0.8819444444444444,0.2695398100803506
E02000853,Sutton,Outer,8,7,-0.0376782077393075,False,False,False,False,0.4818652849740932,0.8530386740331491,Symmetric,0.4648318042813456,0.7226519337016575,Lateral,0.5399014778325123,0.80173775671406,Cascade-led,True,True,True,,0.25364963503649635,0.7730192719486081,0.28515007898894157,0.5006451612903225,0.8639910813823858,Symmetric,0.48324022346368717,0.798216276477146,Symmetric,0.596441947565543,0.855084067253803,Cascade-led,False,True,True,,0.21978021978021978,0.7354988399071926,0.28182546036829464
E02000854,Sutton,Outer,9,8,0.0091649694501018,False,False,False,False,0.4620886981402002,0.8213866039952996,Counter-led,0.47006369426751593,0.9224441833137486,Counter-led,0.5512715340442986,0.9486381322957198,Cascade-led,False,True,True,,0.08928571428571429,0.9049360146252285,0.3377431906614786,0.4193548387096774,0.8127340823970037,Counter-led,0.4169014084507042,0.8863920099875156,Counter-led,0.5311320754716982,0.9209383145091226,Cascade-led,False,True,True,,0.09236234458259325,0.8812877263581489,0.3040834057341442
E02000855,Sutton,Outer,10,10,-0.0061099796334012,False,False,False,False,0.4611398963730569,0.7385204081632653,Lateral,0.4634146341463415,0.889030612244898,Counter-led,0.5354896675651393,0.9275,Cascade-led,True,True,True,,0.0,1.0,0.3466666666666667,0.4075342465753425,0.7684210526315789,Lateral,0.4211309523809524,0.8842105263157894,Counter-led,0.5571302037201062,0.9276910435497124,Cascade-led,True,True,True,,0.0,1.0,0.37551355792933444
E02000856,Sutton,Outer,8,7,0.0173116089613034,False,False,False,False,0.4551645856980704,0.7810283687943262,Lateral,0.4601571268237935,0.7898936170212766,Counter-led,0.5203583061889251,0.8382252559726963,Cascade-led,True,True,True,,0.16901408450704225,0.8064516129032258,0.23003412969283277,0.45676500508647,0.8260504201680672,Counter-led,0.460196292257361,0.7705882352941177,Counter-led,0.5622286541244573,0.8350453172205438,Cascade-led,False,True,True,,0.16473616473616473,0.828099173553719,0.2809667673716012
E02000857,Sutton,Outer,9,7,0.0539714867617108,False,False,False,False,0.4868012422360248,0.8434839554682384,Symmetric,0.4848249027237354,0.8415193189259987,Symmetric,0.5183189655172413,0.8846520495710201,Symmetric,False,False,False,,0.2785862785862786,0.7427293064876958,0.2721639656816015,0.3923728813559322,0.849532037437005,Counter-led,0.40872662511130897,0.80849532037437,Counter-led,0.5175792507204611,0.8670664667666167,Symmetric,False,True,True,,0.21380846325167038,0.7323775388291517,0.3058470764617691
E02000858,Sutton,Outer,4,3,-0.1578411405295316,False,False,False,False,0.5118421052631579,0.892018779342723,Symmetric,0.5085714285714286,0.8215962441314554,Symmetric,0.4604236343366778,0.8551000953288846,Counter-led,False,True,True,,0.9225181598062954,0.09504132231404959,0.18779790276453764,0.4897119341563786,0.8637440758293838,Symmetric,0.4918032786885246,0.7950236966824644,Symmetric,0.4119530416221985,0.8441441441441442,Counter-led,False,True,True,,0.9041450777202072,0.0925589836660617,0.23963963963963963
E02000859,Sutton,Outer,8,7,0.0356415478615071,False,False,False,False,0.4418604651162791,0.8294416243654822,Counter-led,0.43575418994413406,0.7269035532994924,Lateral,0.5083333333333333,0.8005930318754633,Symmetric,True,True,True,,0.21129326047358835,0.7966101694915254,0.2698295033358043,0.4753476611883691,0.83881230116649,Counter-led,0.4559023066485753,0.7815482502651113,Counter-led,0.562390158172232,0.8467261904761905,Cascade-led,False,True,True,,0.14375,0.8132530120481928,0.29836309523809523
E02000860,Sutton,Outer,7,5,-0.0723014256619144,False,False,False,False,0.4722427831236121,0.9285223367697596,Counter-led,0.4725111441307578,0.925085910652921,Counter-led,0.4685242518059855,0.9467513434294089,Counter-led,False,False,False,,0.8039647577092511,0.26796116504854367,0.2892037127503664,0.4699331848552338,0.9289655172413792,Counter-led,0.4633962264150943,0.9137931034482759,Counter-led,0.4072110286320254,0.9378418697165589,Counter-led,False,False,False,,0.7669270833333334,0.2629695885509839,0.27896568871208355
E02000861,Sutton,Outer,10,10,0.0142566191446028,True,False,False,False,0.5436241610738255,0.8418079096045198,Cascade-led,0.5389507154213037,0.8884180790960452,Cascade-led,0.5953582240161454,0.9261682242990654,Cascade-led,False,False,False,Cascade,0.0,1.0,0.3383177570093458,0.4648318042813456,0.8731642189586115,Counter-led,0.4763271162123386,0.9305740987983978,Counter-led,0.5679442508710801,0.9566666666666667,Cascade-led,False,True,True,,0.0,1.0,0.37583333333333335
E02000863,Sutton,Outer,9,7,0.0427698574338085,True,False,False,False,0.4906054279749478,0.8216123499142367,Symmetric,0.5210280373831776,0.7341337907375644,Cascade-led,0.5911047345767575,0.818075117370892,Cascade-led,True,False,True,,0.13349514563106796,0.7929824561403509,0.31572769953051644,0.430622009569378,0.7871939736346516,Lateral,0.44258373205741625,0.7871939736346516,Counter-led,0.6057934508816121,0.8754134509371555,Cascade-led,True,True,True,Cascade,0.16216216216216217,0.8146964856230032,0.4145534729878721
E02000864,Tower Hamlets,Inner,1,1,0.0376782077393075,False,False,False,False,0.4834983498349835,0.6641095890410958,Lateral,0.48742411101474414,0.6317808219178083,Lateral,0.5197704081632653,0.7,Lateral,False,False,False,,1.0,0.0,0.18526785714285715,0.5500957243139758,0.653188828678616,Lateral,0.5520421607378129,0.6327636515214673,Lateral,0.5153313550939663,0.6965208405098174,Lateral,False,False,False,,1.0,0.0,0.17361350327247674
E02000865,Tower Hamlets,Inner,1,1,0.0173116089613034,False,False,False,False,0.5019569471624267,0.6328173374613003,Lateral,0.506519558676028,0.6173374613003096,Lateral,0.525828835774865,0.6772845953002611,Lateral,False,False,False,,1.0,0.0,0.1566579634464752,0.481023102310231,0.6714681440443213,Lateral,0.47748513169073914,0.6520775623268698,Lateral,0.470509383378016,0.7037735849056603,Lateral,False,False,False,,1.0,0.0,0.14858490566037735
E02000866,Tower Hamlets,Inner,3,2,0.1109979633401222,False,False,False,False,0.4685150375939849,0.8532477947072975,Counter-led,0.4909090909090909,0.7497995188452286,Symmetric,0.5005968961400716,0.8010838380618426,Symmetric,True,False,True,,0.643879173290938,0.39282868525896414,0.20497290404845395,0.4721496953872933,0.8629365377393917,Counter-led,0.4901041666666667,0.7209913631242959,Lateral,0.4625292740046838,0.7751891074130106,Lateral,True,False,True,,0.589873417721519,0.3522149600580973,0.19425113464447807
E02000867,Tower Hamlets,Inner,4,3,0.0285132382892057,False,False,False,False,0.4778537990637378,0.9356469002695418,Counter-led,0.4908310573546625,0.863544474393531,Symmetric,0.5042886719905354,0.893026941362916,Symmetric,True,False,True,,0.42052785923753666,0.5793556085918854,0.21605916534601163,0.4702114029468289,0.9350104821802936,Counter-led,0.4773801485482782,0.8870919436957173,Counter-led,0.4523052464228935,0.90917851120212,Counter-led,False,False,False,,0.31927357937902756,0.5718432510885341,0.19561551433389546
E02000868,Tower Hamlets,Inner,2,2,0.0478615071283095,False,False,False,False,0.5049051667756703,0.8167735042735043,Symmetric,0.5087187263078089,0.7045940170940171,Lateral,0.539727582292849,0.7611231101511879,Cascade-led,True,True,True,,0.6172450052576236,0.436498150431566,0.1913606911447084,0.4631642512077294,0.8089887640449438,Counter-led,0.49318018664752333,0.6805080605764533,Lateral,0.4869333333333333,0.741399762752076,Lateral,True,False,True,,0.5805038335158818,0.3970893970893971,0.19058916567813364
E02000869,Tower Hamlets,Inner,1,1,0.0784114052953156,False,False,False,False,0.5162907268170426,0.6,Lateral,0.5147625160462131,0.5857142857142857,Lateral,0.5100917431192661,0.664229128580134,Lateral,False,False,False,,1.0,0.0,0.18951858622790982,0.4880239520958084,0.668,Lateral,0.4840370751802266,0.6473333333333333,Lateral,0.4883900928792569,0.7095002745744097,Lateral,False,False,False,,1.0,0.0,0.17627677100494235
E02000870,Tower Hamlets,Inner,3,2,-0.0040733197556008,False,False,False,False,0.4943988050784167,0.8523233609166136,Symmetric,0.46905829596412557,0.7097390197326544,Lateral,0.5201388888888889,0.759493670886076,Cascade-led,True,True,True,,0.6154873164218959,0.41678726483357453,0.17141350210970463,0.5064562410329986,0.8658385093167702,Symmetric,0.5222634508348795,0.6695652173913044,Lateral,0.4992917847025496,0.7263374485596708,Lateral,True,False,True,,0.5758865248226951,0.37057991513437055,0.17181069958847736
E02000871,Tower Hamlets,Inner,1,1,0.0590631364562118,False,False,False,False,0.5375609756097561,0.5616438356164384,Lateral,0.5465465465465466,0.5473972602739726,Lateral,0.5675057208237986,0.6134768366869443,Lateral,False,False,False,,1.0,0.0,0.14599906410856342,0.4823943661971831,0.6353467561521253,Lateral,0.4788643533123028,0.5909768829231916,Lateral,0.445334590009425,0.659210935073004,Lateral,False,False,False,,1.0,0.0,0.1668219944082013
E02000872,Tower Hamlets,Inner,1,1,0.1272912423625254,False,False,False,False,0.4720452937013447,0.635056179775281,Lateral,0.4722822174226062,0.6242696629213483,Lateral,0.5160938352427714,0.6867740726863995,Lateral,False,False,False,,1.0,0.0,0.16635443986511803,0.4990903577926016,0.6763740771123872,Lateral,0.5025380710659898,0.6464315012305168,Lateral,0.5106382978723404,0.710446758481693,Lateral,False,False,False,,1.0,0.0,0.18105475310715485
E02000873,Tower Hamlets,Inner,3,3,0.0132382892057026,True,True,False,False,0.5778364116094987,0.8603859250851306,Cascade-led,0.6324786324786325,0.8853575482406356,Cascade-led,0.6940689655172414,0.9228615071283096,Cascade-led,False,False,False,Cascade,0.4872813990461049,0.5329125338142471,0.32713849287169044,0.5852713178294574,0.893970893970894,Cascade-led,0.6023575638506876,0.8818433818433818,Cascade-led,0.6202253366309426,0.914321608040201,Cascade-led,False,False,False,Cascade,0.45369960124058484,0.5238784370477568,0.2748743718592965
E02000874,Tower Hamlets,Inner,2,2,-0.0346232179226069,False,False,False,False,0.5295950155763239,0.8241335044929397,Cascade-led,0.5518181818181818,0.7060333761232349,Lateral,0.55,0.7660878447395302,Cascade-led,True,True,False,,0.5490909090909091,0.36148148148148146,0.20429009193054137,0.5224913494809689,0.806136680613668,Cascade-led,0.5341207349081365,0.708507670850767,Lateral,0.5154419595314164,0.7497005988023953,Lateral,True,False,True,,0.4617768595041322,0.37362637362637363,0.14131736526946106
E02000875,Tower Hamlets,Inner,1,1,0.130346232179226,False,False,False,False,0.4875389408099688,0.6134734830387004,Lateral,0.4931174089068826,0.5900621118012422,Lateral,0.5258724428399518,0.6595238095238095,Lateral,False,False,False,,1.0,0.0,0.16944444444444445,0.4756697648988518,0.6386173184357542,Lateral,0.474469305794607,0.6085893854748603,Lateral,0.4510548523206751,0.6788885706101404,Lateral,False,False,False,,1.0,0.0,0.17960469779432828
E02000876,Tower Hamlets,Inner,1,1,0.0336048879837067,False,False,False,False,0.4391408114558472,0.6664899257688229,Lateral,0.446530612244898,0.6495227995758218,Lateral,0.5066206102475532,0.7243536280233528,Lateral,False,False,False,,1.0,0.0,0.213511259382819,0.456782334384858,0.6782199400941378,Lateral,0.45201037613488976,0.6598202824133504,Lateral,0.4629905613512171,0.7168803418803419,Lateral,False,False,False,,1.0,0.0,0.16773504273504272
E02000877,Tower Hamlets,Inner,1,1,0.1181262729124236,False,False,False,False,0.4895482130815913,0.6439426834563613,Lateral,0.4982456140350877,0.6187581415544942,Lateral,0.5188825659596482,0.687655638562789,Lateral,False,False,False,,1.0,0.0,0.1807186054784774,0.509822263797942,0.6468986384266263,Lateral,0.5116618075801749,0.6226928895612708,Lateral,0.4948415622697126,0.6851805099722292,Lateral,False,False,False,,1.0,0.0,0.1656147437515779
E02000878,Tower Hamlets,Inner,1,1,0.1608961303462321,False,False,False,False,0.3971631205673759,0.6746411483253588,Lateral,0.3991844132306298,0.659988038277512,Lateral,0.4909390444810543,0.7274688398849473,Lateral,False,False,False,,1.0,0.0,0.1984659635666347,0.4286902286902287,0.6738582235920426,Lateral,0.42710120068610635,0.6534043149341552,Lateral,0.4577082668368975,0.7169336384439359,Lateral,False,False,False,,1.0,0.0,0.18329519450800916
E02000879,Tower Hamlets,Inner,2,2,0.0427698574338085,False,False,False,False,0.4977692797960484,0.8513293543136191,Symmetric,0.5126353790613718,0.7514921323928377,Symmetric,0.5595369349503859,0.7984154929577465,Cascade-led,False,True,True,,0.594088669950739,0.4655819774718398,0.18882042253521128,0.5146496815286624,0.7753086419753087,Lateral,0.5321554770318021,0.6987654320987654,Lateral,0.5016741071428571,0.746044962531224,Lateral,False,False,False,,0.5172413793103449,0.3997760358342665,0.1569525395503747
E02000880,Tower Hamlets,Inner,2,2,0.0560081466395112,False,False,False,False,0.5333806818181818,0.8282352941176471,Cascade-led,0.5509708737864077,0.7270588235294118,Lateral,0.5668380462724936,0.7702970297029703,Cascade-led,True,True,False,,0.5555555555555556,0.3724035608308605,0.15841584158415842,0.4825133372851215,0.7850162866449512,Lateral,0.49902534113060426,0.7161470451372731,Lateral,0.5078781512605042,0.7573587907716786,Lateral,False,False,False,,0.4963805584281282,0.44610458911419426,0.14518695306284804
E02000881,Tower Hamlets,Inner,1,1,0.0030549898167006,False,False,False,False,0.5422818791946309,0.5601503759398496,Lateral,0.5435393258426966,0.5353383458646617,Lateral,0.5234972677595628,0.5968688845401174,Lateral,False,False,False,,1.0,0.0,0.1324200913242009,0.5019108280254777,0.6479570780024763,Lateral,0.5046931407942238,0.5716054477919934,Lateral,0.4791101465002713,0.6397084345713294,Lateral,False,False,False,,1.0,0.0,0.15897257896563693
E02000882,Tower Hamlets,Inner,1,1,0.0498981670061099,False,False,False,False,0.4667349027635619,0.6619241192411924,Lateral,0.47513227513227513,0.6402439024390244,Lateral,0.4742616033755274,0.6905594405594405,Lateral,False,False,False,,1.0,0.0,0.13986013986013987,0.5395051875498803,0.6337885685381892,Lateral,0.5450785773366419,0.6115326251896813,Lateral,0.4927095990279465,0.6818558409279205,Lateral,False,False,False,,1.0,0.0,0.18102734051367025
E02000883,Tower Hamlets,Inner,1,1,0.0142566191446028,False,False,False,False,0.3910550458715596,0.5677083333333334,Lateral,0.40540540540540543,0.5299479166666666,Lateral,0.4434865900383142,0.5911664779161948,Lateral,False,False,False,,1.0,0.0,0.13023782559456398,0.5168641750227895,0.5819628647214854,Lateral,0.518324607329843,0.506631299734748,Lateral,0.489811320754717,0.5875831485587583,Lateral,False,False,False,,1.0,0.0,0.164079822616408
E02000884,Tower Hamlets,Inner,1,1,0.3543788187372708,False,False,False,False,0.4541742286751361,0.7146562905317769,Lateral,0.4549256505576208,0.6977950713359273,Lateral,0.5299901671583087,0.7660055234747678,Cascade-led,False,True,True,,1.0,0.0,0.22570926437358774,0.4412942989214176,0.7253017434063478,Lateral,0.44181585677749363,0.6991506481895395,Lateral,0.4649164677804296,0.756864161849711,Lateral,False,False,False,,1.0,0.0,0.19183526011560695
E02000885,Tower Hamlets,Inner,1,1,0.0142566191446028,False,False,False,False,0.3989247311827957,0.6387362637362637,Lateral,0.4022099447513812,0.6215659340659341,Lateral,0.4337455830388692,0.6726084373143196,Lateral,False,False,False,,1.0,0.0,0.1348781937017231,0.4522439585730725,0.5993103448275862,Lateral,0.45878136200716846,0.5772413793103448,Lateral,0.4592391304347826,0.6429819452533488,Lateral,False,False,False,,1.0,0.0,0.1555037856726849
E02000886,Tower Hamlets,Inner,2,2,0.1558044806517311,False,False,False,False,0.5160390516039052,0.863855421686747,Symmetric,0.5194424064563463,0.8210843373493976,Symmetric,0.5164319248826291,0.8658536585365854,Symmetric,False,False,False,,0.6161616161616161,0.33117583603020495,0.25022583559168926,0.4573823940381928,0.8005219985085756,Counter-led,0.4489795918367347,0.7490678598061148,Counter-led,0.4397567464842265,0.7963075060532687,Counter-led,False,False,False,,0.6153846153846154,0.3758480325644505,0.18825665859564164
E02000887,Tower Hamlets,Inner,1,1,0.109979633401222,False,False,False,False,0.5292553191489362,0.5878061490359562,Lateral,0.528584817244611,0.5560187597707139,Lateral,0.5172900494001411,0.624504186866461,Lateral,False,False,False,,1.0,0.0,0.15425297487880124,0.4758113900796081,0.6297724643270344,Lateral,0.47007397444519167,0.5734670266101042,Lateral,0.4614189539098912,0.6358248271320383,Lateral,False,False,False,,1.0,0.0,0.14619690484030293
E02000888,Tower Hamlets,Inner,1,1,0.3574338085539715,False,False,False,False,0.4617691154422789,0.7218614718614719,Lateral,0.4645110410094637,0.6861471861471862,Lateral,0.5028153153153153,0.7538200339558574,Symmetric,False,True,True,,1.0,0.0,0.21561969439728354,0.4380776340110905,0.6888794567062818,Lateral,0.4435064935064935,0.6536502546689303,Lateral,0.4229476716274604,0.7185236288375302,Lateral,False,False,False,,1.0,0.0,0.18730596757502588
E02000889,Tower Hamlets,Inner,3,2,0.290224032586558,False,False,False,False,0.4638906961613533,0.903586125808348,Counter-led,0.459480122324159,0.7689594356261023,Counter-led,0.4822857142857142,0.8166122258516099,Symmetric,False,True,True,,0.6575829383886256,0.25386313465783666,0.20625291647223518,0.4480033277870216,0.9116420174440651,Counter-led,0.45900857959961866,0.7956010618126659,Counter-led,0.454646017699115,0.8342048600430637,Counter-led,False,False,False,,0.7031630170316302,0.36240703177822853,0.18886496462626884
E02000890,Tower Hamlets,Inner,8,6,0.1344195519348269,False,False,False,False,0.5104,0.9433962264150944,Symmetric,0.5087719298245614,0.9464150943396227,Symmetric,0.5087719298245614,0.6596528143082588,Lateral,False,True,True,,0.12225705329153605,0.8295454545454546,0.30299842188321935,0.4684247050659264,0.9430628272251308,Counter-led,0.4685121107266436,0.9456806282722513,Counter-led,0.4685121107266436,0.6990807934204161,Lateral,False,True,True,,0.11225997045790251,0.8776041666666666,0.2607643928398645
E02000891,Tower Hamlets,Inner,2,1,0.4684317718940937,False,False,False,False,0.4705244122965642,0.8406810580723624,Counter-led,0.5006119951040392,0.7452113104287017,Symmetric,0.549957056971085,0.8065111983375663,Cascade-led,True,True,True,,1.0,0.0,0.2405910875086585,0.5213278931750742,0.8425,Cascade-led,0.5478901540522438,0.69984375,Lateral,0.5234348844994978,0.7566814439518683,Lateral,True,False,True,,1.0,0.0,0.18936035465484483
E02000893,Tower Hamlets,Inner,4,3,0.1171079429735234,False,False,False,False,0.4464285714285714,0.916155419222904,Counter-led,0.4503058103975535,0.8916155419222904,Counter-led,0.4725146198830409,0.9149277688603531,Counter-led,False,False,False,,0.5148514851485149,0.45121951219512196,0.21508828250401285,0.4486692015209125,0.9100346020761244,Counter-led,0.4424083769633508,0.881199538638985,Counter-led,0.4158761857214179,0.9067451335445903,Counter-led,False,False,False,,0.4669867947178872,0.4264957264957265,0.21502942507922138
E02000894,Tower Hamlets,Inner,6,4,0.1945010183299388,False,False,False,False,0.485912617394855,0.9361620795107034,Symmetric,0.48442760942760943,0.908256880733945,Symmetric,0.5162663423532988,0.9319920657410031,Symmetric,False,False,False,,0.4658421672555948,0.5317410433689503,0.258713516576934,0.4426170897390061,0.9367046215673142,Counter-led,0.4424682395644283,0.9226389819156061,Counter-led,0.4229112833763996,0.9378029079159935,Counter-led,False,False,False,,0.3122878479293958,0.6024875621890547,0.19601507808292945
E02000895,Waltham Forest,Outer,4,3,0.0122199592668024,True,False,False,False,0.4302103250478011,0.8381410256410257,Counter-led,0.42038216560509556,0.7548076923076923,Counter-led,0.3638814016172507,0.829050279329609,Counter-led,False,False,False,Counter,0.6148148148148148,0.3877118644067797,0.3027932960893855,0.4232558139534884,0.8933518005540166,Counter-led,0.4251592356687898,0.8698060941828255,Counter-led,0.3586065573770491,0.9121495327102803,Counter-led,False,False,False,,0.5942857142857143,0.3753993610223642,0.3252336448598131
E02000896,Waltham Forest,Outer,7,5,0.1130346232179225,False,False,False,False,0.5443983402489626,0.9533227848101266,Cascade-led,0.543046357615894,0.9556962025316456,Cascade-led,0.4899169632265717,0.9678530424799081,Symmetric,False,True,True,,0.28692493946731235,0.5244186046511627,0.2743972445464983,0.4041514041514041,0.9501160092807424,Counter-led,0.4049079754601227,0.9454756380510441,Counter-led,0.3424460431654676,0.9672929714683368,Counter-led,False,False,False,,0.4495798319327731,0.474835886214442,0.4001391788448156
E02000897,Waltham Forest,Outer,3,2,0.0641547861507128,False,False,False,False,0.439873417721519,0.8112965340179717,Counter-led,0.45454545454545453,0.7342747111681643,Counter-led,0.408433734939759,0.8003857280617165,Counter-led,False,False,False,,0.8908554572271387,0.21181262729124237,0.24879459980713597,0.4888888888888889,0.8136300417246175,Symmetric,0.49530956848030017,0.741307371349096,Lateral,0.3679653679653679,0.8324324324324325,Counter-led,True,True,True,,0.8588235294117647,0.11986301369863013,0.35225225225225226
E02000898,Waltham Forest,Outer,4,3,0.0468431771894093,True,False,False,False,0.3873239436619718,0.8942065491183879,Counter-led,0.394856278366112,0.8324937027707808,Counter-led,0.3533755274261603,0.8769657724329325,Counter-led,False,False,False,Counter,0.6149253731343284,0.43882544861337686,0.26549491211840887,0.4372294372294372,0.8965071151358344,Counter-led,0.4351851851851852,0.8382923673997412,Counter-led,0.3753943217665615,0.8838289962825279,Counter-led,False,False,False,,0.6610644257703081,0.40404040404040403,0.2815985130111524
E02000899,Waltham Forest,Outer,5,4,0.0376782077393075,True,False,False,False,0.4394977168949772,0.9711751662971176,Counter-led,0.431924882629108,0.9445676274944568,Counter-led,0.3930211202938475,0.9561018437225637,Counter-led,False,False,False,,0.25,0.5900151285930408,0.2080772607550483,0.3984962406015037,0.9708029197080292,Counter-led,0.38961038961038963,0.9367396593673966,Counter-led,0.3303330333033303,0.9552880481513327,Counter-led,False,False,False,Counter,0.32697547683923706,0.5053763440860215,0.293207222699914
E02000900,Waltham Forest,Outer,3,2,0.0458248472505091,False,False,False,False,0.4153225806451613,0.7622950819672131,Lateral,0.43051359516616317,0.6782786885245902,Lateral,0.3773584905660377,0.7523659305993691,Counter-led,False,True,True,,0.8361111111111111,0.19696969696969696,0.2302839116719243,0.4340222575516693,0.720504009163803,Lateral,0.4363929146537842,0.711340206185567,Lateral,0.3666666666666666,0.78125,Counter-led,False,True,True,,0.7515151515151515,0.1736842105263158,0.2421875
E02000901,Waltham Forest,Outer,6,4,0.1456211812627291,True,False,False,False,0.3905191873589165,0.9693654266958424,Counter-led,0.3795534665099882,0.9310722100656456,Counter-led,0.3502824858757062,0.9516129032258065,Counter-led,False,False,False,Counter,0.42626728110599077,0.5316770186335403,0.2980030721966206,0.4025590551181102,0.9603024574669188,Counter-led,0.39752832131822863,0.9177693761814745,Counter-led,0.3245674740484429,0.9432114882506527,Counter-led,False,False,False,Counter,0.3603411513859275,0.4651639344262295,0.3093994778067885
E02000902,Waltham Forest,Outer,3,3,0.0773930753564154,False,False,False,False,0.4625603864734299,0.7150259067357513,Lateral,0.46296296296296297,0.8393782383419689,Counter-led,0.4101531023368251,0.869656622284513,Counter-led,True,False,True,,0.35952848722986247,0.5478142076502732,0.1885073580939033,0.4424460431654676,0.7085811384876806,Lateral,0.44511581067472306,0.8436703483432455,Counter-led,0.3781388478581979,0.8803641092327699,Counter-led,True,False,True,,0.369140625,0.42874109263657956,0.23472041612483746
E02000903,Waltham Forest,Outer,1,1,0.015274949083503,False,False,False,False,0.5033557046979866,0.8359046283309958,Symmetric,0.4974271012006861,0.8176718092566619,Symmetric,0.4671428571428571,0.8433734939759037,Counter-led,False,True,True,,1.0,0.0,0.14096385542168674,0.521,0.835421888053467,Cascade-led,0.540169133192389,0.7903091060985797,Cascade-led,0.4276267450404115,0.8442928039702233,Counter-led,False,True,True,,1.0,0.0,0.25744416873449133
E02000904,Waltham Forest,Outer,4,3,0.1894093686354378,False,False,False,False,0.520415738678545,0.9264099037138928,Cascade-led,0.5164750957854406,0.8975240715268226,Symmetric,0.4718954248366013,0.9112567004169149,Counter-led,True,True,True,,0.21606648199445982,0.6076732673267327,0.13400833829660513,0.411190053285968,0.9087974172719936,Counter-led,0.3975563909774436,0.8587570621468926,Counter-led,0.3466757123473541,0.8938750758035173,Counter-led,False,False,False,,0.3405088062622309,0.4755970924195223,0.24863553668890237
E02000905,Waltham Forest,Outer,3,2,0.240325865580448,False,False,False,False,0.451036454610436,0.7090724784591992,Lateral,0.46354635463546356,0.5631018753167765,Lateral,0.4366782006920415,0.6263545730385782,Lateral,False,False,False,,0.6545166402535658,0.36117936117936117,0.1447767663632423,0.4371308016877637,0.7434127979924717,Lateral,0.40584088620342396,0.622961104140527,Lateral,0.332425068119891,0.7095215079748671,Lateral,False,False,False,,0.6721311475409836,0.2602040816326531,0.22957950700821653
E02000906,Waltham Forest,Outer,3,2,0.1720977596741344,False,False,False,False,0.4210526315789473,0.6972477064220184,Lateral,0.42870999030067897,0.5911697247706422,Lateral,0.4199553239017126,0.6532101167315175,Lateral,False,False,False,,0.648936170212766,0.2952503209242619,0.1517509727626459,0.4715111478117259,0.7295180722891567,Lateral,0.49037487335359675,0.594578313253012,Lateral,0.394109396914446,0.6793711291090996,Lateral,False,False,False,,0.5836298932384342,0.2777777777777778,0.20914721295855168
E02000907,Waltham Forest,Outer,1,1,0.0336048879837067,False,False,False,False,0.5053908355795148,0.8258208124652198,Symmetric,0.5058742225293711,0.805230940456316,Symmetric,0.4849808847624249,0.8395231545162769,Symmetric,False,False,False,,1.0,0.0,0.17606602475928473,0.4948875255623722,0.8223094170403588,Symmetric,0.4937062937062937,0.8015695067264574,Symmetric,0.4361643835616438,0.8375401560348784,Counter-led,False,True,True,,1.0,0.0,0.1812758145938504
E02000908,Waltham Forest,Outer,3,2,0.2179226069246435,False,False,False,False,0.4221192819918934,0.716597510373444,Lateral,0.41374373657838226,0.5796680497925312,Lateral,0.4229910714285714,0.6388591800356507,Lateral,False,False,False,,0.7084432717678101,0.4564796905222437,0.1408199643493761,0.4759358288770053,0.7794619173929519,Lateral,0.5056784219964137,0.6339522546419099,Lateral,0.4582516660133281,0.7253340915553028,Lateral,False,False,False,,0.7339606501283148,0.3111432706222865,0.2496445834518055
E02000909,Waltham Forest,Outer,4,3,0.195519348268839,False,False,False,False,0.4355377421509686,0.9111381618989652,Counter-led,0.42857142857142855,0.8734023128423616,Counter-led,0.4141583054626533,0.8961038961038961,Counter-led,False,False,False,,0.34185733512786004,0.5937202664129401,0.17932067932067933,0.4830449826989619,0.9082338152105592,Symmetric,0.47714285714285715,0.8799497171590195,Counter-led,0.4093851132686084,0.9066014669926651,Counter-led,True,False,True,,0.33992094861660077,0.5059360730593607,0.22200488997555012
E02000910,Waltham Forest,Outer,3,2,0.1456211812627291,False,False,False,False,0.4989082969432314,0.727561556791104,Lateral,0.5112627986348123,0.5818109610802223,Lateral,0.4912,0.6403688524590164,Lateral,False,False,False,,0.5407166123778502,0.32075471698113206,0.14002732240437157,0.4342948717948718,0.7672131147540984,Lateral,0.4310126582278481,0.6475409836065574,Lateral,0.366120218579235,0.7185863874345549,Lateral,False,False,False,,0.6181592039800995,0.29022988505747127,0.20157068062827224
E02000911,Waltham Forest,Outer,1,1,0.1435845213849287,False,False,False,False,0.4628185127405096,0.8449033391915641,Counter-led,0.4632313472893183,0.8185413005272407,Counter-led,0.4523090202848511,0.8487179487179487,Counter-led,False,False,False,,1.0,0.0,0.1663003663003663,0.472896231285493,0.8104602510460251,Counter-led,0.47523709167544786,0.7941422594142259,Counter-led,0.4233693477390956,0.835506519558676,Counter-led,False,False,False,,1.0,0.0,0.20093614175860916
E02000912,Waltham Forest,Outer,2,2,0.0661914460285132,False,False,False,False,0.4371929824561403,0.8338209479227618,Counter-led,0.4213709677419355,0.5804564072557051,Lateral,0.4042056074766355,0.6416791604197901,Lateral,True,False,True,,0.5048169556840078,0.3281045751633987,0.14592703648175911,0.4710391822827938,0.8279266572637518,Counter-led,0.45925925925925926,0.5712270803949224,Lateral,0.3778877887788779,0.6659340659340659,Lateral,True,False,True,,0.5786026200873362,0.29973474801061006,0.22087912087912087
E02000913,Waltham Forest,Outer,3,2,0.1099796334012219,False,False,False,False,0.4109803921568628,0.7434402332361516,Lateral,0.39325842696629215,0.5708454810495627,Lateral,0.4124336618650492,0.6418491484184915,Lateral,False,False,False,,0.6121323529411765,0.24645161290322581,0.1654501216545012,0.4114688128772635,0.7271397220190198,Lateral,0.4107142857142857,0.5735186539868324,Lateral,0.3456464379947229,0.661046511627907,Lateral,False,False,False,,0.5826972010178118,0.20295698924731181,0.2052325581395349
E02000914,Waltham Forest,Outer,1,1,0.0285132382892056,False,False,False,False,0.4662398137369034,0.8315585672797676,Counter-led,0.4656534954407295,0.7962245885769603,Counter-led,0.4550619834710744,0.821383114128129,Counter-led,False,False,False,,1.0,0.0,0.12346202800169707,0.4813056379821958,0.82275390625,Symmetric,0.48261134838316044,0.80029296875,Symmetric,0.4271938283510125,0.8352799033427306,Counter-led,False,True,True,,1.0,0.0,0.1751913008457511
E02000915,Waltham Forest,Outer,3,2,0.2331975560081466,False,False,False,False,0.4601226993865031,0.6914103923647932,Lateral,0.4883011190233978,0.5212089077412513,Lateral,0.4986737400530504,0.625466611364579,Lateral,False,False,False,,0.788563829787234,0.2566137566137566,0.21775197013687267,0.4868913857677903,0.7766143106457243,Lateral,0.48024316109422494,0.5741710296684118,Lateral,0.3782668500687758,0.6651418115279049,Lateral,False,False,False,,0.6418181818181818,0.18141592920353983,0.21363220494053065
E02000916,Waltham Forest,Outer,2,2,0.1120162932790224,False,False,False,False,0.4230043997485858,0.8113207547169812,Counter-led,0.4071691176470588,0.5548189699133096,Lateral,0.4108068097705403,0.6074640287769785,Lateral,True,False,True,,0.5459459459459459,0.435929648241206,0.11825539568345324,0.4909310761789601,0.7929050814956855,Symmetric,0.46890343698854337,0.585810162991371,Lateral,0.4002396644697423,0.6589024871693644,Lateral,True,False,True,,0.5718562874251497,0.33666333666333664,0.17647058823529413
E02000917,Waltham Forest,Outer,3,2,0.2545824847250509,False,False,False,False,0.4379895561357702,0.7069681587448085,Lateral,0.46572934973637964,0.5251499769266267,Lateral,0.4443681318681318,0.5859154929577465,Lateral,False,False,False,,0.5795981452859351,0.32014833127317677,0.12796780684104628,0.4468354430379747,0.7556193208990913,Lateral,0.4342105263157895,0.5451936872309899,Lateral,0.3746091307066916,0.6270588235294118,Lateral,False,False,False,,0.5542570951585977,0.296,0.18
E02000918,Waltham Forest,Outer,2,2,0.1313645621181262,False,False,False,False,0.4318046456223943,0.823846908734053,Counter-led,0.4264705882352941,0.5672227674190383,Lateral,0.4228356336260979,0.6437802907915994,Lateral,True,False,True,,0.6780415430267063,0.25217391304347825,0.17689822294022617,0.486277269528501,0.8032786885245902,Symmetric,0.48428835489833644,0.6116449971735444,Lateral,0.4082721814543029,0.6857273559011894,Lateral,True,False,True,,0.6062091503267973,0.26719278466741825,0.19075937785910338
E02000919,Waltham Forest,Outer,3,2,0.2036659877800407,False,False,False,False,0.4021673690547863,0.7539718565592374,Lateral,0.38961038961038963,0.5242850658193373,Lateral,0.4079283887468031,0.5987748851454824,Lateral,False,False,False,,0.6112852664576802,0.35205183585313177,0.15658499234303216,0.4438405797101449,0.774555659494855,Lateral,0.43300653594771243,0.5724976613657624,Lateral,0.3819362455726092,0.6495398773006135,Lateral,False,False,False,,0.5672333848531684,0.24355300859598855,0.18021472392638035
E02000920,Waltham Forest,Outer,2,2,0.1018329938900203,False,False,False,False,0.433810888252149,0.7839173405211141,Counter-led,0.4306260575296108,0.5309973045822103,Lateral,0.442443729903537,0.5983070411696807,Lateral,True,False,True,,0.5872093023255814,0.3690888119953864,0.14351673720661792,0.4459712679575265,0.7937530986613783,Counter-led,0.4397163120567376,0.5592464055528011,Lateral,0.3932007697241821,0.6368464052287581,Lateral,True,False,True,,0.5562805872756933,0.29809725158562367,0.176062091503268
E02000921,Waltham Forest,Outer,2,1,0.0875763747454175,False,False,False,False,0.4346310284718187,0.7766245487364621,Lateral,0.4265318262938727,0.7585740072202166,Counter-led,0.4156159068865179,0.7939930689256834,Counter-led,True,False,True,,1.0,0.0,0.14670773969965345,0.4353423054417788,0.8122623574144486,Counter-led,0.4590995561192137,0.7495247148288974,Counter-led,0.4015865146256817,0.7928459119496856,Counter-led,False,False,False,,1.0,0.0,0.17295597484276728
E02000922,Waltham Forest,Outer,3,2,0.1568228105906313,False,False,False,False,0.5346534653465347,0.7867210682492581,Cascade-led,0.5463615023474179,0.6320474777448071,Lateral,0.5117150890346767,0.6826615483045425,Lateral,True,False,True,,0.7206959706959707,0.3714011516314779,0.13755598208573255,0.4450031426775613,0.7760975609756098,Lateral,0.47408026755852845,0.5834146341463414,Lateral,0.4254437869822485,0.664308176100629,Lateral,False,False,False,,0.5591098748261474,0.26570545829042225,0.19418238993710693
E02000923,Wandsworth,Inner,7,6,0.0916496945010183,False,False,False,False,0.5266170578133944,0.9194736842105264,Cascade-led,0.515868436237738,0.9121052631578948,Symmetric,0.515868436237738,0.7076357697019191,Lateral,True,True,True,,0.22706935123042504,0.8355184743742551,0.2241731318905676,0.5091671031953903,0.9294060370009736,Symmetric,0.5005268703898841,0.9240506329113924,Symmetric,0.5005268703898841,0.7066269545793,Lateral,False,True,True,,0.17157894736842105,0.790084388185654,0.23529411764705882
E02000924,Wandsworth,Inner,3,2,0.0224032586558044,False,False,False,False,0.4866986480593109,0.8964034401876466,Symmetric,0.483505662235352,0.793979671618452,Symmetric,0.5270771513353115,0.8364877443375737,Cascade-led,False,True,True,,0.9584799437016186,0.07215686274509804,0.2063295066708036,0.5402777777777777,0.898876404494382,Cascade-led,0.567093905309966,0.7954640033291719,Cascade-led,0.5395639886960032,0.8344281623715681,Cascade-led,False,False,False,,0.9595959595959596,0.08724243752740027,0.19050025265285497
E02000925,Wandsworth,Inner,2,2,0.1191446028513238,False,False,False,False,0.4934687953555878,0.9342372881355931,Symmetric,0.4919148936170213,0.7966101694915254,Symmetric,0.4940944881889764,0.8355263157894737,Symmetric,False,False,False,,0.9747675962815405,0.028534370946822308,0.1913377192982456,0.4966236955187231,0.9292641186537364,Symmetric,0.513372956909361,0.7678265830005705,Symmetric,0.4715576820839979,0.8221153846153846,Counter-led,False,True,True,,0.9470124013528749,0.04527162977867203,0.23382867132867133
E02000926,Wandsworth,Inner,6,4,0.175152749490835,False,False,False,False,0.4568527918781725,0.8354537743850721,Counter-led,0.4656450815620366,0.857930449533503,Counter-led,0.494709959868661,0.8910923276983095,Symmetric,False,True,True,,0.6976401179941003,0.36534296028880864,0.23342002600780234,0.4783763277693475,0.8349699081406399,Counter-led,0.48093298778230287,0.8555590750712702,Symmetric,0.4525110590684361,0.8939288206559665,Counter-led,True,True,False,,0.6555491661874641,0.3588403041825095,0.2656431728308909
E02000927,Wandsworth,Inner,5,3,0.0407331975560081,False,False,False,False,0.4902943018159048,0.8637101135749053,Symmetric,0.4839124839124839,0.8404542996214169,Symmetric,0.5230105465004794,0.8761024779504409,Cascade-led,False,True,True,,0.768102658111824,0.20301507537688443,0.2234355312893742,0.5100710900473934,0.866974833076528,Symmetric,0.5152457996266335,0.8253723677452491,Symmetric,0.4764005293339214,0.8695818948983506,Counter-led,False,True,True,,0.7203703703703703,0.20893007582139847,0.25316455696202533
E02000928,Wandsworth,Inner,9,8,0.030549898167006,False,False,False,False,0.4607977991746905,0.8346727898966705,Counter-led,0.47388294524858404,0.9121699196326062,Counter-led,0.4950316169828365,0.935361216730038,Symmetric,False,True,True,,0.03832116788321168,0.9221824686940966,0.26404731727925645,0.4492843808338519,0.8387265135699373,Counter-led,0.45195107746068724,0.8961377870563675,Counter-led,0.5382215288611545,0.927976836771625,Cascade-led,False,True,True,,0.036231884057971016,0.9231418918918919,0.3065508505247919
E02000929,Wandsworth,Inner,2,2,-0.0244399185336048,False,False,False,False,0.4849785407725321,0.932621747831888,Symmetric,0.49153976311336717,0.7885256837891927,Symmetric,0.5086865879082696,0.8194760820045558,Symmetric,False,False,False,,0.9549180327868853,0.015558698727015558,0.14635535307517084,0.4708963911525029,0.9241527703066164,Counter-led,0.47890154052243805,0.8031199569661108,Counter-led,0.4582484725050916,0.8429184549356223,Counter-led,False,False,False,,0.9611111111111111,0.046052631578947366,0.20214592274678111
E02000930,Wandsworth,Inner,6,5,0.1435845213849287,False,False,False,False,0.5045592705167173,0.8143564356435643,Symmetric,0.5085227272727273,0.8712871287128713,Symmetric,0.5386638611257233,0.9013750592697961,Cascade-led,False,True,True,,0.55908203125,0.4646522234891676,0.23376007586533903,0.4981866139136169,0.8164199192462988,Symmetric,0.5006090133982948,0.8839838492597577,Symmetric,0.4985188319932289,0.9164242776808221,Symmetric,False,False,False,,0.5233446519524618,0.44556962025316454,0.27961993407019586
E02000931,Wandsworth,Inner,9,7,0.1160896130346231,False,False,False,False,0.5315055315055315,0.90234375,Cascade-led,0.5138821237213833,0.8910590277777778,Symmetric,0.4962457337883959,0.9210939955988683,Symmetric,True,False,True,,0.08459422283356259,0.8963414634146342,0.27569946557686265,0.4947764312578354,0.9116190476190476,Symmetric,0.477968946705833,0.9078095238095238,Counter-led,0.514488468361916,0.9332229580573952,Symmetric,True,True,False,,0.06494252873563218,0.9031668696711328,0.27566225165562913
E02000932,Wandsworth,Inner,8,7,0.0427698574338085,False,False,False,False,0.4589565851878876,0.8402820355610056,Counter-led,0.4521829521829522,0.8847332924586143,Counter-led,0.4674081738230729,0.9113625648279113,Counter-led,False,False,False,,0.16325401217487548,0.8037882467217096,0.23102310231023102,0.441315945465323,0.8477386934673367,Counter-led,0.44319429198682764,0.9155778894472362,Counter-led,0.4976009596161535,0.9370550768077932,Symmetric,False,True,True,,0.14262756126958617,0.8452049343414246,0.2544023979018359
E02000933,Wandsworth,Inner,9,7,0.0193482688391037,False,False,False,False,0.4581105169340463,0.8041089345437171,Counter-led,0.45846994535519126,0.8743430482560918,Counter-led,0.4803180914512922,0.9053275737940965,Symmetric,False,True,True,,0.19370860927152317,0.7360367253251722,0.24658027357811374,0.4784718010915706,0.8324078748107017,Counter-led,0.4847457627118644,0.8934881373043917,Symmetric,0.5455268389662028,0.9225972120322817,Cascade-led,True,True,True,,0.1683673469387755,0.7742782152230971,0.27329420396184884
E02000934,Wandsworth,Inner,6,5,0.2189409368635437,False,False,False,False,0.4807355516637478,0.8378576669112252,Symmetric,0.4884502309953801,0.8734409391049156,Symmetric,0.5100588053234293,0.9035234899328859,Symmetric,False,False,False,,0.6225728155339806,0.3872394188250158,0.2376957494407159,0.4832814930015552,0.8326319197151182,Symmetric,0.478680014831294,0.8730980899967627,Counter-led,0.4598987476685318,0.9054282267792522,Counter-led,True,False,True,,0.544611819235226,0.40009866798223975,0.2547647768395657
E02000935,Wandsworth,Inner,3,2,-0.0193482688391039,False,False,False,False,0.4619402985074627,0.7374793615850302,Lateral,0.4582319545823195,0.6785910842047331,Lateral,0.543142144638404,0.7744302819621476,Cascade-led,False,True,True,,0.9761248852157943,0.05131004366812227,0.2981846272692159,0.4724480578139114,0.7741258741258741,Lateral,0.4668587896253602,0.727972027972028,Lateral,0.4867816091954023,0.8172851103804603,Symmetric,False,True,True,,0.9775678866587958,0.06942889137737962,0.32832315641146076
E02000936,Wandsworth,Inner,8,6,0.0743380855397147,False,False,False,False,0.472027972027972,0.8345143809920801,Counter-led,0.4781818181818182,0.9170487703209671,Counter-led,0.4781818181818182,0.7083065035415326,Lateral,False,True,True,,0.41064638783269963,0.5722996515679443,0.22762395363811977,0.4809747755451047,0.8314966228226093,Symmetric,0.48367268536304264,0.9253466050479915,Symmetric,0.4836726853630426,0.7155030236393622,Lateral,False,True,True,,0.414614773629865,0.5840773809523809,0.22677295217152282
E02000937,Wandsworth,Inner,8,7,0.1252545824847249,False,False,False,False,0.4981481481481482,0.8468374281233665,Symmetric,0.4860864416814683,0.882906429691584,Symmetric,0.5192224622030237,0.9117762898779047,Symmetric,False,False,False,,0.11896838602329451,0.8481581311769991,0.24655376132335566,0.4700255102040816,0.8701442841287459,Counter-led,0.48141263940520446,0.8956714761376249,Symmetric,0.5352523988318731,0.9272727272727272,Cascade-led,True,True,True,,0.08651597817614964,0.8761220825852782,0.30290135396518375
E02000938,Wandsworth,Inner,5,3,0.0010183299389002,False,False,False,False,0.4834918858421936,0.905727318803852,Symmetric,0.4925028835063437,0.87886467308667,Symmetric,0.49374730487279,0.9065676309616888,Symmetric,False,False,False,,0.7973799126637554,0.28023850085178875,0.22869429241594996,0.474802671523983,0.8995084653194976,Counter-led,0.45594577942082565,0.886400873839432,Counter-led,0.4083674397453388,0.9135853759867054,Counter-led,False,False,False,,0.7628062360801782,0.21521906225980014,0.2393020357291234
E02000939,Wandsworth,Inner,9,8,0.0641547861507128,False,False,False,False,0.4895272292040694,0.8959785522788204,Symmetric,0.48059866962305986,0.9672922252010724,Symmetric,0.4957264957264957,0.9757744241461478,Symmetric,False,False,False,,0.018883415435139574,0.9749798224374495,0.25933280381254964,0.5494978479196556,0.8976175144880876,Cascade-led,0.5471698113207547,0.9555698647778493,Cascade-led,0.5732758620689655,0.9680111265646731,Cascade-led,False,False,False,,0.02172096908939014,0.9820426487093153,0.28001854427445527
E02000940,Wandsworth,Inner,5,4,0.015274949083503,False,False,False,False,0.4889015367103017,0.9061371841155236,Symmetric,0.49938423645320196,0.8375451263537906,Symmetric,0.5074074074074074,0.8727272727272727,Symmetric,False,False,False,,0.75,0.2857142857142857,0.21656565656565657,0.4754098360655737,0.894351013367831,Counter-led,0.45761031234506694,0.8697714532125916,Counter-led,0.4114730878186969,0.9033909149072297,Counter-led,False,False,False,,0.7194492254733219,0.2858002406738869,0.2581573896353167
E02000941,Wandsworth,Inner,8,6,0.0814663951120162,False,False,False,False,0.5096863468634686,0.8763136620856912,Symmetric,0.510498687664042,0.9240097008892482,Symmetric,0.510498687664042,0.6649214659685864,Lateral,False,True,True,,0.2544987146529563,0.707774798927614,0.2803955788248982,0.4856435643564356,0.8354011579818031,Symmetric,0.48778238819732594,0.8970223325062034,Symmetric,0.4877823881973259,0.6220246630341267,Lateral,False,True,True,,0.28638941398865786,0.6777677767776777,0.3065672497849154
E02000942,Wandsworth,Inner,9,8,0.0488798370672097,False,False,False,False,0.4788059701492537,0.811531007751938,Counter-led,0.479498861047836,0.8507751937984496,Counter-led,0.5070821529745042,0.889168765743073,Symmetric,False,True,True,,0.0670391061452514,0.8973727422003284,0.2572867938107233,0.4701873935264054,0.8306603773584905,Counter-led,0.4693548387096774,0.8773584905660378,Counter-led,0.5475931958016649,0.9139927224611313,Cascade-led,False,True,True,,0.04824851288830139,0.9256,0.29870989083691696
E02000943,Wandsworth,Inner,8,6,0.0712830957230142,False,False,False,False,0.5173357664233577,0.8633320204805042,Symmetric,0.5094588649362076,0.8952343442300118,Symmetric,0.5094588649362076,0.6898330804248862,Lateral,False,True,True,,0.17875647668393782,0.8026905829596412,0.22943854324734447,0.4982935153583617,0.8660098522167488,Symmetric,0.49782135076252726,0.9044334975369458,Symmetric,0.4978213507625272,0.6689336895797912,Lateral,False,True,True,,0.16192560175054704,0.8062183658712943,0.2603837745931504
E02000944,Wandsworth,Inner,4,3,-0.015274949083503,False,False,False,False,0.4958217270194986,0.9397905759162304,Symmetric,0.5063291139240507,0.8789267015706806,Symmetric,0.4865339578454332,0.9022715266772319,Symmetric,False,False,False,,0.8748495788206979,0.14253135689851767,0.19281563655573164,0.4711399711399711,0.9467213114754098,Counter-led,0.47013188518231186,0.880464480874317,Counter-led,0.4148624926857812,0.9071125265392781,Counter-led,False,False,False,,0.8222849083215797,0.155,0.2229299363057325
E02000945,Wandsworth,Inner,3,2,0.0407331975560081,False,False,False,False,0.5110803324099723,0.7462532299741602,Lateral,0.5142215568862275,0.6904392764857881,Lateral,0.530827067669173,0.769082498072475,Cascade-led,False,True,True,,0.9820585457979226,0.0405982905982906,0.25404780262143406,0.4713940370668815,0.8016795865633075,Counter-led,0.4785958904109589,0.7545219638242894,Counter-led,0.459592843923504,0.8100949525237381,Counter-led,False,False,False,,0.9557046979865772,0.03424657534246575,0.22638680659670166
E02000946,Wandsworth,Inner,6,4,0.0427698574338085,False,False,False,False,0.4536390827517447,0.8903683976919663,Counter-led,0.4694300518134715,0.856635596981802,Counter-led,0.5082397003745318,0.8920815235549616,Symmetric,False,True,True,,0.8371407516580692,0.4188880426504189,0.24724356832609423,0.4390745501285347,0.8698568872987478,Counter-led,0.45560253699788583,0.8461538461538461,Counter-led,0.4269311064718162,0.8931013051584835,Counter-led,False,False,False,,0.7726161369193154,0.2750455373406193,0.30515848353014297
E02000947,Wandsworth,Inner,9,8,0.0784114052953156,False,False,False,False,0.4334470989761092,0.8292452830188679,Counter-led,0.4413869014859659,0.8570754716981132,Counter-led,0.4822071171531387,0.8919400855920114,Symmetric,False,True,True,,0.08623548922056384,0.8918918918918919,0.24393723252496433,0.4237021499737808,0.8617261635788522,Counter-led,0.4265522463402322,0.8951649344780841,Counter-led,0.542319749216301,0.9252336448598131,Cascade-led,False,True,True,,0.05202312138728324,0.8721461187214612,0.2868192072188205
E02000948,Wandsworth,Inner,7,5,0.1191446028513237,False,False,False,False,0.485971596813301,0.9078616352201258,Symmetric,0.4886282871357498,0.8849056603773585,Symmetric,0.5149907137171663,0.9114873035066505,Symmetric,False,False,False,,0.527047913446677,0.4950765864332604,0.2309552599758162,0.4974907995985279,0.9101705237515224,Symmetric,0.49411764705882355,0.8800243605359318,Symmetric,0.4603680981595092,0.9118371000223764,Counter-led,False,True,True,,0.4952025586353945,0.43974533879035926,0.26515999104945176
E02000949,Wandsworth,Inner,8,6,0.1079429735234215,False,False,False,False,0.5214696768481629,0.8665132336018412,Cascade-led,0.5225453013063632,0.9102416570771001,Cascade-led,0.5225453013063632,0.6663858466722831,Lateral,False,True,True,,0.22661290322580646,0.7890556045895851,0.2679022746419545,0.489987217724755,0.8635025754231053,Symmetric,0.4954844006568144,0.8962472406181016,Symmetric,0.4954844006568144,0.617490494296578,Lateral,False,True,True,,0.2104391052195526,0.7933279088689992,0.31102661596958175
E02000950,Wandsworth,Inner,8,6,0.0173116089613034,False,False,False,False,0.4658691062631949,0.8659354052407069,Counter-led,0.4718498659517426,0.9092017062766605,Counter-led,0.4718498659517426,0.7014574518100611,Lateral,False,True,True,,0.4446022727272727,0.5799492385786802,0.22849083215796898,0.4804270462633452,0.8715880893300249,Symmetric,0.48257372654155495,0.9255583126550868,Symmetric,0.4825737265415549,0.7011278195488722,Lateral,False,True,True,,0.4083333333333333,0.5712435233160622,0.2424812030075188
E02000951,Wandsworth,Inner,6,4,0.0987780040733197,False,False,False,False,0.5021739130434782,0.8940719144800777,Symmetric,0.4958382877526754,0.8172983479105929,Symmetric,0.49587494572297,0.8596491228070176,Symmetric,False,False,False,,0.6611208406304728,0.3031869078380706,0.23180291153415453,0.5205479452054794,0.8893762183235867,Cascade-led,0.5144843568945539,0.8411306042884991,Symmetric,0.485996705107084,0.8816267247639796,Symmetric,True,False,True,,0.661864406779661,0.2900641025641026,0.2549019607843137
E02000952,Wandsworth,Inner,5,4,0.065173116089613,False,False,False,False,0.5297504798464492,0.8790776152980877,Cascade-led,0.5220040622884224,0.8307086614173228,Cascade-led,0.518536826495304,0.8704819277108434,Symmetric,False,True,True,,0.6835081029551954,0.29774127310061604,0.23493975903614459,0.5149812734082397,0.8885191347753744,Symmetric,0.5179661016949153,0.8180809761508597,Symmetric,0.4832089552238806,0.8673139158576052,Symmetric,False,False,False,,0.6216216216216216,0.2879061371841155,0.27063106796116504
E02000953,Wandsworth,Inner,7,5,0.1303462321792261,False,False,False,False,0.5331683168316832,0.918599363346976,Cascade-led,0.5403913697942799,0.9063210550250114,Cascade-led,0.5668743129351411,0.9298126064735945,Cascade-led,False,False,False,,0.6263736263736264,0.44416243654822335,0.25076660988074956,0.4891864057672502,0.9079008882655446,Symmetric,0.49209694415173866,0.887330528284245,Symmetric,0.471280276816609,0.9230277866496327,Counter-led,False,True,True,,0.5873715124816447,0.3782722513089005,0.31683168316831684
E02000954,Wandsworth,Inner,7,5,0.020366598778004,False,False,False,False,0.4718361375274323,0.8751600512163893,Counter-led,0.4699777613046701,0.8636363636363636,Counter-led,0.48,0.8928571428571429,Symmetric,False,True,True,,0.4636150234741784,0.5265438786565547,0.21428571428571427,0.5068314899154196,0.8762827822120867,Symmetric,0.501002004008016,0.8534777651083238,Symmetric,0.4675,0.8861320336730173,Counter-led,False,True,True,,0.3893048128342246,0.46572769953051646,0.22286220646876384
E02000955,Wandsworth,Inner,4,3,-0.0478615071283095,False,False,False,False,0.46395431834404,0.8399280575539568,Counter-led,0.4594142259414226,0.7164268585131894,Lateral,0.4616360177552314,0.7692682926829268,Counter-led,True,True,False,,0.8571428571428571,0.12838633686690223,0.18634146341463415,0.481875,0.8854454897620365,Symmetric,0.47291361639824303,0.7559490868843387,Counter-led,0.422998986828774,0.8173913043478261,Counter-led,True,False,True,,0.7940119760479042,0.1334503950834065,0.25175983436853
E02000956,Wandsworth,Inner,4,3,0.1018329938900203,False,False,False,False,0.5266990291262136,0.8736217133163698,Cascade-led,0.5206997084548105,0.7273112807463953,Lateral,0.5382922535211268,0.7794168096054889,Cascade-led,True,True,False,,0.8945216680294358,0.13727359389895138,0.19108061749571184,0.4837952090183184,0.9025010597710894,Symmetric,0.4902398215281651,0.7600678253497245,Symmetric,0.4575009792401097,0.8185315806348189,Counter-led,False,True,True,,0.8125,0.13357400722021662,0.2436678422571337
E02000957,Wandsworth,Inner,5,3,0.1558044806517311,False,False,False,False,0.5479331574318381,0.8776534156696256,Cascade-led,0.5552066980638409,0.7375530683133925,Cascade-led,0.5394990366088632,0.7923664122137405,Cascade-led,False,False,False,,0.8642857142857143,0.1280334728033473,0.20885496183206106,0.457204767063922,0.8746051800379027,Counter-led,0.44798657718120805,0.7530006317119393,Counter-led,0.4367283950617284,0.8055693684733963,Counter-led,False,False,False,,0.8014134275618374,0.1841095890410959,0.21282943809050223
E02000958,Wandsworth,Inner,7,5,0.0885947046843177,False,False,False,False,0.5151291512915129,0.899734395750332,Symmetric,0.5206922498118887,0.8824701195219123,Cascade-led,0.5247910863509749,0.9102434077079108,Cascade-led,True,False,True,,0.3991507430997877,0.47479484173505276,0.2363083164300203,0.485512920908379,0.8776632302405498,Symmetric,0.48224151539068666,0.8707903780068729,Symmetric,0.4732487589630447,0.9060469765117442,Counter-led,False,True,True,,0.41375291375291373,0.4492146596858639,0.272863568215892
E02000959,Wandsworth,Inner,4,3,0.1547861507128309,False,False,False,False,0.484304932735426,0.88433575677462,Symmetric,0.4862778730703259,0.7706543291473893,Symmetric,0.4776815456362425,0.8122294372294372,Counter-led,False,True,True,,0.796373779637378,0.17729591836734693,0.1812770562770563,0.5213675213675214,0.8894736842105263,Cascade-led,0.514140681653372,0.8064327485380117,Symmetric,0.4558265582655826,0.8478860294117647,Counter-led,True,True,True,,0.7574316290130797,0.1902390438247012,0.21415441176470587
E02000960,Westminster,Inner,9,7,0.0590631364562118,False,False,False,False,0.5311203319502075,0.874455732946299,Cascade-led,0.5266932270916335,0.9107402031930334,Cascade-led,0.5256739409499358,0.926829268292683,Cascade-led,False,False,False,,0.06593406593406594,0.8998646820027063,0.1802498512790006,0.5012853470437018,0.8735029940119761,Symmetric,0.49153908138597907,0.9288922155688623,Symmetric,0.509421265141319,0.9399114484503479,Symmetric,False,False,False,,0.059445178335535004,0.879286694101509,0.1549652118912081
E02000961,Westminster,Inner,6,5,0.0712830957230142,False,False,False,False,0.4669218151995626,0.8921951219512195,Counter-led,0.4720496894409938,0.8639024390243902,Counter-led,0.4579524680073126,0.8869071747061208,Counter-led,False,False,False,,0.5449101796407185,0.3979763912310287,0.1690312119983786,0.4648074369189907,0.8974970202622169,Counter-led,0.4444967074317968,0.8446563369090186,Counter-led,0.4430673896204493,0.8684830137907837,Counter-led,False,False,False,,0.5375874125874126,0.5702364394993046,0.15338042381432895
E02000962,Westminster,Inner,8,6,-0.0488798370672097,False,False,False,False,0.5095057034220533,0.8689427312775331,Symmetric,0.5121019108280255,0.8645374449339207,Symmetric,0.5121019108280255,0.7178783721993599,Lateral,False,True,True,,0.24378109452736318,0.6906005221932114,0.16963877457704618,0.4911347517730496,0.8924050632911392,Symmetric,0.490442054958184,0.8829113924050633,Symmetric,0.490442054958184,0.7510094212651414,Lateral,False,True,True,,0.23264311814859928,0.7233294255568582,0.14939434724091522
E02000963,Westminster,Inner,1,1,0.0865580448065173,False,False,False,False,0.4516374714394516,0.7266187050359713,Lateral,0.44972720187061577,0.710016602102933,Lateral,0.449685534591195,0.7521286660359509,Lateral,False,False,False,,1.0,0.0,0.14522232734153265,0.4611443210930828,0.7698882314266929,Lateral,0.4625435540069686,0.7547666009204471,Counter-led,0.4348122866894198,0.7970620239390642,Counter-led,True,False,True,,1.0,0.0,0.17247007616974971
E02000964,Westminster,Inner,1,1,0.1435845213849287,False,False,False,False,0.4903136531365313,0.7792954708842559,Lateral,0.4981238273921201,0.7663551401869159,Symmetric,0.5093353248693054,0.8046875,Symmetric,True,False,True,,1.0,0.0,0.1640625,0.486815415821501,0.8345323741007195,Symmetric,0.4857734092084842,0.8180279305966991,Symmetric,0.4691558441558441,0.8514167242570836,Counter-led,False,True,True,,1.0,0.0,0.18348306841741535
E02000965,Westminster,Inner,7,5,0.0753564154786151,False,False,False,False,0.5052154195011338,0.906288532675709,Symmetric,0.5058713010803194,0.8750513769009454,Symmetric,0.5163472378804961,0.8974704890387858,Symmetric,False,False,False,,0.4985443959243086,0.5213675213675214,0.17942664418212478,0.5208027410670583,0.8871037776812852,Cascade-led,0.5,0.8310898827616153,Symmetric,0.490458790093382,0.8636044880785414,Symmetric,True,False,True,,0.46605960264900664,0.5139442231075697,0.19249649368863955
E02000966,Westminster,Inner,8,6,0.0610997963340121,False,False,False,False,0.5052109181141439,0.899955337204109,Symmetric,0.5074404761904762,0.9004019651630192,Symmetric,0.5074404761904762,0.7403598971722365,Lateral,False,True,True,,0.17595307917888564,0.8227593152064451,0.17774513404333456,0.4866282118510749,0.8902894491129785,Symmetric,0.48951781970649894,0.8907563025210085,Symmetric,0.4895178197064989,0.6971136280599196,Lateral,False,True,True,,0.17880085653104924,0.8141683778234087,0.21739130434782608
E02000967,Westminster,Inner,9,7,0.0723014256619144,False,False,False,False,0.55440097799511,0.856993190151912,Cascade-led,0.5558208955223881,0.8774227344159246,Cascade-led,0.5110803324099723,0.9025,Symmetric,False,True,True,,0.06052393857271906,0.939565627950897,0.20458333333333334,0.5521235521235521,0.8599889319313779,Cascade-led,0.5352544451256898,0.902600996126176,Cascade-led,0.529441117764471,0.9192660550458716,Cascade-led,False,False,False,,0.046182846371347785,0.8950159066808059,0.17110091743119266
E02000968,Westminster,Inner,1,1,-0.0325865580448065,False,False,False,False,0.4272251308900524,0.7998324958123953,Counter-led,0.4289487585842578,0.792713567839196,Counter-led,0.4496527777777778,0.8231511254019293,Counter-led,False,False,False,,1.0,0.0,0.14683815648445875,0.4225419664268585,0.8605035080478746,Counter-led,0.4214634146341463,0.8460586050350805,Counter-led,0.4439586645468998,0.870889581169955,Counter-led,False,False,False,,1.0,0.0,0.16130148840429215
E02000969,Westminster,Inner,1,1,-0.0519348268839103,False,False,False,False,0.4651311580294305,0.7572674418604651,Lateral,0.4655061250805932,0.751453488372093,Counter-led,0.4658418504572351,0.7837268128161888,Counter-led,True,False,True,,1.0,0.0,0.12984822934232715,0.4605577689243028,0.78732747804266,Lateral,0.46228710462287104,0.773525721455458,Counter-led,0.4476600985221675,0.8181360201511335,Counter-led,True,False,True,,1.0,0.0,0.19697732997481107
E02000970,Westminster,Inner,9,7,0.0621181262729123,False,False,False,False,0.5723567631423508,0.8554825669530066,Cascade-led,0.5710211066742726,0.8858009095502779,Cascade-led,0.5445846020008699,0.9104950495049505,Cascade-led,False,False,False,,0.05990415335463259,0.9169054441260746,0.21623762376237624,0.550098231827112,0.8312465977136636,Cascade-led,0.5561627200971463,0.8965704953728906,Cascade-led,0.5654936461388075,0.9150268336314848,Cascade-led,False,False,False,,0.09248055315471046,0.9201349831271091,0.17844364937388194
E02000971,Westminster,Inner,7,6,-0.0081466395112016,False,False,False,False,0.5447870778267254,0.8403948992184286,Cascade-led,0.550680122860904,0.9374742904154669,Cascade-led,0.550680122860904,0.7657930107526881,Cascade-led,False,False,False,,0.22071713147410357,0.7314453125,0.18313172043010753,0.457709038182697,0.828594313175811,Counter-led,0.463064584212748,0.94873848618342,Counter-led,0.463064584212748,0.8014208389715832,Counter-led,False,False,False,,0.2014585232452142,0.7869496855345912,0.15527740189445197
E02000972,Westminster,Inner,6,4,-0.0061099796334012,False,False,False,False,0.521358723623263,0.8787878787878788,Cascade-led,0.5236768802228412,0.8118498417005879,Cascade-led,0.5695364238410596,0.8531073446327684,Cascade-led,False,False,False,,0.7005813953488372,0.40673076923076923,0.21927966101694915,0.4659270998415214,0.8812849162011173,Counter-led,0.46988636363636366,0.819366852886406,Counter-led,0.4712182061579651,0.8524153670597185,Counter-led,False,False,False,,0.6174242424242424,0.3679324894514768,0.18295930011411182
E02000973,Westminster,Inner,5,4,0.1547861507128309,False,False,False,False,0.5060344827586207,0.9473254389546754,Symmetric,0.5144820814923907,0.8317680685994283,Symmetric,0.5101877746703956,0.8586620926243568,Symmetric,False,False,False,,0.6194205168363351,0.3303425774877651,0.15986277873070326,0.5046854082998661,0.9431818181818182,Symmetric,0.5019723865877712,0.8535353535353535,Symmetric,0.495668549905838,0.8841158841158842,Symmetric,False,False,False,,0.6352583586626139,0.3838685586258402,0.2087912087912088
E02000974,Westminster,Inner,7,5,-0.0906313645621181,False,False,False,False,0.5756437768240343,0.8161120840630472,Cascade-led,0.5704189803129732,0.867338003502627,Cascade-led,0.5929237947122862,0.8946086956521739,Cascade-led,False,False,False,,0.48,0.46322827125119387,0.20556521739130434,0.4674250258531541,0.8160337552742616,Counter-led,0.4683734939759036,0.8405063291139241,Counter-led,0.4959223300970873,0.8719945817812395,Symmetric,False,True,True,,0.5395458104933438,0.5654853620955316,0.19742634608872334
E02000975,Westminster,Inner,7,5,0.1629327902240326,False,False,False,False,0.5537394749876177,0.825091949325705,Cascade-led,0.5451439726695949,0.8373518594196976,Cascade-led,0.5543685616177032,0.8681682676382908,Cascade-led,False,False,False,,0.44872677219545765,0.5291095890410958,0.18946671083140113,0.4814643188137164,0.8387096774193549,Symmetric,0.4772413793103448,0.8453167508744656,Counter-led,0.485045045045045,0.8745666561613615,Symmetric,True,True,False,,0.4160475482912333,0.6137158852344297,0.18909549322407815
E02000976,Westminster,Inner,6,4,0.0682281059063136,False,False,False,False,0.492901346923917,0.9111111111111112,Symmetric,0.490226739640344,0.848424543946932,Symmetric,0.5080749354005168,0.871376301716859,Symmetric,False,False,False,,0.6128417037507946,0.3355219960604071,0.1514213340838728,0.4339992166079122,0.8979950756243404,Counter-led,0.42964196502914237,0.8448821667252902,Counter-led,0.4412751677852349,0.8710903244665302,Counter-led,False,False,False,,0.6288973384030419,0.32552552552552555,0.16895644548377667
E02000977,Westminster,Inner,7,5,-0.0427698574338085,False,False,False,False,0.510687463893703,0.8760121457489879,Symmetric,0.5184544405997693,0.8775303643724697,Symmetric,0.5102489019033675,0.9186281102891728,Symmetric,False,False,False,,0.53012912482066,0.4342301943198804,0.3355749831876261,0.4718217562254259,0.8734974241556954,Counter-led,0.4694533762057878,0.8900973096737264,Counter-led,0.4955677501055298,0.9250292854353768,Symmetric,False,True,True,,0.540885860306644,0.4686192468619247,0.3178445919562671
E02000978,Westminster,Inner,9,8,0.0641547861507128,False,False,False,False,0.7192224622030238,0.8100069979006298,Cascade-led,0.7135961383748994,0.8698390482855144,Cascade-led,0.5745962222830551,0.9075776397515528,Cascade-led,False,False,False,,0.01953311100524059,0.9826254826254827,0.28993788819875776,0.6378676470588235,0.807920792079208,Cascade-led,0.6214128035320088,0.897029702970297,Cascade-led,0.5585725368502715,0.9253409906676239,Cascade-led,False,False,False,,0.027777777777777776,0.9894551845342706,0.27494615936826994
E02000979,Westminster,Inner,6,4,0.0254582484725051,False,False,False,False,0.4965387035871617,0.8465636654235482,Symmetric,0.489650249821556,0.7464038359083645,Symmetric,0.5194330132601738,0.8212542245587683,Symmetric,False,False,False,,0.7183098591549296,0.28068506184586106,0.2951558392790086,0.4622279129321383,0.8530857454942654,Counter-led,0.4653954802259887,0.7733478973238668,Counter-led,0.4491682070240296,0.8390849166343544,Counter-led,False,False,False,,0.6563786008230452,0.31208053691275167,0.29003489724699494
E02000980,Westminster,Inner,5,4,-0.0784114052953157,False,False,False,False,0.4841222288795686,0.9155238617663192,Symmetric,0.47571318427139553,0.7114646187602852,Lateral,0.5253793825222397,0.784160853508412,Cascade-led,True,True,True,,0.6822709163346613,0.4002205071664829,0.25194911776774725,0.4907635467980296,0.9047353760445682,Symmetric,0.49372693726937267,0.754874651810585,Symmetric,0.4785340314136125,0.8127659574468085,Counter-led,False,True,True,,0.6192560175054704,0.33835341365461846,0.23617021276595745
E02000981,Westminster,Inner,7,5,0.0712830957230142,False,False,False,False,0.5369709331973483,0.9087117701575532,Cascade-led,0.5332656170644997,0.91241890639481,Cascade-led,0.5571837026447463,0.9367258118513558,Cascade-led,False,False,False,,0.5016035920461834,0.516545601291364,0.2775359892869099,0.4822515212981744,0.8951429868361326,Symmetric,0.47516307074761666,0.9046754425783023,Counter-led,0.4613170205109752,0.9297423887587822,Counter-led,True,False,True,,0.4469578783151326,0.501002004008016,0.26296420207427235
E02000982,Westminster,Inner,6,4,-0.2006109979633401,False,False,False,False,0.5178041543026706,0.7809965237543454,Lateral,0.5110410094637224,0.7346465816917729,Symmetric,0.5206755969714618,0.7894252873563219,Cascade-led,True,True,True,,0.7024608501118568,0.33171324422843257,0.2064367816091954,0.5113947128532361,0.8119911176905995,Symmetric,0.4975704567541302,0.7616580310880829,Symmetric,0.47009148486981,0.8152610441767069,Counter-led,False,True,True,,0.6511976047904192,0.3200531208499336,0.2248995983935743
E02000983,Westminster,Inner,6,4,-0.0835030549898167,False,False,False,False,0.5167007498295841,0.7998909487459106,Symmetric,0.49504950495049505,0.7159214830970556,Lateral,0.5506396588486141,0.7826449728827701,Cascade-led,True,True,True,,0.7250726040658277,0.3760379596678529,0.23487692949520234,0.5073855243722304,0.8226002430133658,Symmetric,0.5023474178403756,0.7764277035236938,Symmetric,0.4683615819209039,0.8278765201122544,Counter-led,False,True,True,,0.5235223160434258,0.3368756641870351,0.23012160898035547
E02006782,Bromley,Outer,7,5,-0.0875763747454174,False,False,False,False,0.4236111111111111,0.9504950495049505,Counter-led,0.42724097788125726,0.944994499449945,Counter-led,0.3901098901098901,0.9562171628721541,Counter-led,False,False,False,,0.5187793427230047,0.37537537537537535,0.2040280210157618,0.4382716049382716,0.9551886792452832,Counter-led,0.4396984924623116,0.9386792452830188,Counter-led,0.3818965517241379,0.9570957095709571,Counter-led,False,False,False,,0.54627539503386,0.3612273361227336,0.30033003300330036
E02006783,Lewisham,Inner,2,2,-0.0947046843177189,False,False,False,False,0.45,0.8502024291497976,Counter-led,0.40924092409240925,0.6133603238866396,Lateral,0.3809523809523809,0.6704055220017257,Lateral,True,False,True,,0.9358108108108109,0.04573804573804574,0.14754098360655737,0.5246523388116309,0.8682766190998902,Cascade-led,0.5400313971742543,0.6992316136114161,Lateral,0.4686800894854586,0.7654109589041096,Lateral,True,False,True,,0.8806682577565632,0.021052631578947368,0.22003424657534246
E02006784,Lewisham,Inner,2,2,-0.0498981670061099,False,False,False,False,0.4865810968494749,0.8468379446640316,Symmetric,0.45871559633027525,0.6462450592885376,Lateral,0.4258142340168878,0.6983993260320135,Lateral,True,False,True,,0.9490084985835694,0.07563025210084033,0.14743049705139005,0.4775510204081633,0.8930741190765492,Counter-led,0.47735191637630664,0.6974483596597812,Lateral,0.4158536585365853,0.7670720299345183,Lateral,True,False,True,,0.9296187683284457,0.08350730688935282,0.23012160898035547
E02006785,Bexley,Outer,8,6,-0.1446028513238288,False,False,False,False,0.3951310861423221,0.8870431893687708,Counter-led,0.3893653516295026,0.96843853820598,Counter-led,0.3893653516295026,0.748395378690629,Lateral,False,True,True,,0.47577092511013214,0.5280898876404494,0.22721437740693196,0.4397705544933078,0.8819561551433389,Counter-led,0.4432809773123909,0.9662731871838112,Counter-led,0.4432809773123909,0.7013463892288861,Lateral,False,True,True,,0.5039370078740157,0.47648902821316613,0.2741738066095471
E02006786,Greenwich,Inner,3,2,0.120162932790224,False,False,False,False,0.4197247706422018,0.7898550724637681,Counter-led,0.42435424354243545,0.7364130434782609,Counter-led,0.3972999035679845,0.7808734939759037,Counter-led,False,False,False,,0.5898058252427184,0.2976,0.1686746987951807,0.4798387096774194,0.809575625680087,Counter-led,0.48988439306358383,0.7529923830250272,Symmetric,0.4119345524542829,0.8206951026856241,Counter-led,True,True,False,,0.7546728971962616,0.2127659574468085,0.2740916271721959
E02006787,Bromley,Outer,10,9,-0.0947046843177189,False,False,False,False,0.4378306878306878,0.7916230366492146,Counter-led,0.42790697674418604,0.900523560209424,Counter-led,0.4817586529466791,0.9183848797250859,Symmetric,False,True,True,,0.06601941747572816,0.8844765342960289,0.179553264604811,0.4326923076923077,0.8044198895027624,Counter-led,0.4297719087635054,0.9204419889502763,Counter-led,0.5275800711743772,0.939799331103679,Cascade-led,False,True,True,,0.06070826306913996,0.8907721280602636,0.24331103678929766
E02006788,Croydon,Outer,5,4,-0.2790224032586558,False,False,False,False,0.4429065743944637,0.864406779661017,Counter-led,0.4375,0.8454636091724825,Counter-led,0.4058536585365854,0.8686440677966102,Counter-led,False,False,False,,0.38461538461538464,0.4745484400656814,0.15,0.4290865384615384,0.8515864892528148,Counter-led,0.4067796610169492,0.8454452405322416,Counter-led,0.3436123348017621,0.8825816485225505,Counter-led,False,False,False,,0.44871794871794873,0.3597315436241611,0.24027993779160187
E02006789,Bromley,Outer,8,7,-0.0254582484725051,True,False,False,False,0.5086206896551724,0.9250398724082934,Symmetric,0.5041322314049587,0.9649122807017544,Symmetric,0.553213909378293,0.9773429454170958,Cascade-led,False,True,True,,0.3942857142857143,0.6556603773584906,0.35427394438722964,0.5615212527964206,0.917864476386037,Cascade-led,0.538961038961039,0.9486652977412731,Cascade-led,0.6282352941176471,0.9714285714285714,Cascade-led,False,False,False,Cascade,0.31647940074906367,0.689873417721519,0.44342857142857145
E02006791,Ealing,Outer,7,6,-0.0071283095723014,False,False,False,False,0.5008891523414345,0.9128787878787878,Symmetric,0.4953271028037383,0.8106060606060606,Symmetric,0.4953271028037383,0.6530078465562337,Lateral,False,True,True,,0.3463611859838275,0.667989417989418,0.1944202266782912,0.4436038514442916,0.9003095975232198,Counter-led,0.42645971914264597,0.8377708978328173,Counter-led,0.4264597191426459,0.6409284699194695,Lateral,False,True,True,,0.2720970537261698,0.7538659793814433,0.23495973472288015
E02006792,Hounslow,Outer,8,6,0.0386965376782076,False,False,False,False,0.4921739130434782,0.8253588516746412,Symmetric,0.4880147510755993,0.7784688995215311,Symmetric,0.4880147510755993,0.5892792466497646,Lateral,False,True,True,,0.27329974811083124,0.7130852340936374,0.24302788844621515,0.4894209354120267,0.8568702290076335,Symmetric,0.4875072632190587,0.8210877862595419,Symmetric,0.4875072632190587,0.6253633720930233,Lateral,False,True,True,,0.3361144219308701,0.7154195011337868,0.23837209302325582
E02006793,Enfield,Outer,1,1,-0.0081466395112016,False,False,False,False,0.4960971379011274,0.7224310776942355,Lateral,0.49646643109540634,0.7092731829573935,Lateral,0.4723837209302325,0.7478260869565218,Lateral,False,False,False,,1.0,0.0,0.13260869565217392,0.4113785557986871,0.7259729944400317,Lateral,0.40904079382579933,0.7204130262112788,Lateral,0.391025641025641,0.78,Counter-led,False,True,True,,1.0,0.0,0.213125
E02006794,Haringey,Inner,1,1,0.005091649694501,False,False,False,False,0.5301339285714286,0.58295380611581,Lateral,0.5167243367935409,0.5640858815875082,Lateral,0.4904030710172745,0.6086448598130841,Lateral,False,False,False,,1.0,0.0,0.1022196261682243,0.3826199740596627,0.6361386138613861,Lateral,0.38675496688741723,0.6229372937293729,Lateral,0.3215686274509804,0.6905890318212593,Lateral,False,False,False,,1.0,0.0,0.17941773865944483
E02006795,Harrow,Outer,9,8,-0.0112016293279022,False,False,False,False,0.5116279069767442,0.8916116870876531,Symmetric,0.5178026449643948,0.9264844486333648,Symmetric,0.5572457966373099,0.9412207987942728,Cascade-led,False,True,True,,0.06752873563218391,0.891500904159132,0.2004521477015825,0.4883227176220807,0.8714153561517114,Symmetric,0.49431230610134436,0.8945420906567992,Symmetric,0.5817774458551157,0.9215416379903648,Cascade-led,False,True,True,,0.05648267008985879,0.8732142857142857,0.25602202339986235
E02006796,Hillingdon,Outer,8,6,0.065173116089613,False,False,False,False,0.4520856820744081,0.8512476007677543,Counter-led,0.4546448087431694,0.8781190019193857,Counter-led,0.4546448087431694,0.5914673561732385,Lateral,False,True,True,,0.46875,0.6092184368737475,0.3264382676147382,0.4148936170212766,0.8568824065633546,Counter-led,0.4058704453441296,0.9006381039197813,Counter-led,0.4058704453441296,0.48790123456790124,Lateral,False,True,True,,0.40648379052369077,0.6626916524701874,0.4582716049382716
E02006798,Lewisham,Inner,3,2,-0.1598778004073319,False,False,False,False,0.4787104622871046,0.8716861081654295,Counter-led,0.4699162223914699,0.6961823966065748,Lateral,0.4974300399771559,0.7534423407917383,Symmetric,True,True,True,,0.8794489092996556,0.14204545454545456,0.1884681583476764,0.44752915047196,0.8841433480608738,Counter-led,0.4174757281553398,0.7079037800687286,Lateral,0.400502512562814,0.769825918762089,Lateral,True,False,True,,0.8143036386449184,0.10058675607711651,0.21199226305609284
E02006799,Barking and Dagenham,Outer,3,2,-0.1456211812627291,False,False,False,False,0.4159146841673503,0.869472182596291,Counter-led,0.4299706170421156,0.7282453637660485,Counter-led,0.4038461538461538,0.7733491969066032,Counter-led,False,False,False,,0.8419047619047619,0.18580645161290324,0.16597263533610945,0.4923245614035088,0.8515406162464986,Symmetric,0.5358539765319427,0.7161531279178338,Lateral,0.4106988783433994,0.7922077922077922,Counter-led,True,True,True,,0.819327731092437,0.11273792093704246,0.2679425837320574
E02006800,Redbridge,Outer,6,4,-0.0193482688391038,False,False,False,False,0.4280383795309168,0.8799249530956847,Counter-led,0.4261744966442953,0.8386491557223265,Counter-led,0.4053461875547765,0.869002284843869,Counter-led,False,False,False,,0.4562162162162162,0.4318349299926308,0.18811881188118812,0.4835609509357612,0.8861497086508292,Symmetric,0.4735391400220507,0.8130883012102196,Counter-led,0.4289340101522843,0.8500539374325782,Counter-led,True,False,True,,0.4388560157790927,0.3940740740740741,0.19777058612010068
E02006801,Lambeth,Inner,5,4,0.060081466395112,False,False,False,False,0.5179090029041626,0.8651591289782244,Symmetric,0.5288362512873327,0.8132328308207705,Cascade-led,0.5733812949640288,0.8617482951022939,Cascade-led,True,False,True,,0.520702634880803,0.4688026981450253,0.2597644141351519,0.4882747068676717,0.8715328467153285,Symmetric,0.500903342366757,0.808029197080292,Symmetric,0.5337307812990273,0.858335577699973,Cascade-led,False,True,True,,0.5332157554379776,0.446164199192463,0.26205224885537304
E02006802,Southwark,Inner,3,2,-0.1293279022403258,False,False,False,False,0.5110253583241455,0.8780251694094869,Symmetric,0.4807017543859649,0.6897386253630203,Lateral,0.5771476230191827,0.7890753537347812,Cascade-led,True,True,True,,0.911849710982659,0.08284023668639054,0.320171108917407,0.4889490302210194,0.8871548619447779,Symmetric,0.4778430325680726,0.749499799919968,Counter-led,0.5021413276231264,0.8173862310385064,Symmetric,True,True,False,,0.8919687277896233,0.0953405017921147,0.2710035005834306
E02006836,Sutton,Outer,10,10,0.0336048879837066,False,False,False,False,0.4525547445255474,0.7722660653889515,Lateral,0.4503311258278146,0.8511837655016911,Counter-led,0.527464258841234,0.9096509240246407,Cascade-led,True,True,True,,0.0,1.0,0.3928815879534565,0.3789625360230547,0.7922374429223744,Lateral,0.38156209987195905,0.8915525114155252,Counter-led,0.5062545989698307,0.9346629986244842,Symmetric,True,True,True,,0.0,1.0,0.39752407152682256
E02006853,Tower Hamlets,Inner,2,2,0.3462321792260692,False,False,False,False,0.5406732117812062,0.8024760832864378,Cascade-led,0.5265278710543989,0.8379290939786156,Cascade-led,0.5770183259039128,0.8751625487646294,Cascade-led,False,False,False,,0.8291845493562232,0.41217798594847777,0.22973558734286953,0.491207034372502,0.8001279181323953,Symmetric,0.48277227722772276,0.8074832107451231,Symmetric,0.4959093769666456,0.8407407407407408,Symmetric,False,False,False,,0.6833756345177665,0.35518102372034954,0.17275132275132274
E02006854,Tower Hamlets,Inner,9,8,-0.1507128309572301,False,False,False,False,0.3887545344619105,0.9307822172200336,Counter-led,0.39622641509433965,0.9544175576814856,Counter-led,0.384927797833935,0.9647366129734436,Counter-led,False,False,False,,0.012895662368112544,0.9728539985326485,0.22638223770134958,0.3733804475853945,0.9625850340136054,Counter-led,0.38181818181818183,0.9769463340891912,Counter-led,0.4016207455429497,0.9806102987921169,Counter-led,False,False,False,,0.0129136400322841,0.9674972914409534,0.1589319771137953
E02006882,Harrow,Outer,9,7,-0.0122199592668025,False,False,False,False,0.5226993865030675,0.8858695652173914,Cascade-led,0.5152268489745183,0.8744565217391305,Symmetric,0.558893657606104,0.9007731958762887,Cascade-led,True,True,False,,0.07423208191126279,0.8648648648648649,0.20962199312714777,0.5431906614785992,0.8819492107069321,Cascade-led,0.5161787365177196,0.8908716540837337,Symmetric,0.5759911894273128,0.9194936708860759,Cascade-led,True,True,False,,0.0745697896749522,0.7844155844155845,0.2622784810126582
E02006918,Hackney,Inner,2,1,-0.0183299389002036,False,False,False,False,0.4494477485131691,0.7578879587894398,Lateral,0.5620111731843576,0.5763039278815196,Lateral,0.5575807787903894,0.6471849865951743,Lateral,False,False,False,,1.0,0.0,0.1672922252010724,0.4248366013071895,0.772170151405912,Lateral,0.4691780821917808,0.631578947368421,Lateral,0.4140495867768595,0.7030796048808832,Lateral,False,False,False,,1.0,0.0,0.19407321324811155
E02006921,Hackney,Inner,1,1,0.0173116089613034,False,False,False,False,0.4819587628865979,0.6493723849372385,Lateral,0.48905109489051096,0.5732217573221757,Lateral,0.4860788863109048,0.6282798833819242,Lateral,False,False,False,,1.0,0.0,0.12900874635568513,0.4482306684141546,0.72117202268431,Lateral,0.4469914040114613,0.6597353497164461,Lateral,0.4177215189873418,0.7070789259560618,Lateral,False,False,False,,1.0,0.0,0.13913751017087062
E02006924,Redbridge,Outer,7,6,-0.0295315682281059,False,False,False,False,0.455,0.8573178199632578,Counter-led,0.4723650385604113,0.9528475199020208,Counter-led,0.4723650385604113,0.7737444057682745,Counter-led,False,False,False,,0.10884353741496598,0.8246041412911084,0.1879661859771258,0.4636085626911315,0.8729311265349706,Counter-led,0.4944258639910814,0.9578216764548853,Symmetric,0.4944258639910814,0.7634042553191489,Lateral,True,True,True,,0.07666290868094701,0.7794928335170893,0.20297872340425532
E02006925,Redbridge,Outer,8,7,0.0672097759674135,False,False,False,False,0.4337164750957854,0.944967414916727,Counter-led,0.4281298299845441,0.9370021723388848,Counter-led,0.5150987224157956,0.9519071310116086,Symmetric,False,True,True,,0.02480270574971815,0.9305389221556887,0.23659480375898287,0.4206069160197601,0.9297900262467192,Counter-led,0.4293785310734463,0.9291338582677166,Counter-led,0.5275880189174987,0.9462953754351069,Cascade-led,False,True,True,,0.021912350597609563,0.8598442714126807,0.24216807558428644
E02006927,Greenwich,Inner,6,4,-0.0824847250509165,False,False,False,False,0.6119213696892835,0.8770856507230256,Cascade-led,0.6162387231089521,0.8014460511679644,Cascade-led,0.5663615560640732,0.8304038004750594,Cascade-led,False,False,False,,0.22626262626262628,0.39841688654353563,0.14584323040380048,0.3983637507866582,0.8678317859093392,Counter-led,0.3913337846987136,0.8066630256690334,Counter-led,0.3601190476190476,0.850632911392405,Counter-led,False,False,False,,0.4696969696969697,0.5100775193798449,0.22742616033755275
E02006928,Greenwich,Inner,1,1,0.4317718940936864,False,False,False,False,0.4708588957055215,0.8874773139745916,Counter-led,0.47159979155810317,0.8706896551724138,Counter-led,0.5374001452432825,0.9062191510365252,Cascade-led,False,True,True,,1.0,0.0,0.27476143468246134,0.4864766081871345,0.8718929254302104,Symmetric,0.4858757062146893,0.8460803059273423,Symmetric,0.4975845410628019,0.890625,Symmetric,False,False,False,,1.0,0.0,0.28940217391304346
E02006929,Greenwich,Inner,3,2,0.0855397148676171,False,False,False,False,0.4921579232017307,0.9144411473788328,Symmetric,0.4917933130699088,0.8135509396636993,Symmetric,0.4997703261368856,0.8523884103367267,Symmetric,False,False,False,,0.8740808823529411,0.26262626262626265,0.20830070477682067,0.4667057788207686,0.9156594144507118,Counter-led,0.4904100529100529,0.8122481869460113,Symmetric,0.4585622163840459,0.856938190749079,Counter-led,True,True,False,,0.8276041666666667,0.2814292015880018,0.2380270159639787
E02006930,Greenwich,Inner,6,4,-0.0010183299389001,False,False,False,False,0.542756183745583,0.8539529269764635,Cascade-led,0.5387045813586098,0.764031382015691,Cascade-led,0.5262276785714286,0.820888685295465,Cascade-led,False,False,False,,0.440084835630965,0.5041224970553593,0.24095281722400366,0.4133268952197006,0.8786593126856173,Counter-led,0.41450777202072536,0.8188375053033518,Counter-led,0.3863889921904053,0.8629653401797176,Counter-led,False,False,False,,0.42829643888354185,0.5587878787878788,0.24358151476251605
E02006931,Greenwich,Inner,5,4,0.1323828920570265,False,False,False,False,0.4747061829330608,0.9310180780209324,Counter-led,0.4708994708994709,0.8092293054234063,Counter-led,0.4644786040714582,0.8571937321937322,Counter-led,False,False,False,,0.47137745974955275,0.5104732350659426,0.2514245014245014,0.4597207303974221,0.934269944806824,Counter-led,0.4672782874617737,0.8203712995484195,Counter-led,0.4324903557651093,0.8669639539204756,Counter-led,False,False,False,,0.40138751238850345,0.5188821752265861,0.25938312894834636
