msoa11cd,ladnm,Ring,Wealth_Decile_National,Typ_A_11,Typ_C_11,Casc_Inflow_Share_11,Ext_Arm_Share_11,leaf_11,Typ_A_21,Typ_C_21,Casc_Inflow_Share_21,Ext_Arm_Share_21,leaf_21,Genuine_Persistent
E02000001,City of London,Inner,8,Cascade-led,Symmetric,0.023539668700959,0.2839285714285714,,Counter-led,Counter-led,0.0197512801755669,0.3044776119402985,,False
E02000002,Barking and Dagenham,Outer,1,Cascade-led,Cascade-led,1.0,0.0,inflow-driven,Cascade-led,Counter-led,1.0,0.0,,False
E02000003,Barking and Dagenham,Outer,4,Counter-led,Counter-led,0.4222539229671897,0.0,,Counter-led,Counter-led,0.4125,0.0,,False
E02000004,Barking and Dagenham,Outer,4,Counter-led,Counter-led,0.6084142394822006,0.0,,Counter-led,Counter-led,0.610223642172524,0.0,,False
E02000005,Barking and Dagenham,Outer,3,Counter-led,Counter-led,0.4897579143389199,0.0,,Counter-led,Counter-led,0.6136363636363636,0.0,,False
E02000007,Barking and Dagenham,Outer,2,Cascade-led,Lateral,0.7983471074380165,0.0,,Counter-led,Lateral,0.8144104803493449,0.0,,False
E02000008,Barking and Dagenham,Outer,2,Counter-led,Lateral,0.7754749568221071,0.0,,Counter-led,Lateral,0.8436123348017621,0.0,,False
E02000009,Barking and Dagenham,Outer,3,Symmetric,Symmetric,0.5057766367137355,0.0,,Counter-led,Counter-led,0.5356037151702786,0.0,,False
E02000010,Barking and Dagenham,Outer,2,Counter-led,Lateral,0.7525252525252525,0.0,,Counter-led,Lateral,0.8088235294117647,0.0,,False
E02000011,Barking and Dagenham,Outer,4,Counter-led,Counter-led,0.2869565217391304,0.0,,Counter-led,Counter-led,0.2924281984334204,0.0,,False
E02000012,Barking and Dagenham,Outer,5,Counter-led,Counter-led,0.1740674955595026,0.0,,Symmetric,Counter-led,0.1936685288640595,0.0,,False
E02000013,Barking and Dagenham,Outer,2,Lateral,Lateral,0.7784615384615384,0.0,,Symmetric,Lateral,0.7819548872180451,0.0,,False
E02000014,Barking and Dagenham,Outer,2,Counter-led,Lateral,0.7557603686635944,0.0,,Counter-led,Lateral,0.6837606837606838,0.0,,False
E02000015,Barking and Dagenham,Outer,1,Cascade-led,Counter-led,1.0,0.0,,Symmetric,Counter-led,1.0,0.0,,False
E02000016,Barking and Dagenham,Outer,2,Counter-led,Counter-led,0.7484957882069796,0.0,,Symmetric,Counter-led,0.7272727272727273,0.0,,False
E02000017,Barking and Dagenham,Outer,4,Counter-led,Counter-led,0.2056303549571603,0.0,,Counter-led,Counter-led,0.2796005706134094,0.0,,False
E02000018,Barking and Dagenham,Outer,2,Counter-led,Lateral,0.7545638945233266,0.0,,Counter-led,Lateral,0.6945107398568019,0.0,,False
E02000019,Barking and Dagenham,Outer,2,Counter-led,Lateral,0.6491228070175439,0.0,,Counter-led,Lateral,0.8325123152709359,0.0,,False
E02000020,Barking and Dagenham,Outer,3,Symmetric,Counter-led,0.4044117647058823,0.0,,Counter-led,Counter-led,0.4642857142857143,0.0,,False
E02000021,Barking and Dagenham,Outer,3,Counter-led,Counter-led,0.3740219092331768,0.0,,Counter-led,Counter-led,0.4444444444444444,0.0,,False
E02000022,Barking and Dagenham,Outer,1,Symmetric,Symmetric,1.0,0.0,,Counter-led,Counter-led,1.0,0.0,,False
E02000023,Barking and Dagenham,Outer,1,Counter-led,Counter-led,1.0,0.0,,Symmetric,Counter-led,1.0,0.0,,False
E02000024,Barnet,Outer,9,Counter-led,Symmetric,0.0036991368680641,0.42326732673267325,,Counter-led,Cascade-led,0.001019367991845,0.5122448979591837,outflow: external-majority,False
E02000025,Barnet,Outer,6,Lateral,Lateral,0.5641025641025641,0.0,,Lateral,Lateral,0.5676328502415459,0.0,,False
E02000026,Barnet,Outer,9,Counter-led,Symmetric,0.0,0.4193011647254576,,Counter-led,Cascade-led,0.0017421602787456,0.581151832460733,outflow: external-majority,False
E02000027,Barnet,Outer,5,Symmetric,Counter-led,0.7957166392092258,0.0,,Cascade-led,Counter-led,0.8022388059701493,0.0,,False
E02000028,Barnet,Outer,7,Counter-led,Symmetric,0.2454873646209386,0.4354066985645933,,Cascade-led,Cascade-led,0.1593673965936739,0.46599131693198265,outflow: internal-majority,False
E02000029,Barnet,Outer,7,Counter-led,Symmetric,0.1715039577836411,0.40445859872611467,,Lateral,Cascade-led,0.1460541813898704,0.5627586206896552,outflow: external-majority,False
E02000030,Barnet,Outer,7,Counter-led,Cascade-led,0.1862244897959183,0.5156739811912225,outflow: external-majority,Counter-led,Cascade-led,0.150197628458498,0.5333333333333333,outflow: external-majority,False
E02000031,Barnet,Outer,8,Counter-led,Symmetric,0.0922619047619047,0.33278688524590166,,Counter-led,Symmetric,0.0600292825768667,0.38161993769470404,,False
E02000032,Barnet,Outer,9,Symmetric,Cascade-led,0.0,0.2789115646258503,outflow: internal-majority,Symmetric,Cascade-led,0.0,0.40237691001697795,outflow: internal-majority,False
E02000033,Barnet,Outer,5,Counter-led,Counter-led,0.6856127886323268,0.0,,Symmetric,Counter-led,0.6405622489959839,0.0,,False
E02000034,Barnet,Outer,6,Lateral,Lateral,0.4125,0.0,,Lateral,Lateral,0.3905325443786982,0.0,,False
E02000035,Barnet,Outer,7,Lateral,Symmetric,0.1773049645390071,0.24856321839080459,,Lateral,Cascade-led,0.1074380165289256,0.41087962962962965,outflow: internal-majority,False
E02000036,Barnet,Outer,6,Counter-led,Lateral,0.3365949119373776,0.0,,Lateral,Lateral,0.288135593220339,0.0,,False
E02000037,Barnet,Outer,6,Symmetric,Lateral,0.3985330073349633,0.0,,Lateral,Lateral,0.4654255319148936,0.0,,False
E02000038,Barnet,Outer,6,Lateral,Lateral,0.3231884057971014,0.0,,Lateral,Lateral,0.2274509803921568,0.0,,False
E02000039,Barnet,Outer,8,Lateral,Cascade-led,0.0235294117647058,0.31626506024096385,outflow: internal-majority,Counter-led,Symmetric,0.020066889632107,0.4453924914675768,,False
E02000040,Barnet,Outer,5,Cascade-led,Symmetric,0.6904145077720207,0.0,,Counter-led,Counter-led,0.7902298850574713,0.0,,False
E02000041,Barnet,Outer,6,Symmetric,Lateral,0.3242105263157894,0.0,,Cascade-led,Lateral,0.2957446808510638,0.0,,False
E02000042,Barnet,Outer,6,Lateral,Lateral,0.473170731707317,0.0,,Lateral,Lateral,0.4106145251396648,0.0,,False
E02000043,Barnet,Outer,9,Symmetric,Symmetric,0.0,0.20320855614973263,,Symmetric,Cascade-led,0.0,0.30962962962962964,outflow: internal-majority,False
E02000044,Barnet,Outer,4,Symmetric,Counter-led,0.7090909090909091,0.0,,Counter-led,Counter-led,0.7372708757637475,0.0,,False
E02000045,Barnet,Outer,4,Symmetric,Counter-led,0.7729852440408627,0.0,,Counter-led,Counter-led,0.6853766617429837,0.0,,False
E02000046,Barnet,Outer,7,Lateral,Symmetric,0.1371158392434988,0.24246575342465754,,Symmetric,Cascade-led,0.0828848223896663,0.34624413145539906,outflow: internal-majority,False
E02000047,Barnet,Outer,3,Counter-led,Counter-led,0.8429423459244533,0.0,,Counter-led,Counter-led,0.8903803131991052,0.0,,False
E02000048,Barnet,Outer,7,Symmetric,Symmetric,0.1809954751131221,0.35082872928176795,,Symmetric,Cascade-led,0.1138121546961326,0.39900249376558605,outflow: internal-majority,False
E02000049,Barnet,Outer,2,Counter-led,Counter-led,0.945827232796486,0.0,,Symmetric,Counter-led,0.9450915141430948,0.0,,False
E02000050,Barnet,Outer,5,Symmetric,Symmetric,0.64453125,0.0,,Counter-led,Counter-led,0.678714859437751,0.0,,False
E02000051,Barnet,Outer,7,Symmetric,Cascade-led,0.1964285714285714,0.30196078431372547,outflow: internal-majority,Cascade-led,Cascade-led,0.1419172932330827,0.3932092004381161,outflow: internal-majority,False
E02000052,Barnet,Outer,6,Counter-led,Lateral,0.2767624020887728,0.0,,Cascade-led,Lateral,0.2868020304568528,0.0,,False
E02000053,Barnet,Outer,5,Counter-led,Symmetric,0.6099221789883269,0.0,,Symmetric,Counter-led,0.5288362512873327,0.0,,False
E02000054,Barnet,Outer,6,Counter-led,Lateral,0.273037542662116,0.0,,Cascade-led,Lateral,0.2308781869688385,0.0,,False
E02000055,Barnet,Outer,5,Symmetric,Symmetric,0.6835748792270532,0.0,,Symmetric,Counter-led,0.5686578743211792,0.0,,False
E02000056,Barnet,Outer,9,Symmetric,Symmetric,0.0022547914317925,0.2440677966101695,,Symmetric,Cascade-led,0.0,0.2992383025027203,outflow: internal-majority,False
E02000057,Barnet,Outer,6,Counter-led,Lateral,0.3577817531305903,0.0,,Cascade-led,Lateral,0.2785185185185185,0.0,,False
E02000058,Barnet,Outer,8,Lateral,Symmetric,0.0657534246575342,0.23655913978494625,,Lateral,Cascade-led,0.0718390804597701,0.29102167182662536,outflow: internal-majority,False
E02000059,Barnet,Outer,4,Counter-led,Counter-led,0.7141316073354909,0.0,,Counter-led,Counter-led,0.6730382293762576,0.0,,False
E02000060,Barnet,Outer,7,Lateral,Symmetric,0.203548085901027,0.21101992966002345,,Lateral,Cascade-led,0.1560926485397784,0.27088305489260145,outflow: internal-majority,False
E02000061,Barnet,Outer,8,Lateral,Symmetric,0.0391621129326047,0.218957345971564,,Symmetric,Cascade-led,0.0477001703577512,0.27191413237924866,outflow: internal-majority,False
E02000062,Barnet,Outer,3,Cascade-led,Symmetric,0.8185654008438819,0.0,,Counter-led,Counter-led,0.7058823529411765,0.0,,False
E02000063,Barnet,Outer,5,Symmetric,Symmetric,0.4745529573590096,0.0,,Cascade-led,Counter-led,0.4124386252045826,0.0,,False
E02000064,Barnet,Outer,4,Symmetric,Cascade-led,0.7164887307236062,0.0,frame-sensitive inflow,Symmetric,Counter-led,0.6011560693641619,0.0,,False
E02000065,Bexley,Outer,4,Counter-led,Counter-led,0.2597809076682316,0.0,,Symmetric,Counter-led,0.3396584440227704,0.0,,False
E02000066,Bexley,Outer,3,Counter-led,Counter-led,0.5699658703071673,0.0,,Symmetric,Counter-led,0.602880658436214,0.0,,False
E02000067,Bexley,Outer,3,Counter-led,Counter-led,0.7165775401069518,0.0,,Counter-led,Counter-led,0.7377567140600316,0.0,,False
E02000068,Bexley,Outer,3,Counter-led,Counter-led,0.7382978723404255,0.0,,Counter-led,Counter-led,0.6535087719298246,0.0,,False
E02000069,Bexley,Outer,5,Counter-led,Counter-led,0.5348258706467661,0.0,,Counter-led,Counter-led,0.4502164502164502,0.0,,False
E02000070,Bexley,Outer,7,Counter-led,Counter-led,0.1185344827586206,0.4449877750611247,,Counter-led,Cascade-led,0.1426116838487972,0.6072144288577155,outflow: external-majority,False
E02000071,Bexley,Outer,6,Counter-led,Lateral,0.375366568914956,0.0,,Symmetric,Lateral,0.3333333333333333,0.0,,False
E02000072,Bexley,Outer,2,Counter-led,Counter-led,0.9765840220385676,0.0,,Symmetric,Counter-led,0.9532467532467532,0.0,,False
E02000073,Bexley,Outer,9,Counter-led,Symmetric,0.0168067226890756,0.4444444444444444,,Counter-led,Cascade-led,0.0215384615384615,0.5566037735849056,outflow: external-majority,False
E02000074,Bexley,Outer,3,Symmetric,Counter-led,0.7861915367483296,0.0,,Counter-led,Counter-led,0.7435158501440923,0.0,,False
E02000075,Bexley,Outer,9,Lateral,Cascade-led,0.0280898876404494,0.5057803468208093,outflow: external-majority,Counter-led,Cascade-led,0.024390243902439,0.5326923076923077,outflow: external-majority,False
E02000077,Bexley,Outer,7,Counter-led,Symmetric,0.2531645569620253,0.4135593220338983,,Counter-led,Symmetric,0.1295238095238095,0.5820568927789934,,False
E02000078,Bexley,Outer,8,Counter-led,Cascade-led,0.0592592592592592,0.5118110236220472,outflow: external-majority,Counter-led,Cascade-led,0.0821678321678321,0.5923809523809523,outflow: external-majority,False
E02000079,Bexley,Outer,7,Counter-led,Symmetric,0.2701863354037267,0.5468085106382978,,Counter-led,Symmetric,0.2166212534059945,0.542608695652174,,False
E02000080,Bexley,Outer,7,Counter-led,Symmetric,0.2585365853658536,0.5416666666666666,,Counter-led,Cascade-led,0.1923664122137404,0.555765595463138,outflow: external-majority,False
E02000081,Bexley,Outer,6,Counter-led,Lateral,0.5764705882352941,0.0,,Counter-led,Lateral,0.5552238805970149,0.0,,False
E02000082,Bexley,Outer,9,Counter-led,Cascade-led,0.0676416819012797,0.4372549019607843,outflow: internal-majority,Counter-led,Symmetric,0.046875,0.49508196721311476,,False
E02000083,Bexley,Outer,4,Symmetric,Counter-led,0.7881040892193308,0.0,,Counter-led,Counter-led,0.7691029900332226,0.0,,False
E02000084,Bexley,Outer,9,Lateral,Cascade-led,0.0506912442396313,0.48381877022653724,outflow: internal-majority,Lateral,Symmetric,0.0539007092198581,0.5487256371814093,,False
E02000085,Bexley,Outer,8,Counter-led,Cascade-led,0.1809701492537313,0.42596810933940776,outflow: internal-majority,Counter-led,Cascade-led,0.1960132890365448,0.5227272727272727,outflow: external-majority,False
E02000086,Bexley,Outer,10,Lateral,Symmetric,0.0,0.375,,Lateral,Cascade-led,0.0,0.41316270566727603,outflow: internal-majority,False
E02000087,Bexley,Outer,10,Lateral,Symmetric,0.0,0.5081669691470054,,Lateral,Symmetric,0.0,0.5738255033557047,,False
E02000088,Bexley,Outer,9,Symmetric,Cascade-led,0.1360153256704981,0.38137472283813745,outflow: internal-majority,Lateral,Cascade-led,0.0667808219178082,0.5908256880733945,outflow: external-majority,False
E02000089,Bexley,Outer,10,Lateral,Cascade-led,0.0,0.3550420168067227,outflow: internal-majority,Lateral,Cascade-led,0.0,0.5142857142857142,outflow: external-majority,False
E02000090,Bexley,Outer,8,Counter-led,Counter-led,0.206806282722513,0.38283828382838286,,Lateral,Counter-led,0.1664779161947905,0.4361413043478261,,False
E02000091,Bexley,Outer,7,Lateral,Symmetric,0.339907192575406,0.5536028119507909,,Lateral,Cascade-led,0.296976241900648,0.6175115207373272,frame-sensitive inflow,False
E02000092,Bexley,Outer,3,Cascade-led,Counter-led,0.8977272727272727,0.0,,Cascade-led,Counter-led,0.91644908616188,0.0,,False
E02000093,Brent,Outer,5,Counter-led,Counter-led,0.417298937784522,0.0,,Counter-led,Counter-led,0.5272244355909694,0.0,,False
E02000094,Brent,Outer,4,Lateral,Counter-led,0.6059957173447538,0.0,,Counter-led,Counter-led,0.678391959798995,0.0,,False
E02000095,Brent,Outer,4,Counter-led,Counter-led,0.5633802816901409,0.0,,Counter-led,Counter-led,0.6924493554327809,0.0,,False
E02000096,Brent,Outer,7,Symmetric,Cascade-led,0.0480109739368998,0.31988472622478387,outflow: internal-majority,Counter-led,Cascade-led,0.0447284345047923,0.41304347826086957,outflow: internal-majority,False
E02000097,Brent,Outer,4,Symmetric,Counter-led,0.523109243697479,0.0,,Counter-led,Lateral,0.5613636363636364,0.0,,False
E02000098,Brent,Outer,4,Counter-led,Lateral,0.4525691699604743,0.0,,Counter-led,Lateral,0.5529157667386609,0.0,,False
E02000099,Brent,Outer,4,Counter-led,Lateral,0.5640243902439024,0.0,,Counter-led,Lateral,0.6636851520572451,0.0,,False
E02000100,Brent,Outer,6,Cascade-led,Lateral,0.16,0.0,,Cascade-led,Lateral,0.1300268096514745,0.0,,False
E02000101,Brent,Outer,2,Counter-led,Counter-led,0.9026425591098748,0.0,,Counter-led,Counter-led,0.9169184290030212,0.0,,False
E02000102,Brent,Outer,2,Counter-led,Counter-led,0.780952380952381,0.0,,Counter-led,Counter-led,0.745679012345679,0.0,,False
E02000103,Brent,Outer,3,Counter-led,Counter-led,0.6412884333821376,0.0,,Counter-led,Counter-led,0.558641975308642,0.0,,False
E02000104,Brent,Outer,4,Counter-led,Lateral,0.5,0.0,,Lateral,Lateral,0.5235732009925558,0.0,,False
E02000105,Brent,Outer,4,Lateral,Counter-led,0.4287548138639281,0.0,,Lateral,Counter-led,0.5587846763540291,0.0,,False
E02000106,Brent,Outer,2,Counter-led,Counter-led,0.7157190635451505,0.0,,Counter-led,Counter-led,0.7053020961775586,0.0,,False
E02000107,Brent,Outer,3,Symmetric,Symmetric,0.6587240584166026,0.0,,Counter-led,Counter-led,0.6094459582198002,0.0,,False
E02000108,Brent,Outer,3,Lateral,Counter-led,0.8136439267886856,0.0,,Lateral,Counter-led,0.8114901256732495,0.0,,False
E02000109,Brent,Outer,4,Counter-led,Lateral,0.5070643642072213,0.0,,Counter-led,Symmetric,0.6716237942122186,0.0,,False
E02000110,Brent,Outer,4,Counter-led,Symmetric,0.4012219959266802,0.0,,Symmetric,Counter-led,0.2899408284023668,0.0,,False
E02000111,Brent,Outer,3,Lateral,Counter-led,0.7544426494345718,0.0,,Lateral,Counter-led,0.8123123123123123,0.0,,False
E02000112,Brent,Outer,4,Lateral,Lateral,0.3112676056338028,0.0,,Lateral,Lateral,0.4116930572472594,0.0,,False
E02000113,Brent,Outer,1,Lateral,Lateral,1.0,0.0,,Counter-led,Counter-led,1.0,0.0,,False
E02000114,Brent,Outer,3,Symmetric,Cascade-led,0.6509671993271657,0.0,frame-sensitive inflow,Symmetric,Counter-led,0.5716798592788038,0.0,,False
E02000115,Brent,Outer,3,Symmetric,Symmetric,0.7397372742200329,0.0,,Lateral,Counter-led,0.6618303571428571,0.0,,False
E02000116,Brent,Outer,1,Symmetric,Symmetric,1.0,0.0,,Counter-led,Counter-led,1.0,0.0,,False
E02000117,Brent,Outer,1,Cascade-led,Lateral,1.0,0.0,,Counter-led,Lateral,1.0,0.0,,False
E02000118,Brent,Outer,3,Lateral,Counter-led,0.7172774869109948,0.0,,Lateral,Counter-led,0.7831513260530422,0.0,,False
E02000119,Brent,Outer,1,Lateral,Lateral,1.0,0.0,,Cascade-led,Symmetric,1.0,0.0,,False
E02000120,Brent,Outer,2,Symmetric,Symmetric,0.8530259365994236,0.0,,Counter-led,Counter-led,0.8352459016393443,0.0,,False
E02000121,Brent,Outer,4,Symmetric,Counter-led,0.3202511773940345,0.0,,Counter-led,Counter-led,0.3459302325581395,0.0,,False
E02000122,Brent,Outer,5,Symmetric,Counter-led,0.3048635824436536,0.0,,Symmetric,Counter-led,0.2481662591687041,0.0,,False
E02000123,Brent,Outer,1,Symmetric,Symmetric,1.0,0.0,,Counter-led,Counter-led,1.0,0.0,,False
E02000124,Brent,Outer,3,Symmetric,Symmetric,0.671875,0.0,,Counter-led,Counter-led,0.6287128712871287,0.0,,False
E02000125,Brent,Outer,4,Symmetric,Counter-led,0.4003436426116838,0.0,,Cascade-led,Counter-led,0.3431372549019608,0.0,,False
E02000126,Brent,Outer,1,Cascade-led,Cascade-led,1.0,0.0,inflow-driven,Counter-led,Counter-led,1.0,0.0,,False
E02000127,Bromley,Outer,3,Counter-led,Counter-led,0.7661141804788214,0.0,,Counter-led,Counter-led,0.787321063394683,0.0,,False
E02000128,Bromley,Outer,7,Symmetric,Cascade-led,0.2602118003025718,0.45194274028629855,frame-sensitive inflow,Counter-led,Cascade-led,0.2662116040955631,0.6209302325581395,frame-sensitive inflow,False
E02000130,Bromley,Outer,5,Counter-led,Counter-led,0.4043261231281198,0.0,,Counter-led,Counter-led,0.362781954887218,0.0,,False
E02000131,Bromley,Outer,3,Symmetric,Counter-led,0.7107039537126326,0.0,,Symmetric,Counter-led,0.7179215270413574,0.0,,False
E02000132,Bromley,Outer,6,Counter-led,Lateral,0.5503759398496241,0.0,,Counter-led,Lateral,0.4734446130500758,0.0,,False
E02000133,Bromley,Outer,9,Lateral,Symmetric,0.0944881889763779,0.4111801242236025,,Counter-led,Cascade-led,0.0715859030837004,0.4389086595492289,outflow: internal-majority,False
E02000134,Bromley,Outer,6,Counter-led,Lateral,0.5421994884910486,0.0,,Counter-led,Lateral,0.464328899637243,0.0,,False
E02000135,Bromley,Outer,2,Symmetric,Symmetric,0.987546699875467,0.0,,Symmetric,Counter-led,0.9392265193370166,0.0,,False
E02000136,Bromley,Outer,5,Counter-led,Counter-led,0.7744360902255639,0.0,,Symmetric,Counter-led,0.7661290322580645,0.0,,False
E02000137,Bromley,Outer,8,Counter-led,Counter-led,0.2739130434782608,0.4231536926147705,,Counter-led,Cascade-led,0.1854140914709517,0.47192716236722304,outflow: internal-majority,False
E02000138,Bromley,Outer,9,Lateral,Counter-led,0.1105121293800539,0.3151515151515151,,Lateral,Cascade-led,0.0777903043968433,0.42053789731051344,outflow: internal-majority,False
E02000139,Bromley,Outer,6,Counter-led,Lateral,0.4265129682997118,0.0,,Counter-led,Lateral,0.4513715710723192,0.0,,False
E02000140,Bromley,Outer,2,Cascade-led,Counter-led,0.975,0.0,,Cascade-led,Counter-led,0.9619289340101524,0.0,,False
E02000141,Bromley,Outer,5,Counter-led,Counter-led,0.4686868686868687,0.0,,Counter-led,Counter-led,0.4206349206349206,0.0,,False
E02000142,Bromley,Outer,9,Lateral,Cascade-led,0.0746089049338146,0.34460338101430427,outflow: internal-majority,Lateral,Cascade-led,0.087378640776699,0.4331306990881459,outflow: internal-majority,False
E02000144,Bromley,Outer,8,Lateral,Symmetric,0.2236384704519119,0.4582089552238806,,Lateral,Symmetric,0.1851851851851851,0.486013986013986,,False
E02000145,Bromley,Outer,2,Cascade-led,Symmetric,0.9840255591054312,0.0,,Counter-led,Counter-led,0.9784688995215312,0.0,,False
E02000146,Bromley,Outer,8,Counter-led,Counter-led,0.3125904486251809,0.44842105263157894,,Counter-led,Cascade-led,0.2779783393501805,0.5933333333333334,frame-sensitive inflow,False
E02000147,Bromley,Outer,10,Lateral,Cascade-led,0.0,0.4174573055028463,outflow: internal-majority,Lateral,Cascade-led,0.0,0.42716857610474634,outflow: internal-majority,False
E02000148,Bromley,Outer,10,Lateral,Cascade-led,0.0,0.3923444976076555,outflow: internal-majority,Lateral,Cascade-led,0.0,0.49506903353057197,outflow: internal-majority,False
E02000149,Bromley,Outer,4,Counter-led,Counter-led,0.7662037037037037,0.0,,Counter-led,Counter-led,0.8406466512702079,0.0,,False
E02000150,Bromley,Outer,8,Counter-led,Cascade-led,0.289198606271777,0.46568627450980393,frame-sensitive inflow,Counter-led,Cascade-led,0.2300469483568075,0.508130081300813,outflow: external-majority,False
E02000151,Bromley,Outer,10,Lateral,Cascade-led,0.0,0.4188861985472155,outflow: internal-majority,Lateral,Cascade-led,0.0,0.5483870967741935,outflow: external-majority,False
E02000152,Bromley,Outer,4,Counter-led,Counter-led,0.8363636363636363,0.0,,Counter-led,Counter-led,0.8308026030368764,0.0,,False
E02000153,Bromley,Outer,10,Lateral,Symmetric,0.0,0.35784313725490197,,Lateral,Cascade-led,0.0,0.5398633257403189,outflow: external-majority,False
E02000154,Bromley,Outer,8,Symmetric,Cascade-led,0.2467902995720399,0.42045454545454547,outflow: internal-majority,Symmetric,Cascade-led,0.1854140914709517,0.5371775417298937,outflow: external-majority,False
E02000155,Bromley,Outer,6,Counter-led,Lateral,0.4006968641114982,0.0,,Counter-led,Lateral,0.5635179153094463,0.0,,False
E02000156,Bromley,Outer,10,Lateral,Cascade-led,0.0,0.33994708994708994,outflow: internal-majority,Lateral,Cascade-led,0.0,0.4304093567251462,outflow: internal-majority,False
E02000157,Bromley,Outer,10,Lateral,Cascade-led,0.0,0.46153846153846156,outflow: internal-majority,Lateral,Cascade-led,0.0,0.5338645418326693,outflow: external-majority,False
E02000158,Bromley,Outer,5,Symmetric,Symmetric,0.512589928057554,0.0,,Symmetric,Counter-led,0.7456359102244389,0.0,,False
E02000159,Bromley,Outer,10,Lateral,Cascade-led,0.0,0.35699797160243407,outflow: internal-majority,Lateral,Cascade-led,0.0,0.4808510638297872,outflow: internal-majority,False
E02000160,Bromley,Outer,9,Lateral,Symmetric,0.1811023622047244,0.42788461538461536,,Lateral,Symmetric,0.1598440545808966,0.6496519721577726,,False
E02000161,Bromley,Outer,10,Lateral,Cascade-led,0.0,0.45286506469500926,outflow: internal-majority,Lateral,Cascade-led,0.0,0.577391304347826,outflow: external-majority,False
E02000162,Bromley,Outer,7,Cascade-led,Cascade-led,0.445360824742268,0.5947955390334573,inflow-driven,Counter-led,Cascade-led,0.3804971319311663,0.7037037037037037,frame-sensitive inflow,False
E02000163,Bromley,Outer,10,Lateral,Symmetric,0.0,0.5358744394618834,,Lateral,Cascade-led,0.0,0.6128404669260701,outflow: external-majority,False
E02000165,Bromley,Outer,9,Lateral,Symmetric,0.1116504854368932,0.48360655737704916,,Lateral,Cascade-led,0.084870848708487,0.6330645161290323,outflow: external-majority,False
E02000166,Camden,Inner,4,Symmetric,Symmetric,0.5548387096774193,0.0,,Counter-led,Counter-led,0.521594684385382,0.0,,False
E02000167,Camden,Inner,8,Symmetric,Cascade-led,0.0202224469160768,0.2786377708978328,outflow: internal-majority,Lateral,Symmetric,0.0188470066518847,0.29491525423728815,,False
E02000168,Camden,Inner,4,Symmetric,Symmetric,0.4453125,0.0,,Symmetric,Counter-led,0.3978494623655914,0.0,,False
E02000169,Camden,Inner,8,Cascade-led,Symmetric,0.0272479564032697,0.15126050420168066,,Counter-led,Symmetric,0.0062266500622665,0.2694235588972431,,False
E02000170,Camden,Inner,6,Symmetric,Lateral,0.1643582640812557,0.0,,Symmetric,Lateral,0.1217587373167981,0.0,,False
E02000171,Camden,Inner,5,Symmetric,Symmetric,0.4295081967213114,0.0,,Symmetric,Counter-led,0.4343195266272189,0.0,,False
E02000172,Camden,Inner,2,Counter-led,Symmetric,0.9212295869356388,0.0,,Counter-led,Counter-led,0.8943355119825708,0.0,,False
E02000173,Camden,Inner,6,Symmetric,Lateral,0.2477777777777778,0.0,,Symmetric,Lateral,0.2971698113207547,0.0,,False
E02000174,Camden,Inner,3,Symmetric,Symmetric,0.6101159114857745,0.0,,Cascade-led,Counter-led,0.594188376753507,0.0,,False
E02000175,Camden,Inner,4,Symmetric,Cascade-led,0.6040312093628089,0.0,frame-sensitive inflow,Symmetric,Counter-led,0.6135458167330677,0.0,,False
E02000176,Camden,Inner,7,Symmetric,Symmetric,0.1175141242937853,0.20486555697823303,,Cascade-led,Cascade-led,0.095679012345679,0.23321956769055746,outflow: internal-majority,False
E02000177,Camden,Inner,2,Symmetric,Symmetric,0.9053627760252366,0.0,,Counter-led,Counter-led,0.8974056603773585,0.0,,False
E02000178,Camden,Inner,3,Cascade-led,Cascade-led,0.7004189944134078,0.0,inflow-driven,Symmetric,Counter-led,0.6694528875379939,0.0,,False
E02000179,Camden,Inner,4,Counter-led,Counter-led,0.694300518134715,0.0,,Cascade-led,Symmetric,0.5213549337260678,0.0,,False
E02000180,Camden,Inner,3,Cascade-led,Cascade-led,0.5926150121065376,0.0,inflow-driven,Symmetric,Counter-led,0.6010318142734308,0.0,,False
E02000181,Camden,Inner,6,Cascade-led,Lateral,0.1377358490566037,0.0,,Symmetric,Lateral,0.1563146997929606,0.0,,False
E02000182,Camden,Inner,5,Cascade-led,Symmetric,0.5406060606060606,0.0,,Counter-led,Counter-led,0.5188794153471377,0.0,,False
E02000183,Camden,Inner,5,Symmetric,Symmetric,0.435957696827262,0.0,,Counter-led,Counter-led,0.4099290780141844,0.0,,False
E02000184,Camden,Inner,2,Symmetric,Cascade-led,0.892515923566879,0.0,frame-sensitive inflow,Cascade-led,Cascade-led,0.8797814207650273,0.0,inflow-driven,False
E02000185,Camden,Inner,2,Counter-led,Counter-led,0.8689581095596133,0.0,,Symmetric,Counter-led,0.8445154419595314,0.0,,False
E02000186,Camden,Inner,3,Symmetric,Cascade-led,0.6556233653007847,0.0,frame-sensitive inflow,Symmetric,Symmetric,0.6733212341197822,0.0,,False
E02000187,Camden,Inner,2,Symmetric,Cascade-led,0.8848413631022327,0.0,frame-sensitive inflow,Symmetric,Symmetric,0.8651574803149606,0.0,,False
E02000188,Camden,Inner,2,Cascade-led,Cascade-led,0.931185944363104,0.0,inflow-driven,Symmetric,Symmetric,0.8905109489051095,0.0,,False
E02000189,Camden,Inner,4,Cascade-led,Cascade-led,0.4954846478025286,0.0,inflow-driven,Cascade-led,Cascade-led,0.5476782752902156,0.0,inflow-driven,True
E02000191,Camden,Inner,5,Cascade-led,Cascade-led,0.46,0.0,inflow-driven,Cascade-led,Cascade-led,0.3985441310282074,0.0,inflow-driven,True
E02000192,Camden,Inner,3,Cascade-led,Cascade-led,0.7262313860252004,0.0,inflow-driven,Symmetric,Symmetric,0.6643059490084986,0.0,,False
E02000193,Camden,Inner,4,Symmetric,Cascade-led,0.6289355322338831,0.0,frame-sensitive inflow,Symmetric,Symmetric,0.5905432595573441,0.0,,False
E02000194,Croydon,Outer,3,Symmetric,Lateral,0.6856010568031704,0.0,,Counter-led,Lateral,0.750788643533123,0.0,,False
E02000195,Croydon,Outer,5,Counter-led,Counter-led,0.2763819095477386,0.0,,Counter-led,Counter-led,0.2658662092624357,0.0,,False
E02000196,Croydon,Outer,4,Counter-led,Counter-led,0.4116331096196868,0.0,,Counter-led,Counter-led,0.383399209486166,0.0,,False
E02000197,Croydon,Outer,4,Counter-led,Counter-led,0.4893617021276595,0.0,,Counter-led,Counter-led,0.4777070063694267,0.0,,False
E02000198,Croydon,Outer,3,Counter-led,Lateral,0.7084078711985689,0.0,,Symmetric,Counter-led,0.6952380952380952,0.0,,False
E02000199,Croydon,Outer,4,Counter-led,Counter-led,0.437847866419295,0.0,,Counter-led,Counter-led,0.3274336283185841,0.0,,False
E02000200,Croydon,Outer,3,Symmetric,Symmetric,0.6197564276048715,0.0,,Counter-led,Counter-led,0.6717325227963525,0.0,,False
E02000201,Croydon,Outer,2,Cascade-led,Cascade-led,0.9307065217391304,0.0,inflow-driven,Counter-led,Counter-led,0.9394495412844036,0.0,,False
E02000202,Croydon,Outer,5,Symmetric,Counter-led,0.2435064935064935,0.0,,Counter-led,Counter-led,0.1872852233676976,0.0,,False
E02000203,Croydon,Outer,3,Symmetric,Lateral,0.7254901960784313,0.0,,Counter-led,Counter-led,0.6528497409326425,0.0,,False
E02000204,Croydon,Outer,5,Counter-led,Counter-led,0.2887864823348694,0.0,,Symmetric,Counter-led,0.2559171597633136,0.0,,False
E02000206,Croydon,Outer,3,Symmetric,Counter-led,0.6903914590747331,0.0,,Counter-led,Lateral,0.6831530139103554,0.0,,False
E02000207,Croydon,Outer,2,Counter-led,Counter-led,0.9467353951890034,0.0,,Counter-led,Counter-led,0.9721706864564008,0.0,,False
E02000208,Croydon,Outer,2,Cascade-led,Cascade-led,0.9580936729663106,0.0,inflow-driven,Counter-led,Counter-led,0.9636576787807736,0.0,,False
E02000209,Croydon,Outer,4,Counter-led,Counter-led,0.3736654804270463,0.0,,Counter-led,Counter-led,0.4586614173228346,0.0,,False
E02000210,Croydon,Outer,5,Counter-led,Counter-led,0.3784665579119086,0.0,,Counter-led,Counter-led,0.384070796460177,0.0,,False
E02000211,Croydon,Outer,8,Counter-led,Symmetric,0.161504424778761,0.37467018469656993,,Counter-led,Symmetric,0.132486388384755,0.48326359832635984,,False
E02000212,Croydon,Outer,3,Symmetric,Symmetric,0.7343065693430657,0.0,,Lateral,Counter-led,0.7175732217573222,0.0,,False
E02000213,Croydon,Outer,2,Symmetric,Cascade-led,0.9738903394255874,0.0,frame-sensitive inflow,Symmetric,Counter-led,0.9522591645353794,0.0,,False
E02000214,Croydon,Outer,7,Symmetric,Cascade-led,0.0539956803455723,0.3310502283105023,outflow: internal-majority,Counter-led,Cascade-led,0.0794297352342158,0.48008849557522126,outflow: internal-majority,False
E02000215,Croydon,Outer,4,Counter-led,Counter-led,0.6111535523300229,0.0,,Counter-led,Counter-led,0.5313432835820896,0.0,,False
E02000216,Croydon,Outer,7,Counter-led,Counter-led,0.0719640179910044,0.3360258481421648,,Counter-led,Cascade-led,0.0696721311475409,0.4522760646108664,outflow: internal-majority,False
E02000217,Croydon,Outer,3,Symmetric,Symmetric,0.8553191489361702,0.0,,Counter-led,Counter-led,0.7871536523929471,0.0,,False
E02000218,Croydon,Outer,4,Symmetric,Counter-led,0.4926686217008797,0.0,,Symmetric,Counter-led,0.684887459807074,0.0,,False
E02000219,Croydon,Outer,9,Symmetric,Cascade-led,0.0627376425855513,0.3935091277890467,outflow: internal-majority,Lateral,Cascade-led,0.1006423982869379,0.4666666666666667,outflow: internal-majority,False
E02000220,Croydon,Outer,3,Symmetric,Cascade-led,0.8514365802382621,0.0,frame-sensitive inflow,Counter-led,Counter-led,0.7783046828689982,0.0,,False
E02000221,Croydon,Outer,3,Symmetric,Counter-led,0.837171052631579,0.0,,Cascade-led,Counter-led,0.8233333333333334,0.0,,False
E02000222,Croydon,Outer,5,Counter-led,Counter-led,0.6577669902912622,0.0,,Counter-led,Counter-led,0.6236220472440945,0.0,,False
E02000223,Croydon,Outer,1,Symmetric,Symmetric,1.0,0.0,,Counter-led,Counter-led,1.0,0.0,,False
E02000224,Croydon,Outer,6,Counter-led,Lateral,0.3651115618661257,0.0,,Counter-led,Lateral,0.2595078299776286,0.0,,False
E02000225,Croydon,Outer,3,Counter-led,Counter-led,0.6219931271477663,0.0,,Symmetric,Counter-led,0.731404958677686,0.0,,False
E02000226,Croydon,Outer,9,Counter-led,Symmetric,0.0393996247654784,0.41015625,,Counter-led,Symmetric,0.0252918287937743,0.5429141716566867,,False
E02000227,Croydon,Outer,6,Counter-led,Lateral,0.3970893970893971,0.0,,Counter-led,Lateral,0.3289817232375979,0.0,,False
E02000228,Croydon,Outer,10,Counter-led,Symmetric,0.0,0.5275310834813499,,Counter-led,Cascade-led,0.0,0.5095986038394416,outflow: external-majority,False
E02000229,Croydon,Outer,1,Cascade-led,Symmetric,1.0,0.0,,Symmetric,Counter-led,1.0,0.0,,False
E02000230,Croydon,Outer,6,Symmetric,Lateral,0.4685430463576159,0.0,,Counter-led,Lateral,0.4068441064638783,0.0,,False
E02000231,Croydon,Outer,9,Counter-led,Symmetric,0.0436893203883495,0.4890016920473773,,Counter-led,Cascade-led,0.0684563758389261,0.5172910662824207,outflow: external-majority,False
E02000232,Croydon,Outer,7,Counter-led,Symmetric,0.1289537712895377,0.6368715083798883,,Counter-led,Cascade-led,0.1514423076923076,0.7535410764872521,outflow: external-majority,False
E02000233,Croydon,Outer,5,Counter-led,Counter-led,0.7523584905660378,0.0,,Counter-led,Counter-led,0.7537537537537538,0.0,,False
E02000234,Croydon,Outer,6,Counter-led,Lateral,0.5244755244755245,0.0,,Counter-led,Lateral,0.550561797752809,0.0,,False
E02000235,Croydon,Outer,7,Counter-led,Cascade-led,0.1036468330134357,0.6274089935760171,outflow: external-majority,Counter-led,Cascade-led,0.1321499013806706,0.7136363636363636,outflow: external-majority,False
E02000236,Croydon,Outer,8,Counter-led,Cascade-led,0.0529801324503311,0.585081585081585,outflow: external-majority,Counter-led,Symmetric,0.0843806104129264,0.6607843137254902,,False
E02000237,Croydon,Outer,8,Counter-led,Symmetric,0.0407239819004524,0.6627358490566038,,Counter-led,Cascade-led,0.031578947368421,0.7239130434782609,outflow: external-majority,False
E02000238,Ealing,Outer,5,Counter-led,Counter-led,0.3765625,0.0,,Symmetric,Counter-led,0.4512195121951219,0.0,,False
E02000239,Ealing,Outer,7,Symmetric,Cascade-led,0.0637450199203187,0.25673758865248225,outflow: internal-majority,Symmetric,Cascade-led,0.0403321470937129,0.32756489493201485,outflow: internal-majority,False
E02000240,Ealing,Outer,2,Symmetric,Counter-led,0.931758530183727,0.0,,Cascade-led,Counter-led,0.8954041204437401,0.0,,False
E02000241,Ealing,Outer,5,Counter-led,Counter-led,0.3465783664459161,0.0,,Counter-led,Counter-led,0.4649122807017544,0.0,,False
E02000242,Ealing,Outer,6,Cascade-led,Lateral,0.0912863070539419,0.0,,Cascade-led,Lateral,0.0748129675810473,0.0,,False
E02000243,Ealing,Outer,4,Counter-led,Counter-led,0.5924812030075188,0.0,,Counter-led,Counter-led,0.5654761904761905,0.0,,False
E02000244,Ealing,Outer,6,Symmetric,Lateral,0.0835073068893528,0.0,,Symmetric,Lateral,0.0974025974025974,0.0,,False
E02000245,Ealing,Outer,1,Symmetric,Counter-led,1.0,0.0,,Cascade-led,Symmetric,1.0,0.0,,False
E02000246,Ealing,Outer,2,Symmetric,Counter-led,0.9088,0.0,,Symmetric,Counter-led,0.8925143953934741,0.0,,False
E02000247,Ealing,Outer,3,Cascade-led,Symmetric,0.7381864623243933,0.0,,Symmetric,Counter-led,0.7333333333333333,0.0,,False
E02000248,Ealing,Outer,6,Symmetric,Lateral,0.136094674556213,0.0,,Cascade-led,Lateral,0.1448170731707317,0.0,,False
E02000249,Ealing,Outer,3,Cascade-led,Symmetric,0.7461669505962522,0.0,,Symmetric,Counter-led,0.7868131868131868,0.0,,False
E02000250,Ealing,Outer,9,Symmetric,Cascade-led,0.0057224606580829,0.2446043165467626,outflow: internal-majority,Symmetric,Cascade-led,0.0,0.3582554517133956,outflow: internal-majority,False
E02000251,Ealing,Outer,5,Symmetric,Counter-led,0.2306122448979591,0.0,,Counter-led,Counter-led,0.2574850299401197,0.0,,False
E02000252,Ealing,Outer,3,Symmetric,Symmetric,0.7095141700404858,0.0,,Counter-led,Cascade-led,0.7692622950819672,0.0,frame-sensitive inflow,False
E02000253,Ealing,Outer,3,Symmetric,Symmetric,0.7263843648208469,0.0,,Counter-led,Counter-led,0.7475915221579962,0.0,,False
E02000254,Ealing,Outer,4,Cascade-led,Counter-led,0.3304347826086956,0.0,,Symmetric,Counter-led,0.3528183716075156,0.0,,False
E02000255,Ealing,Outer,4,Counter-led,Counter-led,0.6203995793901157,0.0,,Symmetric,Counter-led,0.6554959785522788,0.0,,False
E02000256,Ealing,Outer,6,Symmetric,Lateral,0.2252155172413793,0.0,,Symmetric,Lateral,0.189010989010989,0.0,,False
E02000257,Ealing,Outer,5,Counter-led,Symmetric,0.6085011185682326,0.0,,Counter-led,Counter-led,0.4951923076923077,0.0,,False
E02000258,Ealing,Outer,5,Symmetric,Symmetric,0.4521625163826999,0.0,,Symmetric,Counter-led,0.3652430044182621,0.0,,False
E02000259,Ealing,Outer,6,Symmetric,Lateral,0.1295896328293736,0.0,,Cascade-led,Lateral,0.0889830508474576,0.0,,False
E02000260,Ealing,Outer,3,Counter-led,Lateral,0.6864988558352403,0.0,,Counter-led,Lateral,0.6247139588100686,0.0,,False
E02000261,Ealing,Outer,3,Counter-led,Symmetric,0.7509328358208955,0.0,,Symmetric,Counter-led,0.6429130775254502,0.0,,False
E02000262,Ealing,Outer,3,Counter-led,Counter-led,0.8059244126659857,0.0,,Symmetric,Counter-led,0.7048371174728529,0.0,,False
E02000263,Ealing,Outer,3,Counter-led,Lateral,0.599644128113879,0.0,,Counter-led,Lateral,0.5588235294117647,0.0,,False
E02000264,Ealing,Outer,5,Counter-led,Symmetric,0.5391476709613479,0.0,,Symmetric,Counter-led,0.4796594134342479,0.0,,False
E02000265,Ealing,Outer,3,Symmetric,Symmetric,0.8272,0.0,,Symmetric,Counter-led,0.8299559471365638,0.0,,False
E02000266,Ealing,Outer,1,Counter-led,Counter-led,1.0,0.0,,Cascade-led,Counter-led,1.0,0.0,,False
E02000267,Ealing,Outer,4,Counter-led,Counter-led,0.6065573770491803,0.0,,Symmetric,Counter-led,0.6358792184724689,0.0,,False
E02000268,Ealing,Outer,5,Symmetric,Symmetric,0.5090218423551757,0.0,,Lateral,Counter-led,0.4912891986062718,0.0,,False
E02000269,Ealing,Outer,8,Counter-led,Counter-led,0.0227920227920227,0.31875607385811466,,Counter-led,Cascade-led,0.0177736202057998,0.37523809523809526,outflow: internal-majority,False
E02000270,Ealing,Outer,2,Counter-led,Counter-led,0.9286563614744352,0.0,,Symmetric,Symmetric,0.9325842696629212,0.0,,False
E02000271,Ealing,Outer,7,Symmetric,Symmetric,0.0498891352549889,0.2718786464410735,,Counter-led,Cascade-led,0.0467391304347826,0.3945267958950969,outflow: internal-majority,False
E02000272,Ealing,Outer,8,Counter-led,Cascade-led,0.0226586102719033,0.35239567233384855,outflow: internal-majority,Cascade-led,Cascade-led,0.0145631067961165,0.3760262725779967,outflow: internal-majority,False
E02000274,Ealing,Outer,3,Counter-led,Counter-led,0.540436456996149,0.0,,Counter-led,Counter-led,0.507537688442211,0.0,,False
E02000275,Ealing,Outer,2,Symmetric,Counter-led,0.904424778761062,0.0,,Counter-led,Counter-led,0.8692449355432781,0.0,,False
E02000276,Ealing,Outer,6,Counter-led,Lateral,0.1729559748427672,0.0,,Symmetric,Lateral,0.2126537785588752,0.0,,False
E02000277,Enfield,Outer,4,Counter-led,Counter-led,0.4084821428571428,0.0,,Counter-led,Counter-led,0.369304556354916,0.0,,False
E02000278,Enfield,Outer,2,Symmetric,Counter-led,0.8114901256732495,0.0,,Symmetric,Counter-led,0.7784946236559139,0.0,,False
E02000279,Enfield,Outer,3,Counter-led,Counter-led,0.6357868020304569,0.0,,Counter-led,Counter-led,0.5745454545454546,0.0,,False
E02000280,Enfield,Outer,5,Symmetric,Counter-led,0.6045197740112994,0.0,,Counter-led,Counter-led,0.626984126984127,0.0,,False
E02000281,Enfield,Outer,3,Symmetric,Counter-led,0.7282051282051282,0.0,,Symmetric,Counter-led,0.6604095563139932,0.0,,False
E02000282,Enfield,Outer,1,Cascade-led,Symmetric,1.0,0.0,,Lateral,Counter-led,1.0,0.0,,False
E02000283,Enfield,Outer,3,Counter-led,Counter-led,0.4258823529411765,0.0,,Symmetric,Counter-led,0.4730392156862745,0.0,,False
E02000284,Enfield,Outer,6,Counter-led,Lateral,0.2038369304556355,0.0,,Counter-led,Lateral,0.2645011600928074,0.0,,False
E02000285,Enfield,Outer,8,Counter-led,Cascade-led,0.0179372197309417,0.4840182648401826,outflow: internal-majority,Counter-led,Cascade-led,0.0233050847457627,0.527114967462039,outflow: external-majority,False
E02000286,Enfield,Outer,6,Counter-led,Lateral,0.3344768439108062,0.0,,Counter-led,Lateral,0.36,0.0,,False
E02000287,Enfield,Outer,8,Cascade-led,Symmetric,0.0895953757225433,0.38571428571428573,,Symmetric,Cascade-led,0.1353996737357259,0.46226415094339623,outflow: internal-majority,False
E02000288,Enfield,Outer,2,Symmetric,Counter-led,0.8685082872928177,0.0,,Counter-led,Counter-led,0.8386605783866058,0.0,,False
E02000289,Enfield,Outer,9,Counter-led,Cascade-led,0.0024330900243309,0.47317073170731705,outflow: internal-majority,Counter-led,Cascade-led,0.0042826552462526,0.5526881720430108,outflow: external-majority,False
E02000290,Enfield,Outer,2,Symmetric,Lateral,0.7483870967741936,0.0,,Counter-led,Counter-led,0.8201634877384196,0.0,,False
E02000291,Enfield,Outer,4,Symmetric,Counter-led,0.6374871266735325,0.0,,Symmetric,Counter-led,0.5669398907103825,0.0,,False
E02000292,Enfield,Outer,5,Counter-led,Counter-led,0.3572649572649573,0.0,,Counter-led,Counter-led,0.391304347826087,0.0,,False
E02000293,Enfield,Outer,9,Counter-led,Symmetric,0.0,0.3839479392624729,,Symmetric,Cascade-led,0.0060362173038229,0.44129554655870445,outflow: internal-majority,False
E02000294,Enfield,Outer,3,Counter-led,Counter-led,0.4718614718614718,0.0,,Counter-led,Counter-led,0.4688057040998217,0.0,,False
E02000295,Enfield,Outer,8,Counter-led,Symmetric,0.1206657420249653,0.34069400630914826,,Counter-led,Symmetric,0.0692194403534609,0.4161392405063291,,False
E02000296,Enfield,Outer,5,Counter-led,Counter-led,0.6670378619153675,0.0,,Counter-led,Counter-led,0.582089552238806,0.0,,False
E02000297,Enfield,Outer,8,Symmetric,Cascade-led,0.0817790530846484,0.39375,outflow: internal-majority,Symmetric,Cascade-led,0.0358620689655172,0.5293276108726752,outflow: external-majority,False
E02000298,Enfield,Outer,8,Symmetric,Cascade-led,0.1410788381742738,0.4138486312399356,outflow: internal-majority,Symmetric,Cascade-led,0.1079881656804733,0.46102819237147596,outflow: internal-majority,False
E02000299,Enfield,Outer,2,Counter-led,Counter-led,0.7164804469273743,0.0,,Counter-led,Counter-led,0.581532416502947,0.0,,False
E02000300,Enfield,Outer,3,Counter-led,Counter-led,0.3506139154160982,0.0,,Symmetric,Counter-led,0.4176372712146423,0.0,,False
E02000301,Enfield,Outer,2,Counter-led,Lateral,0.668918918918919,0.0,,Counter-led,Counter-led,0.6401590457256461,0.0,,False
E02000302,Enfield,Outer,5,Counter-led,Counter-led,0.4341085271317829,0.0,,Symmetric,Counter-led,0.4175588865096359,0.0,,False
E02000303,Enfield,Outer,2,Symmetric,Counter-led,0.6273972602739726,0.0,,Counter-led,Counter-led,0.6820083682008368,0.0,,False
E02000304,Enfield,Outer,9,Counter-led,Symmetric,0.0015625,0.2676056338028169,,Counter-led,Cascade-led,0.0,0.3536,outflow: internal-majority,False
E02000305,Enfield,Outer,5,Counter-led,Counter-led,0.5298102981029811,0.0,,Counter-led,Counter-led,0.4034188034188034,0.0,,False
E02000306,Enfield,Outer,1,Lateral,Counter-led,1.0,0.0,,Lateral,Counter-led,1.0,0.0,,False
E02000307,Enfield,Outer,3,Counter-led,Counter-led,0.4475308641975308,0.0,,Counter-led,Counter-led,0.4177215189873418,0.0,,False
E02000308,Enfield,Outer,4,Counter-led,Counter-led,0.495049504950495,0.0,,Counter-led,Counter-led,0.5698587127158555,0.0,,False
E02000309,Enfield,Outer,1,Lateral,Counter-led,1.0,0.0,,Lateral,Counter-led,1.0,0.0,,False
E02000311,Enfield,Outer,3,Symmetric,Symmetric,0.5331882480957563,0.0,,Counter-led,Counter-led,0.5767575322812052,0.0,,False
E02000312,Enfield,Outer,4,Symmetric,Symmetric,0.5081734186211798,0.0,,Counter-led,Counter-led,0.4334677419354839,0.0,,False
E02000313,Greenwich,Inner,1,Cascade-led,Symmetric,1.0,0.0,,Counter-led,Counter-led,1.0,0.0,,False
E02000314,Greenwich,Inner,3,Symmetric,Symmetric,0.4845201238390093,0.0,,Counter-led,Counter-led,0.504364694471387,0.0,,False
E02000315,Greenwich,Inner,1,Counter-led,Counter-led,1.0,0.0,,Counter-led,Counter-led,1.0,0.0,,False
E02000316,Greenwich,Inner,1,Lateral,Cascade-led,1.0,0.0,frame-sensitive inflow,Lateral,Counter-led,1.0,0.0,,False
E02000317,Greenwich,Inner,1,Lateral,Counter-led,1.0,0.0,,Lateral,Counter-led,1.0,0.0,,False
E02000318,Greenwich,Inner,2,Symmetric,Symmetric,0.5876168224299065,0.0,,Counter-led,Counter-led,0.6383928571428571,0.0,,False
E02000319,Greenwich,Inner,2,Symmetric,Symmetric,0.6773888363292336,0.0,,Counter-led,Counter-led,0.6947040498442367,0.0,,False
E02000320,Greenwich,Inner,3,Counter-led,Counter-led,0.4060150375939849,0.0,,Symmetric,Counter-led,0.5294117647058824,0.0,,False
E02000321,Greenwich,Inner,1,Lateral,Symmetric,1.0,0.0,,Lateral,Counter-led,1.0,0.0,,False
E02000323,Greenwich,Inner,1,Lateral,Counter-led,1.0,0.0,,Lateral,Counter-led,1.0,0.0,,False
E02000324,Greenwich,Inner,2,Symmetric,Symmetric,0.7436332767402377,0.0,,Counter-led,Counter-led,0.7914893617021277,0.0,,False
E02000326,Greenwich,Inner,3,Symmetric,Symmetric,0.5723951285520974,0.0,,Counter-led,Counter-led,0.6434634974533107,0.0,,False
E02000327,Greenwich,Inner,1,Lateral,Cascade-led,1.0,0.0,frame-sensitive inflow,Lateral,Counter-led,1.0,0.0,,False
E02000328,Greenwich,Inner,4,Cascade-led,Symmetric,0.5339506172839507,0.0,,Counter-led,Counter-led,0.4352941176470588,0.0,,False
E02000329,Greenwich,Inner,4,Counter-led,Counter-led,0.282798833819242,0.0,,Counter-led,Counter-led,0.3112391930835735,0.0,,False
E02000331,Greenwich,Inner,3,Symmetric,Symmetric,0.614713216957606,0.0,,Counter-led,Counter-led,0.5830039525691699,0.0,,False
E02000332,Greenwich,Inner,4,Counter-led,Counter-led,0.3415132924335378,0.0,,Symmetric,Counter-led,0.3577586206896552,0.0,,False
E02000333,Greenwich,Inner,5,Symmetric,Counter-led,0.3475177304964539,0.0,,Symmetric,Counter-led,0.3208469055374592,0.0,,False
E02000334,Greenwich,Inner,3,Symmetric,Counter-led,0.7230392156862745,0.0,,Counter-led,Counter-led,0.5772870662460567,0.0,,False
E02000335,Greenwich,Inner,7,Counter-led,Symmetric,0.0721153846153846,0.3756476683937824,,Counter-led,Symmetric,0.0951219512195122,0.33962264150943394,,False
E02000337,Greenwich,Inner,2,Symmetric,Counter-led,0.9042316258351892,0.0,,Counter-led,Counter-led,0.8717948717948718,0.0,,False
E02000339,Greenwich,Inner,5,Counter-led,Counter-led,0.4430379746835443,0.0,,Counter-led,Counter-led,0.4296296296296296,0.0,,False
E02000340,Greenwich,Inner,5,Counter-led,Counter-led,0.4662162162162162,0.0,,Counter-led,Counter-led,0.5080645161290323,0.0,,False
E02000341,Greenwich,Inner,2,Cascade-led,Counter-led,0.8032036613272311,0.0,,Counter-led,Counter-led,0.8337801608579088,0.0,,False
E02000342,Greenwich,Inner,4,Counter-led,Cascade-led,0.7632286995515695,0.0,frame-sensitive inflow,Counter-led,Symmetric,0.6881405563689604,0.0,,False
E02000343,Greenwich,Inner,3,Counter-led,Counter-led,0.7518987341772152,0.0,,Counter-led,Counter-led,0.7792642140468228,0.0,,False
E02000344,Greenwich,Inner,6,Counter-led,Counter-led,0.3291139240506329,0.0,,Counter-led,Lateral,0.375438596491228,0.0,,False
E02000345,Hackney,Inner,2,Counter-led,Lateral,0.4618473895582329,0.0,,Symmetric,Lateral,0.4668094218415418,0.0,,False
E02000346,Hackney,Inner,1,Lateral,Lateral,1.0,0.0,,Lateral,Lateral,1.0,0.0,,False
E02000347,Hackney,Inner,2,Lateral,Lateral,0.6057906458797327,0.0,,Symmetric,Lateral,0.5444191343963554,0.0,,False
E02000348,Hackney,Inner,1,Lateral,Lateral,1.0,0.0,,Lateral,Lateral,1.0,0.0,,False
E02000350,Hackney,Inner,3,Cascade-led,Cascade-led,0.3083528493364559,0.0,inflow-driven,Cascade-led,Symmetric,0.2870689655172413,0.0,,False
E02000351,Hackney,Inner,2,Counter-led,Lateral,0.8045627376425856,0.0,,Symmetric,Lateral,0.6686143572621035,0.0,,False
E02000352,Hackney,Inner,2,Lateral,Lateral,0.6905982905982906,0.0,,Lateral,Lateral,0.6817288801571709,0.0,,False
E02000353,Hackney,Inner,3,Cascade-led,Symmetric,0.3882783882783883,0.0,,Symmetric,Counter-led,0.2924037460978148,0.0,,False
E02000354,Hackney,Inner,1,Lateral,Lateral,1.0,0.0,,Lateral,Lateral,1.0,0.0,,False
E02000355,Hackney,Inner,2,Lateral,Lateral,0.5098684210526315,0.0,,Lateral,Lateral,0.4273858921161825,0.0,,False
E02000356,Hackney,Inner,3,Counter-led,Counter-led,0.3979357798165137,0.0,,Cascade-led,Counter-led,0.316538882803943,0.0,,False
E02000357,Hackney,Inner,1,Lateral,Lateral,1.0,0.0,,Lateral,Lateral,1.0,0.0,,False
E02000358,Hackney,Inner,2,Lateral,Lateral,0.6343167701863354,0.0,,Lateral,Lateral,0.584958217270195,0.0,,False
E02000359,Hackney,Inner,2,Lateral,Lateral,0.4835680751173709,0.0,,Lateral,Lateral,0.4826498422712933,0.0,,False
E02000360,Hackney,Inner,1,Lateral,Lateral,1.0,0.0,,Lateral,Lateral,1.0,0.0,,False
E02000361,Hackney,Inner,1,Lateral,Lateral,1.0,0.0,,Lateral,Lateral,1.0,0.0,,False
E02000362,Hackney,Inner,1,Lateral,Lateral,1.0,0.0,,Lateral,Lateral,1.0,0.0,,False
E02000363,Hackney,Inner,1,Lateral,Lateral,1.0,0.0,,Lateral,Lateral,1.0,0.0,,False
E02000364,Hackney,Inner,2,Lateral,Lateral,0.6189967982924226,0.0,,Lateral,Lateral,0.5483870967741935,0.0,,False
E02000365,Hackney,Inner,2,Symmetric,Lateral,0.6605095541401274,0.0,,Symmetric,Lateral,0.5769007544979686,0.0,,False
E02000366,Hackney,Inner,1,Lateral,Lateral,1.0,0.0,,Lateral,Lateral,1.0,0.0,,False
E02000367,Hackney,Inner,2,Symmetric,Symmetric,0.5537261698440208,0.0,,Lateral,Lateral,0.598806860551827,0.0,,False
E02000368,Hackney,Inner,1,Lateral,Lateral,1.0,0.0,,Lateral,Lateral,1.0,0.0,,False
E02000369,Hackney,Inner,1,Lateral,Lateral,1.0,0.0,,Lateral,Lateral,1.0,0.0,,False
E02000370,Hackney,Inner,1,Lateral,Symmetric,1.0,0.0,,Lateral,Symmetric,1.0,0.0,,False
E02000371,Hackney,Inner,1,Lateral,Symmetric,1.0,0.0,,Lateral,Lateral,1.0,0.0,,False
E02000372,Hammersmith and Fulham,Inner,2,Symmetric,Counter-led,0.8856569709127382,0.0,,Symmetric,Counter-led,0.8447488584474886,0.0,,False
E02000373,Hammersmith and Fulham,Inner,1,Symmetric,Symmetric,1.0,0.0,,Counter-led,Counter-led,1.0,0.0,,False
E02000374,Hammersmith and Fulham,Inner,3,Symmetric,Symmetric,0.672090112640801,0.0,,Symmetric,Counter-led,0.5744431418522861,0.0,,False
E02000375,Hammersmith and Fulham,Inner,2,Symmetric,Symmetric,0.90677025527192,0.0,,Counter-led,Counter-led,0.8949720670391061,0.0,,False
E02000376,Hammersmith and Fulham,Inner,2,Counter-led,Symmetric,0.900785854616896,0.0,,Counter-led,Counter-led,0.8521560574948666,0.0,,False
E02000377,Hammersmith and Fulham,Inner,2,Symmetric,Symmetric,0.9001814882032668,0.0,,Counter-led,Counter-led,0.9287234042553192,0.0,,False
E02000378,Hammersmith and Fulham,Inner,3,Cascade-led,Cascade-led,0.6828571428571428,0.0,inflow-driven,Symmetric,Counter-led,0.6406091370558376,0.0,,False
E02000379,Hammersmith and Fulham,Inner,4,Counter-led,Counter-led,0.5704057279236276,0.0,,Counter-led,Counter-led,0.53003003003003,0.0,,False
E02000380,Hammersmith and Fulham,Inner,4,Cascade-led,Cascade-led,0.574052812858783,0.0,inflow-driven,Counter-led,Counter-led,0.4647651006711409,0.0,,False
E02000381,Hammersmith and Fulham,Inner,4,Symmetric,Symmetric,0.5439367311072056,0.0,,Symmetric,Counter-led,0.5233949945593036,0.0,,False
E02000382,Hammersmith and Fulham,Inner,3,Symmetric,Cascade-led,0.7164021164021164,0.0,frame-sensitive inflow,Symmetric,Counter-led,0.7647058823529411,0.0,,False
E02000383,Hammersmith and Fulham,Inner,4,Cascade-led,Cascade-led,0.6442131047152481,0.0,inflow-driven,Counter-led,Counter-led,0.5477386934673367,0.0,,False
E02000384,Hammersmith and Fulham,Inner,2,Symmetric,Symmetric,0.9282341831916904,0.0,,Cascade-led,Symmetric,0.9400958466453674,0.0,,False
E02000385,Hammersmith and Fulham,Inner,5,Cascade-led,Cascade-led,0.5162509448223734,0.0,inflow-driven,Counter-led,Counter-led,0.4163298302344381,0.0,,False
E02000386,Hammersmith and Fulham,Inner,2,Symmetric,Symmetric,0.9476635514018692,0.0,,Counter-led,Counter-led,0.9435483870967742,0.0,,False
E02000387,Hammersmith and Fulham,Inner,3,Cascade-led,Cascade-led,0.7802197802197802,0.0,inflow-driven,Counter-led,Counter-led,0.7627471383975026,0.0,,False
E02000388,Hammersmith and Fulham,Inner,4,Symmetric,Cascade-led,0.675446049277825,0.0,frame-sensitive inflow,Symmetric,Symmetric,0.6447963800904978,0.0,,False
E02000389,Hammersmith and Fulham,Inner,6,Symmetric,Lateral,0.2422566371681415,0.0,,Counter-led,Lateral,0.2246305418719212,0.0,,False
E02000390,Hammersmith and Fulham,Inner,4,Cascade-led,Cascade-led,0.6298642533936651,0.0,inflow-driven,Lateral,Counter-led,0.647489539748954,0.0,,False
E02000391,Hammersmith and Fulham,Inner,4,Lateral,Cascade-led,0.6960486322188449,0.0,frame-sensitive inflow,Lateral,Symmetric,0.6743027888446215,0.0,,False
E02000392,Hammersmith and Fulham,Inner,4,Lateral,Symmetric,0.7246268656716418,0.0,,Lateral,Counter-led,0.6528861154446178,0.0,,False
E02000393,Hammersmith and Fulham,Inner,6,Symmetric,Lateral,0.2457002457002457,0.0,,Counter-led,Lateral,0.2265415549597855,0.0,,False
E02000394,Hammersmith and Fulham,Inner,3,Symmetric,Cascade-led,0.8601728201099764,0.0,frame-sensitive inflow,Symmetric,Symmetric,0.8706505295007564,0.0,,False
E02000395,Hammersmith and Fulham,Inner,7,Counter-led,Symmetric,0.0824858757062146,0.31403940886699505,,Symmetric,Cascade-led,0.0806754221388367,0.3224489795918367,outflow: internal-majority,False
E02000396,Hammersmith and Fulham,Inner,4,Cascade-led,Symmetric,0.636594663278272,0.0,,Lateral,Counter-led,0.6313497822931785,0.0,,False
E02000397,Haringey,Inner,2,Counter-led,Counter-led,0.7718865598027127,0.0,,Counter-led,Counter-led,0.7313868613138687,0.0,,False
E02000398,Haringey,Inner,1,Lateral,Lateral,1.0,0.0,,Lateral,Lateral,1.0,0.0,,False
E02000400,Haringey,Inner,3,Counter-led,Counter-led,0.5525568181818182,0.0,,Symmetric,Counter-led,0.5571205007824727,0.0,,False
E02000401,Haringey,Inner,1,Lateral,Lateral,1.0,0.0,,Lateral,Lateral,1.0,0.0,,False
E02000402,Haringey,Inner,1,Lateral,Lateral,1.0,0.0,,Lateral,Lateral,1.0,0.0,,False
E02000403,Haringey,Inner,2,Counter-led,Lateral,0.6905615292712067,0.0,,Symmetric,Lateral,0.7030567685589519,0.0,,False
E02000404,Haringey,Inner,2,Symmetric,Lateral,0.6002886002886003,0.0,,Counter-led,Lateral,0.5397849462365591,0.0,,False
E02000405,Haringey,Inner,5,Symmetric,Counter-led,0.5093696763202725,0.0,,Counter-led,Counter-led,0.3395348837209302,0.0,,False
E02000406,Haringey,Inner,1,Lateral,Lateral,1.0,0.0,,Lateral,Counter-led,1.0,0.0,,False
E02000407,Haringey,Inner,1,Lateral,Lateral,1.0,0.0,,Lateral,Lateral,1.0,0.0,,False
E02000408,Haringey,Inner,1,Lateral,Lateral,1.0,0.0,,Lateral,Lateral,1.0,0.0,,False
E02000409,Haringey,Inner,1,Lateral,Lateral,1.0,0.0,,Lateral,Lateral,1.0,0.0,,False
E02000410,Haringey,Inner,6,Counter-led,Lateral,0.1231454005934718,0.0,,Counter-led,Lateral,0.115234375,0.0,,False
E02000411,Haringey,Inner,2,Counter-led,Symmetric,0.5907429963459196,0.0,,Counter-led,Symmetric,0.7060240963855422,0.0,,False
E02000412,Haringey,Inner,1,Counter-led,Symmetric,1.0,0.0,,Counter-led,Counter-led,1.0,0.0,,False
E02000413,Haringey,Inner,5,Counter-led,Counter-led,0.5619718309859155,0.0,,Symmetric,Counter-led,0.4583333333333333,0.0,,False
E02000414,Haringey,Inner,2,Symmetric,Lateral,0.5497382198952879,0.0,,Counter-led,Lateral,0.4416666666666666,0.0,,False
E02000415,Haringey,Inner,2,Lateral,Lateral,0.5838926174496645,0.0,,Lateral,Lateral,0.5742251223491027,0.0,,False
E02000416,Haringey,Inner,3,Symmetric,Symmetric,0.5845464725643897,0.0,,Counter-led,Counter-led,0.5668965517241379,0.0,,False
E02000417,Haringey,Inner,5,Symmetric,Symmetric,0.5157004830917874,0.0,,Symmetric,Counter-led,0.4595041322314049,0.0,,False
E02000418,Haringey,Inner,5,Symmetric,Counter-led,0.3245967741935484,0.0,,Symmetric,Counter-led,0.3235294117647059,0.0,,False
E02000419,Haringey,Inner,2,Cascade-led,Lateral,0.6656511805026657,0.0,,Counter-led,Lateral,0.6332288401253918,0.0,,False
E02000420,Haringey,Inner,1,Lateral,Lateral,1.0,0.0,,Lateral,Lateral,1.0,0.0,,False
E02000421,Haringey,Inner,1,Lateral,Lateral,1.0,0.0,,Lateral,Lateral,1.0,0.0,,False
E02000422,Haringey,Inner,1,Lateral,Lateral,1.0,0.0,,Lateral,Lateral,1.0,0.0,,False
E02000423,Haringey,Inner,2,Lateral,Lateral,0.6218097447795824,0.0,,Lateral,Lateral,0.5742971887550201,0.0,,False
E02000424,Haringey,Inner,3,Symmetric,Symmetric,0.6685845799769851,0.0,,Symmetric,Counter-led,0.5415430267062314,0.0,,False
E02000425,Haringey,Inner,3,Cascade-led,Symmetric,0.2205882352941176,0.0,,Counter-led,Counter-led,0.1704745166959578,0.0,,False
E02000426,Haringey,Inner,6,Counter-led,Lateral,0.2228070175438596,0.0,,Symmetric,Lateral,0.2339544513457556,0.0,,False
E02000427,Haringey,Inner,2,Symmetric,Lateral,0.7494481236203091,0.0,,Symmetric,Lateral,0.6779661016949152,0.0,,False
E02000428,Haringey,Inner,1,Lateral,Symmetric,1.0,0.0,,Lateral,Lateral,1.0,0.0,,False
E02000429,Haringey,Inner,5,Counter-led,Counter-led,0.4243458475540387,0.0,,Counter-led,Counter-led,0.3823038397328882,0.0,,False
E02000430,Haringey,Inner,4,Counter-led,Counter-led,0.5034602076124568,0.0,,Counter-led,Counter-led,0.4019975031210986,0.0,,False
E02000431,Haringey,Inner,6,Counter-led,Lateral,0.1752988047808765,0.0,,Symmetric,Lateral,0.1356184798807749,0.0,,False
E02000432,Haringey,Inner,3,Symmetric,Counter-led,0.4848812095032397,0.0,,Symmetric,Counter-led,0.4357743097238895,0.0,,False
E02000433,Harrow,Outer,8,Lateral,Cascade-led,0.0318118948824343,0.38857142857142857,outflow: internal-majority,Lateral,Symmetric,0.0309119010819165,0.5502392344497608,,False
E02000434,Harrow,Outer,7,Counter-led,Counter-led,0.1693548387096774,0.4449838187702265,,Symmetric,Cascade-led,0.1141649048625792,0.4295942720763723,outflow: internal-majority,False
E02000435,Harrow,Outer,5,Counter-led,Counter-led,0.8404255319148937,0.0,,Symmetric,Counter-led,0.77,0.0,,False
E02000436,Harrow,Outer,9,Counter-led,Cascade-led,0.0341365461847389,0.49480249480249483,outflow: internal-majority,Cascade-led,Cascade-led,0.0147679324894514,0.4860813704496788,outflow: internal-majority,False
E02000437,Harrow,Outer,6,Counter-led,Lateral,0.3486486486486486,0.0,,Counter-led,Lateral,0.3744292237442922,0.0,,False
E02000438,Harrow,Outer,5,Symmetric,Counter-led,0.8072727272727273,0.0,,Counter-led,Counter-led,0.7077922077922078,0.0,,False
E02000439,Harrow,Outer,5,Counter-led,Counter-led,0.5430579964850615,0.0,,Counter-led,Counter-led,0.5898366606170599,0.0,,False
E02000440,Harrow,Outer,8,Counter-led,Cascade-led,0.0230473751600512,0.382699868938401,outflow: internal-majority,Cascade-led,Cascade-led,0.01125,0.42983565107458915,outflow: internal-majority,False
E02000441,Harrow,Outer,6,Lateral,Lateral,0.6175637393767706,0.0,,Counter-led,Lateral,0.5609756097560976,0.0,,False
E02000442,Harrow,Outer,6,Counter-led,Counter-led,0.2724252491694352,0.0,,Counter-led,Lateral,0.2883895131086142,0.0,,False
E02000443,Harrow,Outer,4,Symmetric,Counter-led,0.8649789029535865,0.0,,Cascade-led,Counter-led,0.8535620052770448,0.0,,False
E02000444,Harrow,Outer,7,Counter-led,Cascade-led,0.1029185867895545,0.3476027397260274,outflow: internal-majority,Lateral,Cascade-led,0.05683192261185,0.34487179487179487,outflow: internal-majority,False
E02000445,Harrow,Outer,4,Symmetric,Counter-led,0.8401400233372228,0.0,,Symmetric,Counter-led,0.8429530201342282,0.0,,False
E02000447,Harrow,Outer,8,Counter-led,Cascade-led,0.051660516605166,0.3968871595330739,outflow: internal-majority,Counter-led,Symmetric,0.0614285714285714,0.4855403348554033,,False
E02000448,Harrow,Outer,9,Lateral,Symmetric,0.078397212543554,0.43667296786389415,,Lateral,Cascade-led,0.0619765494137353,0.49464285714285716,outflow: internal-majority,False
E02000449,Harrow,Outer,5,Symmetric,Counter-led,0.5050301810865191,0.0,,Counter-led,Counter-led,0.5446623093681917,0.0,,False
E02000451,Harrow,Outer,10,Counter-led,Cascade-led,0.0,0.34423076923076923,outflow: internal-majority,Counter-led,Symmetric,0.0,0.3781190019193858,,False
E02000452,Harrow,Outer,5,Counter-led,Counter-led,0.5742145178764897,0.0,,Counter-led,Counter-led,0.5884279475982532,0.0,,False
E02000453,Harrow,Outer,7,Counter-led,Symmetric,0.1391541609822646,0.29635499207606975,,Counter-led,Cascade-led,0.1518438177874186,0.4322250639386189,outflow: internal-majority,False
E02000454,Harrow,Outer,10,Lateral,Cascade-led,0.0,0.43963963963963965,outflow: internal-majority,Lateral,Cascade-led,0.0,0.4355300859598854,outflow: internal-majority,False
E02000455,Harrow,Outer,5,Lateral,Counter-led,0.6462984723854289,0.0,,Lateral,Counter-led,0.6691588785046729,0.0,,False
E02000456,Harrow,Outer,6,Symmetric,Lateral,0.3363471971066907,0.0,,Counter-led,Lateral,0.3746770025839793,0.0,,False
E02000457,Harrow,Outer,8,Symmetric,Cascade-led,0.074074074074074,0.3976470588235294,outflow: internal-majority,Cascade-led,Cascade-led,0.0791925465838509,0.403035413153457,outflow: internal-majority,False
E02000459,Harrow,Outer,5,Symmetric,Symmetric,0.6471337579617834,0.0,,Counter-led,Counter-led,0.6107594936708861,0.0,,False
E02000460,Harrow,Outer,4,Counter-led,Counter-led,0.8298969072164949,0.0,,Symmetric,Counter-led,0.8484848484848485,0.0,,False
E02000461,Harrow,Outer,8,Counter-led,Counter-led,0.0375838926174496,0.39748953974895396,,Symmetric,Cascade-led,0.0381836945304437,0.40987124463519314,outflow: internal-majority,False
E02000462,Harrow,Outer,6,Symmetric,Lateral,0.1816239316239316,0.0,,Symmetric,Lateral,0.1548672566371681,0.0,,False
E02000463,Harrow,Outer,5,Lateral,Counter-led,0.656964656964657,0.0,,Counter-led,Counter-led,0.5782122905027933,0.0,,False
E02000464,Havering,Outer,3,Symmetric,Counter-led,0.75,0.0,,Counter-led,Counter-led,0.8296529968454258,0.0,,False
E02000465,Havering,Outer,3,Counter-led,Counter-led,0.7804878048780488,0.0,,Counter-led,Counter-led,0.8731343283582089,0.0,,False
E02000466,Havering,Outer,4,Symmetric,Counter-led,0.6791208791208792,0.0,,Counter-led,Counter-led,0.7654028436018957,0.0,,False
E02000467,Havering,Outer,2,Counter-led,Counter-led,0.961335676625659,0.0,,Symmetric,Counter-led,0.9715719063545152,0.0,,False
E02000468,Havering,Outer,5,Lateral,Counter-led,0.5367647058823529,0.0,,Counter-led,Counter-led,0.4921135646687697,0.0,,False
E02000469,Havering,Outer,3,Cascade-led,Counter-led,0.8314285714285714,0.0,,Symmetric,Counter-led,0.7077922077922078,0.0,,False
E02000470,Havering,Outer,7,Counter-led,Symmetric,0.2031523642732049,0.5142857142857142,,Counter-led,Cascade-led,0.1696202531645569,0.6996951219512195,outflow: external-majority,False
E02000471,Havering,Outer,9,Counter-led,Cascade-led,0.0134831460674157,0.4533029612756264,outflow: internal-majority,Counter-led,Counter-led,0.0063694267515923,0.6047008547008547,,False
E02000472,Havering,Outer,7,Counter-led,Symmetric,0.0938775510204081,0.42792792792792794,,Counter-led,Symmetric,0.0768156424581005,0.5476550680786687,,False
E02000473,Havering,Outer,8,Lateral,Counter-led,0.0894454382826475,0.587426326129666,,Lateral,Symmetric,0.0668485675306957,0.5906432748538012,,False
E02000474,Havering,Outer,5,Lateral,Counter-led,0.5688073394495413,0.0,,Lateral,Counter-led,0.5297157622739018,0.0,,False
E02000475,Havering,Outer,8,Counter-led,Symmetric,0.1808972503617945,0.49823321554770317,,Counter-led,Cascade-led,0.1273458445040214,0.5837173579109063,outflow: external-majority,False
E02000476,Havering,Outer,3,Symmetric,Counter-led,0.8581730769230769,0.0,,Counter-led,Counter-led,0.8154402895054282,0.0,,False
E02000477,Havering,Outer,9,Counter-led,Cascade-led,0.0268138801261829,0.4246353322528363,outflow: internal-majority,Counter-led,Symmetric,0.0124653739612188,0.544179523141655,,False
E02000478,Havering,Outer,9,Counter-led,Cascade-led,0.0545454545454545,0.5137362637362637,outflow: external-majority,Counter-led,Symmetric,0.0304878048780487,0.6383647798742138,,False
E02000479,Havering,Outer,5,Counter-led,Counter-led,0.639871382636656,0.0,,Counter-led,Counter-led,0.5296950240770465,0.0,,False
E02000480,Havering,Outer,5,Counter-led,Counter-led,0.5093378607809848,0.0,,Counter-led,Counter-led,0.4857142857142857,0.0,,False
E02000481,Havering,Outer,8,Lateral,Cascade-led,0.2098445595854922,0.7245901639344262,outflow: external-majority,Lateral,Cascade-led,0.1414728682170542,0.7516930022573364,outflow: external-majority,False
E02000482,Havering,Outer,10,Lateral,Symmetric,0.0,0.4515235457063712,,Lateral,Cascade-led,0.0,0.5454545454545454,outflow: external-majority,False
E02000483,Havering,Outer,6,Counter-led,Lateral,0.5802469135802469,0.0,,Counter-led,Lateral,0.5884057971014492,0.0,,False
E02000484,Havering,Outer,8,Counter-led,Cascade-led,0.1025641025641025,0.5023809523809524,outflow: external-majority,Counter-led,Symmetric,0.0711538461538461,0.6438923395445134,,False
E02000485,Havering,Outer,8,Counter-led,Symmetric,0.2163265306122449,0.5572916666666666,,Counter-led,Cascade-led,0.160246533127889,0.5908256880733945,outflow: external-majority,False
E02000486,Havering,Outer,8,Counter-led,Symmetric,0.1140776699029126,0.473972602739726,,Counter-led,Counter-led,0.1040723981900452,0.5050505050505051,,False
E02000487,Havering,Outer,10,Lateral,Cascade-led,0.0,0.49023861171366595,outflow: internal-majority,Lateral,Symmetric,0.0,0.6027088036117382,,False
E02000488,Havering,Outer,9,Counter-led,Symmetric,0.0157068062827225,0.42819148936170215,,Counter-led,Counter-led,0.016867469879518,0.5514705882352942,,False
E02000489,Havering,Outer,6,Symmetric,Lateral,0.304635761589404,0.0,,Counter-led,Lateral,0.2826086956521739,0.0,,False
E02000490,Havering,Outer,6,Counter-led,Lateral,0.2851985559566787,0.0,,Counter-led,Lateral,0.2201834862385321,0.0,,False
E02000491,Havering,Outer,3,Counter-led,Counter-led,0.8699763593380615,0.0,,Counter-led,Counter-led,0.8768328445747801,0.0,,False
E02000492,Havering,Outer,7,Counter-led,Counter-led,0.0348837209302325,0.6465863453815262,,Counter-led,Symmetric,0.0979498861047836,0.6691919191919192,,False
E02000493,Havering,Outer,4,Counter-led,Counter-led,0.5775075987841946,0.0,,Counter-led,Counter-led,0.592797783933518,0.0,,False
E02000494,Hillingdon,Outer,9,Counter-led,Cascade-led,0.0205371248025276,0.5419354838709678,outflow: external-majority,Counter-led,Symmetric,0.0200729927007299,0.5754189944134078,,False
E02000495,Hillingdon,Outer,7,Counter-led,Symmetric,0.2362110311750599,0.6043956043956044,,Counter-led,Cascade-led,0.1538461538461538,0.6316410861865407,outflow: external-majority,False
E02000496,Hillingdon,Outer,5,Symmetric,Counter-led,0.7816593886462883,0.0,,Symmetric,Counter-led,0.7871794871794872,0.0,,False
E02000497,Hillingdon,Outer,6,Symmetric,Lateral,0.6765873015873016,0.0,,Counter-led,Lateral,0.5424242424242425,0.0,,False
E02000498,Hillingdon,Outer,7,Symmetric,Cascade-led,0.2410358565737052,0.5826771653543307,outflow: external-majority,Counter-led,Cascade-led,0.1934782608695652,0.6442048517520216,outflow: external-majority,False
E02000499,Hillingdon,Outer,9,Lateral,Cascade-led,0.040650406504065,0.5148305084745762,outflow: external-majority,Lateral,Cascade-led,0.0357852882703777,0.6247422680412371,outflow: external-majority,False
E02000500,Hillingdon,Outer,9,Lateral,Symmetric,0.0348652931854199,0.43842364532019706,,Lateral,Cascade-led,0.0411522633744856,0.5364806866952789,outflow: external-majority,False
E02000501,Hillingdon,Outer,9,Lateral,Symmetric,0.0479846449136276,0.44556451612903225,,Lateral,Cascade-led,0.027434842249657,0.5148095909732017,outflow: external-majority,False
E02000502,Hillingdon,Outer,7,Counter-led,Symmetric,0.2206451612903225,0.5579470198675497,,Counter-led,Cascade-led,0.1855146124523507,0.717628705148206,outflow: external-majority,False
E02000503,Hillingdon,Outer,8,Lateral,Counter-led,0.1302325581395348,0.5080213903743316,,Lateral,Cascade-led,0.1178807947019867,0.6531531531531531,outflow: external-majority,False
E02000504,Hillingdon,Outer,10,Lateral,Cascade-led,0.0,0.48695652173913045,outflow: internal-majority,Counter-led,Symmetric,0.0,0.6293577981651376,,False
E02000506,Hillingdon,Outer,9,Counter-led,Cascade-led,0.063943161634103,0.47248576850094876,outflow: internal-majority,Counter-led,Cascade-led,0.0678513731825525,0.5545927209705372,outflow: external-majority,False
E02000507,Hillingdon,Outer,7,Symmetric,Cascade-led,0.1305732484076433,0.45604395604395603,outflow: internal-majority,Counter-led,Cascade-led,0.1066878980891719,0.6060606060606061,outflow: external-majority,False
E02000508,Hillingdon,Outer,5,Cascade-led,Cascade-led,0.5664502903997267,0.0,inflow-driven,Cascade-led,Cascade-led,0.5309734513274337,0.0,inflow-driven,True
E02000509,Hillingdon,Outer,3,Cascade-led,Cascade-led,0.9338338808071328,0.0,inflow-driven,Cascade-led,Cascade-led,0.9491964748574392,0.0,inflow-driven,True
E02000510,Hillingdon,Outer,6,Counter-led,Lateral,0.2698706099815157,0.0,,Counter-led,Lateral,0.18580375782881,0.0,,False
E02000511,Hillingdon,Outer,6,Counter-led,Lateral,0.1120689655172413,0.0,,Counter-led,Lateral,0.1940700808625337,0.0,,False
E02000512,Hillingdon,Outer,4,Cascade-led,Counter-led,0.5945945945945946,0.0,,Counter-led,Counter-led,0.6481481481481481,0.0,,False
E02000513,Hillingdon,Outer,2,Counter-led,Counter-led,0.9625585023400935,0.0,,Symmetric,Counter-led,0.9682539682539684,0.0,,False
E02000514,Hillingdon,Outer,5,Cascade-led,Symmetric,0.3209134615384615,0.0,,Counter-led,Counter-led,0.3136690647482014,0.0,,False
E02000515,Hillingdon,Outer,4,Cascade-led,Cascade-led,0.627435697583788,0.0,inflow-driven,Cascade-led,Counter-led,0.6572104018912529,0.0,,False
E02000516,Hillingdon,Outer,4,Counter-led,Counter-led,0.4123134328358209,0.0,,Counter-led,Counter-led,0.413265306122449,0.0,,False
E02000517,Hillingdon,Outer,3,Symmetric,Counter-led,0.8121827411167513,0.0,,Lateral,Counter-led,0.8045375218150087,0.0,,False
E02000518,Hillingdon,Outer,3,Cascade-led,Symmetric,0.8661417322834646,0.0,,Lateral,Counter-led,0.8904109589041096,0.0,,False
E02000519,Hillingdon,Outer,3,Lateral,Lateral,0.8,0.0,,Lateral,Lateral,0.8059701492537313,0.0,,False
E02000520,Hillingdon,Outer,3,Cascade-led,Lateral,0.8162031438935913,0.0,,Counter-led,Counter-led,0.7889447236180904,0.0,,False
E02000521,Hillingdon,Outer,2,Cascade-led,Cascade-led,0.9856115107913668,0.0,inflow-driven,Cascade-led,Counter-led,0.984126984126984,0.0,,False
E02000522,Hillingdon,Outer,3,Symmetric,Counter-led,0.8649122807017544,0.0,,Lateral,Counter-led,0.837248322147651,0.0,,False
E02000523,Hillingdon,Outer,4,Symmetric,Counter-led,0.382699868938401,0.0,,Counter-led,Counter-led,0.4128440366972477,0.0,,False
E02000524,Hillingdon,Outer,4,Counter-led,Counter-led,0.595460614152203,0.0,,Counter-led,Counter-led,0.5029126213592233,0.0,,False
E02000525,Hillingdon,Outer,3,Symmetric,Counter-led,0.8021978021978022,0.0,,Counter-led,Counter-led,0.8885298869143781,0.0,,False
E02000526,Hounslow,Outer,7,Symmetric,Cascade-led,0.0650684931506849,0.30952380952380953,outflow: internal-majority,Counter-led,Cascade-led,0.0564315352697095,0.40281442392260336,outflow: internal-majority,False
E02000528,Hounslow,Outer,2,Cascade-led,Cascade-led,0.9879421221864952,0.0,inflow-driven,Cascade-led,Symmetric,0.9773413897280968,0.0,,False
E02000529,Hounslow,Outer,4,Counter-led,Counter-led,0.5626134301270418,0.0,,Symmetric,Counter-led,0.6052631578947368,0.0,,False
E02000530,Hounslow,Outer,2,Counter-led,Counter-led,0.9832285115303984,0.0,,Counter-led,Counter-led,0.9691211401425178,0.0,,False
E02000531,Hounslow,Outer,4,Symmetric,Cascade-led,0.7493016759776536,0.0,frame-sensitive inflow,Symmetric,Counter-led,0.5443037974683544,0.0,,False
E02000532,Hounslow,Outer,6,Symmetric,Lateral,0.2967741935483871,0.0,,Symmetric,Lateral,0.3440860215053763,0.0,,False
E02000533,Hounslow,Outer,6,Counter-led,Lateral,0.2642140468227424,0.0,,Symmetric,Lateral,0.2555746140651801,0.0,,False
E02000534,Hounslow,Outer,7,Counter-led,Symmetric,0.1489607390300231,0.35006784260515605,,Counter-led,Cascade-led,0.1067961165048543,0.41032608695652173,outflow: internal-majority,False
E02000535,Hounslow,Outer,5,Cascade-led,Counter-led,0.3078055964653903,0.0,,Lateral,Counter-led,0.2420494699646643,0.0,,False
E02000536,Hounslow,Outer,5,Symmetric,Counter-led,0.3782991202346041,0.0,,Lateral,Counter-led,0.4442508710801394,0.0,,False
E02000537,Hounslow,Outer,8,Cascade-led,Cascade-led,0.012396694214876,0.1907949790794979,outflow: internal-majority,Symmetric,Cascade-led,0.0150442477876106,0.3261455525606469,outflow: internal-majority,False
E02000538,Hounslow,Outer,4,Lateral,Symmetric,0.510148849797023,0.0,,Lateral,Counter-led,0.5260869565217391,0.0,,False
E02000539,Hounslow,Outer,4,Symmetric,Symmetric,0.7980427046263345,0.0,,Cascade-led,Counter-led,0.7670588235294118,0.0,,False
E02000540,Hounslow,Outer,5,Lateral,Symmetric,0.5209580838323353,0.0,,Lateral,Counter-led,0.4453870625662778,0.0,,False
E02000541,Hounslow,Outer,3,Lateral,Counter-led,0.8892171344165436,0.0,,Counter-led,Counter-led,0.8769230769230769,0.0,,False
E02000542,Hounslow,Outer,4,Cascade-led,Counter-led,0.7005291005291006,0.0,,Counter-led,Counter-led,0.6522753792298717,0.0,,False
E02000543,Hounslow,Outer,5,Lateral,Symmetric,0.446656050955414,0.0,,Lateral,Counter-led,0.4158325750682438,0.0,,False
E02000544,Hounslow,Outer,7,Symmetric,Cascade-led,0.1464088397790055,0.3220064724919094,outflow: internal-majority,Symmetric,Cascade-led,0.0939597315436241,0.4088888888888889,outflow: internal-majority,False
E02000545,Hounslow,Outer,3,Cascade-led,Symmetric,0.86875,0.0,,Counter-led,Counter-led,0.9193548387096774,0.0,,False
E02000546,Hounslow,Outer,5,Lateral,Symmetric,0.3538268506900878,0.0,,Lateral,Counter-led,0.3158756137479542,0.0,,False
E02000547,Hounslow,Outer,4,Lateral,Lateral,0.6448445171849427,0.0,,Lateral,Counter-led,0.6368159203980099,0.0,,False
E02000548,Hounslow,Outer,3,Lateral,Cascade-led,0.9307692307692308,0.0,frame-sensitive inflow,Lateral,Counter-led,0.9167950693374424,0.0,,False
E02000549,Hounslow,Outer,4,Counter-led,Counter-led,0.7142857142857143,0.0,,Symmetric,Counter-led,0.7396870554765291,0.0,,False
E02000550,Hounslow,Outer,4,Lateral,Counter-led,0.6763358778625954,0.0,,Lateral,Counter-led,0.7484536082474227,0.0,,False
E02000551,Hounslow,Outer,2,Symmetric,Counter-led,0.989855072463768,0.0,,Cascade-led,Symmetric,0.98,0.0,,False
E02000552,Hounslow,Outer,5,Counter-led,Counter-led,0.5371900826446281,0.0,,Counter-led,Counter-led,0.5223367697594502,0.0,,False
E02000553,Hounslow,Outer,4,Lateral,Counter-led,0.7598944591029023,0.0,,Cascade-led,Counter-led,0.7294117647058823,0.0,,False
E02000554,Islington,Inner,1,Counter-led,Symmetric,1.0,0.0,,Counter-led,Counter-led,1.0,0.0,,False
E02000555,Islington,Inner,2,Counter-led,Lateral,0.8049886621315193,0.0,,Counter-led,Lateral,0.7956431535269709,0.0,,False
E02000556,Islington,Inner,2,Symmetric,Lateral,0.8023809523809524,0.0,,Symmetric,Lateral,0.7740244612696564,0.0,,False
E02000557,Islington,Inner,2,Symmetric,Lateral,0.8104265402843602,0.0,,Counter-led,Lateral,0.7993384785005513,0.0,,False
E02000558,Islington,Inner,1,Counter-led,Counter-led,1.0,0.0,,Counter-led,Counter-led,1.0,0.0,,False
E02000559,Islington,Inner,3,Symmetric,Symmetric,0.5536888239590942,0.0,,Symmetric,Counter-led,0.4335971855760774,0.0,,False
E02000560,Islington,Inner,2,Cascade-led,Lateral,0.7914653784219001,0.0,,Symmetric,Lateral,0.6996047430830039,0.0,,False
E02000561,Islington,Inner,3,Cascade-led,Cascade-led,0.5287260616153205,0.0,inflow-driven,Counter-led,Counter-led,0.5116022099447514,0.0,,False
E02000562,Islington,Inner,2,Counter-led,Lateral,0.8348623853211009,0.0,,Symmetric,Lateral,0.7931034482758621,0.0,,False
E02000563,Islington,Inner,2,Symmetric,Lateral,0.8277153558052435,0.0,,Counter-led,Lateral,0.776595744680851,0.0,,False
E02000564,Islington,Inner,2,Symmetric,Lateral,0.8153333333333334,0.0,,Symmetric,Lateral,0.7898903775883069,0.0,,False
E02000565,Islington,Inner,2,Lateral,Lateral,0.7904269081500647,0.0,,Lateral,Lateral,0.6971830985915493,0.0,,False
E02000566,Islington,Inner,3,Cascade-led,Cascade-led,0.5211141060197664,0.0,inflow-driven,Symmetric,Counter-led,0.47992863514719,0.0,,False
E02000567,Islington,Inner,2,Lateral,Lateral,0.7950089126559715,0.0,,Counter-led,Lateral,0.7765726681127982,0.0,,False
E02000568,Islington,Inner,1,Symmetric,Symmetric,1.0,0.0,,Cascade-led,Symmetric,1.0,0.0,,False
E02000569,Islington,Inner,2,Counter-led,Lateral,0.8361638361638362,0.0,,Counter-led,Lateral,0.7567567567567568,0.0,,False
E02000570,Islington,Inner,4,Symmetric,Symmetric,0.4482507288629737,0.0,,Cascade-led,Symmetric,0.2866617538688283,0.0,,False
E02000571,Islington,Inner,2,Counter-led,Lateral,0.8139223560910308,0.0,,Counter-led,Lateral,0.7619617224880383,0.0,,False
E02000572,Islington,Inner,1,Symmetric,Symmetric,1.0,0.0,,Cascade-led,Cascade-led,1.0,0.0,inflow-driven,False
E02000573,Islington,Inner,3,Cascade-led,Cascade-led,0.5335255948089401,0.0,inflow-driven,Counter-led,Counter-led,0.5285714285714286,0.0,,False
E02000574,Islington,Inner,3,Cascade-led,Cascade-led,0.5186590765338394,0.0,inflow-driven,Symmetric,Symmetric,0.5217391304347826,0.0,,False
E02000575,Islington,Inner,3,Cascade-led,Cascade-led,0.6019809244314013,0.0,inflow-driven,Cascade-led,Cascade-led,0.564836179049377,0.0,inflow-driven,True
E02000576,Islington,Inner,2,Cascade-led,Cascade-led,0.7529691211401425,0.0,inflow-driven,Symmetric,Cascade-led,0.7468265162200282,0.0,frame-sensitive inflow,False
E02000577,Kensington and Chelsea,Inner,1,Counter-led,Counter-led,1.0,0.0,,Counter-led,Counter-led,1.0,0.0,,False
E02000578,Kensington and Chelsea,Inner,2,Counter-led,Counter-led,0.8660436137071651,0.0,,Counter-led,Counter-led,0.8388278388278388,0.0,,False
E02000579,Kensington and Chelsea,Inner,2,Counter-led,Symmetric,0.871967654986523,0.0,,Counter-led,Counter-led,0.848,0.0,,False
E02000580,Kensington and Chelsea,Inner,2,Symmetric,Cascade-led,0.8549222797927462,0.0,frame-sensitive inflow,Symmetric,Symmetric,0.853185595567867,0.0,,False
E02000581,Kensington and Chelsea,Inner,2,Counter-led,Counter-led,0.8148148148148148,0.0,,Lateral,Lateral,0.8432835820895522,0.0,,False
E02000582,Kensington and Chelsea,Inner,5,Cascade-led,Cascade-led,0.4695945945945945,0.0,inflow-driven,Symmetric,Counter-led,0.4384017758046615,0.0,,False
E02000583,Kensington and Chelsea,Inner,5,Symmetric,Symmetric,0.4579545454545454,0.0,,Symmetric,Counter-led,0.4820659971305595,0.0,,False
E02000584,Kensington and Chelsea,Inner,7,Cascade-led,Cascade-led,0.1418650793650793,0.24739884393063583,outflow: internal-majority,Symmetric,Cascade-led,0.0954356846473029,0.27408256880733944,outflow: internal-majority,False
E02000585,Kensington and Chelsea,Inner,5,Symmetric,Symmetric,0.5130434782608696,0.0,,Symmetric,Counter-led,0.5108571428571429,0.0,,False
E02000586,Kensington and Chelsea,Inner,8,Lateral,Cascade-led,0.055933484504913,0.18815052041633307,outflow: internal-majority,Lateral,Cascade-led,0.0149572649572649,0.25379609544468545,outflow: internal-majority,False
E02000587,Kensington and Chelsea,Inner,7,Cascade-led,Cascade-led,0.1334681496461071,0.2543757292882147,outflow: internal-majority,Symmetric,Cascade-led,0.1141975308641975,0.3170731707317073,outflow: internal-majority,False
E02000588,Kensington and Chelsea,Inner,8,Lateral,Counter-led,0.0229166666666666,0.2302771855010661,,Lateral,Symmetric,0.0346062052505966,0.30284301606922126,,False
E02000589,Kensington and Chelsea,Inner,6,Cascade-led,Cascade-led,0.4197786998616874,0.0,inflow-driven,Symmetric,Symmetric,0.3896583564173592,0.0,,False
E02000590,Kensington and Chelsea,Inner,5,Symmetric,Symmetric,0.6383219954648526,0.0,,Counter-led,Counter-led,0.6182873730043541,0.0,,False
E02000591,Kensington and Chelsea,Inner,3,Cascade-led,Cascade-led,0.8199566160520607,0.0,inflow-driven,Symmetric,Symmetric,0.8208616780045351,0.0,,False
E02000592,Kensington and Chelsea,Inner,7,Cascade-led,Cascade-led,0.1625441696113074,0.18565400843881857,outflow: internal-majority,Symmetric,Cascade-led,0.1679764243614931,0.24793388429752067,outflow: internal-majority,False
E02000593,Kensington and Chelsea,Inner,4,Symmetric,Cascade-led,0.6807174887892377,0.0,frame-sensitive inflow,Symmetric,Counter-led,0.7058279370952821,0.0,,False
E02000594,Kensington and Chelsea,Inner,7,Cascade-led,Cascade-led,0.1775082690187431,0.2949061662198391,outflow: internal-majority,Symmetric,Cascade-led,0.0843060959792477,0.40793201133144474,outflow: internal-majority,False
E02000595,Kensington and Chelsea,Inner,6,Symmetric,Lateral,0.4538799414348463,0.0,,Symmetric,Lateral,0.3773314203730272,0.0,,False
E02000596,Kensington and Chelsea,Inner,7,Cascade-led,Symmetric,0.0789473684210526,0.17478991596638654,,Cascade-led,Cascade-led,0.1178571428571428,0.2692307692307692,outflow: internal-majority,False
E02000597,Kensington and Chelsea,Inner,3,Symmetric,Cascade-led,0.8667582417582418,0.0,frame-sensitive inflow,Counter-led,Counter-led,0.8311195445920304,0.0,,False
E02000598,Kingston upon Thames,Outer,10,Lateral,Cascade-led,0.0,0.40993788819875776,outflow: internal-majority,Lateral,Cascade-led,0.0,0.5194610778443114,outflow: external-majority,False
E02000599,Kingston upon Thames,Outer,9,Lateral,Symmetric,0.0732519422863485,0.3712574850299401,,Lateral,Cascade-led,0.0735660847880299,0.4104979811574697,outflow: internal-majority,False
E02000600,Kingston upon Thames,Outer,8,Lateral,Symmetric,0.2719033232628399,0.4218533886583679,,Lateral,Cascade-led,0.2058492688413948,0.5141643059490085,outflow: external-majority,False
E02000601,Kingston upon Thames,Outer,8,Counter-led,Symmetric,0.2212389380530973,0.5693181818181818,,Counter-led,Cascade-led,0.1617770326906957,0.664,outflow: external-majority,False
E02000602,Kingston upon Thames,Outer,4,Cascade-led,Cascade-led,0.920099875156055,0.0,inflow-driven,Symmetric,Symmetric,0.9140845070422536,0.0,,False
E02000603,Kingston upon Thames,Outer,6,Symmetric,Lateral,0.76,0.0,,Counter-led,Lateral,0.6514084507042254,0.0,,False
E02000604,Kingston upon Thames,Outer,9,Lateral,Symmetric,0.0621890547263681,0.3660477453580902,,Lateral,Cascade-led,0.0816326530612244,0.45308641975308644,outflow: internal-majority,False
E02000605,Kingston upon Thames,Outer,9,Lateral,Cascade-led,0.1453804347826087,0.46740858505564387,outflow: internal-majority,Lateral,Cascade-led,0.108416547788873,0.5312,outflow: external-majority,False
E02000606,Kingston upon Thames,Outer,8,Lateral,Symmetric,0.2011173184357542,0.458041958041958,,Lateral,Cascade-led,0.1843420322043309,0.527569775357386,outflow: external-majority,False
E02000607,Kingston upon Thames,Outer,9,Cascade-led,Symmetric,0.0391373801916932,0.29260182876142976,,Symmetric,Symmetric,0.0315682281059063,0.38485804416403785,,False
E02000608,Kingston upon Thames,Outer,7,Lateral,Counter-led,0.4045561665357423,0.579155672823219,,Lateral,Symmetric,0.3022260273972603,0.694478527607362,,False
E02000609,Kingston upon Thames,Outer,7,Symmetric,Cascade-led,0.4626086956521739,0.6601941747572816,frame-sensitive inflow,Cascade-led,Cascade-led,0.3499245852187028,0.6867749419953596,inflow-driven,False
E02000610,Kingston upon Thames,Outer,7,Cascade-led,Symmetric,0.4069498069498069,0.6380208333333334,,Symmetric,Cascade-led,0.3996062992125984,0.7524590163934426,frame-sensitive inflow,False
E02000611,Kingston upon Thames,Outer,10,Lateral,Cascade-led,0.0,0.3910891089108911,outflow: internal-majority,Lateral,Cascade-led,0.0,0.6189516129032258,outflow: external-majority,False
E02000612,Kingston upon Thames,Outer,9,Lateral,Cascade-led,0.1030927835051546,0.5024630541871922,outflow: external-majority,Lateral,Cascade-led,0.0864553314121037,0.5441640378548895,outflow: external-majority,False
E02000613,Kingston upon Thames,Outer,8,Lateral,Symmetric,0.1681643132220796,0.5401234567901234,,Lateral,Cascade-led,0.1302013422818791,0.6527777777777778,outflow: external-majority,False
E02000614,Kingston upon Thames,Outer,7,Lateral,Cascade-led,0.391812865497076,0.6274038461538461,frame-sensitive inflow,Lateral,Cascade-led,0.3464285714285714,0.7504553734061931,frame-sensitive inflow,False
E02000615,Kingston upon Thames,Outer,8,Lateral,Cascade-led,0.2025316455696202,0.6031746031746031,outflow: external-majority,Lateral,Cascade-led,0.1810344827586207,0.68,outflow: external-majority,False
E02000616,Kingston upon Thames,Outer,9,Symmetric,Cascade-led,0.0266075388026607,0.5284738041002278,outflow: external-majority,Counter-led,Cascade-led,0.0401606425702811,0.694560669456067,outflow: external-majority,False
E02000617,Kingston upon Thames,Outer,7,Cascade-led,Cascade-led,0.4418604651162791,0.8138888888888889,inflow-driven,Symmetric,Cascade-led,0.3218390804597701,0.8353510895883777,frame-sensitive inflow,False
E02000619,Lambeth,Inner,2,Counter-led,Symmetric,0.9490291262135924,0.0,,Symmetric,Lateral,0.8899328859060402,0.0,,False
E02000620,Lambeth,Inner,3,Counter-led,Cascade-led,0.6574307304785895,0.0,frame-sensitive inflow,Symmetric,Counter-led,0.6004842615012107,0.0,,False
E02000621,Lambeth,Inner,3,Counter-led,Cascade-led,0.689171974522293,0.0,frame-sensitive inflow,Symmetric,Symmetric,0.6492099322799098,0.0,,False
E02000622,Lambeth,Inner,3,Symmetric,Cascade-led,0.6335250616269515,0.0,frame-sensitive inflow,Symmetric,Symmetric,0.5832705350414469,0.0,,False
E02000623,Lambeth,Inner,2,Symmetric,Lateral,0.9220588235294118,0.0,,Symmetric,Lateral,0.9249329758713136,0.0,,False
E02000624,Lambeth,Inner,2,Symmetric,Lateral,0.9520697167755992,0.0,,Symmetric,Counter-led,0.9155844155844156,0.0,,False
E02000625,Lambeth,Inner,2,Counter-led,Lateral,0.9285714285714286,0.0,,Counter-led,Lateral,0.8787564766839379,0.0,,False
E02000626,Lambeth,Inner,2,Counter-led,Lateral,0.9426470588235294,0.0,,Counter-led,Lateral,0.8890845070422535,0.0,,False
E02000627,Lambeth,Inner,3,Counter-led,Cascade-led,0.693384223918575,0.0,frame-sensitive inflow,Symmetric,Symmetric,0.6076030927835051,0.0,,False
E02000628,Lambeth,Inner,2,Counter-led,Lateral,0.9414965986394558,0.0,,Counter-led,Lateral,0.9213300892133008,0.0,,False
E02000629,Lambeth,Inner,3,Counter-led,Symmetric,0.7462277091906722,0.0,,Symmetric,Symmetric,0.6867881548974943,0.0,,False
E02000630,Lambeth,Inner,3,Symmetric,Symmetric,0.7903225806451613,0.0,,Counter-led,Counter-led,0.7726537216828478,0.0,,False
E02000631,Lambeth,Inner,4,Symmetric,Symmetric,0.4063280599500416,0.0,,Symmetric,Symmetric,0.3308144416456759,0.0,,False
E02000632,Lambeth,Inner,4,Symmetric,Cascade-led,0.5145432199918066,0.0,frame-sensitive inflow,Symmetric,Symmetric,0.513214990138067,0.0,,False
E02000633,Lambeth,Inner,2,Symmetric,Lateral,0.9655172413793104,0.0,,Counter-led,Lateral,0.922043010752688,0.0,,False
E02000634,Lambeth,Inner,2,Counter-led,Cascade-led,0.959221501390176,0.0,frame-sensitive inflow,Counter-led,Counter-led,0.9605866177818516,0.0,,False
E02000635,Lambeth,Inner,2,Counter-led,Lateral,0.944337811900192,0.0,,Counter-led,Counter-led,0.9411223551057958,0.0,,False
E02000636,Lambeth,Inner,5,Symmetric,Symmetric,0.4546099290780142,0.0,,Symmetric,Symmetric,0.4659239842726081,0.0,,False
E02000637,Lambeth,Inner,3,Cascade-led,Cascade-led,0.5933774834437087,0.0,inflow-driven,Symmetric,Counter-led,0.5859094176851186,0.0,,False
E02000638,Lambeth,Inner,2,Counter-led,Symmetric,0.9604117181314332,0.0,,Counter-led,Counter-led,0.9323254139668826,0.0,,False
E02000639,Lambeth,Inner,2,Counter-led,Lateral,0.9567496723460026,0.0,,Symmetric,Counter-led,0.9353778751369112,0.0,,False
E02000640,Lambeth,Inner,4,Cascade-led,Cascade-led,0.6116187989556136,0.0,inflow-driven,Symmetric,Counter-led,0.606166783461808,0.0,,False
E02000641,Lambeth,Inner,2,Counter-led,Lateral,0.9466019417475728,0.0,,Counter-led,Lateral,0.9380530973451328,0.0,,False
E02000642,Lambeth,Inner,4,Lateral,Counter-led,0.3567787971457696,0.0,,Lateral,Counter-led,0.3798283261802575,0.0,,False
E02000643,Lambeth,Inner,3,Symmetric,Counter-led,0.6952908587257618,0.0,,Symmetric,Counter-led,0.6742909423604757,0.0,,False
E02000644,Lambeth,Inner,3,Lateral,Counter-led,0.6613816534541337,0.0,,Lateral,Counter-led,0.6837270341207349,0.0,,False
E02000645,Lambeth,Inner,3,Lateral,Counter-led,0.6824457593688363,0.0,,Lateral,Counter-led,0.6701754385964912,0.0,,False
E02000646,Lambeth,Inner,4,Symmetric,Symmetric,0.4828070175438596,0.0,,Symmetric,Counter-led,0.3944875107665805,0.0,,False
E02000647,Lambeth,Inner,4,Lateral,Counter-led,0.4265644955300127,0.0,,Lateral,Counter-led,0.4243323442136498,0.0,,False
E02000648,Lambeth,Inner,2,Cascade-led,Lateral,0.972508591065292,0.0,,Symmetric,Counter-led,0.9467849223946784,0.0,,False
E02000649,Lambeth,Inner,2,Symmetric,Symmetric,0.9590062111801242,0.0,,Symmetric,Counter-led,0.9607046070460704,0.0,,False
E02000650,Lambeth,Inner,3,Symmetric,Lateral,0.6973451327433628,0.0,,Symmetric,Counter-led,0.6455284552845528,0.0,,False
E02000651,Lambeth,Inner,3,Lateral,Counter-led,0.7211660329531052,0.0,,Lateral,Counter-led,0.7183833116036505,0.0,,False
E02000652,Lambeth,Inner,4,Lateral,Counter-led,0.3554757630161579,0.0,,Lateral,Counter-led,0.4124087591240876,0.0,,False
E02000653,Lewisham,Inner,2,Symmetric,Symmetric,0.8719441210710128,0.0,,Symmetric,Counter-led,0.8192771084337349,0.0,,False
E02000654,Lewisham,Inner,2,Symmetric,Lateral,0.9060092449922958,0.0,,Symmetric,Lateral,0.8168389955686853,0.0,,False
E02000655,Lewisham,Inner,3,Symmetric,Cascade-led,0.5041095890410959,0.0,frame-sensitive inflow,Lateral,Counter-led,0.4914950760966876,0.0,,False
E02000657,Lewisham,Inner,3,Lateral,Cascade-led,0.5923772609819121,0.0,frame-sensitive inflow,Lateral,Symmetric,0.5552523874488404,0.0,,False
E02000658,Lewisham,Inner,3,Lateral,Lateral,0.6019417475728155,0.0,,Lateral,Lateral,0.5442260442260443,0.0,,False
E02000659,Lewisham,Inner,3,Symmetric,Counter-led,0.6653439153439153,0.0,,Symmetric,Counter-led,0.6284916201117319,0.0,,False
E02000660,Lewisham,Inner,3,Lateral,Symmetric,0.6090373280943026,0.0,,Counter-led,Counter-led,0.5200433369447454,0.0,,False
E02000661,Lewisham,Inner,4,Counter-led,Counter-led,0.5182370820668692,0.0,,Symmetric,Counter-led,0.4704918032786885,0.0,,False
E02000662,Lewisham,Inner,3,Lateral,Lateral,0.6089828269484808,0.0,,Lateral,Counter-led,0.5154826958105647,0.0,,False
E02000663,Lewisham,Inner,4,Symmetric,Counter-led,0.3191489361702128,0.0,,Counter-led,Counter-led,0.3213703099510603,0.0,,False
E02000664,Lewisham,Inner,2,Cascade-led,Symmetric,0.9128205128205128,0.0,,Symmetric,Counter-led,0.8557919621749409,0.0,,False
E02000665,Lewisham,Inner,4,Counter-led,Lateral,0.3513513513513513,0.0,,Counter-led,Counter-led,0.3094405594405594,0.0,,False
E02000666,Lewisham,Inner,4,Counter-led,Counter-led,0.3636363636363636,0.0,,Counter-led,Counter-led,0.2765567765567766,0.0,,False
E02000667,Lewisham,Inner,5,Symmetric,Symmetric,0.1924629878869448,0.0,,Counter-led,Counter-led,0.188539741219963,0.0,,False
E02000668,Lewisham,Inner,4,Counter-led,Lateral,0.3875502008032128,0.0,,Counter-led,Lateral,0.3898809523809524,0.0,,False
E02000669,Lewisham,Inner,3,Counter-led,Symmetric,0.6670560747663551,0.0,,Counter-led,Counter-led,0.5782792665726375,0.0,,False
E02000670,Lewisham,Inner,2,Symmetric,Lateral,0.9101899827288428,0.0,,Symmetric,Lateral,0.845213849287169,0.0,,False
E02000671,Lewisham,Inner,4,Symmetric,Counter-led,0.3580533024333719,0.0,,Symmetric,Counter-led,0.3567251461988304,0.0,,False
E02000672,Lewisham,Inner,2,Cascade-led,Lateral,0.9467532467532468,0.0,,Symmetric,Lateral,0.8581363004172462,0.0,,False
E02000673,Lewisham,Inner,4,Symmetric,Counter-led,0.4042838018741633,0.0,,Counter-led,Counter-led,0.4119897959183674,0.0,,False
E02000674,Lewisham,Inner,4,Counter-led,Counter-led,0.3487084870848708,0.0,,Counter-led,Counter-led,0.3126436781609195,0.0,,False
E02000675,Lewisham,Inner,4,Symmetric,Counter-led,0.3555555555555555,0.0,,Counter-led,Counter-led,0.4079822616407982,0.0,,False
E02000676,Lewisham,Inner,3,Symmetric,Counter-led,0.6415362731152204,0.0,,Counter-led,Counter-led,0.6007194244604317,0.0,,False
E02000677,Lewisham,Inner,4,Counter-led,Counter-led,0.2927350427350427,0.0,,Counter-led,Counter-led,0.3102625298329355,0.0,,False
E02000678,Lewisham,Inner,2,Lateral,Lateral,0.919093851132686,0.0,,Counter-led,Lateral,0.9122257053291536,0.0,,False
E02000679,Lewisham,Inner,3,Symmetric,Symmetric,0.6100917431192661,0.0,,Counter-led,Counter-led,0.5745098039215686,0.0,,False
E02000680,Lewisham,Inner,2,Symmetric,Symmetric,0.8996960486322189,0.0,,Symmetric,Counter-led,0.9214876033057852,0.0,,False
E02000681,Lewisham,Inner,2,Counter-led,Lateral,0.8681592039800995,0.0,,Counter-led,Lateral,0.8977272727272727,0.0,,False
E02000682,Lewisham,Inner,2,Cascade-led,Lateral,0.931372549019608,0.0,,Symmetric,Lateral,0.8516624040920716,0.0,,False
E02000683,Lewisham,Inner,2,Counter-led,Lateral,0.9404466501240696,0.0,,Counter-led,Counter-led,0.8877805486284289,0.0,,False
E02000685,Lewisham,Inner,2,Cascade-led,Cascade-led,0.9370424597364568,0.0,inflow-driven,Cascade-led,Counter-led,0.9076376554174068,0.0,,False
E02000686,Lewisham,Inner,1,Symmetric,Counter-led,1.0,0.0,,Cascade-led,Counter-led,1.0,0.0,,False
E02000687,Lewisham,Inner,3,Symmetric,Counter-led,0.568075117370892,0.0,,Symmetric,Counter-led,0.5867158671586716,0.0,,False
E02000689,Merton,Outer,10,Counter-led,Symmetric,0.0,0.29347826086956524,,Counter-led,Symmetric,0.0,0.4358974358974359,,False
E02000690,Merton,Outer,10,Lateral,Cascade-led,0.0,0.49907578558225507,outflow: internal-majority,Lateral,Cascade-led,0.0,0.49480249480249483,outflow: internal-majority,False
E02000691,Merton,Outer,8,Counter-led,Counter-led,0.2463917525773196,0.36114911080711354,,Counter-led,Cascade-led,0.2072072072072072,0.4784090909090909,outflow: internal-majority,False
E02000692,Merton,Outer,10,Lateral,Counter-led,0.0,0.3381858902575588,,Lateral,Cascade-led,0.0,0.41576354679802957,outflow: internal-majority,False
E02000693,Merton,Outer,7,Symmetric,Symmetric,0.2166427546628407,0.33882783882783885,,Counter-led,Symmetric,0.1775938892425206,0.45123839009287925,,False
E02000694,Merton,Outer,8,Counter-led,Symmetric,0.187551867219917,0.390194075587334,,Counter-led,Cascade-led,0.14,0.4827586206896552,outflow: internal-majority,False
E02000695,Merton,Outer,7,Cascade-led,Cascade-led,0.0798362333674513,0.17130144605116795,outflow: internal-majority,Symmetric,Cascade-led,0.072463768115942,0.3,outflow: internal-majority,False
E02000696,Merton,Outer,5,Symmetric,Symmetric,0.466740576496674,0.0,,Symmetric,Counter-led,0.4797297297297297,0.0,,False
E02000697,Merton,Outer,10,Lateral,Counter-led,0.0,0.33451957295373663,,Counter-led,Cascade-led,0.0,0.3804878048780488,outflow: internal-majority,False
E02000698,Merton,Outer,10,Lateral,Cascade-led,0.0,0.443620178041543,outflow: internal-majority,Lateral,Cascade-led,0.0,0.4821882951653944,outflow: internal-majority,False
E02000699,Merton,Outer,10,Lateral,Symmetric,0.0,0.3515527950310559,,Lateral,Cascade-led,0.0,0.5010683760683761,outflow: external-majority,False
E02000700,Merton,Outer,4,Symmetric,Symmetric,0.6840764331210191,0.0,,Counter-led,Counter-led,0.6067415730337079,0.0,,False
E02000701,Merton,Outer,5,Symmetric,Counter-led,0.3390357698289269,0.0,,Counter-led,Counter-led,0.3440677966101695,0.0,,False
E02000702,Merton,Outer,4,Cascade-led,Counter-led,0.5632911392405063,0.0,,Symmetric,Counter-led,0.5782178217821782,0.0,,False
E02000703,Merton,Outer,10,Lateral,Cascade-led,0.0,0.35555555555555557,outflow: internal-majority,Lateral,Cascade-led,0.0,0.41654571843251087,outflow: internal-majority,False
E02000704,Merton,Outer,7,Counter-led,Symmetric,0.4221980413492927,0.4915254237288136,,Counter-led,Cascade-led,0.3547511312217195,0.6395511921458625,frame-sensitive inflow,False
E02000705,Merton,Outer,6,Symmetric,Symmetric,0.1096153846153846,0.0,,Counter-led,Lateral,0.1367837338262477,0.0,,False
E02000706,Merton,Outer,3,Cascade-led,Symmetric,0.8715328467153285,0.0,,Symmetric,Counter-led,0.878095238095238,0.0,,False
E02000707,Merton,Outer,4,Counter-led,Counter-led,0.5988372093023255,0.0,,Cascade-led,Counter-led,0.6259351620947631,0.0,,False
E02000708,Merton,Outer,10,Lateral,Cascade-led,0.0,0.3447782546494993,outflow: internal-majority,Lateral,Cascade-led,0.0,0.4166666666666667,outflow: internal-majority,False
E02000709,Merton,Outer,10,Lateral,Cascade-led,0.0,0.4257246376811594,outflow: internal-majority,Lateral,Cascade-led,0.0,0.5,outflow: external-majority,False
E02000710,Merton,Outer,4,Symmetric,Counter-led,0.6960132890365448,0.0,,Counter-led,Counter-led,0.6283367556468172,0.0,,False
E02000711,Merton,Outer,4,Counter-led,Counter-led,0.8120567375886525,0.0,,Counter-led,Counter-led,0.7637655417406749,0.0,,False
E02000712,Merton,Outer,4,Counter-led,Counter-led,0.7231638418079096,0.0,,Counter-led,Counter-led,0.7387862796833773,0.0,,False
E02000713,Merton,Outer,9,Lateral,Cascade-led,0.1386363636363636,0.47757255936675463,outflow: internal-majority,Lateral,Cascade-led,0.1417910447761194,0.5,outflow: external-majority,False
E02000714,Newham,Inner,2,Counter-led,Lateral,0.4524714828897338,0.0,,Lateral,Lateral,0.4528735632183908,0.0,,False
E02000715,Newham,Inner,1,Lateral,Lateral,1.0,0.0,,Lateral,Lateral,1.0,0.0,,False
E02000716,Newham,Inner,1,Lateral,Lateral,1.0,0.0,,Lateral,Lateral,1.0,0.0,,False
E02000717,Newham,Inner,1,Lateral,Lateral,1.0,0.0,,Lateral,Lateral,1.0,0.0,,False
E02000718,Newham,Inner,1,Lateral,Lateral,1.0,0.0,,Lateral,Lateral,1.0,0.0,,False
E02000719,Newham,Inner,1,Lateral,Lateral,1.0,0.0,,Lateral,Lateral,1.0,0.0,,False
E02000720,Newham,Inner,2,Counter-led,Lateral,0.4377682403433476,0.0,,Cascade-led,Lateral,0.3659942363112392,0.0,,False
E02000721,Newham,Inner,2,Lateral,Lateral,0.5595075239398085,0.0,,Lateral,Lateral,0.4085027726432532,0.0,,False
E02000722,Newham,Inner,2,Lateral,Lateral,0.5017064846416383,0.0,,Lateral,Lateral,0.447334200260078,0.0,,False
E02000723,Newham,Inner,2,Lateral,Lateral,0.4660869565217391,0.0,,Lateral,Lateral,0.4353182751540041,0.0,,False
E02000724,Newham,Inner,2,Lateral,Lateral,0.4454887218045112,0.0,,Lateral,Lateral,0.416267942583732,0.0,,False
E02000725,Newham,Inner,1,Lateral,Lateral,1.0,0.0,,Lateral,Lateral,1.0,0.0,,False
E02000726,Newham,Inner,1,Lateral,Lateral,1.0,0.0,,Lateral,Lateral,1.0,0.0,,False
E02000727,Newham,Inner,2,Lateral,Lateral,0.44136460554371,0.0,,Lateral,Lateral,0.3554987212276215,0.0,,False
E02000728,Newham,Inner,3,Cascade-led,Symmetric,0.1616465863453815,0.0,,Symmetric,Counter-led,0.1741007194244604,0.0,,False
E02000729,Newham,Inner,2,Lateral,Lateral,0.430188679245283,0.0,,Lateral,Lateral,0.3829787234042553,0.0,,False
E02000730,Newham,Inner,2,Counter-led,Lateral,0.3818565400843882,0.0,,Counter-led,Lateral,0.3585313174946004,0.0,,False
E02000731,Newham,Inner,2,Lateral,Lateral,0.4138438880706921,0.0,,Lateral,Lateral,0.4343629343629344,0.0,,False
E02000732,Newham,Inner,1,Lateral,Symmetric,1.0,0.0,,Lateral,Lateral,1.0,0.0,,False
E02000733,Newham,Inner,1,Lateral,Lateral,1.0,0.0,,Lateral,Lateral,1.0,0.0,,False
E02000734,Newham,Inner,1,Lateral,Lateral,1.0,0.0,,Lateral,Lateral,1.0,0.0,,False
E02000735,Newham,Inner,1,Lateral,Lateral,1.0,0.0,,Lateral,Lateral,1.0,0.0,,False
E02000736,Newham,Inner,1,Lateral,Counter-led,1.0,0.0,,Lateral,Counter-led,1.0,0.0,,False
E02000737,Newham,Inner,2,Lateral,Lateral,0.4358490566037736,0.0,,Lateral,Lateral,0.3675799086757991,0.0,,False
E02000738,Newham,Inner,2,Counter-led,Lateral,0.4295774647887324,0.0,,Counter-led,Lateral,0.5190677966101694,0.0,,False
E02000739,Newham,Inner,2,Lateral,Lateral,0.4728971962616822,0.0,,Lateral,Lateral,0.3487903225806452,0.0,,False
E02000740,Newham,Inner,1,Lateral,Lateral,1.0,0.0,,Lateral,Lateral,1.0,0.0,,False
E02000741,Newham,Inner,2,Lateral,Lateral,0.3301343570057581,0.0,,Lateral,Lateral,0.3903966597077244,0.0,,False
E02000742,Newham,Inner,2,Lateral,Lateral,0.4863813229571984,0.0,,Lateral,Lateral,0.4436090225563909,0.0,,False
E02000743,Newham,Inner,1,Lateral,Lateral,1.0,0.0,,Lateral,Lateral,1.0,0.0,,False
E02000744,Newham,Inner,1,Lateral,Lateral,1.0,0.0,,Lateral,Lateral,1.0,0.0,,False
E02000745,Newham,Inner,2,Lateral,Lateral,0.3876739562624254,0.0,,Symmetric,Lateral,0.4863387978142076,0.0,,False
E02000746,Newham,Inner,1,Lateral,Cascade-led,1.0,0.0,frame-sensitive inflow,Lateral,Lateral,1.0,0.0,,False
E02000747,Newham,Inner,1,Lateral,Lateral,1.0,0.0,,Lateral,Lateral,1.0,0.0,,False
E02000748,Newham,Inner,2,Counter-led,Lateral,0.4825581395348837,0.0,,Symmetric,Lateral,0.4224343675417661,0.0,,False
E02000749,Newham,Inner,1,Lateral,Lateral,1.0,0.0,,Lateral,Lateral,1.0,0.0,,False
E02000750,Newham,Inner,1,Lateral,Lateral,1.0,0.0,,Lateral,Lateral,1.0,0.0,,False
E02000751,Redbridge,Outer,9,Counter-led,Symmetric,0.0111662531017369,0.4981179422835634,,Counter-led,Cascade-led,0.0009823182711198,0.5349065880039331,outflow: external-majority,False
E02000752,Redbridge,Outer,2,Counter-led,Counter-led,0.948948948948949,0.0,,Counter-led,Counter-led,0.940936863543788,0.0,,False
E02000753,Redbridge,Outer,4,Counter-led,Counter-led,0.7174603174603175,0.0,,Counter-led,Counter-led,0.7018469656992085,0.0,,False
E02000754,Redbridge,Outer,6,Counter-led,Lateral,0.2684563758389262,0.0,,Counter-led,Lateral,0.2434456928838951,0.0,,False
E02000755,Redbridge,Outer,5,Lateral,Counter-led,0.610909090909091,0.0,,Lateral,Counter-led,0.5647058823529412,0.0,,False
E02000756,Redbridge,Outer,5,Lateral,Counter-led,0.5648148148148148,0.0,,Lateral,Counter-led,0.4537695590327169,0.0,,False
E02000757,Redbridge,Outer,8,Counter-led,Counter-led,0.0330228619813717,0.436077057793345,,Counter-led,Cascade-led,0.0448113207547169,0.47983539094650207,outflow: internal-majority,False
E02000758,Redbridge,Outer,5,Lateral,Lateral,0.5275590551181102,0.0,,Lateral,Counter-led,0.5,0.0,,False
E02000759,Redbridge,Outer,5,Counter-led,Counter-led,0.6339950372208437,0.0,,Counter-led,Counter-led,0.5031367628607277,0.0,,False
E02000760,Redbridge,Outer,5,Lateral,Lateral,0.5264705882352941,0.0,,Lateral,Counter-led,0.3766233766233766,0.0,,False
E02000762,Redbridge,Outer,7,Counter-led,Cascade-led,0.0151187904967602,0.38377192982456143,outflow: internal-majority,Symmetric,Cascade-led,0.0071813285457809,0.3887884267631103,outflow: internal-majority,False
E02000763,Redbridge,Outer,5,Counter-led,Counter-led,0.4328767123287671,0.0,,Counter-led,Counter-led,0.3864168618266979,0.0,,False
E02000764,Redbridge,Outer,7,Counter-led,Counter-led,0.0935314685314685,0.420443587270974,,Counter-led,Cascade-led,0.0843949044585987,0.48,outflow: internal-majority,False
E02000765,Redbridge,Outer,6,Counter-led,Counter-led,0.1367924528301886,0.0,,Counter-led,Lateral,0.1244979919678714,0.0,,False
E02000767,Redbridge,Outer,5,Lateral,Counter-led,0.398921832884097,0.0,,Counter-led,Counter-led,0.4295302013422818,0.0,,False
E02000768,Redbridge,Outer,7,Symmetric,Cascade-led,0.0420353982300885,0.34872979214780603,outflow: internal-majority,Symmetric,Cascade-led,0.0755102040816326,0.3995584988962472,outflow: internal-majority,False
E02000769,Redbridge,Outer,5,Counter-led,Counter-led,0.3620488940628638,0.0,,Counter-led,Counter-led,0.2689655172413793,0.0,,False
E02000770,Redbridge,Outer,5,Counter-led,Counter-led,0.2713178294573643,0.0,,Counter-led,Counter-led,0.2989010989010989,0.0,,False
E02000772,Redbridge,Outer,4,Counter-led,Counter-led,0.5281090289608177,0.0,,Counter-led,Counter-led,0.4580152671755725,0.0,,False
E02000773,Redbridge,Outer,4,Counter-led,Counter-led,0.5406871609403255,0.0,,Counter-led,Counter-led,0.5955056179775281,0.0,,False
E02000774,Redbridge,Outer,4,Counter-led,Counter-led,0.4811715481171548,0.0,,Counter-led,Counter-led,0.4864253393665158,0.0,,False
E02000776,Redbridge,Outer,5,Counter-led,Counter-led,0.3036750483558994,0.0,,Counter-led,Counter-led,0.2208436724565756,0.0,,False
E02000777,Redbridge,Outer,5,Counter-led,Counter-led,0.4134078212290503,0.0,,Counter-led,Counter-led,0.3582089552238806,0.0,,False
E02000779,Redbridge,Outer,2,Counter-led,Counter-led,0.8635135135135135,0.0,,Counter-led,Counter-led,0.8072625698324022,0.0,,False
E02000780,Redbridge,Outer,3,Counter-led,Counter-led,0.6304347826086957,0.0,,Counter-led,Counter-led,0.5917808219178082,0.0,,False
E02000781,Redbridge,Outer,5,Counter-led,Counter-led,0.2315394242803504,0.0,,Counter-led,Counter-led,0.1815980629539951,0.0,,False
E02000782,Redbridge,Outer,3,Counter-led,Counter-led,0.6040061633281972,0.0,,Counter-led,Counter-led,0.606973058637084,0.0,,False
E02000783,Redbridge,Outer,3,Counter-led,Counter-led,0.5402843601895735,0.0,,Counter-led,Counter-led,0.493573264781491,0.0,,False
E02000784,Richmond upon Thames,Outer,8,Counter-led,Symmetric,0.0852803738317757,0.42017879948914433,,Symmetric,Cascade-led,0.0967741935483871,0.4696969696969697,outflow: internal-majority,False
E02000785,Richmond upon Thames,Outer,10,Lateral,Symmetric,0.0,0.359417652411283,,Lateral,Cascade-led,0.0,0.46865443425076453,outflow: internal-majority,False
E02000786,Richmond upon Thames,Outer,8,Counter-led,Symmetric,0.1401547721410146,0.534,,Counter-led,Cascade-led,0.142974527526705,0.6308724832214765,outflow: external-majority,False
E02000787,Richmond upon Thames,Outer,7,Counter-led,Symmetric,0.3760611205432937,0.6027210884353742,,Counter-led,Cascade-led,0.2751091703056768,0.6475903614457831,frame-sensitive inflow,False
E02000788,Richmond upon Thames,Outer,9,Lateral,Symmetric,0.0559662090813094,0.3870246085011186,,Lateral,Cascade-led,0.0354077253218884,0.4983314794215795,outflow: internal-majority,False
E02000789,Richmond upon Thames,Outer,8,Counter-led,Counter-led,0.2545454545454545,0.4024390243902439,,Counter-led,Symmetric,0.2304785894206549,0.5564648117839607,,False
E02000790,Richmond upon Thames,Outer,10,Lateral,Symmetric,0.0,0.3721590909090909,,Lateral,Cascade-led,0.0,0.4335483870967742,outflow: internal-majority,False
E02000791,Richmond upon Thames,Outer,9,Lateral,Counter-led,0.0840543881334981,0.3184885290148448,,Lateral,Cascade-led,0.0523446019629225,0.4361334867663982,outflow: internal-majority,False
E02000792,Richmond upon Thames,Outer,9,Lateral,Symmetric,0.1509186351706036,0.45440494590417313,,Lateral,Cascade-led,0.1115335868187579,0.5235378031383737,outflow: external-majority,False
E02000793,Richmond upon Thames,Outer,8,Symmetric,Symmetric,0.2217453505007153,0.4834558823529412,,Symmetric,Cascade-led,0.1812339331619537,0.6279434850863422,outflow: external-majority,False
E02000794,Richmond upon Thames,Outer,9,Lateral,Cascade-led,0.138268156424581,0.39384116693679094,outflow: internal-majority,Lateral,Cascade-led,0.1399711399711399,0.5587248322147651,outflow: external-majority,False
E02000795,Richmond upon Thames,Outer,8,Lateral,Cascade-led,0.2362555720653789,0.5525291828793775,outflow: external-majority,Lateral,Cascade-led,0.2472324723247232,0.6004901960784313,outflow: external-majority,False
E02000796,Richmond upon Thames,Outer,6,Symmetric,Lateral,0.59375,0.0,,Counter-led,Lateral,0.4226327944572748,0.0,,False
E02000797,Richmond upon Thames,Outer,9,Lateral,Cascade-led,0.1440677966101695,0.400990099009901,outflow: internal-majority,Lateral,Cascade-led,0.0926517571884984,0.5164319248826291,outflow: external-majority,False
E02000798,Richmond upon Thames,Outer,8,Lateral,Cascade-led,0.3813786929274843,0.5369030390738061,frame-sensitive inflow,Lateral,Cascade-led,0.2779552715654952,0.6253687315634219,frame-sensitive inflow,False
E02000799,Richmond upon Thames,Outer,10,Lateral,Counter-led,0.0,0.27813852813852813,,Lateral,Counter-led,0.0,0.4186046511627907,,False
E02000800,Richmond upon Thames,Outer,5,Cascade-led,Counter-led,0.8377659574468085,0.0,,Cascade-led,Counter-led,0.8380681818181818,0.0,,False
E02000801,Richmond upon Thames,Outer,10,Lateral,Symmetric,0.0,0.3825065274151436,,Lateral,Cascade-led,0.0,0.5119047619047619,outflow: external-majority,False
E02000802,Richmond upon Thames,Outer,9,Lateral,Cascade-led,0.1716068642745709,0.4934086629001883,outflow: internal-majority,Lateral,Cascade-led,0.1316146540027137,0.6203125,outflow: external-majority,False
E02000803,Richmond upon Thames,Outer,6,Cascade-led,Lateral,0.759349593495935,0.0,,Cascade-led,Lateral,0.7297872340425532,0.0,,False
E02000804,Richmond upon Thames,Outer,9,Lateral,Symmetric,0.1712328767123287,0.49586776859504134,,Lateral,Cascade-led,0.1362530413625304,0.6084507042253521,outflow: external-majority,False
E02000805,Richmond upon Thames,Outer,8,Lateral,Symmetric,0.3086529884032114,0.5780645161290323,,Lateral,Cascade-led,0.2381355932203389,0.6674082313681868,outflow: external-majority,False
E02000806,Richmond upon Thames,Outer,9,Lateral,Cascade-led,0.1048292108362779,0.5605263157894737,outflow: external-majority,Lateral,Cascade-led,0.088335220838052,0.6546583850931676,outflow: external-majority,False
E02000807,Southwark,Inner,6,Symmetric,Lateral,0.0870466321243523,0.0,,Symmetric,Lateral,0.0626678603401969,0.0,,False
E02000808,Southwark,Inner,4,Cascade-led,Cascade-led,0.5229540918163673,0.0,inflow-driven,Cascade-led,Cascade-led,0.5190651906519065,0.0,inflow-driven,True
E02000809,Southwark,Inner,3,Symmetric,Cascade-led,0.691975012013455,0.0,frame-sensitive inflow,Counter-led,Counter-led,0.6413206603301651,0.0,,False
E02000810,Southwark,Inner,2,Cascade-led,Lateral,0.9292828685258964,0.0,,Symmetric,Counter-led,0.885972850678733,0.0,,False
E02000812,Southwark,Inner,3,Cascade-led,Cascade-led,0.6197110423116615,0.0,inflow-driven,Symmetric,Symmetric,0.5792525773195877,0.0,,False
E02000813,Southwark,Inner,3,Symmetric,Symmetric,0.6058763931104356,0.0,,Counter-led,Counter-led,0.5425790754257908,0.0,,False
E02000814,Southwark,Inner,4,Symmetric,Cascade-led,0.5263504611330698,0.0,frame-sensitive inflow,Counter-led,Counter-led,0.4338235294117647,0.0,,False
E02000815,Southwark,Inner,5,Cascade-led,Cascade-led,0.4012833168805528,0.0,inflow-driven,Cascade-led,Cascade-led,0.3119479311947931,0.0,inflow-driven,True
E02000816,Southwark,Inner,2,Counter-led,Lateral,0.9132176234979972,0.0,,Symmetric,Lateral,0.8309232480533927,0.0,,False
E02000817,Southwark,Inner,2,Lateral,Lateral,0.9184100418410042,0.0,,Symmetric,Lateral,0.8727598566308243,0.0,,False
E02000818,Southwark,Inner,2,Lateral,Lateral,0.9161603888213852,0.0,,Symmetric,Lateral,0.8894557823129252,0.0,,False
E02000819,Southwark,Inner,2,Lateral,Lateral,0.8723958333333334,0.0,,Lateral,Lateral,0.8209677419354838,0.0,,False
E02000820,Southwark,Inner,3,Cascade-led,Cascade-led,0.5848042977743668,0.0,inflow-driven,Cascade-led,Symmetric,0.5365853658536586,0.0,,False
E02000821,Southwark,Inner,2,Lateral,Lateral,0.8786407766990292,0.0,,Lateral,Lateral,0.7779783393501805,0.0,,False
E02000822,Southwark,Inner,2,Lateral,Lateral,0.872093023255814,0.0,,Lateral,Lateral,0.8094262295081968,0.0,,False
E02000823,Southwark,Inner,2,Symmetric,Lateral,0.8822751322751323,0.0,,Symmetric,Lateral,0.868421052631579,0.0,,False
E02000824,Southwark,Inner,2,Lateral,Lateral,0.8705673758865248,0.0,,Lateral,Lateral,0.7777777777777778,0.0,,False
E02000825,Southwark,Inner,2,Lateral,Lateral,0.8871224165341812,0.0,,Lateral,Lateral,0.8823529411764706,0.0,,False
E02000826,Southwark,Inner,3,Symmetric,Symmetric,0.4752475247524752,0.0,,Cascade-led,Symmetric,0.5018621973929237,0.0,,False
E02000827,Southwark,Inner,2,Symmetric,Lateral,0.9021134593993326,0.0,,Counter-led,Lateral,0.8692403486924035,0.0,,False
E02000828,Southwark,Inner,2,Lateral,Lateral,0.8380386329866271,0.0,,Lateral,Lateral,0.8366394399066511,0.0,,False
E02000829,Southwark,Inner,1,Lateral,Symmetric,1.0,0.0,,Lateral,Counter-led,1.0,0.0,,False
E02000830,Southwark,Inner,3,Symmetric,Symmetric,0.6278026905829597,0.0,,Symmetric,Counter-led,0.5586080586080586,0.0,,False
E02000831,Southwark,Inner,3,Cascade-led,Cascade-led,0.5915371329879102,0.0,inflow-driven,Symmetric,Counter-led,0.533271719038817,0.0,,False
E02000832,Southwark,Inner,2,Cascade-led,Lateral,0.8706800445930881,0.0,,Counter-led,Counter-led,0.8755129958960328,0.0,,False
E02000833,Southwark,Inner,4,Cascade-led,Cascade-led,0.3991701244813278,0.0,inflow-driven,Symmetric,Counter-led,0.3069444444444444,0.0,,False
E02000834,Southwark,Inner,4,Symmetric,Symmetric,0.4780130293159609,0.0,,Counter-led,Counter-led,0.3946808510638298,0.0,,False
E02000835,Southwark,Inner,3,Counter-led,Counter-led,0.6914728682170542,0.0,,Symmetric,Counter-led,0.585820895522388,0.0,,False
E02000836,Southwark,Inner,5,Cascade-led,Cascade-led,0.3,0.0,inflow-driven,Counter-led,Counter-led,0.2776497695852534,0.0,,False
E02000837,Southwark,Inner,7,Symmetric,Cascade-led,0.0235849056603773,0.34299516908212563,outflow: internal-majority,Symmetric,Cascade-led,0.0269266480965645,0.38740458015267176,outflow: internal-majority,False
E02000838,Southwark,Inner,4,Symmetric,Counter-led,0.4765306122448979,0.0,,Cascade-led,Counter-led,0.3720930232558139,0.0,,False
E02000839,Southwark,Inner,4,Counter-led,Counter-led,0.4496453900709219,0.0,,Counter-led,Counter-led,0.4654895666131621,0.0,,False
E02000840,Sutton,Outer,3,Cascade-led,Symmetric,0.9503239740820736,0.0,,Cascade-led,Counter-led,0.9698795180722892,0.0,,False
E02000841,Sutton,Outer,3,Cascade-led,Counter-led,0.9790874524714828,0.0,,Symmetric,Counter-led,0.9299781181619255,0.0,,False
E02000842,Sutton,Outer,7,Symmetric,Cascade-led,0.2930648769574944,0.5506329113924051,frame-sensitive inflow,Counter-led,Cascade-led,0.2512479201331115,0.6177777777777778,frame-sensitive inflow,False
E02000843,Sutton,Outer,5,Counter-led,Counter-led,0.6762452107279694,0.0,,Counter-led,Counter-led,0.7113095238095238,0.0,,False
E02000844,Sutton,Outer,5,Counter-led,Counter-led,0.7219626168224299,0.0,,Counter-led,Counter-led,0.6174142480211082,0.0,,False
E02000845,Sutton,Outer,8,Counter-led,Cascade-led,0.2083862770012706,0.6468699839486356,outflow: external-majority,Symmetric,Cascade-led,0.2098623853211009,0.5994194484760522,outflow: external-majority,False
E02000846,Sutton,Outer,7,Counter-led,Cascade-led,0.1825902335456475,0.4597402597402597,outflow: internal-majority,Counter-led,Cascade-led,0.1729323308270676,0.6454545454545455,outflow: external-majority,False
E02000847,Sutton,Outer,9,Lateral,Symmetric,0.1117216117216117,0.48041237113402063,,Lateral,Cascade-led,0.0859259259259259,0.6742301458670988,outflow: external-majority,False
E02000848,Sutton,Outer,9,Lateral,Cascade-led,0.1080508474576271,0.46080760095011875,outflow: internal-majority,Lateral,Cascade-led,0.0766721044045677,0.549469964664311,outflow: external-majority,False
E02000849,Sutton,Outer,6,Counter-led,Lateral,0.5186915887850467,0.0,,Counter-led,Lateral,0.4878048780487805,0.0,,False
E02000850,Sutton,Outer,7,Counter-led,Cascade-led,0.1064162754303599,0.4308231173380035,outflow: internal-majority,Counter-led,Cascade-led,0.0817307692307692,0.5916230366492147,outflow: external-majority,False
E02000851,Sutton,Outer,4,Symmetric,Symmetric,0.8407572383073497,0.0,,Symmetric,Counter-led,0.7882562277580071,0.0,,False
E02000852,Sutton,Outer,8,Counter-led,Cascade-led,0.103875968992248,0.42387543252595156,outflow: internal-majority,Lateral,Cascade-led,0.0701001430615164,0.43846153846153846,outflow: internal-majority,False
E02000853,Sutton,Outer,7,Symmetric,Cascade-led,0.2536496350364963,0.5965770171149144,frame-sensitive inflow,Symmetric,Cascade-led,0.2197802197802197,0.5855130784708249,outflow: external-majority,False
E02000854,Sutton,Outer,8,Counter-led,Cascade-led,0.0892857142857142,0.4950980392156863,outflow: internal-majority,Counter-led,Cascade-led,0.0923623445825932,0.5225048923679061,outflow: external-majority,False
E02000855,Sutton,Outer,10,Lateral,Cascade-led,0.0,0.45805369127516776,outflow: internal-majority,Lateral,Cascade-led,0.0,0.5500794912559619,outflow: external-majority,False
E02000856,Sutton,Outer,7,Lateral,Cascade-led,0.1690140845070422,0.4312617702448211,outflow: internal-majority,Counter-led,Cascade-led,0.1647361647361647,0.5469953775038521,outflow: external-majority,False
E02000857,Sutton,Outer,7,Symmetric,Symmetric,0.2785862785862786,0.4884726224783862,,Counter-led,Symmetric,0.2138084632516703,0.6218130311614731,,False
E02000858,Sutton,Outer,3,Symmetric,Counter-led,0.9225181598062954,0.0,,Symmetric,Counter-led,0.9041450777202072,0.0,,False
E02000859,Sutton,Outer,7,Counter-led,Symmetric,0.2112932604735883,0.5473441108545035,,Counter-led,Cascade-led,0.14375,0.5547445255474452,outflow: external-majority,False
E02000860,Sutton,Outer,5,Counter-led,Counter-led,0.8039647577092511,0.0,,Counter-led,Counter-led,0.7669270833333334,0.0,,False
E02000861,Sutton,Outer,10,Cascade-led,Cascade-led,0.0,0.42542372881355933,outflow: internal-majority,Counter-led,Cascade-led,0.0,0.49079754601226994,outflow: internal-majority,False
E02000863,Sutton,Outer,7,Symmetric,Cascade-led,0.1334951456310679,0.5294117647058824,outflow: external-majority,Lateral,Cascade-led,0.1621621621621621,0.7344913151364765,outflow: external-majority,False
E02000864,Tower Hamlets,Inner,1,Lateral,Lateral,1.0,0.0,,Lateral,Lateral,1.0,0.0,,False
E02000865,Tower Hamlets,Inner,1,Lateral,Lateral,1.0,0.0,,Lateral,Lateral,1.0,0.0,,False
E02000866,Tower Hamlets,Inner,2,Counter-led,Symmetric,0.643879173290938,0.0,,Counter-led,Lateral,0.589873417721519,0.0,,False
E02000867,Tower Hamlets,Inner,3,Counter-led,Symmetric,0.4205278592375366,0.0,,Counter-led,Counter-led,0.3192735793790275,0.0,,False
E02000868,Tower Hamlets,Inner,2,Symmetric,Cascade-led,0.6172450052576236,0.0,frame-sensitive inflow,Counter-led,Lateral,0.5805038335158818,0.0,,False
E02000869,Tower Hamlets,Inner,1,Lateral,Lateral,1.0,0.0,,Lateral,Lateral,1.0,0.0,,False
E02000870,Tower Hamlets,Inner,2,Symmetric,Cascade-led,0.6154873164218959,0.0,frame-sensitive inflow,Symmetric,Lateral,0.5758865248226951,0.0,,False
E02000871,Tower Hamlets,Inner,1,Lateral,Lateral,1.0,0.0,,Lateral,Lateral,1.0,0.0,,False
E02000872,Tower Hamlets,Inner,1,Lateral,Lateral,1.0,0.0,,Lateral,Lateral,1.0,0.0,,False
E02000873,Tower Hamlets,Inner,3,Cascade-led,Cascade-led,0.4872813990461049,0.0,inflow-driven,Cascade-led,Cascade-led,0.4536996012405848,0.0,inflow-driven,True
E02000874,Tower Hamlets,Inner,2,Cascade-led,Cascade-led,0.5490909090909091,0.0,inflow-driven,Cascade-led,Lateral,0.4617768595041322,0.0,,False
E02000875,Tower Hamlets,Inner,1,Lateral,Lateral,1.0,0.0,,Lateral,Lateral,1.0,0.0,,False
E02000876,Tower Hamlets,Inner,1,Lateral,Lateral,1.0,0.0,,Lateral,Lateral,1.0,0.0,,False
E02000877,Tower Hamlets,Inner,1,Lateral,Lateral,1.0,0.0,,Lateral,Lateral,1.0,0.0,,False
E02000878,Tower Hamlets,Inner,1,Lateral,Lateral,1.0,0.0,,Lateral,Lateral,1.0,0.0,,False
E02000879,Tower Hamlets,Inner,2,Symmetric,Cascade-led,0.594088669950739,0.0,frame-sensitive inflow,Lateral,Lateral,0.5172413793103449,0.0,,False
E02000880,Tower Hamlets,Inner,2,Cascade-led,Cascade-led,0.5555555555555556,0.0,inflow-driven,Lateral,Lateral,0.4963805584281282,0.0,,False
E02000881,Tower Hamlets,Inner,1,Lateral,Lateral,1.0,0.0,,Lateral,Lateral,1.0,0.0,,False
E02000882,Tower Hamlets,Inner,1,Lateral,Lateral,1.0,0.0,,Lateral,Lateral,1.0,0.0,,False
E02000883,Tower Hamlets,Inner,1,Lateral,Lateral,1.0,0.0,,Lateral,Lateral,1.0,0.0,,False
E02000884,Tower Hamlets,Inner,1,Lateral,Cascade-led,1.0,0.0,frame-sensitive inflow,Lateral,Lateral,1.0,0.0,,False
E02000885,Tower Hamlets,Inner,1,Lateral,Lateral,1.0,0.0,,Lateral,Lateral,1.0,0.0,,False
E02000886,Tower Hamlets,Inner,2,Symmetric,Symmetric,0.6161616161616161,0.0,,Counter-led,Counter-led,0.6153846153846154,0.0,,False
E02000887,Tower Hamlets,Inner,1,Lateral,Lateral,1.0,0.0,,Lateral,Lateral,1.0,0.0,,False
E02000888,Tower Hamlets,Inner,1,Lateral,Symmetric,1.0,0.0,,Lateral,Lateral,1.0,0.0,,False
E02000889,Tower Hamlets,Inner,2,Counter-led,Symmetric,0.6575829383886256,0.0,,Counter-led,Counter-led,0.7031630170316302,0.0,,False
E02000890,Tower Hamlets,Inner,6,Symmetric,Lateral,0.122257053291536,0.0,,Counter-led,Lateral,0.1122599704579025,0.0,,False
E02000891,Tower Hamlets,Inner,1,Counter-led,Cascade-led,1.0,0.0,frame-sensitive inflow,Cascade-led,Lateral,1.0,0.0,,False
E02000893,Tower Hamlets,Inner,3,Counter-led,Counter-led,0.5148514851485149,0.0,,Counter-led,Counter-led,0.4669867947178872,0.0,,False
E02000894,Tower Hamlets,Inner,4,Symmetric,Symmetric,0.4658421672555948,0.0,,Counter-led,Counter-led,0.3122878479293958,0.0,,False
E02000895,Waltham Forest,Outer,3,Counter-led,Counter-led,0.6148148148148148,0.0,,Counter-led,Counter-led,0.5942857142857143,0.0,,False
E02000896,Waltham Forest,Outer,5,Cascade-led,Symmetric,0.2869249394673123,0.0,,Counter-led,Counter-led,0.4495798319327731,0.0,,False
E02000897,Waltham Forest,Outer,2,Counter-led,Counter-led,0.8908554572271387,0.0,,Symmetric,Counter-led,0.8588235294117647,0.0,,False
E02000898,Waltham Forest,Outer,3,Counter-led,Counter-led,0.6149253731343284,0.0,,Counter-led,Counter-led,0.6610644257703081,0.0,,False
E02000899,Waltham Forest,Outer,4,Counter-led,Counter-led,0.25,0.0,,Counter-led,Counter-led,0.326975476839237,0.0,,False
E02000900,Waltham Forest,Outer,2,Lateral,Counter-led,0.8361111111111111,0.0,,Lateral,Counter-led,0.7515151515151515,0.0,,False
E02000901,Waltham Forest,Outer,4,Counter-led,Counter-led,0.4262672811059907,0.0,,Counter-led,Counter-led,0.3603411513859275,0.0,,False
E02000902,Waltham Forest,Outer,3,Lateral,Counter-led,0.3595284872298624,0.0,,Lateral,Counter-led,0.369140625,0.0,,False
E02000903,Waltham Forest,Outer,1,Symmetric,Counter-led,1.0,0.0,,Cascade-led,Counter-led,1.0,0.0,,False
E02000904,Waltham Forest,Outer,3,Cascade-led,Counter-led,0.2160664819944598,0.0,,Counter-led,Counter-led,0.3405088062622309,0.0,,False
E02000905,Waltham Forest,Outer,2,Lateral,Lateral,0.6545166402535658,0.0,,Lateral,Lateral,0.6721311475409836,0.0,,False
E02000906,Waltham Forest,Outer,2,Lateral,Lateral,0.648936170212766,0.0,,Lateral,Lateral,0.5836298932384342,0.0,,False
E02000907,Waltham Forest,Outer,1,Symmetric,Symmetric,1.0,0.0,,Symmetric,Counter-led,1.0,0.0,,False
E02000908,Waltham Forest,Outer,2,Lateral,Lateral,0.7084432717678101,0.0,,Lateral,Lateral,0.7339606501283148,0.0,,False
E02000909,Waltham Forest,Outer,3,Counter-led,Counter-led,0.34185733512786,0.0,,Symmetric,Counter-led,0.3399209486166007,0.0,,False
E02000910,Waltham Forest,Outer,2,Lateral,Lateral,0.5407166123778502,0.0,,Lateral,Lateral,0.6181592039800995,0.0,,False
E02000911,Waltham Forest,Outer,1,Counter-led,Counter-led,1.0,0.0,,Counter-led,Counter-led,1.0,0.0,,False
E02000912,Waltham Forest,Outer,2,Counter-led,Lateral,0.5048169556840078,0.0,,Counter-led,Lateral,0.5786026200873362,0.0,,False
E02000913,Waltham Forest,Outer,2,Lateral,Lateral,0.6121323529411765,0.0,,Lateral,Lateral,0.5826972010178118,0.0,,False
E02000914,Waltham Forest,Outer,1,Counter-led,Counter-led,1.0,0.0,,Symmetric,Counter-led,1.0,0.0,,False
E02000915,Waltham Forest,Outer,2,Lateral,Lateral,0.788563829787234,0.0,,Lateral,Lateral,0.6418181818181818,0.0,,False
E02000916,Waltham Forest,Outer,2,Counter-led,Lateral,0.5459459459459459,0.0,,Symmetric,Lateral,0.5718562874251497,0.0,,False
E02000917,Waltham Forest,Outer,2,Lateral,Lateral,0.5795981452859351,0.0,,Lateral,Lateral,0.5542570951585977,0.0,,False
E02000918,Waltham Forest,Outer,2,Counter-led,Lateral,0.6780415430267063,0.0,,Symmetric,Lateral,0.6062091503267973,0.0,,False
E02000919,Waltham Forest,Outer,2,Lateral,Lateral,0.6112852664576802,0.0,,Lateral,Lateral,0.5672333848531684,0.0,,False
E02000920,Waltham Forest,Outer,2,Counter-led,Lateral,0.5872093023255814,0.0,,Counter-led,Lateral,0.5562805872756933,0.0,,False
E02000921,Waltham Forest,Outer,1,Lateral,Counter-led,1.0,0.0,,Counter-led,Counter-led,1.0,0.0,,False
E02000922,Waltham Forest,Outer,2,Cascade-led,Lateral,0.7206959706959707,0.0,,Lateral,Lateral,0.5591098748261474,0.0,,False
E02000923,Wandsworth,Inner,6,Cascade-led,Lateral,0.227069351230425,0.0,,Symmetric,Lateral,0.171578947368421,0.0,,False
E02000924,Wandsworth,Inner,2,Symmetric,Cascade-led,0.9584799437016186,0.0,frame-sensitive inflow,Cascade-led,Cascade-led,0.9595959595959596,0.0,inflow-driven,False
E02000925,Wandsworth,Inner,2,Symmetric,Symmetric,0.9747675962815404,0.0,,Symmetric,Counter-led,0.9470124013528748,0.0,,False
E02000926,Wandsworth,Inner,4,Counter-led,Symmetric,0.6976401179941003,0.0,,Counter-led,Counter-led,0.6555491661874641,0.0,,False
E02000927,Wandsworth,Inner,3,Symmetric,Cascade-led,0.768102658111824,0.0,frame-sensitive inflow,Symmetric,Counter-led,0.7203703703703703,0.0,,False
E02000928,Wandsworth,Inner,8,Counter-led,Symmetric,0.0383211678832116,0.325426944971537,,Counter-led,Cascade-led,0.036231884057971,0.45413533834586467,outflow: internal-majority,False
E02000929,Wandsworth,Inner,2,Symmetric,Symmetric,0.9549180327868853,0.0,,Counter-led,Counter-led,0.9611111111111112,0.0,,False
E02000930,Wandsworth,Inner,5,Symmetric,Cascade-led,0.55908203125,0.0,frame-sensitive inflow,Symmetric,Symmetric,0.5233446519524618,0.0,,False
E02000931,Wandsworth,Inner,7,Cascade-led,Symmetric,0.0845942228335625,0.2997746055597295,,Symmetric,Symmetric,0.0649425287356321,0.3693915181315304,,False
E02000932,Wandsworth,Inner,7,Counter-led,Counter-led,0.1632540121748754,0.33201058201058203,,Counter-led,Symmetric,0.1426275612695861,0.4095595126522962,,False
E02000933,Wandsworth,Inner,7,Counter-led,Symmetric,0.1937086092715231,0.3788501026694045,,Counter-led,Cascade-led,0.1683673469387755,0.4504820333041192,outflow: internal-majority,False
E02000934,Wandsworth,Inner,5,Symmetric,Symmetric,0.6225728155339806,0.0,,Symmetric,Counter-led,0.544611819235226,0.0,,False
E02000935,Wandsworth,Inner,2,Lateral,Cascade-led,0.9761248852157944,0.0,frame-sensitive inflow,Lateral,Symmetric,0.9775678866587958,0.0,,False
E02000936,Wandsworth,Inner,6,Counter-led,Lateral,0.4106463878326996,0.0,,Symmetric,Lateral,0.414614773629865,0.0,,False
E02000937,Wandsworth,Inner,7,Symmetric,Symmetric,0.1189683860232945,0.3597733711048159,,Counter-led,Cascade-led,0.0865159781761496,0.431740614334471,outflow: internal-majority,False
E02000938,Wandsworth,Inner,3,Symmetric,Symmetric,0.7973799126637554,0.0,,Counter-led,Counter-led,0.7628062360801782,0.0,,False
E02000939,Wandsworth,Inner,8,Symmetric,Symmetric,0.0188834154351395,0.29372384937238494,,Cascade-led,Cascade-led,0.0217209690893901,0.3287788215200683,outflow: internal-majority,False
E02000940,Wandsworth,Inner,4,Symmetric,Symmetric,0.75,0.0,,Counter-led,Counter-led,0.7194492254733219,0.0,,False
E02000941,Wandsworth,Inner,6,Symmetric,Lateral,0.2544987146529563,0.0,,Symmetric,Lateral,0.2863894139886578,0.0,,False
E02000942,Wandsworth,Inner,8,Counter-led,Symmetric,0.0670391061452514,0.3515825491873396,,Counter-led,Cascade-led,0.0482485128883013,0.4444444444444444,outflow: internal-majority,False
E02000943,Wandsworth,Inner,6,Symmetric,Lateral,0.1787564766839378,0.0,,Symmetric,Lateral,0.161925601750547,0.0,,False
E02000944,Wandsworth,Inner,3,Symmetric,Symmetric,0.8748495788206979,0.0,,Counter-led,Counter-led,0.8222849083215797,0.0,,False
E02000945,Wandsworth,Inner,2,Lateral,Cascade-led,0.9820585457979226,0.0,frame-sensitive inflow,Counter-led,Counter-led,0.9557046979865772,0.0,,False
E02000946,Wandsworth,Inner,4,Counter-led,Symmetric,0.8371407516580692,0.0,,Counter-led,Counter-led,0.7726161369193154,0.0,,False
E02000947,Wandsworth,Inner,8,Counter-led,Symmetric,0.0862354892205638,0.3666061705989111,,Counter-led,Cascade-led,0.0520231213872832,0.4823848238482385,outflow: internal-majority,False
E02000948,Wandsworth,Inner,5,Symmetric,Symmetric,0.527047913446677,0.0,,Symmetric,Counter-led,0.4952025586353945,0.0,,False
E02000949,Wandsworth,Inner,6,Cascade-led,Lateral,0.2266129032258064,0.0,,Symmetric,Lateral,0.2104391052195526,0.0,,False
E02000950,Wandsworth,Inner,6,Counter-led,Lateral,0.4446022727272727,0.0,,Symmetric,Lateral,0.4083333333333333,0.0,,False
E02000951,Wandsworth,Inner,4,Symmetric,Symmetric,0.6611208406304728,0.0,,Cascade-led,Symmetric,0.661864406779661,0.0,,False
E02000952,Wandsworth,Inner,4,Cascade-led,Symmetric,0.6835081029551954,0.0,,Symmetric,Symmetric,0.6216216216216216,0.0,,False
E02000953,Wandsworth,Inner,5,Cascade-led,Cascade-led,0.6263736263736264,0.0,inflow-driven,Symmetric,Counter-led,0.5873715124816447,0.0,,False
E02000954,Wandsworth,Inner,5,Counter-led,Symmetric,0.4636150234741784,0.0,,Symmetric,Counter-led,0.3893048128342246,0.0,,False
E02000955,Wandsworth,Inner,3,Counter-led,Counter-led,0.8571428571428571,0.0,,Symmetric,Counter-led,0.7940119760479042,0.0,,False
E02000956,Wandsworth,Inner,3,Cascade-led,Cascade-led,0.8945216680294358,0.0,inflow-driven,Symmetric,Counter-led,0.8125,0.0,,False
E02000957,Wandsworth,Inner,3,Cascade-led,Cascade-led,0.8642857142857143,0.0,inflow-driven,Counter-led,Counter-led,0.8014134275618374,0.0,,False
E02000958,Wandsworth,Inner,5,Symmetric,Cascade-led,0.3991507430997877,0.0,frame-sensitive inflow,Symmetric,Counter-led,0.4137529137529137,0.0,,False
E02000959,Wandsworth,Inner,3,Symmetric,Counter-led,0.796373779637378,0.0,,Cascade-led,Counter-led,0.7574316290130797,0.0,,False
E02000960,Westminster,Inner,7,Cascade-led,Cascade-led,0.0659340659340659,0.2065359477124183,outflow: internal-majority,Symmetric,Symmetric,0.059445178335535,0.20646067415730338,,False
E02000961,Westminster,Inner,5,Counter-led,Counter-led,0.5449101796407185,0.0,,Counter-led,Counter-led,0.5375874125874126,0.0,,False
E02000962,Westminster,Inner,6,Symmetric,Lateral,0.2437810945273631,0.0,,Symmetric,Lateral,0.2326431181485992,0.0,,False
E02000963,Westminster,Inner,1,Lateral,Lateral,1.0,0.0,,Lateral,Counter-led,1.0,0.0,,False
E02000964,Westminster,Inner,1,Lateral,Symmetric,1.0,0.0,,Symmetric,Counter-led,1.0,0.0,,False
E02000965,Westminster,Inner,5,Symmetric,Symmetric,0.4985443959243086,0.0,,Cascade-led,Symmetric,0.4660596026490066,0.0,,False
E02000966,Westminster,Inner,6,Symmetric,Lateral,0.1759530791788856,0.0,,Symmetric,Lateral,0.1788008565310492,0.0,,False
E02000967,Westminster,Inner,7,Cascade-led,Symmetric,0.060523938572719,0.16923076923076924,,Cascade-led,Cascade-led,0.0461828463713477,0.1857707509881423,outflow: internal-majority,False
E02000968,Westminster,Inner,1,Counter-led,Counter-led,1.0,0.0,,Counter-led,Counter-led,1.0,0.0,,False
E02000969,Westminster,Inner,1,Lateral,Counter-led,1.0,0.0,,Lateral,Counter-led,1.0,0.0,,False
E02000970,Westminster,Inner,7,Cascade-led,Cascade-led,0.0599041533546325,0.21325403568394222,outflow: internal-majority,Cascade-led,Cascade-led,0.0924805531547104,0.22952380952380952,outflow: internal-majority,False
E02000971,Westminster,Inner,6,Cascade-led,Cascade-led,0.2207171314741035,0.0,outflow: internal-majority,Counter-led,Counter-led,0.2014585232452142,0.0,,False
E02000972,Westminster,Inner,4,Cascade-led,Cascade-led,0.7005813953488372,0.0,inflow-driven,Counter-led,Counter-led,0.6174242424242424,0.0,,False
E02000973,Westminster,Inner,4,Symmetric,Symmetric,0.6194205168363351,0.0,,Symmetric,Symmetric,0.6352583586626139,0.0,,False
E02000974,Westminster,Inner,5,Cascade-led,Cascade-led,0.48,0.0,inflow-driven,Counter-led,Symmetric,0.5395458104933438,0.0,,False
E02000975,Westminster,Inner,5,Cascade-led,Cascade-led,0.4487267721954576,0.0,inflow-driven,Symmetric,Symmetric,0.4160475482912333,0.0,,False
E02000976,Westminster,Inner,4,Symmetric,Symmetric,0.6128417037507946,0.0,,Counter-led,Counter-led,0.6288973384030419,0.0,,False
E02000977,Westminster,Inner,5,Symmetric,Symmetric,0.53012912482066,0.0,,Counter-led,Symmetric,0.540885860306644,0.0,,False
E02000978,Westminster,Inner,8,Cascade-led,Cascade-led,0.0195331110052405,0.15792031098153547,outflow: internal-majority,Cascade-led,Cascade-led,0.0277777777777777,0.22428571428571428,outflow: internal-majority,False
E02000979,Westminster,Inner,4,Symmetric,Symmetric,0.7183098591549296,0.0,,Counter-led,Counter-led,0.6563786008230452,0.0,,False
E02000980,Westminster,Inner,4,Symmetric,Cascade-led,0.6822709163346613,0.0,frame-sensitive inflow,Symmetric,Counter-led,0.6192560175054704,0.0,,False
E02000981,Westminster,Inner,5,Cascade-led,Cascade-led,0.5016035920461834,0.0,inflow-driven,Symmetric,Counter-led,0.4469578783151326,0.0,,False
E02000982,Westminster,Inner,4,Lateral,Cascade-led,0.7024608501118568,0.0,frame-sensitive inflow,Symmetric,Counter-led,0.6511976047904192,0.0,,False
E02000983,Westminster,Inner,4,Symmetric,Cascade-led,0.7250726040658277,0.0,frame-sensitive inflow,Symmetric,Counter-led,0.5235223160434258,0.0,,False
E02006782,Bromley,Outer,5,Counter-led,Counter-led,0.5187793427230047,0.0,,Counter-led,Counter-led,0.54627539503386,0.0,,False
E02006783,Lewisham,Inner,2,Counter-led,Lateral,0.9358108108108107,0.0,,Cascade-led,Lateral,0.8806682577565632,0.0,,False
E02006784,Lewisham,Inner,2,Symmetric,Lateral,0.9490084985835694,0.0,,Counter-led,Lateral,0.9296187683284456,0.0,,False
E02006785,Bexley,Outer,6,Counter-led,Lateral,0.4757709251101321,0.0,,Counter-led,Lateral,0.5039370078740157,0.0,,False
E02006786,Greenwich,Inner,2,Counter-led,Counter-led,0.5898058252427184,0.0,,Counter-led,Counter-led,0.7546728971962616,0.0,,False
E02006787,Bromley,Outer,9,Counter-led,Symmetric,0.0660194174757281,0.30561330561330563,,Counter-led,Cascade-led,0.0607082630691399,0.42190305206463197,outflow: internal-majority,False
E02006788,Croydon,Outer,4,Counter-led,Counter-led,0.3846153846153846,0.0,,Counter-led,Counter-led,0.4487179487179487,0.0,,False
E02006789,Bromley,Outer,7,Symmetric,Cascade-led,0.3942857142857143,0.6918238993710691,frame-sensitive inflow,Cascade-led,Cascade-led,0.3164794007490636,0.7808219178082192,inflow-driven,False
E02006791,Ealing,Outer,6,Symmetric,Lateral,0.3463611859838275,0.0,,Counter-led,Lateral,0.2720970537261698,0.0,,False
E02006792,Hounslow,Outer,6,Symmetric,Lateral,0.2732997481108312,0.0,,Symmetric,Lateral,0.3361144219308701,0.0,,False
E02006793,Enfield,Outer,1,Lateral,Lateral,1.0,0.0,,Lateral,Counter-led,1.0,0.0,,False
E02006794,Haringey,Inner,1,Lateral,Lateral,1.0,0.0,,Lateral,Lateral,1.0,0.0,,False
E02006795,Harrow,Outer,8,Symmetric,Cascade-led,0.0675287356321839,0.288135593220339,outflow: internal-majority,Symmetric,Cascade-led,0.0564826700898587,0.4095238095238095,outflow: internal-majority,False
E02006796,Hillingdon,Outer,6,Counter-led,Lateral,0.46875,0.0,,Counter-led,Lateral,0.4064837905236907,0.0,,False
E02006798,Lewisham,Inner,2,Counter-led,Symmetric,0.8794489092996556,0.0,,Counter-led,Lateral,0.8143036386449184,0.0,,False
E02006799,Barking and Dagenham,Outer,2,Counter-led,Counter-led,0.8419047619047619,0.0,,Symmetric,Counter-led,0.819327731092437,0.0,,False
E02006800,Redbridge,Outer,4,Counter-led,Counter-led,0.4562162162162162,0.0,,Symmetric,Counter-led,0.4388560157790927,0.0,,False
E02006801,Lambeth,Inner,4,Symmetric,Cascade-led,0.520702634880803,0.0,frame-sensitive inflow,Symmetric,Cascade-led,0.5332157554379776,0.0,frame-sensitive inflow,False
E02006802,Southwark,Inner,2,Symmetric,Cascade-led,0.911849710982659,0.0,frame-sensitive inflow,Symmetric,Symmetric,0.8919687277896233,0.0,,False
E02006836,Sutton,Outer,10,Lateral,Cascade-led,0.0,0.514978601997147,outflow: external-majority,Lateral,Symmetric,0.0,0.5668604651162791,,False
E02006853,Tower Hamlets,Inner,2,Cascade-led,Cascade-led,0.8291845493562232,0.0,inflow-driven,Symmetric,Symmetric,0.6833756345177665,0.0,,False
E02006854,Tower Hamlets,Inner,8,Counter-led,Counter-led,0.0128956623681125,0.21496437054631828,,Counter-led,Counter-led,0.0129136400322841,0.20605069501226492,,False
E02006882,Harrow,Outer,7,Cascade-led,Cascade-led,0.0742320819112627,0.3161290322580645,outflow: internal-majority,Cascade-led,Cascade-led,0.0745697896749522,0.3884297520661157,outflow: internal-majority,False
E02006918,Hackney,Inner,1,Lateral,Lateral,1.0,0.0,,Lateral,Lateral,1.0,0.0,,False
E02006921,Hackney,Inner,1,Lateral,Lateral,1.0,0.0,,Lateral,Lateral,1.0,0.0,,False
E02006924,Redbridge,Outer,6,Counter-led,Counter-led,0.1088435374149659,0.0,,Counter-led,Lateral,0.076662908680947,0.0,,False
E02006925,Redbridge,Outer,7,Counter-led,Symmetric,0.0248027057497181,0.38497109826589593,,Counter-led,Cascade-led,0.0219123505976095,0.40325865580448067,outflow: internal-majority,False
E02006927,Greenwich,Inner,4,Cascade-led,Cascade-led,0.2262626262626262,0.0,outflow: internal-majority,Counter-led,Counter-led,0.4696969696969697,0.0,,False
E02006928,Greenwich,Inner,1,Counter-led,Cascade-led,1.0,0.0,frame-sensitive inflow,Symmetric,Symmetric,1.0,0.0,,False
E02006929,Greenwich,Inner,2,Symmetric,Symmetric,0.8740808823529411,0.0,,Counter-led,Counter-led,0.8276041666666667,0.0,,False
E02006930,Greenwich,Inner,4,Cascade-led,Cascade-led,0.440084835630965,0.0,inflow-driven,Counter-led,Counter-led,0.4282964388835418,0.0,,False
E02006931,Greenwich,Inner,4,Counter-led,Counter-led,0.4713774597495527,0.0,,Counter-led,Counter-led,0.4013875123885034,0.0,,False
