msoa11cd,ladnm,Wealth_Decile,IMD_Pctile_Change,Typology_11,Cascade_Dominance_11,Cross_Decile_Share_11,Sign_Concordance_11,Typology_21,Cascade_Dominance_21,Cross_Decile_Share_21,Sign_Concordance_21
E02000001,City of London,9,-0.1668362156663275,Cascade-led,0.5599173553719008,0.9373789541639768,concordant,Counter-led,0.4452316076294278,0.9235027679919476,concordant
E02000002,Barking and Dagenham,1,0.0,Cascade-led,0.5909631391200951,0.8616803278688525,concordant,Cascade-led,0.53125,0.8544726301735648,concordant
E02000003,Barking and Dagenham,5,-0.1068158697863682,Counter-led,0.4603174603174603,0.9402985074626866,concordant,Counter-led,0.4159631619339984,0.9517896274653032,concordant
E02000004,Barking and Dagenham,6,-0.1495422177009155,Counter-led,0.3839150227617602,0.937411095305832,concordant,Counter-led,0.3338129496402878,0.9391891891891893,concordant
E02000005,Barking and Dagenham,4,-0.103763987792472,Counter-led,0.4589235127478753,0.8944256756756757,concordant,Counter-led,0.4239543726235741,0.8900169204737732,divergent
E02000007,Barking and Dagenham,2,-0.0671414038657171,Cascade-led,0.5503062117235346,0.7931991672449688,concordant,Counter-led,0.436308926780341,0.819227608874281,concordant
E02000008,Barking and Dagenham,3,-0.1200406917599186,Counter-led,0.4707581227436823,0.8491722869405273,divergent,Counter-led,0.3895297249334516,0.8609625668449198,divergent
E02000009,Barking and Dagenham,4,-0.288911495422177,Symmetric,0.5099085365853658,0.8961748633879781,concordant,Counter-led,0.4305435720448662,0.8793626707132018,concordant
E02000010,Barking and Dagenham,3,-0.1414038657171922,Counter-led,0.4406280667320902,0.8498748957464554,concordant,Counter-led,0.4355029585798816,0.8596134282807731,divergent
E02000011,Barking and Dagenham,5,-0.1169888097660223,Counter-led,0.3303670745272525,0.9563829787234044,concordant,Counter-led,0.4314516129032258,0.8996372430471584,concordant
E02000012,Barking and Dagenham,7,-0.096642929806714,Counter-led,0.4385499557913351,0.9440734557595992,concordant,Symmetric,0.4894795127353267,0.9280575539568344,concordant
E02000013,Barking and Dagenham,2,-0.1230925737538148,Lateral,0.4353348729792148,0.7780772686433064,concordant,Symmetric,0.515451174289246,0.7915851272015656,concordant
E02000014,Barking and Dagenham,2,-0.1393692777212614,Counter-led,0.4709931170108161,0.79453125,concordant,Counter-led,0.3892694063926941,0.8126159554730983,concordant
E02000015,Barking and Dagenham,1,-0.0488301119023397,Cascade-led,0.5257452574525745,0.8744075829383886,concordant,Symmetric,0.5147679324894515,0.830607476635514,concordant
E02000016,Barking and Dagenham,2,-0.0447609359104781,Counter-led,0.4562926224426534,0.8125944584382871,concordant,Symmetric,0.4809437386569873,0.8314889336016097,concordant
E02000017,Barking and Dagenham,5,-0.1546286876907426,Counter-led,0.4537554314090627,0.9526907155529272,concordant,Counter-led,0.4771615008156606,0.9540856031128404,concordant
E02000018,Barking and Dagenham,2,-0.1302136317395727,Counter-led,0.4417836498761354,0.7838187702265372,concordant,Counter-led,0.4292878635907723,0.8239669421487603,concordant
E02000019,Barking and Dagenham,3,-0.1230925737538148,Counter-led,0.4423828125,0.9014084507042254,divergent,Counter-led,0.4066736183524504,0.8464254192409533,divergent
E02000020,Barking and Dagenham,4,-0.2004069175991861,Symmetric,0.4814253222137983,0.9096551724137932,concordant,Counter-led,0.4550430023455825,0.9129193433261956,concordant
E02000021,Barking and Dagenham,4,-0.2014242115971516,Counter-led,0.4088522130532633,0.9012846517917512,concordant,Counter-led,0.4578189300411522,0.9126760563380282,concordant
E02000022,Barking and Dagenham,1,0.0233977619532044,Symmetric,0.509639564124057,0.8354341736694678,concordant,Counter-led,0.40177690029615,0.8434637801831807,concordant
E02000023,Barking and Dagenham,1,-0.0264496439471007,Counter-led,0.4736842105263157,0.8160597572362278,concordant,Symmetric,0.5068664169787765,0.8066465256797583,concordant
E02000024,Barnet,10,-0.0295015259409969,Counter-led,0.4273504273504273,0.9069767441860463,concordant,Counter-led,0.4408703878902554,0.9231441048034934,concordant
E02000025,Barnet,8,-0.0579857578840284,Lateral,0.4471365638766519,0.7740835464620631,concordant,Lateral,0.4296205630354957,0.776615969581749,divergent
E02000026,Barnet,10,-0.0701932858596134,Counter-led,0.4155528554070474,0.8965141612200436,concordant,Counter-led,0.3836805555555556,0.8767123287671232,concordant
E02000027,Barnet,6,-0.1485249237029501,Symmetric,0.4801512287334593,0.9338040600176524,concordant,Cascade-led,0.5284450063211125,0.9284037558685446,concordant
E02000028,Barnet,9,-0.0284842319430315,Counter-led,0.4550691244239631,0.8948453608247423,concordant,Cascade-led,0.5432900432900433,0.9067713444553483,concordant
E02000029,Barnet,8,-0.1241098677517802,Counter-led,0.4528301886792453,0.8236208236208237,concordant,Lateral,0.4461538461538462,0.7681818181818182,concordant
E02000030,Barnet,9,-0.0640895218718209,Counter-led,0.4667381974248927,0.8218694885361552,concordant,Counter-led,0.4743935309973046,0.8171806167400881,concordant
E02000031,Barnet,10,0.0101729399796541,Counter-led,0.4289911851126347,0.9099821746880572,concordant,Counter-led,0.4148706896551724,0.928,concordant
E02000032,Barnet,10,-0.0264496439471008,Symmetric,0.5050377833753149,0.8725274725274725,concordant,Symmetric,0.5068285280728376,0.8569570871261378,concordant
E02000033,Barnet,7,-0.0437436419125126,Counter-led,0.4773584905660377,0.8922558922558923,concordant,Symmetric,0.5024390243902439,0.8640674394099052,concordant
E02000034,Barnet,8,0.0152594099694811,Lateral,0.4522019334049409,0.6770909090909091,concordant,Lateral,0.4845474613686534,0.722488038277512,concordant
E02000035,Barnet,8,-0.0305188199389623,Lateral,0.4943917169974116,0.7284726587052168,concordant,Lateral,0.4475587703435805,0.7422818791946308,concordant
E02000036,Barnet,8,-0.056968463886063,Counter-led,0.4564102564102564,0.8008213552361396,concordant,Lateral,0.4377990430622009,0.7676767676767676,concordant
E02000037,Barnet,8,0.0874872838250254,Symmetric,0.4837728194726166,0.7875399361022364,concordant,Lateral,0.4845360824742268,0.7285407725321889,concordant
E02000038,Barnet,8,-0.064089521871821,Lateral,0.4673366834170854,0.7637061403508771,concordant,Counter-led,0.433456561922366,0.7840579710144927,concordant
E02000039,Barnet,9,-0.0335707019328586,Lateral,0.5263852242744064,0.782249742002064,concordant,Counter-led,0.4115853658536585,0.787515006002401,concordant
E02000040,Barnet,7,0.0172939979654119,Cascade-led,0.523102310231023,0.8924889543446245,concordant,Counter-led,0.4662756598240469,0.899736147757256,divergent
E02000041,Barnet,7,-0.098677517802645,Symmetric,0.5008130081300813,0.9037472446730346,divergent,Cascade-led,0.5254942767950052,0.8527062999112689,divergent
E02000042,Barnet,8,-0.0233977619532045,Lateral,0.4660514172709294,0.7065673032137867,concordant,Lateral,0.4100358422939068,0.7254290171606864,concordant
E02000043,Barnet,10,0.005086469989827,Symmetric,0.4939130434782608,0.9244372990353698,concordant,Symmetric,0.490566037735849,0.9434554973821988,concordant
E02000044,Barnet,6,-0.1464903357070193,Symmetric,0.4896373056994819,0.8846447669977082,concordant,Counter-led,0.4438073394495412,0.9386437029063508,concordant
E02000045,Barnet,6,-0.0345879959308239,Symmetric,0.501358695652174,0.9097651421508036,concordant,Counter-led,0.4361538461538461,0.9084556254367576,concordant
E02000046,Barnet,8,0.0101729399796541,Lateral,0.5045567522783762,0.7404907975460123,concordant,Symmetric,0.4873140857392826,0.7959610027855153,concordant
E02000047,Barnet,5,-0.1068158697863682,Counter-led,0.4562289562289562,0.8936810431293881,concordant,Counter-led,0.4539116963594113,0.8372243839169909,concordant
E02000048,Barnet,9,-0.0600203458799593,Symmetric,0.483265306122449,0.7923673997412678,concordant,Symmetric,0.5004651162790698,0.7998511904761905,concordant
E02000049,Barnet,2,-0.1251271617497457,Counter-led,0.4045174537987679,0.9720558882235528,concordant,Symmetric,0.4832793959007551,0.956656346749226,concordant
E02000050,Barnet,6,0.0050864699898269,Symmetric,0.5078787878787879,0.8909287257019438,concordant,Counter-led,0.4671201814058957,0.9356435643564356,concordant
E02000051,Barnet,9,0.0437436419125126,Symmetric,0.5181818181818182,0.7947019867549668,concordant,Cascade-led,0.5333333333333333,0.8295380611581002,concordant
E02000052,Barnet,8,0.0803662258392675,Counter-led,0.4625074985002999,0.8376884422110553,concordant,Cascade-led,0.5449927431059507,0.8537794299876085,concordant
E02000053,Barnet,6,-0.0773143438453712,Counter-led,0.4776815456362425,0.8865918487891317,divergent,Lateral,0.5,0.0,zero
E02000054,Barnet,8,-0.108850457782299,Counter-led,0.4770867430441898,0.8262339418526031,concordant,Cascade-led,0.5356849876948319,0.8441828254847645,concordant
E02000055,Barnet,7,0.0193285859613427,Symmetric,0.4841457643161382,0.9271610355419044,concordant,Symmetric,0.4819444444444444,0.9045226130653268,divergent
E02000056,Barnet,10,0.0010172939979654,Symmetric,0.4875912408759124,0.9695682944090588,concordant,Symmetric,0.488390712570056,0.9556235654169856,concordant
E02000057,Barnet,8,0.0010172939979654,Counter-led,0.4732758620689655,0.8256227758007118,concordant,Cascade-led,0.5363321799307958,0.8316546762589928,concordant
E02000058,Barnet,9,-0.0335707019328586,Lateral,0.5017717930545712,0.7371995820271683,concordant,Lateral,0.5034129692832765,0.6959619952494062,concordant
E02000059,Barnet,5,-0.0203458799593082,Counter-led,0.4693539480949751,0.8938795656465943,concordant,Counter-led,0.4406876790830945,0.8617283950617284,concordant
E02000060,Barnet,9,-0.1271617497456765,Lateral,0.5023664638269101,0.7549770290964778,concordant,Lateral,0.5403225806451613,0.7256176853055917,concordant
E02000061,Barnet,9,-0.1098677517802645,Lateral,0.4849296718017414,0.7528996469994957,concordant,Symmetric,0.4915254237288136,0.7934373318988703,concordant
E02000062,Barnet,4,-0.2441505595116989,Cascade-led,0.5354609929078015,0.871042471042471,concordant,Counter-led,0.3942583732057416,0.8461538461538461,concordant
E02000063,Barnet,7,-0.143438453713123,Symmetric,0.4980299448384555,0.9103299856527975,concordant,Symmetric,0.5170777988614801,0.8739635157545605,concordant
E02000064,Barnet,6,-0.0783316378433366,Symmetric,0.5190661478599222,0.9185132237312366,concordant,Symmetric,0.4812286689419795,0.9036237471087124,concordant
E02000065,Bexley,6,-0.010172939979654,Counter-led,0.4537337662337662,0.9506172839506172,concordant,Symmetric,0.4849578820697954,0.9486301369863014,concordant
E02000066,Bexley,4,-0.0528992878942014,Counter-led,0.4335778321108394,0.8335597826086957,concordant,Symmetric,0.4875816993464052,0.8481152993348116,concordant
E02000067,Bexley,5,-0.0762970498474059,Counter-led,0.4017027863777089,0.9743589743589745,divergent,Counter-led,0.4628237259816207,0.9622186495176848,divergent
E02000068,Bexley,4,-0.1139369277721261,Counter-led,0.4621026894865526,0.8051181102362205,concordant,Counter-led,0.4395348837209302,0.8472906403940886,concordant
E02000069,Bexley,7,-0.0437436419125126,Counter-led,0.4613180515759312,0.9900709219858156,concordant,Counter-led,0.4198645598194131,0.9800884955752212,concordant
E02000070,Bexley,8,-0.0376398779247202,Counter-led,0.3940677966101695,0.9042145593869731,concordant,Counter-led,0.4147540983606557,0.8815028901734104,concordant
E02000071,Bexley,8,-0.0946083418107832,Counter-led,0.4578313253012048,0.8634590377113134,concordant,Symmetric,0.4851485148514851,0.8846715328467153,concordant
E02000072,Bexley,3,-0.0956256358087487,Counter-led,0.4626278520849725,0.9414814814814816,concordant,Symmetric,0.5113043478260869,0.9098101265822784,concordant
E02000073,Bexley,10,-0.0132248219735503,Counter-led,0.4085173501577287,0.8180645161290323,concordant,Counter-led,0.4320785597381342,0.8190348525469169,concordant
E02000074,Bexley,4,-0.1302136317395727,Symmetric,0.4874651810584958,0.8692493946731235,concordant,Counter-led,0.4638447971781305,0.8696319018404908,concordant
E02000075,Bexley,10,-0.0111902339776195,Lateral,0.4418604651162791,0.7724550898203593,concordant,Counter-led,0.4673267326732673,0.8015873015873016,concordant
E02000077,Bexley,8,0.0061037639877925,Counter-led,0.4483925549915397,0.8323943661971831,divergent,Counter-led,0.3418439716312056,0.88125,concordant
E02000078,Bexley,9,-0.0183112919633774,Counter-led,0.4224719101123595,0.8725490196078431,concordant,Counter-led,0.4358490566037736,0.8548387096774194,concordant
E02000079,Bexley,9,-0.0427263479145473,Counter-led,0.4168591224018476,0.8616915422885573,concordant,Counter-led,0.3920398009950249,0.8648881239242685,concordant
E02000080,Bexley,9,-0.034587995930824,Counter-led,0.4518430439952438,0.8871308016877637,concordant,Counter-led,0.4612352168199737,0.8647727272727272,concordant
E02000081,Bexley,8,-0.108850457782299,Counter-led,0.4104729729729729,0.8680351906158358,divergent,Counter-led,0.4234620886981402,0.9019354838709678,divergent
E02000082,Bexley,10,-0.0040691759918616,Counter-led,0.4759535655058043,0.8061497326203209,concordant,Counter-led,0.3973509933774834,0.8569807037457434,concordant
E02000083,Bexley,6,-0.0935910478128179,Symmetric,0.50480109739369,0.943078913324709,divergent,Counter-led,0.4610630407911001,0.9396051103368176,divergent
E02000084,Bexley,10,-0.0335707019328584,Lateral,0.4654919236417034,0.75,concordant,Lateral,0.3975741239892183,0.7761506276150628,concordant
E02000085,Bexley,9,-0.0417090539165818,Counter-led,0.4486404833836858,0.8112745098039216,concordant,Counter-led,0.4621212121212121,0.7951807228915663,concordant
E02000086,Bexley,10,-0.0264496439471007,Lateral,0.4375,0.7272727272727273,concordant,Lateral,0.4781818181818182,0.7801418439716312,concordant
E02000087,Bexley,10,-0.0356052899287894,Lateral,0.4407484407484408,0.7321156773211568,concordant,Lateral,0.3970893970893971,0.7125925925925926,concordant
E02000088,Bexley,10,-0.0091556459816887,Symmetric,0.4911971830985915,0.7867036011080333,concordant,Lateral,0.4333996023856858,0.7258297258297258,concordant
E02000089,Bexley,10,-0.0264496439471007,Lateral,0.4612612612612612,0.7581967213114754,concordant,Lateral,0.3590814196242171,0.7750809061488673,concordant
E02000090,Bexley,9,-0.0284842319430316,Counter-led,0.441207075962539,0.7870597870597871,concordant,Lateral,0.4293893129770992,0.7683284457478006,concordant
E02000091,Bexley,9,-0.0467955239064089,Lateral,0.4647122692725298,0.7824978759558199,concordant,Lateral,0.4216494845360825,0.7753796962430056,concordant
E02000092,Bexley,4,-0.1536113936927772,Cascade-led,0.5236294896030246,0.8787375415282392,concordant,Cascade-led,0.5632411067193676,0.9284403669724772,concordant
E02000093,Brent,6,-0.0030518819938962,Counter-led,0.4442687747035573,0.8444592790387183,divergent,Counter-led,0.45841519318926,0.9132775119617224,divergent
E02000094,Brent,5,0.0651068158697864,Lateral,0.4375667022411953,0.7636511817440913,concordant,Lateral,0.4135746606334841,0.7809187279151943,concordant
E02000095,Brent,5,0.1139369277721261,Counter-led,0.4792792792792792,0.8026030368763557,concordant,Counter-led,0.4399649430324276,0.817921146953405,concordant
E02000096,Brent,8,0.069175991861648,Symmetric,0.4974146845915201,0.8314703353396389,concordant,Counter-led,0.4437689969604863,0.7927710843373494,concordant
E02000097,Brent,6,0.0376398779247202,Symmetric,0.4985700667302192,0.8521527213647441,concordant,Counter-led,0.4321110009910803,0.8843120070113936,concordant
E02000098,Brent,5,-0.0284842319430315,Counter-led,0.4130794701986754,0.8354080221300139,concordant,Counter-led,0.4135188866799205,0.8245901639344262,concordant
E02000099,Brent,6,0.0620549338758901,Counter-led,0.4752851711026616,0.8386479591836735,concordant,Counter-led,0.408675799086758,0.863905325443787,concordant
E02000100,Brent,8,0.0732451678535096,Cascade-led,0.5932642487046632,0.8853211009174312,concordant,Cascade-led,0.5947098976109215,0.8759342301943199,concordant
E02000101,Brent,2,0.1241098677517802,Counter-led,0.4780553679945982,0.9769129287598944,concordant,Counter-led,0.4654907975460122,0.9616519174041298,concordant
E02000102,Brent,3,-0.091556459816887,Counter-led,0.4452173913043478,0.8493353028064993,concordant,Counter-led,0.380281690140845,0.8782112274024738,concordant
E02000103,Brent,4,-0.103763987792472,Counter-led,0.4708423326133909,0.8949742268041238,concordant,Counter-led,0.4296636085626911,0.8444157520981278,divergent
E02000104,Brent,6,-0.1373346897253306,Counter-led,0.4783484390735146,0.8159408381265407,concordant,Counter-led,0.4205298013245033,0.8475210477081384,concordant
E02000105,Brent,5,0.0284842319430315,Lateral,0.4708056171470806,0.7083769633507854,concordant,Lateral,0.5341400172860847,0.7557152188112345,concordant
E02000106,Brent,3,-0.1709053916581892,Counter-led,0.4403066812705367,0.8920371275036639,concordant,Counter-led,0.4073684210526316,0.9077878643096036,concordant
E02000107,Brent,4,0.0132248219735504,Symmetric,0.4986238532110091,0.8002936857562408,concordant,Counter-led,0.4759005580923389,0.8091133004926109,concordant
E02000108,Brent,5,0.0722278738555441,Lateral,0.4867967853042479,0.6648854961832061,concordant,Lateral,0.4943253467843632,0.7383612662942272,concordant
E02000109,Brent,6,-0.0630722278738555,Counter-led,0.3864042933810375,0.8835616438356164,concordant,Lateral,0.5,0.0,zero
E02000110,Brent,5,0.0600203458799593,Counter-led,0.4708680142687277,0.9146275149537793,concordant,Symmetric,0.491869918699187,0.9174214171550348,concordant
E02000111,Brent,5,0.0203458799593082,Lateral,0.3958677685950413,0.6950028719126938,concordant,Lateral,0.4146341463414634,0.5684969495285636,concordant
E02000112,Brent,5,-0.0457782299084435,Lateral,0.4576023391812865,0.7257294429708223,divergent,Lateral,0.4136828644501278,0.6954201867496665,divergent
E02000113,Brent,1,-0.017293997965412,Lateral,0.5138888888888888,0.7659574468085106,concordant,Counter-led,0.4137587238285145,0.85,concordant
E02000114,Brent,4,0.0681586978636826,Symmetric,0.5113576333861596,0.8072494669509594,concordant,Symmetric,0.5014464802314368,0.8383185125303153,concordant
E02000115,Brent,4,0.0305188199389623,Symmetric,0.4873864783047427,0.8132950348789495,concordant,Lateral,0.4495176848874598,0.7775,concordant
E02000116,Brent,1,0.0030518819938962,Symmetric,0.5181538461538462,0.8675920982381207,concordant,Counter-led,0.4781167108753316,0.854875283446712,concordant
E02000117,Brent,1,-0.0376398779247202,Cascade-led,0.5331870543060888,0.8215412347904462,concordant,Counter-led,0.4190897597977244,0.8339483394833949,concordant
E02000118,Brent,5,0.0081383519837233,Lateral,0.4568138195777351,0.7050067658998647,concordant,Lateral,0.4347417840375587,0.6598513011152416,concordant
E02000119,Brent,1,-0.0010172939979654,Lateral,0.5518358531317494,0.7602627257799671,concordant,Cascade-led,0.553469387755102,0.8017015706806283,concordant
E02000120,Brent,3,0.0793489318413021,Symmetric,0.5030172413793104,0.8985282726568552,concordant,Counter-led,0.4747953468332615,0.8996124031007752,concordant
E02000121,Brent,6,-0.0864699898270599,Symmetric,0.4916241806263656,0.921476510067114,concordant,Counter-led,0.4767518009168304,0.9322344322344324,concordant
E02000122,Brent,6,0.0325534079348931,Symmetric,0.5007032348804501,0.9057324840764333,concordant,Symmetric,0.4929577464788732,0.9250814332247556,concordant
E02000123,Brent,2,-0.0447609359104781,Symmetric,0.5042971147943524,0.9416184971098266,concordant,Counter-led,0.4333090379008746,0.9397260273972604,concordant
E02000124,Brent,4,0.1322482197355035,Symmetric,0.4956837800999545,0.8875,concordant,Counter-led,0.4663185378590078,0.8915270018621974,concordant
E02000125,Brent,5,0.1169888097660223,Symmetric,0.4900243309002433,0.9117125110913932,concordant,Cascade-led,0.5293775450843514,0.9071240105540898,concordant
E02000126,Brent,1,0.0386571719226856,Cascade-led,0.5330948121645797,0.86,concordant,Counter-led,0.3929889298892989,0.8488645262333594,concordant
E02000127,Bromley,4,-0.1302136317395727,Counter-led,0.4736842105263157,0.9341527655838456,concordant,Counter-led,0.4707233065442021,0.9044652128764278,concordant
E02000128,Bromley,8,0.0152594099694812,Symmetric,0.4911242603550296,0.8970276008492569,concordant,Counter-led,0.3994490358126721,0.9295774647887324,divergent
E02000130,Bromley,7,-0.0152594099694811,Counter-led,0.3820047355958958,0.894774011299435,concordant,Counter-led,0.3809523809523809,0.9173947577442416,concordant
E02000131,Bromley,4,0.0610376398779247,Symmetric,0.4833333333333333,0.8811748998664887,concordant,Symmetric,0.487027027027027,0.8822126847877921,concordant
E02000132,Bromley,8,-0.0427263479145472,Counter-led,0.4108723135271808,0.8808463251670379,divergent,Counter-led,0.412357286769644,0.8948317307692307,concordant
E02000133,Bromley,10,0.0071210579857579,Lateral,0.4316479400749063,0.7700072098053352,concordant,Counter-led,0.4365781710914454,0.7939110070257611,concordant
E02000134,Bromley,8,-0.0376398779247202,Counter-led,0.4148067501360915,0.9031465093411996,divergent,Counter-led,0.4456824512534819,0.9172202350536536,concordant
E02000135,Bromley,2,-0.051881993896236,Symmetric,0.5028213166144201,0.9219653179190752,concordant,Symmetric,0.5,0.9072031148604802,concordant
E02000136,Bromley,7,-0.0935910478128179,Counter-led,0.4552980132450331,0.945226917057903,concordant,Symmetric,0.4849498327759197,0.934375,concordant
E02000137,Bromley,9,0.0467955239064089,Counter-led,0.4262295081967213,0.9249431387414708,concordant,Counter-led,0.4529356943150046,0.897907949790795,concordant
E02000138,Bromley,10,0.0152594099694811,Lateral,0.4134897360703812,0.7489019033674963,concordant,Lateral,0.4544544544544545,0.7756211180124224,concordant
E02000139,Bromley,8,0.0101729399796541,Counter-led,0.3586497890295358,0.8419182948490231,concordant,Counter-led,0.3985655737704918,0.8729874776386404,concordant
E02000140,Bromley,2,-0.1108850457782299,Cascade-led,0.5533869115958668,0.91395592864638,concordant,Cascade-led,0.573049645390071,0.933774834437086,concordant
E02000141,Bromley,7,0.0010172939979654,Counter-led,0.4089521871820956,0.895264116575592,concordant,Counter-led,0.4251734390485629,0.942110177404295,concordant
E02000142,Bromley,10,-0.0071210579857579,Lateral,0.5043196544276458,0.7234375,concordant,Lateral,0.4300518134715025,0.7283018867924528,concordant
E02000144,Bromley,10,0.0172939979654119,Lateral,0.4517374517374517,0.7311220889202541,concordant,Lateral,0.4294117647058823,0.7460815047021944,concordant
E02000145,Bromley,3,-0.0935910478128179,Cascade-led,0.5337904015670911,0.9444958371877892,concordant,Counter-led,0.4665841584158416,0.9234285714285714,concordant
E02000146,Bromley,9,-0.0233977619532044,Counter-led,0.4270134228187919,0.946031746031746,concordant,Counter-led,0.4358974358974359,0.9262899262899262,divergent
E02000147,Bromley,10,-0.0010172939979654,Lateral,0.4344422700587084,0.6105137395459976,concordant,Lateral,0.4676524953789279,0.629802095459837,concordant
E02000148,Bromley,10,-0.0183112919633774,Lateral,0.4476190476190476,0.6461538461538462,concordant,Lateral,0.4394904458598726,0.6865889212827988,concordant
E02000149,Bromley,6,-0.1047812817904373,Counter-led,0.450070323488045,0.903430749682338,concordant,Counter-led,0.4496350364963503,0.9133333333333332,concordant
E02000150,Bromley,9,-0.0213631739572736,Counter-led,0.4781553398058252,0.9125138427464008,concordant,Counter-led,0.4645962732919255,0.9085778781038376,concordant
E02000151,Bromley,10,0.0040691759918616,Lateral,0.4691075514874142,0.6398243045387995,concordant,Lateral,0.4240963855421686,0.6494522691705791,concordant
E02000152,Bromley,6,-0.138351983723296,Counter-led,0.4630969609261939,0.8881748071979434,concordant,Counter-led,0.459727385377943,0.9584323040380048,concordant
E02000153,Bromley,10,-0.0101729399796541,Lateral,0.3744292237442922,0.6169014084507042,concordant,Lateral,0.3860589812332439,0.5883280757097792,concordant
E02000154,Bromley,9,-0.0579857578840284,Symmetric,0.4907908992416034,0.9156746031746033,concordant,Symmetric,0.4832214765100671,0.917864476386037,concordant
E02000155,Bromley,8,-0.0742624618514751,Counter-led,0.4476190476190476,0.930576070901034,concordant,Counter-led,0.4329896907216495,0.925068119891008,divergent
E02000156,Bromley,10,0.005086469989827,Lateral,0.4761904761904761,0.6633416458852868,concordant,Lateral,0.4401496259351621,0.6688907422852377,concordant
E02000157,Bromley,10,-0.0010172939979653,Lateral,0.4590570719602977,0.62,concordant,Lateral,0.4008016032064128,0.6798365122615804,concordant
E02000158,Bromley,6,0.0142421159715157,Symmetric,0.5044843049327354,0.9359916054564532,divergent,Symmetric,0.5033557046979866,0.9327073552425664,concordant
E02000159,Bromley,10,-0.0132248219735503,Lateral,0.5066666666666667,0.6774193548387096,concordant,Lateral,0.4701492537313433,0.6146788990825688,concordant
E02000160,Bromley,10,-0.022380467955239,Lateral,0.4392712550607287,0.5951807228915663,concordant,Lateral,0.320754716981132,0.618978102189781,concordant
E02000161,Bromley,10,-0.0040691759918616,Lateral,0.4750430292598967,0.7217391304347827,concordant,Lateral,0.3840445269016697,0.6662546353522868,concordant
E02000162,Bromley,9,-0.0742624618514751,Cascade-led,0.5255102040816326,0.8936170212765957,divergent,Counter-led,0.4726962457337884,0.8905775075987842,divergent
E02000163,Bromley,10,-0.0233977619532045,Lateral,0.3696098562628336,0.7312312312312312,concordant,Lateral,0.4050343249427917,0.6733436055469953,concordant
E02000165,Bromley,10,-0.0193285859613429,Lateral,0.4216589861751152,0.7614035087719299,concordant,Lateral,0.4106280193236715,0.7596330275229358,concordant
E02000166,Camden,6,-0.0345879959308239,Symmetric,0.4953031596925704,0.8745332337565347,concordant,Counter-led,0.4737354085603112,0.8877374784110535,concordant
E02000167,Camden,9,0.0773143438453712,Symmetric,0.5019186492709132,0.7988963825873697,concordant,Lateral,0.4777292576419214,0.7757452574525745,concordant
E02000168,Camden,6,0.1515768056968464,Symmetric,0.4899095337508699,0.8693284936479129,concordant,Symmetric,0.5091031692515172,0.892835641180012,concordant
E02000169,Camden,9,0.1200406917599186,Cascade-led,0.5857826384142174,0.8078409718387631,concordant,Counter-led,0.47002606429192,0.7976437976437977,concordant
E02000170,Camden,8,0.0386571719226856,Symmetric,0.5158045977011494,0.9117903930131004,concordant,Symmetric,0.495911214953271,0.8748083801737353,concordant
E02000171,Camden,7,0.0752797558494405,Symmetric,0.5036351619299405,0.9164142943670502,concordant,Symmetric,0.5018315018315018,0.911214953271028,concordant
E02000172,Camden,2,0.0366225839267548,Counter-led,0.4663355408388521,0.8757854035766071,concordant,Counter-led,0.4646153846153846,0.8923668314113125,concordant
E02000173,Camden,8,0.1800610376398779,Symmetric,0.5044692737430168,0.8972431077694235,concordant,Symmetric,0.4803571428571428,0.858456821665815,concordant
E02000174,Camden,4,0.1342828077314344,Symmetric,0.5182108626198083,0.8787198203256598,concordant,Symmetric,0.5148452305748579,0.8858421936205931,concordant
E02000175,Camden,6,0.1353001017293998,Symmetric,0.5174418604651163,0.8944,divergent,Symmetric,0.4879310344827586,0.8923076923076924,zero
E02000176,Camden,9,0.121057985757884,Symmetric,0.5015360983102919,0.8520942408376964,concordant,Cascade-led,0.5233281493001555,0.8567621585609594,concordant
E02000177,Camden,3,0.0437436419125127,Symmetric,0.5094562647754137,0.8798751950078003,concordant,Counter-led,0.4722753346080306,0.855973813420622,concordant
E02000178,Camden,4,-0.0366225839267548,Cascade-led,0.524,0.8623993867382139,concordant,Symmetric,0.4864620938628158,0.8772763262074426,concordant
E02000179,Camden,6,0.1119023397761952,Counter-led,0.4738834216502649,0.8777408637873754,divergent,Cascade-led,0.5471877979027645,0.8874788494077834,divergent
E02000180,Camden,5,0.0030518819938962,Cascade-led,0.5870967741935483,0.9353448275862069,concordant,Symmetric,0.4971067859021567,0.934152334152334,concordant
E02000181,Camden,8,0.0762970498474058,Cascade-led,0.5255402750491159,0.8883071553228621,concordant,Counter-led,0.476625470177324,0.8647769516728625,concordant
E02000182,Camden,7,0.1241098677517802,Cascade-led,0.5242382271468145,0.912192040429564,concordant,Counter-led,0.45368492224476,0.9079189686924494,concordant
E02000183,Camden,6,-0.0061037639877924,Symmetric,0.4980205859065716,0.8386454183266933,concordant,Counter-led,0.4496805111821086,0.8730822873082287,concordant
E02000184,Camden,3,-0.0274669379450661,Symmetric,0.5040572792362769,0.8635614179719703,concordant,Symmetric,0.5137310606060606,0.8941574936494496,concordant
E02000185,Camden,3,0.0020345879959308,Counter-led,0.4569954128440367,0.8934426229508197,concordant,Symmetric,0.4841222288795686,0.9060803474484256,concordant
E02000186,Camden,4,0.0071210579857579,Symmetric,0.5109321058688148,0.8958762886597939,concordant,Counter-led,0.4720344191763982,0.8924849149753155,concordant
E02000187,Camden,2,-0.0630722278738555,Symmetric,0.4966401954795357,0.9206974128233972,concordant,Symmetric,0.4990138067061144,0.916265060240964,concordant
E02000188,Camden,3,-0.0406917599186165,Cascade-led,0.5455417066155321,0.9010799136069114,concordant,Symmetric,0.483739837398374,0.8288409703504043,concordant
E02000189,Camden,5,-0.1739572736520854,Cascade-led,0.5681969394544245,0.8951756998213222,concordant,Lateral,0.5,0.0,zero
E02000190,Camden,6,-0.0844354018311291,Cascade-led,0.6873633581110625,0.9162660256410255,concordant,Lateral,0.5,0.0,zero
E02000191,Camden,7,0.0508646998982706,Cascade-led,0.6276841757515692,0.9234289200732154,concordant,Cascade-led,0.645910780669145,0.9061052631578947,concordant
E02000192,Camden,4,0.0671414038657171,Cascade-led,0.5532407407407407,0.92176386913229,concordant,Counter-led,0.4708171206225681,0.8962510897994769,concordant
E02000193,Camden,5,0.1180061037639878,Symmetric,0.5152505446623094,0.8793103448275862,concordant,Symmetric,0.5154185022026432,0.8978246539222149,concordant
E02000194,Croydon,5,-0.0162767039674466,Symmetric,0.5103448275862069,0.8405797101449275,concordant,Counter-led,0.4032738095238095,0.8255528255528255,divergent
E02000195,Croydon,7,0.0406917599186164,Counter-led,0.4378648874061718,0.9338006230529596,concordant,Counter-led,0.4548704200178731,0.91871921182266,concordant
E02000196,Croydon,5,-0.0712105798575788,Counter-led,0.4683257918552036,0.8207985143918292,divergent,Counter-led,0.4570048309178744,0.8712121212121212,divergent
E02000197,Croydon,6,-0.0701932858596134,Counter-led,0.3765941485371343,0.8880746169220519,concordant,Counter-led,0.4377358490566038,0.8702791461412152,concordant
E02000198,Croydon,4,-0.2034587995930824,Counter-led,0.4542536115569823,0.8334448160535117,concordant,Cascade-led,0.5273851590106007,0.8268809349890431,concordant
E02000199,Croydon,6,-0.0681586978636826,Counter-led,0.4139784946236559,0.8949478748997595,concordant,Counter-led,0.425531914893617,0.9155844155844156,concordant
E02000200,Croydon,5,-0.1139369277721261,Symmetric,0.498205312275664,0.8432203389830508,concordant,Symmetric,0.4837209302325581,0.8285163776493256,concordant
E02000201,Croydon,3,-0.0701932858596134,Cascade-led,0.5377952755905512,0.8506363027461487,concordant,Counter-led,0.4684210526315789,0.8715596330275229,concordant
E02000202,Croydon,7,-0.1983723296032553,Symmetric,0.4925986842105263,0.9282442748091604,concordant,Counter-led,0.4359183673469388,0.9386973180076628,concordant
E02000203,Croydon,4,-0.2105798575788403,Symmetric,0.5131086142322098,0.782991202346041,concordant,Counter-led,0.4774535809018567,0.8279648609077599,concordant
E02000204,Croydon,6,-0.1800610376398779,Counter-led,0.4192200557103064,0.9008782936010038,concordant,Symmetric,0.4829351535836177,0.8681481481481481,concordant
E02000206,Croydon,4,-0.1943031536113937,Symmetric,0.513530522341095,0.8082400813835199,concordant,Counter-led,0.46001523229246,0.8040416411512553,concordant
E02000207,Croydon,3,-0.0518819938962359,Counter-led,0.4556752278376139,0.881021897810219,concordant,Counter-led,0.4580838323353293,0.8697916666666666,concordant
E02000208,Croydon,3,-0.2034587995930824,Cascade-led,0.5417999086340795,0.9232391396035428,concordant,Counter-led,0.4418735891647855,0.9287211740041929,concordant
E02000209,Croydon,5,-0.108850457782299,Counter-led,0.4595959595959596,0.8872292755787902,divergent,Counter-led,0.4713740458015267,0.9089332176929747,concordant
E02000210,Croydon,7,-0.0478128179043743,Counter-led,0.4627949183303085,0.9315300084530854,concordant,Counter-led,0.4131274131274131,0.9513314967860422,concordant
E02000211,Croydon,9,-0.0193285859613427,Counter-led,0.4417910447761194,0.9228650137741048,concordant,Counter-led,0.4073550212164074,0.8949367088607595,concordant
E02000212,Croydon,4,-0.1719226856561546,Symmetric,0.5061633281972265,0.8002466091245376,concordant,Lateral,0.4083665338645418,0.7819314641744548,concordant
E02000213,Croydon,2,-0.1353001017293997,Symmetric,0.5187319884726225,0.9625520110957004,concordant,Symmetric,0.4812558575445173,0.9484444444444444,concordant
E02000214,Croydon,9,0.0152594099694811,Symmetric,0.4930875576036866,0.9517543859649122,concordant,Counter-led,0.4307692307692308,0.9345047923322684,concordant
E02000215,Croydon,6,-0.108850457782299,Counter-led,0.4582431847684985,0.9479081214109926,concordant,Counter-led,0.4164470216130733,0.9217687074829932,concordant
E02000216,Croydon,9,-0.0386571719226856,Counter-led,0.447,0.9208103130755064,concordant,Counter-led,0.4434072345390898,0.916577540106952,concordant
E02000217,Croydon,4,-0.1302136317395727,Symmetric,0.5065868263473053,0.8255066732575383,concordant,Counter-led,0.4616402116402116,0.8284931506849315,concordant
E02000218,Croydon,5,-0.0305188199389623,Symmetric,0.5026178010471204,0.8565022421524664,concordant,Symmetric,0.4860335195530726,0.9322916666666666,concordant
E02000219,Croydon,10,-0.0172939979654119,Symmetric,0.5051724137931034,0.8134642356241234,concordant,Counter-led,0.4153225806451613,0.7848101265822784,concordant
E02000220,Croydon,5,-0.1230925737538148,Symmetric,0.5110732538330494,0.9211455472734406,concordant,Lateral,0.5,0.0,zero
E02000221,Croydon,4,-0.1057985757884028,Symmetric,0.515179392824287,0.8400309119010819,concordant,Cascade-led,0.534375,0.825451418744626,concordant
E02000222,Croydon,7,0.0467955239064089,Counter-led,0.4319213313161876,0.9329569513055752,divergent,Counter-led,0.4429530201342282,0.9254658385093169,divergent
E02000223,Croydon,1,-0.0630722278738555,Symmetric,0.5164179104477612,0.9095022624434388,concordant,Counter-led,0.4541666666666666,0.8938547486033519,concordant
E02000224,Croydon,8,-0.0071210579857579,Counter-led,0.44,0.8676351896690879,concordant,Counter-led,0.4258271077908218,0.8627992633517495,concordant
E02000225,Croydon,4,-0.1688708036622583,Counter-led,0.4359400998336106,0.9119878603945372,concordant,Symmetric,0.4823529411764706,0.8551307847082495,concordant
E02000226,Croydon,10,-0.0559511698880976,Counter-led,0.4546850998463901,0.8691588785046729,concordant,Counter-led,0.3556701030927835,0.9122257053291536,concordant
E02000227,Croydon,8,-0.1200406917599187,Counter-led,0.4532442748091603,0.9415992812219228,concordant,Counter-led,0.4011173184357542,0.9104781281790436,concordant
E02000228,Croydon,10,0.0,Counter-led,0.3785123966942149,0.8569405099150141,concordant,Counter-led,0.388034188034188,0.8796992481203008,concordant
E02000229,Croydon,1,-0.0457782299084435,Cascade-led,0.5530434782608695,0.8646616541353384,concordant,Symmetric,0.4813953488372093,0.893970893970894,concordant
E02000230,Croydon,8,-0.0203458799593082,Symmetric,0.5178571428571429,0.8641975308641975,concordant,Counter-led,0.4198542805100182,0.8465690053970701,concordant
E02000231,Croydon,10,0.0,Counter-led,0.3886743886743887,0.9261025029797376,concordant,Counter-led,0.3975308641975308,0.889132821075741,concordant
E02000232,Croydon,9,-0.0274669379450661,Counter-led,0.3961038961038961,0.8523985239852399,concordant,Counter-led,0.3395225464190981,0.8726851851851852,concordant
E02000233,Croydon,7,0.0610376398779246,Counter-led,0.4492979719188767,0.946824224519941,divergent,Counter-led,0.3974121996303142,0.9200680272108844,concordant
E02000234,Croydon,8,-0.0752797558494404,Counter-led,0.3996937212863706,0.8224181360201511,concordant,Counter-led,0.3810650887573965,0.8407960199004975,divergent
E02000235,Croydon,9,0.0010172939979654,Counter-led,0.3601398601398601,0.8436578171091446,concordant,Counter-led,0.3269230769230769,0.8357142857142857,concordant
E02000236,Croydon,9,0.0193285859613427,Counter-led,0.4487179487179487,0.8041237113402062,concordant,Counter-led,0.3379310344827586,0.849194729136164,concordant
E02000237,Croydon,9,-0.0712105798575788,Counter-led,0.3677581863979849,0.857451403887689,concordant,Counter-led,0.2916666666666667,0.7966804979253111,concordant
E02000238,Ealing,7,-0.0213631739572736,Counter-led,0.4404476418864908,0.8675450762829403,concordant,Symmetric,0.4975328947368421,0.8403593642017968,concordant
E02000239,Ealing,8,-0.0111902339776195,Symmetric,0.5009823182711198,0.8671209540034072,concordant,Symmetric,0.4828934506353861,0.8864818024263431,concordant
E02000240,Ealing,3,-0.0834181078331638,Symmetric,0.5052552552552553,0.883289124668435,concordant,Cascade-led,0.5239085239085239,0.8801463860933212,concordant
E02000241,Ealing,7,-0.0925737538148525,Counter-led,0.4430232558139534,0.8447937131630648,concordant,Counter-led,0.4467564259485924,0.821105527638191,concordant
E02000242,Ealing,8,-0.0254323499491353,Cascade-led,0.5359056806002144,0.8851992409867173,concordant,Cascade-led,0.5293333333333333,0.8939213349225268,concordant
E02000243,Ealing,5,-0.0773143438453713,Counter-led,0.4607535321821036,0.857335127860027,concordant,Counter-led,0.4754285714285714,0.8570029382957884,concordant
E02000244,Ealing,7,-0.0620549338758902,Symmetric,0.5019193857965452,0.8868085106382979,concordant,Symmetric,0.5112692763938316,0.8438438438438438,concordant
E02000245,Ealing,1,-0.0467955239064089,Symmetric,0.4883540372670807,0.9193433261955746,concordant,Cascade-led,0.5359116022099447,0.9282051282051282,concordant
E02000246,Ealing,3,-0.0630722278738555,Symmetric,0.4819494584837545,0.8676585747846516,concordant,Counter-led,0.4785631517960602,0.8933747412008282,concordant
E02000247,Ealing,4,-0.0895218718209562,Cascade-led,0.522229595222296,0.8690888119953863,concordant,Symmetric,0.4827586206896552,0.925531914893617,concordant
E02000248,Ealing,8,-0.1169888097660223,Symmetric,0.4923747276688453,0.8781887755102041,concordant,Cascade-led,0.5650140318054256,0.8864013266998342,concordant
E02000249,Ealing,5,-0.0559511698880976,Cascade-led,0.5338345864661654,0.865040650406504,divergent,Symmetric,0.4851598173515982,0.8287606433301797,concordant
E02000250,Ealing,10,0.0162767039674465,Symmetric,0.5082444228903976,0.9772511848341232,concordant,Cascade-led,0.5654135338345865,0.965166908563135,concordant
E02000251,Ealing,7,0.0050864699898269,Symmetric,0.4867052023121387,0.8963730569948186,concordant,Symmetric,0.490521327014218,0.9114470842332614,concordant
E02000252,Ealing,4,-0.056968463886063,Symmetric,0.4835402050728548,0.8578703703703704,concordant,Counter-led,0.4753106084740363,0.9170318434122116,concordant
E02000253,Ealing,4,-0.2095625635808748,Symmetric,0.51586655817738,0.8835370237239396,concordant,Symmetric,0.4803451581975071,0.9345878136200716,concordant
E02000254,Ealing,6,-0.0783316378433366,Cascade-led,0.5210577864838394,0.9375573921028466,concordant,Counter-led,0.477560414269275,0.9384449244060477,concordant
E02000255,Ealing,5,0.017293997965412,Counter-led,0.4511825348696179,0.9212290502793296,concordant,Cascade-led,0.5218554861730598,0.8903891977760127,concordant
E02000256,Ealing,8,0.0183112919633774,Symmetric,0.5042060988433228,0.8854748603351955,concordant,Symmetric,0.5075471698113208,0.8922558922558923,concordant
E02000257,Ealing,7,0.0152594099694811,Counter-led,0.4575507137490608,0.8218585983328188,concordant,Lateral,0.5,0.0,zero
E02000258,Ealing,7,-0.010172939979654,Symmetric,0.5114155251141552,0.8314350797266514,concordant,Symmetric,0.4871794871794871,0.8660251665433013,concordant
E02000259,Ealing,8,-0.022380467955239,Symmetric,0.4852191641182466,0.8837837837837837,concordant,Cascade-led,0.5301932367149759,0.8970747562296858,concordant
E02000260,Ealing,3,0.0193285859613428,Counter-led,0.3971571906354515,0.8691860465116279,concordant,Counter-led,0.4495412844036697,0.910609857978279,concordant
E02000261,Ealing,5,-0.0111902339776194,Counter-led,0.4766112266112266,0.8845977011494253,divergent,Symmetric,0.4921602787456446,0.9050059124950728,concordant
E02000262,Ealing,4,-0.0417090539165819,Counter-led,0.4751203852327448,0.8841059602649006,concordant,Symmetric,0.490041928721174,0.9004247286455875,concordant
E02000263,Ealing,4,-0.1536113936927772,Counter-led,0.4797458300238284,0.8101673101673101,divergent,Counter-led,0.3855799373040752,0.9341142020497804,divergent
E02000264,Ealing,7,-0.08646998982706,Counter-led,0.4676903390914907,0.8015384615384615,concordant,Symmetric,0.4935483870967742,0.8493150684931506,concordant
E02000265,Ealing,3,-0.010172939979654,Symmetric,0.5026315789473684,0.9058402860548272,concordant,Symmetric,0.4873068432671081,0.9197969543147207,concordant
E02000266,Ealing,1,0.0071210579857578,Counter-led,0.4769147202607278,0.941687979539642,concordant,Cascade-led,0.5352609308885754,0.9459639759839892,concordant
E02000267,Ealing,6,0.0122075279755848,Counter-led,0.4731750219876869,0.9274061990212072,concordant,Symmetric,0.5020408163265306,0.9082483781278962,divergent
E02000268,Ealing,7,-0.0925737538148524,Symmetric,0.5094816687737042,0.820965230928905,concordant,Counter-led,0.4799405646359584,0.8578712555768006,concordant
E02000269,Ealing,9,0.010172939979654,Counter-led,0.4481434058898847,0.897185525560023,concordant,Symmetric,0.4802215189873418,0.9054441260744984,concordant
E02000270,Ealing,3,-0.2156663275686673,Counter-led,0.4660130718954248,0.869812393405344,concordant,Symmetric,0.5165794066317626,0.9080824088748018,concordant
E02000271,Ealing,9,0.0528992878942014,Symmetric,0.5140845070422535,0.8565683646112601,concordant,Counter-led,0.4549214226633581,0.90561797752809,concordant
E02000272,Ealing,9,-0.0071210579857579,Counter-led,0.476027397260274,0.8613569321533924,concordant,Cascade-led,0.5402476780185759,0.8533685601056803,concordant
E02000274,Ealing,4,-0.0498474059003051,Counter-led,0.4596923076923077,0.8639021796916534,divergent,Lateral,0.5,0.0,zero
E02000275,Ealing,3,0.0101729399796541,Symmetric,0.4978902953586498,0.8479427549194991,concordant,Counter-led,0.3989431968295905,0.863169897377423,concordant
E02000276,Ealing,8,-0.0142421159715158,Counter-led,0.4789045151739452,0.8911609498680739,concordant,Symmetric,0.4851190476190476,0.8834355828220859,concordant
E02000277,Enfield,6,-0.1800610376398779,Counter-led,0.430379746835443,0.9425162689804772,concordant,Counter-led,0.3994974874371859,0.9742962056303548,concordant
E02000278,Enfield,2,-0.1149542217700915,Symmetric,0.5054509415262636,0.8653516295025729,concordant,Symmetric,0.4993288590604027,0.8524027459954233,concordant
E02000279,Enfield,4,-0.17293997965412,Counter-led,0.4243873281530185,0.935682326621924,divergent,Counter-led,0.3745847176079734,0.9398907103825136,concordant
E02000280,Enfield,7,-0.1342828077314344,Symmetric,0.4850299401197604,0.9360986547085202,concordant,Counter-led,0.4220588235294117,0.912751677852349,divergent
E02000281,Enfield,4,-0.1129196337741607,Symmetric,0.4972826086956521,0.92,divergent,Symmetric,0.5134843581445523,0.9420731707317072,divergent
E02000282,Enfield,1,-0.0600203458799593,Cascade-led,0.5547445255474452,0.8187250996015937,concordant,Counter-led,0.477297895902547,0.788646288209607,concordant
E02000283,Enfield,5,-0.242115971515768,Counter-led,0.4587352625937835,0.9210266535044422,concordant,Symmetric,0.4919571045576407,0.9130966952264382,concordant
E02000284,Enfield,8,-0.1129196337741607,Counter-led,0.4285714285714285,0.8734177215189873,concordant,Counter-led,0.4724669603524229,0.88671875,concordant
E02000285,Enfield,9,-0.0630722278738555,Counter-led,0.4493307839388145,0.947463768115942,concordant,Counter-led,0.4264432029795158,0.9589285714285716,concordant
E02000286,Enfield,8,-0.121057985757884,Counter-led,0.4778613199665831,0.8853550295857988,concordant,Counter-led,0.4516728624535316,0.8929460580912864,concordant
E02000287,Enfield,9,-0.1098677517802644,Cascade-led,0.571072319201995,0.8793859649122807,concordant,Symmetric,0.5029761904761905,0.8704663212435233,concordant
E02000288,Enfield,3,-0.1485249237029501,Symmetric,0.5008537279453614,0.9146277980218636,divergent,Counter-led,0.476475620188195,0.9047987616099072,concordant
E02000289,Enfield,10,-0.0467955239064089,Counter-led,0.4368070953436807,0.8445692883895131,concordant,Counter-led,0.3788461538461538,0.8524590163934426,concordant
E02000290,Enfield,2,-0.1169888097660223,Symmetric,0.4801192842942346,0.8554421768707483,concordant,Counter-led,0.4451219512195122,0.8686440677966102,concordant
E02000291,Enfield,6,-0.1291963377416073,Symmetric,0.4943181818181818,0.9428571428571428,divergent,Symmetric,0.485062893081761,0.9571106094808126,concordant
E02000292,Enfield,7,-0.1414038657171922,Counter-led,0.4180118946474087,0.9371019108280256,concordant,Counter-led,0.3946642134314627,0.8983471074380165,concordant
E02000293,Enfield,10,-0.0874872838250253,Counter-led,0.4743589743589743,0.8100890207715133,concordant,Symmetric,0.4938524590163934,0.7986906710310966,concordant
E02000294,Enfield,5,-0.2044760935910478,Counter-led,0.4748700173310225,0.8966588966588966,concordant,Counter-led,0.4299820466786355,0.9168724279835392,concordant
E02000295,Enfield,9,-0.1119023397761953,Counter-led,0.4371205550737207,0.9253611556982344,concordant,Counter-led,0.4385593220338983,0.9191820837390458,concordant
E02000296,Enfield,7,-0.0498474059003052,Counter-led,0.4110032362459547,0.8699324324324325,concordant,Counter-led,0.4590163934426229,0.8652482269503546,divergent
E02000297,Enfield,9,-0.0498474059003052,Symmetric,0.4835978835978836,0.9292035398230089,concordant,Symmetric,0.4826203208556149,0.9033816425120772,concordant
E02000298,Enfield,10,0.0172939979654119,Symmetric,0.4929906542056075,0.8037558685446009,concordant,Symmetric,0.4812030075187969,0.8562231759656652,concordant
E02000299,Enfield,3,-0.1668362156663276,Counter-led,0.4520856820744081,0.912551440329218,concordant,Counter-led,0.4440868865647627,0.8974729241877256,divergent
E02000300,Enfield,5,-0.2502543234994914,Counter-led,0.4697644812221515,0.900802752293578,concordant,Symmetric,0.5161290322580645,0.8926070038910506,concordant
E02000301,Enfield,2,-0.0956256358087487,Counter-led,0.4776733254994124,0.860900354071826,concordant,Counter-led,0.4195804195804196,0.8411764705882353,concordant
E02000302,Enfield,7,-0.0386571719226856,Counter-led,0.4272997032640949,0.8829694323144105,concordant,Counter-led,0.4663341645885286,0.8568376068376068,concordant
E02000303,Enfield,2,-0.1139369277721261,Symmetric,0.4899328859060403,0.8366086468276249,concordant,Counter-led,0.4627930682976554,0.8552746294681779,concordant
E02000304,Enfield,10,-0.0233977619532044,Counter-led,0.4540709812108559,0.8622862286228623,concordant,Symmetric,0.4809644670050761,0.865934065934066,concordant
E02000305,Enfield,7,0.0142421159715157,Counter-led,0.4195906432748538,0.8523364485981308,concordant,Counter-led,0.4579945799457994,0.8528505392912172,concordant
E02000306,Enfield,1,-0.0081383519837232,Lateral,0.5103773584905661,0.7345807345807346,concordant,Lateral,0.4226519337016574,0.7637130801687764,concordant
E02000307,Enfield,5,-0.0762970498474059,Counter-led,0.4237047551454933,0.9131561892417368,concordant,Counter-led,0.3876843018213356,0.9014855355746676,concordant
E02000308,Enfield,5,0.0193285859613428,Counter-led,0.4767518009168304,0.9408502772643254,divergent,Counter-led,0.4620253164556962,0.9113193943763518,divergent
E02000309,Enfield,1,-0.0315361139369277,Lateral,0.4431736954967834,0.7252462415759461,concordant,Lateral,0.3853738701725555,0.7630094043887148,concordant
E02000311,Enfield,4,-0.0559511698880976,Symmetric,0.486562150055991,0.9489904357066952,divergent,Counter-led,0.4328136599851522,0.9406424581005588,concordant
E02000312,Enfield,6,0.0661241098677517,Symmetric,0.488120050020842,0.9302055060100816,concordant,Counter-led,0.4467977811396873,0.9456366237482118,concordant
E02000313,Greenwich,1,0.1831129196337741,Cascade-led,0.5573580533024334,0.804287045666356,concordant,Counter-led,0.4312080536912752,0.880354505169867,concordant
E02000314,Greenwich,4,0.0732451678535096,Symmetric,0.5068897637795275,0.8573839662447258,concordant,Counter-led,0.4544924154025671,0.8709349593495935,concordant
E02000315,Greenwich,2,-0.0447609359104781,Counter-led,0.4612432847275518,0.9287241625089094,concordant,Counter-led,0.4172813487881981,0.9331366764995084,concordant
E02000316,Greenwich,1,0.3041709053916582,Lateral,0.583705911574764,0.76920137562094,concordant,Lateral,0.5,0.0,zero
E02000317,Greenwich,1,0.0935910478128179,Lateral,0.4754402224281742,0.7451657458563536,concordant,Cascade-led,0.5286284953395473,0.7872117400419287,concordant
E02000318,Greenwich,3,0.0274669379450661,Symmetric,0.5084967320261438,0.8086680761099366,divergent,Counter-led,0.4069855732725892,0.8114602587800369,concordant
E02000319,Greenwich,3,0.1200406917599186,Symmetric,0.5028962611901,0.82421875,concordant,Counter-led,0.4460492778249788,0.8001359619306594,concordant
E02000320,Greenwich,4,0.1027466937945066,Counter-led,0.4257425742574257,0.8514225500526871,concordant,Symmetric,0.5007132667617689,0.8569682151589242,concordant
E02000321,Greenwich,1,0.0671414038657172,Lateral,0.5149253731343284,0.7382920110192838,concordant,Symmetric,0.4901960784313725,0.7933333333333333,concordant
E02000323,Greenwich,1,0.0946083418107833,Lateral,0.4891112419070041,0.7464850615114236,concordant,Symmetric,0.4876033057851239,0.8212669683257918,concordant
E02000324,Greenwich,2,0.0813835198372329,Symmetric,0.5179039301310043,0.9241323648103308,concordant,Symmetric,0.4863861386138614,0.912994350282486,concordant
E02000326,Greenwich,4,0.1485249237029502,Symmetric,0.5185504745470233,0.8472222222222222,concordant,Symmetric,0.4913793103448275,0.8529411764705882,divergent
E02000327,Greenwich,1,0.1230925737538148,Lateral,0.5233009708737864,0.7480029048656499,concordant,Cascade-led,0.5286821705426357,0.7933579335793358,concordant
E02000328,Greenwich,6,0.1190233977619532,Cascade-led,0.5237134207870837,0.8196856906534326,concordant,Counter-led,0.4764851485148514,0.8253319713993871,concordant
E02000329,Greenwich,5,0.0834181078331637,Counter-led,0.4365079365079365,0.953341740226986,concordant,Counter-led,0.4496124031007752,0.9320809248554912,concordant
E02000331,Greenwich,4,-0.0732451678535096,Symmetric,0.5050761421319797,0.8448892065761258,concordant,Counter-led,0.4353899883585564,0.8180952380952381,concordant
E02000332,Greenwich,6,0.1444557477110885,Counter-led,0.4406779661016949,0.9291338582677166,concordant,Symmetric,0.493099121706399,0.9026047565118912,concordant
E02000333,Greenwich,7,0.1454730417090538,Symmetric,0.4962686567164179,0.9682080924855492,concordant,Cascade-led,0.529608938547486,0.9531416400425984,concordant
E02000334,Greenwich,4,-0.0447609359104781,Symmetric,0.4820143884892086,0.8034682080924855,concordant,Counter-led,0.4411214953271028,0.8320373250388803,concordant
E02000335,Greenwich,8,0.0305188199389623,Counter-led,0.432937181663837,0.9231974921630094,concordant,Counter-led,0.4091627172195892,0.9447761194029852,concordant
E02000337,Greenwich,3,-0.0183112919633774,Symmetric,0.5048543689320388,0.9088235294117648,concordant,Counter-led,0.3776,0.9110787172011662,concordant
E02000339,Greenwich,7,-0.0427263479145473,Counter-led,0.4545454545454545,0.882943143812709,concordant,Counter-led,0.3777777777777777,0.9168081494057724,concordant
E02000340,Greenwich,7,0.1169888097660223,Counter-led,0.4427020506634499,0.9060109289617486,concordant,Counter-led,0.452353616532721,0.9457111834961998,concordant
E02000341,Greenwich,2,-0.0732451678535096,Cascade-led,0.5223713646532439,0.9216494845360824,concordant,Symmetric,0.4812138728323699,0.909329829172142,concordant
E02000342,Greenwich,5,0.0040691759918616,Counter-led,0.4435763888888889,0.9282836422240128,concordant,Counter-led,0.4510250569476082,0.9330499468650372,concordant
E02000343,Greenwich,5,-0.0498474059003052,Counter-led,0.4481865284974093,0.919047619047619,concordant,Counter-led,0.424,0.9245562130177516,concordant
E02000344,Greenwich,8,0.069175991861648,Counter-led,0.4172661870503597,0.8864795918367347,concordant,Counter-led,0.4127243066884176,0.8858381502890174,concordant
E02000345,Hackney,3,0.0295015259409969,Counter-led,0.479933110367893,0.9136745607333844,concordant,Symmetric,0.4940374787052811,0.9429718875502008,divergent
E02000346,Hackney,1,-0.0071210579857578,Lateral,0.473469387755102,0.6413612565445026,concordant,Lateral,0.5110533159947984,0.7365900383141762,concordant
E02000347,Hackney,2,0.1007121057985757,Lateral,0.4789189189189189,0.7569558101472995,concordant,Symmetric,0.5087719298245614,0.8099467140319716,concordant
E02000348,Hackney,1,0.0335707019328585,Lateral,0.432073544433095,0.6850944716585025,concordant,Lateral,0.4405228758169934,0.7327586206896551,concordant
E02000350,Hackney,4,0.0467955239064089,Cascade-led,0.5372829417773238,0.8713840676457499,concordant,Cascade-led,0.5203811540497618,0.8673094582185491,concordant
E02000351,Hackney,3,0.0976602238046795,Counter-led,0.4704391891891892,0.8551823763091368,concordant,Symmetric,0.4984841922910351,0.8599627560521416,divergent
E02000352,Hackney,2,0.1373346897253306,Lateral,0.5194681861348528,0.7217272104180946,concordant,Lateral,0.473465140478668,0.7572892040977147,concordant
E02000353,Hackney,4,0.0681586978636826,Cascade-led,0.5219623502567028,0.8448192771084337,concordant,Symmetric,0.5155086848635235,0.8422152560083594,concordant
E02000354,Hackney,1,0.0640895218718209,Lateral,0.4987179487179487,0.6878306878306878,concordant,Lateral,0.4424202992843201,0.7274017983909133,concordant
E02000355,Hackney,2,0.0834181078331638,Lateral,0.514792899408284,0.7662468513853904,concordant,Lateral,0.4669117647058823,0.74235807860262,divergent
E02000356,Hackney,4,0.0295015259409969,Counter-led,0.4668035592060233,0.8629651506202008,concordant,Cascade-led,0.5392491467576792,0.8668639053254438,concordant
E02000357,Hackney,1,-0.0457782299084435,Lateral,0.3967611336032389,0.5346320346320347,concordant,Lateral,0.4512635379061371,0.6579572446555819,concordant
E02000358,Hackney,2,0.0315361139369277,Lateral,0.4975887768522578,0.7726964769647696,concordant,Lateral,0.5046153846153846,0.7549361207897793,concordant
E02000359,Hackney,2,0.0203458799593082,Lateral,0.4911463187325256,0.7334244702665755,concordant,Lateral,0.4695731153496821,0.7582644628099173,divergent
E02000360,Hackney,1,0.0295015259409969,Lateral,0.5036399735274653,0.646832191780822,concordant,Lateral,0.4637573964497041,0.667324777887463,concordant
E02000361,Hackney,1,0.0579857578840284,Lateral,0.4963503649635036,0.6580211335254563,concordant,Lateral,0.4902794653705953,0.6942218473218051,concordant
E02000362,Hackney,1,-0.0010172939979654,Lateral,0.5445783132530121,0.625,concordant,Lateral,0.5153061224489796,0.6608226567768037,concordant
E02000363,Hackney,1,0.0040691759918616,Lateral,0.4602739726027397,0.5538694992412747,concordant,Lateral,0.5381944444444444,0.5865580448065173,concordant
E02000364,Hackney,2,0.1434384537131231,Lateral,0.5082246171298922,0.7508517887563884,divergent,Lateral,0.4983322214809873,0.7454002983590253,concordant
E02000365,Hackney,3,-0.0081383519837232,Symmetric,0.5098737455487212,0.8894327670601785,concordant,Lateral,0.5,0.0,zero
E02000366,Hackney,1,0.0152594099694811,Lateral,0.468682505399568,0.573729863692689,concordant,Lateral,0.4944320712694877,0.6497829232995659,concordant
E02000367,Hackney,2,0.0264496439471007,Symmetric,0.4868686868686869,0.7929515418502202,divergent,Lateral,0.5230024213075061,0.7648148148148148,concordant
E02000368,Hackney,1,0.0274669379450661,Lateral,0.4956293706293706,0.6059322033898306,concordant,Lateral,0.4752066115702479,0.6836158192090396,concordant
E02000369,Hackney,1,0.0406917599186164,Lateral,0.4828807556080283,0.6693006716712762,concordant,Lateral,0.4854692710814673,0.7293259207783183,concordant
E02000370,Hackney,1,0.108850457782299,Lateral,0.485428809325562,0.7332112332112332,concordant,Lateral,0.5441478439425051,0.7825388323513658,concordant
E02000371,Hackney,1,0.2187182095625635,Lateral,0.4324792243767313,0.7040468064358849,concordant,Lateral,0.5,0.0,zero
E02000372,Hammersmith and Fulham,2,0.0213631739572736,Symmetric,0.4964305326743548,0.909136295556665,concordant,Symmetric,0.4938036224976168,0.8897370653095844,concordant
E02000373,Hammersmith and Fulham,1,-0.0335707019328585,Symmetric,0.491103202846975,0.9366666666666666,concordant,Symmetric,0.4834801762114537,0.934156378600823,concordant
E02000374,Hammersmith and Fulham,5,-0.1454730417090539,Symmetric,0.4931605471562275,0.8996113989637305,concordant,Symmetric,0.4890148830616584,0.8874213836477988,concordant
E02000375,Hammersmith and Fulham,3,-0.0956256358087487,Symmetric,0.4996934396076027,0.8543740178103719,concordant,Counter-led,0.468540012217471,0.8679745493107105,concordant
E02000376,Hammersmith and Fulham,2,0.0030518819938962,Counter-led,0.4657461497610196,0.9298765432098766,concordant,Counter-led,0.4637445887445887,0.8846337960746768,concordant
E02000377,Hammersmith and Fulham,3,-0.0152594099694811,Symmetric,0.4851109907958852,0.8655107778819119,concordant,Counter-led,0.4576672587329781,0.8582317073170732,concordant
E02000378,Hammersmith and Fulham,4,0.0081383519837233,Cascade-led,0.5281437125748503,0.9413754227733936,concordant,Symmetric,0.4895184135977337,0.9323824617010036,concordant
E02000379,Hammersmith and Fulham,6,0.0447609359104781,Counter-led,0.4221046443268665,0.8915094339622641,concordant,Counter-led,0.467000835421888,0.8866666666666667,concordant
E02000380,Hammersmith and Fulham,6,0.0406917599186164,Cascade-led,0.5698841698841699,0.8738191632928475,concordant,Counter-led,0.4587426326129666,0.8525963149078727,concordant
E02000381,Hammersmith and Fulham,5,0.0447609359104781,Symmetric,0.5174897119341564,0.8937931034482759,concordant,Symmetric,0.5073108709472346,0.8983438035408338,concordant
E02000382,Hammersmith and Fulham,3,0.1820956256358087,Symmetric,0.5013908205841446,0.8605625374027528,concordant,Symmetric,0.5011838989739542,0.8707903780068729,concordant
E02000383,Hammersmith and Fulham,6,0.0712105798575788,Cascade-led,0.539355992844365,0.8557213930348259,concordant,Counter-led,0.4570252187339166,0.8403979238754326,concordant
E02000384,Hammersmith and Fulham,3,-0.1342828077314343,Symmetric,0.502913752913753,0.8571428571428571,concordant,Cascade-led,0.5272435897435898,0.8764044943820225,concordant
E02000385,Hammersmith and Fulham,6,0.0437436419125127,Cascade-led,0.5321707757065545,0.8167976424361493,concordant,Counter-led,0.4744105807935595,0.8360576923076923,concordant
E02000386,Hammersmith and Fulham,3,-0.0406917599186164,Symmetric,0.4838709677419355,0.8966942148760331,concordant,Counter-led,0.4729891956782713,0.8913857677902621,concordant
E02000387,Hammersmith and Fulham,5,0.0356052899287894,Cascade-led,0.5217117684078036,0.8668848881614839,concordant,Counter-led,0.471190781049936,0.8780213603147836,concordant
E02000388,Hammersmith and Fulham,5,0.0905391658189216,Symmetric,0.5052212829438091,0.8859030837004406,concordant,Symmetric,0.4823529411764706,0.8830319353597538,concordant
E02000389,Hammersmith and Fulham,8,0.0752797558494404,Symmetric,0.4854535082715345,0.8331749049429658,concordant,Counter-led,0.4686087393269714,0.8671602787456446,concordant
E02000390,Hammersmith and Fulham,6,0.0895218718209562,Cascade-led,0.5292667898952557,0.7913213066796685,divergent,Lateral,0.4914089347079037,0.7698412698412699,concordant
E02000391,Hammersmith and Fulham,6,0.1119023397761953,Lateral,0.5553191489361702,0.7601078167115903,concordant,Lateral,0.5162855162855163,0.7651113467656415,concordant
E02000392,Hammersmith and Fulham,6,0.0366225839267547,Lateral,0.49153412006157,0.7634155895025461,concordant,Lateral,0.4938453963564746,0.7796545105566218,divergent
E02000393,Hammersmith and Fulham,8,0.167853509664293,Symmetric,0.5177111716621253,0.7982599238716693,concordant,Counter-led,0.4724186704384724,0.8225712623618383,concordant
E02000394,Hammersmith and Fulham,5,0.1241098677517802,Symmetric,0.4987980769230769,0.8721174004192872,concordant,Symmetric,0.4986945169712793,0.8882189239332097,concordant
E02000395,Hammersmith and Fulham,8,0.0762970498474059,Counter-led,0.4616033755274261,0.8023019634394042,concordant,Symmetric,0.5116279069767442,0.8327953518398967,concordant
E02000396,Hammersmith and Fulham,6,0.0488301119023397,Lateral,0.5392579810181191,0.7815239379635873,divergent,Lateral,0.4882186616399623,0.7352737352737353,divergent
E02000397,Haringey,3,0.0803662258392675,Counter-led,0.4476021314387211,0.8842931937172774,concordant,Counter-led,0.4610817941952506,0.8855140186915887,concordant
E02000398,Haringey,1,-0.0081383519837232,Lateral,0.4988290398126463,0.5523932729624839,concordant,Lateral,0.3982300884955752,0.6526402640264026,concordant
E02000400,Haringey,4,0.0854526958290946,Counter-led,0.4593796159527326,0.912398921832884,concordant,Symmetric,0.4808836023789294,0.898473282442748,concordant
E02000401,Haringey,1,-0.0325534079348931,Lateral,0.4255639097744361,0.6494140625,concordant,Lateral,0.529126213592233,0.7119815668202765,concordant
E02000402,Haringey,1,0.0040691759918616,Lateral,0.5069444444444444,0.6260869565217392,concordant,Lateral,0.4197349042709867,0.6803607214428857,concordant
E02000403,Haringey,3,0.150559511698881,Counter-led,0.4418483904465213,0.8594377510040161,concordant,Symmetric,0.4921501706484641,0.8804086538461539,concordant
E02000404,Haringey,2,0.0437436419125127,Symmetric,0.4878765613519471,0.8038984051978736,concordant,Counter-led,0.4012400354295837,0.7917251051893408,concordant
E02000405,Haringey,7,0.1576805696846388,Symmetric,0.4854910714285714,0.8607108549471661,concordant,Counter-led,0.4512946979038224,0.8369453044375645,concordant
E02000406,Haringey,2,0.0081383519837233,Lateral,0.4529074529074529,0.781190019193858,concordant,Lateral,0.4481216457960644,0.7600271923861319,concordant
E02000407,Haringey,1,0.0020345879959308,Lateral,0.4322519083969465,0.6139425893380199,concordant,Lateral,0.375494071146245,0.6270136307311028,concordant
E02000408,Haringey,1,0.0244150559511698,Lateral,0.5773624091381101,0.6216914138153647,concordant,Lateral,0.4461738002594034,0.611904761904762,concordant
E02000409,Haringey,1,-0.0498474059003051,Lateral,0.4682440846824408,0.6571194762684124,concordant,Lateral,0.4558645707376058,0.7044293015332198,concordant
E02000410,Haringey,8,0.1322482197355035,Counter-led,0.4601398601398601,0.8698296836982968,concordant,Counter-led,0.4568138195777351,0.8845500848896435,concordant
E02000411,Haringey,2,0.0081383519837232,Counter-led,0.4640804597701149,0.8246445497630331,concordant,Counter-led,0.4724233983286908,0.825287356321839,concordant
E02000412,Haringey,1,0.0590030518819939,Counter-led,0.4623803009575923,0.8104212860310421,concordant,Symmetric,0.4816076294277929,0.8436781609195402,concordant
E02000413,Haringey,7,0.0671414038657172,Counter-led,0.4311708860759494,0.8460508701472557,concordant,Symmetric,0.5026178010471204,0.8297132927888793,concordant
E02000414,Haringey,2,0.0681586978636826,Symmetric,0.493103448275862,0.7997793712079426,concordant,Counter-led,0.4349232012934519,0.8048145738451529,divergent
E02000415,Haringey,2,0.126144455747711,Lateral,0.4741980474198047,0.7810457516339869,concordant,Counter-led,0.4747622531089978,0.7869890616004606,concordant
E02000416,Haringey,4,-0.056968463886063,Symmetric,0.5177631578947368,0.8951707891637221,divergent,Counter-led,0.4526387009472259,0.8979343863912516,divergent
E02000417,Haringey,7,0.1220752797558494,Symmetric,0.4903069466882068,0.8107400130975769,concordant,Counter-led,0.4764764764764764,0.8201970443349754,concordant
E02000418,Haringey,7,0.1515768056968464,Symmetric,0.4912718204488778,0.8345473465140478,concordant,Symmetric,0.48,0.8381924198250729,concordant
E02000419,Haringey,2,0.2166836215666327,Cascade-led,0.5273942093541203,0.8009275775954334,concordant,Counter-led,0.4680432645034414,0.8036349269063611,concordant
E02000420,Haringey,1,-0.017293997965412,Lateral,0.4552429667519181,0.6266025641025641,concordant,Lateral,0.4239934264585045,0.6679473106476399,concordant
E02000421,Haringey,1,-0.0122075279755849,Lateral,0.436958614051973,0.6546943919344675,concordant,Lateral,0.4602510460251046,0.6828571428571428,concordant
E02000422,Haringey,1,0.1648016276703967,Lateral,0.5044802867383512,0.6384439359267735,concordant,Lateral,0.4054545454545454,0.7033248081841432,concordant
E02000423,Haringey,2,0.2644964394710071,Lateral,0.5024154589371981,0.7596330275229358,concordant,Counter-led,0.456980056980057,0.7894736842105263,concordant
E02000424,Haringey,5,0.1495422177009155,Symmetric,0.4848109113453193,0.9572700296735904,concordant,Symmetric,0.4907550077041602,0.9679343773303504,concordant
E02000425,Haringey,4,-0.0457782299084435,Cascade-led,0.5235023041474655,0.940207972270364,concordant,Counter-led,0.4673815907059875,0.9427127211457456,concordant
E02000426,Haringey,7,0.0040691759918616,Counter-led,0.4600614439324116,0.8460038986354775,concordant,Symmetric,0.5077559462254395,0.8565101860053145,concordant
E02000427,Haringey,3,0.0681586978636825,Symmetric,0.5019875070982396,0.8474494706448508,concordant,Symmetric,0.4900737379466818,0.8637922586967173,concordant
E02000428,Haringey,1,0.1078331637843336,Lateral,0.4715772618094475,0.7291301809690601,concordant,Lateral,0.408062234794908,0.7184959349593496,concordant
E02000429,Haringey,7,0.0966429298067141,Counter-led,0.4571230982019363,0.8505882352941176,concordant,Counter-led,0.4578651685393258,0.8647773279352227,concordant
E02000430,Haringey,6,0.2105798575788403,Counter-led,0.4497705252422233,0.9427884615384616,concordant,Counter-led,0.4668527564549895,0.9156549520766774,concordant
E02000431,Haringey,8,0.0274669379450661,Counter-led,0.4586330935251798,0.9021092482422932,concordant,Symmetric,0.5037369207772795,0.9016172506738545,concordant
E02000432,Haringey,4,0.0651068158697864,Symmetric,0.4820987654320988,0.8886450905101481,concordant,Symmetric,0.5104391648668106,0.8697557921102066,concordant
E02000433,Harrow,9,-0.0752797558494404,Lateral,0.5115646258503401,0.7696335078534031,concordant,Lateral,0.3664772727272727,0.7727771679473107,concordant
E02000434,Harrow,9,-0.0834181078331637,Counter-led,0.3461900282220131,0.8246702870442203,concordant,Symmetric,0.5092975206611571,0.8189509306260575,concordant
E02000435,Harrow,6,-0.0478128179043744,Counter-led,0.4733727810650887,0.9066523605150214,concordant,Symmetric,0.5025,0.89086859688196,concordant
E02000436,Harrow,10,-0.0132248219735503,Counter-led,0.4640776699029126,0.8940972222222222,concordant,Cascade-led,0.5269058295964125,0.8831683168316832,concordant
E02000437,Harrow,8,-0.056968463886063,Counter-led,0.3936651583710407,0.8599221789883269,concordant,Counter-led,0.4761350407450523,0.8792221084953941,concordant
E02000438,Harrow,7,-0.0508646998982705,Symmetric,0.4858437146092865,0.8821178821178821,concordant,Counter-led,0.4465894465894466,0.8662207357859532,divergent
E02000439,Harrow,7,-0.0640895218718209,Counter-led,0.4591406908171861,0.8779585798816568,concordant,Counter-led,0.4638095238095238,0.8830950378469302,concordant
E02000440,Harrow,9,-0.0183112919633773,Counter-led,0.4501084598698481,0.8254252461951657,concordant,Symmetric,0.516260162601626,0.7876200640341515,concordant
E02000441,Harrow,8,-0.0640895218718209,Lateral,0.4941002949852507,0.7695800227014756,divergent,Counter-led,0.4095394736842105,0.8260869565217391,divergent
E02000442,Harrow,8,-0.0142421159715157,Counter-led,0.4524010109519797,0.8306508047585724,concordant,Counter-led,0.4397031539888683,0.8389105058365759,concordant
E02000443,Harrow,5,-0.0162767039674465,Symmetric,0.5067615658362989,0.928005284015852,concordant,Cascade-led,0.5224913494809689,0.8810975609756098,concordant
E02000444,Harrow,8,0.0427263479145473,Counter-led,0.4323394495412844,0.8180112570356473,concordant,Lateral,0.4983240223463687,0.7802964254577158,concordant
E02000445,Harrow,6,-0.0661241098677518,Symmetric,0.4816933638443936,0.9113660062565172,concordant,Symmetric,0.4822266934942991,0.9330413016270338,concordant
E02000447,Harrow,9,-0.081383519837233,Counter-led,0.4641148325358851,0.8438761776581427,concordant,Counter-led,0.406568516421291,0.8606237816764133,concordant
E02000448,Harrow,10,0.0264496439471007,Lateral,0.4491392801251956,0.7517647058823529,concordant,Lateral,0.43261231281198,0.7597977243994943,concordant
E02000449,Harrow,7,-0.0447609359104781,Symmetric,0.4994753410283316,0.8711151736745887,divergent,Counter-led,0.4686503719447396,0.928923988153998,divergent
E02000451,Harrow,10,-0.0213631739572736,Counter-led,0.4601626016260162,0.837874659400545,concordant,Counter-led,0.4238310708898944,0.8554838709677419,concordant
E02000452,Harrow,7,-0.0528992878942014,Counter-led,0.4791929382093317,0.8162635100360268,concordant,Counter-led,0.4643064422518862,0.788558352402746,divergent
E02000453,Harrow,9,-0.0274669379450661,Counter-led,0.4681861348528015,0.8547077922077922,concordant,Counter-led,0.454468085106383,0.8570386579139314,concordant
E02000454,Harrow,10,-0.0071210579857579,Lateral,0.4587525150905432,0.7362962962962963,concordant,Lateral,0.4715596330275229,0.6925031766200762,concordant
E02000455,Harrow,7,-0.0528992878942014,Lateral,0.4764912280701754,0.7795404814004376,concordant,Lateral,0.4650776053215077,0.7762478485370051,divergent
E02000456,Harrow,8,-0.0264496439471007,Symmetric,0.4954212454212454,0.8646080760095012,concordant,Counter-led,0.4394299287410926,0.8574338085539714,concordant
E02000457,Harrow,10,-0.0935910478128179,Symmetric,0.480327868852459,0.8591549295774648,concordant,Cascade-led,0.5335968379446641,0.8835855646100116,concordant
E02000459,Harrow,7,-0.0956256358087487,Symmetric,0.5171875,0.807061790668348,divergent,Counter-led,0.4479166666666667,0.8205128205128205,divergent
E02000460,Harrow,5,-0.0366225839267548,Counter-led,0.3825995807127882,0.9362119725220804,concordant,Symmetric,0.4977628635346756,0.8764705882352941,concordant
E02000461,Harrow,9,0.0030518819938961,Counter-led,0.4011299435028249,0.8747940691927513,concordant,Symmetric,0.4942222222222222,0.8985623003194888,concordant
E02000462,Harrow,8,-0.0925737538148524,Symmetric,0.4816017316017316,0.8741721854304636,concordant,Symmetric,0.5011415525114156,0.913451511991658,concordant
E02000463,Harrow,7,-0.1108850457782298,Lateral,0.5184713375796178,0.7764589515331355,concordant,Counter-led,0.4384508990318119,0.8329493087557603,divergent
E02000464,Havering,4,-0.0895218718209562,Symmetric,0.4935897435897436,0.8125,concordant,Counter-led,0.4473197781885397,0.7909356725146199,concordant
E02000465,Havering,4,-0.1200406917599186,Counter-led,0.3813682678311499,0.8207885304659498,concordant,Counter-led,0.4577259475218659,0.825511432009627,concordant
E02000466,Havering,6,-0.1017293997965412,Symmetric,0.5037593984962406,0.9637681159420288,concordant,Counter-led,0.4380825565912117,0.955470737913486,divergent
E02000467,Havering,2,-0.1271617497456764,Counter-led,0.4605504587155963,0.9388458225667528,concordant,Symmetric,0.4876712328767123,0.9327086882453152,concordant
E02000468,Havering,7,-0.0864699898270601,Lateral,0.3918629550321199,0.7412698412698413,concordant,Counter-led,0.3546511627906977,0.8349514563106796,concordant
E02000469,Havering,4,-0.1169888097660223,Cascade-led,0.5309734513274337,0.795774647887324,concordant,Symmetric,0.4975429975429975,0.8847826086956522,concordant
E02000470,Havering,9,-0.0457782299084434,Counter-led,0.4113821138211382,0.7925257731958762,concordant,Counter-led,0.3489010989010989,0.8291571753986332,concordant
E02000471,Havering,10,-0.0356052899287894,Counter-led,0.4423791821561338,0.9259896729776248,concordant,Counter-led,0.2948929159802306,0.9352850539291218,concordant
E02000472,Havering,9,-0.0437436419125127,Counter-led,0.4057142857142857,0.9174311926605504,concordant,Counter-led,0.3724604966139955,0.9124613800205972,concordant
E02000473,Havering,9,-0.0508646998982705,Counter-led,0.330945558739255,0.7825112107623319,concordant,Lateral,0.3761713520749665,0.7614678899082569,concordant
E02000474,Havering,7,-0.1068158697863682,Lateral,0.4414758269720101,0.7782178217821782,concordant,Counter-led,0.3833543505674653,0.8034447821681864,concordant
E02000475,Havering,9,-0.0172939979654119,Counter-led,0.4107142857142857,0.8109028960817717,concordant,Counter-led,0.4017199017199017,0.8051434223541049,concordant
E02000476,Havering,5,-0.0193285859613428,Symmetric,0.484181568088033,0.9368556701030928,concordant,Counter-led,0.4484641638225256,0.945771465461588,concordant
E02000477,Havering,10,0.0081383519837232,Counter-led,0.4327044025157233,0.8833333333333333,concordant,Counter-led,0.382640586797066,0.8674443266171792,concordant
E02000478,Havering,10,-0.0040691759918616,Counter-led,0.4229828850855746,0.8503118503118503,concordant,Lateral,0.3687707641196013,0.7838541666666666,concordant
E02000479,Havering,7,-0.0752797558494404,Counter-led,0.4016172506738544,0.8522205206738132,concordant,Counter-led,0.4047244094488189,0.8472314876584389,concordant
E02000480,Havering,7,-0.1495422177009155,Counter-led,0.4182648401826484,0.8171641791044776,concordant,Counter-led,0.3754491017964071,0.85334695963209,concordant
E02000481,Havering,10,-0.034587995930824,Lateral,0.3785310734463277,0.7209775967413442,concordant,Lateral,0.3478260869565217,0.7356902356902357,concordant
E02000482,Havering,10,-0.0010172939979654,Lateral,0.4367088607594936,0.6345381526104418,concordant,Lateral,0.3927492447129909,0.6867219917012448,concordant
E02000483,Havering,8,-0.0152594099694811,Counter-led,0.4055068836045056,0.923699421965318,divergent,Counter-led,0.417391304347826,0.9252873563218392,divergent
E02000484,Havering,9,-0.0478128179043743,Counter-led,0.4550359712230216,0.8298507462686567,concordant,Counter-led,0.3057324840764331,0.8010204081632653,concordant
E02000485,Havering,9,0.0122075279755849,Counter-led,0.422360248447205,0.8621151271753681,concordant,Counter-led,0.4211920529801324,0.8435754189944135,concordant
E02000486,Havering,9,-0.0111902339776195,Counter-led,0.4288321167883211,0.817910447761194,concordant,Counter-led,0.3701399688958009,0.8607764390896921,concordant
E02000487,Havering,10,-0.0111902339776195,Lateral,0.4648910411622276,0.7361853832442068,concordant,Lateral,0.3655913978494624,0.6966292134831461,concordant
E02000488,Havering,10,0.0040691759918616,Counter-led,0.4135188866799205,0.8525423728813559,concordant,Counter-led,0.2841091492776886,0.8799435028248588,concordant
E02000489,Havering,8,-0.0549338758901323,Symmetric,0.4840255591054313,0.8917378917378918,concordant,Counter-led,0.3935064935064935,0.8995327102803738,concordant
E02000490,Havering,8,-0.0885045778229909,Counter-led,0.4496753246753247,0.9166666666666666,concordant,Counter-led,0.4297297297297297,0.893719806763285,concordant
E02000491,Havering,5,-0.1363173957273651,Counter-led,0.4766355140186916,0.9339152119700748,zero,Counter-led,0.4162323157110946,0.9491166077738517,divergent
E02000492,Havering,9,-0.108850457782299,Counter-led,0.3503649635036496,0.9013157894736842,concordant,Counter-led,0.3310344827586207,0.8895705521472392,concordant
E02000493,Havering,6,-0.1342828077314344,Counter-led,0.4787985865724382,0.9417637271214644,concordant,Counter-led,0.3821917808219178,0.9681697612732096,concordant
E02000494,Hillingdon,10,-0.0406917599186164,Counter-led,0.4330218068535825,0.8305304010349288,concordant,Counter-led,0.3625827814569536,0.8543140028288543,concordant
E02000495,Hillingdon,8,0.0406917599186165,Counter-led,0.4780701754385965,0.837465564738292,divergent,Counter-led,0.4626696832579186,0.8200371057513914,concordant
E02000496,Hillingdon,7,-0.0620549338758901,Symmetric,0.4981549815498155,0.924914675767918,divergent,Symmetric,0.5040322580645161,0.901818181818182,divergent
E02000497,Hillingdon,8,-0.0203458799593082,Symmetric,0.484504132231405,0.8439407149084568,divergent,Counter-led,0.4085106382978723,0.7885906040268457,concordant
E02000498,Hillingdon,9,0.027466937945066,Symmetric,0.5089285714285714,0.9003215434083601,concordant,Counter-led,0.4620390455531453,0.8731060606060606,concordant
E02000499,Hillingdon,10,0.0305188199389623,Lateral,0.4640657084188911,0.7214814814814815,concordant,Lateral,0.3630434782608696,0.7098765432098766,concordant
E02000500,Hillingdon,10,0.0142421159715158,Lateral,0.4553072625698324,0.7435098650051921,concordant,Lateral,0.4171428571428571,0.7743362831858407,concordant
E02000501,Hillingdon,10,-0.010172939979654,Lateral,0.4190140845070422,0.6977886977886978,concordant,Lateral,0.4329446064139942,0.7440347071583514,concordant
E02000502,Hillingdon,9,0.0824008138351983,Counter-led,0.4321951219512195,0.937785910338518,concordant,Counter-led,0.3770685579196217,0.9087003222341568,concordant
E02000503,Hillingdon,10,0.0305188199389623,Lateral,0.4223227752639517,0.7525539160045402,concordant,Lateral,0.3751937984496124,0.75,concordant
E02000504,Hillingdon,10,0.0,Lateral,0.4294871794871794,0.7155963302752294,concordant,Counter-led,0.3255813953488372,0.8127147766323024,concordant
E02000506,Hillingdon,10,0.0132248219735504,Counter-led,0.4666666666666667,0.8321479374110953,concordant,Counter-led,0.4158249158249158,0.8330995792426368,concordant
E02000507,Hillingdon,8,0.0305188199389624,Symmetric,0.5015243902439024,0.8378033205619413,concordant,Counter-led,0.4355628058727569,0.8549511854951185,concordant
E02000508,Hillingdon,7,0.0457782299084436,Cascade-led,0.5758327427356484,0.9282894736842106,concordant,Cascade-led,0.5642771325590709,0.9227642276422764,concordant
E02000509,Hillingdon,4,0.2868769074262461,Cascade-led,0.6253031527890056,0.906891495601173,concordant,Cascade-led,0.623849188952214,0.8969720802202124,concordant
E02000510,Hillingdon,8,-0.0661241098677518,Counter-led,0.4384615384615384,0.8924485125858124,concordant,Counter-led,0.4682875264270613,0.8907721280602636,concordant
E02000511,Hillingdon,8,-0.0478128179043743,Counter-led,0.4391217564870259,0.9109090909090908,concordant,Counter-led,0.4616384915474642,0.8941860465116279,concordant
E02000512,Hillingdon,5,-0.1088504577822991,Cascade-led,0.5330915684496826,0.8432721712538226,divergent,Counter-led,0.471635150166852,0.8449248120300752,concordant
E02000513,Hillingdon,3,-0.0467955239064089,Counter-led,0.4522028262676641,0.9072398190045248,concordant,Symmetric,0.4881656804733728,0.9226569608735212,concordant
E02000514,Hillingdon,7,-0.1027466937945066,Cascade-led,0.5360059391239792,0.9315352697095436,concordant,Symmetric,0.4805510534846029,0.8948513415518492,concordant
E02000515,Hillingdon,5,-0.1454730417090539,Cascade-led,0.588622754491018,0.8586118251928021,concordant,Cascade-led,0.5566090351366425,0.8607777244359097,divergent
E02000516,Hillingdon,5,-0.0305188199389623,Counter-led,0.4591002044989775,0.8631950573698146,concordant,Counter-led,0.4320096269554753,0.856701030927835,divergent
E02000517,Hillingdon,4,-0.0681586978636826,Symmetric,0.5158084914182475,0.8056768558951966,concordant,Lateral,0.5086580086580087,0.7642679900744417,concordant
E02000518,Hillingdon,4,-0.1180061037639877,Cascade-led,0.5623100303951368,0.8259414225941423,concordant,Symmetric,0.4850299401197604,0.7914691943127962,concordant
E02000519,Hillingdon,4,-0.1800610376398779,Lateral,0.514018691588785,0.7739602169981917,concordant,Lateral,0.4049247606019152,0.7670514165792235,concordant
E02000520,Hillingdon,4,-0.0610376398779247,Cascade-led,0.5217678100263852,0.7908189880020866,concordant,Counter-led,0.4729471674092934,0.8178032274856846,concordant
E02000521,Hillingdon,3,-0.0162767039674465,Cascade-led,0.5706254392129304,0.935568704799474,concordant,Cascade-led,0.528343023255814,0.9373297002724796,concordant
E02000522,Hillingdon,5,-0.0590030518819938,Symmetric,0.4973204715969989,0.8077922077922078,divergent,Lateral,0.5130759651307597,0.7483690587138863,divergent
E02000523,Hillingdon,6,0.0010172939979653,Symmetric,0.4935064935064935,0.9316394434361768,concordant,Symmetric,0.4811715481171548,0.9317738791423,concordant
E02000524,Hillingdon,6,-0.1485249237029501,Counter-led,0.4714052287581699,0.9019896831245394,concordant,Counter-led,0.4725956566701138,0.9333976833976834,concordant
E02000525,Hillingdon,5,-0.0061037639877924,Symmetric,0.5095238095238095,0.8240680183126227,concordant,Counter-led,0.4756317689530686,0.8028985507246377,concordant
E02000526,Hounslow,9,0.0142421159715157,Symmetric,0.5117460317460317,0.8569096844396082,concordant,Counter-led,0.4722412611377656,0.8638247483718177,concordant
E02000528,Hounslow,3,-0.0854526958290946,Cascade-led,0.5849914724275156,0.9243300052548608,concordant,Lateral,0.5,0.0,zero
E02000529,Hounslow,6,-0.0793489318413021,Counter-led,0.4785046728971963,0.854632587859425,concordant,Cascade-led,0.534446764091858,0.9149952244508118,concordant
E02000530,Hounslow,3,-0.1515768056968464,Counter-led,0.4330011074197121,0.8931750741839762,concordant,Counter-led,0.4459644322845417,0.9253164556962026,concordant
E02000531,Hounslow,6,-0.1464903357070193,Symmetric,0.4870950027457441,0.8717089516515079,concordant,Symmetric,0.4864715626725566,0.8983134920634921,concordant
E02000532,Hounslow,8,-0.0020345879959309,Symmetric,0.488871834228703,0.8153942428035044,concordant,Symmetric,0.5043478260869565,0.7900763358778626,concordant
E02000533,Hounslow,8,-0.0244150559511698,Counter-led,0.4780907668231612,0.8073278584965256,concordant,Symmetric,0.4817184643510054,0.7842293906810036,concordant
E02000534,Hounslow,9,-0.0549338758901322,Counter-led,0.4680851063829787,0.851963746223565,concordant,Counter-led,0.466529351184346,0.850262697022767,concordant
E02000535,Hounslow,7,-0.0742624618514751,Cascade-led,0.521415270018622,0.7943786982248521,concordant,Lateral,0.5156599552572707,0.7525252525252525,concordant
E02000536,Hounslow,7,-0.1373346897253305,Symmetric,0.4917319408181027,0.7973629424011104,concordant,Lateral,0.4566768603465851,0.7431818181818182,concordant
E02000537,Hounslow,9,-0.1790437436419124,Cascade-led,0.5736040609137056,0.9010863350485993,concordant,Symmetric,0.4914751667902149,0.8904290429042905,concordant
E02000538,Hounslow,5,-0.0305188199389623,Lateral,0.499054820415879,0.7251542152159013,concordant,Lateral,0.4573234984193888,0.7266462480857581,concordant
E02000539,Hounslow,6,-0.0610376398779246,Symmetric,0.5097508125677139,0.8794664125774179,divergent,Cascade-led,0.5276344878408253,0.8834635416666666,concordant
E02000540,Hounslow,7,-0.1759918616480162,Lateral,0.4996186117467582,0.7517201834862385,concordant,Lateral,0.4615839243498817,0.7635379061371841,concordant
E02000541,Hounslow,5,-0.0284842319430315,Lateral,0.4404761904761904,0.7721602101116218,concordant,Counter-led,0.4699312714776632,0.7880839539607312,concordant
E02000542,Hounslow,6,-0.1200406917599186,Cascade-led,0.5200892857142857,0.8897715988083416,concordant,Counter-led,0.4487632508833922,0.9065670048051254,concordant
E02000543,Hounslow,7,-0.1627670396744658,Lateral,0.5095969289827256,0.7715660866345798,concordant,Lateral,0.4492398234428642,0.7447041636230826,concordant
E02000544,Hounslow,9,-0.1007121057985758,Symmetric,0.484167517875383,0.8625550660792951,concordant,Symmetric,0.4848484848484848,0.8657921291624622,concordant
E02000545,Hounslow,5,-0.08646998982706,Cascade-led,0.5212418300653595,0.8831168831168831,concordant,Counter-led,0.4730483271375464,0.8929460580912864,concordant
E02000546,Hounslow,7,-0.1261444557477111,Lateral,0.5298387096774193,0.7774294670846394,concordant,Lateral,0.5109261186264308,0.7209302325581395,concordant
E02000547,Hounslow,5,0.0396744659206509,Lateral,0.4870689655172414,0.656758669497523,concordant,Lateral,0.5967336683417085,0.6797608881298036,concordant
E02000548,Hounslow,5,-0.1139369277721261,Lateral,0.582089552238806,0.6821818181818182,concordant,Lateral,0.5156695156695157,0.6358695652173914,concordant
E02000549,Hounslow,6,-0.0874872838250254,Counter-led,0.4631093544137022,0.923919659160073,concordant,Symmetric,0.4814814814814814,0.8957345971563981,divergent
E02000550,Hounslow,5,-0.1312309257375381,Lateral,0.5179437439379243,0.7085910652920963,concordant,Lateral,0.4836158192090395,0.7649092480553155,concordant
E02000551,Hounslow,2,-0.0417090539165818,Symmetric,0.5110602593440122,0.9931818181818182,concordant,Cascade-led,0.59436913451512,0.9726166328600404,concordant
E02000552,Hounslow,7,-0.0640895218718209,Counter-led,0.4384828862164662,0.9046025104602512,concordant,Counter-led,0.420389461626575,0.879154078549849,concordant
E02000553,Hounslow,5,0.0203458799593082,Lateral,0.5591054313099042,0.7825,concordant,Cascade-led,0.5606936416184971,0.829073482428115,concordant
E02000554,Islington,1,-0.0233977619532044,Counter-led,0.4582857142857143,0.8816120906801007,concordant,Counter-led,0.4716417910447761,0.8656330749354005,concordant
E02000555,Islington,3,0.0600203458799593,Counter-led,0.4569499155880698,0.8510536398467433,concordant,Counter-led,0.4654450261780105,0.8809963099630996,concordant
E02000556,Islington,3,0.0274669379450661,Symmetric,0.4842625899280575,0.8323353293413174,concordant,Symmetric,0.5114367405289493,0.8437876960193004,concordant
E02000557,Islington,2,-0.0203458799593082,Symmetric,0.5035188739603327,0.8407746100053792,concordant,Counter-led,0.4762443438914027,0.8561743341404359,concordant
E02000558,Islington,1,0.0020345879959308,Counter-led,0.4506949040370615,0.8220892274211099,concordant,Counter-led,0.4766404199475065,0.8147989734816082,concordant
E02000559,Islington,4,0.1688708036622584,Symmetric,0.4854510184287099,0.8559568285595683,concordant,Symmetric,0.4939637826961771,0.8572660629581716,concordant
E02000560,Islington,3,0.1007121057985757,Cascade-led,0.5440362355309512,0.8296450939457203,concordant,Symmetric,0.4861426624261699,0.8432950191570882,divergent
E02000561,Islington,4,0.224821973550356,Cascade-led,0.522075055187638,0.8878000979911808,divergent,Counter-led,0.4546035805626598,0.8555798687089715,concordant
E02000562,Islington,3,0.1332655137334689,Counter-led,0.4500306560392397,0.8684771033013845,concordant,Symmetric,0.4973333333333333,0.8766803039158387,concordant
E02000563,Islington,2,-0.0783316378433367,Symmetric,0.5030336458907887,0.818510158013544,concordant,Counter-led,0.4688940092165898,0.8286396181384248,concordant
E02000564,Islington,2,0.1322482197355035,Symmetric,0.4849325931800158,0.8241830065359477,concordant,Symmetric,0.4921340629274965,0.8252893028506915,concordant
E02000565,Islington,2,0.0874872838250254,Lateral,0.448051948051948,0.7364505844845909,concordant,Lateral,0.5387374461979914,0.765934065934066,concordant
E02000566,Islington,4,0.1800610376398779,Cascade-led,0.5236151603498542,0.8618090452261307,concordant,Symmetric,0.4832460732984293,0.8642533936651584,concordant
E02000567,Islington,2,0.0976602238046795,Lateral,0.4609137055837563,0.7629744384198296,concordant,Counter-led,0.4689146469968387,0.7839735646427096,concordant
E02000568,Islington,1,0.0640895218718209,Symmetric,0.5035394053798962,0.8402061855670103,concordant,Cascade-led,0.532168726033234,0.8249560632688928,concordant
E02000569,Islington,2,0.091556459816887,Counter-led,0.4685236768802228,0.8096526838069463,concordant,Counter-led,0.4714047751249306,0.8043769539973202,concordant
E02000570,Islington,6,0.1159715157680569,Symmetric,0.4907275320970042,0.9219640508548882,concordant,Cascade-led,0.5267727930535456,0.9279319606087736,concordant
E02000571,Islington,2,-0.0091556459816886,Counter-led,0.4728739002932551,0.8094955489614243,concordant,Counter-led,0.4695431472081218,0.788,concordant
E02000572,Islington,1,-0.017293997965412,Symmetric,0.4980620155038759,0.8260405549626467,concordant,Cascade-led,0.5210864903502502,0.8437876960193004,concordant
E02000573,Islington,5,0.0620549338758901,Cascade-led,0.5475543478260869,0.9242360820426956,concordant,Counter-led,0.4671002295332823,0.9004478126076473,concordant
E02000574,Islington,4,0.0498474059003051,Cascade-led,0.5384615384615384,0.9098516546215292,concordant,Symmetric,0.4834766862833861,0.920033319450229,divergent
E02000575,Islington,5,0.0335707019328586,Cascade-led,0.6036866359447005,0.9200113058224986,concordant,Symmetric,0.511830201809325,0.9023547880690738,concordant
E02000576,Islington,3,0.0457782299084435,Cascade-led,0.5212435233160622,0.9001865671641791,concordant,Symmetric,0.4857808857808858,0.8918918918918919,concordant
E02000577,Kensington and Chelsea,1,-0.0274669379450661,Counter-led,0.4539748953974895,0.8901303538175046,concordant,Counter-led,0.4630434782608695,0.8923375363724539,concordant
E02000578,Kensington and Chelsea,2,-0.1017293997965411,Counter-led,0.4454828660436137,0.8025,concordant,Counter-led,0.462,0.8291873963515755,concordant
E02000579,Kensington and Chelsea,2,0.0274669379450661,Counter-led,0.4628921193573068,0.803318992009834,concordant,Counter-led,0.4713322091062394,0.8207612456747405,concordant
E02000580,Kensington and Chelsea,2,-0.0640895218718209,Symmetric,0.5198019801980198,0.8407908428720083,concordant,Symmetric,0.5143560295324036,0.8518518518518519,concordant
E02000581,Kensington and Chelsea,2,-0.1078331637843336,Counter-led,0.441588785046729,0.7970204841713222,concordant,Lateral,0.4654178674351585,0.7824126268320181,concordant
E02000582,Kensington and Chelsea,7,-0.0274669379450661,Cascade-led,0.5562347188264058,0.80990099009901,concordant,Counter-led,0.4776437189496096,0.814921920185078,concordant
E02000583,Kensington and Chelsea,7,-0.017293997965412,Symmetric,0.5181543116490166,0.7930413917216557,concordant,Symmetric,0.5026737967914439,0.848714069591528,concordant
E02000584,Kensington and Chelsea,9,-0.005086469989827,Cascade-led,0.5281124497991968,0.8469387755102041,concordant,Symmetric,0.501067615658363,0.8770287141073658,concordant
E02000585,Kensington and Chelsea,7,0.0284842319430316,Symmetric,0.4941419710544452,0.8079064587973274,concordant,Symmetric,0.5089285714285714,0.8670967741935484,concordant
E02000586,Kensington and Chelsea,9,0.0203458799593081,Lateral,0.5860349127182045,0.7767554479418887,concordant,Lateral,0.4939341421143847,0.7765814266487214,concordant
E02000587,Kensington and Chelsea,8,0.0274669379450661,Cascade-led,0.557161629434954,0.8968768414849735,concordant,Symmetric,0.4804741980474198,0.9030226700251888,concordant
E02000588,Kensington and Chelsea,9,-0.0356052899287894,Lateral,0.4775900073475386,0.754016620498615,concordant,Lateral,0.4485294117647059,0.768361581920904,concordant
E02000589,Kensington and Chelsea,7,-0.0457782299084436,Cascade-led,0.6003498032356799,0.8867778208607987,concordant,Symmetric,0.4936900555275114,0.8773250664304695,concordant
E02000590,Kensington and Chelsea,7,-0.1281790437436419,Symmetric,0.5071267816954238,0.8792875989445911,concordant,Counter-led,0.4464127546501328,0.8488721804511278,divergent
E02000591,Kensington and Chelsea,4,-0.1149542217700915,Cascade-led,0.5296961325966851,0.9427083333333334,concordant,Symmetric,0.4989953114534494,0.9431459254579913,concordant
E02000592,Kensington and Chelsea,9,0.0091556459816887,Cascade-led,0.5783817951959545,0.8010126582278481,concordant,Symmetric,0.5138576779026217,0.7922848664688428,concordant
E02000593,Kensington and Chelsea,6,0.0661241098677518,Symmetric,0.5171489817792069,0.8898426323319027,concordant,Symmetric,0.4839934888768312,0.8552204176334107,concordant
E02000594,Kensington and Chelsea,8,0.0010172939979653,Cascade-led,0.5645302897278315,0.806657223796034,concordant,Symmetric,0.4965277777777778,0.8205128205128205,concordant
E02000595,Kensington and Chelsea,8,-0.0498474059003052,Symmetric,0.4916387959866221,0.7889182058047494,concordant,Symmetric,0.5109938434476693,0.8035335689045936,concordant
E02000596,Kensington and Chelsea,8,0.0244150559511698,Cascade-led,0.5850487540628385,0.8429223744292238,concordant,Cascade-led,0.5233706385780118,0.8495525727069351,concordant
E02000597,Kensington and Chelsea,4,-0.2065106815869786,Symmetric,0.5144404332129964,0.9248747913188649,concordant,Counter-led,0.4694104560622914,0.9239465570400822,concordant
E02000598,Kingston upon Thames,10,0.0040691759918617,Lateral,0.4762741652021089,0.6855421686746987,concordant,Lateral,0.4435797665369649,0.6772068511198946,concordant
E02000599,Kingston upon Thames,10,0.0020345879959308,Lateral,0.5122235157159488,0.6861022364217252,concordant,Lateral,0.6074313408723748,0.6742919389978214,concordant
E02000600,Kingston upon Thames,10,0.0162767039674466,Lateral,0.456221198156682,0.7026443604964921,concordant,Lateral,0.4661810613943808,0.7220135236664162,concordant
E02000601,Kingston upon Thames,9,0.0345879959308239,Counter-led,0.4625492772667542,0.7825192802056555,divergent,Counter-led,0.4007722007722007,0.7925336597307222,concordant
E02000602,Kingston upon Thames,6,0.0284842319430315,Cascade-led,0.5428441203281678,0.965669014084507,concordant,Symmetric,0.5030927835051546,0.9537856440511308,concordant
E02000603,Kingston upon Thames,8,-0.0935910478128179,Symmetric,0.483249581239531,0.8937125748502994,concordant,Counter-led,0.4618025751072961,0.934242181234964,concordant
E02000604,Kingston upon Thames,10,-0.0742624618514751,Lateral,0.486784140969163,0.6416961130742049,concordant,Lateral,0.4754285714285714,0.6767208043310131,concordant
E02000605,Kingston upon Thames,10,-0.0935910478128179,Lateral,0.4397759103641456,0.5876543209876544,concordant,Lateral,0.4554621848739495,0.609007164790174,concordant
E02000606,Kingston upon Thames,9,0.0193285859613427,Lateral,0.5239477503628447,0.7069083447332422,concordant,Lateral,0.5264008620689655,0.7394422310756972,concordant
E02000607,Kingston upon Thames,10,0.0152594099694811,Cascade-led,0.5855263157894737,0.8336380255941499,concordant,Symmetric,0.5115633672525439,0.8201820940819423,concordant
E02000608,Kingston upon Thames,9,-0.0040691759918616,Lateral,0.4935593220338983,0.6641152633948672,concordant,Lateral,0.4653979238754325,0.7175667287399131,concordant
E02000609,Kingston upon Thames,9,-0.0508646998982705,Symmetric,0.4985754985754986,0.8347205707491082,concordant,Cascade-led,0.5211726384364821,0.8015665796344648,divergent
E02000610,Kingston upon Thames,8,-0.0528992878942015,Cascade-led,0.5203969128996693,0.909729187562688,concordant,Symmetric,0.4996108949416342,0.9198282032927704,concordant
E02000611,Kingston upon Thames,10,-0.0061037639877925,Lateral,0.5401069518716578,0.7674418604651163,concordant,Lateral,0.3604060913705584,0.7476280834914611,concordant
E02000612,Kingston upon Thames,10,-0.0406917599186164,Lateral,0.4933993399339934,0.6703539823008849,concordant,Lateral,0.4589614740368509,0.6869965477560415,concordant
E02000613,Kingston upon Thames,9,-0.0295015259409969,Lateral,0.4470588235294118,0.6296296296296297,concordant,Lateral,0.4072327044025157,0.6780383795309168,concordant
E02000614,Kingston upon Thames,9,-0.0996948118006103,Lateral,0.5212201591511937,0.6762331838565022,concordant,Lateral,0.5224312590448625,0.685515873015873,divergent
E02000615,Kingston upon Thames,9,-0.0254323499491352,Lateral,0.4765342960288808,0.7204161248374512,concordant,Lateral,0.4909090909090909,0.7236842105263158,divergent
E02000616,Kingston upon Thames,10,-0.0335707019328586,Symmetric,0.5062344139650873,0.7972166998011928,concordant,Counter-led,0.3578680203045685,0.8057259713701431,concordant
E02000617,Kingston upon Thames,8,-0.1057985757884028,Cascade-led,0.5892053973013494,0.8639896373056994,concordant,Symmetric,0.5176056338028169,0.9044585987261148,concordant
E02000619,Lambeth,3,0.034587995930824,Counter-led,0.4576737783895389,0.8592548787699587,concordant,Symmetric,0.4838709677419355,0.8410094637223975,concordant
E02000620,Lambeth,4,0.0233977619532044,Counter-led,0.4766893661602933,0.8435704816615113,concordant,Symmetric,0.4822834645669291,0.8706083976006855,concordant
E02000621,Lambeth,5,-0.0895218718209562,Counter-led,0.4745019920318725,0.843981170141224,concordant,Symmetric,0.48711943793911,0.8663454222673092,concordant
E02000622,Lambeth,4,0.0752797558494404,Symmetric,0.5144968732234224,0.8297169811320755,concordant,Symmetric,0.5074127211860354,0.8520782396088019,concordant
E02000623,Lambeth,3,0.0,Symmetric,0.4902108433734939,0.83,concordant,Symmetric,0.4886524822695035,0.8377896613190731,concordant
E02000624,Lambeth,2,0.0406917599186164,Symmetric,0.4984930681133213,0.853834276891405,concordant,Symmetric,0.483577564426478,0.8695079086115993,concordant
E02000625,Lambeth,3,-0.08646998982706,Counter-led,0.4372647427854454,0.8263348885432866,concordant,Counter-led,0.4606192286800651,0.850739371534196,concordant
E02000626,Lambeth,2,-0.0528992878942014,Counter-led,0.4661870503597122,0.7915717539863326,concordant,Counter-led,0.4374453193350831,0.8373626373626374,concordant
E02000627,Lambeth,4,-0.0895218718209562,Counter-led,0.4788461538461538,0.890106128038343,concordant,Symmetric,0.4843363561417972,0.8773960216998191,concordant
E02000628,Lambeth,2,-0.0762970498474059,Counter-led,0.4154929577464789,0.8105864037363778,concordant,Counter-led,0.4736355226641998,0.833140655105973,concordant
E02000629,Lambeth,5,0.0406917599186165,Counter-led,0.4441974210760337,0.8470809792843691,divergent,Symmetric,0.4872997264556467,0.8376432078559738,divergent
E02000630,Lambeth,5,0.0935910478128179,Symmetric,0.4884135472370766,0.8209756097560975,concordant,Counter-led,0.4703579418344519,0.8312412831241283,concordant
E02000631,Lambeth,5,0.1190233977619532,Symmetric,0.4913294797687861,0.7860063607451159,concordant,Symmetric,0.5046838407494145,0.7911069939786939,concordant
E02000632,Lambeth,6,-0.1047812817904375,Symmetric,0.5171986365044934,0.9029099048684948,concordant,Symmetric,0.514646754738656,0.8826362484157161,concordant
E02000633,Lambeth,2,0.0213631739572736,Symmetric,0.4862907397827211,0.853045013239188,concordant,Counter-led,0.4510739856801909,0.8624948538493207,concordant
E02000634,Lambeth,3,-0.0559511698880976,Counter-led,0.4770808202653799,0.8800424628450106,concordant,Counter-led,0.4446978335233751,0.8774387193596799,concordant
E02000635,Lambeth,3,0.0742624618514751,Counter-led,0.4687814702920443,0.8523605150214593,concordant,Counter-led,0.4463863958431743,0.8809821057012068,concordant
E02000636,Lambeth,7,0.0590030518819938,Symmetric,0.5036425449247207,0.930411206507004,concordant,Symmetric,0.4965229485396384,0.9265463917525774,concordant
E02000637,Lambeth,5,0.0498474059003051,Cascade-led,0.5327978580990629,0.8462990936555891,concordant,Symmetric,0.4961866307761328,0.8420853796751039,concordant
E02000638,Lambeth,3,0.1464903357070193,Counter-led,0.4769953051643192,0.8265424912689173,concordant,Counter-led,0.4506172839506173,0.8535300316122234,concordant
E02000639,Lambeth,3,0.0335707019328585,Counter-led,0.4685638649900728,0.8220892274211099,concordant,Symmetric,0.4880883207437536,0.8515586343394359,concordant
E02000640,Lambeth,6,0.091556459816887,Cascade-led,0.5332111772789739,0.8749498997995993,concordant,Symmetric,0.49,0.8896077638495754,concordant
E02000641,Lambeth,2,-0.0376398779247202,Counter-led,0.4706303724928367,0.8097447795823666,concordant,Counter-led,0.4244495064540622,0.8540856031128404,concordant
E02000642,Lambeth,5,-0.0905391658189216,Lateral,0.4904918032786885,0.7475490196078431,concordant,Lateral,0.4668965517241379,0.7745726495726496,concordant
E02000643,Lambeth,4,0.069175991861648,Symmetric,0.4860557768924303,0.9012567324955116,concordant,Symmetric,0.5056179775280899,0.8796046720575023,concordant
E02000644,Lambeth,5,0.0701932858596133,Lateral,0.4446601941747573,0.741718674987998,concordant,Lateral,0.4756554307116105,0.7453936348408711,concordant
E02000645,Lambeth,5,0.0010172939979654,Lateral,0.4841516469857054,0.7186243858865565,concordant,Lateral,0.5018129079042785,0.7182291666666667,concordant
E02000646,Lambeth,5,0.103763987792472,Symmetric,0.5005122950819673,0.7874142799515934,concordant,Symmetric,0.5071315372424723,0.8096663815226689,concordant
E02000647,Lambeth,5,0.0630722278738554,Lateral,0.479489516864175,0.7118754055807917,concordant,Lateral,0.492156862745098,0.710801393728223,concordant
E02000648,Lambeth,2,-0.0417090539165818,Cascade-led,0.5277088502894954,0.8754525706010138,concordant,Symmetric,0.5131428571428571,0.875,concordant
E02000649,Lambeth,3,0.1414038657171922,Symmetric,0.5057929036929761,0.8892466194462331,concordant,Symmetric,0.4874551971326165,0.886558627264061,concordant
E02000650,Lambeth,4,-0.1515768056968464,Symmetric,0.5051020408163265,0.8490974729241877,concordant,Symmetric,0.4885736800630417,0.8499665103817816,concordant
E02000651,Lambeth,5,0.08646998982706,Lateral,0.4434030281182408,0.771412680756396,concordant,Lateral,0.4787556904400607,0.7400336889387984,concordant
E02000652,Lambeth,5,0.0834181078331638,Lateral,0.4504950495049505,0.7680608365019012,divergent,Lateral,0.4275286757038581,0.7388289676425269,concordant
E02000653,Lewisham,2,0.1119023397761952,Symmetric,0.504418762746431,0.8396118721461188,concordant,Counter-led,0.4777486910994764,0.8420279206465834,concordant
E02000654,Lewisham,2,-0.0233977619532044,Symmetric,0.4862012987012987,0.8213333333333334,concordant,Symmetric,0.4893778452200303,0.8536269430051814,concordant
E02000655,Lewisham,4,-0.1658189216683621,Symmetric,0.4918918918918919,0.7905982905982906,concordant,Lateral,0.4635241301907968,0.7757945145842403,concordant
E02000657,Lewisham,4,0.0040691759918616,Lateral,0.5342323651452282,0.7278218195545488,divergent,Lateral,0.4818464730290456,0.756078431372549,divergent
E02000658,Lewisham,4,0.0193285859613427,Lateral,0.4698391420911528,0.7166186359269933,concordant,Lateral,0.4864468864468864,0.75,divergent
E02000659,Lewisham,4,0.0701932858596134,Symmetric,0.4829721362229102,0.8590425531914894,concordant,Counter-led,0.4742268041237113,0.8448139350752177,concordant
E02000660,Lewisham,4,0.0579857578840284,Lateral,0.4728260869565217,0.7673772011121409,divergent,Counter-led,0.4352428393524284,0.7938704893722195,concordant
E02000661,Lewisham,6,0.1271617497456764,Counter-led,0.4774083546462063,0.8325053229240597,concordant,Symmetric,0.4989795918367347,0.8256107834877844,concordant
E02000662,Lewisham,4,0.0305188199389623,Lateral,0.5177584846093133,0.7166289592760181,divergent,Lateral,0.4269005847953216,0.7749244712990937,divergent
E02000663,Lewisham,6,-0.0030518819938962,Symmetric,0.4909222948438634,0.9,concordant,Counter-led,0.4736842105263157,0.8663522012578616,concordant
E02000664,Lewisham,2,-0.0203458799593082,Cascade-led,0.529128550794415,0.8540296052631579,concordant,Lateral,0.5,0.0,zero
E02000665,Lewisham,5,0.0478128179043743,Counter-led,0.4652996845425867,0.8661202185792349,concordant,Counter-led,0.461839530332681,0.8363338788870703,concordant
E02000666,Lewisham,5,-0.0132248219735503,Counter-led,0.4632991318074191,0.875,concordant,Counter-led,0.4522167487684729,0.8451290591174022,concordant
E02000667,Lewisham,6,0.103763987792472,Symmetric,0.4823625922887612,0.8930402930402931,concordant,Counter-led,0.4401664932362122,0.8776255707762557,concordant
E02000668,Lewisham,6,0.1098677517802644,Counter-led,0.479253112033195,0.852343059239611,concordant,Counter-led,0.4184491978609626,0.82560706401766,concordant
E02000669,Lewisham,5,-0.0366225839267548,Counter-led,0.4401095140314853,0.8558875219683656,concordant,Counter-led,0.4779602420051858,0.8583086053412463,concordant
E02000670,Lewisham,3,-0.1912512716174975,Symmetric,0.4971475142624287,0.818,concordant,Symmetric,0.4958158995815899,0.8746569075937786,concordant
E02000671,Lewisham,5,0.0518819938962359,Symmetric,0.5020215633423181,0.8465487735310896,concordant,Symmetric,0.4866310160427807,0.8600525624178712,concordant
E02000672,Lewisham,2,-0.0834181078331637,Cascade-led,0.532475884244373,0.8297758804695837,concordant,Counter-led,0.4752673796791444,0.899579073962718,concordant
E02000673,Lewisham,6,0.1027466937945066,Symmetric,0.4868804664723032,0.8755583918315252,concordant,Counter-led,0.465592972181552,0.8673015873015874,concordant
E02000674,Lewisham,6,-0.06205493387589,Counter-led,0.4277726001863933,0.8681229773462783,concordant,Counter-led,0.4602977667493796,0.8003972194637538,concordant
E02000675,Lewisham,5,0.0620549338758901,Symmetric,0.4807321772639691,0.8571428571428571,concordant,Counter-led,0.4395711500974659,0.8814432989690721,divergent
E02000676,Lewisham,5,0.0681586978636826,Symmetric,0.4995931651749389,0.8452544704264099,concordant,Counter-led,0.4598880597014925,0.877968877968878,concordant
E02000677,Lewisham,6,-0.1007121057985758,Counter-led,0.4287128712871287,0.8501683501683501,concordant,Counter-led,0.43734335839599,0.8391167192429022,concordant
E02000678,Lewisham,3,-0.0773143438453713,Lateral,0.5235204855842185,0.7592165898617511,concordant,Counter-led,0.4526928675400291,0.8408812729498164,concordant
E02000679,Lewisham,4,0.0132248219735504,Symmetric,0.5183028286189684,0.8358831710709318,divergent,Counter-led,0.4632352941176471,0.8171673819742489,concordant
E02000680,Lewisham,3,0.0630722278738555,Symmetric,0.507533703409992,0.8503034389750506,concordant,Symmetric,0.4812030075187969,0.8676607642124884,concordant
E02000681,Lewisham,3,-0.1963377416073245,Counter-led,0.4598459845984598,0.8385608856088561,concordant,Counter-led,0.458498023715415,0.8048780487804879,concordant
E02000682,Lewisham,3,-0.0671414038657172,Cascade-led,0.5515021459227468,0.7905004240882103,concordant,Symmetric,0.5076530612244898,0.835820895522388,concordant
E02000683,Lewisham,3,-0.1139369277721261,Counter-led,0.4699205448354143,0.8187732342007435,concordant,Counter-led,0.4725130890052356,0.9084423305588584,concordant
E02000685,Lewisham,3,0.056968463886063,Cascade-led,0.5609965635738832,0.8398268398268398,concordant,Cascade-led,0.5331412103746398,0.8463414634146341,concordant
E02000686,Lewisham,1,-0.0722278738555442,Symmetric,0.505,0.9727626459143968,concordant,Cascade-led,0.5518518518518518,0.9619952494061758,concordant
E02000687,Lewisham,4,0.0183112919633774,Symmetric,0.4886731391585761,0.8431105047748977,concordant,Symmetric,0.4895104895104895,0.8286423841059603,concordant
E02000689,Merton,10,-0.0661241098677517,Counter-led,0.472463768115942,0.8308248043347382,concordant,Counter-led,0.3997280761386811,0.8306041784302653,concordant
E02000690,Merton,10,-0.0030518819938962,Lateral,0.4784313725490196,0.6280788177339901,concordant,Lateral,0.4642082429501085,0.6306429548563611,concordant
E02000691,Merton,9,0.0223804679552389,Counter-led,0.4528936742934051,0.8362408553742262,concordant,Counter-led,0.4527220630372492,0.851738865161684,concordant
E02000692,Merton,10,0.005086469989827,Lateral,0.4554973821989528,0.6733254994124559,concordant,Lateral,0.4698795180722891,0.676913425345044,concordant
E02000693,Merton,8,-0.0091556459816887,Symmetric,0.4857414448669201,0.9211908931698776,concordant,Counter-led,0.4307133121308496,0.9193817878028404,concordant
E02000694,Merton,9,-0.0020345879959308,Counter-led,0.4604872251931075,0.8478589420654912,concordant,Counter-led,0.4411276948590381,0.8722275795564127,concordant
E02000695,Merton,8,-0.0508646998982706,Cascade-led,0.5423845623707788,0.9277493606138107,concordant,Symmetric,0.5025454545454545,0.917890520694259,concordant
E02000696,Merton,7,-0.0335707019328584,Symmetric,0.4863837872070931,0.9022857142857142,concordant,Symmetric,0.4912398921832884,0.8854415274463007,concordant
E02000697,Merton,10,0.0020345879959308,Lateral,0.4426332288401254,0.7735208535402521,concordant,Counter-led,0.4766780432309442,0.8075333027101516,concordant
E02000698,Merton,10,-0.0091556459816887,Lateral,0.4567164179104477,0.5831157528285466,concordant,Lateral,0.4597544338335607,0.631896551724138,concordant
E02000699,Merton,10,-0.0091556459816887,Lateral,0.4474445515911283,0.679109364767518,concordant,Lateral,0.4152892561983471,0.6487935656836461,concordant
E02000700,Merton,5,-0.0712105798575788,Symmetric,0.5039653929343908,0.900064892926671,concordant,Counter-led,0.4190207156308851,0.885,concordant
E02000701,Merton,7,-0.1098677517802645,Symmetric,0.5164444444444445,0.8568164508758568,concordant,Counter-led,0.4762773722627737,0.8824476650563607,concordant
E02000702,Merton,6,-0.1332655137334689,Cascade-led,0.5408388520971302,0.8539114043355325,concordant,Symmetric,0.4885572139303482,0.8901682905225864,concordant
E02000703,Merton,10,-0.0315361139369277,Lateral,0.5017103762827823,0.7382154882154882,concordant,Lateral,0.5164179104477612,0.6660039761431411,concordant
E02000704,Merton,9,-0.0620549338758901,Counter-led,0.4680851063829787,0.8409542743538767,concordant,Counter-led,0.4611320754716981,0.8531873792659369,divergent
E02000705,Merton,8,-0.0600203458799593,Symmetric,0.4813039309683605,0.9371069182389936,concordant,Counter-led,0.4470169189670525,0.9273327828241124,concordant
E02000706,Merton,4,-0.1190233977619532,Cascade-led,0.5205364626990779,0.9162826420890936,concordant,Counter-led,0.4796334012219959,0.8862815884476535,concordant
E02000707,Merton,6,-0.2146490335707019,Counter-led,0.411154345006485,0.8098739495798319,concordant,Cascade-led,0.527190332326284,0.8465473145780051,concordant
E02000708,Merton,10,-0.0528992878942014,Lateral,0.4707482993197279,0.649867374005305,concordant,Lateral,0.4259259259259259,0.6724137931034483,concordant
E02000709,Merton,10,-0.0122075279755849,Lateral,0.4836488812392427,0.7594771241830065,concordant,Lateral,0.3978494623655914,0.6714801444043321,concordant
E02000710,Merton,6,-0.103763987792472,Symmetric,0.5018050541516246,0.8549382716049383,concordant,Counter-led,0.4515181194906954,0.8870547350130321,divergent
E02000711,Merton,5,-0.0467955239064089,Counter-led,0.46875,0.9226100151745068,concordant,Counter-led,0.4425531914893617,0.8915022761760243,concordant
E02000712,Merton,6,-0.1159715157680569,Counter-led,0.4399624765478424,0.8853820598006644,concordant,Counter-led,0.4233289646133683,0.8955399061032864,concordant
E02000713,Merton,10,-0.0111902339776195,Lateral,0.4332603938730853,0.7085271317829457,concordant,Lateral,0.4231499051233396,0.7380952380952381,concordant
E02000714,Newham,3,0.0630722278738555,Counter-led,0.4421128798842257,0.8396111786148238,concordant,Counter-led,0.4504692387904067,0.7860655737704918,concordant
E02000715,Newham,1,0.1057985757884028,Lateral,0.4743443557582668,0.6086051353226926,concordant,Lateral,0.3463541666666667,0.6736842105263158,concordant
E02000716,Newham,1,0.1017293997965412,Lateral,0.4471403812824956,0.7119062307217767,concordant,Lateral,0.3797297297297297,0.6961429915333961,concordant
E02000717,Newham,1,0.1546286876907426,Lateral,0.4,0.6608410704533042,concordant,Lateral,0.4007352941176471,0.6548956661316212,concordant
E02000718,Newham,1,0.051881993896236,Lateral,0.5308483290488432,0.615506329113924,concordant,Lateral,0.354066985645933,0.6974416017797553,concordant
E02000719,Newham,2,0.1668362156663275,Lateral,0.4719471947194719,0.7548579970104634,concordant,Lateral,0.4643150123051682,0.7464788732394366,concordant
E02000720,Newham,3,0.1444557477110885,Counter-led,0.4427363566487317,0.8442569759896171,concordant,Symmetric,0.5142207053469852,0.8411483253588516,concordant
E02000721,Newham,2,0.0030518819938962,Lateral,0.4894067796610169,0.7552,concordant,Lateral,0.4482758620689655,0.6987951807228916,concordant
E02000722,Newham,2,0.1637843336724313,Lateral,0.4379776601998824,0.73828125,concordant,Lateral,0.4194174757281553,0.7481840193704601,concordant
E02000723,Newham,2,0.2299084435401831,Lateral,0.4297709923664122,0.6830031282586028,divergent,Lateral,0.3895297249334516,0.6931119311193112,divergent
E02000724,Newham,2,0.1017293997965411,Lateral,0.4369009584664536,0.6407369498464688,divergent,Lateral,0.4242424242424242,0.6685962373371924,divergent
E02000725,Newham,1,0.1353001017293998,Lateral,0.5023837902264601,0.6985845129059117,concordant,Lateral,0.4973600844772967,0.7085671530115975,concordant
E02000726,Newham,1,0.2278738555442523,Lateral,0.5354466858789625,0.6564510026485055,concordant,Lateral,0.5,0.0,zero
E02000727,Newham,2,0.1403865717192269,Lateral,0.4535472972972973,0.6588759042849193,concordant,Lateral,0.4270032930845225,0.693302891933029,divergent
E02000728,Newham,4,0.0203458799593082,Cascade-led,0.5273132664437012,0.9527349973446628,concordant,Counter-led,0.4740511231603408,0.9677661169415293,concordant
E02000729,Newham,2,0.1393692777212614,Lateral,0.535,0.6807351940095303,divergent,Lateral,0.4785276073619632,0.7080799304952216,divergent
E02000730,Newham,3,0.0813835198372329,Counter-led,0.4634655532359081,0.8518079430942501,concordant,Counter-led,0.4727000747943156,0.875,concordant
E02000731,Newham,2,0.1047812817904374,Lateral,0.4768009768009768,0.7219039224327898,divergent,Lateral,0.4153153153153153,0.7245430809399478,divergent
E02000732,Newham,1,0.0844354018311292,Lateral,0.5205724508050089,0.7574525745257452,concordant,Lateral,0.4773622047244094,0.7356987690079653,concordant
E02000733,Newham,1,0.1536113936927772,Lateral,0.4842360549717057,0.6429313929313929,concordant,Lateral,0.4500434404865334,0.6806623299822591,concordant
E02000734,Newham,1,0.1281790437436419,Lateral,0.486228813559322,0.6519337016574586,concordant,Lateral,0.4425133689839572,0.6578715919085312,concordant
E02000735,Newham,1,0.0895218718209562,Lateral,0.4842007434944237,0.6805819101834282,concordant,Lateral,0.3823216187433439,0.695040710584752,concordant
E02000736,Newham,1,0.0630722278738555,Lateral,0.4267886855241264,0.7554996857322439,concordant,Lateral,0.4295081967213114,0.7580778790389395,concordant
E02000737,Newham,2,0.0885045778229908,Lateral,0.4316720257234727,0.7203242617255357,divergent,Lateral,0.4628632938643703,0.7274862960062647,divergent
E02000738,Newham,3,0.1739572736520854,Counter-led,0.4265208475734791,0.8872043662825955,concordant,Counter-led,0.429140127388535,0.8832630098452883,concordant
E02000739,Newham,2,0.1057985757884028,Lateral,0.4179236912156167,0.7518345563709139,concordant,Lateral,0.4672995780590717,0.7614457831325301,divergent
E02000740,Newham,1,0.0956256358087487,Lateral,0.4721141374837873,0.5673289183222958,concordant,Lateral,0.4193121693121693,0.6762075134168157,concordant
E02000741,Newham,2,0.1149542217700915,Lateral,0.436608557844691,0.7620772946859904,divergent,Lateral,0.4391592920353982,0.7746358183376179,divergent
E02000742,Newham,2,0.0478128179043743,Lateral,0.4705882352941176,0.7256748273697426,concordant,Lateral,0.4337078651685393,0.7574468085106383,concordant
E02000743,Newham,1,0.0437436419125127,Lateral,0.4760820045558087,0.5761154855643045,concordant,Lateral,0.4266538830297219,0.6418461538461538,concordant
E02000744,Newham,1,0.0437436419125127,Lateral,0.4828263002944062,0.5747320924985899,concordant,Lateral,0.3958573072497123,0.5919618528610354,concordant
E02000745,Newham,2,0.0437436419125127,Lateral,0.4827295703454086,0.7819499341238472,divergent,Symmetric,0.5151228733459358,0.8009084027252081,concordant
E02000746,Newham,1,0.0671414038657172,Lateral,0.4787234042553192,0.7014925373134329,concordant,Lateral,0.6135812449474535,0.7255131964809384,concordant
E02000747,Newham,1,0.0356052899287894,Lateral,0.5314245810055865,0.6183074265975821,concordant,Lateral,0.4889892715979672,0.6718512898330804,concordant
E02000748,Newham,3,0.1017293997965411,Counter-led,0.4659270998415214,0.8925035360678925,concordant,Counter-led,0.4778972520908005,0.9157549234135668,concordant
E02000749,Newham,1,0.0122075279755849,Lateral,0.4356197352587244,0.5995670995670995,concordant,Lateral,0.4365853658536585,0.6074074074074074,concordant
E02000750,Newham,1,0.4364191251271617,Lateral,0.5097919216646267,0.6819699499165276,concordant,Lateral,0.5,0.0,zero
E02000751,Redbridge,10,0.0386571719226855,Counter-led,0.4055158324821246,0.9702675916749256,concordant,Counter-led,0.4251207729468599,0.97918637653737,concordant
E02000752,Redbridge,3,0.0417090539165818,Counter-led,0.428099173553719,0.8845029239766082,concordant,Counter-led,0.461734693877551,0.9212690951821386,concordant
E02000753,Redbridge,5,-0.0701932858596134,Counter-led,0.4487632508833922,0.9625850340136054,concordant,Counter-led,0.4439655172413793,0.9693593314763232,divergent
E02000754,Redbridge,8,-0.0172939979654119,Counter-led,0.423728813559322,0.921875,concordant,Counter-led,0.3851132686084142,0.939209726443769,concordant
E02000755,Redbridge,7,-0.0132248219735503,Lateral,0.4239828693790149,0.7618270799347472,concordant,Lateral,0.5064935064935064,0.7534246575342466,concordant
E02000756,Redbridge,7,0.0152594099694811,Lateral,0.4517810599478714,0.7257250945775536,concordant,Lateral,0.408483896307934,0.7805027590435316,concordant
E02000757,Redbridge,9,0.0284842319430315,Counter-led,0.4096009975062344,0.9451974071891572,concordant,Counter-led,0.4378818737270876,0.94909793814433,concordant
E02000758,Redbridge,7,0.0142421159715157,Lateral,0.4041237113402062,0.6726768377253814,concordant,Lateral,0.4278728606356968,0.7290552584670231,concordant
E02000759,Redbridge,7,0.0447609359104781,Counter-led,0.4508529650690495,0.8483804272915231,concordant,Counter-led,0.4618380062305296,0.852589641434263,concordant
E02000760,Redbridge,7,-0.0569684638860631,Lateral,0.4991423670668953,0.6915776986951364,concordant,Lateral,0.4470774091627172,0.7160633484162896,concordant
E02000762,Redbridge,9,0.0417090539165818,Counter-led,0.4741258741258741,0.9482758620689656,concordant,Symmetric,0.4985119047619047,0.9753265602322206,concordant
E02000763,Redbridge,6,0.0325534079348932,Counter-led,0.4480286738351254,0.9238410596026492,concordant,Counter-led,0.4125874125874126,0.8710659898477158,divergent
E02000764,Redbridge,8,0.0671414038657172,Counter-led,0.432983682983683,0.9377049180327868,concordant,Counter-led,0.4516339869281046,0.9415384615384615,concordant
E02000765,Redbridge,8,0.0132248219735503,Counter-led,0.4537902388369678,0.937682570593963,concordant,Counter-led,0.4641744548286604,0.9295366795366796,concordant
E02000767,Redbridge,7,0.0132248219735503,Lateral,0.4298584298584298,0.7580487804878049,concordant,Counter-led,0.3927038626609442,0.8247787610619469,concordant
E02000768,Redbridge,9,0.0651068158697864,Symmetric,0.4847222222222222,0.9207161125319692,concordant,Symmetric,0.51010101010101,0.9295774647887324,concordant
E02000769,Redbridge,7,-0.022380467955239,Counter-led,0.3995381062355658,0.8699146157709694,concordant,Lateral,0.5,0.0,zero
E02000770,Redbridge,7,0.0528992878942014,Counter-led,0.4117647058823529,0.8103277060575969,concordant,Counter-led,0.4560301507537688,0.8139059304703476,concordant
E02000772,Redbridge,6,0.0376398779247202,Counter-led,0.4157392686804451,0.871191135734072,concordant,Counter-led,0.4509803921568627,0.8211091234347049,divergent
E02000773,Redbridge,6,0.0783316378433367,Counter-led,0.3694214876033058,0.8845029239766082,concordant,Counter-led,0.4474123539232053,0.8693759071117562,concordant
E02000774,Redbridge,5,-0.0213631739572736,Counter-led,0.4330357142857143,0.9531914893617022,concordant,Counter-led,0.3793103448275862,0.944186046511628,concordant
E02000776,Redbridge,6,0.0376398779247202,Counter-led,0.3898458748866727,0.9222408026755852,concordant,Counter-led,0.3949367088607595,0.8886389201349831,concordant
E02000777,Redbridge,7,-0.0437436419125126,Counter-led,0.4621451104100946,0.9255474452554744,concordant,Counter-led,0.3434704830053667,0.905996758508914,concordant
E02000779,Redbridge,3,0.0539165818921668,Counter-led,0.3957738435179897,0.8942798774259448,concordant,Counter-led,0.4418282548476454,0.8886153846153846,concordant
E02000780,Redbridge,4,0.0925737538148525,Counter-led,0.4357959542656112,0.865296803652968,concordant,Lateral,0.5,0.0,zero
E02000781,Redbridge,7,-0.0061037639877924,Counter-led,0.4552631578947368,0.8775981524249422,concordant,Counter-led,0.4700729927007299,0.8873056994818653,concordant
E02000782,Redbridge,4,-0.1037639877924719,Counter-led,0.4314652261985145,0.8209534368070953,concordant,Counter-led,0.3714859437751004,0.93142144638404,divergent
E02000783,Redbridge,3,-0.0132248219735504,Counter-led,0.4345991561181435,0.9171826625386996,concordant,Counter-led,0.3893805309734513,0.8450854700854701,concordant
E02000784,Richmond upon Thames,10,-0.0264496439471007,Counter-led,0.4782270606531882,0.8579052701801201,concordant,Symmetric,0.5120481927710844,0.8052668052668053,concordant
E02000785,Richmond upon Thames,10,-0.0111902339776195,Lateral,0.4488255033557047,0.7650834403080873,concordant,Lateral,0.4426086956521739,0.7671781187458305,concordant
E02000786,Richmond upon Thames,9,0.0274669379450661,Counter-led,0.4092777451556078,0.8549196787148594,concordant,Counter-led,0.4111261872455902,0.8461538461538461,concordant
E02000787,Richmond upon Thames,9,-0.0457782299084436,Counter-led,0.4124293785310734,0.8100686498855835,concordant,Counter-led,0.4163237311385459,0.8413156376226197,concordant
E02000788,Richmond upon Thames,10,0.0213631739572737,Lateral,0.3915391539153915,0.7426470588235294,concordant,Lateral,0.4214123006833713,0.7434377646062659,concordant
E02000789,Richmond upon Thames,9,-0.0040691759918616,Counter-led,0.3911368015414258,0.8205533596837945,concordant,Counter-led,0.3927203065134099,0.82922954725973,concordant
E02000790,Richmond upon Thames,10,0.0020345879959308,Lateral,0.3838951310861423,0.5014084507042254,concordant,Lateral,0.4097331240188383,0.6125,concordant
E02000791,Richmond upon Thames,10,0.0233977619532044,Lateral,0.4587884806355511,0.6892539356605065,concordant,Lateral,0.4588364434687157,0.6834208552138035,concordant
E02000792,Richmond upon Thames,10,0.0305188199389623,Lateral,0.4485842026825633,0.5209627329192547,concordant,Lateral,0.395007342143906,0.5434956105347167,concordant
E02000793,Richmond upon Thames,9,-0.0437436419125127,Symmetric,0.4906284454244763,0.8857421875,concordant,Symmetric,0.487248322147651,0.861271676300578,concordant
E02000794,Richmond upon Thames,10,0.0183112919633773,Lateral,0.4738461538461538,0.5546075085324232,concordant,Lateral,0.3637901861252115,0.556497175141243,concordant
E02000795,Richmond upon Thames,10,0.0091556459816887,Lateral,0.5183946488294314,0.6281512605042017,concordant,Lateral,0.379381443298969,0.6139240506329114,concordant
E02000796,Richmond upon Thames,8,-0.0946083418107832,Symmetric,0.4870651204281891,0.9436026936026936,divergent,Counter-led,0.468013468013468,0.9428571428571428,concordant
E02000797,Richmond upon Thames,10,0.0122075279755848,Lateral,0.4462705436156763,0.5153094462540717,concordant,Lateral,0.39453125,0.5089463220675944,concordant
E02000798,Richmond upon Thames,10,-0.0376398779247202,Lateral,0.4736164736164736,0.4977578475336323,concordant,Lateral,0.4137447405329593,0.5583398590446359,concordant
E02000799,Richmond upon Thames,10,0.0122075279755849,Lateral,0.4871794871794871,0.4756097560975609,concordant,Lateral,0.4227941176470588,0.4742807323452485,concordant
E02000800,Richmond upon Thames,7,0.0233977619532044,Cascade-led,0.5216,0.9370314842578712,concordant,Cascade-led,0.5772357723577236,0.9609375,concordant
E02000801,Richmond upon Thames,10,0.0020345879959309,Lateral,0.381404174573055,0.4366197183098591,concordant,Lateral,0.3333333333333333,0.4429319371727748,concordant
E02000802,Richmond upon Thames,10,0.0091556459816887,Lateral,0.4493392070484581,0.4503968253968254,concordant,Lateral,0.4229166666666666,0.5257393209200438,concordant
E02000803,Richmond upon Thames,8,-0.1342828077314343,Cascade-led,0.582302568981922,0.9528558476881231,concordant,Cascade-led,0.5311398354876615,0.944506104328524,concordant
E02000804,Richmond upon Thames,10,0.0122075279755849,Lateral,0.3844797178130511,0.4496431403647898,concordant,Lateral,0.3925049309664694,0.4638609332113449,concordant
E02000805,Richmond upon Thames,10,0.0132248219735503,Lateral,0.496900826446281,0.567741935483871,concordant,Lateral,0.4955300127713921,0.5698689956331878,concordant
E02000806,Richmond upon Thames,10,0.0040691759918616,Lateral,0.4319444444444444,0.650994575045208,concordant,Lateral,0.4078498293515358,0.5973496432212029,concordant
E02000807,Southwark,8,0.0254323499491352,Symmetric,0.4910759816420194,0.9423354156655456,concordant,Symmetric,0.4906033630069238,0.9400278940027894,concordant
E02000808,Southwark,6,0.0457782299084434,Cascade-led,0.5698924731182796,0.8666666666666667,concordant,Cascade-led,0.5250800426894343,0.8401075911536162,concordant
E02000809,Southwark,4,0.3509664292980671,Symmetric,0.5097502565856996,0.8655611489487711,concordant,Lateral,0.5,0.0,zero
E02000810,Southwark,3,0.0590030518819938,Cascade-led,0.5268698060941829,0.8407079646017699,concordant,Symmetric,0.4843501326259947,0.8771521637971149,concordant
E02000812,Southwark,4,-0.0874872838250254,Cascade-led,0.5650671785028791,0.856626109832292,divergent,Symmetric,0.5142475512021372,0.8770011714174151,divergent
E02000813,Southwark,4,-0.0447609359104781,Symmetric,0.4831395348837209,0.8713272543059777,divergent,Counter-led,0.4586501901140684,0.8825503355704698,concordant
E02000814,Southwark,6,-0.0233977619532044,Symmetric,0.4913710450623202,0.9049891540130152,concordant,Counter-led,0.460573476702509,0.9087947882736156,concordant
E02000815,Southwark,6,-0.2807731434384537,Cascade-led,0.6121939030484758,0.8913140311804009,concordant,Cascade-led,0.5217576791808873,0.8489677653024267,concordant
E02000816,Southwark,3,-0.0142421159715157,Counter-led,0.4630421502748931,0.8322318251143874,concordant,Symmetric,0.5020126509488212,0.8621715418939019,concordant
E02000817,Southwark,2,-0.0671414038657171,Lateral,0.4853747714808044,0.781987133666905,concordant,Symmetric,0.5154142581888247,0.8257756563245824,concordant
E02000818,Southwark,2,-0.0661241098677517,Lateral,0.5034199726402189,0.7822364901016586,concordant,Cascade-led,0.522466039707419,0.808277027027027,concordant
E02000819,Southwark,2,0.0132248219735503,Lateral,0.5003717472118959,0.7530795072788354,concordant,Lateral,0.4381933438985737,0.7332945961650204,concordant
E02000820,Southwark,4,-0.0630722278738555,Cascade-led,0.5283819628647215,0.8575978161965423,concordant,Cascade-led,0.5233545647558386,0.8555858310626703,divergent
E02000821,Southwark,2,-0.1515768056968464,Lateral,0.5185185185185185,0.6710982658959538,concordant,Lateral,0.4537885095753539,0.6762387387387387,concordant
E02000822,Southwark,2,-0.0762970498474059,Lateral,0.485838779956427,0.7094281298299846,concordant,Lateral,0.4605128205128205,0.720620842572062,concordant
E02000823,Southwark,3,-0.0437436419125127,Symmetric,0.5003142677561282,0.8364879074658255,concordant,Symmetric,0.4957208689927584,0.8645418326693227,concordant
E02000824,Southwark,2,-0.0274669379450661,Lateral,0.4830645161290323,0.6519453207150369,concordant,Lateral,0.5051710421638823,0.7549549549549549,concordant
E02000825,Southwark,2,-0.0457782299084435,Lateral,0.5070866141732283,0.6894679695982627,concordant,Lateral,0.4517338331771321,0.7771303714493809,concordant
E02000826,Southwark,4,-0.1444557477110885,Symmetric,0.4872537659327925,0.8721576553815058,concordant,Cascade-led,0.5203153426318982,0.8383324860193188,concordant
E02000827,Southwark,3,-0.0427263479145473,Symmetric,0.5065342394145321,0.8350065473592317,concordant,Counter-led,0.4695849914724275,0.8656496062992126,concordant
E02000828,Southwark,2,-0.1007121057985758,Lateral,0.4856031128404669,0.7029540481400438,concordant,Lateral,0.4837855724685638,0.745069033530572,concordant
E02000829,Southwark,2,-0.0233977619532044,Lateral,0.500990099009901,0.7542942494398805,concordant,Lateral,0.4588888888888889,0.7805724197745013,concordant
E02000830,Southwark,5,0.138351983723296,Symmetric,0.5055493895671476,0.8436329588014981,concordant,Symmetric,0.5058386411889597,0.8351063829787234,concordant
E02000831,Southwark,4,0.056968463886063,Cascade-led,0.5458885941644562,0.8611238008222933,concordant,Cascade-led,0.5248112189859763,0.8520220588235294,concordant
E02000832,Southwark,3,-0.0335707019328585,Cascade-led,0.5320304017372421,0.8779790276453765,concordant,Counter-led,0.4592445328031809,0.8747826086956522,concordant
E02000833,Southwark,5,0.0834181078331638,Cascade-led,0.5695006747638327,0.8023822414726584,concordant,Symmetric,0.5109090909090909,0.8233532934131736,concordant
E02000834,Southwark,6,0.0295015259409969,Symmetric,0.513727560718057,0.8455357142857143,concordant,Counter-led,0.4428571428571428,0.8544600938967136,concordant
E02000835,Southwark,5,0.0956256358087487,Counter-led,0.468954248366013,0.8869565217391304,concordant,Symmetric,0.4834307992202729,0.862910008410429,concordant
E02000836,Southwark,7,0.0824008138351983,Cascade-led,0.5355097365406644,0.9514986376021798,concordant,Counter-led,0.4509561998766194,0.9631610219845514,concordant
E02000837,Southwark,8,0.0935910478128179,Symmetric,0.4868421052631579,0.9562913907284768,concordant,Symmetric,0.509976057462091,0.9428141459744168,concordant
E02000838,Southwark,6,0.0834181078331637,Symmetric,0.5021888680425266,0.8420221169036335,concordant,Cascade-led,0.5376009944064637,0.8367134685387415,concordant
E02000839,Southwark,6,-0.0233977619532044,Counter-led,0.4767964071856287,0.9094622191967324,concordant,Counter-led,0.4693140794223827,0.912685337726524,concordant
E02000840,Sutton,4,-0.1637843336724313,Cascade-led,0.5291878172588832,0.9016018306636157,concordant,Cascade-led,0.5470798569725864,0.907027027027027,concordant
E02000841,Sutton,5,-0.150559511698881,Cascade-led,0.5261083743842364,0.9494855004677268,concordant,Symmetric,0.496962332928311,0.9154616240266964,concordant
E02000842,Sutton,9,0.0386571719226855,Symmetric,0.5064935064935064,0.8496551724137931,concordant,Counter-led,0.4658573596358118,0.8373570520965693,concordant
E02000843,Sutton,7,0.0091556459816887,Counter-led,0.466887417218543,0.877906976744186,concordant,Counter-led,0.4688279301745636,0.8813186813186813,divergent
E02000844,Sutton,7,-0.0895218718209562,Counter-led,0.4195121951219512,0.8836206896551724,divergent,Counter-led,0.4627507163323782,0.8481166464155528,divergent
E02000845,Sutton,9,-0.0111902339776195,Counter-led,0.4644295302013422,0.7959401709401709,concordant,Symmetric,0.4919053549190536,0.8461538461538461,concordant
E02000846,Sutton,8,0.0590030518819939,Counter-led,0.4727272727272727,0.8421672555948174,concordant,Counter-led,0.3894297635605007,0.8468786808009423,concordant
E02000847,Sutton,10,0.0111902339776195,Lateral,0.4203389830508474,0.6990521327014217,concordant,Lateral,0.3905325443786982,0.6869918699186992,concordant
E02000848,Sutton,10,0.0071210579857579,Lateral,0.4525252525252525,0.7322485207100592,concordant,Lateral,0.4607843137254901,0.7445255474452555,concordant
E02000849,Sutton,8,0.0406917599186165,Counter-led,0.4765013054830287,0.829004329004329,concordant,Counter-led,0.3494704992435703,0.8314465408805032,concordant
E02000850,Sutton,9,-0.005086469989827,Counter-led,0.4652173913043478,0.8582089552238806,concordant,Counter-led,0.4253164556962025,0.8777777777777778,concordant
E02000851,Sutton,6,-0.0233977619532044,Symmetric,0.5182841068917018,0.9588671611598112,concordant,Symmetric,0.4928533615669666,0.9454454454454454,concordant
E02000852,Sutton,9,0.0203458799593082,Counter-led,0.4348958333333333,0.8109820485744457,concordant,Lateral,0.4509803921568627,0.7727272727272727,concordant
E02000853,Sutton,8,-0.0376398779247202,Symmetric,0.4818652849740932,0.8530386740331491,divergent,Symmetric,0.5026109660574413,0.8626126126126126,divergent
E02000854,Sutton,9,0.0091556459816887,Counter-led,0.4620886981402002,0.8213866039952996,concordant,Counter-led,0.4194053208137715,0.8098859315589354,concordant
E02000855,Sutton,10,-0.0061037639877924,Lateral,0.4611398963730569,0.7385204081632653,concordant,Lateral,0.4072790294627383,0.7662682602921647,concordant
E02000856,Sutton,8,0.0172939979654119,Lateral,0.4551645856980704,0.7810283687943262,concordant,Counter-led,0.4531410916580844,0.8242784380305602,concordant
E02000857,Sutton,9,0.0539165818921668,Symmetric,0.4868012422360248,0.8434839554682384,concordant,Counter-led,0.3922077922077922,0.8467741935483871,concordant
E02000858,Sutton,4,-0.1576805696846388,Symmetric,0.5118421052631579,0.892018779342723,concordant,Symmetric,0.4887955182072829,0.8612786489746683,concordant
E02000859,Sutton,8,0.0356052899287894,Counter-led,0.4418604651162791,0.8294416243654822,divergent,Symmetric,0.4806201550387597,0.8358531317494601,concordant
E02000860,Sutton,7,-0.0722278738555443,Counter-led,0.4722427831236121,0.9285223367697596,concordant,Counter-led,0.4671698113207547,0.9278711484593838,concordant
E02000861,Sutton,10,0.0142421159715158,Cascade-led,0.5436241610738255,0.8418079096045198,concordant,Counter-led,0.465625,0.8707482993197279,concordant
E02000863,Sutton,9,0.0427263479145473,Symmetric,0.4906054279749478,0.8216123499142367,concordant,Lateral,0.4292803970223325,0.7810077519379846,concordant
E02000864,Tower Hamlets,1,0.0376398779247202,Lateral,0.4834983498349835,0.6641095890410958,concordant,Lateral,0.5449101796407185,0.6662234042553191,concordant
E02000865,Tower Hamlets,1,0.017293997965412,Lateral,0.5019569471624267,0.6328173374613003,concordant,Lateral,0.4818024263431542,0.678424456202234,concordant
E02000866,Tower Hamlets,3,0.1108850457782299,Counter-led,0.4685150375939849,0.8532477947072975,concordant,Counter-led,0.4791764155357979,0.8665855636658556,concordant
E02000867,Tower Hamlets,4,0.0284842319430315,Counter-led,0.4778537990637378,0.9356469002695418,concordant,Counter-led,0.4624913971094287,0.9335046578862832,concordant
E02000868,Tower Hamlets,2,0.0478128179043743,Symmetric,0.5049051667756703,0.8167735042735043,concordant,Counter-led,0.4625579854208085,0.797568710359408,concordant
E02000869,Tower Hamlets,1,0.0783316378433367,Lateral,0.5162907268170426,0.6,concordant,Lateral,0.4962486602357985,0.699400299850075,concordant
E02000870,Tower Hamlets,3,-0.0040691759918616,Symmetric,0.4943988050784167,0.8523233609166136,concordant,Symmetric,0.4965727341964965,0.8695364238410596,concordant
E02000871,Tower Hamlets,1,0.0590030518819939,Lateral,0.5375609756097561,0.5616438356164384,concordant,Lateral,0.4792477302204929,0.6408977556109726,concordant
E02000872,Tower Hamlets,1,0.1271617497456765,Lateral,0.4720452937013447,0.635056179775281,concordant,Lateral,0.5111695137976346,0.696248856358646,concordant
E02000873,Tower Hamlets,3,0.0142421159715157,Cascade-led,0.5778364116094987,0.8603859250851306,divergent,Cascade-led,0.5725031341412453,0.8939110945087785,concordant
E02000874,Tower Hamlets,2,-0.034587995930824,Cascade-led,0.5295950155763239,0.8241335044929397,divergent,Symmetric,0.5188794153471377,0.8140803173029252,divergent
E02000875,Tower Hamlets,1,0.1302136317395727,Lateral,0.4875389408099688,0.6134734830387004,concordant,Lateral,0.4839650145772595,0.6548300878197786,concordant
E02000876,Tower Hamlets,1,0.0335707019328585,Lateral,0.4391408114558472,0.6664899257688229,concordant,Lateral,0.4616922051965356,0.6847627737226277,concordant
E02000877,Tower Hamlets,1,0.1180061037639877,Lateral,0.4895482130815913,0.6439426834563613,concordant,Lateral,0.5143280632411067,0.6514322497586096,concordant
E02000878,Tower Hamlets,1,0.1607324516785351,Lateral,0.3971631205673759,0.6746411483253588,concordant,Lateral,0.4229035166816952,0.7023432552248259,concordant
E02000879,Tower Hamlets,2,0.0427263479145473,Symmetric,0.4977692797960484,0.8513293543136191,concordant,Lateral,0.5103817816476892,0.7829050865233351,concordant
E02000880,Tower Hamlets,2,0.0559511698880976,Cascade-led,0.5333806818181818,0.8282352941176471,divergent,Counter-led,0.4797979797979798,0.7849355797819624,divergent
E02000881,Tower Hamlets,1,0.0030518819938962,Lateral,0.5422818791946309,0.5601503759398496,concordant,Lateral,0.5044510385756676,0.6397721879449454,concordant
E02000882,Tower Hamlets,1,0.0498474059003051,Lateral,0.4667349027635619,0.6619241192411924,concordant,Lateral,0.5499580184718724,0.6410118406889128,concordant
E02000883,Tower Hamlets,1,0.0142421159715157,Lateral,0.3910550458715596,0.5677083333333334,concordant,Lateral,0.5157096424702059,0.5546875,concordant
E02000884,Tower Hamlets,1,0.3540183112919634,Lateral,0.4541742286751361,0.7146562905317769,concordant,Lateral,0.4478854478854479,0.7354886113152094,concordant
E02000885,Tower Hamlets,1,0.0142421159715157,Lateral,0.3989247311827957,0.6387362637362637,concordant,Lateral,0.4497607655502392,0.6010064701653487,concordant
E02000886,Tower Hamlets,2,0.155645981688708,Symmetric,0.5160390516039052,0.863855421686747,concordant,Counter-led,0.4530332681017612,0.8319088319088319,concordant
E02000887,Tower Hamlets,1,0.1098677517802645,Lateral,0.5292553191489362,0.5878061490359562,concordant,Lateral,0.4719101123595505,0.6164502164502165,concordant
E02000888,Tower Hamlets,1,0.3570701932858596,Lateral,0.4617691154422789,0.7218614718614719,concordant,Lateral,0.4431057563587684,0.6923076923076923,concordant
E02000889,Tower Hamlets,3,0.2909460834181078,Counter-led,0.4638906961613533,0.903586125808348,divergent,Counter-led,0.4361510791366906,0.9171134020618557,divergent
E02000890,Tower Hamlets,8,0.1342828077314344,Symmetric,0.5104,0.9433962264150944,concordant,Counter-led,0.4601701469450889,0.9369565217391304,concordant
E02000891,Tower Hamlets,2,0.468972533062055,Counter-led,0.4705244122965642,0.8406810580723624,concordant,Lateral,0.5,0.0,zero
E02000893,Tower Hamlets,4,0.1180061037639877,Counter-led,0.4464285714285714,0.916155419222904,concordant,Counter-led,0.4328358208955223,0.8993288590604027,concordant
E02000894,Tower Hamlets,6,0.1943031536113937,Symmetric,0.4867075664621677,0.9346330275229358,concordant,Counter-led,0.419828641370869,0.9315849486887116,concordant
E02000895,Waltham Forest,4,0.0122075279755849,Counter-led,0.4302103250478011,0.8381410256410257,concordant,Counter-led,0.416403785488959,0.8967468175388967,concordant
E02000896,Waltham Forest,7,0.1129196337741608,Cascade-led,0.5443983402489626,0.9533227848101266,concordant,Counter-led,0.4059775840597758,0.9491725768321512,concordant
E02000897,Waltham Forest,3,0.0651068158697864,Counter-led,0.439873417721519,0.8112965340179717,concordant,Symmetric,0.4884135472370766,0.8118668596237337,concordant
E02000898,Waltham Forest,4,0.0467955239064089,Counter-led,0.3873239436619718,0.8942065491183879,divergent,Counter-led,0.4465875370919881,0.8938992042440318,divergent
E02000899,Waltham Forest,5,0.0386571719226856,Counter-led,0.4394977168949772,0.9711751662971176,concordant,Counter-led,0.3987341772151899,0.9705159705159704,concordant
E02000900,Waltham Forest,3,0.0467955239064089,Lateral,0.4153225806451613,0.7622950819672131,concordant,Lateral,0.4338709677419355,0.7175925925925926,concordant
E02000901,Waltham Forest,6,0.1454730417090539,Counter-led,0.3905191873589165,0.9693654266958424,concordant,Counter-led,0.4059701492537313,0.9598853868194842,concordant
E02000902,Waltham Forest,3,0.0773143438453713,Lateral,0.4625603864734299,0.7150259067357513,divergent,Lateral,0.4416058394160584,0.7061855670103093,concordant
E02000903,Waltham Forest,1,0.0152594099694811,Symmetric,0.5033557046979866,0.8359046283309958,concordant,Cascade-led,0.5254582484725051,0.8378839590443686,concordant
E02000904,Waltham Forest,4,0.190233977619532,Cascade-led,0.520415738678545,0.9264099037138928,concordant,Counter-led,0.4091324200913242,0.910981697171381,concordant
E02000905,Waltham Forest,3,0.2410986775178026,Lateral,0.451036454610436,0.7090724784591992,concordant,Lateral,0.4333042720139494,0.7419146183699871,concordant
E02000906,Waltham Forest,3,0.1719226856561546,Lateral,0.4210526315789473,0.6972477064220184,concordant,Lateral,0.4689075630252101,0.7314074984634297,concordant
E02000907,Waltham Forest,1,0.0335707019328585,Symmetric,0.5053908355795148,0.8258208124652198,concordant,Symmetric,0.496513249651325,0.8289017341040462,concordant
E02000908,Waltham Forest,3,0.2187182095625635,Lateral,0.4221192819918934,0.716597510373444,concordant,Lateral,0.4743784880771182,0.775984251968504,divergent
E02000909,Waltham Forest,4,0.1963377416073245,Counter-led,0.4355377421509686,0.9111381618989652,concordant,Symmetric,0.4830747531734838,0.908974358974359,concordant
E02000910,Waltham Forest,3,0.1454730417090539,Lateral,0.4989082969432314,0.727561556791104,concordant,Lateral,0.4304562946673996,0.7678345293372731,concordant
E02000911,Waltham Forest,1,0.1434384537131231,Counter-led,0.4628185127405096,0.8449033391915641,concordant,Counter-led,0.4689800210304942,0.8159588159588159,concordant
E02000912,Waltham Forest,2,0.0661241098677517,Counter-led,0.4371929824561403,0.8338209479227618,concordant,Counter-led,0.4722955145118733,0.8233164373642288,concordant
E02000913,Waltham Forest,3,0.1098677517802644,Lateral,0.4109803921568628,0.7434402332361516,divergent,Lateral,0.4020725388601036,0.7223053892215568,divergent
E02000914,Waltham Forest,1,0.0284842319430315,Counter-led,0.4662398137369034,0.8315585672797676,concordant,Symmetric,0.4804334738109572,0.827191235059761,concordant
E02000915,Waltham Forest,3,0.2339776195320447,Lateral,0.4601226993865031,0.6914103923647932,concordant,Lateral,0.4775767112509835,0.7707701637355974,divergent
E02000916,Waltham Forest,2,0.1129196337741607,Counter-led,0.4230043997485858,0.8113207547169812,concordant,Symmetric,0.4880352644836272,0.788480635551142,concordant
E02000917,Waltham Forest,3,0.2553407934893184,Lateral,0.4379895561357702,0.7069681587448085,concordant,Lateral,0.4385493619879113,0.7489939637826962,concordant
E02000918,Waltham Forest,2,0.1322482197355035,Counter-led,0.4318046456223943,0.823846908734053,concordant,Symmetric,0.4932634730538922,0.7952380952380952,concordant
E02000919,Waltham Forest,3,0.2044760935910478,Lateral,0.4021673690547863,0.7539718565592374,concordant,Lateral,0.4266666666666667,0.7713026444662096,concordant
E02000920,Waltham Forest,2,0.1027466937945066,Counter-led,0.433810888252149,0.7839173405211141,concordant,Counter-led,0.4413702239789196,0.7893915756630265,concordant
E02000921,Waltham Forest,2,0.0874872838250254,Lateral,0.4346310284718187,0.7766245487364621,concordant,Counter-led,0.4358502148557397,0.805239742956006,concordant
E02000922,Waltham Forest,3,0.1566632756866734,Cascade-led,0.5346534653465347,0.7867210682492581,divergent,Lateral,0.4397834912043302,0.7673935617860852,concordant
E02000923,Wandsworth,7,0.091556459816887,Cascade-led,0.5266170578133944,0.9194736842105264,concordant,Symmetric,0.5020080321285141,0.9251592356687898,concordant
E02000924,Wandsworth,3,0.0233977619532044,Symmetric,0.4866986480593109,0.8964034401876466,concordant,Lateral,0.5,0.0,zero
E02000925,Wandsworth,2,0.1200406917599186,Symmetric,0.4934687953555878,0.9342372881355931,concordant,Symmetric,0.5101351351351351,0.9238451935081148,concordant
E02000926,Wandsworth,6,0.1759918616480162,Counter-led,0.4564885496183206,0.8333333333333334,concordant,Counter-led,0.4798685291700904,0.8256445047489823,divergent
E02000927,Wandsworth,5,0.0417090539165819,Symmetric,0.490613266583229,0.8642509464575446,concordant,Symmetric,0.4993489583333333,0.856664807585053,concordant
E02000928,Wandsworth,9,0.0305188199389624,Counter-led,0.4607977991746905,0.8346727898966705,concordant,Counter-led,0.4473173884938591,0.8335129310344828,concordant
E02000929,Wandsworth,2,-0.0244150559511698,Symmetric,0.4849785407725321,0.932621747831888,concordant,Counter-led,0.4787765293383271,0.9212190914318574,concordant
E02000930,Wandsworth,6,0.1434384537131231,Symmetric,0.5043709616115546,0.8140470297029703,divergent,Symmetric,0.4890052356020942,0.809322033898305,concordant
E02000931,Wandsworth,9,0.1159715157680569,Cascade-led,0.5315055315055315,0.90234375,concordant,Symmetric,0.497601395551679,0.908118811881188,concordant
E02000932,Wandsworth,8,0.0427263479145473,Counter-led,0.4589565851878876,0.8402820355610056,concordant,Counter-led,0.4410493827160494,0.8424336973478939,concordant
E02000933,Wandsworth,9,0.0193285859613427,Counter-led,0.4581105169340463,0.8041089345437171,concordant,Counter-led,0.4744389027431421,0.8285123966942148,concordant
E02000934,Wandsworth,6,0.2187182095625636,Symmetric,0.4807355516637478,0.8378576669112252,concordant,Symmetric,0.4822376480195998,0.8265271684103949,concordant
E02000935,Wandsworth,3,-0.0193285859613428,Lateral,0.4619402985074627,0.7374793615850302,concordant,Counter-led,0.4766697163769441,0.7926033357505439,concordant
E02000936,Wandsworth,8,0.074262461851475,Counter-led,0.472027972027972,0.8345143809920801,concordant,Counter-led,0.4765901060070671,0.8268809349890431,concordant
E02000937,Wandsworth,8,0.1251271617497457,Symmetric,0.4981481481481482,0.8468374281233665,concordant,Counter-led,0.471523178807947,0.8658256880733946,concordant
E02000938,Wandsworth,5,0.0010172939979654,Symmetric,0.4837807606263982,0.9062341611758744,concordant,Counter-led,0.4620733249051833,0.8963172804532578,concordant
E02000939,Wandsworth,9,0.0640895218718209,Symmetric,0.4895272292040694,0.8959785522788204,concordant,Cascade-led,0.5507462686567164,0.8939292861907938,concordant
E02000940,Wandsworth,5,0.0152594099694811,Symmetric,0.4889015367103017,0.9061371841155236,concordant,Counter-led,0.4756403817177297,0.8936265709156194,concordant
E02000941,Wandsworth,8,0.081383519837233,Symmetric,0.5096863468634686,0.8763136620856912,concordant,Symmetric,0.4869964303926568,0.8312844425604069,concordant
E02000942,Wandsworth,9,0.0488301119023397,Counter-led,0.4788059701492537,0.811531007751938,concordant,Counter-led,0.4708963911525029,0.8271545498314877,concordant
E02000943,Wandsworth,8,0.0712105798575789,Symmetric,0.5173357664233577,0.8633320204805042,concordant,Symmetric,0.4960411718131433,0.8609406952965235,concordant
E02000944,Wandsworth,4,-0.0152594099694811,Symmetric,0.4958217270194986,0.9397905759162304,concordant,Counter-led,0.4657738095238095,0.9458128078817734,concordant
E02000945,Wandsworth,3,0.0417090539165819,Lateral,0.5110803324099723,0.7462532299741602,concordant,Counter-led,0.4738562091503268,0.8198258539852645,concordant
E02000946,Wandsworth,6,0.0427263479145473,Counter-led,0.4536390827517447,0.8903683976919663,divergent,Counter-led,0.4361814345991561,0.8669410150891632,concordant
E02000947,Wandsworth,9,0.0783316378433367,Counter-led,0.4334470989761092,0.8292452830188679,concordant,Counter-led,0.4219934994582882,0.8578066914498141,concordant
E02000948,Wandsworth,7,0.1190233977619532,Symmetric,0.485971596813301,0.9078616352201258,concordant,Symmetric,0.492382271468144,0.9093198992443324,concordant
E02000949,Wandsworth,8,0.1078331637843337,Cascade-led,0.5214696768481629,0.8665132336018412,concordant,Symmetric,0.4875776397515527,0.8586666666666667,concordant
E02000950,Wandsworth,8,0.0172939979654119,Counter-led,0.4658691062631949,0.8659354052407069,concordant,Counter-led,0.4779735682819383,0.8680688336520076,concordant
E02000951,Wandsworth,6,0.098677517802645,Symmetric,0.5016322089227421,0.8931000971817298,divergent,Symmetric,0.5172413793103449,0.8871614844533601,concordant
E02000952,Wandsworth,5,0.0661241098677518,Cascade-led,0.5300511508951407,0.8796400449943758,concordant,Symmetric,0.5142671854734111,0.8856978747846066,concordant
E02000953,Wandsworth,7,0.1302136317395726,Cascade-led,0.5331683168316832,0.918599363346976,concordant,Symmetric,0.4955050237969328,0.9056513409961686,concordant
E02000954,Wandsworth,7,0.0203458799593082,Counter-led,0.4718361375274323,0.8751600512163893,concordant,Symmetric,0.5026702269692924,0.8739789964994166,concordant
E02000955,Wandsworth,4,-0.0467955239064089,Counter-led,0.46395431834404,0.8399280575539568,concordant,Counter-led,0.4798206278026906,0.8884462151394422,concordant
E02000956,Wandsworth,4,0.1027466937945066,Cascade-led,0.5266990291262136,0.8736217133163698,concordant,Counter-led,0.4789142026175472,0.9008733624454148,concordant
E02000957,Wandsworth,5,0.1566632756866734,Cascade-led,0.5479331574318381,0.8776534156696256,concordant,Counter-led,0.4575892857142857,0.8732943469785575,concordant
E02000958,Wandsworth,7,0.0885045778229909,Symmetric,0.5151291512915129,0.899734395750332,concordant,Symmetric,0.4866396761133603,0.8746458923512748,concordant
E02000959,Wandsworth,4,0.155645981688708,Symmetric,0.484304932735426,0.88433575677462,concordant,Symmetric,0.5139360978925901,0.888821752265861,concordant
E02000960,Westminster,9,0.0590030518819938,Cascade-led,0.5311203319502075,0.874455732946299,concordant,Symmetric,0.4995458673932788,0.8669291338582678,concordant
E02000961,Westminster,6,0.0712105798575788,Counter-led,0.4671772428884026,0.8917073170731707,concordant,Counter-led,0.4685346807533302,0.9014492753623188,divergent
E02000962,Westminster,8,-0.0488301119023397,Symmetric,0.5095057034220533,0.8689427312775331,concordant,Symmetric,0.4941321803582458,0.8880965441579813,concordant
E02000963,Westminster,1,0.08646998982706,Lateral,0.4516374714394516,0.7266187050359713,concordant,Lateral,0.4696969696969697,0.7653478854024557,concordant
E02000964,Westminster,1,0.143438453713123,Lateral,0.4903136531365313,0.7792954708842559,concordant,Symmetric,0.4892613933996857,0.837280701754386,concordant
E02000965,Westminster,7,0.0752797558494404,Symmetric,0.5052154195011338,0.906288532675709,concordant,Cascade-led,0.5281868969019807,0.885341726618705,concordant
E02000966,Westminster,8,0.0610376398779246,Symmetric,0.5052109181141439,0.899955337204109,concordant,Symmetric,0.4890590809628009,0.8860882210373243,concordant
E02000967,Westminster,9,0.0722278738555443,Cascade-led,0.55440097799511,0.856993190151912,concordant,Cascade-led,0.5674547983310153,0.8503843879361325,concordant
E02000968,Westminster,1,-0.0325534079348931,Counter-led,0.4272251308900524,0.7998324958123953,concordant,Counter-led,0.4282141070535267,0.8649935093033319,concordant
E02000969,Westminster,1,-0.051881993896236,Lateral,0.4651311580294305,0.7572674418604651,concordant,Counter-led,0.4649629018961253,0.7897135416666666,concordant
E02000970,Westminster,9,0.0620549338758901,Cascade-led,0.5723567631423508,0.8554825669530066,concordant,Cascade-led,0.5506944444444445,0.8228571428571428,concordant
E02000971,Westminster,7,-0.0081383519837232,Cascade-led,0.5447870778267254,0.8403948992184286,concordant,Counter-led,0.4613778705636743,0.8191534843950407,concordant
E02000972,Westminster,6,-0.0061037639877924,Cascade-led,0.5238845144356955,0.8616010854816825,zero,Counter-led,0.4650507328072153,0.884788029925187,concordant
E02000973,Westminster,5,0.1546286876907426,Symmetric,0.5064599483204134,0.9481420988158432,concordant,Symmetric,0.5066666666666667,0.9440104166666666,concordant
E02000974,Westminster,7,-0.0905391658189216,Cascade-led,0.5756437768240343,0.8161120840630472,concordant,Counter-led,0.4628415300546448,0.8090185676392573,concordant
E02000975,Westminster,7,0.1627670396744659,Cascade-led,0.5537394749876177,0.825091949325705,concordant,Symmetric,0.4809197651663405,0.8329258353708231,concordant
E02000976,Westminster,6,0.0681586978636825,Symmetric,0.4936108068638189,0.908457711442786,divergent,Counter-led,0.4358660130718954,0.8960468521229868,divergent
E02000977,Westminster,7,-0.0427263479145473,Symmetric,0.510687463893703,0.8760121457489879,concordant,Counter-led,0.4697938877043354,0.8653136531365314,concordant
E02000978,Westminster,9,0.064089521871821,Cascade-led,0.7192224622030238,0.8100069979006298,concordant,Cascade-led,0.6384180790960452,0.8041393235739526,concordant
E02000979,Westminster,6,0.0264496439471007,Symmetric,0.4968474148802018,0.8449653702717101,divergent,Counter-led,0.4575208913649025,0.8442092886537331,concordant
E02000980,Westminster,5,-0.0783316378433366,Symmetric,0.4859701492537313,0.9188151398793198,concordant,Symmetric,0.4898758981058131,0.90431187241583,concordant
E02000981,Westminster,7,0.0712105798575788,Cascade-led,0.5369709331973483,0.9087117701575532,concordant,Counter-led,0.4747039827771798,0.8902731193100144,concordant
E02000982,Westminster,6,-0.2014242115971515,Lateral,0.5189873417721519,0.7780996523754345,divergent,Symmetric,0.5034414945919371,0.8039525691699605,concordant
E02000983,Westminster,6,-0.0834181078331638,Symmetric,0.51742993848257,0.7977099236641222,concordant,Symmetric,0.5019546520719312,0.8188220230473752,concordant
E02006782,Bromley,7,-0.0874872838250254,Counter-led,0.4236111111111111,0.9504950495049505,concordant,Counter-led,0.4389937106918239,0.9543817527010804,concordant
E02006783,Lewisham,2,-0.0946083418107833,Counter-led,0.45,0.8502024291497976,concordant,Cascade-led,0.5274584929757343,0.8867497168742922,concordant
E02006784,Lewisham,2,-0.0498474059003051,Symmetric,0.4865810968494749,0.8468379446640316,concordant,Symmetric,0.4812239221140473,0.9078282828282828,concordant
E02006785,Bexley,8,-0.1444557477110886,Counter-led,0.3951310861423221,0.8870431893687708,concordant,Counter-led,0.4411177644710579,0.8774080560420315,divergent
E02006786,Greenwich,3,0.1200406917599186,Counter-led,0.4197247706422018,0.7898550724637681,divergent,Symmetric,0.4912023460410557,0.8109393579072532,concordant
E02006787,Bromley,10,-0.0946083418107832,Counter-led,0.4378306878306878,0.7916230366492146,concordant,Counter-led,0.4347826086956521,0.801123595505618,concordant
E02006788,Croydon,5,-0.2787385554425229,Counter-led,0.4429065743944637,0.864406779661017,concordant,Counter-led,0.4311814859926918,0.8660337552742616,divergent
E02006789,Bromley,8,-0.0254323499491353,Symmetric,0.5086206896551724,0.9250398724082934,concordant,Cascade-led,0.5545454545454546,0.9166666666666666,concordant
E02006791,Ealing,7,-0.0071210579857579,Symmetric,0.5008891523414345,0.9128787878787878,divergent,Counter-led,0.4517543859649123,0.9101796407185628,concordant
E02006792,Hounslow,8,0.0386571719226856,Symmetric,0.4921739130434782,0.8253588516746412,concordant,Symmetric,0.4865991661703395,0.8484082870136432,concordant
E02006793,Enfield,1,-0.0081383519837232,Lateral,0.4960971379011274,0.7224310776942355,concordant,Lateral,0.4132596685082872,0.7245796637309848,concordant
E02006794,Haringey,1,0.005086469989827,Lateral,0.5301339285714286,0.58295380611581,concordant,Lateral,0.3820816864295125,0.6383515559293524,concordant
E02006795,Harrow,9,-0.0111902339776195,Symmetric,0.5116279069767442,0.8916116870876531,concordant,Symmetric,0.4903225806451612,0.8699719363891487,concordant
E02006796,Hillingdon,8,0.0651068158697864,Counter-led,0.4520856820744081,0.8512476007677543,concordant,Counter-led,0.4138678223185265,0.8546296296296296,concordant
E02006798,Lewisham,3,-0.1597151576805697,Counter-led,0.4787104622871046,0.8716861081654295,concordant,Counter-led,0.4469830111306385,0.8899895724713243,concordant
E02006799,Barking and Dagenham,3,-0.1454730417090539,Counter-led,0.4159146841673503,0.869472182596291,concordant,Symmetric,0.4918793503480278,0.8450980392156863,concordant
E02006800,Redbridge,6,-0.0193285859613427,Counter-led,0.4280383795309168,0.8799249530956847,concordant,Symmetric,0.4845765563656758,0.8757367387033399,concordant
E02006801,Lambeth,5,0.0600203458799593,Cascade-led,0.5231282784930854,0.878140703517588,divergent,Symmetric,0.4872711031710585,0.8759780907668232,divergent
E02006802,Southwark,3,-0.1291963377416073,Symmetric,0.5110253583241455,0.8780251694094869,concordant,Symmetric,0.4865125240847784,0.8921357971637301,concordant
E02006836,Sutton,10,0.0335707019328586,Lateral,0.4525547445255474,0.7722660653889515,concordant,Counter-led,0.3790560471976401,0.7883720930232558,concordant
E02006853,Tower Hamlets,2,0.3468972533062054,Cascade-led,0.5406732117812062,0.8024760832864378,concordant,Symmetric,0.5006681514476615,0.8821218074656189,concordant
E02006854,Tower Hamlets,9,-0.1505595116988809,Counter-led,0.3887545344619105,0.9307822172200336,concordant,Counter-led,0.3511737089201878,0.955585464333782,concordant
E02006882,Harrow,9,-0.0122075279755848,Cascade-led,0.5226993865030675,0.8858695652173914,concordant,Cascade-led,0.544435548438751,0.8789584799437016,concordant
E02006918,Hackney,2,-0.0183112919633774,Lateral,0.4494477485131691,0.7578879587894398,divergent,Lateral,0.421,0.7604562737642585,concordant
E02006921,Hackney,1,0.017293997965412,Lateral,0.4819587628865979,0.6493723849372385,concordant,Lateral,0.4456671251719394,0.7198019801980198,concordant
E02006924,Redbridge,7,-0.0295015259409969,Counter-led,0.455,0.8573178199632578,concordant,Counter-led,0.4508519003931848,0.8795389048991354,concordant
E02006925,Redbridge,8,0.0671414038657172,Counter-led,0.4337164750957854,0.944967414916727,concordant,Counter-led,0.4129615674453655,0.9253835425383544,concordant
E02006927,Greenwich,6,-0.0824008138351983,Cascade-led,0.6119213696892835,0.8770856507230256,concordant,Counter-led,0.4235963041933191,0.8574040219378428,concordant
E02006928,Greenwich,1,0.4323499491353,Counter-led,0.4708588957055215,0.8874773139745916,concordant,Symmetric,0.4881729200652528,0.8864786695589298,concordant
E02006929,Greenwich,3,0.08646998982706,Symmetric,0.4921579232017307,0.9144411473788328,concordant,Lateral,0.5,0.0,zero
E02006930,Greenwich,6,-0.0010172939979654,Cascade-led,0.5431400282885431,0.8533494266747134,concordant,Counter-led,0.4097616345062429,0.8641490926924963,concordant
E02006931,Greenwich,5,0.1322482197355036,Counter-led,0.4755102040816326,0.9324452901998096,concordant,Counter-led,0.4461910519951632,0.92973580663294,concordant
