msoa11cd,ladnm,Wealth_Decile,Wealth_Decile_2019,IMD_2010,IMD_2019,IMD_Rank_2010,IMD_Rank_2019,IMD_Pctile_2010,IMD_Pctile_2019,IMD_Pctile_Change,IMD_Score_Change,Inflow_Wealthier_11,Outflow_Poorer_11,Total_Inflow_11,Total_Outflow_11,Total_Migration_11,CFI_Churn_11,CFI_Rate_11,Net_Cascade_11,Pct_Inflow_Wealthier_11,Inflow_Wealthier_21,Outflow_Poorer_21,Total_Inflow_21,Total_Outflow_21,Total_Migration_21,CFI_Churn_21,CFI_Rate_21,Net_Cascade_21,Pct_Inflow_Wealthier_21,Outflow_Wealthier_11,Inflow_Poorer_11,Counter_Churn_11,Counter_Rate_11,Net_Counter_11,Pct_Outflow_Wealthier_11,Outflow_Wealthier_21,Inflow_Poorer_21,Counter_Churn_21,Counter_Rate_21,Net_Counter_21,Pct_Outflow_Wealthier_21,Net_Cascade_21_alt,Inflow_Wealthier_21_alt,Outflow_Poorer_21_alt
E02000001,City of London,9,8,10.7001903992737,14.720484223119485,876.0,712.0,0.8920570264765784,0.725050916496945,-0.1670061099796334,4.020293823845785,30.0,783.0,692,857,1549,813.0,15.164622336991608,-753.0,4.335260115606936,28.0,901.0,1206,979,2185,929.0,11.545995423340962,-873.0,2.321724709784411,24.0,615.0,639.0,9.528728211749517,-591.0,2.8004667444574096,8.0,1096.0,1104.0,4.012814645308924,-1088.0,0.8171603677221655,-637.0,141.0,778.0
E02000002,Barking and Dagenham,1,1,43.42144398081181,34.76755983195555,83.0,83.0,0.0845213849287169,0.0845213849287169,0.0,-8.653884148856257,497.0,0.0,581,395,976,497.0,0.0,497.0,85.54216867469879,351.0,0.0,413,360,773,351.0,0.0,351.0,84.98789346246973,344.0,0.0,344.0,0.0,344.0,87.0886075949367,309.0,0.0,309.0,0.0,309.0,85.83333333333333,319.0,319.0,0.0
E02000003,Barking and Dagenham,5,4,25.643614588352413,25.149725932835818,458.0,354.0,0.4663951120162933,0.3604887983706721,-0.1059063136456212,-0.4938886555165958,229.0,380.0,738,669,1407,609.0,61.84790334044065,-151.0,31.029810298102984,249.0,362.0,759,728,1487,611.0,60.61735036987223,-113.0,32.80632411067194,244.0,470.0,714.0,81.50675195451315,-226.0,36.47234678624813,332.0,478.0,810.0,106.72225958305313,-146.0,45.604395604395606,-8.0,302.0,310.0
E02000004,Barking and Dagenham,6,5,22.60185641216435,23.560044369645045,546.0,400.0,0.5560081466395111,0.4073319755600815,-0.14867617107942965,0.9581879574806962,120.0,133.0,447,256,703,253.0,22.7027027027027,-13.0,26.845637583892618,112.0,129.0,446,308,754,241.0,19.161803713527853,-17.0,25.112107623318387,111.0,295.0,406.0,46.578947368421055,-184.0,43.359375,165.0,301.0,466.0,65.86870026525199,-136.0,53.57142857142857,18.0,143.0,125.0
E02000005,Barking and Dagenham,4,3,32.39406328077552,30.212965379205887,300.0,198.0,0.3054989816700611,0.20162932790224034,-0.10386965376782079,-2.1810979015696326,212.0,274.0,661,523,1184,486.0,49.060810810810814,-62.0,32.07261724659607,273.0,207.0,700,539,1239,480.0,45.610169491525426,66.0,39.0,178.0,395.0,573.0,59.383445945945944,-217.0,34.03441682600382,283.0,339.0,622.0,77.43099273607749,-56.0,52.50463821892394,106.0,310.0,204.0
E02000007,Barking and Dagenham,2,1,40.31009679672392,36.007463265728475,129.0,63.0,0.13136456211812628,0.06415478615071284,-0.06720977596741344,-4.302633530995443,514.0,115.0,890,551,1441,629.0,41.02012491325468,399.0,57.752808988764045,380.0,82.0,628,630,1258,462.0,24.76947535771065,298.0,60.509554140127385,352.0,162.0,514.0,39.57251908396947,190.0,63.883847549909255,436.0,138.0,574.0,47.828298887122415,298.0,69.2063492063492,404.0,404.0,0.0
E02000008,Barking and Dagenham,3,1,35.556605736018675,34.4495850024426,210.0,92.0,0.21384928716904278,0.09368635437881874,-0.12016293279022404,-1.1070207335760713,343.0,309.0,867,764,1631,652.0,64.98283261802575,34.0,39.561707035755475,290.0,172.0,753,604,1357,462.0,36.757553426676495,118.0,38.51261620185923,343.0,390.0,733.0,82.01716738197425,-47.0,44.89528795811518,354.0,356.0,710.0,92.8695652173913,-2.0,58.609271523178805,522.0,522.0,0.0
E02000009,Barking and Dagenham,4,1,30.95492824538416,36.33654626808835,341.0,57.0,0.34725050916496947,0.05804480651731161,-0.2892057026476579,5.381618022704188,284.0,385.0,795,669,1464,669.0,74.68579234972678,-101.0,35.72327044025157,214.0,303.0,729,663,1392,517.0,46.581896551724135,-89.0,29.35528120713306,221.0,422.0,643.0,63.70355191256831,-201.0,33.03437967115097,268.0,424.0,692.0,81.63218390804597,-156.0,40.42232277526395,532.0,532.0,0.0
E02000010,Barking and Dagenham,3,1,35.01250658502612,34.49335914640853,228.0,89.0,0.23217922606924643,0.09063136456211812,-0.1415478615071283,-0.5191474386175869,213.0,236.0,632,567,1199,449.0,41.924937447873226,-23.0,33.70253164556962,223.0,166.0,522,487,1009,389.0,36.68780971258672,57.0,42.72030651340996,258.0,312.0,570.0,67.13594662218516,-54.0,45.5026455026455,235.0,245.0,480.0,57.06144697720515,-10.0,48.25462012320328,341.0,341.0,0.0
E02000011,Barking and Dagenham,5,4,25.696449993534834,25.713968791598877,454.0,339.0,0.4623217922606925,0.34521384928716903,-0.11710794297352345,0.01751879806404233,63.0,234.0,514,426,940,297.0,15.682978723404256,-171.0,12.2568093385214,79.0,248.0,413,429,842,327.0,23.268408551068884,-169.0,19.128329297820823,166.0,436.0,602.0,76.99574468085106,-270.0,38.967136150234744,118.0,314.0,432.0,44.00475059382423,-196.0,27.505827505827508,-124.0,112.0,236.0
E02000012,Barking and Dagenham,7,6,20.31549040554207,20.63216642107202,605.0,510.0,0.6160896130346232,0.5193482688391039,-0.09674134419551927,0.31667601552994995,29.0,467.0,608,590,1198,496.0,11.304674457429048,-438.0,4.769736842105264,22.0,438.0,461,559,1020,460.0,9.447058823529412,-416.0,4.772234273318872,86.0,549.0,635.0,39.41068447412354,-463.0,14.576271186440678,88.0,392.0,480.0,33.819607843137256,-304.0,15.742397137745975,-343.0,58.0,401.0
E02000013,Barking and Dagenham,2,1,37.172274852416095,36.09122608596511,181.0,60.0,0.18431771894093688,0.06109979633401222,-0.12321792260692466,-1.0810487664509836,305.0,72.0,567,546,1113,377.0,19.730458221024257,233.0,53.79188712522046,353.0,87.0,594,466,1060,440.0,28.972641509433963,266.0,59.427609427609426,364.0,125.0,489.0,40.880503144654085,239.0,66.66666666666666,309.0,98.0,407.0,28.567924528301887,211.0,66.30901287553648,398.0,398.0,0.0
E02000014,Barking and Dagenham,2,1,36.737762071899596,36.55000135163235,191.0,54.0,0.1945010183299389,0.054989816700611,-0.1395112016293279,-0.18776072026724222,377.0,102.0,655,625,1280,479.0,30.0421875,275.0,57.55725190839694,264.0,106.0,526,604,1130,370.0,24.764601769911504,158.0,50.19011406844106,355.0,183.0,538.0,50.75390625,172.0,56.8,421.0,129.0,550.0,48.061061946902655,292.0,69.70198675496688,326.0,326.0,0.0
E02000015,Barking and Dagenham,1,1,44.54999939574243,39.60161035457348,74.0,26.0,0.07535641547861507,0.026476578411405296,-0.048879837067209775,-4.9483890411689515,582.0,0.0,676,590,1266,582.0,0.0,582.0,86.09467455621301,376.0,0.0,465,414,879,376.0,0.0,376.0,80.86021505376344,525.0,0.0,525.0,0.0,525.0,88.98305084745762,350.0,0.0,350.0,0.0,350.0,84.54106280193237,330.0,330.0,0.0
E02000016,Barking and Dagenham,2,2,39.3159271651902,33.661131007315696,148.0,104.0,0.15071283095723015,0.10590631364562118,-0.044806517311608965,-5.654796157874507,537.0,199.0,1006,979,1985,736.0,53.835264483627206,338.0,53.37972166998012,631.0,227.0,1135,973,2108,858.0,67.94924098671727,404.0,55.59471365638766,639.0,238.0,877.0,76.61561712846347,401.0,65.27068437180796,604.0,294.0,898.0,84.23908918406072,310.0,62.076053442959925,369.0,654.0,285.0
E02000017,Barking and Dagenham,5,3,26.361153281948692,27.270586768504998,442.0,290.0,0.45010183299389,0.2953156822810591,-0.15478615071283092,0.9094334865563063,101.0,630.0,771,920,1691,731.0,37.62862211709048,-529.0,13.09987029831388,129.0,485.0,606,750,1356,614.0,46.139380530973455,-356.0,21.287128712871286,243.0,637.0,880.0,91.53814311058545,-394.0,26.413043478260867,228.0,455.0,683.0,76.50442477876106,-227.0,30.4,-15.0,267.0,282.0
E02000018,Barking and Dagenham,2,1,36.88907695613048,36.41188683602772,184.0,56.0,0.18737270875763748,0.05702647657841141,-0.13034623217922608,-0.47719012010276174,423.0,112.0,810,735,1545,535.0,30.664077669902913,311.0,52.22222222222223,330.0,126.0,589,673,1262,456.0,32.94770206022187,204.0,56.02716468590832,478.0,198.0,676.0,61.258252427184466,280.0,65.03401360544217,449.0,139.0,588.0,49.4540412044374,310.0,66.71619613670133,412.0,412.0,0.0
E02000019,Barking and Dagenham,3,2,33.570357300628324,32.065294026890015,270.0,149.0,0.27494908350305497,0.15173116089613034,-0.12321792260692463,-1.5050632737383083,199.0,254.0,526,610,1136,453.0,44.49471830985915,-55.0,37.832699619771866,238.0,159.0,678,481,1159,397.0,32.65056082830026,79.0,35.10324483775811,306.0,265.0,571.0,71.38204225352112,41.0,50.1639344262295,261.0,326.0,587.0,73.41328731665229,-65.0,54.26195426195426,171.0,317.0,146.0
E02000020,Barking and Dagenham,4,2,31.91231639068564,33.22273172595296,315.0,118.0,0.32077393075356414,0.12016293279022404,-0.2006109979633401,1.3104153352673222,212.0,423.0,762,688,1450,635.0,61.84551724137931,-211.0,27.821522309711288,238.0,397.0,747,752,1499,635.0,63.03268845897265,-159.0,31.860776439089694,203.0,481.0,684.0,67.34,-278.0,29.505813953488374,286.0,435.0,721.0,82.99533022014677,-149.0,38.03191489361702,244.0,401.0,157.0
E02000021,Barking and Dagenham,4,2,30.252866915485832,31.823478887744592,356.0,158.0,0.3625254582484725,0.16089613034623218,-0.2016293279022403,1.5706119722587601,144.0,401.0,809,670,1479,545.0,39.04259634888438,-257.0,17.79975278121137,161.0,295.0,544,547,1091,456.0,43.53345554537122,-134.0,29.59558823529412,203.0,585.0,788.0,80.29411764705883,-382.0,30.29850746268657,202.0,333.0,535.0,61.655362053162236,-131.0,36.92870201096892,79.0,267.0,188.0
E02000022,Barking and Dagenham,1,1,51.329511708860764,38.646125014415865,16.0,39.0,0.016293279022403257,0.03971486761710794,0.023421588594704685,-12.683386694444899,608.0,0.0,734,694,1428,608.0,0.0,608.0,82.83378746594006,420.0,0.0,509,741,1250,420.0,0.0,420.0,82.5147347740668,585.0,0.0,585.0,0.0,585.0,84.29394812680115,630.0,0.0,630.0,0.0,630.0,85.02024291497976,387.0,387.0,0.0
E02000023,Barking and Dagenham,1,1,45.4978988336933,39.06830407275603,59.0,33.0,0.06008146639511202,0.03360488798370672,-0.0264765784114053,-6.42959476093727,414.0,0.0,543,528,1071,414.0,0.0,414.0,76.24309392265194,415.0,0.0,558,469,1027,415.0,0.0,415.0,74.37275985663082,460.0,0.0,460.0,0.0,460.0,87.12121212121212,404.0,0.0,404.0,0.0,404.0,86.14072494669509,351.0,351.0,0.0
E02000024,Barnet,10,10,9.036841806222924,9.191532295006871,916.0,887.0,0.9327902240325866,0.9032586558044806,-0.029531568228105987,0.1546904887839471,0.0,450.0,658,503,1161,450.0,0.0,-450.0,0.0,0.0,469.0,647,511,1158,469.0,0.0,-469.0,0.0,0.0,603.0,603.0,0.0,-603.0,0.0,0.0,601.0,601.0,0.0,-601.0,0.0,-475.0,0.0,475.0
E02000025,Barnet,8,7,16.300101609100047,15.932634441805227,722.0,665.0,0.7352342158859471,0.6771894093686355,-0.05804480651731159,-0.3674671672948193,199.0,207.0,655,518,1173,406.0,35.11764705882353,-8.0,30.38167938931298,178.0,184.0,630,447,1077,362.0,30.410399257195916,-6.0,28.253968253968253,194.0,308.0,502.0,50.93947144075021,-114.0,37.45173745173745,157.0,323.0,480.0,47.085422469823584,-166.0,35.123042505592835,100.0,251.0,151.0
E02000026,Barnet,10,9,9.57761295865674,10.84753755904312,902.0,833.0,0.9185336048879837,0.8482688391038696,-0.07026476578411411,1.2699246003863802,0.0,342.0,526,392,918,342.0,0.0,-342.0,0.0,0.0,227.0,401,273,674,227.0,0.0,-227.0,0.0,0.0,481.0,481.0,0.0,-481.0,0.0,0.0,366.0,366.0,0.0,-366.0,0.0,-191.0,27.0,218.0
E02000027,Barnet,6,5,21.507758026672224,22.828095124615235,575.0,429.0,0.5855397148676171,0.43686354378818737,-0.14867617107942976,1.3203370979430105,416.0,93.0,581,552,1133,509.0,34.146513680494266,323.0,71.60068846815835,336.0,86.0,505,367,872,422.0,33.137614678899084,250.0,66.53465346534654,418.0,132.0,550.0,48.699029126213595,286.0,75.72463768115942,254.0,120.0,374.0,34.95412844036697,134.0,69.20980926430518,316.0,383.0,67.0
E02000028,Barnet,9,8,13.171328759811871,12.807654082259054,793.0,765.0,0.8075356415478615,0.7790224032586558,-0.02851323828920571,-0.363674677552817,107.0,288.0,551,419,970,395.0,31.769072164948454,-181.0,19.419237749546276,97.0,409.0,499,526,1025,506.0,38.705365853658535,-312.0,19.438877755511022,93.0,380.0,473.0,36.43298969072165,-287.0,22.195704057279237,70.0,354.0,424.0,24.17560975609756,-284.0,13.307984790874524,-230.0,139.0,369.0
E02000029,Barnet,8,7,13.73416365058119,16.010651527016446,783.0,661.0,0.7973523421588594,0.6731160896130346,-0.12423625254582482,2.2764878764352563,189.0,291.0,692,595,1287,480.0,42.73426573426573,-102.0,27.3121387283237,169.0,219.0,652,469,1121,388.0,33.016057091882246,-50.0,25.920245398773005,209.0,371.0,580.0,60.24786324786325,-162.0,35.12605042016806,138.0,340.0,478.0,41.85548617305977,-202.0,29.42430703624733,124.0,276.0,152.0
E02000030,Barnet,9,8,12.779513005366923,13.464058337801609,811.0,748.0,0.8258655804480651,0.7617107942973523,-0.0641547861507128,0.684545332434686,87.0,348.0,560,574,1134,435.0,26.6984126984127,-261.0,15.535714285714286,39.0,325.0,502,426,928,364.0,13.658405172413794,-286.0,7.768924302788845,109.0,388.0,497.0,37.29453262786596,-279.0,18.989547038327526,48.0,350.0,398.0,18.103448275862068,-302.0,11.267605633802818,-154.0,107.0,261.0
E02000031,Barnet,10,10,10.342756777899645,8.982775245199614,885.0,895.0,0.9012219959266803,0.9114052953156823,0.010183299389001976,-1.359981532700031,0.0,438.0,647,475,1122,438.0,0.0,-438.0,0.0,0.0,401.0,601,431,1032,401.0,0.0,-401.0,0.0,0.0,583.0,583.0,0.0,-583.0,0.0,0.0,559.0,559.0,0.0,-559.0,0.0,-396.0,0.0,396.0
E02000032,Barnet,10,10,7.991801512027491,8.446300998573467,937.0,911.0,0.9541751527494908,0.9276985743380856,-0.02647657841140527,0.4544994865459753,0.0,401.0,437,473,910,401.0,0.0,-401.0,0.0,0.0,340.0,371,409,780,340.0,0.0,-340.0,0.0,0.0,393.0,393.0,0.0,-393.0,0.0,0.0,330.0,330.0,0.0,-330.0,0.0,-388.0,0.0,388.0
E02000033,Barnet,7,7,18.199760590371323,17.063479789497258,668.0,625.0,0.6802443991853361,0.6364562118126272,-0.04378818737270884,-1.136280800874065,303.0,203.0,642,546,1188,506.0,51.775252525252526,100.0,47.19626168224299,225.0,194.0,501,477,978,419.0,44.6319018404908,31.0,44.91017964071856,281.0,273.0,554.0,64.57323232323232,8.0,51.46520146520146,228.0,202.0,430.0,47.0920245398773,26.0,47.79874213836478,-5.0,206.0,211.0
E02000034,Barnet,8,8,15.184146474494593,12.823898695749945,747.0,762.0,0.7606924643584522,0.7759674134419552,0.01527494908350302,-2.3602477787446485,128.0,293.0,698,677,1375,421.0,27.275636363636362,-165.0,18.33810888252149,136.0,317.0,610,671,1281,453.0,33.65495706479313,-181.0,22.295081967213115,169.0,341.0,510.0,41.912,-172.0,24.963072378138847,182.0,298.0,480.0,42.33879781420765,-116.0,27.123695976154995,-238.0,117.0,355.0
E02000035,Barnet,8,8,14.132519355932203,13.702045025078736,772.0,742.0,0.7861507128309573,0.7556008146639511,-0.03054989816700615,-0.43047433085346754,228.0,345.0,811,780,1591,573.0,49.44060339409177,-117.0,28.113440197287296,181.0,343.0,771,778,1549,524.0,40.07940606843125,-162.0,23.476005188067443,218.0,368.0,586.0,50.42363293526084,-150.0,27.94871794871795,237.0,404.0,641.0,61.81278244028405,-167.0,30.46272493573265,-251.0,133.0,384.0
E02000036,Barnet,8,7,17.051150382574697,16.32370046042915,703.0,647.0,0.7158859470468432,0.6588594704684317,-0.05702647657841142,-0.7274499221455457,145.0,389.0,747,714,1461,534.0,38.607118412046546,-244.0,19.410977242302543,99.0,292.0,539,591,1130,391.0,25.582300884955753,-193.0,18.367346938775512,180.0,456.0,636.0,56.18069815195072,-276.0,25.210084033613445,142.0,344.0,486.0,43.2283185840708,-202.0,24.027072758037225,-64.0,191.0,255.0
E02000037,Barnet,8,9,15.660595157991994,11.128158463756177,737.0,823.0,0.7505091649694501,0.8380855397148677,0.08757637474541757,-4.532436694235816,146.0,331.0,689,563,1252,477.0,38.59904153354633,-185.0,21.190130624092888,108.0,236.0,540,429,969,344.0,26.30340557275542,-128.0,20.0,113.0,396.0,509.0,35.74121405750799,-283.0,20.071047957371228,88.0,284.0,372.0,25.79153766769866,-196.0,20.51282051282051,-358.0,15.0,373.0
E02000038,Barnet,8,7,15.354761634011794,15.568224800070306,742.0,679.0,0.7556008146639511,0.6914460285132383,-0.0641547861507128,0.2134631660585118,175.0,476.0,974,850,1824,651.0,45.66885964912281,-301.0,17.967145790554415,90.0,394.0,733,674,1407,484.0,25.202558635394457,-304.0,12.278308321964529,156.0,586.0,742.0,50.11842105263158,-430.0,18.352941176470587,130.0,495.0,625.0,45.73560767590618,-365.0,19.287833827893174,-89.0,245.0,334.0
E02000039,Barnet,9,9,10.951033428314606,10.702963094393187,868.0,835.0,0.8839103869653768,0.8503054989816701,-0.033604887983706755,-0.24807033392141875,19.0,380.0,467,502,969,399.0,7.450980392156863,-361.0,4.068522483940043,12.0,271.0,488,367,855,283.0,3.8035087719298244,-259.0,2.459016393442623,33.0,326.0,359.0,11.102167182662539,-293.0,6.573705179282868,22.0,373.0,395.0,9.59766081871345,-351.0,5.994550408719346,-306.0,13.0,319.0
E02000040,Barnet,7,7,18.235370685146588,15.441477714748785,667.0,684.0,0.6792260692464358,0.6965376782077393,0.01731160896130346,-2.7938929703978026,374.0,260.0,663,695,1358,634.0,71.60530191458027,114.0,56.41025641025641,333.0,162.0,774,440,1214,495.0,44.43657331136738,171.0,43.02325581395349,345.0,233.0,578.0,59.193667157584684,112.0,49.64028776978417,234.0,367.0,601.0,70.73970345963757,-133.0,53.18181818181819,160.0,328.0,168.0
E02000041,Barnet,7,6,17.658500677562138,18.284720521720836,684.0,587.0,0.6965376782077393,0.5977596741344195,-0.09877800407331971,0.6262198441586975,360.0,256.0,739,622,1361,616.0,67.71491550330639,104.0,48.714479025710425,271.0,253.0,603,551,1154,524.0,59.41334488734835,18.0,44.94195688225539,300.0,314.0,614.0,69.2138133725202,-14.0,48.231511254019296,218.0,246.0,464.0,46.47140381282496,-28.0,39.56442831215971,130.0,309.0,179.0
E02000042,Barnet,8,8,16.35417120594041,15.162757182177877,720.0,697.0,0.7331975560081466,0.709775967413442,-0.023421588594704668,-1.1914140237625332,260.0,447.0,1199,948,2147,707.0,54.13134606427573,-187.0,21.684737281067555,166.0,440.0,1016,961,1977,606.0,36.94486595852302,-274.0,16.338582677165352,216.0,594.0,810.0,59.75966464834653,-378.0,22.78481012658228,250.0,593.0,843.0,74.98735457764289,-343.0,26.014568158168572,-309.0,191.0,500.0
E02000043,Barnet,10,10,8.314445686200624,7.517256488549618,932.0,937.0,0.9490835030549898,0.9541751527494908,0.005091649694501044,-0.7971891976510062,0.0,568.0,603,641,1244,568.0,0.0,-568.0,0.0,0.0,451.0,500,477,977,451.0,0.0,-451.0,0.0,0.0,582.0,582.0,0.0,-582.0,0.0,0.0,472.0,472.0,0.0,-472.0,0.0,-449.0,0.0,449.0
E02000044,Barnet,6,5,22.81006740032214,23.627358342016905,539.0,396.0,0.5488798370672098,0.40325865580448067,-0.1456211812627291,0.8172909416947647,343.0,224.0,644,665,1309,567.0,58.6951871657754,119.0,53.2608695652174,241.0,156.0,511,483,994,397.0,37.82293762575453,85.0,47.162426614481404,363.0,228.0,591.0,63.226890756302524,135.0,54.58646616541354,265.0,225.0,490.0,59.98490945674044,40.0,54.865424430641816,169.0,297.0,128.0
E02000045,Barnet,6,6,21.812188949887663,19.816915232515562,572.0,538.0,0.5824847250509165,0.5478615071283096,-0.03462321792260692,-1.9952737173721005,504.0,234.0,854,764,1618,738.0,72.88998763906056,270.0,59.01639344262295,329.0,241.0,709,743,1452,570.0,54.60674931129476,88.0,46.403385049365305,456.0,278.0,734.0,78.34857849196538,178.0,59.68586387434554,406.0,335.0,741.0,93.67079889807162,71.0,54.643337819650064,65.0,316.0,251.0
E02000046,Barnet,8,8,14.1475183675492,12.421965949332606,771.0,781.0,0.785132382892057,0.7953156822810591,0.010183299389002087,-1.7255524182165942,226.0,383.0,800,830,1630,609.0,53.103067484662574,-157.0,28.249999999999996,148.0,441.0,707,791,1498,589.0,43.570093457943926,-293.0,20.933521923620933,228.0,370.0,598.0,51.75460122699386,-142.0,27.469879518072286,196.0,420.0,616.0,54.953271028037385,-224.0,24.778761061946902,-333.0,127.0,460.0
E02000047,Barnet,5,4,27.21455021630177,26.343321425604387,425.0,320.0,0.43279022403258655,0.3258655804480652,-0.10692464358452136,-0.8712287906973835,610.0,201.0,1048,946,1994,811.0,61.489468405215646,409.0,58.206106870229014,502.0,135.0,826,833,1659,637.0,40.8499095840868,367.0,60.77481840193705,660.0,309.0,969.0,102.27683049147443,351.0,69.76744186046511,574.0,196.0,770.0,67.81434599156118,378.0,68.90756302521008,536.0,634.0,98.0
E02000048,Barnet,9,8,12.49889802648467,12.822080798200139,822.0,763.0,0.8370672097759674,0.7769857433808554,-0.060081466395112026,0.3231827717154694,74.0,518.0,788,758,1546,592.0,24.794307891332473,-444.0,9.390862944162437,45.0,528.0,672,734,1406,573.0,16.89900426742532,-483.0,6.696428571428571,89.0,544.0,633.0,31.31694695989651,-455.0,11.741424802110819,64.0,500.0,564.0,22.759601706970127,-436.0,8.71934604904632,-278.0,126.0,404.0
E02000049,Barnet,2,1,36.81464040221098,35.91760942500828,188.0,65.0,0.19144602851323828,0.06619144602851323,-0.12525458248472504,-0.8970309772027036,561.0,30.0,590,913,1503,591.0,11.197604790419161,531.0,95.08474576271186,495.0,30.0,580,525,1105,525.0,13.438914027149321,465.0,85.34482758620689,864.0,6.0,870.0,3.4491017964071857,858.0,94.6330777656079,483.0,55.0,538.0,24.040723981900452,428.0,92.0,523.0,523.0,0.0
E02000050,Barnet,6,6,21.40852568064388,18.30702076350093,580.0,585.0,0.5906313645621182,0.5957230142566191,0.005091649694500933,-3.1015049171429503,549.0,289.0,910,942,1852,838.0,85.67008639308855,260.0,60.32967032967033,437.0,198.0,744,736,1480,635.0,58.46351351351351,239.0,58.73655913978495,558.0,254.0,812.0,76.52915766738661,304.0,59.23566878980891,468.0,247.0,715.0,78.1054054054054,221.0,63.58695652173913,243.0,438.0,195.0
E02000051,Barnet,9,9,12.939065069735168,10.394447587719297,801.0,844.0,0.8156822810590632,0.8594704684317719,0.04378818737270873,-2.5446174820158713,67.0,617.0,860,801,1661,684.0,24.88801926550271,-550.0,7.790697674418605,91.0,616.0,748,832,1580,707.0,35.47848101265823,-525.0,12.165775401069519,45.0,591.0,636.0,16.011438892233596,-546.0,5.617977528089887,81.0,530.0,611.0,27.170886075949365,-449.0,9.735576923076923,-530.0,107.0,637.0
E02000052,Barnet,8,9,16.48015166529181,11.881966251198465,715.0,794.0,0.7281059063136456,0.8085539714867617,0.08044806517311609,-4.598185414093345,183.0,588.0,1068,922,1990,771.0,54.072361809045226,-405.0,17.134831460674157,194.0,582.0,852,828,1680,776.0,67.20714285714286,-388.0,22.769953051643192,171.0,725.0,896.0,62.29899497487437,-554.0,18.546637744034708,155.0,513.0,668.0,47.330357142857146,-358.0,18.719806763285025,-606.0,75.0,681.0
E02000053,Barnet,6,6,21.41362408237653,20.76039420674578,579.0,503.0,0.5896130346232179,0.5122199592668024,-0.07739307535641549,-0.6532298756307497,389.0,328.0,876,817,1693,717.0,75.36444181925576,61.0,44.40639269406393,793.0,780.0,1970,1732,3702,1573.0,167.08265802269042,13.0,40.253807106598984,390.0,394.0,784.0,90.76196101594802,-4.0,47.735618115055075,717.0,898.0,1615.0,173.92382495948135,-181.0,41.3972286374134,-20.0,734.0,754.0
E02000054,Barnet,8,7,15.175313916180961,16.54641009125067,748.0,641.0,0.7617107942973523,0.6527494908350305,-0.1089613034623218,1.3710961750697095,140.0,443.0,729,750,1479,583.0,41.933739012846516,-303.0,19.204389574759944,151.0,551.0,733,813,1546,702.0,53.816946959896505,-400.0,20.600272851296044,171.0,468.0,639.0,54.10953346855984,-297.0,22.8,156.0,463.0,619.0,46.71927554980595,-307.0,19.18819188191882,-180.0,253.0,433.0
E02000055,Barnet,7,7,18.36901511051213,15.525799810164813,662.0,681.0,0.6741344195519349,0.6934826883910387,0.019348268839103788,-2.8432153003473175,569.0,454.0,1091,1188,2279,1023.0,113.3505923650724,115.0,52.15398716773603,483.0,667.0,1210,1381,2591,1150.0,124.33847935160169,-184.0,39.917355371900825,644.0,446.0,1090.0,126.03071522597631,198.0,54.20875420875421,605.0,603.0,1208.0,140.80084909301428,2.0,43.80883417813179,-251.0,421.0,672.0
E02000056,Barnet,10,10,8.99654355829353,8.09332322357019,918.0,919.0,0.9348268839103869,0.9358452138492872,0.0010183299389002753,-0.9032203347233398,0.0,668.0,729,684,1413,668.0,0.0,-668.0,0.0,0.0,635.0,674,671,1345,635.0,0.0,-635.0,0.0,0.0,702.0,702.0,0.0,-702.0,0.0,0.0,652.0,652.0,0.0,-652.0,0.0,-614.0,0.0,614.0
E02000057,Barnet,8,8,16.062759997327632,14.00602963341423,728.0,729.0,0.7413441955193483,0.7423625254582484,0.0010183299389001643,-2.0567303639134025,185.0,364.0,691,714,1405,549.0,47.928825622775804,-179.0,26.772793053545584,173.0,488.0,697,766,1463,661.0,57.70608339029392,-315.0,24.820659971305595,206.0,405.0,611.0,59.380782918149464,-199.0,28.851540616246496,146.0,422.0,568.0,42.113465481886536,-276.0,19.06005221932115,-487.0,73.0,560.0
E02000058,Barnet,9,9,10.616926650978474,10.384583465079514,878.0,845.0,0.8940936863543788,0.860488798370672,-0.033604887983706755,-0.2323431858989604,77.0,631.0,948,966,1914,708.0,25.385057471264368,-554.0,8.122362869198312,75.0,535.0,871,850,1721,610.0,23.31493317838466,-460.0,8.610792192881746,98.0,605.0,703.0,30.977011494252874,-507.0,10.144927536231885,88.0,511.0,599.0,26.12899477048228,-423.0,10.352941176470589,-540.0,119.0,659.0
E02000059,Barnet,5,5,24.46313097810498,22.050963226259434,476.0,455.0,0.4847250509164969,0.46334012219959264,-0.021384928716904283,-2.4121677518455478,635.0,215.0,1011,1015,2026,850.0,67.38647581441263,420.0,62.809099901088025,608.0,256.0,1051,1216,2267,864.0,68.65813850904279,352.0,57.84966698382493,681.0,280.0,961.0,94.11648568608095,401.0,67.09359605911331,833.0,289.0,1122.0,106.19188354653727,544.0,68.50328947368422,288.0,596.0,308.0
E02000060,Barnet,9,8,12.564203890109892,15.245502361673415,818.0,693.0,0.8329938900203666,0.7057026476578412,-0.12729124236252543,2.6812984715635224,43.0,700.0,963,996,1959,743.0,15.364982133741705,-657.0,4.46521287642783,19.0,637.0,687,921,1608,656.0,7.526741293532338,-618.0,2.7656477438136826,36.0,700.0,736.0,12.863705972434916,-664.0,3.614457831325301,32.0,498.0,530.0,9.91044776119403,-466.0,3.474484256243214,-346.0,135.0,481.0
E02000061,Barnet,9,8,11.801582147011109,13.939017152255637,840.0,732.0,0.8553971486761711,0.745417515274949,-0.10997963340122208,2.1374350052445283,49.0,675.0,1017,966,1983,724.0,16.67927382753404,-626.0,4.818092428711897,58.0,719.0,950,998,1948,777.0,21.40759753593429,-661.0,6.105263157894736,48.0,721.0,769.0,17.45234493192133,-673.0,4.968944099378882,77.0,710.0,787.0,28.064681724845997,-633.0,7.715430861723446,-358.0,221.0,579.0
E02000062,Barnet,4,2,29.38983416403785,32.412267776777675,378.0,138.0,0.384928716904277,0.14052953156822812,-0.24439918533604887,3.0224336127398246,474.0,130.0,722,573,1295,604.0,47.58301158301158,344.0,65.65096952908587,280.0,142.0,543,727,1270,422.0,31.30708661417323,138.0,51.56537753222836,377.0,147.0,524.0,42.79459459459459,230.0,65.79406631762653,471.0,186.0,657.0,68.98110236220472,285.0,64.78679504814305,353.0,410.0,57.0
E02000063,Barnet,7,5,20.54068284177306,22.01048084934821,598.0,457.0,0.6089613034623218,0.4653767820773931,-0.14358452138492872,1.4697980075751502,202.0,430.0,682,712,1394,632.0,62.30989956958393,-228.0,29.61876832844575,161.0,417.0,527,734,1261,578.0,53.241078509119745,-256.0,30.55028462998102,226.0,411.0,637.0,66.63271162123385,-185.0,31.741573033707866,197.0,334.0,531.0,52.17922283901665,-137.0,26.83923705722071,1.0,244.0,243.0
E02000064,Barnet,6,5,23.26157348431498,22.209279016841148,524.0,447.0,0.5336048879837068,0.45519348268839105,-0.0784114052953157,-1.052294467473832,390.0,277.0,730,669,1399,667.0,77.21944245889921,113.0,53.42465753424658,266.0,315.0,654,696,1350,581.0,62.06666666666667,-49.0,40.67278287461774,332.0,286.0,618.0,67.87133666904933,46.0,49.62630792227205,300.0,328.0,628.0,72.88888888888889,-28.0,43.103448275862064,93.0,334.0,241.0
E02000065,Bexley,6,6,23.40327591964519,20.69324370335821,517.0,507.0,0.5264765784114053,0.5162932790224033,-0.010183299389001976,-2.7100322162869794,82.0,477.0,670,626,1296,559.0,30.180555555555557,-395.0,12.238805970149254,70.0,358.0,450,466,916,428.0,27.358078602620086,-288.0,15.555555555555555,103.0,570.0,673.0,45.300925925925924,-467.0,16.45367412140575,78.0,364.0,442.0,30.995633187772924,-286.0,16.738197424892704,-283.0,64.0,347.0
E02000066,Bexley,4,3,32.245535241157555,28.275488745351343,306.0,253.0,0.31160896130346233,0.2576374745417515,-0.05397148676171082,-3.970046495806212,280.0,252.0,697,775,1472,532.0,47.93478260869565,28.0,40.17216642754663,199.0,193.0,432,501,933,392.0,41.165058949624864,6.0,46.06481481481482,400.0,295.0,695.0,80.16304347826087,105.0,51.61290322580645,233.0,170.0,403.0,42.454448017148984,63.0,46.506986027944116,149.0,260.0,111.0
E02000067,Bexley,5,4,27.938461446857143,25.826375825292025,412.0,336.0,0.4195519348268839,0.3421588594704684,-0.07739307535641549,-2.112085621565118,274.0,245.0,737,589,1326,519.0,50.625942684766216,29.0,37.177747625508815,297.0,274.0,711,576,1287,571.0,63.23076923076923,23.0,41.77215189873418,330.0,443.0,773.0,110.24886877828054,-113.0,56.02716468590832,284.0,381.0,665.0,84.07459207459208,-97.0,49.30555555555556,177.0,371.0,194.0
E02000068,Bexley,4,3,29.685682636708176,28.265863918833222,368.0,255.0,0.37474541751527496,0.25967413441955195,-0.11507128309572301,-1.4198187178749535,255.0,123.0,532,484,1016,378.0,30.871062992125985,132.0,47.93233082706767,227.0,158.0,519,525,1044,385.0,34.3544061302682,69.0,43.73795761078998,276.0,164.0,440.0,44.55118110236221,112.0,57.02479338842975,296.0,207.0,503.0,58.689655172413794,89.0,56.38095238095238,190.0,312.0,122.0
E02000069,Bexley,7,6,20.390815711979336,19.411223468910705,603.0,560.0,0.6140529531568228,0.570264765784114,-0.04378818737270884,-0.9795922430686304,133.0,189.0,392,313,705,322.0,35.65531914893617,-56.0,33.92857142857143,121.0,258.0,562,388,950,379.0,32.86105263157895,-137.0,21.530249110320284,122.0,254.0,376.0,43.95460992907802,-132.0,38.977635782747605,122.0,431.0,553.0,55.34947368421053,-309.0,31.443298969072163,-103.0,134.0,237.0
E02000070,Bexley,8,8,13.747562507174603,13.549518928436676,782.0,745.0,0.7963340122199593,0.7586558044806517,-0.03767820773930752,-0.1980435787379271,77.0,202.0,441,342,783,279.0,19.86462324393359,-125.0,17.46031746031746,105.0,161.0,427,295,722,266.0,23.414127423822716,-56.0,24.59016393442623,112.0,317.0,429.0,45.34355044699872,-205.0,32.748538011695906,93.0,281.0,374.0,36.19529085872576,-188.0,31.52542372881356,-106.0,87.0,193.0
E02000071,Bexley,8,7,17.34101227287671,17.870554619636746,692.0,599.0,0.7046843177189409,0.609979633401222,-0.09470468431771895,0.5295423467600351,91.0,213.0,405,364,769,304.0,25.20546163849155,-122.0,22.469135802469136,86.0,228.0,386,336,722,314.0,27.157894736842106,-142.0,22.279792746113987,105.0,255.0,360.0,34.81794538361508,-150.0,28.846153846153843,82.0,247.0,329.0,28.05263157894737,-165.0,24.404761904761905,-97.0,121.0,218.0
E02000072,Bexley,3,2,34.20228492756093,31.57721736516661,255.0,161.0,0.25967413441955195,0.16395112016293278,-0.09572301425661917,-2.625067562394321,559.0,29.0,706,644,1350,588.0,12.008148148148148,530.0,79.17847025495752,541.0,54.0,781,518,1299,595.0,22.489607390300232,487.0,69.27016645326505,598.0,85.0,683.0,37.65185185185185,513.0,92.85714285714286,438.0,144.0,582.0,48.55427251732102,294.0,84.55598455598455,621.0,646.0,25.0
E02000073,Bexley,10,10,8.940693490675121,8.703328624806343,919.0,906.0,0.9358452138492872,0.9226069246435845,-0.013238289205702691,-0.2373648658687788,0.0,259.0,430,345,775,259.0,0.0,-259.0,0.0,0.0,282.0,419,358,777,282.0,0.0,-282.0,0.0,0.0,375.0,375.0,0.0,-375.0,0.0,0.0,360.0,360.0,0.0,-360.0,0.0,-282.0,0.0,282.0
E02000074,Bexley,4,3,30.99578502155454,29.74117918004446,337.0,209.0,0.34317718940936864,0.21283095723014256,-0.13034623217922608,-1.254605841510081,254.0,96.0,443,383,826,350.0,29.520581113801452,158.0,57.33634311512416,190.0,89.0,365,312,677,279.0,24.977843426883307,101.0,52.054794520547944,236.0,132.0,368.0,37.714285714285715,104.0,61.61879895561357,184.0,129.0,313.0,35.06056129985229,55.0,58.97435897435898,159.0,233.0,74.0
E02000075,Bexley,10,10,9.2466418594615,8.89717351764278,910.0,899.0,0.9266802443991853,0.9154786150712831,-0.01120162932790214,-0.349468341818719,0.0,171.0,273,228,501,171.0,0.0,-171.0,0.0,0.0,243.0,358,291,649,243.0,0.0,-243.0,0.0,0.0,216.0,216.0,0.0,-216.0,0.0,0.0,281.0,281.0,0.0,-281.0,0.0,-241.0,0.0,241.0
E02000077,Bexley,8,8,14.59129154505944,12.745681586608443,762.0,768.0,0.7759674134419552,0.7820773930753564,0.006109979633401208,-1.8456099584509964,136.0,129.0,387,323,710,265.0,24.70985915492958,7.0,35.14211886304909,110.0,142.0,452,372,824,252.0,18.95631067961165,-32.0,24.336283185840706,140.0,186.0,326.0,36.67605633802817,-46.0,43.343653250774,172.0,305.0,477.0,63.66504854368932,-133.0,46.236559139784944,-68.0,101.0,169.0
E02000078,Bexley,9,9,11.01519091454664,10.34814640356461,864.0,846.0,0.879837067209776,0.8615071283095723,-0.018329938900203624,-0.6670445109820307,24.0,164.0,282,228,510,188.0,7.7176470588235295,-140.0,8.51063829787234,49.0,184.0,385,245,630,233.0,14.311111111111112,-135.0,12.727272727272727,39.0,218.0,257.0,16.67058823529412,-179.0,17.105263157894736,20.0,287.0,307.0,9.11111111111111,-267.0,8.16326530612245,-152.0,48.0,200.0
E02000079,Bexley,9,8,13.0314485380801,13.067737594617325,797.0,755.0,0.8116089613034623,0.7688391038696538,-0.042769857433808456,0.036289056537224695,135.0,226.0,544,461,1005,361.0,30.35820895522388,-91.0,24.816176470588236,129.0,291.0,721,487,1208,420.0,31.075331125827816,-162.0,17.891816920943135,146.0,359.0,505.0,52.15323383084577,-213.0,31.670281995661604,104.0,527.0,631.0,45.370860927152314,-423.0,21.35523613963039,-70.0,182.0,252.0
E02000080,Bexley,9,9,12.415966450159067,11.92746678872953,825.0,791.0,0.840122199592668,0.8054989816700611,-0.03462321792260692,-0.48849966142953605,135.0,245.0,579,369,948,380.0,34.889240506329116,-110.0,23.316062176165804,83.0,277.0,480,442,922,360.0,24.936008676789587,-194.0,17.291666666666668,61.0,400.0,461.0,25.738396624472575,-339.0,16.53116531165312,104.0,339.0,443.0,38.23861171366595,-235.0,23.52941176470588,-202.0,88.0,290.0
E02000081,Bexley,8,7,14.80849674763743,16.31653587903639,755.0,648.0,0.7688391038696538,0.659877800407332,-0.1089613034623218,1.5080391313989612,135.0,108.0,391,291,682,243.0,21.378299120234605,27.0,34.52685421994885,155.0,149.0,462,335,797,304.0,28.97741530740276,6.0,33.549783549783555,134.0,215.0,349.0,42.24340175953079,-81.0,46.04810996563574,162.0,255.0,417.0,51.831869510664994,-93.0,48.35820895522388,56.0,198.0,142.0
E02000082,Bexley,10,10,9.348468976678683,8.814773633998266,907.0,903.0,0.9236252545824847,0.9195519348268839,-0.004073319755600768,-0.5336953426804172,0.0,287.0,374,374,748,287.0,0.0,-287.0,0.0,0.0,308.0,524,374,898,308.0,0.0,-308.0,0.0,0.0,316.0,316.0,0.0,-316.0,0.0,0.0,464.0,464.0,0.0,-464.0,0.0,-308.0,0.0,308.0
E02000083,Bexley,6,5,21.859705148910038,21.449695225225224,569.0,477.0,0.5794297352342159,0.48574338085539714,-0.09368635437881878,-0.4100099236848145,247.0,121.0,462,311,773,368.0,38.66364812419146,126.0,53.46320346320347,239.0,146.0,524,368,892,385.0,39.11883408071749,93.0,45.61068702290076,180.0,181.0,361.0,42.14747736093143,-1.0,57.87781350482315,206.0,245.0,451.0,56.58071748878924,-39.0,55.97826086956522,170.0,294.0,124.0
E02000084,Bexley,10,10,8.733224478056574,9.105052779796512,924.0,891.0,0.9409368635437881,0.9073319755600815,-0.033604887983706644,0.37182830173993864,0.0,317.0,490,418,908,317.0,0.0,-317.0,0.0,0.0,301.0,566,431,997,301.0,0.0,-301.0,0.0,0.0,364.0,364.0,0.0,-364.0,0.0,0.0,482.0,482.0,0.0,-482.0,0.0,-301.0,0.0,301.0
E02000085,Bexley,9,9,11.640789962498415,11.577483086419754,844.0,803.0,0.8594704684317719,0.8177189409368636,-0.04175152749490829,-0.06330687607866103,99.0,198.0,424,392,816,297.0,24.022058823529413,-99.0,23.349056603773587,118.0,193.0,491,355,846,311.0,26.919621749408982,-75.0,24.03258655804481,107.0,258.0,365.0,33.830882352941174,-151.0,27.29591836734694,98.0,267.0,365.0,30.929078014184398,-169.0,27.605633802816904,-85.0,121.0,206.0
E02000086,Bexley,10,10,7.206032785889739,7.6400766428282285,956.0,930.0,0.9735234215885947,0.9470468431771895,-0.02647657841140527,0.4340438569384899,0.0,217.0,364,318,682,217.0,0.0,-217.0,0.0,0.0,266.0,361,358,719,266.0,0.0,-266.0,0.0,0.0,279.0,279.0,0.0,-279.0,0.0,0.0,298.0,298.0,0.0,-298.0,0.0,-266.0,0.0,266.0
E02000087,Bexley,10,10,7.051178587808419,7.91500439753738,961.0,926.0,0.9786150712830958,0.9429735234215886,-0.035641547861507195,0.8638258097289606,0.0,212.0,377,280,657,212.0,0.0,-212.0,0.0,0.0,201.0,441,260,701,201.0,0.0,-201.0,0.0,0.0,269.0,269.0,0.0,-269.0,0.0,0.0,306.0,306.0,0.0,-306.0,0.0,-202.0,0.0,202.0
E02000088,Bexley,10,10,9.005323741889622,8.580550497866287,917.0,908.0,0.9338085539714868,0.924643584521385,-0.009164969450101812,-0.42477324402333494,0.0,279.0,376,346,722,279.0,0.0,-279.0,0.0,0.0,223.0,373,334,707,223.0,0.0,-223.0,0.0,0.0,289.0,289.0,0.0,-289.0,0.0,0.0,294.0,294.0,0.0,-294.0,0.0,-223.0,0.0,223.0
E02000089,Bexley,10,10,7.351837859437235,7.935679305097643,951.0,925.0,0.9684317718940937,0.9419551934826884,-0.02647657841140527,0.5838414456604077,0.0,256.0,376,356,732,256.0,0.0,-256.0,0.0,0.0,181.0,379,261,640,181.0,0.0,-181.0,0.0,0.0,299.0,299.0,0.0,-299.0,0.0,0.0,320.0,320.0,0.0,-320.0,0.0,-181.0,0.0,181.0
E02000090,Bexley,9,9,11.898237853197342,11.417497471214894,836.0,808.0,0.8513238289205702,0.8228105906313645,-0.02851323828920571,-0.4807403819824483,158.0,266.0,688,533,1221,424.0,34.42096642096642,-108.0,22.96511627906977,148.0,309.0,723,669,1392,457.0,32.85344827586207,-161.0,20.470262793914245,131.0,406.0,537.0,43.55937755937756,-275.0,24.577861163227016,195.0,424.0,619.0,59.39655172413793,-229.0,29.14798206278027,-250.0,145.0,395.0
E02000091,Bexley,9,8,12.663692027267093,12.677847819426002,816.0,770.0,0.8309572301425662,0.7841140529531568,-0.046843177189409335,0.014155792158909719,154.0,274.0,684,493,1177,428.0,35.850467289719624,-120.0,22.514619883040936,157.0,267.0,722,558,1280,424.0,32.74921875,-110.0,21.74515235457064,137.0,356.0,493.0,41.437553101104506,-219.0,27.789046653144016,156.0,419.0,575.0,51.065625,-263.0,27.956989247311824,72.0,306.0,234.0
E02000092,Bexley,4,2,31.1720372237784,30.79426125857441,333.0,182.0,0.3391038696537678,0.18533604887983707,-0.15376782077393075,-0.37777596520399115,241.0,36.0,372,230,602,277.0,14.411960132890366,205.0,64.78494623655914,257.0,32.0,348,208,556,289.0,14.79136690647482,225.0,73.85057471264368,182.0,70.0,252.0,21.162790697674417,112.0,79.13043478260869,164.0,64.0,228.0,18.87769784172662,100.0,78.84615384615384,291.0,300.0,9.0
E02000093,Brent,6,6,21.2258367995957,18.51265270980605,584.0,581.0,0.594704684317719,0.5916496945010183,-0.003054989816700604,-2.7131840897896495,263.0,302.0,719,779,1498,565.0,53.02136181575434,-39.0,36.57858136300417,407.0,298.0,1007,763,1770,705.0,68.52316384180791,109.0,40.41708043694141,362.0,341.0,703.0,82.4045393858478,21.0,46.46983311938382,376.0,453.0,829.0,96.23050847457627,-77.0,49.279161205766705,36.0,313.0,277.0
E02000094,Brent,5,6,24.150200038874917,19.701443778110946,484.0,547.0,0.49287169042769857,0.5570264765784114,0.06415478615071285,-4.448756260763972,286.0,124.0,583,644,1227,410.0,28.903015484922577,162.0,49.056603773584904,390.0,141.0,802,750,1552,531.0,35.43170103092783,249.0,48.6284289276808,363.0,164.0,527.0,48.51833740831296,199.0,56.36645962732919,462.0,249.0,711.0,74.12242268041237,213.0,61.6,-125.0,163.0,288.0
E02000095,Brent,5,6,25.4529232454884,18.901116121982717,463.0,574.0,0.4714867617107943,0.5845213849287169,0.11303462321792257,-6.551807123505682,324.0,208.0,594,789,1383,532.0,48.72885032537961,116.0,54.54545454545454,390.0,151.0,669,804,1473,541.0,39.979633401221996,239.0,58.29596412556054,460.0,118.0,578.0,39.248011569052785,342.0,58.30164765525983,527.0,146.0,673.0,52.23489477257298,381.0,65.54726368159204,-67.0,191.0,258.0
E02000096,Brent,8,9,14.634358061331929,11.05660951621478,760.0,828.0,0.7739307535641547,0.8431771894093686,0.06924643584521384,-3.5777485451171493,79.0,402.0,526,637,1163,481.0,27.306964746345656,-323.0,15.019011406844108,57.0,275.0,414,462,876,332.0,17.893835616438356,-218.0,13.768115942028986,133.0,353.0,486.0,40.368873602751506,-220.0,20.87912087912088,94.0,278.0,372.0,29.831050228310502,-184.0,20.346320346320347,-394.0,10.0,404.0
E02000097,Brent,6,6,23.222842675820495,19.284324330332336,527.0,564.0,0.5366598778004074,0.5743380855397149,0.03767820773930752,-3.938518345488159,152.0,371.0,505,726,1231,523.0,45.80991064175467,-219.0,30.099009900990097,140.0,305.0,619,630,1249,445.0,34.18734987990392,-165.0,22.617124394184167,230.0,296.0,526.0,55.30463038180341,-66.0,31.68044077134986,216.0,368.0,584.0,63.64131305044035,-152.0,34.285714285714285,-129.0,123.0,252.0
E02000098,Brent,5,5,24.057873358509568,21.869006846846847,488.0,459.0,0.4969450101832994,0.46741344195519346,-0.02953156822810593,-2.18886651166272,275.0,224.0,581,865,1446,499.0,42.60027662517289,51.0,47.332185886402755,270.0,181.0,535,755,1290,451.0,37.883720930232556,89.0,50.467289719626166,495.0,212.0,707.0,72.57261410788382,283.0,57.22543352601156,469.0,153.0,622.0,55.62558139534884,316.0,62.11920529801325,78.0,253.0,175.0
E02000099,Brent,6,6,23.503194765131504,18.820169756207168,514.0,575.0,0.5234215885947047,0.5855397148676171,0.062118126272912466,-4.683025008924336,205.0,420.0,766,802,1568,625.0,54.910714285714285,-215.0,26.762402088772845,265.0,281.0,867,727,1594,546.0,46.715809284818064,-16.0,30.565167243367934,279.0,411.0,690.0,73.13073979591837,-132.0,34.78802992518703,297.0,484.0,781.0,90.18067754077792,-187.0,40.852819807427785,-40.0,255.0,295.0
E02000100,Brent,8,8,16.663743371483072,12.250444992710552,712.0,784.0,0.725050916496945,0.7983706720977597,0.07331975560081472,-4.41329837877252,73.0,614.0,502,806,1308,687.0,34.26758409785933,-541.0,14.54183266932271,63.0,650.0,506,865,1371,713.0,29.86870897155361,-587.0,12.450592885375494,111.0,360.0,471.0,30.55045871559633,-249.0,13.771712158808933,128.0,364.0,492.0,33.98395331874544,-236.0,14.797687861271678,-592.0,46.0,638.0
E02000101,Brent,2,3,38.46718823724818,27.68633350676379,158.0,279.0,0.16089613034623218,0.28411405295315684,0.12321792260692466,-10.78085473048439,646.0,62.0,737,779,1516,708.0,26.41952506596306,584.0,87.65264586160109,602.0,51.0,694,752,1446,653.0,21.232365145228215,551.0,86.74351585014409,704.0,69.0,773.0,32.04221635883905,635.0,90.37227214377407,667.0,72.0,739.0,33.211618257261414,595.0,88.6968085106383,383.0,532.0,149.0
E02000102,Brent,3,2,35.50564096537251,33.10145888053041,211.0,121.0,0.21486761710794297,0.12321792260692464,-0.09164969450101833,-2.4041820848420983,369.0,143.0,658,696,1354,512.0,38.9711964549483,226.0,56.079027355623104,238.0,133.0,480,651,1131,371.0,27.98762157382847,105.0,49.583333333333336,465.0,173.0,638.0,59.41285081240768,292.0,66.8103448275862,472.0,156.0,628.0,65.10344827586206,316.0,72.50384024577573,169.0,267.0,98.0
E02000103,Brent,4,3,31.041659579273183,28.897435159149705,336.0,234.0,0.3421588594704684,0.23828920570264767,-0.10386965376782076,-2.1442244201234786,402.0,252.0,827,725,1552,654.0,65.27319587628865,150.0,48.60943168077388,288.0,287.0,729,873,1602,575.0,51.59550561797753,1.0,39.50617283950617,391.0,344.0,735.0,86.66494845360825,47.0,53.93103448275862,458.0,319.0,777.0,91.19975031210986,139.0,52.46277205040092,163.0,408.0,245.0
E02000104,Brent,6,5,22.399759736958767,23.181167785234898,549.0,415.0,0.5590631364562119,0.4226069246435845,-0.13645621181262735,0.7814080482761305,108.0,368.0,558,659,1217,476.0,32.65735414954807,-260.0,19.35483870967742,100.0,289.0,531,645,1176,389.0,24.57482993197279,-189.0,18.832391713747647,158.0,362.0,520.0,46.99753492193919,-204.0,23.975720789074355,206.0,326.0,532.0,57.105442176870746,-120.0,31.937984496124034,41.0,178.0,137.0
E02000105,Brent,5,5,25.907993962182132,21.4174492812723,450.0,478.0,0.45824847250509165,0.48676171079429736,0.02851323828920571,-4.4905446809098315,353.0,284.0,859,1051,1910,637.0,52.48795811518325,69.0,41.09429569266589,411.0,228.0,759,821,1580,639.0,59.30886075949367,183.0,54.1501976284585,496.0,220.0,716.0,57.13089005235602,276.0,47.19314938154139,407.0,158.0,565.0,40.7,249.0,49.57369062119367,153.0,390.0,237.0
E02000106,Brent,3,2,33.170731411373204,33.326787599188044,282.0,114.0,0.28716904276985744,0.11608961303462322,-0.1710794297352342,0.15605618781484054,513.0,291.0,942,1105,2047,804.0,72.92769907181241,222.0,54.45859872611465,473.0,348.0,858,1334,2192,821.0,75.09306569343066,125.0,55.12820512820513,689.0,333.0,1022.0,112.08451392281387,356.0,62.35294117647059,847.0,326.0,1173.0,125.96806569343066,521.0,63.493253373313344,394.0,604.0,210.0
E02000107,Brent,4,4,30.966089681069956,25.179422019154728,340.0,353.0,0.34623217922606925,0.3594704684317719,0.013238289205702636,-5.786667661915228,641.0,446.0,1329,1395,2724,1087.0,104.95080763582966,195.0,48.23175319789315,560.0,435.0,1167,1392,2559,995.0,95.1934349355217,125.0,47.98628963153384,688.0,405.0,1093.0,102.29074889867842,283.0,49.31899641577061,696.0,396.0,1092.0,107.70457209847596,300.0,50.0,104.0,584.0,480.0
E02000108,Brent,5,6,26.73734961269745,20.698059812235012,435.0,506.0,0.4429735234215886,0.515274949083503,0.07230142566191444,-6.039289800462438,255.0,169.0,573,737,1310,424.0,32.896946564885496,86.0,44.50261780104712,255.0,152.0,501,598,1099,407.0,35.26842584167425,103.0,50.898203592814376,348.0,99.0,447.0,26.299236641221373,249.0,47.218453188602446,290.0,121.0,411.0,31.929026387625115,169.0,48.49498327759198,-230.0,117.0,347.0
E02000109,Brent,6,5,22.933359840457552,21.547692966636607,535.0,473.0,0.544806517311609,0.4816700610997963,-0.06313645621181269,-1.385666873820945,194.0,454.0,1175,723,1898,648.0,46.40463645943098,-260.0,16.51063829787234,465.0,1209.0,2092,2112,4204,1674.0,133.72621313035205,-744.0,22.22753346080306,174.0,855.0,1029.0,78.38250790305585,-681.0,24.066390041493776,632.0,1341.0,1973.0,201.5965746907707,-709.0,29.924242424242426,51.0,684.0,633.0
E02000110,Brent,5,6,26.626919551131444,20.8727315428301,438.0,497.0,0.4460285132382892,0.5061099796334012,0.060081466395112026,-5.754188008301345,236.0,556.0,860,979,1839,792.0,71.35182164219685,-320.0,27.44186046511628,209.0,677.0,813,1131,1944,886.0,72.78446502057614,-468.0,25.707257072570727,332.0,558.0,890.0,100.7373572593801,-226.0,33.912155260469866,353.0,547.0,900.0,99.32664609053498,-194.0,31.21131741821397,-616.0,157.0,773.0
E02000111,Brent,5,5,27.149569854835413,22.217877004848937,426.0,446.0,0.43380855397148677,0.45417515274949083,0.020366598778004064,-4.931692849986476,267.0,212.0,707,1034,1741,479.0,32.51234922458357,55.0,37.765205091937766,330.0,173.0,813,1118,1931,503.0,29.564992232004144,157.0,40.59040590405904,537.0,194.0,731.0,59.83802412406663,343.0,51.93423597678917,464.0,186.0,650.0,44.69394096323148,278.0,41.50268336314848,-8.0,180.0,188.0
E02000112,Brent,5,5,26.429677364291774,23.599742559523808,441.0,397.0,0.44908350305498984,0.40427698574338083,-0.044806517311609007,-2.8299348047679658,295.0,331.0,789,1096,1885,626.0,51.80106100795756,-36.0,37.38910012674271,625.0,297.0,1514,1162,2676,922.0,69.36659192825113,328.0,41.28137384412153,485.0,257.0,742.0,66.12466843501326,228.0,44.25182481751825,548.0,520.0,1068.0,106.48729446935725,28.0,47.16006884681583,25.0,320.0,295.0
E02000113,Brent,1,1,50.072507560849296,45.0679723035117,22.0,5.0,0.02240325865580448,0.0050916496945010185,-0.01731160896130346,-5.004535257337594,518.0,0.0,638,678,1316,518.0,0.0,518.0,81.19122257053291,471.0,0.0,566,709,1275,471.0,0.0,471.0,83.21554770318022,490.0,0.0,490.0,0.0,490.0,72.27138643067846,626.0,0.0,626.0,0.0,626.0,88.29337094499294,428.0,428.0,0.0
E02000114,Brent,4,4,32.284846362930075,24.566917720834685,304.0,371.0,0.3095723014256619,0.37780040733197556,0.06822810590631367,-7.717928642095391,550.0,418.0,1134,1211,2345,968.0,98.03837953091684,132.0,48.500881834215164,591.0,493.0,1263,1322,2585,1084.0,112.71295938104448,98.0,46.79334916864608,580.0,345.0,925.0,85.33049040511727,235.0,47.89430222956235,636.0,463.0,1099.0,113.91411992263056,173.0,48.1089258698941,171.0,623.0,452.0
E02000115,Brent,4,4,30.233784383693045,23.96195340628309,358.0,388.0,0.3645621181262729,0.395112016293279,0.030549898167006095,-6.271830977409955,646.0,320.0,1199,1238,2437,966.0,84.82560525235945,326.0,53.87823185988324,416.0,318.0,1007,1072,2079,734.0,63.63059163059163,98.0,41.31082423038729,698.0,318.0,1016.0,91.08083709478868,380.0,56.38126009693053,517.0,380.0,897.0,94.4973544973545,137.0,48.22761194029851,179.0,448.0,269.0
E02000116,Brent,1,1,42.98006987243959,34.40406928406467,90.0,93.0,0.09164969450101833,0.09470468431771895,0.003054989816700618,-8.576000588374924,842.0,0.0,978,895,1873,842.0,0.0,842.0,86.09406952965234,728.0,0.0,867,935,1802,728.0,0.0,728.0,83.9677047289504,783.0,0.0,783.0,0.0,783.0,87.48603351955308,816.0,0.0,816.0,0.0,816.0,87.27272727272727,704.0,704.0,0.0
E02000117,Brent,1,1,45.61755650961458,40.87962306326662,55.0,18.0,0.0560081466395112,0.018329938900203666,-0.03767820773930754,-4.737933446347959,972.0,0.0,1175,1044,2219,972.0,0.0,972.0,82.72340425531914,686.0,0.0,819,1195,2014,686.0,0.0,686.0,83.76068376068376,851.0,0.0,851.0,0.0,851.0,81.51340996168582,1008.0,0.0,1008.0,0.0,1008.0,84.35146443514644,544.0,544.0,0.0
E02000118,Brent,5,5,28.334302550663132,23.451696060577014,398.0,406.0,0.40529531568228105,0.4134419551934827,0.008146639511201648,-4.882606490086118,251.0,224.0,632,846,1478,475.0,38.04059539918809,27.0,39.71518987341772,299.0,204.0,761,934,1695,503.0,35.9858407079646,95.0,39.2904073587385,398.0,168.0,566.0,45.239512855209746,230.0,47.04491725768322,463.0,179.0,642.0,48.89498525073746,284.0,49.57173447537473,-18.0,185.0,203.0
E02000119,Brent,1,1,55.33502082142857,45.55961340206186,5.0,4.0,0.0050916496945010185,0.004073319755600814,-0.0010183299389002042,-9.775407419366708,511.0,0.0,662,556,1218,511.0,0.0,511.0,77.19033232628398,720.0,0.0,920,710,1630,720.0,0.0,720.0,78.26086956521739,415.0,0.0,415.0,0.0,415.0,74.64028776978418,597.0,0.0,597.0,0.0,597.0,84.08450704225352,673.0,673.0,0.0
E02000120,Brent,3,4,33.561413477317124,25.24858486532706,271.0,349.0,0.2759674134419552,0.35539714867617106,0.07942973523421587,-8.312828611990064,876.0,291.0,1280,1302,2582,1167.0,98.72811773818745,585.0,68.4375,775.0,359.0,1220,1444,2664,1134.0,104.43881381381381,416.0,63.52459016393443,888.0,265.0,1153.0,91.13865220759101,623.0,68.20276497695853,926.0,328.0,1254.0,114.01201201201201,598.0,64.12742382271468,113.0,589.0,476.0
E02000121,Brent,6,5,23.168626830851895,22.230575781326543,530.0,445.0,0.539714867617108,0.4531568228105906,-0.08655804480651735,-0.9380510495253525,130.0,545.0,637,853,1490,675.0,47.5503355704698,-415.0,20.408163265306122,152.0,591.0,739,991,1730,743.0,51.92601156069364,-439.0,20.56833558863329,234.0,464.0,698.0,72.86979865771812,-230.0,27.432590855803046,286.0,522.0,808.0,86.29595375722543,-236.0,28.85973763874874,34.0,206.0,172.0
E02000122,Brent,6,7,21.31719914345835,17.425947625610828,582.0,614.0,0.5926680244399185,0.6252545824847251,0.03258655804480659,-3.8912515178475218,190.0,522.0,802,768,1570,712.0,63.17197452229299,-332.0,23.690773067331673,148.0,576.0,795,782,1577,724.0,54.0570703868104,-428.0,18.61635220125786,172.0,538.0,710.0,58.94012738853503,-366.0,22.395833333333336,152.0,577.0,729.0,55.6144578313253,-425.0,19.437340153452684,-453.0,122.0,575.0
E02000123,Brent,2,1,42.45749719473091,36.124354966286305,103.0,59.0,0.10488798370672098,0.06008146639511202,-0.04480651731160896,-6.333142228444608,1099.0,544.0,1593,1867,3460,1643.0,172.7907514450867,555.0,68.98932831136221,801.0,414.0,1187,1877,3064,1215.0,108.22911227154047,387.0,67.4810446503791,1235.0,380.0,1615.0,135.635838150289,855.0,66.14890198178897,1382.0,289.0,1671.0,130.35182767624022,1093.0,73.62812999467235,887.0,887.0,0.0
E02000124,Brent,4,5,30.17044065349247,21.09339867667391,359.0,488.0,0.3655804480651731,0.4969450101832994,0.1313645621181263,-9.07704197681856,647.0,444.0,1239,1241,2480,1091.0,115.83387096774193,203.0,52.21953188054883,530.0,380.0,1083,1134,2217,910.0,90.84348218313036,150.0,48.938134810710984,655.0,455.0,1110.0,120.17137096774194,200.0,52.780016116035455,615.0,452.0,1067.0,125.38565629228687,163.0,54.232804232804234,-14.0,483.0,497.0
E02000125,Brent,5,6,25.5762435654184,18.76533574074074,461.0,576.0,0.4694501018329939,0.5865580448065173,0.1171079429735234,-6.810907824677663,348.0,659.0,1137,1117,2254,1007.0,101.74445430346051,-311.0,30.606860158311346,305.0,625.0,852,1080,1932,930.0,98.66718426501035,-320.0,35.798122065727696,352.0,696.0,1048.0,108.69210292812777,-344.0,31.5129811996419,351.0,474.0,825.0,86.11490683229813,-123.0,32.5,-452.0,260.0,712.0
E02000126,Brent,1,1,55.63967388038585,38.516587840558316,3.0,41.0,0.003054989816700611,0.04175152749490835,0.038696537678207736,-17.123086039827534,596.0,0.0,689,611,1300,596.0,0.0,596.0,86.5021770682148,445.0,0.0,521,819,1340,445.0,0.0,445.0,85.41266794625719,522.0,0.0,522.0,0.0,522.0,85.43371522094927,687.0,0.0,687.0,0.0,687.0,83.88278388278388,477.0,477.0,0.0
E02000127,Bromley,4,2,32.39469872097135,31.154922960069445,299.0,171.0,0.3044806517311609,0.17413441955193482,-0.13034623217922608,-1.2397757609019031,376.0,128.0,615,524,1139,504.0,42.25460930640913,248.0,61.138211382113816,313.0,104.0,532,460,992,417.0,32.814516129032256,209.0,58.83458646616542,356.0,204.0,560.0,63.76119402985075,152.0,67.93893129770993,323.0,160.0,483.0,52.096774193548384,163.0,70.21739130434783,386.0,411.0,25.0
E02000128,Bromley,8,9,13.624992254592817,11.754557284299858,784.0,799.0,0.7983706720977597,0.8136456211812627,0.01527494908350302,-1.8704349702929584,186.0,229.0,507,435,942,415.0,45.21656050955414,-43.0,36.68639053254438,172.0,131.0,458,361,819,303.0,27.511599511599513,41.0,37.55458515283843,160.0,270.0,430.0,45.859872611464965,-110.0,36.7816091954023,196.0,265.0,461.0,63.41880341880342,-69.0,54.29362880886427,-74.0,111.0,185.0
E02000130,Bromley,7,7,19.69147752767248,17.555817572335922,623.0,608.0,0.6344195519348269,0.6191446028513238,-0.015274949083503131,-2.135659955336557,122.0,362.0,722,694,1416,484.0,31.189265536723163,-240.0,16.897506925207757,115.0,340.0,631,658,1289,455.0,30.333591931730023,-225.0,18.225039619651348,254.0,529.0,783.0,94.89124293785311,-275.0,36.59942363112392,264.0,466.0,730.0,95.44142746314972,-202.0,40.121580547112465,-224.0,112.0,336.0
E02000131,Bromley,4,5,28.64109139937458,22.164807626864178,391.0,450.0,0.3981670061099796,0.45824847250509165,0.060081466395112026,-6.476283772510403,657.0,300.0,1192,1055,2247,957.0,87.71695594125501,357.0,55.11744966442953,666.0,267.0,1120,1043,2163,933.0,82.21081830790568,399.0,59.464285714285715,639.0,384.0,1023.0,109.20160213618158,255.0,60.568720379146924,655.0,322.0,977.0,97.50809061488673,333.0,62.799616490891665,102.0,513.0,411.0
E02000132,Bromley,8,7,16.06468179817906,15.421347252518958,727.0,685.0,0.7403258655804481,0.6975560081466395,-0.04276985743380857,-0.6433345456601014,351.0,299.0,995,801,1796,650.0,58.43485523385301,52.0,35.27638190954774,294.0,347.0,989,737,1726,641.0,59.106604866743915,-53.0,29.726996966632964,376.0,556.0,932.0,116.40089086859689,-180.0,46.94132334581773,326.0,584.0,910.0,110.30359212050985,-258.0,44.23337856173677,120.0,397.0,277.0
E02000133,Bromley,10,10,7.481780072975224,6.742223472208981,946.0,953.0,0.9633401221995926,0.9704684317718941,0.007128309572301483,-0.7395566007662424,0.0,461.0,748,639,1387,461.0,0.0,-461.0,0.0,0.0,455.0,726,590,1316,455.0,0.0,-455.0,0.0,0.0,607.0,607.0,0.0,-607.0,0.0,0.0,597.0,597.0,0.0,-597.0,0.0,-441.0,0.0,441.0
E02000134,Bromley,8,7,17.117325207463104,15.9732266469153,700.0,663.0,0.7128309572301426,0.675152749490835,-0.03767820773930752,-1.1440985605478033,401.0,361.0,1096,938,2034,762.0,71.17059980334317,40.0,36.58759124087591,372.0,445.0,1059,941,2000,817.0,82.77,-73.0,35.12747875354108,479.0,596.0,1075.0,140.3559488692232,-117.0,51.06609808102346,396.0,625.0,1021.0,123.75,-229.0,42.08289054197662,-2.0,411.0,413.0
E02000135,Bromley,2,2,38.27453998356277,33.39903611432986,162.0,111.0,0.164969450101833,0.11303462321792261,-0.05193482688391039,-4.875503869232908,795.0,7.0,902,828,1730,802.0,3.2167630057803467,788.0,88.13747228381375,678.0,38.0,785,794,1579,716.0,16.31665611146295,640.0,86.36942675159236,750.0,43.0,793.0,18.641618497109828,707.0,90.57971014492753,685.0,27.0,712.0,11.713109563014566,658.0,86.272040302267,539.0,610.0,71.0
E02000136,Bromley,7,6,19.60749731075419,20.13959566660842,624.0,532.0,0.6354378818737271,0.5417515274949084,-0.09368635437881867,0.5320983558542309,182.0,93.0,363,276,639,275.0,26.488262910798124,89.0,50.13774104683195,200.0,96.0,366,285,651,296.0,29.493087557603687,104.0,54.644808743169406,166.0,163.0,329.0,42.34428794992175,3.0,60.14492753623188,169.0,144.0,313.0,37.382488479262676,25.0,59.29824561403508,145.0,222.0,77.0
E02000137,Bromley,9,10,10.982708339637107,8.41208028673835,866.0,912.0,0.8818737270875764,0.9287169042769857,0.046843177189409335,-2.5706280528987566,244.0,276.0,738,581,1319,520.0,51.05686125852919,-32.0,33.06233062330624,178.0,318.0,641,573,1214,496.0,46.626029654036245,-140.0,27.769110764430575,263.0,437.0,700.0,87.13495072024261,-174.0,45.26678141135972,187.0,409.0,596.0,63.000823723229,-222.0,32.63525305410122,-391.0,0.0,391.0
E02000138,Bromley,10,10,7.778212401587701,6.405692298391972,942.0,957.0,0.9592668024439919,0.9745417515274949,0.01527494908350302,-1.372520103195729,0.0,423.0,764,602,1366,423.0,0.0,-423.0,0.0,0.0,460.0,720,603,1323,460.0,0.0,-460.0,0.0,0.0,600.0,600.0,0.0,-600.0,0.0,0.0,574.0,574.0,0.0,-574.0,0.0,-439.0,0.0,439.0
E02000139,Bromley,8,8,14.82386508649094,12.80906155065381,754.0,764.0,0.7678207739307535,0.7780040733197556,0.010183299389002087,-2.01480353583713,141.0,199.0,641,485,1126,340.0,24.91918294849023,-58.0,21.996879875195006,171.0,222.0,623,505,1128,393.0,33.65425531914894,-51.0,27.447833065810595,216.0,392.0,608.0,75.19715808170515,-176.0,44.53608247422681,216.0,377.0,593.0,72.19148936170212,-161.0,42.772277227722775,-91.0,178.0,269.0
E02000140,Bromley,2,1,37.52346456037806,35.658324308276924,177.0,68.0,0.18024439918533605,0.06924643584521385,-0.1109979633401222,-1.8651402521011349,470.0,12.0,546,407,953,482.0,5.918153200419727,458.0,86.08058608058609,391.0,14.0,433,329,762,405.0,7.183727034120735,377.0,90.30023094688222,372.0,17.0,389.0,6.63588667366212,355.0,91.4004914004914,293.0,13.0,306.0,4.998687664041995,280.0,89.05775075987842,393.0,393.0,0.0
E02000141,Bromley,7,7,18.105070531700285,15.660851020684062,673.0,674.0,0.685336048879837,0.6863543788187373,0.0010183299389002753,-2.4442195110162235,134.0,268.0,580,518,1098,402.0,32.70673952641166,-134.0,23.103448275862068,145.0,299.0,572,523,1095,444.0,39.593607305936075,-154.0,25.34965034965035,199.0,382.0,581.0,69.23315118397086,-183.0,38.41698841698842,203.0,386.0,589.0,71.55981735159817,-183.0,38.81453154875717,-167.0,124.0,291.0
E02000142,Bromley,10,10,8.663348743995172,8.116031601123597,925.0,918.0,0.9419551934826884,0.9348268839103869,-0.007128309572301483,-0.5473171428715755,0.0,467.0,630,650,1280,467.0,0.0,-467.0,0.0,0.0,344.0,597,484,1081,344.0,0.0,-344.0,0.0,0.0,459.0,459.0,0.0,-459.0,0.0,0.0,449.0,449.0,0.0,-449.0,0.0,-327.0,0.0,327.0
E02000144,Bromley,10,10,9.947103223361363,8.478019714989822,893.0,910.0,0.9093686354378818,0.9266802443991853,0.01731160896130346,-1.4690835083715417,0.0,468.0,761,656,1417,468.0,0.0,-468.0,0.0,0.0,528.0,911,735,1646,528.0,0.0,-528.0,0.0,0.0,568.0,568.0,0.0,-568.0,0.0,0.0,713.0,713.0,0.0,-713.0,0.0,-501.0,0.0,501.0
E02000145,Bromley,3,2,36.18182819812021,33.56163361778576,200.0,108.0,0.20366598778004075,0.109979633401222,-0.09368635437881875,-2.6201945803344486,469.0,76.0,629,452,1081,545.0,32.973172987974095,393.0,74.56279809220986,317.0,62.0,444,447,891,379.0,22.058361391694724,255.0,71.3963963963964,371.0,105.0,476.0,36.036077705827935,266.0,82.07964601769912,359.0,85.0,444.0,34.248035914702584,274.0,80.31319910514542,280.0,316.0,36.0
E02000146,Bromley,9,9,10.478399180201826,9.967636815920399,883.0,860.0,0.8991853360488798,0.8757637474541752,-0.023421588594704668,-0.5107623642814278,252.0,257.0,733,527,1260,509.0,51.4,-5.0,34.379263301500686,267.0,234.0,772,472,1244,501.0,50.22347266881029,33.0,34.58549222797927,240.0,443.0,683.0,84.38095238095238,-203.0,45.54079696394687,204.0,449.0,653.0,73.63022508038586,-245.0,43.22033898305085,42.0,272.0,230.0
E02000147,Bromley,10,10,4.508848176308194,4.908987892870246,980.0,979.0,0.9979633401221996,0.9969450101832994,-0.0010183299389001643,0.4001397165620517,0.0,222.0,479,358,837,222.0,0.0,-222.0,0.0,0.0,256.0,451,418,869,256.0,0.0,-256.0,0.0,0.0,289.0,289.0,0.0,-289.0,0.0,0.0,295.0,295.0,0.0,-295.0,0.0,-245.0,0.0,245.0
E02000148,Bromley,10,10,7.116127217463933,7.357472893827902,959.0,941.0,0.9765784114052953,0.9582484725050916,-0.018329938900203735,0.2413456763639692,0.0,188.0,363,287,650,188.0,0.0,-188.0,0.0,0.0,215.0,388,315,703,215.0,0.0,-215.0,0.0,0.0,232.0,232.0,0.0,-232.0,0.0,0.0,273.0,273.0,0.0,-273.0,0.0,-214.0,0.0,214.0
E02000149,Bromley,6,5,23.37698091333679,23.112002465483236,519.0,416.0,0.5285132382892057,0.42362525458248473,-0.10488798370672098,-0.2649784478535544,209.0,111.0,409,378,787,320.0,29.477763659466326,98.0,51.1002444987775,237.0,74.0,465,305,770,311.0,22.776623376623377,163.0,50.967741935483865,230.0,161.0,391.0,47.05209656925032,69.0,60.84656084656085,205.0,189.0,394.0,50.31818181818182,16.0,67.21311475409836,209.0,278.0,69.0
E02000150,Bromley,9,9,11.796424063106215,11.160133218390804,841.0,820.0,0.8564154786150713,0.835030549898167,-0.021384928716904228,-0.6362908447154112,179.0,215.0,471,432,903,394.0,42.61904761904762,-36.0,38.004246284501065,149.0,234.0,470,431,901,383.0,38.69700332963374,-85.0,31.70212765957447,175.0,255.0,430.0,49.41860465116279,-80.0,40.50925925925926,160.0,277.0,437.0,49.18978912319645,-117.0,37.12296983758701,-115.0,118.0,233.0
E02000151,Bromley,10,10,4.608493942962768,4.035781282586027,978.0,982.0,0.9959266802443992,1.0,0.004073319755600768,-0.572712660376741,0.0,205.0,335,348,683,205.0,0.0,-205.0,0.0,0.0,179.0,356,298,654,179.0,0.0,-179.0,0.0,0.0,232.0,232.0,0.0,-232.0,0.0,0.0,251.0,251.0,0.0,-251.0,0.0,-175.0,0.0,175.0
E02000152,Bromley,6,4,23.504589496348142,24.334110890565036,513.0,378.0,0.5224032586558045,0.384928716904277,-0.1374745417515275,0.8295213942168935,246.0,74.0,449,329,778,320.0,23.398457583547557,172.0,54.78841870824054,290.0,87.0,470,386,856,377.0,29.47429906542056,203.0,61.702127659574465,227.0,144.0,371.0,42.01542416452442,83.0,68.9969604863222,280.0,162.0,442.0,52.99065420560748,118.0,72.53886010362694,277.0,333.0,56.0
E02000153,Bromley,10,10,6.033459909477756,6.094153517050459,972.0,962.0,0.9898167006109979,0.9796334012219959,-0.010183299389001976,0.06069360757270292,0.0,164.0,381,329,710,164.0,0.0,-164.0,0.0,0.0,145.0,370,268,638,145.0,0.0,-145.0,0.0,0.0,274.0,274.0,0.0,-274.0,0.0,0.0,232.0,232.0,0.0,-232.0,0.0,-142.0,0.0,142.0
E02000154,Bromley,9,9,10.796055072747833,11.251371650717703,872.0,815.0,0.8879837067209776,0.829938900203666,-0.05804480651731159,0.45531657796986913,179.0,274.0,549,459,1008,453.0,48.65674603174603,-95.0,32.60473588342441,159.0,287.0,535,465,1000,446.0,45.633,-128.0,29.719626168224302,136.0,334.0,470.0,45.06349206349206,-198.0,29.629629629629626,129.0,345.0,474.0,44.505,-216.0,27.741935483870968,-126.0,160.0,286.0
E02000155,Bromley,8,7,17.20918700217234,17.19982082429501,694.0,621.0,0.7067209775967414,0.6323828920570265,-0.07433808553971488,-0.009366177877328852,108.0,174.0,318,359,677,282.0,27.757754800590842,-66.0,33.9622641509434,163.0,134.0,424,321,745,297.0,29.318120805369126,29.0,38.443396226415096,167.0,181.0,348.0,44.64844903988183,-14.0,46.51810584958218,156.0,237.0,393.0,49.62684563758389,-81.0,48.598130841121495,70.0,180.0,110.0
E02000156,Bromley,10,10,7.399662821068299,6.711487266553481,949.0,954.0,0.9663951120162932,0.9714867617107943,0.005091649694501044,-0.6881755545148183,0.0,380.0,629,574,1203,380.0,0.0,-380.0,0.0,0.0,362.0,645,568,1213,362.0,0.0,-362.0,0.0,0.0,418.0,418.0,0.0,-418.0,0.0,0.0,454.0,454.0,0.0,-454.0,0.0,-360.0,0.0,360.0
E02000157,Bromley,10,10,5.15125285233551,5.383091201186357,977.0,976.0,0.994908350305499,0.9938900203665988,-0.0010183299389001643,0.23183834885084664,0.0,185.0,372,278,650,185.0,0.0,-185.0,0.0,0.0,204.0,434,309,743,204.0,0.0,-204.0,0.0,0.0,218.0,218.0,0.0,-218.0,0.0,0.0,304.0,304.0,0.0,-304.0,0.0,-200.0,0.0,200.0
E02000158,Bromley,6,7,21.450589653041824,18.094705116638742,578.0,592.0,0.5885947046843177,0.6028513238289206,0.014256619144602856,-3.3558845364030816,209.0,241.0,401,552,953,450.0,52.85309548793284,-32.0,52.119700748129674,215.0,89.0,389,261,650,304.0,29.43846153846154,126.0,55.26992287917738,276.0,166.0,442.0,48.07555089192025,110.0,50.0,159.0,144.0,303.0,35.22461538461538,15.0,60.91954022988506,67.0,173.0,106.0
E02000159,Bromley,10,10,7.237949547122724,7.260148747315677,955.0,942.0,0.9725050916496945,0.9592668024439919,-0.01323828920570258,0.022199200192952517,0.0,266.0,391,384,775,266.0,0.0,-266.0,0.0,0.0,191.0,365,294,659,191.0,0.0,-191.0,0.0,0.0,259.0,259.0,0.0,-259.0,0.0,0.0,216.0,216.0,0.0,-216.0,0.0,-188.0,0.0,188.0
E02000160,Bromley,10,10,7.596944079302443,7.990305309181761,945.0,923.0,0.9623217922606925,0.939918533604888,-0.022403258655804503,0.3933612298793179,0.0,217.0,439,391,830,217.0,0.0,-217.0,0.0,0.0,144.0,428,274,702,144.0,0.0,-144.0,0.0,0.0,277.0,277.0,0.0,-277.0,0.0,0.0,297.0,297.0,0.0,-297.0,0.0,-143.0,0.0,143.0
E02000161,Bromley,10,10,4.314845820451843,5.1688684997699035,981.0,977.0,0.9989816700610998,0.994908350305499,-0.004073319755600879,0.8540226793180601,0.0,276.0,407,398,805,276.0,0.0,-276.0,0.0,0.0,216.0,459,367,826,216.0,0.0,-216.0,0.0,0.0,305.0,305.0,0.0,-305.0,0.0,0.0,340.0,340.0,0.0,-340.0,0.0,-216.0,0.0,216.0
E02000162,Bromley,9,8,12.524626148662783,13.508810934592816,820.0,747.0,0.835030549898167,0.7606924643584522,-0.07433808553971488,0.984184785930033,180.0,129.0,373,285,658,309.0,35.2887537993921,51.0,48.257372654155496,173.0,107.0,403,269,672,280.0,27.546130952380953,66.0,42.92803970223325,123.0,156.0,279.0,29.161094224924014,-33.0,43.15789473684211,117.0,203.0,320.0,35.34375,-86.0,43.49442379182156,112.0,201.0,89.0
E02000163,Bromley,10,10,7.330790403398693,7.727085717952009,952.0,929.0,0.9694501018329938,0.9460285132382892,-0.023421588594704668,0.3962953145533161,0.0,180.0,409,257,666,180.0,0.0,-180.0,0.0,0.0,185.0,404,260,664,185.0,0.0,-185.0,0.0,0.0,307.0,307.0,0.0,-307.0,0.0,0.0,267.0,267.0,0.0,-267.0,0.0,-184.0,0.0,184.0
E02000165,Bromley,10,10,9.212837169907736,9.006367838910947,913.0,894.0,0.929735234215886,0.9103869653767821,-0.0193482688391039,-0.20646933099678932,0.0,183.0,334,236,570,183.0,0.0,-183.0,0.0,0.0,175.0,323,230,553,175.0,0.0,-175.0,0.0,0.0,251.0,251.0,0.0,-251.0,0.0,0.0,247.0,247.0,0.0,-247.0,0.0,-168.0,0.0,168.0
E02000166,Camden,6,6,22.096886846289753,20.44251639344262,555.0,521.0,0.5651731160896131,0.5305498981670062,-0.03462321792260692,-1.6543704528471324,228.0,358.0,653,686,1339,586.0,60.95892457057506,-130.0,34.915773353751916,182.0,309.0,604,578,1182,491.0,47.578680203045685,-127.0,30.132450331125828,253.0,340.0,593.0,64.2419716206124,-87.0,36.88046647230321,216.0,340.0,556.0,62.131979695431475,-124.0,37.37024221453287,-33.0,257.0,290.0
E02000167,Camden,9,10,10.532950047205437,6.397151924839597,882.0,958.0,0.8981670061099797,0.9755600814663951,0.07739307535641538,-4.13579812236584,23.0,631.0,790,841,1631,654.0,8.898221949724096,-608.0,2.911392405063291,19.0,564.0,790,758,1548,583.0,6.922480620155039,-545.0,2.4050632911392404,44.0,605.0,649.0,16.32127529123237,-561.0,5.231866825208085,33.0,601.0,634.0,12.812015503875969,-568.0,4.353562005277045,-594.0,0.0,594.0
E02000168,Camden,6,7,23.833968997797356,16.301063330040613,500.0,649.0,0.5091649694501018,0.6608961303462322,0.15173116089613037,-7.532905667756744,180.0,527.0,840,813,1653,707.0,57.386569872958255,-347.0,21.428571428571427,191.0,590.0,832,883,1715,781.0,65.70845481049562,-399.0,22.956730769230766,178.0,563.0,741.0,60.62552934059286,-385.0,21.894218942189422,186.0,557.0,743.0,60.40932944606414,-371.0,21.064552661381654,-440.0,173.0,613.0
E02000169,Camden,9,10,11.585478528217887,5.946124186046513,847.0,965.0,0.8625254582484725,0.9826883910386965,0.12016293279022405,-5.639354342171375,31.0,826.0,742,1069,1811,857.0,14.139149641082275,-795.0,4.177897574123989,9.0,556.0,755,747,1502,565.0,3.3315579227696404,-547.0,1.1920529801324504,46.0,560.0,606.0,14.224185532854776,-514.0,4.303086997193639,51.0,594.0,645.0,20.169107856191744,-543.0,6.827309236947792,-577.0,0.0,577.0
E02000170,Camden,8,8,16.624588354881265,13.196566253263708,713.0,751.0,0.7260692464358453,0.7647657841140529,0.03869653767820769,-3.4280221016175574,163.0,914.0,1109,1181,2290,1077.0,65.05764192139738,-751.0,14.697926059513074,100.0,785.0,991,1046,2037,885.0,38.537064310260185,-685.0,10.090817356205854,166.0,845.0,1011.0,61.2532751091703,-679.0,14.055884843353091,155.0,752.0,907.0,57.22140402552774,-597.0,14.818355640535371,-573.0,128.0,701.0
E02000171,Camden,7,8,18.761711944231262,14.361147302668938,646.0,720.0,0.6578411405295316,0.7331975560081466,0.07535641547861505,-4.400564641562324,222.0,540.0,832,819,1651,762.0,72.61053906723198,-318.0,26.682692307692307,217.0,494.0,774,769,1543,711.0,69.47375243033052,-277.0,28.036175710594314,222.0,529.0,751.0,71.13143549364021,-307.0,27.106227106227106,202.0,497.0,699.0,65.06416072585871,-295.0,26.26788036410923,-344.0,167.0,511.0
E02000172,Camden,2,3,37.137742762392826,29.422444004476198,182.0,218.0,0.18533604887983707,0.2219959266802444,0.03665987780040733,-7.715298757916628,775.0,70.0,941,1128,2069,845.0,26.220396326727887,705.0,82.35919234856536,712.0,92.0,886,1035,1921,804.0,34.09890681936491,620.0,80.36117381489842,895.0,72.0,967.0,31.14548090865152,823.0,79.34397163120568,830.0,89.0,919.0,38.453930244664235,741.0,80.19323671497585,422.0,584.0,162.0
E02000173,Camden,8,10,16.40104503179153,8.938290639837215,719.0,896.0,0.7321792260692465,0.9124236252545825,0.18024439918533608,-7.462754391954315,217.0,686.0,921,1074,1995,903.0,74.61754385964912,-469.0,23.561346362649292,235.0,612.0,963,1072,2035,847.0,70.67321867321867,-377.0,24.402907580477674,275.0,612.0,887.0,84.3609022556391,-337.0,25.605214152700185,288.0,623.0,911.0,88.16904176904177,-335.0,26.865671641791046,-883.0,0.0,883.0
E02000174,Camden,4,5,31.40758254073904,21.866668215417107,329.0,460.0,0.335030549898167,0.4684317718940937,0.1334012219959267,-9.540914325321932,435.0,376.0,841,940,1781,811.0,91.83604716451431,59.0,51.724137931034484,453.0,405.0,914,949,1863,858.0,98.47826086956522,48.0,49.562363238512035,430.0,324.0,754.0,78.22571588994947,106.0,45.744680851063826,410.0,381.0,791.0,83.84863123993559,29.0,43.203371970495255,-46.0,396.0,442.0
E02000175,Camden,6,8,22.019633821202532,15.199653641386238,561.0,694.0,0.5712830957230143,0.7067209775967414,0.13543788187372707,-6.8199801798162945,515.0,645.0,1149,1351,2500,1160.0,132.87,-130.0,44.82158398607485,534.0,651.0,1329,1388,2717,1185.0,127.94773647405226,-117.0,40.18058690744921,576.0,511.0,1087.0,117.7344,65.0,42.635085122131755,594.0,631.0,1225.0,137.95141700404858,-37.0,42.79538904899135,-724.0,175.0,899.0
E02000176,Camden,9,10,12.899689763062923,8.016324858366728,802.0,921.0,0.8167006109979633,0.9378818737270875,0.12118126272912422,-4.8833649046961956,21.0,632.0,757,771,1528,653.0,8.68586387434555,-611.0,2.7741083223249667,29.0,686.0,755,817,1572,715.0,12.655216284987278,-657.0,3.8410596026490067,31.0,618.0,649.0,12.537958115183246,-587.0,4.020752269779507,24.0,618.0,642.0,9.435114503816793,-594.0,2.937576499388005,-698.0,0.0,698.0
E02000177,Camden,3,3,34.56624696691998,27.632996899379872,242.0,284.0,0.24643584521384929,0.2892057026476578,0.04276985743380854,-6.933250067540104,605.0,257.0,922,1001,1923,862.0,80.8554342173687,348.0,65.6182212581345,571.0,211.0,893,1032,1925,782.0,62.58753246753247,360.0,63.941769316909294,648.0,182.0,830.0,61.32917316692668,466.0,64.73526473526474,657.0,205.0,862.0,69.96623376623377,452.0,63.662790697674424,471.0,601.0,130.0
E02000178,Camden,4,4,30.807406748334653,26.68319258202568,344.0,307.0,0.35030549898167007,0.31262729124236255,-0.03767820773930752,-4.124214166308974,750.0,429.0,1239,1370,2609,1179.0,123.32311230356459,321.0,60.53268765133172,680.0,440.0,1226,1396,2622,1120.0,114.11136536994661,240.0,55.46492659053833,719.0,352.0,1071.0,97.00574932924492,367.0,52.481751824817515,793.0,385.0,1178.0,116.43974065598779,408.0,56.80515759312321,369.0,710.0,341.0
E02000179,Camden,6,7,22.039602673408123,15.92515038434661,556.0,666.0,0.5661914460285132,0.6782077393075356,0.1120162932790224,-6.1144522890615125,365.0,264.0,822,683,1505,629.0,64.0265780730897,101.0,44.40389294403893,242.0,361.0,524,711,1235,603.0,70.73846153846154,-119.0,46.18320610687023,335.0,361.0,696.0,80.35548172757476,-26.0,49.04831625183016,276.0,215.0,491.0,48.04858299595141,61.0,38.81856540084388,-188.0,208.0,396.0
E02000180,Camden,5,5,28.312955766886123,23.5154621785174,399.0,402.0,0.4063136456211813,0.4093686354378819,0.003054989816700604,-4.797493588368724,365.0,873.0,956,1364,2320,1238.0,137.3469827586207,-508.0,38.17991631799163,379.0,610.0,1046,1125,2171,989.0,106.49009672961769,-231.0,36.233269598470365,417.0,472.0,889.0,84.83793103448276,-55.0,30.57184750733138,417.0,590.0,1007.0,113.32565637954859,-173.0,37.06666666666666,-137.0,402.0,539.0
E02000181,Camden,8,8,17.15644991177997,12.549205871648672,698.0,773.0,0.7107942973523421,0.7871690427698574,0.07637474541751532,-4.607244040131297,140.0,930.0,1006,1286,2292,1070.0,56.80628272251309,-790.0,13.916500994035786,135.0,821.0,1140,1128,2268,956.0,48.86904761904762,-686.0,11.842105263157894,211.0,755.0,966.0,69.50479930191972,-544.0,16.40746500777605,160.0,861.0,1021.0,60.74074074074074,-701.0,14.184397163120568,-496.0,193.0,689.0
E02000182,Camden,7,8,20.42072622666866,14.248015745965096,602.0,724.0,0.6130346232179226,0.7372708757637475,0.12423625254582493,-6.172710480703563,319.0,438.0,747,836,1583,757.0,88.26405559065066,-119.0,42.704149933065594,293.0,430.0,901,823,1724,723.0,73.0800464037123,-137.0,32.51942286348501,325.0,362.0,687.0,74.32090966519267,-37.0,38.875598086124405,323.0,525.0,848.0,98.36136890951276,-202.0,39.24665856622114,-285.0,180.0,465.0
E02000183,Camden,6,6,21.20543697662075,18.61980294504968,585.0,579.0,0.5957230142566191,0.5896130346232179,-0.006109979633401208,-2.585634031571068,248.0,385.0,723,783,1506,633.0,63.39973439575033,-137.0,34.3015214384509,225.0,352.0,769,723,1492,577.0,53.083109919571044,-127.0,29.258777633289988,283.0,359.0,642.0,67.46148738379814,-76.0,36.14303959131545,287.0,444.0,731.0,85.40750670241287,-157.0,39.695712309820195,-40.0,288.0,328.0
E02000184,Camden,3,3,35.01582373902274,30.14434646824565,227.0,200.0,0.23116089613034624,0.20366598778004075,-0.02749490835030549,-4.871477270777092,718.0,338.0,1142,1284,2426,1056.0,100.03462489694971,380.0,62.87215411558669,827.0,368.0,1246,1289,2535,1195.0,120.05364891518738,459.0,66.37239165329053,749.0,290.0,1039.0,89.53421269579555,459.0,58.333333333333336,786.0,290.0,1076.0,89.9171597633136,496.0,60.97750193948798,613.0,859.0,246.0
E02000185,Camden,3,3,35.80940246441496,29.769352785985646,205.0,207.0,0.20875763747454176,0.21079429735234215,0.002036659877800384,-6.0400496784293125,614.0,183.0,847,1105,1952,797.0,57.5625,431.0,72.49114521841794,628.0,207.0,920,1001,1921,835.0,67.67100468505987,421.0,68.26086956521739,804.0,143.0,947.0,58.89959016393443,661.0,72.76018099547511,699.0,201.0,900.0,73.13846954711087,498.0,69.83016983016984,458.0,651.0,193.0
E02000186,Camden,4,4,30.986012874233584,25.35959703903095,339.0,346.0,0.34521384928716903,0.35234215885947046,0.007128309572301428,-5.626415835202632,493.0,395.0,920,1020,1940,888.0,100.37886597938144,98.0,53.586956521739125,479.0,362.0,1004,949,1953,841.0,88.78545826932924,117.0,47.70916334661355,509.0,341.0,850.0,89.46855670103093,168.0,49.90196078431373,489.0,417.0,906.0,104.41013824884793,72.0,51.52792413066386,199.0,500.0,301.0
E02000187,Camden,2,1,39.63475536848559,34.75225391566265,146.0,84.0,0.14867617107942974,0.0855397148676171,-0.06313645621181263,-4.882501452822943,723.0,90.0,847,931,1778,813.0,36.59730033745782,633.0,85.36009445100355,766.0,128.0,950,938,1888,894.0,51.932203389830505,638.0,80.63157894736842,756.0,68.0,824.0,28.913385826771652,688.0,81.203007518797,745.0,104.0,849.0,41.03813559322034,641.0,79.42430703624733,888.0,888.0,0.0
E02000188,Camden,3,3,32.86733948690218,28.46804810669207,288.0,248.0,0.29327902240325865,0.2525458248472505,-0.04073319755600813,-4.399291380210112,865.0,273.0,1182,1133,2315,1138.0,102.00647948164146,592.0,73.18104906937394,432.0,234.0,709,917,1626,666.0,62.169741697416974,198.0,60.9308885754584,724.0,224.0,948.0,70.05442764578834,500.0,63.90114739629303,565.0,133.0,698.0,46.214637146371466,432.0,61.61395856052344,311.0,467.0,156.0
E02000189,Camden,5,4,25.474859807777946,25.628438356164384,462.0,342.0,0.47046843177189407,0.34826883910386963,-0.12219959266802444,0.15357854838643803,628.0,1541.0,1438,2539,3977,2169.0,243.33618305255217,-913.0,43.671766342141865,631.0,991.0,1464,1843,3307,1622.0,189.09011188388268,-360.0,43.10109289617486,684.0,663.0,1347.0,114.0286648227307,21.0,26.939740055139822,640.0,682.0,1322.0,131.98669488962807,-42.0,34.725990233315244,177.0,853.0,676.0
E02000191,Camden,7,8,18.541710817660398,14.910271007639142,657.0,707.0,0.6690427698574338,0.719959266802444,0.050916496945010215,-3.6314398100212557,282.0,1618.0,1289,1989,3278,1900.0,139.19341061622941,-1336.0,21.87742435996897,200.0,1358.0,948,1706,2654,1558.0,102.33609645817634,-1158.0,21.09704641350211,232.0,895.0,1127.0,63.343502135448446,-663.0,11.664152840623428,211.0,655.0,866.0,52.074227581009794,-444.0,12.368112543962486,-1296.0,159.0,1455.0
E02000192,Camden,4,5,30.374227148246472,23.021447548106764,354.0,419.0,0.3604887983706721,0.42668024439918534,0.06619144602851323,-7.3527796001397085,478.0,239.0,714,692,1406,717.0,81.25320056899004,239.0,66.94677871148458,331.0,237.0,663,635,1298,568.0,60.43682588597843,94.0,49.924585218702866,396.0,183.0,579.0,51.54196301564723,213.0,57.22543352601156,338.0,259.0,597.0,67.4437596302003,79.0,53.22834645669291,-53.0,262.0,315.0
E02000193,Camden,5,7,24.079412731323725,17.801022276923074,487.0,602.0,0.4959266802443992,0.6130346232179226,0.1171079429735234,-6.27839045440065,435.0,445.0,1026,1062,2088,880.0,92.70833333333333,-10.0,42.39766081871345,378.0,371.0,873,824,1697,749.0,82.63877430760165,7.0,43.29896907216495,470.0,390.0,860.0,87.78735632183908,80.0,44.25612052730697,363.0,333.0,696.0,71.23099587507366,30.0,44.05339805825243,-361.0,187.0,548.0
E02000194,Croydon,5,5,27.43738927897884,23.44658497221035,422.0,407.0,0.42973523421588594,0.41446028513238287,-0.015274949083503075,-3.990804306768492,294.0,446.0,880,845,1725,740.0,76.01391304347825,-152.0,33.409090909090914,279.0,267.0,885,778,1663,546.0,44.794347564642216,12.0,31.52542372881356,272.0,438.0,710.0,69.06434782608696,-166.0,32.18934911242604,361.0,451.0,812.0,97.90198436560433,-90.0,46.40102827763496,-7.0,315.0,322.0
E02000195,Croydon,7,8,18.64841372049825,15.2828198019802,652.0,692.0,0.6639511201629328,0.7046843177189409,0.04073319755600813,-3.3655939185180515,79.0,446.0,697,587,1284,525.0,27.44080996884735,-367.0,11.33428981348637,82.0,442.0,582,662,1244,524.0,29.135048231511256,-360.0,14.0893470790378,113.0,561.0,674.0,49.37149532710281,-448.0,19.250425894378196,163.0,458.0,621.0,60.01125401929261,-295.0,24.622356495468278,-459.0,42.0,501.0
E02000196,Croydon,5,4,26.273647129542077,24.416559833506764,445.0,376.0,0.4531568228105906,0.38289205702647655,-0.07026476578411406,-1.8570872960353135,192.0,222.0,526,551,1077,414.0,39.57660167130919,-30.0,36.50190114068441,225.0,254.0,578,649,1227,479.0,46.577017114914426,-29.0,38.92733564013841,254.0,214.0,468.0,50.46982358402971,40.0,46.098003629764065,301.0,265.0,566.0,65.0081499592502,36.0,46.379044684129425,79.0,297.0,218.0
E02000197,Croydon,6,6,21.99235828568287,20.895488907319095,564.0,495.0,0.5743380855397149,0.5040733197556008,-0.07026476578411411,-1.096869378363774,166.0,336.0,804,697,1501,502.0,37.15922718187875,-170.0,20.64676616915423,118.0,372.0,584,694,1278,490.0,34.347417840375584,-254.0,20.205479452054796,266.0,565.0,831.0,100.12658227848101,-299.0,38.1635581061693,232.0,395.0,627.0,71.70579029733959,-163.0,33.429394812680115,-296.0,114.0,410.0
E02000198,Croydon,4,2,29.828975247831476,31.283496550137997,366.0,166.0,0.3727087576374745,0.1690427698574338,-0.20366598778004072,1.4545213023065209,403.0,163.0,763,732,1495,566.0,43.93913043478261,240.0,52.8178243774574,422.0,192.0,739,681,1420,614.0,57.05915492957747,230.0,57.1041948579161,429.0,251.0,680.0,72.02608695652174,178.0,58.606557377049185,379.0,190.0,569.0,50.7112676056338,189.0,55.65345080763583,474.0,559.0,85.0
E02000199,Croydon,6,5,23.255173858837487,21.93459211603696,525.0,458.0,0.5346232179226069,0.4663951120162933,-0.06822810590631362,-1.3205817428005275,128.0,334.0,650,597,1247,462.0,34.28388131515638,-206.0,19.692307692307693,115.0,405.0,585,712,1297,520.0,35.90979182729375,-290.0,19.65811965811966,183.0,471.0,654.0,69.12028869286287,-288.0,30.65326633165829,240.0,433.0,673.0,80.12336160370084,-193.0,33.70786516853933,-186.0,170.0,356.0
E02000200,Croydon,5,4,27.57531253195081,26.746037568689022,419.0,306.0,0.42668024439918534,0.31160896130346233,-0.11507128309572301,-0.8292749632617884,277.0,417.0,858,794,1652,694.0,69.92070217917676,-140.0,32.28438228438228,299.0,330.0,830,772,1602,629.0,61.59176029962547,-31.0,36.02409638554217,256.0,443.0,699.0,68.64891041162228,-187.0,32.241813602015114,325.0,359.0,684.0,72.83083645443196,-34.0,42.09844559585492,160.0,472.0,312.0
E02000201,Croydon,3,2,35.644580713681925,32.375662321882245,208.0,139.0,0.21181262729124237,0.1415478615071283,-0.07026476578411406,-3.26891839179968,588.0,95.0,847,646,1493,683.0,37.4146014735432,493.0,69.42148760330579,433.0,108.0,632,703,1335,541.0,35.029213483146066,325.0,68.5126582278481,450.0,137.0,587.0,41.2926992632284,313.0,69.65944272445822,500.0,122.0,622.0,45.69288389513109,378.0,71.12375533428164,362.0,427.0,65.0
E02000202,Croydon,7,5,17.964405222274216,21.210436688881092,678.0,483.0,0.6904276985743381,0.49185336048879835,-0.1985743380855397,3.246031466606876,91.0,508.0,632,678,1310,599.0,35.28854961832061,-417.0,14.39873417721519,50.0,498.0,617,725,1342,548.0,18.554396423248882,-448.0,8.103727714748784,123.0,494.0,617.0,46.383206106870226,-371.0,18.141592920353983,171.0,543.0,714.0,69.19001490312965,-372.0,23.586206896551722,-240.0,146.0,386.0
E02000203,Croydon,4,2,30.1595201406022,31.876307135728542,360.0,153.0,0.3665987780040733,0.15580448065173116,-0.21079429735234215,1.7167869951263413,394.0,154.0,742,622,1364,548.0,44.483870967741936,240.0,53.09973045822103,349.0,204.0,614,791,1405,553.0,50.673309608540926,145.0,56.84039087947883,335.0,185.0,520.0,45.436217008797655,150.0,53.85852090032154,440.0,174.0,614.0,54.49110320284697,266.0,55.62579013906448,368.0,485.0,117.0
E02000204,Croydon,6,5,21.204372720314662,23.33938686357534,586.0,410.0,0.5967413441955194,0.4175152749490835,-0.17922606924643586,2.135014143260676,193.0,409.0,874,720,1594,602.0,49.52132998745295,-216.0,22.08237986270023,165.0,421.0,635,755,1390,586.0,49.97482014388489,-256.0,25.984251968503933,252.0,582.0,834.0,92.01003764115433,-330.0,35.0,249.0,377.0,626.0,67.53453237410072,-128.0,32.980132450331126,-188.0,186.0,374.0
E02000206,Croydon,4,2,31.63753758884579,32.66016979062812,322.0,131.0,0.32790224032586557,0.1334012219959267,-0.19450101832993888,1.0226322017823257,555.0,261.0,990,976,1966,816.0,73.68006103763987,294.0,56.060606060606055,450.0,207.0,874,873,1747,657.0,53.319977103606185,243.0,51.48741418764302,520.0,253.0,773.0,66.91759918616481,267.0,53.278688524590166,513.0,256.0,769.0,75.17344018317115,257.0,58.76288659793815,493.0,585.0,92.0
E02000207,Croydon,3,3,33.02746268140904,28.9408804206418,283.0,232.0,0.28818737270875766,0.23625254582484725,-0.05193482688391041,-4.086582260767241,467.0,83.0,645,725,1370,550.0,28.292700729927006,384.0,72.40310077519379,417.0,67.0,609,615,1224,484.0,22.82598039215686,350.0,68.4729064039409,590.0,67.0,657.0,28.854014598540147,523.0,81.37931034482759,485.0,101.0,586.0,40.02042483660131,384.0,78.86178861788618,185.0,361.0,176.0
E02000208,Croydon,3,1,34.30410638304392,37.00035305719921,249.0,49.0,0.2535641547861507,0.04989816700610998,-0.2036659877800407,2.69624667415529,1036.0,150.0,1331,1040,2371,1186.0,65.54196541543652,886.0,77.83621337340345,699.0,121.0,902,1077,1979,820.0,42.738251642243554,578.0,77.49445676274944,810.0,193.0,1003.0,65.93420497680303,617.0,77.88461538461539,888.0,123.0,1011.0,55.19151086407276,765.0,82.45125348189416,814.0,814.0,0.0
E02000209,Croydon,5,4,26.078018300451628,25.654668953687825,448.0,341.0,0.45621181262729127,0.34725050916496947,-0.1089613034623218,-0.4233493467638034,235.0,311.0,631,708,1339,546.0,54.58177744585512,-76.0,37.24247226624406,256.0,253.0,539,655,1194,509.0,54.244556113902846,3.0,47.49536178107607,333.0,309.0,642.0,76.84615384615384,24.0,47.03389830508475,360.0,194.0,554.0,58.49246231155779,166.0,54.961832061068705,60.0,309.0,249.0
E02000210,Croydon,7,6,19.291186922984355,18.30019387036167,633.0,586.0,0.6446028513238289,0.5967413441955194,-0.0478615071283095,-0.9909930526226844,124.0,386.0,595,588,1183,510.0,40.459847844463226,-262.0,20.840336134453782,120.0,352.0,602,557,1159,472.0,36.44521138912856,-232.0,19.93355481727575,144.0,448.0,592.0,54.532544378698226,-304.0,24.489795918367346,187.0,447.0,634.0,72.12165660051768,-260.0,33.572710951526034,-162.0,165.0,327.0
E02000211,Croydon,9,9,11.374527161625,10.669117249846531,857.0,838.0,0.8727087576374746,0.8533604887983707,-0.0193482688391039,-0.7054099117784691,73.0,223.0,371,355,726,296.0,22.422865013774103,-150.0,19.67654986522911,77.0,225.0,438,383,821,302.0,21.10231425091352,-148.0,17.579908675799086,101.0,273.0,374.0,37.97933884297521,-172.0,28.450704225352112,116.0,320.0,436.0,45.21315468940317,-204.0,30.287206266318538,-168.0,62.0,230.0
E02000212,Croydon,4,3,29.527263739293677,29.82695001103509,375.0,206.0,0.3818737270875764,0.20977596741344195,-0.17209775967413443,0.2996862717414146,475.0,182.0,888,734,1622,657.0,53.2983970406905,293.0,53.490990990990994,301.0,135.0,602,740,1342,436.0,30.279433681073026,166.0,50.0,395.0,246.0,641.0,59.9075215782984,149.0,53.81471389645777,463.0,161.0,624.0,55.546199701937404,302.0,62.56756756756757,144.0,314.0,170.0
E02000213,Croydon,2,1,37.81096726101978,38.76390809669992,170.0,37.0,0.17311608961303462,0.03767820773930754,-0.13543788187372707,0.9529408356801383,1050.0,30.0,1168,995,2163,1080.0,14.563106796116505,1020.0,89.8972602739726,1110.0,47.0,1238,1270,2508,1157.0,20.801435406698566,1063.0,89.66074313408724,941.0,61.0,1002.0,26.537679149329634,880.0,94.57286432160804,1177.0,46.0,1223.0,21.587719298245613,1131.0,92.6771653543307,1143.0,1143.0,0.0
E02000214,Croydon,9,9,12.692027490378447,10.980857277142409,815.0,830.0,0.829938900203666,0.845213849287169,0.01527494908350302,-1.7111702132360378,20.0,301.0,317,367,684,321.0,8.801169590643275,-281.0,6.309148264984227,26.0,250.0,374,299,673,276.0,9.658246656760772,-224.0,6.951871657754011,41.0,289.0,330.0,17.323099415204677,-248.0,11.1716621253406,25.0,331.0,356.0,12.295690936106984,-306.0,8.361204013377927,-218.0,27.0,245.0
E02000215,Croydon,6,5,23.67688194713824,23.594019057358,504.0,398.0,0.5132382892057027,0.40529531568228105,-0.10794297352342164,-0.08286288978024103,482.0,577.0,1334,1104,2438,1059.0,114.0746513535685,-95.0,36.13193403298351,335.0,542.0,1145,1082,2227,877.0,81.53120790300854,-207.0,29.257641921397383,477.0,775.0,1252.0,151.6304347826087,-298.0,43.20652173913043,486.0,701.0,1187.0,152.9797934440952,-215.0,44.91682070240296,-87.0,401.0,488.0
E02000216,Croydon,9,8,13.295774869100624,13.455914982678983,787.0,749.0,0.8014256619144603,0.7627291242362525,-0.0386965376782078,0.16014011357835933,28.0,419.0,560,526,1086,447.0,10.802946593001842,-391.0,5.0,39.0,394.0,506,542,1048,433.0,14.662213740458014,-355.0,7.707509881422925,60.0,493.0,553.0,27.23756906077348,-433.0,11.406844106463879,88.0,449.0,537.0,37.70229007633588,-361.0,16.236162361623617,-244.0,62.0,306.0
E02000217,Croydon,4,3,30.57095345891825,29.344598423127465,349.0,221.0,0.35539714867617106,0.225050916496945,-0.13034623217922606,-1.2263550357907853,707.0,139.0,1212,811,2023,846.0,48.57785467128028,568.0,58.333333333333336,629.0,169.0,1056,946,2002,798.0,53.0974025974026,460.0,59.564393939393945,546.0,278.0,824.0,75.03114186851211,268.0,67.32429099876695,632.0,258.0,890.0,81.44655344655345,374.0,66.8076109936575,385.0,584.0,199.0
E02000218,Croydon,5,5,25.673075853463857,22.906992338293794,456.0,426.0,0.46435845213849286,0.43380855397148677,-0.030549898167006095,-2.766083515170063,149.0,139.0,320,349,669,288.0,30.95814648729447,10.0,46.5625,183.0,80.0,313,287,600,263.0,24.4,103.0,58.46645367412141,163.0,122.0,285.0,29.724962630792227,41.0,46.70487106017192,171.0,105.0,276.0,29.925,66.0,59.58188153310105,36.0,147.0,111.0
E02000219,Croydon,10,10,9.557111806141036,9.19818679145795,903.0,886.0,0.9195519348268839,0.9022403258655805,-0.01731160896130346,-0.358925014683086,0.0,293.0,339,374,713,293.0,0.0,-293.0,0.0,0.0,220.0,369,280,649,220.0,0.0,-220.0,0.0,0.0,287.0,287.0,0.0,-287.0,0.0,0.0,293.0,293.0,0.0,-293.0,0.0,-233.0,0.0,233.0
E02000220,Croydon,5,3,28.24847034510677,27.664538984296076,402.0,280.0,0.4093686354378819,0.285132382892057,-0.12423625254582488,-0.5839313608106949,790.0,409.0,1424,1125,2549,1199.0,126.7595135347195,381.0,55.47752808988764,880.0,666.0,1833,1728,3561,1546.0,164.58298230834035,214.0,48.00872885979269,623.0,525.0,1148.0,128.31502550019616,98.0,55.37777777777778,930.0,791.0,1721.0,206.57961246840776,139.0,53.81944444444444,805.0,1166.0,361.0
E02000221,Croydon,4,3,29.349014750509163,27.744066473176666,379.0,274.0,0.3859470468431772,0.2790224032586558,-0.10692464358452142,-1.6049482773324968,461.0,99.0,684,610,1294,560.0,35.26970633693972,362.0,67.39766081871345,453.0,106.0,692,539,1231,559.0,39.007311129163284,347.0,65.46242774566474,403.0,124.0,527.0,38.618238021638334,279.0,66.06557377049181,359.0,110.0,469.0,32.07961007311129,249.0,66.60482374768088,347.0,457.0,110.0
E02000222,Croydon,7,8,18.5529052477506,15.011405623471884,656.0,702.0,0.6680244399185336,0.714867617107943,0.046843177189409446,-3.5414996242787176,286.0,285.0,773,644,1417,571.0,57.522935779816514,1.0,36.99870633893919,267.0,244.0,726,526,1252,511.0,52.03514376996805,23.0,36.77685950413223,319.0,432.0,751.0,97.25335215243472,-113.0,49.53416149068323,236.0,421.0,657.0,79.35782747603834,-185.0,44.866920152091254,-158.0,144.0,302.0
E02000223,Croydon,1,1,42.808619366861784,38.80256021188935,97.0,35.0,0.09877800407331976,0.035641547861507125,-0.06313645621181263,-4.006059154972434,519.0,0.0,556,549,1105,519.0,0.0,519.0,93.34532374100719,219.0,0.0,242,309,551,219.0,0.0,219.0,90.49586776859503,486.0,0.0,486.0,0.0,486.0,88.52459016393442,271.0,0.0,271.0,0.0,271.0,87.70226537216828,188.0,188.0,0.0
E02000224,Croydon,8,8,17.05720046199896,15.198427930733773,702.0,695.0,0.714867617107943,0.7077393075356415,-0.007128309572301483,-1.8587725312651866,157.0,316.0,711,528,1239,473.0,40.041969330104926,-159.0,22.081575246132207,107.0,332.0,593,570,1163,439.0,30.545141874462598,-225.0,18.043844856661046,138.0,464.0,602.0,51.68038740920097,-326.0,26.136363636363637,153.0,422.0,575.0,55.51676698194325,-269.0,26.842105263157894,-242.0,89.0,331.0
E02000225,Croydon,4,2,31.926050214996682,32.091960429769394,314.0,148.0,0.319755600814664,0.15071283095723015,-0.16904276985743383,0.16591021477271184,151.0,111.0,325,334,659,262.0,25.433990895295903,40.0,46.46153846153846,148.0,65.0,283,229,512,213.0,18.7890625,83.0,52.29681978798587,209.0,130.0,339.0,41.229135053110774,79.0,62.5748502994012,152.0,75.0,227.0,22.265625,77.0,66.37554585152839,138.0,193.0,55.0
E02000226,Croydon,10,9,8.10192331171243,9.353797625260961,934.0,879.0,0.9511201629327902,0.895112016293279,-0.05600814663951126,1.251874313548532,0.0,296.0,396,353,749,296.0,0.0,-296.0,0.0,0.0,229.0,429,262,691,229.0,0.0,-229.0,0.0,0.0,355.0,355.0,0.0,-355.0,0.0,0.0,406.0,406.0,0.0,-406.0,0.0,-179.0,23.0,202.0
E02000227,Croydon,8,7,16.405335404434318,17.855985997766513,718.0,600.0,0.7311608961303462,0.6109979633401222,-0.12016293279022394,1.4506505933321954,185.0,290.0,580,533,1113,475.0,48.20305480682839,-105.0,31.896551724137932,122.0,257.0,558,475,1033,379.0,30.352371732817037,-135.0,21.863799283154123,205.0,368.0,573.0,67.78077268643307,-163.0,38.46153846153847,175.0,391.0,566.0,66.23910939012585,-216.0,36.84210526315789,-27.0,184.0,211.0
E02000228,Croydon,10,10,6.2650296316204495,5.678492029352227,971.0,971.0,0.9887983706720977,0.9887983706720977,0.0,-0.5865376022682227,0.0,229.0,434,272,706,229.0,0.0,-229.0,0.0,0.0,248.0,404,293,697,248.0,0.0,-248.0,0.0,0.0,376.0,376.0,0.0,-376.0,0.0,0.0,369.0,369.0,0.0,-369.0,0.0,-252.0,0.0,252.0
E02000229,Croydon,1,1,43.39109879667399,38.61102333283156,85.0,40.0,0.08655804480651731,0.04073319755600815,-0.045824847250509164,-4.780075463842429,318.0,0.0,376,289,665,318.0,0.0,318.0,84.57446808510637,221.0,0.0,257,251,508,221.0,0.0,221.0,85.99221789883269,257.0,0.0,257.0,0.0,257.0,88.92733564013841,230.0,0.0,230.0,0.0,230.0,91.63346613545816,206.0,206.0,0.0
E02000230,Croydon,8,8,16.332304161274266,15.020043971631205,721.0,701.0,0.7342158859470469,0.7138492871690427,-0.020366598778004175,-1.3122601896430606,259.0,321.0,719,577,1296,580.0,64.15046296296296,-62.0,36.02225312934632,196.0,312.0,780,601,1381,508.0,44.28095582910934,-116.0,25.128205128205128,173.0,367.0,540.0,48.98996913580247,-194.0,29.98266897746967,210.0,464.0,674.0,70.55756698044895,-254.0,34.94176372712147,-111.0,190.0,301.0
E02000231,Croydon,10,10,9.69086212335719,8.918442212366294,897.0,897.0,0.9134419551934827,0.9134419551934827,0.0,-0.7724199109908962,0.0,302.0,521,318,839,302.0,0.0,-302.0,0.0,0.0,333.0,599,350,949,333.0,0.0,-333.0,0.0,0.0,475.0,475.0,0.0,-475.0,0.0,0.0,515.0,515.0,0.0,-515.0,0.0,-328.0,0.0,328.0
E02000232,Croydon,9,8,12.804713298533914,12.265697036569987,810.0,783.0,0.824847250509165,0.7973523421588594,-0.027494908350305547,-0.5390162619639263,49.0,134.0,328,214,542,183.0,12.114391143911439,-85.0,14.939024390243901,52.0,87.0,314,143,457,139.0,9.899343544857768,-35.0,16.560509554140125,46.0,233.0,279.0,19.774907749077492,-187.0,21.49532710280374,36.0,227.0,263.0,17.88183807439825,-191.0,25.174825174825177,18.0,81.0,63.0
E02000233,Croydon,7,8,18.194066259168704,13.950693228346458,670.0,730.0,0.6822810590631364,0.7433808553971487,0.0610997963340123,-4.243373030822246,181.0,107.0,404,273,677,288.0,28.60709010339734,74.0,44.801980198019805,150.0,83.0,360,277,637,233.0,19.5447409733124,67.0,41.66666666666667,150.0,203.0,353.0,44.97784342688331,-53.0,54.94505494505495,174.0,183.0,357.0,49.98744113029827,-9.0,62.8158844765343,-43.0,77.0,120.0
E02000234,Croydon,8,7,17.170481702106446,17.071025974025975,697.0,623.0,0.709775967413442,0.6344195519348269,-0.07535641547861505,-0.09945572808047132,125.0,136.0,456,338,794,261.0,21.410579345088163,-11.0,27.412280701754387,174.0,160.0,682,377,1059,334.0,26.288951841359772,14.0,25.513196480938415,150.0,242.0,392.0,45.71788413098237,-92.0,44.37869822485207,146.0,419.0,565.0,57.76581680830973,-273.0,38.726790450928384,165.0,297.0,132.0
E02000235,Croydon,9,9,12.835428970149252,11.419714125403283,806.0,807.0,0.8207739307535642,0.8217922606924644,0.0010183299389001643,-1.4157148447459686,29.0,177.0,406,272,678,206.0,7.570796460176991,-148.0,7.142857142857142,35.0,128.0,384,200,584,163.0,7.671232876712328,-93.0,9.114583333333332,38.0,328.0,366.0,18.383480825958703,-290.0,13.970588235294118,27.0,302.0,329.0,13.962328767123287,-275.0,13.5,-112.0,34.0,146.0
E02000236,Croydon,9,9,11.459712175218698,9.523745568167325,855.0,874.0,0.8706720977596741,0.890020366598778,0.0193482688391039,-1.9359666070513732,24.0,151.0,250,235,485,175.0,7.472164948453608,-127.0,9.6,49.0,155.0,504,230,734,204.0,10.34741144414169,-106.0,9.722222222222223,46.0,169.0,215.0,16.028865979381443,-123.0,19.574468085106382,38.0,389.0,427.0,20.138964577656676,-351.0,16.52173913043478,-112.0,53.0,165.0
E02000237,Croydon,9,8,11.628229298996656,12.532055858664588,845.0,775.0,0.860488798370672,0.7892057026476579,-0.07128309572301417,0.903826559667932,18.0,128.0,272,191,463,146.0,4.976241900647948,-110.0,6.61764705882353,15.0,98.0,335,153,488,113.0,3.012295081967213,-83.0,4.477611940298507,26.0,225.0,251.0,12.63498920086393,-199.0,13.612565445026178,13.0,264.0,277.0,7.032786885245901,-251.0,8.49673202614379,4.0,72.0,68.0
E02000238,Ealing,7,6,20.49423097368421,18.73264404859967,599.0,578.0,0.609979633401222,0.5885947046843177,-0.021384928716904228,-1.76158692508454,147.0,404.0,688,754,1442,551.0,41.18446601941748,-257.0,21.36627906976744,210.0,413.0,766,728,1494,623.0,58.05220883534137,-203.0,27.415143603133156,227.0,473.0,700.0,74.45977808599167,-246.0,30.106100795755967,180.0,455.0,635.0,54.81927710843374,-275.0,24.725274725274726,-137.0,243.0,380.0
E02000239,Ealing,8,8,13.800544335555557,12.7684889134032,778.0,767.0,0.7922606924643585,0.7810590631364562,-0.011201629327902252,-1.0320554221523572,59.0,451.0,534,640,1174,510.0,22.665247018739354,-392.0,11.04868913857678,43.0,469.0,523,660,1183,512.0,17.047337278106507,-426.0,8.221797323135755,100.0,408.0,508.0,34.75298126064736,-308.0,15.625,101.0,439.0,540.0,37.48013524936602,-338.0,15.303030303030301,-438.0,43.0,481.0
E02000240,Ealing,3,3,32.94782712323429,29.908371280344554,286.0,204.0,0.29124236252545826,0.20773930753564154,-0.08350305498981672,-3.039455842889737,601.0,72.0,765,743,1508,673.0,28.694960212201593,529.0,78.56209150326798,455.0,76.0,601,539,1140,531.0,30.333333333333332,379.0,75.7071547420965,566.0,93.0,659.0,34.90583554376658,473.0,76.17765814266487,392.0,81.0,473.0,27.852631578947367,311.0,72.72727272727273,335.0,447.0,112.0
E02000241,Ealing,7,6,19.926802169001355,20.341377146240376,617.0,526.0,0.6283095723014257,0.5356415478615071,-0.09266802443991862,0.41457497723902037,83.0,298.0,521,497,1018,381.0,24.296660117878194,-215.0,15.930902111324377,126.0,247.0,541,486,1027,373.0,30.303797468354432,-121.0,23.290203327171906,150.0,329.0,479.0,48.47740667976424,-179.0,30.181086519114686,147.0,318.0,465.0,45.517039922103216,-171.0,30.246913580246915,-87.0,148.0,235.0
E02000242,Ealing,8,8,16.177831749223717,15.130992319726923,724.0,699.0,0.7372708757637475,0.7118126272912424,-0.025458248472505107,-1.046839429496794,20.0,480.0,459,595,1054,500.0,9.108159392789373,-460.0,4.357298474945534,17.0,400.0,384,492,876,417.0,7.762557077625571,-383.0,4.427083333333334,55.0,378.0,433.0,19.72485768500949,-323.0,9.243697478991598,40.0,330.0,370.0,15.068493150684931,-290.0,8.130081300813007,-387.0,18.0,405.0
E02000243,Ealing,5,4,25.604193464566926,24.032607788915772,460.0,385.0,0.4684317718940937,0.3920570264765784,-0.07637474541751527,-1.5715856756511535,356.0,231.0,721,765,1486,587.0,55.34051144010767,125.0,49.375866851595006,261.0,174.0,507,551,1058,435.0,42.92438563327032,87.0,51.4792899408284,450.0,236.0,686.0,71.46702557200538,214.0,58.82352941176471,316.0,159.0,475.0,47.48960302457467,157.0,57.3502722323049,164.0,294.0,130.0
E02000244,Ealing,7,7,17.71249505716676,17.113022827984423,683.0,622.0,0.6955193482688391,0.6334012219959266,-0.062118126272912466,-0.5994722291823358,148.0,375.0,530,645,1175,523.0,47.234042553191486,-227.0,27.92452830188679,115.0,324.0,530,544,1074,439.0,34.6927374301676,-209.0,21.69811320754717,206.0,313.0,519.0,54.87489361702128,-107.0,31.937984496124034,125.0,332.0,457.0,38.64059590316574,-207.0,22.977941176470587,-260.0,106.0,366.0
E02000245,Ealing,1,1,42.90443864762138,37.993874625489745,92.0,46.0,0.09368635437881874,0.04684317718940937,-0.04684317718940937,-4.910564022131638,629.0,0.0,677,724,1401,629.0,0.0,629.0,92.90989660265879,614.0,0.0,688,528,1216,614.0,0.0,614.0,89.24418604651163,659.0,0.0,659.0,0.0,659.0,91.02209944751381,517.0,0.0,517.0,0.0,517.0,97.91666666666666,585.0,585.0,0.0
E02000246,Ealing,3,2,33.97641724508458,30.372713315217393,257.0,195.0,0.26171079429735233,0.1985743380855397,-0.06313645621181263,-3.6037039298671907,468.0,66.0,656,621,1277,534.0,24.18794048551292,402.0,71.34146341463415,383.0,67.0,489,532,1021,450.0,25.133202742409402,316.0,78.32310838445807,462.0,112.0,574.0,40.51996867658575,350.0,74.39613526570048,413.0,48.0,461.0,19.416258570029385,365.0,77.63157894736842,371.0,423.0,52.0
E02000247,Ealing,4,3,29.88549167498865,27.71270396627707,365.0,276.0,0.37169042769857435,0.28105906313645623,-0.09063136456211812,-2.1727877087115814,559.0,228.0,898,836,1734,787.0,73.50173010380622,331.0,62.24944320712695,385.0,177.0,592,661,1253,562.0,54.385474860335194,208.0,65.03378378378379,509.0,211.0,720.0,61.937139561707035,298.0,60.88516746411483,435.0,158.0,593.0,54.852354349561054,277.0,65.80937972768533,304.0,431.0,127.0
E02000248,Ealing,8,6,17.53649321788928,18.93524399894487,688.0,573.0,0.7006109979633401,0.5835030549898167,-0.11710794297352345,1.3987507810555897,72.0,606.0,758,810,1568,678.0,27.8265306122449,-534.0,9.498680738786279,79.0,585.0,560,754,1314,664.0,35.17123287671233,-506.0,14.107142857142858,105.0,594.0,699.0,39.776785714285715,-489.0,12.962962962962962,91.0,422.0,513.0,29.225266362252665,-331.0,12.068965517241379,-118.0,223.0,341.0
E02000249,Ealing,5,4,27.573395791995853,24.630608220937702,420.0,365.0,0.42769857433808556,0.37169042769857435,-0.0560081466395112,-2.942787571058151,295.0,273.0,643,587,1230,568.0,65.47560975609755,22.0,45.878693623639194,244.0,194.0,527,563,1090,438.0,43.42752293577982,50.0,46.29981024667932,227.0,269.0,496.0,49.644715447154475,-42.0,38.67120954003408,266.0,203.0,469.0,49.539449541284405,63.0,47.246891651865006,116.0,277.0,161.0
E02000250,Ealing,10,10,9.517738123015262,8.0784108040201,904.0,920.0,0.9205702647657841,0.9368635437881874,0.016293279022403295,-1.4393273189951614,0.0,524.0,516,539,1055,524.0,0.0,-524.0,0.0,0.0,412.0,389,431,820,412.0,0.0,-412.0,0.0,0.0,507.0,507.0,0.0,-507.0,0.0,0.0,384.0,384.0,0.0,-384.0,0.0,-406.0,0.0,406.0
E02000251,Ealing,7,7,20.098229045820744,17.298753162922797,613.0,618.0,0.6242362525458248,0.6293279022403259,0.005091649694501044,-2.799475882897948,44.0,377.0,451,514,965,421.0,17.18963730569948,-333.0,9.75609756097561,53.0,377.0,482,517,999,430.0,20.001001001001,-324.0,10.995850622406639,86.0,358.0,444.0,31.90466321243523,-272.0,16.731517509727624,90.0,392.0,482.0,35.31531531531532,-302.0,17.408123791102515,-355.0,46.0,401.0
E02000252,Ealing,4,3,31.97043001648465,28.185328832552585,313.0,256.0,0.31873727087576376,0.2606924643584521,-0.05804480651731164,-3.7851011839320634,584.0,312.0,1075,1085,2160,896.0,84.35555555555555,272.0,54.325581395348834,974.0,604.0,1597,2025,3622,1578.0,162.42297073440088,370.0,60.98935504070131,619.0,338.0,957.0,96.86203703703704,281.0,57.05069124423963,1259.0,486.0,1745.0,168.93263390392048,773.0,62.17283950617284,699.0,1125.0,426.0
E02000253,Ealing,4,1,32.280214490240866,33.80143238339204,305.0,99.0,0.3105906313645621,0.10081466395112017,-0.20977596741344195,1.5212178931511744,429.0,205.0,715,676,1391,634.0,63.22429906542056,224.0,60.0,357.0,161.0,556,620,1176,518.0,48.875,196.0,64.20863309352518,405.0,190.0,595.0,55.319913731128686,215.0,59.9112426035503,421.0,153.0,574.0,54.77295918367347,268.0,67.90322580645162,518.0,518.0,0.0
E02000254,Ealing,6,5,23.572653763549,22.69048282222735,511.0,434.0,0.5203665987780041,0.4419551934826884,-0.07841140529531565,-0.8821709413216503,116.0,416.0,446,643,1089,532.0,44.31221303948577,-300.0,26.00896860986547,94.0,355.0,437,552,989,449.0,33.74115267947422,-261.0,21.51029748283753,177.0,312.0,489.0,50.710743801652896,-135.0,27.527216174183515,161.0,322.0,483.0,52.41860465116279,-161.0,29.166666666666668,-216.0,103.0,319.0
E02000255,Ealing,5,5,25.146452918119387,21.19055711661083,468.0,484.0,0.47657841140529533,0.49287169042769857,0.01629327902240324,-3.9558958015085572,444.0,300.0,857,933,1790,744.0,74.41340782122904,144.0,51.80863477246208,399.0,230.0,716,649,1365,629.0,67.23076923076923,169.0,55.72625698324022,544.0,360.0,904.0,109.40782122905028,184.0,58.30653804930333,356.0,240.0,596.0,62.59340659340659,116.0,54.853620955315876,167.0,398.0,231.0
E02000256,Ealing,8,8,16.780798065681076,14.112202417259686,708.0,726.0,0.7209775967413442,0.7393075356415478,0.018329938900203624,-2.6685956484213893,201.0,758.0,1059,1089,2148,959.0,70.93016759776536,-557.0,18.980169971671387,163.0,758.0,1003,1041,2044,921.0,60.44716242661448,-595.0,16.25124626121635,197.0,746.0,943.0,68.41806331471136,-549.0,18.089990817263544,191.0,740.0,931.0,69.14872798434442,-549.0,18.34774255523535,-595.0,165.0,760.0
E02000257,Ealing,7,7,18.989992386705158,16.08274297015462,642.0,657.0,0.6537678207739308,0.6690427698574338,0.01527494908350302,-2.9072494165505383,503.0,715.0,1669,1570,3239,1218.0,111.0358135226922,-212.0,30.137807070101857,472.0,859.0,1736,1796,3532,1331.0,114.79275198187996,-387.0,27.188940092165897,553.0,891.0,1444.0,152.1219512195122,-338.0,35.22292993630573,596.0,985.0,1581.0,166.21177802944507,-389.0,33.18485523385301,-605.0,410.0,1015.0
E02000258,Ealing,7,6,21.104471007429417,18.524353407963726,590.0,580.0,0.6008146639511202,0.5906313645621182,-0.010183299389001976,-2.580117599465691,137.0,423.0,632,685,1317,560.0,44.00227790432802,-286.0,21.677215189873415,142.0,433.0,727,731,1458,575.0,42.17146776406036,-291.0,19.53232462173315,136.0,399.0,535.0,41.20273348519362,-263.0,19.854014598540147,144.0,473.0,617.0,46.71604938271605,-329.0,19.699042407660738,-125.0,241.0,366.0
E02000259,Ealing,8,8,15.994646784576162,14.812805883303701,730.0,708.0,0.7433808553971487,0.7209775967413442,-0.022403258655804503,-1.1818409012724604,59.0,417.0,561,549,1110,476.0,22.164864864864864,-358.0,10.51693404634581,37.0,435.0,442,541,983,472.0,16.373346897253306,-398.0,8.3710407239819,60.0,445.0,505.0,24.054054054054053,-385.0,10.92896174863388,53.0,363.0,416.0,19.571719226856562,-310.0,9.796672828096119,-392.0,41.0,433.0
E02000260,Ealing,3,4,32.61966792996556,26.543921131270015,292.0,310.0,0.2973523421588595,0.31568228105906315,0.01832993890020368,-6.075746798695544,413.0,62.0,591,785,1376,475.0,18.609011627906977,351.0,69.88155668358715,448.0,95.0,553,764,1317,543.0,32.31586940015186,353.0,81.0126582278481,637.0,84.0,721.0,38.88662790697674,553.0,81.14649681528662,598.0,66.0,664.0,29.968109339407746,532.0,78.27225130890052,-167.0,200.0,367.0
E02000261,Ealing,5,5,28.05565321010589,23.57625087614326,410.0,399.0,0.4175152749490835,0.4063136456211813,-0.011201629327902252,-4.479402333962632,466.0,451.0,1135,1040,2175,917.0,96.6280459770115,15.0,41.05726872246696,561.0,670.0,1323,1398,2721,1231.0,138.1367144432194,-109.0,42.40362811791383,481.0,526.0,1007.0,116.32459770114943,-45.0,46.25,618.0,624.0,1242.0,141.72436604189636,-6.0,44.20600858369099,-84.0,569.0,653.0
E02000262,Ealing,4,4,30.31078975798319,26.466562263334414,355.0,313.0,0.3615071283095723,0.31873727087576376,-0.04276985743380857,-3.844227494648777,654.0,234.0,1048,1066,2114,888.0,72.39167455061495,420.0,62.40458015267175,657.0,320.0,1102,1109,2211,977.0,95.08819538670285,337.0,59.61887477313974,694.0,287.0,981.0,94.21854304635761,407.0,65.1031894934334,670.0,349.0,1019.0,105.75757575757575,321.0,60.41478809738503,270.0,630.0,360.0
E02000263,Ealing,4,3,29.7681858331185,29.491472479698135,367.0,216.0,0.37372708757637474,0.219959266802444,-0.15376782077393075,-0.27671335342036585,271.0,333.0,548,1006,1554,604.0,58.07142857142857,-62.0,49.45255474452554,178.0,317.0,561,966,1527,495.0,36.95219384413883,-139.0,31.72905525846702,482.0,173.0,655.0,53.65894465894466,309.0,47.912524850894634,505.0,287.0,792.0,94.91486574983628,218.0,52.27743271221532,208.0,311.0,103.0
E02000264,Ealing,7,7,18.05432769344687,18.1030026502831,676.0,591.0,0.6883910386965377,0.6018329938900203,-0.08655804480651741,0.04867495683622991,253.0,478.0,979,971,1950,731.0,62.017435897435895,-225.0,25.842696629213485,251.0,566.0,1043,1016,2059,817.0,68.99757163671686,-315.0,24.065196548418026,329.0,503.0,832.0,84.8651282051282,-174.0,33.88259526261586,253.0,567.0,820.0,69.67022826614861,-314.0,24.901574803149607,-412.0,222.0,634.0
E02000265,Ealing,3,3,32.523462163863655,27.64073759524252,294.0,283.0,0.29938900203665986,0.28818737270875766,-0.011201629327902196,-4.882724568621136,1034.0,112.0,1250,1267,2517,1146.0,46.010329757647995,922.0,82.72,844.0,92.0,1018,1072,2090,936.0,37.15215311004785,752.0,82.90766208251473,1030.0,104.0,1134.0,42.55860150973381,926.0,81.29439621152328,873.0,96.0,969.0,40.09952153110048,777.0,81.43656716417911,618.0,776.0,158.0
E02000266,Ealing,1,1,46.70188995215311,36.88706065559666,43.0,50.0,0.04378818737270876,0.05091649694501019,0.007128309572301428,-9.814829296556447,878.0,0.0,949,1006,1955,878.0,0.0,878.0,92.51844046364594,821.0,0.0,854,764,1618,821.0,0.0,821.0,96.13583138173301,963.0,0.0,963.0,0.0,963.0,95.72564612326043,709.0,0.0,709.0,0.0,709.0,92.80104712041884,787.0,787.0,0.0
E02000267,Ealing,6,6,22.021765506786025,19.028426202548992,560.0,572.0,0.570264765784114,0.5824847250509165,0.012219959266802527,-2.9933393042370326,267.0,271.0,649,577,1226,538.0,59.01876019575857,-4.0,41.14021571648691,285.0,229.0,672,463,1135,514.0,57.502202643171806,56.0,42.410714285714285,257.0,342.0,599.0,71.69168026101141,-85.0,44.54072790294627,195.0,324.0,519.0,55.66519823788546,-129.0,42.11663066954643,35.0,274.0,239.0
E02000268,Ealing,7,6,20.487510661466125,20.64204977728285,600.0,509.0,0.6109979633401222,0.5183299389002036,-0.09266802443991862,0.15453911581672486,270.0,536.0,904,1023,1927,806.0,75.10119356512715,-266.0,29.867256637168143,249.0,446.0,895,920,1815,695.0,61.186776859504135,-197.0,27.821229050279328,293.0,483.0,776.0,73.44006227296316,-190.0,28.641251221896386,295.0,430.0,725.0,69.88980716253444,-135.0,32.065217391304344,93.0,451.0,358.0
E02000269,Ealing,9,9,12.074136028843773,10.623610073010765,831.0,841.0,0.8462321792260692,0.8564154786150713,0.010183299389002087,-1.4505259558330081,27.0,673.0,919,822,1741,700.0,10.437105112004595,-646.0,2.9379760609358,20.0,626.0,776,735,1511,646.0,8.28590337524818,-606.0,2.5773195876288657,50.0,812.0,862.0,23.319931074095347,-762.0,6.082725060827251,35.0,698.0,733.0,16.168100595632033,-663.0,4.761904761904762,-591.0,23.0,614.0
E02000270,Ealing,3,1,33.4102310791993,35.99719163190494,276.0,64.0,0.28105906313645623,0.06517311608961303,-0.21588594704684322,2.5869605527056407,617.0,96.0,893,866,1759,713.0,33.673678226264926,521.0,69.09294512877939,811.0,103.0,1120,869,1989,914.0,41.99748617395676,708.0,72.41071428571428,682.0,135.0,817.0,52.34223990903923,547.0,78.75288683602771,682.0,205.0,887.0,70.29160382101558,477.0,78.48101265822784,1027.0,1027.0,0.0
E02000271,Ealing,9,9,12.715798570309035,9.82919416909621,814.0,866.0,0.8289205702647657,0.8818737270875764,0.052953156822810654,-2.886604401212825,26.0,631.0,701,791,1492,657.0,10.995978552278821,-605.0,3.7089871611982885,23.0,549.0,739,639,1378,572.0,9.163280116110304,-526.0,3.1123139377537212,40.0,581.0,621.0,15.576407506702413,-541.0,5.056890012642225,43.0,637.0,680.0,19.87735849056604,-594.0,6.729264475743349,-510.0,19.0,529.0
E02000272,Ealing,9,9,11.049683628482514,10.154082105586248,862.0,855.0,0.8778004073319755,0.8706720977596741,-0.007128309572301372,-0.8956015228962659,15.0,402.0,523,494,1017,417.0,5.929203539823009,-387.0,2.8680688336520075,9.0,363.0,365,437,802,372.0,4.0735660847880295,-354.0,2.4657534246575343,34.0,425.0,459.0,14.208456243854474,-391.0,6.882591093117409,17.0,302.0,319.0,6.401496259351621,-285.0,3.8901601830663615,-357.0,12.0,369.0
E02000274,Ealing,4,3,32.375847218251785,28.3128246462348,301.0,251.0,0.3065173116089613,0.2556008146639511,-0.05091649694501016,-4.063022572016983,349.0,398.0,744,1137,1881,747.0,73.84476342371079,-49.0,46.90860215053764,207.0,343.0,607,1120,1727,550.0,41.11233352634626,-136.0,34.102141680395384,586.0,292.0,878.0,90.96863370547581,294.0,51.53913808267371,597.0,283.0,880.0,97.8291835552982,314.0,53.30357142857143,79.0,263.0,184.0
E02000275,Ealing,3,3,34.333983501830474,28.177827545068926,248.0,257.0,0.2525458248472505,0.26171079429735233,0.009164969450101812,-6.156155956761548,417.0,55.0,552,566,1118,472.0,20.514311270125223,362.0,75.54347826086956,350.0,85.0,464,731,1195,435.0,24.89539748953975,265.0,75.43103448275862,411.0,65.0,476.0,23.8953488372093,346.0,72.6148409893993,580.0,50.0,630.0,24.267782426778243,530.0,79.34336525307798,114.0,221.0,107.0
E02000276,Ealing,8,8,14.966897119309728,13.741856141420298,752.0,738.0,0.7657841140529531,0.7515274949083504,-0.014256619144602745,-1.2250409778894298,108.0,539.0,714,802,1516,647.0,38.39841688654354,-431.0,15.126050420168067,116.0,454.0,631,659,1290,570.0,40.82480620155039,-338.0,18.38351822503962,171.0,533.0,704.0,60.12071240105541,-362.0,21.3216957605985,128.0,459.0,587.0,45.544186046511626,-331.0,19.423368740515933,-357.0,103.0,460.0
E02000277,Enfield,6,4,23.83618138257308,26.284897449736878,499.0,322.0,0.5081466395112016,0.32790224032586557,-0.18024439918533608,2.4487160671637973,95.0,279.0,539,383,922,374.0,28.747288503253795,-184.0,17.625231910946194,52.0,267.0,426,398,824,319.0,16.849514563106798,-215.0,12.206572769953052,83.0,412.0,495.0,37.08893709327549,-329.0,21.671018276762403,118.0,363.0,481.0,51.98300970873787,-245.0,29.64824120603015,-128.0,84.0,212.0
E02000278,Enfield,2,1,38.58764642978387,38.42983080834834,155.0,42.0,0.15784114052953158,0.04276985743380855,-0.11507128309572302,-0.15781562143552463,406.0,104.0,660,506,1166,510.0,36.21269296740995,302.0,61.51515151515151,280.0,99.0,437,451,888,379.0,31.216216216216218,181.0,64.07322654462243,336.0,163.0,499.0,46.97084048027444,173.0,66.40316205533597,301.0,79.0,380.0,26.778153153153152,222.0,66.74057649667405,307.0,307.0,0.0
E02000279,Enfield,4,2,32.21312893832943,32.448723032537266,307.0,137.0,0.31262729124236255,0.1395112016293279,-0.17311608961303465,0.2355940942078334,409.0,301.0,1132,656,1788,710.0,68.85290827740492,108.0,36.130742049469966,230.0,234.0,693,609,1302,464.0,41.336405529953915,-4.0,33.18903318903319,318.0,645.0,963.0,114.71476510067114,-327.0,48.47560975609756,337.0,422.0,759.0,109.2273425499232,-85.0,55.33661740558292,157.0,302.0,145.0
E02000280,Enfield,7,5,20.292996577099238,21.468448379979097,608.0,476.0,0.6191446028513238,0.4847250509164969,-0.13441955193482685,1.1754518028798593,195.0,210.0,501,391,892,405.0,45.908071748878925,-15.0,38.92215568862276,151.0,141.0,457,295,752,292.0,28.3125,10.0,33.04157549234136,155.0,275.0,430.0,47.785874439461885,-120.0,39.64194373401534,129.0,265.0,394.0,45.45877659574468,-136.0,43.728813559322035,108.0,220.0,112.0
E02000281,Enfield,4,3,29.469572625919636,27.972087435954556,376.0,264.0,0.38289205702647655,0.26883910386965376,-0.11405295315682279,-1.4974851899650794,390.0,159.0,741,459,1200,549.0,51.675,231.0,52.63157894736842,287.0,199.0,557,442,999,486.0,57.170170170170174,88.0,51.526032315978455,251.0,304.0,555.0,63.586666666666666,-53.0,54.68409586056645,226.0,230.0,456.0,52.032032032032035,-4.0,51.13122171945701,113.0,294.0,181.0
E02000282,Enfield,1,1,43.609851547997806,40.06445952729555,81.0,22.0,0.0824847250509165,0.02240325865580448,-0.060081466395112026,-3.545392020702259,684.0,0.0,846,660,1506,684.0,0.0,684.0,80.85106382978722,432.0,0.0,543,610,1153,432.0,0.0,432.0,79.55801104972376,549.0,0.0,549.0,0.0,549.0,83.18181818181817,477.0,0.0,477.0,0.0,477.0,78.19672131147541,348.0,348.0,0.0
E02000283,Enfield,5,2,27.759390204178537,31.001213530163895,416.0,178.0,0.42362525458248473,0.18126272912423624,-0.2423625254582485,3.241823325985358,92.0,331.0,545,468,1013,423.0,30.061204343534058,-239.0,16.88073394495413,89.0,282.0,441,387,828,371.0,30.31159420289855,-193.0,20.181405895691608,112.0,393.0,505.0,43.45113524185587,-281.0,23.931623931623932,77.0,308.0,385.0,28.642512077294686,-231.0,19.896640826873384,63.0,191.0,128.0
E02000284,Enfield,8,7,15.803134472195122,17.070983778065123,735.0,624.0,0.7484725050916496,0.6354378818737271,-0.11303462321792257,1.2678493058700013,82.0,332.0,629,477,1106,414.0,24.61482820976492,-250.0,13.036565977742448,113.0,319.0,588,444,1032,432.0,34.929263565891475,-206.0,19.217687074829932,92.0,460.0,552.0,38.264014466546115,-368.0,19.28721174004193,65.0,419.0,484.0,26.390503875968992,-354.0,14.63963963963964,-151.0,142.0,293.0
E02000285,Enfield,9,9,10.762750633621343,11.391912029272756,873.0,811.0,0.8890020366598778,0.8258655804480651,-0.06313645621181263,0.6291613956514137,11.0,224.0,292,260,552,235.0,4.463768115942029,-213.0,3.767123287671233,20.0,218.0,330,243,573,238.0,7.609075043630018,-198.0,6.0606060606060606,22.0,266.0,288.0,10.601449275362318,-244.0,8.461538461538462,20.0,292.0,312.0,10.191972076788831,-272.0,8.23045267489712,-208.0,9.0,217.0
E02000286,Enfield,8,7,15.07210509683746,16.912818267088756,750.0,631.0,0.7637474541751528,0.6425661914460286,-0.12118126272912422,1.8407131702512967,180.0,392.0,700,652,1352,572.0,52.18934911242604,-212.0,25.71428571428571,172.0,320.0,728,492,1220,492.0,45.114754098360656,-148.0,23.626373626373624,174.0,451.0,625.0,58.04289940828402,-277.0,26.68711656441718,114.0,485.0,599.0,45.31967213114754,-371.0,23.170731707317074,-98.0,202.0,300.0
E02000287,Enfield,9,8,11.08154635233768,13.160404373177842,861.0,753.0,0.8767820773930753,0.7668024439918534,-0.10997963340122197,2.078858020840162,93.0,365.0,429,483,912,458.0,37.2203947368421,-272.0,21.678321678321677,96.0,251.0,420,370,790,347.0,30.50126582278481,-155.0,22.857142857142858,77.0,267.0,344.0,22.542763157894736,-190.0,15.942028985507244,55.0,288.0,343.0,20.050632911392405,-233.0,14.864864864864865,-82.0,118.0,200.0
E02000288,Enfield,3,2,34.22211056720687,33.579485377402285,252.0,106.0,0.25661914460285135,0.1079429735234216,-0.14867617107942976,-0.6426251898045834,626.0,254.0,1206,715,1921,880.0,82.77147319104633,372.0,51.90713101160862,373.0,190.0,644,656,1300,563.0,54.51538461538462,183.0,57.919254658385086,419.0,458.0,877.0,99.89692868297762,-39.0,58.6013986013986,403.0,211.0,614.0,65.41,192.0,61.4329268292683,200.0,377.0,177.0
E02000289,Enfield,10,9,9.661355378444208,10.25233727451872,898.0,852.0,0.9144602851323829,0.8676171079429735,-0.046843177189409335,0.5909818960745117,0.0,197.0,292,242,534,197.0,0.0,-197.0,0.0,0.0,199.0,367,250,617,199.0,0.0,-199.0,0.0,0.0,254.0,254.0,0.0,-254.0,0.0,0.0,328.0,328.0,0.0,-328.0,0.0,-174.0,12.0,186.0
E02000290,Enfield,2,1,39.2495030682132,38.839320709559345,149.0,34.0,0.15173116089613034,0.034623217922606926,-0.11710794297352342,-0.41018235865385577,367.0,116.0,627,549,1176,483.0,36.20068027210884,251.0,58.53269537480064,303.0,64.0,493,458,951,367.0,20.391167192429023,239.0,61.4604462474645,354.0,169.0,523.0,50.87244897959184,185.0,64.48087431693989,332.0,127.0,459.0,44.33648790746582,205.0,72.48908296943232,319.0,319.0,0.0
E02000291,Enfield,6,5,22.03595138614971,22.769043029435814,558.0,431.0,0.5682281059063137,0.43890020366598775,-0.12932790224032592,0.7330916432861052,413.0,371.0,884,796,1680,784.0,91.20416666666667,42.0,46.71945701357466,287.0,339.0,716,632,1348,626.0,72.17581602373888,-52.0,40.08379888268156,384.0,417.0,801.0,95.31428571428572,-33.0,48.24120603015075,263.0,399.0,662.0,77.84643916913947,-136.0,41.61392405063291,-13.0,289.0,302.0
E02000292,Enfield,7,5,20.28418657942845,21.630351197726352,609.0,470.0,0.620162932790224,0.4786150712830957,-0.14154786150712834,1.3461646182979017,114.0,378.0,679,577,1256,492.0,34.30891719745223,-264.0,16.789396170839467,110.0,325.0,663,556,1219,435.0,29.327317473338802,-215.0,16.59125188536953,171.0,514.0,685.0,69.97929936305732,-343.0,29.636048526863085,188.0,473.0,661.0,72.94831829368334,-285.0,33.81294964028777,-48.0,220.0,268.0
E02000293,Enfield,10,9,8.895326801807515,10.699650412717823,922.0,836.0,0.9389002036659878,0.8513238289205702,-0.08757637474541757,1.8043236109103074,0.0,259.0,360,314,674,259.0,0.0,-259.0,0.0,0.0,249.0,307,312,619,249.0,0.0,-249.0,0.0,0.0,287.0,287.0,0.0,-287.0,0.0,0.0,247.0,247.0,0.0,-247.0,0.0,-185.0,38.0,223.0
E02000294,Enfield,5,3,28.116986427525624,29.838090023549565,406.0,205.0,0.4134419551934827,0.20875763747454176,-0.20468431771894094,1.7211035960239407,112.0,436.0,602,685,1287,548.0,37.94250194250194,-324.0,18.6046511627907,141.0,342.0,670,572,1242,483.0,38.82608695652174,-201.0,21.044776119402986,161.0,445.0,606.0,55.66822066822067,-284.0,23.503649635036496,192.0,465.0,657.0,71.8840579710145,-273.0,33.56643356643357,-57.0,215.0,272.0
E02000295,Enfield,9,8,11.98511555505135,14.264162270898526,833.0,723.0,0.8482688391038696,0.7362525458248472,-0.1120162932790224,2.2790467158471763,106.0,398.0,676,570,1246,504.0,33.858747993579456,-292.0,15.680473372781064,71.0,357.0,541,515,1056,428.0,24.00284090909091,-286.0,13.123844731977819,111.0,538.0,649.0,47.92776886035313,-427.0,19.473684210526315,114.0,431.0,545.0,46.52840909090909,-317.0,22.135922330097088,-190.0,114.0,304.0
E02000296,Enfield,7,6,19.478001771368643,18.736596991132807,626.0,577.0,0.6374745417515275,0.5875763747454175,-0.04989816700611005,-0.7414047802358361,315.0,320.0,963,813,1776,635.0,56.75675675675676,-5.0,32.71028037383177,315.0,312.0,800,775,1575,627.0,62.4,3.0,39.375,369.0,541.0,910.0,112.40371621621621,-172.0,45.38745387453875,337.0,402.0,739.0,86.01523809523809,-65.0,43.483870967741936,75.0,368.0,293.0
E02000297,Enfield,9,9,10.853698627124112,11.153847965296427,871.0,822.0,0.8869653767820774,0.8370672097759674,-0.04989816700611005,0.3001493381723144,75.0,382.0,547,470,1017,457.0,28.171091445427727,-307.0,13.711151736745887,45.0,317.0,412,419,831,362.0,17.166064981949457,-272.0,10.922330097087379,57.0,431.0,488.0,24.156342182890857,-374.0,12.127659574468085,55.0,334.0,389.0,22.10589651022864,-279.0,13.126491646778044,-319.0,26.0,345.0
E02000298,Enfield,10,10,10.149730907472417,8.6342442002442,890.0,907.0,0.9063136456211812,0.9236252545824847,0.01731160896130346,-1.5154867072282165,0.0,422.0,539,526,1065,422.0,0.0,-422.0,0.0,0.0,388.0,493,446,939,388.0,0.0,-388.0,0.0,0.0,434.0,434.0,0.0,-434.0,0.0,0.0,417.0,417.0,0.0,-417.0,0.0,-430.0,0.0,430.0
E02000299,Enfield,3,1,33.89813588810137,34.10902891590886,261.0,97.0,0.26578411405295316,0.09877800407331976,-0.1670061099796334,0.21089302780748653,421.0,381.0,964,980,1944,802.0,82.5108024691358,40.0,43.67219917012448,212.0,347.0,551,850,1401,559.0,52.50820842255532,-135.0,38.475499092558984,497.0,475.0,972.0,121.4377572016461,22.0,50.71428571428571,411.0,288.0,699.0,84.4882226980728,123.0,48.35294117647059,324.0,324.0,0.0
E02000300,Enfield,5,2,28.158851488292264,31.690634891882716,405.0,159.0,0.4124236252545825,0.16191446028513237,-0.2505091649694501,3.5317834035904525,163.0,575.0,876,868,1744,738.0,53.741399082568805,-412.0,18.60730593607306,162.0,430.0,611,733,1344,592.0,51.830357142857146,-268.0,26.5139116202946,198.0,635.0,833.0,72.09288990825688,-437.0,22.811059907834103,219.0,393.0,612.0,64.03794642857143,-174.0,29.877216916780352,88.0,324.0,236.0
E02000301,Enfield,2,1,40.87686071989716,39.40452036986176,124.0,30.0,0.12627291242362526,0.03054989816700611,-0.09572301425661915,-1.4723403500354024,574.0,239.0,1003,974,1977,813.0,69.39099645928174,335.0,57.22831505483549,323.0,169.0,617,764,1381,492.0,39.527154236060824,154.0,52.35008103727715,587.0,302.0,889.0,89.66818411734953,285.0,60.26694045174538,480.0,190.0,670.0,66.03910209992759,290.0,62.82722513089005,332.0,332.0,0.0
E02000302,Enfield,7,6,20.85787932740812,19.461557333943066,595.0,557.0,0.6059063136456212,0.5672097759674134,-0.0386965376782078,-1.3963219934650546,138.0,294.0,572,573,1145,432.0,35.43406113537118,-156.0,24.125874125874127,129.0,278.0,483,489,972,407.0,36.89506172839506,-149.0,26.70807453416149,210.0,369.0,579.0,67.67685589519651,-159.0,36.64921465968586,139.0,291.0,430.0,41.614197530864196,-152.0,28.425357873210633,-72.0,173.0,245.0
E02000303,Enfield,2,1,39.750529821215736,39.495709096894544,141.0,29.0,0.14358452138492872,0.029531568228105907,-0.11405295315682282,-0.25482072432119196,475.0,255.0,879,902,1781,730.0,68.00954519932623,220.0,54.0386803185438,314.0,148.0,542,616,1158,462.0,40.13126079447323,166.0,57.93357933579336,517.0,243.0,760.0,70.53958450308815,274.0,57.3170731707317,369.0,160.0,529.0,50.984455958549226,209.0,59.9025974025974,332.0,332.0,0.0
E02000304,Enfield,10,9,9.603391190752873,9.395457433606353,901.0,878.0,0.9175152749490835,0.8940936863543788,-0.023421588594704668,-0.2079337571465203,0.0,435.0,600,511,1111,435.0,0.0,-435.0,0.0,0.0,382.0,480,442,922,382.0,0.0,-382.0,0.0,0.0,523.0,523.0,0.0,-523.0,0.0,0.0,418.0,418.0,0.0,-418.0,0.0,-309.0,47.0,356.0
E02000305,Enfield,7,8,18.103557163210937,15.372604843988654,674.0,688.0,0.6863543788187373,0.7006109979633401,0.014256619144602856,-2.7309523192222827,224.0,350.0,912,693,1605,574.0,48.84735202492212,-126.0,24.561403508771928,159.0,362.0,626,697,1323,521.0,43.50566893424036,-203.0,25.399361022364218,222.0,572.0,794.0,79.1177570093458,-350.0,32.03463203463203,223.0,387.0,610.0,65.2312925170068,-164.0,31.99426111908178,-409.0,88.0,497.0
E02000306,Enfield,1,1,52.14041435785332,43.56118441182551,14.0,6.0,0.014256619144602852,0.006109979633401222,-0.00814663951120163,-8.579229946027809,541.0,0.0,747,696,1443,541.0,0.0,541.0,72.42302543507363,310.0,0.0,428,533,961,310.0,0.0,310.0,72.42990654205607,519.0,0.0,519.0,0.0,519.0,74.56896551724138,425.0,0.0,425.0,0.0,425.0,79.73733583489681,244.0,244.0,0.0
E02000307,Enfield,5,4,26.839223410310947,25.027692124105013,433.0,359.0,0.4409368635437882,0.3655804480651731,-0.0753564154786151,-1.811531286205934,172.0,425.0,781,762,1543,597.0,47.37524303305249,-253.0,22.02304737516005,108.0,349.0,564,733,1297,457.0,29.060909791827292,-241.0,19.148936170212767,275.0,536.0,811.0,95.52819183408944,-261.0,36.08923884514436,302.0,412.0,714.0,95.93215111796454,-110.0,41.20054570259209,-159.0,150.0,309.0
E02000308,Enfield,5,5,25.193128138572906,21.17568637970979,467.0,485.0,0.4755600814663951,0.4938900203665988,0.01832993890020368,-4.017441758863114,362.0,366.0,752,871,1623,728.0,81.63401109057301,-4.0,48.138297872340424,367.0,230.0,786,623,1409,597.0,59.90773598296664,137.0,46.69211195928753,448.0,351.0,799.0,96.88724584103512,97.0,51.43513203214696,331.0,358.0,689.0,84.10078069552874,-27.0,53.13001605136437,122.0,361.0,239.0
E02000309,Enfield,1,1,44.113987597483074,38.22551165980796,76.0,45.0,0.07739307535641547,0.045824847250509164,-0.03156822810590631,-5.888475937675118,620.0,0.0,905,1024,1929,620.0,0.0,620.0,68.50828729281768,472.0,0.0,664,945,1609,472.0,0.0,472.0,71.08433734939759,779.0,0.0,779.0,0.0,779.0,76.07421875,754.0,0.0,754.0,0.0,754.0,79.78835978835978,400.0,400.0,0.0
E02000311,Enfield,4,4,29.979820409238247,26.65358460673104,364.0,308.0,0.37067209775967414,0.3136456211812627,-0.05702647657841142,-3.326235802507206,433.0,436.0,891,991,1882,869.0,100.31243358129649,-3.0,48.597081930415264,303.0,303.0,683,779,1462,606.0,62.796853625170996,0.0,44.36310395314788,496.0,421.0,917.0,110.95430393198724,75.0,50.05045408678102,429.0,342.0,771.0,100.35430916552667,87.0,55.070603337612326,14.0,283.0,269.0
E02000312,Enfield,6,6,23.867979597059104,19.41314520643807,495.0,559.0,0.5040733197556008,0.5692464358452138,0.06517311608961307,-4.454834390621034,412.0,759.0,1308,1271,2579,1171.0,121.25164792555255,-347.0,31.49847094801223,273.0,630.0,1013,1120,2133,903.0,80.63291139240506,-357.0,26.94965449160908,420.0,808.0,1228.0,131.58588600232648,-388.0,33.044846577498035,428.0,683.0,1111.0,137.04828879512425,-255.0,38.21428571428571,-409.0,243.0,652.0
E02000313,Greenwich,1,3,46.47337429332927,29.034084854263146,48.0,228.0,0.048879837067209775,0.23217922606924643,0.18329938900203666,-17.439289439066126,481.0,0.0,618,455,1073,481.0,0.0,481.0,77.831715210356,263.0,0.0,306,407,713,263.0,0.0,263.0,85.94771241830065,382.0,0.0,382.0,0.0,382.0,83.95604395604396,353.0,0.0,353.0,0.0,353.0,86.73218673218673,109.0,203.0,94.0
E02000314,Greenwich,4,5,30.63770173413424,23.07788787169115,346.0,417.0,0.35234215885947046,0.42464358452138495,0.0723014256619145,-7.5598138624430895,362.0,668.0,1213,1157,2370,1030.0,102.03206751054853,-306.0,29.843363561417974,349.0,514.0,1081,1037,2118,863.0,84.69593956562795,-165.0,32.28492136910268,354.0,648.0,1002.0,96.78987341772152,-294.0,30.596369922212617,403.0,592.0,995.0,112.64211520302172,-189.0,38.862102217936354,-372.0,259.0,631.0
E02000315,Greenwich,2,1,42.47607162334802,36.290120328926825,102.0,58.0,0.10386965376782077,0.059063136456211814,-0.04480651731160896,-6.185951294421194,483.0,118.0,749,654,1403,601.0,40.622950819672134,365.0,64.48598130841121,326.0,94.0,505,603,1108,420.0,27.657039711191334,232.0,64.55445544554456,503.0,199.0,702.0,71.34497505345688,304.0,76.91131498470948,477.0,135.0,612.0,58.118231046931406,342.0,79.1044776119403,483.0,483.0,0.0
E02000316,Greenwich,1,4,42.87325735805085,23.836059833708916,93.0,392.0,0.09470468431771895,0.39918533604887985,0.3044806517311609,-19.037197524341934,1175.0,0.0,1507,1110,2617,1175.0,0.0,1175.0,77.96947577969475,1150.0,0.0,1539,1493,3032,1150.0,0.0,1150.0,74.72384665367122,838.0,0.0,838.0,0.0,838.0,75.49549549549549,1135.0,0.0,1135.0,0.0,1135.0,76.02143335565975,83.0,681.0,598.0
E02000317,Greenwich,1,2,46.646049676224614,32.47226067933219,44.0,136.0,0.04480651731160896,0.1384928716904277,0.09368635437881875,-14.173788996892426,513.0,0.0,686,762,1448,513.0,0.0,513.0,74.78134110787173,443.0,0.0,576,516,1092,443.0,0.0,443.0,76.90972222222221,566.0,0.0,566.0,0.0,566.0,74.2782152230971,380.0,0.0,380.0,0.0,380.0,73.64341085271317,376.0,423.0,47.0
E02000318,Greenwich,3,4,32.98717852977037,26.536444850872257,285.0,311.0,0.29022403258655805,0.3167006109979633,0.02647657841140527,-6.450733678898111,386.0,392.0,840,1052,1892,778.0,79.97463002114165,-6.0,45.95238095238095,297.0,336.0,770,1001,1771,633.0,56.34782608695652,-39.0,38.57142857142858,449.0,303.0,752.0,71.90644820295984,146.0,42.68060836501901,542.0,273.0,815.0,83.5494071146245,269.0,54.145854145854145,-168.0,217.0,385.0
E02000319,Greenwich,3,4,33.85532826472858,24.171681404958676,264.0,382.0,0.26883910386965376,0.3890020366598778,0.12016293279022405,-9.683646859769901,529.0,426.0,1215,1089,2304,955.0,97.80989583333333,103.0,43.53909465020576,339.0,232.0,713,865,1578,571.0,49.840304182509506,107.0,47.54558204768583,490.0,454.0,944.0,96.55381944444444,36.0,44.995408631772264,444.0,256.0,700.0,72.03041825095058,188.0,51.32947976878612,23.0,283.0,260.0
E02000320,Greenwich,4,5,31.585186388888886,22.930003411572052,323.0,423.0,0.3289205702647658,0.43075356415478616,0.10183299389002037,-8.655182977316834,107.0,237.0,480,469,949,344.0,26.721812434141203,-130.0,22.291666666666668,159.0,210.0,449,415,864,369.0,38.645833333333336,-51.0,35.4120267260579,154.0,310.0,464.0,50.30558482613277,-156.0,32.83582089552239,151.0,223.0,374.0,38.973379629629626,-72.0,36.385542168674704,-136.0,131.0,267.0
E02000321,Greenwich,1,2,45.41702813888889,32.89893154223714,61.0,127.0,0.062118126272912425,0.12932790224032586,0.06720977596741344,-12.518096596651745,552.0,0.0,747,705,1452,552.0,0.0,552.0,73.89558232931726,361.0,0.0,496,485,981,361.0,0.0,361.0,72.78225806451613,520.0,0.0,520.0,0.0,520.0,73.75886524822694,381.0,0.0,381.0,0.0,381.0,78.55670103092784,323.0,362.0,39.0
E02000323,Greenwich,1,2,46.071049488476675,32.19790005441683,51.0,144.0,0.051934826883910386,0.14663951120162932,0.09470468431771895,-13.873149434059847,831.0,0.0,1082,1194,2276,831.0,0.0,831.0,76.80221811460258,742.0,0.0,1007,983,1990,742.0,0.0,742.0,73.68421052631578,868.0,0.0,868.0,0.0,868.0,72.69681742043551,776.0,0.0,776.0,0.0,776.0,78.94201424211597,689.0,735.0,46.0
E02000324,Greenwich,2,3,39.746777532467526,29.340322482197355,142.0,222.0,0.1446028513238289,0.22606924643584522,0.08146639511201631,-10.406455050270171,465.0,128.0,643,596,1239,593.0,48.03874092009685,337.0,72.31726283048211,347.0,87.0,486,501,987,434.0,30.58662613981763,260.0,71.39917695473251,420.0,132.0,552.0,44.74576271186441,288.0,70.46979865771812,380.0,92.0,472.0,35.42046605876393,288.0,75.84830339321357,260.0,345.0,85.0
E02000326,Greenwich,4,6,30.016503855728427,20.648771529957692,363.0,508.0,0.3696537678207739,0.5173116089613035,0.14765784114052954,-9.367732325770735,285.0,316.0,682,686,1368,601.0,65.83333333333333,-31.0,41.78885630498534,290.0,212.0,712,509,1221,502.0,50.352170352170354,78.0,40.73033707865169,250.0,308.0,558.0,56.28654970760234,-58.0,36.44314868804665,233.0,324.0,557.0,61.828009828009826,-91.0,45.77603143418468,-108.0,182.0,290.0
E02000327,Greenwich,1,2,44.71888610695971,30.41027660187185,72.0,193.0,0.07331975560081466,0.19653767820773932,0.12321792260692466,-14.308609505087858,539.0,0.0,728,649,1377,539.0,0.0,539.0,74.03846153846155,380.0,0.0,538,432,970,380.0,0.0,380.0,70.63197026022306,491.0,0.0,491.0,0.0,491.0,75.65485362095532,317.0,0.0,317.0,0.0,317.0,73.37962962962963,355.0,391.0,36.0
E02000328,Greenwich,6,7,23.46912351801393,16.88360272350503,515.0,632.0,0.5244399185336049,0.6435845213849287,0.11914460285132378,-6.5855207945088985,175.0,344.0,711,498,1209,519.0,49.79321753515302,-169.0,24.613220815752463,112.0,322.0,547,542,1089,434.0,33.11662075298439,-210.0,20.47531992687386,107.0,365.0,472.0,32.303556658395365,-258.0,21.485943775100402,127.0,355.0,482.0,41.40036730945822,-228.0,23.43173431734317,-290.0,100.0,390.0
E02000329,Greenwich,5,6,24.833221644012944,19.490797039836245,474.0,555.0,0.48268839103869654,0.5651731160896131,0.08248472505091653,-5.342424604176699,92.0,238.0,399,394,793,330.0,27.611601513240856,-146.0,23.05764411027569,78.0,229.0,348,379,727,307.0,24.56946354883081,-151.0,22.413793103448278,139.0,287.0,426.0,50.306431273644385,-148.0,35.27918781725889,132.0,241.0,373.0,43.75790921595598,-109.0,34.82849604221636,-184.0,63.0,247.0
E02000331,Greenwich,4,3,32.39916692121057,29.183950786143427,298.0,226.0,0.3034623217922607,0.23014256619144602,-0.07331975560081466,-3.215216135067145,288.0,309.0,737,662,1399,597.0,63.61115082201572,-21.0,39.07734056987788,206.0,211.0,578,562,1140,417.0,38.128070175438594,-5.0,35.6401384083045,261.0,324.0,585.0,60.44603288062902,-63.0,39.42598187311178,252.0,276.0,528.0,61.01052631578948,-24.0,44.83985765124555,233.0,361.0,128.0
E02000332,Greenwich,6,7,23.223290639735282,15.90175885042456,526.0,668.0,0.5356415478615071,0.6802443991853361,0.144602851323829,-7.321531789310722,62.0,354.0,513,503,1016,416.0,21.60236220472441,-292.0,12.085769980506821,94.0,325.0,476,469,945,419.0,32.32804232804233,-231.0,19.747899159663866,118.0,410.0,528.0,47.618110236220474,-292.0,23.45924453280318,99.0,340.0,439.0,35.61904761904762,-241.0,21.108742004264393,-291.0,76.0,367.0
E02000333,Greenwich,7,8,21.09053105918009,13.90021314803248,591.0,734.0,0.6018329938900203,0.7474541751527495,0.14562118126272916,-7.190317911147611,107.0,558.0,704,680,1384,665.0,43.14017341040462,-451.0,15.198863636363635,85.0,422.0,520,517,1037,507.0,34.59016393442623,-337.0,16.346153846153847,107.0,568.0,675.0,43.91329479768786,-461.0,15.735294117647058,70.0,416.0,486.0,28.081002892960463,-346.0,13.539651837524177,-387.0,48.0,435.0
E02000334,Greenwich,4,4,29.409164507651877,25.993311114555883,377.0,332.0,0.38391038696537677,0.3380855397148676,-0.04582484725050917,-3.4158533930959933,220.0,115.0,465,400,865,335.0,29.248554913294797,105.0,47.31182795698925,119.0,135.0,322,372,694,254.0,23.14841498559078,-16.0,36.95652173913043,201.0,159.0,360.0,36.94682080924856,42.0,50.24999999999999,173.0,156.0,329.0,38.887608069164266,17.0,46.50537634408602,14.0,142.0,128.0
E02000335,Greenwich,8,9,14.066061255153459,11.431670360520094,775.0,805.0,0.7892057026476579,0.8197556008146639,0.03054989816700604,-2.6343908946333645,33.0,222.0,343,295,638,255.0,11.482758620689655,-189.0,9.620991253644315,48.0,222.0,341,348,689,270.0,15.46589259796807,-174.0,14.076246334310852,43.0,291.0,334.0,19.612852664576803,-248.0,14.576271186440678,101.0,281.0,382.0,41.191582002902756,-180.0,29.022988505747126,-225.0,30.0,255.0
E02000337,Greenwich,3,2,36.29991576650645,30.83114061167296,198.0,180.0,0.20162932790224034,0.18329938900203666,-0.01832993890020368,-5.468775154833491,337.0,131.0,504,516,1020,468.0,43.28137254901961,206.0,66.86507936507937,192.0,58.0,359,372,731,250.0,15.233926128590971,134.0,53.48189415041783,342.0,117.0,459.0,39.22941176470588,225.0,66.27906976744185,284.0,120.0,404.0,46.621067031463745,164.0,76.34408602150538,214.0,241.0,27.0
E02000339,Greenwich,7,7,18.195884680067003,17.054623308390386,669.0,627.0,0.6812627291242362,0.6384928716904277,-0.04276985743380857,-1.1412613716766167,63.0,177.0,312,286,598,240.0,18.64715719063545,-114.0,20.192307692307693,66.0,154.0,341,280,621,220.0,16.367149758454108,-88.0,19.35483870967742,70.0,218.0,288.0,25.51839464882943,-148.0,24.475524475524477,105.0,247.0,352.0,41.76328502415459,-142.0,37.5,-52.0,87.0,139.0
E02000340,Greenwich,7,8,20.457196154730617,14.542221922588833,601.0,716.0,0.6120162932790224,0.7291242362525459,0.11710794297352345,-5.914974232141784,130.0,237.0,481,434,915,367.0,33.67213114754098,-107.0,27.027027027027028,169.0,246.0,533,427,960,415.0,43.30625,-77.0,31.70731707317073,157.0,305.0,462.0,52.333333333333336,-148.0,36.175115207373274,153.0,340.0,493.0,54.1875,-187.0,35.831381733021075,-158.0,119.0,277.0
E02000341,Greenwich,2,1,41.59666179617337,38.41635975012249,115.0,43.0,0.11710794297352342,0.04378818737270876,-0.07331975560081466,-3.1803020460508833,390.0,77.0,495,475,970,467.0,30.95876288659794,313.0,78.78787878787878,291.0,60.0,408,399,807,351.0,21.635687732342006,231.0,71.32352941176471,360.0,67.0,427.0,24.8659793814433,293.0,75.78947368421053,307.0,79.0,386.0,30.053283767038415,228.0,76.94235588972431,381.0,381.0,0.0
E02000342,Greenwich,5,5,25.139133582089553,21.596820544176094,469.0,472.0,0.4775967413441955,0.48065173116089616,0.0030549898167006595,-3.542313037913459,276.0,235.0,547,694,1241,511.0,52.26430298146656,41.0,50.45703839122486,226.0,196.0,494,502,996,422.0,44.47389558232932,30.0,45.74898785425101,416.0,225.0,641.0,75.42304593070105,191.0,59.94236311239193,274.0,233.0,507.0,64.09839357429719,41.0,54.581673306772906,64.0,229.0,165.0
E02000343,Greenwich,5,4,28.250860113857676,25.219478726483356,401.0,352.0,0.40835030549898166,0.35845213849287166,-0.049898167006109995,-3.0313813873743207,193.0,153.0,451,389,840,346.0,35.15357142857143,40.0,42.793791574279375,156.0,117.0,381,331,712,273.0,25.634831460674157,39.0,40.94488188976378,215.0,210.0,425.0,53.75,5.0,55.26992287917738,191.0,196.0,387.0,52.57865168539326,-5.0,57.70392749244713,125.0,203.0,78.0
E02000344,Greenwich,8,8,17.386526372318773,12.952855458119142,690.0,758.0,0.7026476578411406,0.7718940936863544,0.06924643584521384,-4.433670914199631,78.0,212.0,432,352,784,290.0,21.091836734693878,-134.0,18.055555555555554,80.0,178.0,391,317,708,258.0,20.112994350282484,-98.0,20.460358056265985,99.0,306.0,405.0,38.640306122448976,-207.0,28.125,118.0,253.0,371.0,42.166666666666664,-135.0,37.22397476340694,-78.0,91.0,169.0
E02000345,Hackney,3,3,36.00282053518895,28.995613425200965,202.0,231.0,0.20570264765784113,0.23523421588594703,0.029531568228105903,-7.007207109987988,160.0,414.0,628,681,1309,574.0,50.603514132925895,-254.0,25.477707006369428,149.0,440.0,474,798,1272,589.0,51.540880503144656,-291.0,31.434599156118143,200.0,422.0,622.0,64.47669977081742,-222.0,29.368575624082233,313.0,292.0,605.0,71.85220125786164,21.0,39.22305764411028,-175.0,125.0,300.0
E02000346,Hackney,1,1,52.96210919632336,47.16933467501491,10.0,3.0,0.010183299389002037,0.003054989816700611,-0.007128309572301426,-5.792774521308452,348.0,0.0,506,640,1146,348.0,0.0,348.0,68.77470355731225,843.0,0.0,1152,1064,2216,843.0,0.0,843.0,73.17708333333334,387.0,0.0,387.0,0.0,387.0,60.46875000000001,781.0,0.0,781.0,0.0,781.0,73.40225563909775,948.0,948.0,0.0
E02000347,Hackney,2,3,40.26683882855706,28.999221284954935,131.0,230.0,0.1334012219959267,0.23421588594704684,0.10081466395112015,-11.267617543602128,275.0,168.0,544,678,1222,443.0,37.806873977086745,107.0,50.55147058823529,308.0,179.0,539,638,1177,487.0,46.8411214953271,129.0,57.14285714285714,326.0,156.0,482.0,41.61702127659574,170.0,48.08259587020649,326.0,129.0,455.0,35.72982158028887,197.0,51.09717868338558,-5.0,236.0,241.0
E02000348,Hackney,1,2,43.1787800135468,33.21411143021252,86.0,119.0,0.08757637474541752,0.12118126272912423,0.03360488798370671,-9.96466858333428,423.0,0.0,632,797,1429,423.0,0.0,423.0,66.93037974683544,353.0,0.0,443,646,1089,353.0,0.0,353.0,79.68397291196389,556.0,0.0,556.0,0.0,556.0,69.76160602258469,441.0,0.0,441.0,0.0,441.0,68.26625386996903,155.0,298.0,143.0
E02000350,Hackney,4,4,31.046107553146708,24.30656054300436,335.0,381.0,0.3411405295315682,0.3879837067209776,0.04684317718940939,-6.739547010142349,161.0,891.0,1087,1160,2247,1052.0,63.8411214953271,-730.0,14.811407543698252,223.0,829.0,1180,1135,2315,1052.0,79.8561555075594,-606.0,18.89830508474576,173.0,733.0,906.0,56.434801958166446,-560.0,14.913793103448276,175.0,793.0,968.0,59.94600431965443,-618.0,15.418502202643172,-376.0,302.0,678.0
E02000351,Hackney,3,4,35.83492944151121,27.087761951219512,203.0,298.0,0.20672097759674135,0.3034623217922607,0.09674134419551933,-8.747167490291694,644.0,470.0,1388,1381,2769,1114.0,109.3102202961358,174.0,46.39769452449568,552.0,640.0,1359,1468,2827,1192.0,124.96639547223205,-88.0,40.618101545253865,720.0,534.0,1254.0,138.85157096424703,186.0,52.13613323678494,625.0,580.0,1205.0,128.22780332507958,45.0,42.57493188010899,-225.0,473.0,698.0
E02000352,Hackney,2,4,36.391342984163884,26.09956461286805,196.0,330.0,0.19959266802443992,0.3360488798370672,0.1364562118126273,-10.291778371295834,391.0,156.0,816,643,1459,547.0,41.8067169294037,235.0,47.91666666666667,334.0,144.0,644,669,1313,478.0,36.63061690784463,190.0,51.86335403726709,294.0,212.0,506.0,42.71967100753941,82.0,45.72317262830482,362.0,160.0,522.0,44.11271896420411,202.0,54.11061285500748,-167.0,192.0,359.0
E02000353,Hackney,4,5,31.078615128435654,23.555051141885325,334.0,401.0,0.34012219959266804,0.40835030549898166,0.06822810590631362,-7.523563986550329,243.0,672.0,1034,1041,2075,915.0,78.69686746987952,-429.0,23.500967117988395,192.0,691.0,987,1043,2030,883.0,65.35566502463054,-499.0,19.45288753799392,193.0,645.0,838.0,59.99277108433735,-452.0,18.539865513928913,186.0,655.0,841.0,60.01477832512315,-469.0,17.833173537871524,-645.0,147.0,792.0
E02000354,Hackney,1,1,50.85291586866291,34.86709130724555,17.0,80.0,0.017311608961303463,0.0814663951120163,0.06415478615071284,-15.98582456141736,778.0,0.0,1165,1103,2268,778.0,0.0,778.0,66.78111587982832,721.0,0.0,986,1227,2213,721.0,0.0,721.0,73.1237322515213,782.0,0.0,782.0,0.0,782.0,70.89755213055304,890.0,0.0,890.0,0.0,890.0,72.53463732681337,782.0,782.0,0.0
E02000355,Hackney,2,3,38.41368870005893,28.735513864628825,159.0,241.0,0.16191446028513237,0.2454175152749491,0.08350305498981672,-9.678174835430102,375.0,408.0,1029,956,1985,783.0,77.07808564231738,-33.0,36.44314868804665,323.0,372.0,889,1063,1952,695.0,61.55532786885246,-49.0,36.33295838020247,323.0,415.0,738.0,67.52896725440806,-92.0,33.78661087866109,433.0,349.0,782.0,77.41649590163935,84.0,40.733772342427095,-181.0,283.0,464.0
E02000356,Hackney,4,4,30.12409869044378,23.850553643998918,361.0,390.0,0.36761710794297353,0.3971486761710794,0.029531568228105876,-6.2735450464448625,156.0,526.0,882,811,1693,682.0,48.46780862374483,-370.0,17.687074829931973,213.0,627.0,910,888,1798,840.0,74.27753058954394,-414.0,23.406593406593405,175.0,604.0,779.0,62.43354991139988,-429.0,21.57829839704069,158.0,571.0,729.0,50.17686318131257,-413.0,17.792792792792792,-163.0,318.0,481.0
E02000357,Hackney,1,1,45.66032814639533,43.064232230301236,54.0,9.0,0.054989816700611,0.009164969450101833,-0.045824847250509164,-2.596095916094093,196.0,0.0,392,532,924,196.0,0.0,196.0,50.0,256.0,0.0,398,495,893,256.0,0.0,256.0,64.321608040201,298.0,0.0,298.0,0.0,298.0,56.015037593984964,332.0,0.0,332.0,0.0,332.0,67.07070707070707,284.0,284.0,0.0
E02000358,Hackney,2,2,41.26033902875746,32.00512557702171,119.0,150.0,0.12118126272912423,0.15274949083503056,0.03156822810590633,-9.255213451735749,694.0,441.0,1463,1489,2952,1135.0,103.67682926829268,253.0,47.43677375256323,668.0,428.0,1390,1432,2822,1096.0,101.31254429482637,240.0,48.05755395683453,725.0,421.0,1146.0,103.3960027100271,304.0,48.69039623908664,693.0,393.0,1086.0,96.50921332388377,300.0,48.39385474860335,606.0,882.0,276.0
E02000359,Hackney,2,2,38.15224604923264,30.71862104172832,163.0,183.0,0.1659877800407332,0.18635437881873726,0.020366598778004064,-7.433625007504318,226.0,301.0,726,737,1463,527.0,46.49760765550239,-75.0,31.129476584022036,269.0,307.0,698,841,1539,576.0,53.6601689408707,-38.0,38.53868194842407,233.0,313.0,546.0,49.84894053315106,-80.0,31.614654002713706,339.0,270.0,609.0,59.473684210526315,69.0,40.309155766944116,131.0,347.0,216.0
E02000360,Hackney,1,1,49.555161926142404,36.47772832221652,26.0,55.0,0.026476578411405296,0.0560081466395112,0.029531568228105907,-13.077433603925883,761.0,0.0,1155,1181,2336,761.0,0.0,761.0,65.88744588744588,684.0,0.0,1030,1185,2215,684.0,0.0,684.0,66.40776699029126,750.0,0.0,750.0,0.0,750.0,63.50550381033023,801.0,0.0,801.0,0.0,801.0,67.59493670886076,828.0,828.0,0.0
E02000361,Hackney,1,2,44.982477977748694,33.019894332939785,67.0,124.0,0.06822810590631365,0.12627291242362526,0.058044806517311615,-11.962583644808909,680.0,0.0,1058,1024,2082,680.0,0.0,680.0,64.27221172022685,879.0,0.0,1272,1302,2574,879.0,0.0,879.0,69.10377358490565,690.0,0.0,690.0,0.0,690.0,67.3828125,906.0,0.0,906.0,0.0,906.0,69.5852534562212,468.0,776.0,308.0
E02000362,Hackney,1,1,52.62552788621719,42.2926722417428,12.0,11.0,0.012219959266802444,0.01120162932790224,-0.0010183299389002042,-10.332855644474392,452.0,0.0,724,604,1328,452.0,0.0,452.0,62.430939226519335,546.0,0.0,840,779,1619,546.0,0.0,546.0,65.0,378.0,0.0,378.0,0.0,378.0,62.58278145695364,497.0,0.0,497.0,0.0,497.0,63.7997432605905,676.0,676.0,0.0
E02000363,Hackney,1,1,53.099016996772704,42.04983381974249,8.0,12.0,0.008146639511201629,0.012219959266802444,0.004073319755600815,-11.049183177030216,504.0,0.0,930,1047,1977,504.0,0.0,504.0,54.19354838709678,661.0,0.0,1109,991,2100,661.0,0.0,661.0,59.60324616771867,591.0,0.0,591.0,0.0,591.0,56.446991404011456,578.0,0.0,578.0,0.0,578.0,58.32492431886983,820.0,820.0,0.0
E02000364,Hackney,2,3,41.00117891169504,27.97226360338573,123.0,263.0,0.12525458248472504,0.26782077393075354,0.1425661914460285,-13.028915308309312,562.0,334.0,1327,1021,2348,896.0,79.94378194207836,228.0,42.351168048229084,476.0,383.0,1038,1189,2227,859.0,81.86259541984732,93.0,45.857418111753375,411.0,456.0,867.0,79.81942078364565,-45.0,40.25465230166503,533.0,317.0,850.0,75.86933093848226,216.0,44.827586206896555,-85.0,405.0,490.0
E02000365,Hackney,3,3,35.409901002830566,29.748566519224227,216.0,208.0,0.219959266802444,0.21181262729124237,-0.00814663951120162,-5.661334483606339,602.0,973.0,1768,1705,3473,1575.0,168.65706881658508,-371.0,34.04977375565611,728.0,1288.0,2160,2213,4373,2016.0,214.42122112965927,-560.0,33.7037037037037,533.0,981.0,1514.0,150.55369997120644,-448.0,31.26099706744868,710.0,1221.0,1931.0,198.2414818202607,-511.0,32.08314505196566,61.0,890.0,829.0
E02000366,Hackney,1,1,43.769296758280476,34.18647836512262,80.0,95.0,0.0814663951120163,0.09674134419551934,0.015274949083503048,-9.582818393157858,434.0,0.0,803,811,1614,434.0,0.0,434.0,54.04732254047323,480.0,0.0,741,749,1490,480.0,0.0,480.0,64.77732793522267,492.0,0.0,492.0,0.0,492.0,60.66584463625154,483.0,0.0,483.0,0.0,483.0,64.48598130841121,594.0,594.0,0.0
E02000367,Hackney,2,2,40.32211571800367,31.862224794895166,128.0,154.0,0.13034623217922606,0.15682281059063136,0.0264765784114053,-8.459890923108507,494.0,470.0,1285,1212,2497,964.0,92.98358029635563,24.0,38.44357976653697,680.0,506.0,1455,1478,2933,1186.0,117.31333106034776,174.0,46.735395189003434,473.0,543.0,1016.0,102.85903083700441,-70.0,39.026402640264024,597.0,499.0,1096.0,101.56938288441869,98.0,40.39242219215156,537.0,867.0,330.0
E02000368,Hackney,1,1,50.49459584356147,37.53115089163238,21.0,48.0,0.021384928716904276,0.048879837067209775,0.0274949083503055,-12.963444951929091,567.0,0.0,967,921,1888,567.0,0.0,567.0,58.63495346432265,612.0,0.0,957,969,1926,612.0,0.0,612.0,63.94984326018809,577.0,0.0,577.0,0.0,577.0,62.64929424538545,689.0,0.0,689.0,0.0,689.0,71.10423116615067,749.0,749.0,0.0
E02000369,Hackney,1,1,47.50930526651717,34.93833780442113,38.0,78.0,0.038696537678207736,0.07942973523421588,0.04073319755600815,-12.570967462096036,818.0,0.0,1221,1310,2531,818.0,0.0,818.0,66.994266994267,1112.0,0.0,1561,1666,3227,1112.0,0.0,1112.0,71.2363869314542,876.0,0.0,876.0,0.0,876.0,66.87022900763358,1169.0,0.0,1169.0,0.0,1169.0,70.16806722689076,1349.0,1349.0,0.0
E02000370,Hackney,1,2,47.87427375015058,32.319589783978394,34.0,141.0,0.034623217922606926,0.14358452138492872,0.1089613034623218,-15.554683966172185,583.0,0.0,804,834,1638,583.0,0.0,583.0,72.51243781094527,842.0,0.0,1092,977,2069,842.0,0.0,842.0,77.10622710622711,618.0,0.0,618.0,0.0,618.0,74.10071942446042,719.0,0.0,719.0,0.0,719.0,73.59263050153531,619.0,748.0,129.0
E02000371,Hackney,1,3,55.41682451982651,29.41761959430906,4.0,219.0,0.004073319755600814,0.2230142566191446,0.21894093686354377,-25.999204925517454,1249.0,0.0,1800,2302,4102,1249.0,0.0,1249.0,69.38888888888889,1821.0,0.0,2520,2496,5016,1821.0,0.0,1821.0,72.26190476190476,1639.0,0.0,1639.0,0.0,1639.0,71.1989574283232,1840.0,0.0,1840.0,0.0,1840.0,73.71794871794873,413.0,1264.0,851.0
E02000372,Hammersmith and Fulham,2,2,40.1093214506812,31.85196263832584,134.0,155.0,0.1364562118126273,0.15784114052953158,0.021384928716904283,-8.25735881235536,806.0,98.0,1053,950,2003,904.0,39.43484772840739,708.0,76.5432098765432,888.0,193.0,1156,1286,2442,1081.0,70.18181818181819,695.0,76.8166089965398,795.0,122.0,917.0,48.42236645032451,673.0,83.6842105263158,956.0,140.0,1096.0,54.80753480753481,816.0,74.33903576982893,707.0,865.0,158.0
E02000373,Hammersmith and Fulham,1,1,45.17235415440072,39.21332851333032,65.0,32.0,0.06619144602851323,0.032586558044806514,-0.03360488798370672,-5.959025641070404,552.0,0.0,582,618,1200,552.0,0.0,552.0,94.84536082474226,446.0,0.0,478,535,1013,446.0,0.0,446.0,93.30543933054393,572.0,0.0,572.0,0.0,572.0,92.55663430420712,496.0,0.0,496.0,0.0,496.0,92.71028037383178,422.0,422.0,0.0
E02000374,Hammersmith and Fulham,5,3,27.949637899272023,27.84842760791367,411.0,267.0,0.4185336048879837,0.27189409368635437,-0.14663951120162932,-0.10121029135835258,283.0,402.0,724,820,1544,685.0,73.68264248704664,-119.0,39.08839779005525,247.0,496.0,705,1005,1710,743.0,71.64444444444445,-249.0,35.0354609929078,341.0,363.0,704.0,80.17033678756476,-22.0,41.58536585365854,384.0,404.0,788.0,90.72280701754386,-20.0,38.2089552238806,124.0,366.0,242.0
E02000375,Hammersmith and Fulham,3,2,33.71317966420034,31.148660008684324,267.0,173.0,0.27189409368635437,0.17617107942973523,-0.09572301425661914,-2.5645196555160155,578.0,237.0,850,1059,1909,815.0,71.7579884756417,341.0,68.0,581.0,219.0,935,1031,1966,800.0,64.71973550356053,362.0,62.139037433155075,647.0,169.0,816.0,57.27763226820325,478.0,61.095372993389994,656.0,241.0,897.0,80.41505595116989,415.0,63.62754607177498,608.0,681.0,73.0
E02000376,Hammersmith and Fulham,2,2,36.466070608821404,30.261164242071576,193.0,196.0,0.19653767820773932,0.19959266802443992,0.003054989816700604,-6.204906366749828,786.0,91.0,937,1088,2025,877.0,35.321481481481484,695.0,83.88473852721452,772.0,125.0,994,1163,2157,897.0,44.73806212331942,647.0,77.66599597585513,925.0,81.0,1006.0,37.0,844.0,85.01838235294117,915.0,100.0,1015.0,42.42002781641168,815.0,78.67583834909716,553.0,704.0,151.0
E02000377,Hammersmith and Fulham,3,3,33.67802338597136,28.286956117515807,268.0,252.0,0.2729124236252546,0.25661914460285135,-0.01629327902240324,-5.391067268455551,685.0,211.0,1030,1104,2134,896.0,67.72961574507966,474.0,66.50485436893204,614.0,175.0,927,1091,2018,789.0,53.24578790882062,439.0,66.23516720604098,750.0,201.0,951.0,70.64198687910029,549.0,67.93478260869566,752.0,175.0,927.0,65.21308225966304,577.0,68.9275893675527,383.0,618.0,235.0
E02000378,Hammersmith and Fulham,4,5,28.716140857055404,23.67004650803461,387.0,395.0,0.3940936863543788,0.40224032586558045,0.008146639511201648,-5.046094349020795,526.0,356.0,811,963,1774,882.0,105.55580608793687,170.0,64.85819975339088,521.0,372.0,923,1018,1941,893.0,99.85162287480681,149.0,56.44637053087757,546.0,242.0,788.0,74.4825253664036,304.0,56.69781931464174,584.0,334.0,918.0,100.4925296239052,250.0,57.36738703339882,1.0,436.0,435.0
E02000379,Hammersmith and Fulham,6,6,23.287407983115685,19.271693340284113,522.0,566.0,0.5315682281059063,0.5763747454175153,0.044806517311609007,-4.015714642831572,317.0,403.0,1142,766,1908,720.0,66.95545073375263,-86.0,27.75831873905429,227.0,349.0,685,711,1396,576.0,56.75,-122.0,33.13868613138686,276.0,710.0,986.0,102.70440251572327,-434.0,36.0313315926893,296.0,365.0,661.0,77.39255014326648,-69.0,41.63150492264416,-32.0,287.0,319.0
E02000380,Hammersmith and Fulham,6,7,21.81896561316732,17.501367217062263,571.0,611.0,0.5814663951120163,0.6221995926680245,0.04073319755600824,-4.317598396105058,313.0,425.0,753,729,1482,738.0,89.76045883940621,-112.0,41.56706507304117,143.0,350.0,610,629,1239,493.0,40.3954802259887,-207.0,23.442622950819672,199.0,358.0,557.0,48.071524966261805,-159.0,27.29766803840878,193.0,371.0,564.0,57.7909604519774,-178.0,30.683624801271858,-296.0,115.0,411.0
E02000381,Hammersmith and Fulham,5,6,24.02875187821833,20.110977892695537,490.0,533.0,0.4989816700610998,0.5427698574338086,0.04378818737270879,-3.9177739855227927,571.0,435.0,1070,1105,2175,1006.0,114.2,136.0,53.364485981308405,440.0,377.0,854,932,1786,817.0,92.87793952967525,63.0,51.52224824355972,556.0,382.0,938.0,97.65149425287356,174.0,50.31674208144796,447.0,339.0,786.0,84.84490481522957,108.0,47.96137339055794,-70.0,388.0,458.0
E02000382,Hammersmith and Fulham,3,5,32.548242678774116,21.62350389071416,293.0,471.0,0.2983706720977597,0.47963340122199594,0.18126272912423624,-10.924738788059955,575.0,146.0,767,904,1671,721.0,50.2393776181927,429.0,74.96740547588006,555.0,92.0,766,737,1503,647.0,33.97205588822355,463.0,72.45430809399478,628.0,89.0,717.0,33.44823459006583,539.0,69.46902654867256,549.0,101.0,650.0,36.89221556886228,448.0,74.49118046132972,215.0,434.0,219.0
E02000383,Hammersmith and Fulham,6,7,22.857693903731978,17.56270871783737,537.0,607.0,0.5468431771894093,0.6181262729124236,0.07128309572301428,-5.294985185894607,547.0,661.0,1292,1321,2613,1208.0,138.37236892460774,-114.0,42.3374613003096,312.0,646.0,1176,1236,2412,958.0,83.56218905472637,-334.0,26.53061224489796,482.0,550.0,1032.0,101.45426712590891,-68.0,36.48750946252839,403.0,673.0,1076.0,112.44568822553897,-270.0,32.605177993527505,-482.0,233.0,715.0
E02000384,Hammersmith and Fulham,3,2,33.94453740846995,32.95610309278351,258.0,126.0,0.26272912423625255,0.12830957230142567,-0.13441955193482688,-0.9884343156864404,715.0,148.0,985,1017,2002,863.0,52.857142857142854,567.0,72.58883248730965,876.0,152.0,1200,1031,2231,1028.0,59.682653518601526,724.0,73.0,721.0,132.0,853.0,47.53846153846154,589.0,70.89478859390364,743.0,180.0,923.0,59.94621246077992,563.0,72.06595538312318,946.0,1004.0,58.0
E02000385,Hammersmith and Fulham,6,7,21.498481760791954,17.250843427620634,576.0,619.0,0.5865580448065173,0.630346232179226,0.04378818737270873,-4.24763833317132,413.0,472.0,983,1053,2036,885.0,95.74459724950884,-59.0,42.01424211597152,326.0,552.0,1043,1171,2214,878.0,81.27913279132791,-226.0,31.255992329817833,386.0,393.0,779.0,74.50785854616896,-7.0,36.65716999050333,432.0,557.0,989.0,108.6829268292683,-125.0,36.89154568744662,-380.0,255.0,635.0
E02000386,Hammersmith and Fulham,3,2,35.22844183259586,30.904684308148884,219.0,179.0,0.2230142566191446,0.18228105906313646,-0.04073319755600813,-4.323757524446979,714.0,126.0,889,1047,1936,840.0,46.46900826446281,588.0,80.31496062992126,683.0,118.0,927,1004,1931,801.0,41.7369238736406,565.0,73.67853290183388,813.0,83.0,896.0,34.854855371900825,730.0,77.65042979942693,763.0,141.0,904.0,55.713619886069395,622.0,75.99601593625498,725.0,781.0,56.0
E02000387,Hammersmith and Fulham,5,5,27.740441570471937,22.140879927726676,417.0,451.0,0.42464358452138495,0.4592668024439919,0.03462321792260692,-5.599561642745261,498.0,329.0,904,929,1833,827.0,89.38461538461539,169.0,55.088495575221245,453.0,308.0,897,937,1834,761.0,76.07633587786259,145.0,50.50167224080268,462.0,298.0,760.0,75.10965630114566,164.0,49.730893433799785,505.0,338.0,843.0,93.06979280261723,167.0,53.89541088580576,227.0,510.0,283.0
E02000388,Hammersmith and Fulham,5,6,25.665795541331384,19.704416081375637,457.0,546.0,0.4653767820773931,0.5560081466395111,0.09063136456211807,-5.961379459955747,722.0,292.0,1104,1166,2270,1014.0,92.87400881057269,430.0,65.39855072463769,786.0,360.0,1340,1349,2689,1146.0,105.2287095574563,426.0,58.656716417910445,735.0,259.0,994.0,83.86123348017621,476.0,63.0360205831904,840.0,397.0,1237.0,124.01636296020826,443.0,62.268346923647144,186.0,649.0,463.0
E02000389,Hammersmith and Fulham,8,9,15.466655147183525,11.327990161545001,740.0,814.0,0.7535641547861507,0.8289205702647657,0.07535641547861505,-4.138664985638524,155.0,696.0,1078,1026,2104,851.0,51.27376425855513,-541.0,14.37847866419295,163.0,802.0,1279,1083,2362,965.0,55.345469940728194,-639.0,12.744331508991399,145.0,757.0,902.0,52.16967680608365,-612.0,14.132553606237815,145.0,947.0,1092.0,58.1350550381033,-802.0,13.388734995383194,-795.0,80.0,875.0
E02000390,Hammersmith and Fulham,6,6,23.861172298387096,18.475516601101493,496.0,583.0,0.505091649694501,0.5936863543788188,0.08859470468431774,-5.385655697285603,368.0,491.0,919,1132,2051,859.0,88.09751340809362,-123.0,40.04352557127312,323.0,411.0,929,1001,1930,734.0,68.7839378238342,-88.0,34.76856835306781,420.0,344.0,764.0,70.44368600682594,76.0,37.102473498233216,365.0,392.0,757.0,74.13471502590673,-27.0,36.463536463536464,168.0,487.0,319.0
E02000391,Hammersmith and Fulham,6,7,23.706305313753393,17.440295185278547,502.0,612.0,0.5112016293279023,0.6232179226069247,0.1120162932790224,-6.266010128474846,399.0,384.0,865,990,1855,783.0,82.59622641509434,15.0,46.127167630057805,378.0,392.0,981,952,1933,770.0,76.65597516813244,-14.0,38.53211009174312,347.0,281.0,628.0,52.564420485175205,66.0,35.05050505050505,361.0,356.0,717.0,66.48525607863425,5.0,37.92016806722689,-121.0,326.0,447.0
E02000392,Hammersmith and Fulham,6,7,22.00896198893297,17.88842457381795,562.0,598.0,0.5723014256619144,0.6089613034623218,0.03665987780040736,-4.12053741511502,484.0,475.0,1211,1342,2553,959.0,90.05092048570309,9.0,39.96696944673823,492.0,539.0,1315,1348,2663,1031.0,99.58242583552385,-47.0,37.41444866920152,569.0,423.0,992.0,94.27614571092832,146.0,42.399403874813714,518.0,535.0,1053.0,104.06684190762299,-17.0,38.4272997032641,-234.0,428.0,662.0
E02000393,Hammersmith and Fulham,8,9,16.41308392969657,9.297754901960785,717.0,882.0,0.730142566191446,0.8981670061099797,0.16802443991853366,-7.115329027735784,137.0,623.0,883,956,1839,760.0,46.41163675910821,-486.0,15.51528878822197,106.0,590.0,894,880,1774,696.0,35.253664036076664,-484.0,11.856823266219239,123.0,585.0,708.0,39.127243066884176,-462.0,12.866108786610878,132.0,641.0,773.0,47.695603156708,-509.0,15.0,-567.0,65.0,632.0
E02000394,Hammersmith and Fulham,5,6,27.32203105022831,19.704611542473057,423.0,545.0,0.43075356415478616,0.554989816700611,0.12423625254582482,-7.617419507755255,587.0,243.0,948,960,1908,830.0,74.75943396226415,344.0,61.9198312236287,755.0,237.0,1295,946,2241,992.0,79.84605087014725,518.0,58.301158301158296,614.0,219.0,833.0,70.4748427672956,395.0,63.95833333333333,612.0,390.0,1002.0,106.50602409638554,222.0,64.69344608879493,358.0,649.0,291.0
E02000395,Hammersmith and Fulham,8,9,14.64093596874475,10.788867529880477,759.0,834.0,0.7729124236252546,0.8492871690427699,0.07637474541751532,-3.852068438864272,97.0,450.0,741,736,1477,547.0,29.55314827352742,-353.0,13.090418353576247,121.0,559.0,753,829,1582,680.0,42.755372945638435,-438.0,16.06905710491368,134.0,504.0,638.0,45.725118483412324,-370.0,18.206521739130434,130.0,513.0,643.0,42.15549936788875,-383.0,15.681544028950542,-551.0,57.0,608.0
E02000396,Hammersmith and Fulham,6,7,22.724394254485148,18.11127878699092,542.0,590.0,0.5519348268839104,0.6008146639511202,0.048879837067209775,-4.613115467494229,289.0,336.0,704,779,1483,625.0,65.47808496291302,-47.0,41.05113636363637,244.0,285.0,707,767,1474,529.0,47.17774762550882,-41.0,34.51202263083451,279.0,258.0,537.0,48.53809844908968,21.0,35.815147625160456,274.0,287.0,561.0,53.350067842605156,-13.0,35.72359843546285,-129.0,214.0,343.0
E02000397,Haringey,3,4,34.33681337939859,26.154820830824807,247.0,325.0,0.2515274949083503,0.33095723014256617,0.07942973523421587,-8.181992548573785,452.0,304.0,1001,909,1910,756.0,71.9413612565445,148.0,45.154845154845155,423.0,296.0,848,922,1770,719.0,70.73898305084745,127.0,49.88207547169811,519.0,414.0,933.0,112.49528795811518,105.0,57.0957095709571,521.0,322.0,843.0,94.78079096045198,199.0,56.50759219088937,69.0,393.0,324.0
E02000398,Haringey,1,1,52.991245678787024,49.73926438589592,9.0,1.0,0.009164969450101833,0.0010183299389002036,-0.008146639511201629,-3.2519812928911023,426.0,0.0,793,753,1546,426.0,0.0,426.0,53.72005044136192,321.0,0.0,522,726,1248,321.0,0.0,321.0,61.49425287356321,428.0,0.0,428.0,0.0,428.0,56.83930942895087,492.0,0.0,492.0,0.0,492.0,67.76859504132231,311.0,311.0,0.0
E02000400,Haringey,4,5,29.155888718049034,21.73250910636231,381.0,464.0,0.3879837067209776,0.4725050916496945,0.08452138492871691,-7.423379611686723,307.0,315.0,748,736,1484,622.0,65.16509433962264,-8.0,41.0427807486631,292.0,283.0,630,699,1329,575.0,62.1790820165538,9.0,46.34920634920635,350.0,382.0,732.0,90.09433962264151,-32.0,47.55434782608695,356.0,265.0,621.0,70.9857035364936,91.0,50.92989985693849,-70.0,268.0,338.0
E02000401,Haringey,1,1,47.120221287496285,43.1129188879335,40.0,8.0,0.04073319755600815,0.008146639511201629,-0.03258655804480652,-4.007302399562782,283.0,0.0,496,528,1024,283.0,0.0,283.0,57.056451612903224,336.0,0.0,502,394,896,336.0,0.0,336.0,66.93227091633466,382.0,0.0,382.0,0.0,382.0,72.34848484848484,302.0,0.0,302.0,0.0,302.0,76.6497461928934,355.0,355.0,0.0
E02000402,Haringey,1,1,52.913019351948634,41.390514294222754,11.0,15.0,0.01120162932790224,0.015274949083503055,0.004073319755600815,-11.52250505772588,365.0,0.0,576,574,1150,365.0,0.0,365.0,63.36805555555556,289.0,0.0,416,622,1038,289.0,0.0,289.0,69.47115384615384,355.0,0.0,355.0,0.0,355.0,61.846689895470384,424.0,0.0,424.0,0.0,424.0,68.16720257234726,263.0,263.0,0.0
E02000403,Haringey,3,4,35.738222944853455,25.146772575679837,207.0,355.0,0.21079429735234215,0.3615071283095723,0.15071283095723018,-10.591450369173618,419.0,432.0,1123,1118,2241,851.0,80.7710843373494,-13.0,37.31077471059662,378.0,362.0,824,878,1702,740.0,80.39717978848414,16.0,45.87378640776699,515.0,560.0,1075.0,128.6925479696564,-45.0,46.06440071556351,418.0,337.0,755.0,82.76498237367802,81.0,47.60820045558087,-48.0,330.0,378.0
E02000404,Haringey,2,2,41.70488055092276,31.824714052697615,114.0,157.0,0.11608961303462322,0.159877800407332,0.04378818737270877,-9.880166498225144,418.0,246.0,817,876,1693,664.0,60.73715298287065,172.0,51.162790697674424,273.0,192.0,585,863,1448,465.0,36.19889502762431,81.0,46.666666666666664,463.0,234.0,697.0,63.99409332545777,229.0,52.853881278538815,502.0,184.0,686.0,63.790055248618785,318.0,58.16917728852838,153.0,334.0,181.0
E02000405,Haringey,7,9,19.009153211667684,11.869625451263536,640.0,795.0,0.6517311608961304,0.8095723014256619,0.15784114052953158,-7.139527760404148,142.0,293.0,546,495,1041,435.0,39.96733909702209,-151.0,26.00732600732601,92.0,290.0,561,439,1000,382.0,26.68,-198.0,16.39928698752228,132.0,329.0,461.0,41.71757925072046,-197.0,26.666666666666668,84.0,375.0,459.0,31.5,-291.0,19.134396355353076,-378.0,8.0,386.0
E02000406,Haringey,2,2,42.50844688113879,33.5264641025641,101.0,109.0,0.10285132382892057,0.1109979633401222,0.008146639511201634,-8.98198277857469,321.0,232.0,727,836,1563,553.0,47.6468330134357,89.0,44.15405777166438,370.0,183.0,706,838,1544,553.0,43.85362694300518,187.0,52.40793201133145,444.0,224.0,668.0,63.63147792706334,220.0,53.110047846889955,457.0,173.0,630.0,51.20531088082902,284.0,54.534606205250604,308.0,483.0,175.0
E02000407,Haringey,1,1,50.661455530634576,40.34503501544799,19.0,21.0,0.019348268839103868,0.021384928716904276,0.0020366598778004084,-10.316420515186586,453.0,0.0,763,944,1707,453.0,0.0,453.0,59.37090432503277,385.0,0.0,652,1005,1657,385.0,0.0,385.0,59.04907975460123,595.0,0.0,595.0,0.0,595.0,63.029661016949156,661.0,0.0,661.0,0.0,661.0,65.77114427860697,422.0,422.0,0.0
E02000408,Haringey,1,1,50.07155350761955,37.74927442852067,23.0,47.0,0.023421588594704685,0.04786150712830957,0.024439918533604884,-12.322279079098877,556.0,0.0,832,717,1549,556.0,0.0,556.0,66.82692307692307,346.0,0.0,578,710,1288,346.0,0.0,346.0,59.86159169550172,407.0,0.0,407.0,0.0,407.0,56.76429567642957,451.0,0.0,451.0,0.0,451.0,63.521126760563384,371.0,371.0,0.0
E02000409,Haringey,1,1,44.63015176957255,39.809839622641505,73.0,24.0,0.07433808553971487,0.024439918533604887,-0.04989816700610998,-4.820312146931045,376.0,0.0,554,668,1222,376.0,0.0,376.0,67.87003610108303,380.0,0.0,560,629,1189,380.0,0.0,380.0,67.85714285714286,427.0,0.0,427.0,0.0,427.0,63.92215568862275,458.0,0.0,458.0,0.0,458.0,72.81399046104929,420.0,420.0,0.0
E02000410,Haringey,8,9,17.173730023905573,11.072047169811322,696.0,826.0,0.7087576374745418,0.8411405295315683,0.13238289205702647,-6.101682854094252,60.0,598.0,853,791,1644,658.0,21.824817518248175,-538.0,7.033997655334115,39.0,457.0,596,608,1204,496.0,14.803156146179402,-418.0,6.543624161073826,77.0,695.0,772.0,32.55170316301703,-618.0,9.734513274336283,78.0,494.0,572.0,32.00332225913621,-416.0,12.828947368421053,-479.0,19.0,498.0
E02000411,Haringey,2,2,41.03240491814278,32.82515801935351,121.0,129.0,0.12321792260692464,0.13136456211812628,0.008146639511201634,-8.207246898789272,347.0,299.0,777,911,1688,646.0,61.46504739336493,48.0,44.65894465894466,546.0,345.0,1066,1201,2267,891.0,83.09219232465814,201.0,51.21951219512195,475.0,271.0,746.0,76.25888625592417,204.0,52.14050493962679,631.0,351.0,982.0,97.69783855315394,280.0,52.539550374687764,354.0,629.0,275.0
E02000412,Haringey,1,1,47.732441232282326,34.36582609266308,36.0,94.0,0.03665987780040733,0.09572301425661914,0.05906313645621181,-13.366615139619249,676.0,0.0,871,933,1804,676.0,0.0,676.0,77.61194029850746,715.0,0.0,864,911,1775,715.0,0.0,715.0,82.75462962962963,786.0,0.0,786.0,0.0,786.0,84.2443729903537,777.0,0.0,777.0,0.0,777.0,85.29088913282108,720.0,720.0,0.0
E02000413,Haringey,7,8,19.336452817333335,15.14302187168611,632.0,698.0,0.6435845213849287,0.7107942973523421,0.0672097759674134,-4.193430945647226,220.0,325.0,787,707,1494,545.0,47.85809906291834,-105.0,27.95425667090216,154.0,335.0,603,587,1190,489.0,43.35294117647059,-181.0,25.538971807628524,277.0,442.0,719.0,81.95046854082999,-165.0,39.17963224893918,164.0,339.0,503.0,46.719327731092434,-175.0,27.938671209540033,-216.0,135.0,351.0
E02000414,Haringey,2,3,39.15834078929019,29.478185814455234,150.0,217.0,0.15274949083503056,0.2209775967413442,0.06822810590631365,-9.68015497483496,389.0,326.0,885,928,1813,715.0,69.94704908990623,63.0,43.954802259887,252.0,307.0,671,911,1582,559.0,48.902654867256636,-55.0,37.5558867362146,420.0,315.0,735.0,72.97297297297297,105.0,45.258620689655174,431.0,281.0,712.0,76.55562579013906,150.0,47.310647639956095,-191.0,243.0,434.0
E02000415,Haringey,2,3,38.11587008327246,27.363437377963738,166.0,289.0,0.1690427698574338,0.29429735234215887,0.12525458248472507,-10.752432705308724,397.0,283.0,829,1007,1836,680.0,61.19335511982571,114.0,47.88902291917974,431.0,229.0,906,863,1769,660.0,55.79366873940079,202.0,47.57174392935982,530.0,224.0,754.0,64.66230936819171,306.0,52.63157894736842,464.0,270.0,734.0,70.81967213114754,194.0,53.76593279258402,135.0,428.0,293.0
E02000416,Haringey,4,3,32.02049718120805,28.27418700231184,311.0,254.0,0.3167006109979633,0.25865580448065173,-0.05804480651731159,-3.746310178896209,416.0,371.0,876,822,1698,787.0,90.89281507656067,45.0,47.48858447488584,367.0,317.0,916,776,1692,684.0,68.75827423167848,50.0,40.06550218340612,360.0,373.0,733.0,79.08127208480565,-13.0,43.79562043795621,370.0,467.0,837.0,102.12174940898345,-97.0,47.680412371134025,430.0,575.0,145.0
E02000417,Haringey,7,8,19.737971270221692,13.702921983624284,621.0,741.0,0.6323828920570265,0.754582484725051,0.12219959266802449,-6.035049286597408,198.0,409.0,774,753,1527,607.0,53.03339882121807,-211.0,25.581395348837212,154.0,341.0,645,599,1244,495.0,42.21382636655949,-187.0,23.875968992248062,187.0,444.0,631.0,54.37328094302554,-257.0,24.833997343957503,158.0,372.0,530.0,47.247588424437296,-214.0,26.37729549248748,-222.0,130.0,352.0
E02000418,Haringey,7,9,19.008149978217464,11.936608213481199,641.0,790.0,0.6527494908350305,0.8044806517311609,0.15173116089613037,-7.071541764736265,56.0,338.0,446,515,961,394.0,19.69614984391259,-282.0,12.556053811659194,49.0,238.0,368,336,704,287.0,16.56534090909091,-189.0,13.31521739130435,98.0,310.0,408.0,31.612903225806452,-212.0,19.02912621359223,42.0,264.0,306.0,15.75,-222.0,12.5,-284.0,13.0,297.0
E02000419,Haringey,2,4,39.94239960656142,25.24468995042812,137.0,350.0,0.1395112016293279,0.3564154786150713,0.21690427698574338,-14.697709656133302,784.0,400.0,1320,1483,2803,1184.0,111.8801284338209,384.0,59.3939393939394,650.0,334.0,1361,1236,2597,984.0,83.5964574509049,316.0,47.75900073475386,811.0,250.0,1061.0,72.33321441312879,561.0,54.68644639244774,693.0,416.0,1109.0,111.00808625336927,277.0,56.067961165048544,-127.0,454.0,581.0
E02000420,Haringey,1,1,43.84638246232508,36.060579013430406,79.0,62.0,0.08044806517311609,0.06313645621181263,-0.01731160896130346,-7.785803448894676,534.0,0.0,874,998,1872,534.0,0.0,534.0,61.098398169336384,529.0,0.0,805,1062,1867,529.0,0.0,529.0,65.71428571428571,639.0,0.0,639.0,0.0,639.0,64.02805611222445,723.0,0.0,723.0,0.0,723.0,68.07909604519774,571.0,571.0,0.0
E02000421,Haringey,1,1,48.925301386401784,41.38769233822945,28.0,16.0,0.028513238289205704,0.016293279022403257,-0.012219959266802447,-7.537609048172335,454.0,0.0,700,887,1587,454.0,0.0,454.0,64.85714285714286,558.0,0.0,813,994,1807,558.0,0.0,558.0,68.63468634686348,585.0,0.0,585.0,0.0,585.0,65.95264937993235,678.0,0.0,678.0,0.0,678.0,68.2092555331992,599.0,599.0,0.0
E02000422,Haringey,1,3,45.8268478913738,29.55728720009455,53.0,215.0,0.0539714867617108,0.2189409368635438,0.164969450101833,-16.269560691279253,563.0,0.0,862,886,1748,563.0,0.0,563.0,65.31322505800465,454.0,0.0,650,947,1597,454.0,0.0,454.0,69.84615384615384,553.0,0.0,553.0,0.0,553.0,62.41534988713319,671.0,0.0,671.0,0.0,671.0,70.85533262935586,-49.0,279.0,328.0
E02000423,Haringey,2,5,38.3061067870248,23.014229825517994,161.0,420.0,0.16395112016293278,0.42769857433808556,0.2637474541751528,-15.291876961506809,537.0,295.0,989,1191,2180,832.0,72.66743119266054,242.0,54.29726996966633,524.0,296.0,1042,1225,2267,820.0,68.41817379797088,228.0,50.287907869481764,591.0,233.0,824.0,63.16651376146789,358.0,49.622166246851386,667.0,298.0,965.0,87.67798853109836,369.0,54.44897959183673,-696.0,162.0,858.0
E02000424,Haringey,5,6,28.17584476799111,19.608352853463465,404.0,550.0,0.41140529531568226,0.560081466395112,0.14867617107942976,-8.567491914527643,354.0,427.0,891,794,1685,781.0,89.7080118694362,-73.0,39.73063973063973,243.0,405.0,691,672,1363,648.0,72.20469552457814,-162.0,35.166425470332854,334.0,496.0,830.0,98.31691394658753,-162.0,42.0654911838791,254.0,417.0,671.0,77.70946441672781,-163.0,37.797619047619044,-179.0,226.0,405.0
E02000425,Haringey,4,3,31.703127177508268,27.75180733118971,319.0,273.0,0.32484725050916496,0.2780040733197556,-0.04684317718940939,-3.951319846318558,91.0,477.0,459,695,1154,568.0,37.614384748700175,-386.0,19.825708061002178,56.0,473.0,539,660,1199,529.0,22.091743119266056,-417.0,10.38961038961039,178.0,339.0,517.0,52.2894280762565,-161.0,25.611510791366904,150.0,452.0,602.0,56.54712260216847,-302.0,22.727272727272727,-189.0,111.0,300.0
E02000426,Haringey,7,8,17.60046325211707,15.292752093537684,687.0,691.0,0.6995926680244399,0.7036659877800407,0.004073319755600879,-2.3077111585793855,240.0,359.0,860,679,1539,599.0,55.98440545808967,-119.0,27.906976744186046,208.0,296.0,609,553,1162,504.0,52.984509466437174,-88.0,34.15435139573071,236.0,467.0,703.0,71.6127355425601,-231.0,34.75699558173785,179.0,317.0,496.0,48.832185886402755,-138.0,32.368896925858955,-195.0,129.0,324.0
E02000427,Haringey,3,4,33.551083023052236,25.72474003121896,272.0,338.0,0.2769857433808554,0.34419551934826886,0.06720977596741345,-7.826342991833275,414.0,470.0,1020,1058,2078,884.0,93.6381135707411,-56.0,40.588235294117645,383.0,513.0,1010,1097,2107,896.0,93.25059326056004,-130.0,37.92079207920792,429.0,448.0,877.0,92.48893166506257,-19.0,40.54820415879017,462.0,462.0,924.0,101.30232558139535,0.0,42.11485870556062,-100.0,365.0,465.0
E02000428,Haringey,1,2,44.82291281828539,31.039075784412955,69.0,175.0,0.07026476578411406,0.17820773930753564,0.10794297352342158,-13.783837033872434,589.0,0.0,839,874,1713,589.0,0.0,589.0,70.20262216924911,591.0,0.0,860,1177,2037,591.0,0.0,591.0,68.72093023255815,660.0,0.0,660.0,0.0,660.0,75.51487414187643,869.0,0.0,869.0,0.0,869.0,73.83177570093457,284.0,546.0,262.0
E02000429,Haringey,7,8,18.57984607267951,13.435188500212433,655.0,750.0,0.6670061099796334,0.7637474541751528,0.09674134419551939,-5.144657572467075,146.0,515.0,856,844,1700,661.0,44.22941176470588,-369.0,17.056074766355138,112.0,382.0,615,633,1248,494.0,34.282051282051285,-270.0,18.211382113821138,179.0,606.0,785.0,63.808235294117644,-427.0,21.208530805687204,138.0,449.0,587.0,49.64903846153846,-311.0,21.80094786729858,-295.0,49.0,344.0
E02000430,Haringey,6,8,23.90255175138196,15.082182035928144,494.0,700.0,0.5030549898167006,0.7128309572301426,0.20977596741344195,-8.820369715453817,287.0,595.0,1136,944,2080,882.0,82.0985576923077,-308.0,25.264084507042256,186.0,495.0,838,761,1599,681.0,57.5797373358349,-309.0,22.195704057279237,290.0,789.0,1079.0,110.0048076923077,-499.0,30.720338983050848,195.0,589.0,784.0,71.82926829268293,-394.0,25.624178712220765,-524.0,64.0,588.0
E02000431,Haringey,8,8,16.996010210919973,13.944561375321337,704.0,731.0,0.7169042769857433,0.7443991853360489,0.027494908350305547,-3.0514488355986362,103.0,662.0,1001,848,1849,765.0,36.87723093564089,-559.0,10.289710289710289,73.0,612.0,750,768,1518,685.0,29.43083003952569,-539.0,9.733333333333333,100.0,803.0,903.0,43.428880475932935,-703.0,11.79245283018868,83.0,604.0,687.0,33.025032938076414,-521.0,10.807291666666668,-369.0,96.0,465.0
E02000432,Haringey,4,5,30.63143572358227,23.337715896802102,347.0,411.0,0.3533604887983707,0.4185336048879837,0.06517311608961301,-7.293719826780169,304.0,477.0,941,882,1823,781.0,79.54360943499725,-173.0,32.30605738575983,257.0,470.0,818,814,1632,727.0,74.01348039215686,-213.0,31.41809290953545,313.0,526.0,839.0,90.31157432803072,-213.0,35.487528344671205,250.0,446.0,696.0,68.32107843137256,-196.0,30.71253071253071,-218.0,258.0,476.0
E02000433,Harrow,9,8,11.53463865794952,12.482092947513467,850.0,776.0,0.8655804480651731,0.790224032586558,-0.07535641547861505,0.9474542895639466,25.0,351.0,457,498,955,376.0,9.188481675392671,-326.0,5.470459518599562,21.0,243.0,566,362,928,264.0,5.498922413793103,-222.0,3.7102473498233217,26.0,333.0,359.0,9.065968586387434,-307.0,5.220883534136546,37.0,420.0,457.0,16.745689655172413,-383.0,10.220994475138122,-87.0,104.0,191.0
E02000434,Harrow,9,8,13.2238975482068,14.779285080601536,791.0,709.0,0.8054989816700611,0.7219959266802444,-0.0835030549898167,1.555387532394736,15.0,353.0,838,451,1289,368.0,4.107835531419705,-338.0,1.7899761336515514,42.0,495.0,591,658,1249,537.0,16.645316253002402,-453.0,7.1065989847715745,20.0,675.0,695.0,10.47323506594259,-655.0,4.434589800443459,37.0,461.0,498.0,13.65652522017614,-424.0,5.623100303951368,-280.0,136.0,416.0
E02000435,Harrow,6,6,21.479885861836788,20.201595351162208,577.0,530.0,0.5875763747454175,0.539714867617108,-0.0478615071283095,-1.27829051067458,345.0,55.0,535,397,932,400.0,20.359442060085836,290.0,64.48598130841121,335.0,74.0,486,443,929,409.0,26.68460710441335,261.0,68.93004115226337,316.0,129.0,445.0,43.738197424892704,187.0,79.59697732997482,322.0,82.0,404.0,28.421959095801938,240.0,72.686230248307,168.0,296.0,128.0
E02000436,Harrow,10,10,7.799240358180561,7.798958944793851,940.0,927.0,0.9572301425661914,0.9439918533604889,-0.01323828920570258,-0.00028141338670995,0.0,239.0,312,264,576,239.0,0.0,-239.0,0.0,0.0,238.0,246,270,516,238.0,0.0,-238.0,0.0,0.0,276.0,276.0,0.0,-276.0,0.0,0.0,219.0,219.0,0.0,-219.0,0.0,-244.0,0.0,244.0
E02000437,Harrow,8,7,17.329681172257374,16.723624657534245,693.0,637.0,0.7057026476578412,0.6486761710794298,-0.05702647657841142,-0.6060565147231287,99.0,249.0,568,460,1028,348.0,23.979571984435797,-150.0,17.429577464788732,138.0,275.0,562,432,994,413.0,38.17907444668008,-137.0,24.555160142348754,149.0,387.0,536.0,56.09241245136187,-238.0,32.391304347826086,109.0,354.0,463.0,38.818913480885314,-245.0,25.23148148148148,-21.0,197.0,218.0
E02000438,Harrow,7,7,18.64691396017699,17.792472801788378,653.0,603.0,0.664969450101833,0.6140529531568228,-0.050916496945010103,-0.8544411583886138,318.0,111.0,599,402,1001,429.0,35.26273726273726,207.0,53.08848080133556,214.0,141.0,518,403,921,355.0,32.762214983713356,73.0,41.312741312741316,236.0,218.0,454.0,51.396603396603396,18.0,58.70646766169154,194.0,245.0,439.0,51.606948968512484,-51.0,48.13895781637717,36.0,187.0,151.0
E02000439,Harrow,7,6,18.815433906897393,18.491538833832678,645.0,582.0,0.6568228105906314,0.5926680244399185,-0.0641547861507129,-0.32389507306471543,201.0,344.0,660,692,1352,545.0,51.142011834319526,-143.0,30.454545454545457,227.0,273.0,630,613,1243,500.0,49.855993563958165,-46.0,36.03174603174603,277.0,365.0,642.0,74.78180473372781,-88.0,40.028901734104046,275.0,329.0,604.0,72.78761061946902,-54.0,44.86133768352366,105.0,281.0,176.0
E02000440,Harrow,9,9,10.988669098860905,10.34400540709161,865.0,847.0,0.8808553971486762,0.8625254582484725,-0.018329938900203735,-0.6446636917692956,18.0,397.0,586,531,1117,415.0,6.397493285586392,-379.0,3.0716723549488054,10.0,396.0,451,527,978,406.0,4.049079754601227,-386.0,2.2172949002217295,31.0,476.0,507.0,13.210384959713519,-445.0,5.83804143126177,42.0,331.0,373.0,14.214723926380367,-289.0,7.969639468690702,-446.0,7.0,453.0
E02000441,Harrow,8,7,17.097776022341375,16.71795202528009,701.0,638.0,0.7138492871690427,0.6496945010183299,-0.0641547861507128,-0.37982399706128334,200.0,135.0,499,382,881,335.0,30.64699205448354,65.0,40.08016032064128,130.0,128.0,448,307,755,258.0,22.039735099337747,2.0,29.017857142857146,156.0,187.0,343.0,33.11237230419977,-31.0,40.83769633507853,118.0,251.0,369.0,39.22913907284768,-133.0,38.43648208469055,94.0,190.0,96.0
E02000442,Harrow,8,8,15.935836328968527,14.42063598736521,732.0,718.0,0.745417515274949,0.7311608961303462,-0.014256619144602856,-1.5152003416033164,80.0,457.0,655,774,1429,537.0,25.584324702589225,-377.0,12.213740458015266,99.0,401.0,705,625,1330,500.0,29.848872180451128,-302.0,14.042553191489363,195.0,455.0,650.0,62.0888733379986,-260.0,25.1937984496124,131.0,492.0,623.0,48.46015037593985,-361.0,20.96,-309.0,111.0,420.0
E02000443,Harrow,5,5,24.856736410770857,22.047791874480463,473.0,456.0,0.4816700610997963,0.46435845213849286,-0.01731160896130346,-2.8089445362903938,627.0,85.0,791,723,1514,712.0,35.20145310435932,542.0,79.26675094816687,679.0,98.0,930,742,1672,777.0,39.797846889952154,581.0,73.01075268817205,595.0,98.0,693.0,38.513870541611624,497.0,82.29598893499308,592.0,108.0,700.0,38.239234449760765,484.0,79.78436657681941,467.0,581.0,114.0
E02000444,Harrow,8,9,14.723768286857275,11.777869234264939,756.0,798.0,0.769857433808554,0.8126272912423625,0.04276985743380857,-2.9458990525923365,109.0,268.0,484,582,1066,377.0,27.403377110694183,-159.0,22.520661157024794,85.0,367.0,517,651,1168,452.0,26.70804794520548,-282.0,16.44100580270793,192.0,303.0,495.0,54.574108818011254,-111.0,32.98969072164948,132.0,332.0,464.0,37.52054794520548,-200.0,20.276497695852534,-516.0,12.0,528.0
E02000445,Harrow,6,5,23.0488439297561,21.70237862385321,532.0,467.0,0.5417515274949084,0.4755600814663951,-0.06619144602851329,-1.346465305902889,586.0,256.0,994,924,1918,842.0,78.2148070907195,330.0,58.95372233400402,476.0,249.0,837,805,1642,725.0,72.18270401948843,227.0,56.86977299880526,586.0,321.0,907.0,98.0740354535975,265.0,63.41991341991342,485.0,290.0,775.0,85.65773447015835,195.0,60.24844720496895,452.0,551.0,99.0
E02000447,Harrow,9,8,11.351524003400398,12.470775442637109,858.0,778.0,0.8737270875763747,0.7922606924643585,-0.08146639511201625,1.1192514392367112,34.0,257.0,346,397,743,291.0,11.76043068640646,-223.0,9.826589595375722,47.0,316.0,624,421,1045,363.0,14.212440191387559,-269.0,7.532051282051282,62.0,274.0,336.0,22.86406460296097,-212.0,15.617128463476071,62.0,477.0,539.0,28.30047846889952,-415.0,14.726840855106888,-173.0,94.0,267.0
E02000448,Harrow,10,10,8.592813232946845,6.753953759723423,926.0,952.0,0.9429735234215886,0.9694501018329938,0.02647657841140527,-1.8388594732234225,0.0,287.0,430,420,850,287.0,0.0,-287.0,0.0,0.0,276.0,423,393,816,276.0,0.0,-276.0,0.0,0.0,352.0,352.0,0.0,-352.0,0.0,0.0,350.0,350.0,0.0,-350.0,0.0,-274.0,0.0,274.0
E02000449,Harrow,7,6,19.422797812461592,18.324676744741872,628.0,584.0,0.639511201629328,0.594704684317719,-0.044806517311609007,-1.0981210677197204,181.0,295.0,480,614,1094,476.0,48.807129798903105,-114.0,37.708333333333336,194.0,256.0,480,559,1039,450.0,47.79980750721848,-62.0,40.416666666666664,249.0,228.0,477.0,51.89396709323583,21.0,40.55374592833876,263.0,254.0,517.0,64.29451395572666,9.0,47.04830053667263,82.0,217.0,135.0
E02000451,Harrow,10,10,7.1110600265648864,7.442853752595669,960.0,939.0,0.9775967413441955,0.9562118126272913,-0.021384928716904228,0.3317937260307824,0.0,283.0,385,349,734,283.0,0.0,-283.0,0.0,0.0,288.0,442,350,792,288.0,0.0,-288.0,0.0,0.0,332.0,332.0,0.0,-332.0,0.0,0.0,392.0,392.0,0.0,-392.0,0.0,-303.0,0.0,303.0
E02000452,Harrow,7,7,18.50794244463373,17.714393202737785,658.0,606.0,0.670061099796334,0.6171079429735234,-0.05295315682281054,-0.7935492418959456,352.0,408.0,922,1021,1943,760.0,73.91456510550695,-56.0,38.17787418655097,419.0,412.0,1223,1036,2259,831.0,76.41788401947764,7.0,34.26001635322976,404.0,422.0,826.0,87.74472465259907,-18.0,39.569049951028404,373.0,589.0,962.0,97.25409473218238,-216.0,36.003861003861005,-120.0,364.0,484.0
E02000453,Harrow,9,8,12.968723524934385,12.560251079047971,799.0,772.0,0.8136456211812627,0.7861507128309573,-0.027494908350305436,-0.40847244588641374,35.0,458.0,615,617,1232,493.0,13.011363636363637,-423.0,5.691056910569105,72.0,474.0,707,690,1397,546.0,24.429491768074445,-402.0,10.183875530410184,82.0,478.0,560.0,31.814935064935064,-396.0,13.290113452188008,110.0,545.0,655.0,42.91338582677165,-435.0,15.942028985507244,-218.0,164.0,382.0
E02000454,Harrow,10,10,5.859997226772098,5.780740514423759,974.0,967.0,0.9918533604887984,0.984725050916497,-0.007128309572301372,-0.07925671234833853,0.0,228.0,356,319,675,228.0,0.0,-228.0,0.0,0.0,260.0,403,401,804,260.0,0.0,-260.0,0.0,0.0,269.0,269.0,0.0,-269.0,0.0,0.0,302.0,302.0,0.0,-302.0,0.0,-277.0,0.0,277.0
E02000455,Harrow,7,7,18.75759478057775,17.89532376525276,647.0,595.0,0.6588594704684317,0.6059063136456212,-0.05295315682281054,-0.8622710153249926,356.0,323.0,889,939,1828,679.0,62.903719912472646,33.0,40.044994375703034,494.0,379.0,1309,1102,2411,873.0,77.65491497304023,115.0,37.73873185637891,410.0,336.0,746.0,75.36105032822758,74.0,43.66347177848775,465.0,544.0,1009.0,104.9191206968063,-79.0,42.19600725952813,29.0,474.0,445.0
E02000456,Harrow,8,8,15.693276985408698,14.761816315281797,736.0,710.0,0.7494908350305499,0.7230142566191446,-0.02647657841140527,-0.931460670126901,174.0,367.0,623,640,1263,541.0,50.56057007125891,-193.0,27.929373996789725,130.0,244.0,492,501,993,374.0,31.943605236656595,-114.0,26.422764227642276,177.0,374.0,551.0,52.41330166270784,-197.0,27.65625,185.0,294.0,479.0,54.77341389728097,-109.0,36.92614770459082,-182.0,80.0,262.0
E02000457,Harrow,10,9,10.456103947260056,11.889864488152392,884.0,792.0,0.90020366598778,0.8065173116089613,-0.09368635437881867,1.4337605408923366,0.0,293.0,352,358,710,293.0,0.0,-293.0,0.0,0.0,412.0,415,460,875,412.0,0.0,-412.0,0.0,0.0,317.0,317.0,0.0,-317.0,0.0,0.0,363.0,363.0,0.0,-363.0,0.0,-282.0,56.0,338.0
E02000459,Harrow,7,6,20.205613783849422,20.526021327554744,610.0,516.0,0.6211812627291242,0.5254582484725051,-0.09572301425661911,0.320407543705322,373.0,289.0,857,729,1586,662.0,67.96784363177805,84.0,43.52392065344224,271.0,258.0,791,654,1445,529.0,48.386159169550176,13.0,34.260429835651074,294.0,324.0,618.0,60.060529634300124,-30.0,40.32921810699588,277.0,382.0,659.0,73.22768166089965,-105.0,42.354740061162076,140.0,368.0,228.0
E02000460,Harrow,5,5,25.435099180730287,22.851053702318623,464.0,427.0,0.4725050916496945,0.434826883910387,-0.03767820773930752,-2.5840454784116638,309.0,56.0,423,596,1019,365.0,16.98135426889107,253.0,73.04964539007092,389.0,74.0,547,504,1051,463.0,27.389153187440535,315.0,71.11517367458866,514.0,74.0,588.0,37.326790971540724,440.0,86.24161073825503,373.0,88.0,461.0,31.231208372978116,285.0,74.0079365079365,304.0,386.0,82.0
E02000461,Harrow,9,9,10.897930963293508,9.606814901528715,869.0,872.0,0.884928716904277,0.8879837067209776,0.003054989816700604,-1.291116061764793,46.0,380.0,699,515,1214,426.0,14.398682042833608,-334.0,6.580829756795422,49.0,515.0,679,607,1286,564.0,19.62286158631415,-466.0,7.216494845360824,52.0,584.0,636.0,25.01482701812191,-532.0,10.097087378640776,34.0,561.0,595.0,14.83203732503888,-527.0,5.601317957166392,-476.0,43.0,519.0
E02000462,Harrow,8,7,16.17564232358263,16.83032523063406,725.0,634.0,0.7382892057026477,0.6456211812627292,-0.0926680244399185,0.6546829070514306,60.0,385.0,472,585,1057,445.0,21.85430463576159,-325.0,12.711864406779661,61.0,386.0,437,539,976,447.0,24.125,-325.0,13.958810068649885,124.0,355.0,479.0,41.64616840113529,-231.0,21.196581196581196,107.0,339.0,446.0,37.16495901639344,-232.0,19.851576994434136,-231.0,94.0,325.0
E02000463,Harrow,7,6,18.170525542769013,19.378858748953476,671.0,562.0,0.6832993890020367,0.5723014256619144,-0.11099796334012224,1.208333206184463,230.0,177.0,482,529,1011,407.0,40.26706231454006,53.0,47.71784232365145,157.0,176.0,428,461,889,333.0,31.082114735658042,-19.0,36.68224299065421,216.0,162.0,378.0,34.611275964391695,54.0,40.831758034026464,216.0,194.0,410.0,47.136107986501685,22.0,46.85466377440347,43.0,176.0,133.0
E02000464,Havering,4,3,31.652269674469075,28.932727259946578,321.0,233.0,0.3268839103869654,0.23727087576374745,-0.08961303462321796,-2.719542414522497,161.0,70.0,322,254,576,231.0,19.56597222222222,91.0,50.0,213.0,54.0,445,286,731,267.0,15.734610123119015,159.0,47.86516853932584,122.0,115.0,237.0,24.35763888888889,7.0,48.031496062992126,175.0,138.0,313.0,33.03693570451436,37.0,61.18881118881119,188.0,235.0,47.0
E02000465,Havering,4,3,29.664709032786885,28.40643022582513,369.0,250.0,0.3757637474541752,0.2545824847250509,-0.12118126272912427,-1.258278806961755,189.0,73.0,445,392,837,262.0,16.483870967741936,116.0,42.47191011235955,271.0,51.0,508,337,845,322.0,16.35621301775148,220.0,53.34645669291339,259.0,166.0,425.0,51.36678614097969,93.0,66.07142857142857,225.0,153.0,378.0,40.739644970414204,72.0,66.76557863501483,275.0,307.0,32.0
E02000466,Havering,6,4,23.958434432243273,23.82434010270775,493.0,393.0,0.5020366598778004,0.40020366598778007,-0.10183299389002037,-0.1340943295355217,246.0,156.0,463,365,828,402.0,46.34782608695652,90.0,53.131749460043196,234.0,113.0,480,327,807,347.0,32.765799256505574,121.0,48.75,201.0,195.0,396.0,47.33695652173913,6.0,55.06849315068493,198.0,225.0,423.0,55.204460966542754,-27.0,60.550458715596335,211.0,285.0,74.0
E02000467,Havering,2,1,38.93637793632687,39.52100239624269,152.0,27.0,0.15478615071283094,0.0274949083503055,-0.12729124236252545,0.5846244599158226,480.0,22.0,589,572,1161,502.0,9.095607235142118,458.0,81.49405772495756,541.0,17.0,646,561,1207,558.0,7.619718309859155,524.0,83.74613003095975,536.0,52.0,588.0,24.006890611541774,484.0,93.7062937062937,512.0,58.0,570.0,24.60314830157415,454.0,91.26559714795009,586.0,586.0,0.0
E02000468,Havering,7,6,18.727422063736828,19.320320913016655,648.0,563.0,0.659877800407332,0.5733197556008147,-0.0865580448065173,0.5928988492798268,56.0,127.0,327,303,630,183.0,11.28888888888889,-71.0,17.12538226299694,88.0,161.0,493,355,848,249.0,16.70754716981132,-73.0,17.849898580121703,97.0,187.0,284.0,28.79206349206349,-90.0,32.01320132013201,140.0,310.0,450.0,51.179245283018865,-170.0,39.436619718309856,0.0,159.0,159.0
E02000469,Havering,4,3,29.076419810647213,27.900976050480423,382.0,266.0,0.3890020366598778,0.2708757637474542,-0.11812627291242361,-1.1754437601667895,241.0,59.0,441,269,710,300.0,20.026760563380282,182.0,54.6485260770975,283.0,135.0,504,443,947,418.0,40.343189017951424,148.0,56.15079365079365,146.0,119.0,265.0,24.470422535211267,27.0,54.27509293680297,234.0,181.0,415.0,44.72439281942978,53.0,52.82167042889391,197.0,315.0,118.0
E02000470,Havering,9,8,12.533976514517562,12.545078882497945,819.0,774.0,0.8340122199592668,0.7881873727087576,-0.04582484725050917,0.011102367980383221,29.0,224.0,433,343,776,253.0,8.371134020618557,-195.0,6.697459584295612,61.0,203.0,560,343,903,264.0,13.713178294573643,-142.0,10.892857142857142,50.0,312.0,362.0,20.103092783505154,-262.0,14.577259475218659,64.0,425.0,489.0,30.121816168327797,-361.0,18.658892128279884,-50.0,135.0,185.0
E02000471,Havering,10,9,9.616884296634034,9.877744046827193,899.0,864.0,0.9154786150712831,0.879837067209776,-0.035641547861507195,0.2608597501931591,0.0,238.0,326,255,581,238.0,0.0,-238.0,0.0,0.0,182.0,460,207,667,182.0,0.0,-182.0,0.0,0.0,300.0,300.0,0.0,-300.0,0.0,0.0,443.0,443.0,0.0,-443.0,0.0,-134.0,20.0,154.0
E02000472,Havering,9,8,12.893682603181666,12.860929040017494,803.0,760.0,0.8177189409368636,0.7739307535641547,-0.04378818737270884,-0.03275356316417266,29.0,255.0,425,338,763,284.0,9.692005242463958,-226.0,6.8235294117647065,29.0,302.0,577,417,994,331.0,8.810865191146881,-273.0,5.025996533795494,43.0,373.0,416.0,21.02096985583224,-330.0,12.721893491124261,63.0,515.0,578.0,32.640845070422536,-452.0,15.107913669064748,-219.0,68.0,287.0
E02000473,Havering,9,9,10.599101076136836,10.984268422086853,879.0,829.0,0.895112016293279,0.8441955193482689,-0.050916496945010103,0.3851673459500162,67.0,164.0,524,368,892,231.0,12.318385650224215,-97.0,12.786259541984732,52.0,233.0,599,428,1027,285.0,11.79746835443038,-181.0,8.681135225375627,89.0,378.0,467.0,37.7152466367713,-289.0,24.184782608695652,80.0,428.0,508.0,33.33982473222979,-348.0,18.69158878504673,-236.0,42.0,278.0
E02000474,Havering,7,6,18.71857237684286,19.7140849938084,649.0,544.0,0.6608961303462322,0.5539714867617108,-0.10692464358452136,0.9955126169655379,158.0,189.0,554,456,1010,347.0,29.566336633663365,-31.0,28.51985559566787,120.0,197.0,598,431,1029,317.0,22.973760932944607,-77.0,20.066889632107024,160.0,279.0,439.0,44.198019801980195,-119.0,35.08771929824561,152.0,345.0,497.0,50.96209912536443,-193.0,35.266821345707655,42.0,216.0,174.0
E02000475,Havering,9,9,11.79298544845585,11.106197636176773,842.0,825.0,0.8574338085539714,0.840122199592668,-0.01731160896130346,-0.6867878122790767,140.0,251.0,699,475,1174,391.0,29.931856899488928,-111.0,20.028612303290416,102.0,234.0,607,423,1030,336.0,23.172815533980582,-132.0,16.80395387149918,133.0,428.0,561.0,48.487223168654175,-295.0,28.000000000000004,87.0,410.0,497.0,34.63106796116505,-323.0,20.56737588652482,-172.0,87.0,259.0
E02000476,Havering,5,4,28.507698906405576,24.444536315228966,394.0,375.0,0.40122199592668023,0.3818737270875764,-0.019348268839103844,-4.06316259117661,509.0,195.0,842,710,1552,704.0,63.95296391752577,314.0,60.451306413301666,469.0,222.0,897,713,1610,691.0,64.66956521739131,247.0,52.28539576365663,463.0,287.0,750.0,85.61920103092784,176.0,65.21126760563381,466.0,367.0,833.0,106.22484472049689,99.0,65.35764375876579,308.0,501.0,193.0
E02000477,Havering,10,10,8.542143251923077,7.530689975705081,927.0,935.0,0.9439918533604889,0.9521384928716904,0.008146639511201537,-1.0114532762179964,0.0,344.0,509,391,900,344.0,0.0,-344.0,0.0,0.0,317.0,563,404,967,317.0,0.0,-317.0,0.0,0.0,451.0,451.0,0.0,-451.0,0.0,0.0,525.0,525.0,0.0,-525.0,0.0,-333.0,0.0,333.0
E02000478,Havering,10,10,8.915120106881904,8.183281171125694,920.0,916.0,0.9368635437881874,0.9327902240325866,-0.004073319755600768,-0.7318389357562101,0.0,173.0,269,212,481,173.0,0.0,-173.0,0.0,0.0,113.0,250,156,406,113.0,0.0,-113.0,0.0,0.0,236.0,236.0,0.0,-236.0,0.0,0.0,210.0,210.0,0.0,-210.0,0.0,-119.0,0.0,119.0
E02000479,Havering,7,7,17.94755106589624,17.731216705803423,679.0,605.0,0.6914460285132383,0.6160896130346232,-0.07535641547861516,-0.21633436009281581,223.0,224.0,695,611,1306,447.0,38.248085758039814,-1.0,32.0863309352518,216.0,304.0,819,718,1537,520.0,42.722186076772935,-88.0,26.373626373626376,305.0,361.0,666.0,84.30704441041348,-56.0,49.91816693944354,299.0,477.0,776.0,92.79310344827586,-178.0,41.64345403899721,-192.0,177.0,369.0
E02000480,Havering,7,6,18.058340755487496,20.27139518476056,675.0,528.0,0.6873727087576375,0.5376782077393075,-0.14969450101832993,2.2130544292730647,166.0,292.0,775,565,1340,458.0,36.17313432835821,-126.0,21.41935483870968,203.0,438.0,1149,876,2025,641.0,43.90814814814815,-235.0,17.667536988685814,189.0,448.0,637.0,63.188059701492534,-259.0,33.45132743362832,293.0,775.0,1068.0,112.1358024691358,-482.0,33.44748858447489,-55.0,368.0,423.0
E02000481,Havering,10,9,10.14632502181445,10.084414704408818,891.0,857.0,0.9073319755600815,0.8727087576374746,-0.03462321792260692,-0.06191031740563169,0.0,134.0,301,190,491,134.0,0.0,-134.0,0.0,0.0,154.0,369,237,606,154.0,0.0,-154.0,0.0,0.0,220.0,220.0,0.0,-220.0,0.0,0.0,295.0,295.0,0.0,-295.0,0.0,-38.0,71.0,109.0
E02000482,Havering,10,10,4.041717029237023,4.255190534915986,982.0,981.0,1.0,0.9989816700610998,-0.0010183299389001643,0.21347350567896317,0.0,138.0,260,238,498,138.0,0.0,-138.0,0.0,0.0,138.0,296,201,497,138.0,0.0,-138.0,0.0,0.0,178.0,178.0,0.0,-178.0,0.0,0.0,208.0,208.0,0.0,-208.0,0.0,-170.0,0.0,170.0
E02000483,Havering,8,8,15.335399350932493,14.033308571428572,743.0,728.0,0.7566191446028513,0.7413441955193483,-0.01527494908350302,-1.3020907795039207,186.0,138.0,469,396,865,324.0,29.67398843930636,48.0,39.6588486140725,196.0,146.0,527,356,883,342.0,32.40770101925255,50.0,37.19165085388994,220.0,255.0,475.0,64.85549132947978,-35.0,55.55555555555556,189.0,287.0,476.0,61.43035107587769,-98.0,53.08988764044944,18.0,177.0,159.0
E02000484,Havering,9,9,11.561316154653005,11.676795565042097,848.0,801.0,0.8635437881873728,0.8156822810590632,-0.04786150712830961,0.11547941038909215,48.0,205.0,364,306,670,253.0,14.686567164179104,-157.0,13.186813186813188,41.0,153.0,473,316,789,194.0,7.9505703422053235,-112.0,8.668076109936575,52.0,251.0,303.0,19.480597014925372,-199.0,16.99346405228758,76.0,363.0,439.0,34.965779467680605,-287.0,24.050632911392405,-132.0,38.0,170.0
E02000485,Havering,9,9,11.620637074630604,10.011951607078368,846.0,858.0,0.8615071283095723,0.8737270875763747,0.012219959266802416,-1.6086854675522364,114.0,158.0,430,317,747,272.0,24.11244979919679,-44.0,26.51162790697674,125.0,200.0,516,405,921,325.0,27.14440825190011,-75.0,24.224806201550386,104.0,268.0,372.0,37.31191432396252,-164.0,32.80757097791798,140.0,316.0,456.0,48.03474484256243,-176.0,34.5679012345679,-125.0,102.0,227.0
E02000486,Havering,9,9,10.881563319576431,9.982827412513256,870.0,859.0,0.8859470468431772,0.8747454175152749,-0.011201629327902252,-0.8987359070631751,57.0,178.0,366,304,670,235.0,15.143283582089552,-121.0,15.573770491803279,50.0,192.0,451,310,761,242.0,12.614980289093298,-142.0,11.086474501108649,65.0,248.0,313.0,24.059701492537314,-183.0,21.38157894736842,73.0,342.0,415.0,32.80683311432326,-269.0,23.548387096774192,-148.0,47.0,195.0
E02000487,Havering,10,10,4.533937124697182,5.735804123711341,979.0,968.0,0.9969450101832994,0.9857433808553971,-0.011201629327902252,1.2018669990141584,0.0,192.0,300,261,561,192.0,0.0,-192.0,0.0,0.0,139.0,340,199,539,139.0,0.0,-139.0,0.0,0.0,221.0,221.0,0.0,-221.0,0.0,0.0,238.0,238.0,0.0,-238.0,0.0,-161.0,0.0,161.0
E02000488,Havering,10,10,8.38724152079128,7.570462317666126,930.0,934.0,0.9470468431771895,0.9511201629327902,0.004073319755600768,-0.8167792031251535,0.0,208.0,319,271,590,208.0,0.0,-208.0,0.0,0.0,177.0,505,215,720,177.0,0.0,-177.0,0.0,0.0,295.0,295.0,0.0,-295.0,0.0,0.0,458.0,458.0,0.0,-458.0,0.0,-182.0,0.0,182.0
E02000489,Havering,8,7,16.73481740398275,16.104637425506557,709.0,655.0,0.7219959266802444,0.6670061099796334,-0.05498981670061098,-0.6301799784761926,90.0,213.0,345,357,702,303.0,27.307692307692307,-123.0,26.08695652173913,90.0,231.0,447,442,889,321.0,23.385826771653544,-141.0,20.13422818791946,114.0,209.0,323.0,33.94017094017094,-95.0,31.932773109243694,141.0,341.0,482.0,54.0843644544432,-200.0,31.90045248868778,-106.0,99.0,205.0
E02000490,Havering,8,7,15.982245056208482,16.426926692432364,731.0,644.0,0.7443991853360489,0.6558044806517311,-0.08859470468431774,0.4446816362238817,79.0,198.0,362,310,672,277.0,23.276785714285715,-119.0,21.823204419889503,69.0,255.0,462,385,847,324.0,20.77331759149941,-186.0,14.935064935064934,80.0,259.0,339.0,30.833333333333332,-179.0,25.806451612903224,94.0,341.0,435.0,37.84415584415584,-247.0,24.415584415584416,-132.0,88.0,220.0
E02000491,Havering,5,3,26.95842594720145,27.16120471170396,429.0,295.0,0.43686354378818737,0.3004073319755601,-0.1364562118126273,0.20277876450250787,273.0,84.0,504,298,802,357.0,28.59351620947631,189.0,54.166666666666664,430.0,153.0,1025,457,1482,583.0,44.392712550607285,277.0,41.951219512195124,196.0,196.0,392.0,47.900249376558605,0.0,65.77181208053692,279.0,548.0,827.0,103.16599190283401,-269.0,61.050328227571114,498.0,567.0,69.0
E02000492,Havering,9,8,12.333543446269132,14.378710185185183,826.0,719.0,0.8411405295315683,0.7321792260692465,-0.1089613034623218,2.04516673891605,6.0,90.0,169,135,304,96.0,1.7763157894736843,-84.0,3.5502958579881656,18.0,134.0,328,183,511,152.0,4.720156555772994,-116.0,5.487804878048781,19.0,159.0,178.0,9.9375,-140.0,14.074074074074074,23.0,282.0,305.0,12.692759295499021,-259.0,12.568306010928962,-82.0,47.0,129.0
E02000493,Havering,6,5,21.88894905797102,22.68113882063882,567.0,435.0,0.5773930753564155,0.4429735234215886,-0.1344195519348269,0.7921897626678032,119.0,152.0,306,295,601,271.0,30.09650582362729,-33.0,38.88888888888889,131.0,151.0,396,368,764,282.0,25.891361256544503,-20.0,33.08080808080808,117.0,178.0,295.0,34.6522462562396,-61.0,39.66101694915255,215.0,241.0,456.0,67.82068062827226,-26.0,58.42391304347826,9.0,153.0,144.0
E02000494,Hillingdon,10,9,9.739677820430538,10.106611194131233,896.0,856.0,0.9124236252545825,0.8716904276985743,-0.04073319755600824,0.3669333737006948,0.0,278.0,447,326,773,278.0,0.0,-278.0,0.0,0.0,227.0,466,265,731,227.0,0.0,-227.0,0.0,0.0,364.0,364.0,0.0,-364.0,0.0,0.0,401.0,401.0,0.0,-401.0,0.0,-97.0,63.0,160.0
E02000495,Hillingdon,8,9,14.711178146310566,11.829189879612413,757.0,797.0,0.7708757637474541,0.8116089613034623,0.04073319755600813,-2.881988266698153,247.0,189.0,615,474,1089,436.0,42.86776859504132,58.0,40.16260162601626,187.0,235.0,605,498,1103,422.0,39.84134179510426,-48.0,30.909090909090907,211.0,265.0,476.0,51.34527089072544,-54.0,44.51476793248945,179.0,308.0,487.0,49.98368087035358,-129.0,35.9437751004016,-251.0,88.0,339.0
E02000496,Hillingdon,7,6,20.147449370185157,19.60660974311194,612.0,551.0,0.6232179226069247,0.5610997963340122,-0.062118126272912466,-0.5408396270732183,169.0,101.0,345,241,586,270.0,29.127986348122867,68.0,48.98550724637681,168.0,86.0,341,217,558,254.0,25.892473118279568,82.0,49.266862170087975,129.0,143.0,272.0,31.47952218430034,-14.0,53.52697095435685,108.0,139.0,247.0,26.903225806451612,-31.0,49.76958525345622,124.0,193.0,69.0
E02000497,Hillingdon,8,8,15.445614794231446,14.297503837422983,741.0,721.0,0.754582484725051,0.7342158859470469,-0.020366598778004064,-1.1481109568084626,304.0,165.0,773,374,1147,469.0,43.73147340889276,139.0,39.32729624838293,141.0,151.0,497,415,912,292.0,23.345394736842106,-10.0,28.37022132796781,149.0,350.0,499.0,45.4664341761116,-201.0,39.839572192513366,180.0,251.0,431.0,49.53947368421053,-71.0,43.373493975903614,-2.0,170.0,172.0
E02000498,Hillingdon,9,9,13.341375693355483,11.364950115626032,786.0,813.0,0.8004073319755601,0.8279022403258656,0.027494908350305436,-1.9764255777294508,105.0,180.0,327,295,622,285.0,30.385852090032156,-75.0,32.11009174311927,78.0,139.0,306,233,539,217.0,20.115027829313544,-61.0,25.49019607843137,99.0,176.0,275.0,28.012861736334404,-77.0,33.559322033898304,70.0,185.0,255.0,24.025974025974026,-115.0,30.042918454935624,-36.0,97.0,133.0
E02000499,Hillingdon,10,10,9.072812413135866,7.166763415892673,915.0,945.0,0.9317718940936863,0.9623217922606925,0.03054989816700615,-1.906048997243193,0.0,226.0,365,310,675,226.0,0.0,-226.0,0.0,0.0,177.0,409,262,671,177.0,0.0,-177.0,0.0,0.0,261.0,261.0,0.0,-261.0,0.0,0.0,306.0,306.0,0.0,-306.0,0.0,-173.0,0.0,173.0
E02000500,Hillingdon,10,10,8.476240939331086,7.238890310786106,929.0,943.0,0.9460285132382892,0.960285132382892,0.014256619144602856,-1.2373506285449807,0.0,326.0,548,415,963,326.0,0.0,-326.0,0.0,0.0,298.0,554,369,923,298.0,0.0,-298.0,0.0,0.0,390.0,390.0,0.0,-390.0,0.0,0.0,421.0,421.0,0.0,-421.0,0.0,-290.0,0.0,290.0
E02000501,Hillingdon,10,10,9.131134317933794,8.764077150633062,914.0,904.0,0.9307535641547862,0.9205702647657841,-0.010183299389002087,-0.36705716730073235,0.0,238.0,446,368,814,238.0,0.0,-238.0,0.0,0.0,301.0,502,438,940,301.0,0.0,-301.0,0.0,0.0,330.0,330.0,0.0,-330.0,0.0,0.0,403.0,403.0,0.0,-403.0,0.0,-282.0,0.0,282.0
E02000502,Hillingdon,9,10,12.426557504925785,8.720309584393554,824.0,905.0,0.8391038696537678,0.9215885947046843,0.08248472505091653,-3.706247920532231,154.0,289.0,619,474,1093,443.0,40.71912168344007,-135.0,24.878836833602584,133.0,195.0,597,359,956,328.0,27.12866108786611,-62.0,22.278056951423785,146.0,436.0,582.0,58.239707227813355,-290.0,30.801687763713083,122.0,421.0,543.0,53.72594142259414,-299.0,33.98328690807799,-245.0,0.0,245.0
E02000503,Hillingdon,10,10,10.092731357667484,8.012564690468391,892.0,922.0,0.9083503054989817,0.9389002036659878,0.03054989816700615,-2.0801666671990926,0.0,280.0,467,414,881,280.0,0.0,-280.0,0.0,0.0,244.0,507,370,877,244.0,0.0,-244.0,0.0,0.0,383.0,383.0,0.0,-383.0,0.0,0.0,418.0,418.0,0.0,-418.0,0.0,-224.0,0.0,224.0
E02000504,Hillingdon,10,10,6.8963228225413165,6.065078778135049,963.0,963.0,0.9806517311608961,0.9806517311608961,0.0,-0.8312440444062679,0.0,201.0,355,299,654,201.0,0.0,-201.0,0.0,0.0,155.0,388,203,591,155.0,0.0,-155.0,0.0,0.0,267.0,267.0,0.0,-267.0,0.0,0.0,327.0,327.0,0.0,-327.0,0.0,-141.0,0.0,141.0
E02000506,Hillingdon,10,10,9.608349342527514,8.406718039413846,900.0,913.0,0.9164969450101833,0.929735234215886,0.013238289205702691,-1.2016313031136683,0.0,273.0,371,332,703,273.0,0.0,-273.0,0.0,0.0,253.0,428,298,726,253.0,0.0,-253.0,0.0,0.0,312.0,312.0,0.0,-312.0,0.0,0.0,354.0,354.0,0.0,-354.0,0.0,-239.0,0.0,239.0
E02000507,Hillingdon,8,9,13.754938445675439,11.403054127198917,780.0,810.0,0.7942973523421588,0.824847250509165,0.03054989816700615,-2.3518843184765217,101.0,228.0,415,368,783,329.0,29.409961685823756,-127.0,24.337349397590362,87.0,183.0,430,300,730,270.0,21.80958904109589,-96.0,20.232558139534884,67.0,260.0,327.0,22.247765006385695,-193.0,18.206521739130434,67.0,289.0,356.0,26.524657534246575,-222.0,22.333333333333332,-160.0,59.0,219.0
E02000508,Hillingdon,7,8,18.23729852897911,14.742132807654825,666.0,711.0,0.6782077393075356,0.7240325865580448,0.04582484725050917,-3.4951657213242857,345.0,1280.0,1244,1796,3040,1625.0,145.26315789473685,-935.0,27.733118971061092,401.0,1030.0,1489,1289,2778,1431.0,148.67890568754498,-629.0,26.930826057756885,418.0,779.0,1197.0,107.1125,-361.0,23.2739420935412,211.0,915.0,1126.0,69.49784017278618,-704.0,16.369278510473233,-878.0,229.0,1107.0
E02000509,Hillingdon,4,7,28.634455010224947,15.670591191838765,392.0,673.0,0.39918533604887985,0.685336048879837,0.28615071283095717,-12.963863818386182,1404.0,143.0,1797,931,2728,1547.0,73.59677419354838,1261.0,78.13021702838063,1353.0,105.0,1748,875,2623,1458.0,54.16126572626763,1248.0,77.40274599542334,684.0,243.0,927.0,60.92815249266862,441.0,73.46938775510205,652.0,232.0,884.0,57.66831871902402,420.0,74.5142857142857,186.0,699.0,513.0
E02000510,Hillingdon,8,7,16.000113752837617,15.972845480386583,729.0,664.0,0.7423625254582484,0.6761710794297352,-0.06619144602851323,-0.02726827245103358,116.0,397.0,779,532,1311,513.0,35.12738367658276,-281.0,14.890885750962774,60.0,391.0,583,495,1078,451.0,21.76252319109462,-331.0,10.291595197255575,66.0,591.0,657.0,29.752860411899313,-525.0,12.406015037593985,65.0,446.0,511.0,26.89239332096475,-381.0,13.131313131313133,-123.0,140.0,263.0
E02000511,Hillingdon,8,7,16.291332773180564,15.61196688875429,723.0,676.0,0.7362525458248472,0.6883910386965377,-0.0478615071283095,-0.6793658844262733,28.0,412.0,592,508,1100,440.0,10.487272727272726,-384.0,4.72972972972973,58.0,303.0,522,385,907,361.0,19.375964718853364,-245.0,11.11111111111111,45.0,517.0,562.0,21.15,-472.0,8.858267716535433,29.0,426.0,455.0,13.620727673649393,-397.0,7.532467532467532,-187.0,85.0,272.0
E02000512,Hillingdon,5,4,26.093599238845144,25.678578106508873,447.0,340.0,0.45519348268839105,0.34623217922606925,-0.1089613034623218,-0.41502113233627114,336.0,252.0,692,616,1308,588.0,64.73394495412845,84.0,48.554913294797686,284.0,146.0,598,482,1080,430.0,38.39259259259259,138.0,47.491638795986624,250.0,265.0,515.0,50.649847094801224,-15.0,40.58441558441558,245.0,239.0,484.0,54.217592592592595,6.0,50.829875518672196,285.0,361.0,76.0
E02000513,Hillingdon,3,3,33.486531797327395,29.069614991993593,273.0,227.0,0.2780040733197556,0.23116089613034624,-0.046843177189409335,-4.416916805333802,517.0,27.0,640,686,1326,544.0,10.527149321266968,490.0,80.78125,483.0,22.0,564,564,1128,505.0,9.420212765957446,461.0,85.63829787234043,612.0,47.0,659.0,21.692307692307693,565.0,89.21282798833819,507.0,30.0,537.0,13.48404255319149,477.0,89.8936170212766,323.0,405.0,82.0
E02000514,Hillingdon,7,5,21.031695639511202,21.020768379833576,592.0,491.0,0.6028513238289206,0.5,-0.1028513238289206,-0.010927259677625756,154.0,568.0,714,732,1446,722.0,60.4923928077455,-414.0,21.568627450980394,121.0,477.0,652,745,1397,598.0,41.31496062992126,-356.0,18.55828220858896,140.0,485.0,625.0,46.95712309820193,-345.0,19.12568306010929,180.0,473.0,653.0,60.94488188976378,-293.0,24.161073825503358,-111.0,249.0,360.0
E02000515,Hillingdon,5,4,24.43053097116582,25.968127536231883,478.0,334.0,0.48676171079429736,0.34012219959266804,-0.14663951120162932,1.537596565066064,595.0,388.0,1073,872,1945,983.0,118.69408740359897,207.0,55.452003727865794,660.0,356.0,1308,813,2121,1016.0,110.77793493635077,304.0,50.45871559633027,344.0,343.0,687.0,60.66426735218509,1.0,39.44954128440367,347.0,467.0,814.0,76.4021687883074,-120.0,42.68142681426814,593.0,778.0,185.0
E02000516,Hillingdon,5,5,25.07961312371508,22.52729635376261,470.0,439.0,0.4786150712830957,0.4470468431771894,-0.031568228105906315,-2.5523167699524727,196.0,253.0,550,583,1133,449.0,43.76699029126213,-57.0,35.63636363636364,162.0,203.0,441,554,995,365.0,33.051256281407035,-41.0,36.734693877551024,241.0,288.0,529.0,61.2603706972639,-47.0,41.337907375643226,280.0,211.0,491.0,59.37688442211055,69.0,50.54151624548736,-134.0,100.0,234.0
E02000517,Hillingdon,4,4,29.659013768838395,26.90824216349109,370.0,302.0,0.37678207739307534,0.3075356415478615,-0.06924643584521384,-2.750771605347307,457.0,114.0,741,633,1374,571.0,37.917030567685586,343.0,61.67341430499326,364.0,115.0,676,553,1229,479.0,34.06021155410903,249.0,53.84615384615385,406.0,130.0,536.0,38.41339155749636,276.0,64.13902053712481,351.0,108.0,459.0,30.844589096826688,243.0,63.47197106690777,191.0,348.0,157.0
E02000518,Hillingdon,4,3,28.662204801301417,27.762351770161747,389.0,272.0,0.39613034623217924,0.2769857433808554,-0.11914460285132383,-0.8998530311396706,469.0,86.0,638,557,1195,555.0,33.75230125523012,383.0,73.51097178683386,358.0,53.0,612,458,1070,411.0,17.732710280373833,305.0,58.496732026143796,358.0,74.0,432.0,22.169037656903765,284.0,64.27289048473968,327.0,105.0,432.0,32.08878504672897,222.0,71.39737991266377,473.0,494.0,21.0
E02000519,Hillingdon,4,2,29.56950516863017,30.216530017528488,374.0,197.0,0.38085539714867617,0.20061099796334012,-0.18024439918533605,0.6470248488983188,341.0,99.0,564,542,1106,440.0,30.523508137432188,242.0,60.46099290780141,233.0,69.0,499,501,1000,302.0,16.077,164.0,46.6933867735471,321.0,95.0,416.0,27.57233273056058,226.0,59.22509225092251,315.0,128.0,443.0,40.32,187.0,62.874251497005986,448.0,465.0,17.0
E02000520,Hillingdon,4,4,29.21169711403431,26.35636716349109,380.0,319.0,0.3869653767820774,0.32484725050916496,-0.06211812627291241,-2.8553299505432186,626.0,165.0,994,923,1917,791.0,53.881064162754306,461.0,62.97786720321932,572.0,175.0,934,1044,1978,747.0,50.606673407482305,397.0,61.24197002141327,562.0,163.0,725.0,47.786124152321335,399.0,60.88840736728061,658.0,184.0,842.0,61.2093023255814,474.0,63.02681992337165,250.0,520.0,270.0
E02000521,Hillingdon,3,3,33.405997826876515,28.087703205877443,277.0,260.0,0.2820773930753564,0.26476578411405294,-0.01731160896130346,-5.3182946209990725,791.0,21.0,901,620,1521,812.0,10.921104536489151,770.0,87.79134295227526,710.0,27.0,807,696,1503,737.0,12.754491017964073,683.0,87.98017348203221,563.0,48.0,611.0,17.767258382642996,515.0,90.80645161290323,616.0,46.0,662.0,18.852960745176315,570.0,88.50574712643679,619.0,681.0,62.0
E02000522,Hillingdon,5,4,26.896748182133365,24.48008140290106,431.0,374.0,0.43890020366598775,0.38085539714867617,-0.05804480651731159,-2.4166667792323047,234.0,230.0,641,514,1155,464.0,46.5974025974026,4.0,36.505460218408736,230.0,189.0,600,504,1104,419.0,39.375,41.0,38.333333333333336,201.0,268.0,469.0,46.63896103896104,-67.0,39.10505836575876,175.0,240.0,415.0,38.04347826086956,-65.0,34.72222222222222,146.0,274.0,128.0
E02000523,Hillingdon,6,6,23.519854833956,20.60353533712429,512.0,513.0,0.5213849287169042,0.5224032586558045,0.0010183299389002753,-2.9163194968317114,205.0,555.0,855,798,1653,760.0,68.82940108892922,-350.0,23.976608187134502,176.0,531.0,795,811,1606,707.0,58.19178082191781,-355.0,22.138364779874216,173.0,607.0,780.0,63.5275257108288,-434.0,21.67919799498747,219.0,571.0,790.0,77.86363636363636,-352.0,27.003699136868065,-418.0,156.0,574.0
E02000524,Hillingdon,6,4,22.944613857121418,23.926140787024725,534.0,389.0,0.5437881873727087,0.39613034623217924,-0.1476578411405295,0.9815269299033069,194.0,383.0,784,573,1357,577.0,54.75460574797347,-189.0,24.744897959183675,140.0,327.0,597,459,1056,467.0,43.35227272727273,-187.0,23.450586264656618,137.0,510.0,647.0,51.48857774502579,-373.0,23.909249563699824,107.0,412.0,519.0,41.746212121212125,-305.0,23.311546840958606,181.0,298.0,117.0
E02000525,Hillingdon,5,5,27.576578477226377,23.33353612244898,418.0,412.0,0.4256619144602851,0.4195519348268839,-0.006109979633401208,-4.243042354777398,350.0,292.0,803,726,1529,642.0,66.84107259646828,58.0,43.586550435865504,335.0,211.0,738,696,1434,546.0,49.29218967921897,124.0,45.392953929539296,329.0,289.0,618.0,62.18508829300196,40.0,45.3168044077135,343.0,273.0,616.0,65.29916317991632,70.0,49.2816091954023,-85.0,224.0,309.0
E02000526,Hounslow,9,9,12.121679705180235,10.528580752343657,829.0,843.0,0.8441955193482689,0.8584521384928717,0.014256619144602856,-1.593098952836577,33.0,773.0,862,976,1838,806.0,13.87867247007617,-740.0,3.82830626450116,31.0,692.0,872,880,1752,723.0,12.244292237442922,-661.0,3.555045871559633,77.0,692.0,769.0,28.990206746463546,-615.0,7.889344262295082,57.0,742.0,799.0,24.14041095890411,-685.0,6.4772727272727275,-642.0,38.0,680.0
E02000528,Hounslow,3,2,34.2170895140508,31.21370738045738,253.0,169.0,0.2576374745417515,0.17209775967413443,-0.08553971486761708,-3.003382133593419,983.0,46.0,1133,770,1903,1029.0,23.761429322122964,937.0,86.76081200353045,1034.0,49.0,1236,908,2144,1083.0,23.63152985074627,985.0,83.65695792880258,673.0,57.0,730.0,20.158171308460325,616.0,87.40259740259741,814.0,96.0,910.0,36.44776119402985,718.0,89.64757709251101,1110.0,1132.0,22.0
E02000529,Hounslow,6,5,23.70278078125,22.90753357383917,503.0,425.0,0.5122199592668024,0.43279022403258655,-0.07942973523421587,-0.7952472074108279,226.0,286.0,615,637,1252,512.0,51.626198083067095,-60.0,36.7479674796748,248.0,284.0,574,558,1132,532.0,62.21908127208481,-36.0,43.20557491289199,265.0,293.0,558.0,62.016773162939295,-28.0,41.60125588697017,219.0,290.0,509.0,56.10424028268551,-71.0,39.247311827956985,-35.0,194.0,229.0
E02000530,Hounslow,3,2,33.74568115401492,33.26754316496432,266.0,117.0,0.2708757637474542,0.11914460285132383,-0.15173116089613037,-0.47813798905059457,359.0,32.0,451,560,1011,391.0,11.363006923837784,327.0,79.6008869179601,345.0,23.0,396,460,856,368.0,9.269859813084112,322.0,87.12121212121212,472.0,40.0,512.0,18.67457962413452,432.0,84.28571428571429,406.0,16.0,422.0,7.588785046728972,390.0,88.26086956521739,360.0,377.0,17.0
E02000531,Hounslow,6,5,21.913849054851504,22.938781030444968,566.0,422.0,0.5763747454175153,0.42973523421588594,-0.14663951120162938,1.0249319755934643,487.0,400.0,1047,1042,2089,887.0,93.2503590234562,87.0,46.51384909264566,458.0,580.0,933,1384,2317,1038.0,114.64825205006474,-122.0,49.08896034297964,491.0,443.0,934.0,104.1230253709909,48.0,47.12092130518234,657.0,391.0,1048.0,110.8705222270177,266.0,47.471098265895954,11.0,513.0,502.0
E02000532,Hounslow,8,8,16.88065366866812,14.998077953447519,705.0,703.0,0.7179226069246436,0.7158859470468432,-0.0020366598778004397,-1.882575715220602,175.0,462.0,786,812,1598,637.0,50.5944931163955,-287.0,22.264631043256998,183.0,380.0,704,666,1370,563.0,50.75912408759124,-197.0,25.994318181818183,179.0,487.0,666.0,54.55131414267835,-308.0,22.04433497536946,157.0,375.0,532.0,42.97445255474452,-218.0,23.573573573573572,-242.0,185.0,427.0
E02000533,Hounslow,8,7,16.859181884368308,15.51448368270605,706.0,682.0,0.7189409368635438,0.6945010183299389,-0.024439918533604832,-1.3446982016622577,148.0,463.0,815,768,1583,611.0,43.287428932406826,-315.0,18.15950920245399,141.0,451.0,738,770,1508,592.0,42.16909814323608,-310.0,19.10569105691057,160.0,507.0,667.0,51.244472520530636,-347.0,20.833333333333336,178.0,437.0,615.0,51.58222811671087,-259.0,23.116883116883116,-55.0,313.0,368.0
E02000534,Hounslow,9,8,13.104869965688712,13.722152397260274,794.0,740.0,0.8085539714867617,0.7535641547861507,-0.05498981670061098,0.6172824315715619,45.0,483.0,720,604,1324,528.0,16.41616314199396,-438.0,6.25,29.0,439.0,610,584,1194,468.0,10.66247906197655,-410.0,4.754098360655737,46.0,554.0,600.0,19.24773413897281,-508.0,7.6158940397351,53.0,502.0,555.0,22.283082077051926,-449.0,9.075342465753424,-387.0,62.0,449.0
E02000535,Hounslow,7,6,19.428782753202025,19.517283306666666,627.0,554.0,0.6384928716904277,0.5641547861507128,-0.07433808553971488,0.08850055346464103,88.0,472.0,575,777,1352,560.0,30.72189349112426,-384.0,15.304347826086955,36.0,429.0,493,731,1224,465.0,12.617647058823529,-393.0,7.302231237322515,153.0,361.0,514.0,40.85281065088758,-208.0,19.69111969111969,112.0,350.0,462.0,32.02614379084967,-238.0,15.321477428180575,-428.0,45.0,473.0
E02000536,Hounslow,7,6,19.360426751537382,20.89095451210565,631.0,496.0,0.6425661914460286,0.505091649694501,-0.1374745417515275,1.530527760568269,141.0,424.0,662,779,1441,565.0,41.48785565579459,-283.0,21.299093655589125,139.0,321.0,708,637,1345,460.0,33.17397769516729,-182.0,19.63276836158192,187.0,397.0,584.0,51.51908396946565,-210.0,24.005134788189988,136.0,409.0,545.0,41.356133828996285,-273.0,21.350078492935637,-209.0,161.0,370.0
E02000537,Hounslow,9,7,12.089941903016241,16.15282645788337,830.0,654.0,0.845213849287169,0.6659877800407332,-0.1792260692464358,4.06288455486713,21.0,883.0,723,1026,1749,904.0,10.60205831903945,-862.0,2.904564315352697,21.0,673.0,808,788,1596,694.0,8.855263157894736,-652.0,2.599009900990099,35.0,637.0,672.0,12.747284162378502,-602.0,3.41130604288499,27.0,709.0,736.0,11.99436090225564,-682.0,3.4263959390862944,-470.0,114.0,584.0
E02000538,Hounslow,5,5,24.420257902073732,22.202656960301667,479.0,448.0,0.48778004073319753,0.45621181262729127,-0.03156822810590626,-2.2176009417720657,328.0,200.0,648,811,1459,528.0,44.962302947224124,128.0,50.617283950617285,317.0,150.0,548,815,1363,467.0,34.88628026412326,167.0,57.846715328467155,379.0,151.0,530.0,39.22481151473612,228.0,46.7324290998767,441.0,97.0,538.0,31.384446074834923,344.0,54.11042944785276,-177.0,190.0,367.0
E02000539,Hounslow,6,6,22.23929445591518,20.988940339354134,552.0,492.0,0.5621181262729125,0.5010183299389002,-0.0610997963340123,-1.250354116561045,668.0,273.0,1297,802,2099,941.0,86.88137208194378,395.0,51.50346954510409,506.0,243.0,876,730,1606,749.0,76.56164383561644,263.0,57.76255707762557,445.0,460.0,905.0,97.52262982372558,-15.0,55.48628428927681,413.0,261.0,674.0,67.11892901618928,152.0,56.57534246575342,66.0,388.0,322.0
E02000540,Hounslow,7,6,18.15040011680727,20.839676367869618,672.0,499.0,0.6843177189409368,0.5081466395112016,-0.1761710794297352,2.689276251062349,255.0,400.0,877,867,1744,655.0,58.48623853211009,-145.0,29.076396807297606,277.0,526.0,1207,1082,2289,803.0,63.653123634775014,-249.0,22.949461474730736,257.0,399.0,656.0,58.79759174311926,-142.0,29.64244521337947,306.0,650.0,956.0,86.89384010484928,-344.0,28.280961182994456,-287.0,309.0,596.0
E02000541,Hounslow,5,4,27.91974758084507,24.003567947217196,414.0,386.0,0.4215885947046843,0.39307535641547864,-0.028513238289205656,-3.9161796336278734,385.0,133.0,639,884,1523,518.0,33.62114248194353,252.0,60.25039123630673,447.0,108.0,690,824,1514,555.0,31.88639365918098,339.0,64.78260869565217,540.0,118.0,658.0,41.838476690741956,422.0,61.085972850678736,540.0,106.0,646.0,37.807133421400266,434.0,65.53398058252428,373.0,467.0,94.0
E02000542,Hounslow,6,4,23.751090553426987,24.035698059714715,501.0,384.0,0.5101832993890021,0.3910386965376782,-0.11914460285132389,0.2846075062877276,544.0,388.0,983,1031,2014,932.0,104.80238331678252,156.0,55.340793489318415,415.0,380.0,893,1037,1930,795.0,81.70984455958549,35.0,46.472564389697645,523.0,337.0,860.0,87.51290963257199,186.0,50.727449078564504,561.0,390.0,951.0,113.36269430051813,171.0,54.09836065573771,471.0,603.0,132.0
E02000543,Hounslow,7,5,19.18650155998559,21.482577060116746,635.0,475.0,0.6466395112016293,0.48370672097759676,-0.16293279022403256,2.296075500131156,359.0,703.0,1284,1417,2701,1062.0,93.43835616438356,-344.0,27.9595015576324,292.0,648.0,1404,1395,2799,940.0,67.60128617363344,-356.0,20.7977207977208,371.0,651.0,1022.0,89.41910403554239,-280.0,26.182074805928018,406.0,744.0,1150.0,107.91854233654877,-338.0,29.10394265232975,315.0,702.0,387.0
E02000544,Hounslow,9,8,12.51328812172216,14.279776210400478,821.0,722.0,0.8360488798370672,0.7352342158859471,-0.10081466395112015,1.766488088678317,53.0,421.0,575,560,1135,474.0,19.659030837004405,-368.0,9.217391304347826,28.0,402.0,501,523,1024,430.0,10.9921875,-374.0,5.588822355289421,50.0,455.0,505.0,20.044052863436125,-405.0,8.928571428571429,47.0,414.0,461.0,19.001953125,-367.0,8.98661567877629,-345.0,61.0,406.0
E02000545,Hounslow,5,4,27.00664685124068,25.576557938913496,427.0,343.0,0.434826883910387,0.34928716904276985,-0.08553971486761713,-1.4300889123271858,504.0,134.0,703,683,1386,638.0,48.72727272727273,370.0,71.6927453769559,462.0,74.0,650,600,1250,536.0,27.3504,388.0,71.07692307692308,457.0,129.0,586.0,42.53463203463203,328.0,66.91068814055637,472.0,113.0,585.0,42.6688,359.0,78.66666666666666,443.0,506.0,63.0
E02000546,Hounslow,7,5,20.050681516923078,21.024059405940594,614.0,490.0,0.6252545824847251,0.4989816700610998,-0.12627291242362532,0.9733778890175167,139.0,518.0,742,853,1595,657.0,45.1423197492163,-379.0,18.733153638814017,82.0,419.0,645,728,1373,501.0,25.024034959941734,-337.0,12.713178294573643,190.0,393.0,583.0,46.81504702194357,-203.0,22.27432590855803,109.0,386.0,495.0,30.643845593590676,-277.0,14.972527472527473,-67.0,212.0,279.0
E02000547,Hounslow,5,6,24.223362533119655,20.505488107236445,481.0,519.0,0.48981670061099797,0.5285132382892057,0.03869653767820774,-3.7178744258832097,352.0,100.0,711,702,1413,452.0,24.911535739561216,252.0,49.507735583684955,385.0,106.0,699,508,1207,491.0,33.811101905550956,279.0,55.07868383404863,361.0,115.0,476.0,29.380750176928522,246.0,51.42450142450142,237.0,104.0,341.0,20.420878210439106,133.0,46.653543307086615,-210.0,152.0,362.0
E02000548,Hounslow,5,4,27.929896883445014,27.051314066708102,413.0,300.0,0.42057026476578413,0.3054989816700611,-0.11507128309572301,-0.8785828167369125,449.0,97.0,836,539,1375,546.0,31.67490909090909,352.0,53.70813397129187,306.0,59.0,646,463,1109,365.0,16.279531109107303,247.0,47.368421052631575,254.0,138.0,392.0,25.492363636363635,116.0,47.124304267161406,240.0,101.0,341.0,21.857529305680792,139.0,51.83585313174947,410.0,463.0,53.0
E02000549,Hounslow,6,5,23.18175690841427,22.363031332280148,528.0,442.0,0.5376782077393075,0.45010183299389,-0.08757637474541752,-0.8187255761341206,326.0,377.0,915,728,1643,703.0,74.80340839926963,-51.0,35.62841530054644,321.0,358.0,847,684,1531,679.0,75.06074461136512,-37.0,37.89846517119244,286.0,529.0,815.0,92.08399269628728,-243.0,39.285714285714285,272.0,424.0,696.0,75.32854343566297,-152.0,39.76608187134503,100.0,371.0,271.0
E02000550,Hounslow,5,4,26.317826609137057,26.45205352662392,444.0,315.0,0.45213849287169044,0.32077393075356414,-0.1313645621181263,0.13422691748686333,409.0,125.0,790,665,1455,534.0,35.13745704467354,284.0,51.77215189873417,365.0,68.0,612,563,1175,433.0,21.123404255319148,297.0,59.64052287581699,338.0,159.0,497.0,36.9360824742268,179.0,50.82706766917293,376.0,91.0,467.0,29.12,285.0,66.78507992895204,379.0,436.0,57.0
E02000551,Hounslow,2,2,36.34527624796842,31.844579723090664,197.0,156.0,0.20061099796334012,0.15885947046843177,-0.04175152749490835,-4.500696524877757,664.0,6.0,679,641,1320,670.0,3.018181818181818,658.0,97.79086892488954,569.0,3.0,587,417,1004,572.0,1.700199203187251,566.0,96.9335604770017,632.0,9.0,641.0,4.3090909090909095,623.0,98.59594383775351,390.0,4.0,394.0,1.5537848605577689,386.0,93.5251798561151,547.0,554.0,7.0
E02000552,Hounslow,7,7,18.244348255504477,17.81200153718813,664.0,601.0,0.6761710794297352,0.6120162932790224,-0.0641547861507128,-0.43234671831634586,138.0,336.0,774,421,1195,474.0,38.801673640167365,-198.0,17.829457364341085,104.0,278.0,611,405,1016,382.0,28.456692913385826,-174.0,17.02127659574468,58.0,549.0,607.0,26.64602510460251,-491.0,13.77672209026128,98.0,416.0,514.0,40.125984251968504,-318.0,24.19753086419753,-221.0,72.0,293.0
E02000553,Hounslow,5,5,26.135274965934897,21.705608289550497,446.0,466.0,0.45417515274949083,0.4745417515274949,0.020366598778004064,-4.4296666763844,281.0,69.0,463,337,800,350.0,24.23625,212.0,60.69114470842333,233.0,68.0,358,288,646,301.0,24.526315789473685,165.0,65.08379888268156,207.0,69.0,276.0,17.85375,138.0,61.42433234421365,164.0,73.0,237.0,18.53250773993808,91.0,56.94444444444444,59.0,167.0,108.0
E02000554,Islington,1,1,44.20665810607711,36.66239345756532,75.0,52.0,0.07637474541751528,0.05295315682281059,-0.02342158859470469,-7.544264648511785,802.0,0.0,917,1068,1985,802.0,0.0,802.0,87.45910577971647,821.0,0.0,950,1051,2001,821.0,0.0,821.0,86.42105263157895,948.0,0.0,948.0,0.0,948.0,88.76404494382022,900.0,0.0,900.0,0.0,900.0,85.6327307326356,826.0,826.0,0.0
E02000555,Islington,3,4,34.1693764019983,26.463004525817734,256.0,314.0,0.2606924643584521,0.319755600814664,0.05906313645621186,-7.706371876180565,461.0,351.0,989,1099,2088,812.0,77.49568965517241,110.0,46.61274014155713,515.0,397.0,1067,1172,2239,912.0,91.31531933899062,118.0,48.26616682286786,557.0,408.0,965.0,108.83908045977012,149.0,50.68243858052776,635.0,423.0,1058.0,119.96650290308173,212.0,54.18088737201365,7.0,486.0,479.0
E02000556,Islington,3,3,35.42910184352518,28.7203258596326,215.0,242.0,0.2189409368635438,0.24643584521384929,0.02749490835030549,-6.708775983892583,636.0,441.0,1305,1367,2672,1077.0,104.9685628742515,195.0,48.735632183908045,797.0,682.0,1734,1697,3431,1479.0,158.4243660740309,115.0,45.963091118800456,720.0,427.0,1147.0,115.05988023952096,293.0,52.67008046817849,749.0,661.0,1410.0,144.29874672107258,88.0,44.136711844431346,525.0,1013.0,488.0
E02000557,Islington,2,2,39.67167364844904,32.96260871100648,145.0,125.0,0.14765784114052954,0.12729124236252545,-0.02036659877800409,-6.709064937442555,636.0,151.0,898,961,1859,787.0,51.66003227541689,485.0,70.8240534521158,701.0,177.0,1051,1092,2143,878.0,57.8987400839944,524.0,66.69838249286394,664.0,112.0,776.0,40.00430338891877,552.0,69.09469302809573,764.0,195.0,959.0,69.51936537564163,569.0,69.96336996336996,661.0,808.0,147.0
E02000558,Islington,1,1,51.70868340473506,41.073897152700376,15.0,17.0,0.015274949083503055,0.017311608961303463,0.0020366598778004084,-10.634786252034687,681.0,0.0,846,992,1838,681.0,0.0,681.0,80.49645390070921,919.0,0.0,1139,1264,2403,919.0,0.0,919.0,80.68481123792802,830.0,0.0,830.0,0.0,830.0,83.66935483870968,1025.0,0.0,1025.0,0.0,1025.0,81.09177215189874,951.0,951.0,0.0
E02000559,Islington,4,6,29.6338894447232,19.866103088566167,371.0,536.0,0.37780040733197556,0.5458248472505092,0.1680244399185336,-9.767786356157032,390.0,611.0,1223,1186,2409,1001.0,98.91656288916563,-221.0,31.888798037612425,366.0,653.0,1239,1156,2395,1019.0,99.79039665970772,-287.0,29.539951573849876,388.0,673.0,1061.0,108.39518472395184,-285.0,32.715008431703204,340.0,702.0,1042.0,99.65762004175366,-362.0,29.411764705882355,-584.0,245.0,829.0
E02000560,Islington,3,4,35.31843022894291,26.430689837598425,218.0,316.0,0.2219959266802444,0.32179226069246436,0.09979633401221996,-8.887740391344483,562.0,519.0,1103,1292,2395,1081.0,121.78622129436326,43.0,50.951949229374435,459.0,662.0,1181,1563,2744,1121.0,110.73542274052478,-203.0,38.8653683319221,542.0,364.0,906.0,82.3749478079332,178.0,41.95046439628483,645.0,533.0,1178.0,125.28607871720116,112.0,41.26679462571977,-321.0,406.0,727.0
E02000561,Islington,4,7,28.651836133488253,17.51918631961259,390.0,610.0,0.3971486761710794,0.6211812627291242,0.2240325865580448,-11.132649813875663,373.0,573.0,884,1157,2041,946.0,104.71778539931407,-200.0,42.19457013574661,312.0,443.0,873,1030,1903,755.0,72.63058328954283,-131.0,35.738831615120276,452.0,414.0,866.0,91.6844683978442,38.0,39.06655142610199,431.0,446.0,877.0,101.01208617971623,-15.0,41.84466019417476,-605.0,141.0,746.0
E02000562,Islington,3,5,33.86163829594152,23.77685093725446,263.0,394.0,0.26782077393075354,0.40122199592668023,0.1334012219959267,-10.084787358687059,408.0,326.0,883,995,1878,734.0,70.82428115015975,82.0,46.206115515288786,408.0,362.0,848,934,1782,770.0,82.88215488215488,46.0,48.113207547169814,538.0,359.0,897.0,102.84451544195953,179.0,54.07035175879397,432.0,331.0,763.0,80.24242424242425,101.0,46.25267665952891,-282.0,262.0,544.0
E02000563,Islington,2,1,39.886018007306156,36.07100637459434,138.0,61.0,0.14052953156822812,0.062118126272912425,-0.07841140529531569,-3.8150116327118155,732.0,180.0,1106,1109,2215,912.0,59.48532731376975,552.0,66.18444846292948,666.0,181.0,1083,1094,2177,847.0,55.37253100597152,485.0,61.495844875346265,719.0,182.0,901.0,59.07810383747179,537.0,64.8331830477908,738.0,228.0,966.0,77.29168580615526,510.0,67.45886654478977,934.0,934.0,0.0
E02000564,Islington,2,3,40.306716794390184,28.143238711292877,130.0,259.0,0.13238289205702647,0.2637474541751528,0.1313645621181263,-12.163478083097306,962.0,261.0,1451,1609,3060,1223.0,82.05294117647058,701.0,66.29910406616126,1227.0,321.0,1877,1883,3760,1548.0,104.75186170212766,906.0,65.37027171017581,1074.0,225.0,1299.0,78.97058823529412,849.0,66.74953387197017,1257.0,322.0,1579.0,107.64734042553191,935.0,66.75517790759426,597.0,1075.0,478.0
E02000565,Islington,2,3,41.51373079882741,30.05893744323342,116.0,202.0,0.11812627291242363,0.20570264765784113,0.0875763747454175,-11.454793355593988,471.0,150.0,882,1000,1882,621.0,37.53985122210415,321.0,53.40136054421769,558.0,253.0,937,994,1931,811.0,73.10926980838944,305.0,59.55176093916755,597.0,168.0,765.0,53.29224229543039,429.0,59.699999999999996,524.0,166.0,690.0,45.04609010875194,358.0,52.716297786720325,137.0,478.0,341.0
E02000566,Islington,4,6,28.955296620529154,19.400200328407223,385.0,561.0,0.3920570264765784,0.5712830957230143,0.17922606924643586,-9.555096292121931,362.0,536.0,938,1052,1990,898.0,97.5035175879397,-174.0,38.59275053304904,407.0,583.0,1244,1115,2359,990.0,100.58541754980924,-176.0,32.71704180064309,399.0,418.0,817.0,83.81005025125629,-19.0,37.9277566539924,384.0,675.0,1059.0,109.87706655362442,-291.0,34.43946188340807,-474.0,263.0,737.0
E02000567,Islington,2,3,37.64801429909249,27.776161795226567,176.0,271.0,0.17922606924643583,0.2759674134419552,0.09674134419551936,-9.87185250386592,692.0,216.0,1218,1364,2582,908.0,57.89000774593338,476.0,56.81444991789819,786.0,191.0,1351,1283,2634,977.0,56.995444191343964,595.0,58.179126572908956,865.0,197.0,1062.0,65.99728892331525,668.0,63.41642228739003,854.0,263.0,1117.0,85.27031131359149,591.0,66.56274356975838,413.0,692.0,279.0
E02000568,Islington,1,2,42.750898618181814,31.54204006648587,99.0,162.0,0.10081466395112017,0.164969450101833,0.06415478615071284,-11.208858551695943,1067.0,0.0,1280,1242,2522,1067.0,0.0,1067.0,83.359375,1295.0,0.0,1616,1393,3009,1295.0,0.0,1295.0,80.13613861386139,1052.0,0.0,1052.0,0.0,1052.0,84.70209339774557,1166.0,0.0,1166.0,0.0,1166.0,83.70423546302943,990.0,1131.0,141.0
E02000569,Islington,2,3,40.09482606465775,29.2265388215859,135.0,225.0,0.13747454175152748,0.22912423625254583,0.09164969450101834,-10.868287243071851,684.0,157.0,996,1221,2217,841.0,48.43843031123139,527.0,68.67469879518072,686.0,228.0,1077,1307,2384,914.0,65.60738255033557,458.0,63.69545032497679,829.0,125.0,954.0,46.741091565178166,704.0,67.8951678951679,816.0,207.0,1023.0,70.85234899328859,609.0,62.433052792654934,313.0,628.0,315.0
E02000570,Islington,6,7,22.861351986070808,16.23433839592219,536.0,650.0,0.5458248472505092,0.6619144602851323,0.11608961303462317,-6.627013590148618,253.0,782.0,1210,1071,2281,1035.0,86.73651907058307,-529.0,20.909090909090907,164.0,988.0,1139,1226,2365,1152.0,68.51247357293869,-824.0,14.398595258999123,208.0,866.0,1074.0,78.96887330118369,-658.0,19.421101774042953,159.0,887.0,1046.0,59.633403805496826,-728.0,12.969004893964112,-856.0,145.0,1001.0
E02000571,Islington,2,2,37.9650182505292,31.614917768317273,169.0,160.0,0.17209775967413443,0.1629327902240326,-0.00916496945010184,-6.350100482211925,511.0,134.0,825,860,1685,645.0,40.63738872403561,377.0,61.93939393939394,594.0,195.0,1090,1054,2144,789.0,54.02518656716418,399.0,54.49541284403669,542.0,177.0,719.0,56.93412462908012,365.0,63.0232558139535,674.0,237.0,911.0,74.50466417910448,437.0,63.946869070208734,699.0,817.0,118.0
E02000572,Islington,1,1,43.131039621981095,35.59977105879728,87.0,70.0,0.08859470468431772,0.07128309572301425,-0.017311608961303473,-7.531268563183815,771.0,0.0,893,981,1874,771.0,0.0,771.0,86.33818589025756,785.0,0.0,902,872,1774,785.0,0.0,785.0,87.02882483370288,777.0,0.0,777.0,0.0,777.0,79.20489296636084,689.0,0.0,689.0,0.0,689.0,79.0137614678899,803.0,803.0,0.0
E02000573,Islington,5,5,28.207348281069866,21.750924327176783,403.0,463.0,0.4103869653767821,0.4714867617107943,0.06109979633401219,-6.456423953893083,320.0,882.0,977,1412,2389,1202.0,118.14148179154458,-562.0,32.75332650972365,416.0,886.0,1686,1437,3123,1302.0,118.01985270573167,-470.0,24.67378410438909,437.0,562.0,999.0,102.80200920887401,-125.0,30.94900849858357,429.0,1085.0,1514.0,149.04418828049953,-656.0,29.853862212943632,-236.0,500.0,736.0
E02000574,Islington,4,4,32.487012750264675,25.39780703695508,296.0,345.0,0.3014256619144603,0.3513238289205703,0.049898167006109995,-7.089205713309596,516.0,772.0,1151,1478,2629,1288.0,151.52225180677064,-256.0,44.83058210251955,497.0,662.0,1165,1429,2594,1159.0,126.83654587509638,-165.0,42.66094420600858,541.0,563.0,1104.0,115.8550779764169,-22.0,36.60351826792964,644.0,573.0,1217.0,142.25597532767927,71.0,45.066480055983206,-29.0,515.0,544.0
E02000575,Islington,5,5,26.664670174557628,21.646702497769848,436.0,469.0,0.4439918533604888,0.4775967413441955,0.0336048879837067,-5.01796767678778,543.0,1403.0,1478,2060,3538,1946.0,215.32758620689654,-860.0,36.73883626522327,453.0,1174.0,1549,1928,3477,1627.0,152.95427092320966,-721.0,29.244673983214973,492.0,781.0,1273.0,108.60712266817411,-289.0,23.883495145631066,543.0,932.0,1475.0,145.54961173425366,-389.0,28.16390041493776,-576.0,493.0,1069.0
E02000576,Islington,3,4,33.18792029931828,26.248406675017893,280.0,324.0,0.285132382892057,0.329938900203666,0.044806517311609007,-6.939513624300385,533.0,473.0,980,1164,2144,1006.0,117.58815298507463,60.0,54.38775510204081,648.0,520.0,1344,1322,2666,1168.0,126.39159789947487,128.0,48.214285714285715,562.0,362.0,924.0,94.88992537313433,200.0,48.281786941580755,654.0,547.0,1201.0,134.185296324081,107.0,49.47049924357035,30.0,578.0,548.0
E02000577,Kensington and Chelsea,1,1,48.76204338380331,48.5609447967714,29.0,2.0,0.029531568228105907,0.002036659877800407,-0.0274949083503055,-0.20109858703190753,434.0,0.0,507,567,1074,434.0,0.0,434.0,85.60157790927022,439.0,0.0,497,585,1082,439.0,0.0,439.0,88.32997987927565,522.0,0.0,522.0,0.0,522.0,92.06349206349206,520.0,0.0,520.0,0.0,520.0,88.88888888888889,410.0,410.0,0.0
E02000578,Kensington and Chelsea,2,1,42.02997782683684,42.82580601324953,110.0,10.0,0.1120162932790224,0.010183299389002037,-0.10183299389002037,0.7958281864126917,246.0,40.0,440,360,800,286.0,12.3,206.0,55.90909090909091,196.0,41.0,288,324,612,237.0,13.130718954248366,155.0,68.05555555555556,249.0,107.0,356.0,33.30375,142.0,69.16666666666667,232.0,39.0,271.0,14.784313725490197,193.0,71.60493827160494,235.0,235.0,0.0
E02000579,Kensington and Chelsea,2,2,38.06222286675952,30.375238921230842,167.0,194.0,0.17006109979633402,0.1975560081466395,0.02749490835030549,-7.686983945528677,514.0,91.0,787,840,1627,605.0,28.74861708666257,423.0,65.31130876747142,487.0,83.0,712,775,1487,570.0,27.18291862811029,404.0,68.39887640449437,590.0,112.0,702.0,40.61462814996927,478.0,70.23809523809523,569.0,84.0,653.0,32.14256893073302,485.0,73.41935483870968,383.0,498.0,115.0
E02000580,Kensington and Chelsea,2,1,39.83334010283074,35.25206233893729,139.0,76.0,0.1415478615071283,0.07739307535641547,-0.06415478615071284,-4.581277763893446,701.0,139.0,949,973,1922,840.0,50.69667013527575,562.0,73.86722866174921,553.0,99.0,738,749,1487,652.0,36.817081371889714,454.0,74.93224932249322,677.0,99.0,776.0,34.87148803329865,578.0,69.57862281603289,527.0,83.0,610.0,29.41560188298588,444.0,70.36048064085448,639.0,639.0,0.0
E02000581,Kensington and Chelsea,2,1,41.13415795560427,41.39443757988922,120.0,14.0,0.12219959266802444,0.014256619144602852,-0.10794297352342158,0.2602796242849479,298.0,80.0,481,593,1074,378.0,22.197392923649907,218.0,61.95426195426196,274.0,60.0,423,486,909,334.0,18.085808580858085,214.0,64.77541371158392,390.0,88.0,478.0,31.955307262569832,302.0,65.7672849915683,318.0,63.0,381.0,22.03960396039604,255.0,65.4320987654321,323.0,323.0,0.0
E02000582,Kensington and Chelsea,7,7,18.326285900248074,16.725240580519117,663.0,636.0,0.675152749490835,0.6476578411405295,-0.027494908350305547,-1.6010453197289571,255.0,655.0,890,1130,2020,910.0,82.68564356435644,-400.0,28.651685393258425,192.0,522.0,859,943,1802,714.0,55.61820199778025,-330.0,22.351571594877765,245.0,481.0,726.0,58.33910891089109,-236.0,21.68141592920354,256.0,510.0,766.0,72.45283018867924,-254.0,27.1474019088017,-185.0,235.0,420.0
E02000583,Kensington and Chelsea,7,7,18.676981414487194,16.841671646078712,650.0,633.0,0.6619144602851323,0.6446028513238289,-0.01731160896130346,-1.8353097684084823,188.0,497.0,789,878,1667,685.0,56.0503899220156,-309.0,23.827629911280102,197.0,387.0,708,654,1362,584.0,55.97577092511013,-190.0,27.82485875706215,209.0,428.0,637.0,53.66046790641872,-219.0,23.804100227790435,176.0,396.0,572.0,51.17180616740088,-220.0,26.911314984709477,-65.0,232.0,297.0
E02000584,Kensington and Chelsea,9,9,12.80890083516752,11.600910576314122,807.0,802.0,0.8217922606924644,0.8167006109979633,-0.005091649694501044,-1.207990258853398,19.0,770.0,860,904,1764,789.0,8.293650793650794,-751.0,2.2093023255813953,15.0,702.0,840,813,1653,717.0,6.3702359346642465,-687.0,1.7857142857142856,22.0,683.0,705.0,8.51814058956916,-661.0,2.433628318584071,35.0,704.0,739.0,14.906231094978827,-669.0,4.305043050430505,-609.0,41.0,650.0
E02000585,Kensington and Chelsea,7,7,20.16497963239504,16.70170442499692,611.0,639.0,0.6221995926680245,0.6507128309572301,0.0285132382892056,-3.4632752073981194,262.0,455.0,877,919,1796,717.0,66.37527839643653,-193.0,29.874572405929307,262.0,448.0,837,767,1604,710.0,73.17705735660847,-186.0,31.30227001194743,302.0,432.0,734.0,72.64142538975501,-130.0,32.861806311207836,214.0,470.0,684.0,62.70573566084788,-256.0,27.90091264667536,-118.0,276.0,394.0
E02000586,Kensington and Chelsea,9,9,11.434909092032438,9.498918296739854,856.0,876.0,0.8716904276985743,0.8920570264765784,0.020366598778004064,-1.935990795292584,79.0,861.0,959,1106,2065,940.0,32.938983050847455,-782.0,8.237747653806048,21.0,574.0,772,767,1539,595.0,7.832358674463937,-553.0,2.7202072538860103,27.0,637.0,664.0,8.328813559322034,-610.0,2.4412296564195297,22.0,590.0,612.0,8.43404808317089,-568.0,2.8683181225554106,-487.0,68.0,555.0
E02000587,Kensington and Chelsea,8,9,13.354252472417919,11.36996299297677,785.0,812.0,0.7993890020366599,0.8268839103869654,0.027494908350305547,-1.9842894794411485,263.0,585.0,815,882,1697,848.0,90.66293459045374,-322.0,32.26993865030675,180.0,538.0,852,785,1637,718.0,59.156994502138055,-358.0,21.12676056338028,195.0,479.0,674.0,55.04124926340601,-284.0,22.108843537414966,182.0,583.0,765.0,64.81734880879658,-401.0,23.18471337579618,-506.0,74.0,580.0
E02000588,Kensington and Chelsea,9,9,11.333258003431792,11.116954691358025,859.0,824.0,0.8747454175152749,0.8391038696537678,-0.035641547861507084,-0.21630331207376763,22.0,628.0,952,853,1805,650.0,7.6542936288088645,-606.0,2.3109243697478994,30.0,477.0,805,658,1463,507.0,9.781271360218728,-447.0,3.7267080745341614,9.0,702.0,711.0,3.5002770083102495,-693.0,1.0550996483001172,12.0,616.0,628.0,5.052631578947368,-604.0,1.82370820668693,-339.0,99.0,438.0
E02000589,Kensington and Chelsea,7,7,17.864227920416862,16.74312407321594,680.0,635.0,0.6924643584521385,0.6466395112016293,-0.04582484725050917,-1.1211038472009207,665.0,708.0,1313,1266,2579,1373.0,182.55913144629702,-43.0,50.64737242955065,477.0,536.0,1289,1047,2336,1013.0,109.4486301369863,-59.0,37.00543056633049,418.0,496.0,914.0,80.39084916634354,-78.0,33.0173775671406,380.0,658.0,1038.0,107.03767123287672,-278.0,36.29417382999045,14.0,502.0,488.0
E02000590,Kensington and Chelsea,7,6,19.385013797576622,20.742080588075144,630.0,504.0,0.6415478615071283,0.5132382892057027,-0.1283095723014256,1.3570667904985214,345.0,331.0,723,793,1516,676.0,75.32651715039577,14.0,47.71784232365145,253.0,268.0,780,605,1385,521.0,48.95595667870036,-15.0,32.43589743589744,364.0,293.0,657.0,70.35092348284961,71.0,45.90163934426229,238.0,418.0,656.0,71.82960288808664,-180.0,39.33884297520661,277.0,441.0,164.0
E02000591,Kensington and Chelsea,4,3,30.4618304476289,28.766785788458684,352.0,239.0,0.35845213849287166,0.24338085539714868,-0.11507128309572298,-1.6950446591702146,597.0,170.0,744,792,1536,767.0,66.07421875,427.0,80.24193548387096,606.0,166.0,863,776,1639,772.0,61.3764490543014,440.0,70.22016222479722,572.0,109.0,681.0,40.591145833333336,463.0,72.22222222222221,571.0,199.0,770.0,69.32824893227578,372.0,73.58247422680412,577.0,669.0,92.0
E02000592,Kensington and Chelsea,9,9,12.94032297441207,11.406496805338634,800.0,809.0,0.814663951120163,0.8238289205702648,0.009164969450101812,-1.5338261690734356,8.0,907.0,842,1133,1975,915.0,3.6739240506329116,-899.0,0.9501187648456058,11.0,709.0,865,882,1747,720.0,4.464224384659416,-698.0,1.2716763005780347,24.0,643.0,667.0,7.81367088607595,-619.0,2.118270079435128,16.0,661.0,677.0,6.053806525472238,-645.0,1.8140589569160999,-608.0,53.0,661.0
E02000593,Kensington and Chelsea,6,6,23.96277642444911,19.46751882586079,492.0,556.0,0.5010183299389002,0.5661914460285132,0.06517311608961307,-4.495257598588321,559.0,407.0,955,1142,2097,966.0,108.49451597520267,152.0,58.53403141361257,552.0,377.0,1147,1097,2244,929.0,92.7379679144385,175.0,48.12554489973845,611.0,293.0,904.0,85.37100619933238,318.0,53.502626970227674,525.0,465.0,990.0,108.79010695187166,60.0,47.85779398359161,305.0,612.0,307.0
E02000594,Kensington and Chelsea,8,8,14.155935042608935,12.731745489199492,768.0,769.0,0.7820773930753564,0.7830957230142567,0.0010183299389002753,-1.4241895534094429,220.0,423.0,676,736,1412,643.0,65.90651558073654,-203.0,32.544378698224854,103.0,349.0,508,591,1099,452.0,32.70882620564149,-246.0,20.275590551181104,178.0,318.0,496.0,40.08781869688385,-140.0,24.184782608695652,128.0,330.0,458.0,38.43494085532302,-202.0,21.658206429780034,-195.0,127.0,322.0
E02000595,Kensington and Chelsea,8,8,14.847629761287683,14.963156975228163,753.0,704.0,0.7668024439918534,0.7169042769857433,-0.04989816700611005,0.11552721394047971,169.0,419.0,754,762,1516,588.0,46.70910290237467,-250.0,22.413793103448278,134.0,471.0,725,741,1466,605.0,43.05184174624829,-337.0,18.482758620689655,179.0,429.0,608.0,50.653693931398415,-250.0,23.490813648293962,138.0,445.0,583.0,41.88949522510232,-307.0,18.62348178137652,-257.0,163.0,420.0
E02000596,Kensington and Chelsea,8,8,14.69572480596248,12.341827482927998,758.0,782.0,0.7718940936863544,0.7963340122199593,0.024439918533604832,-2.353897323034481,205.0,875.0,918,1272,2190,1080.0,81.90639269406392,-670.0,22.33115468409586,211.0,613.0,926,924,1850,824.0,69.91513513513513,-402.0,22.786177105831534,213.0,553.0,766.0,53.78493150684932,-340.0,16.745283018867923,159.0,598.0,757.0,51.395675675675676,-439.0,17.20779220779221,-336.0,228.0,564.0
E02000597,Kensington and Chelsea,4,2,30.582419772791027,32.16868196180794,348.0,145.0,0.3543788187372709,0.14765784114052954,-0.20672097759674135,1.5862621890169137,467.0,103.0,646,552,1198,570.0,40.151085141903174,364.0,72.29102167182663,353.0,89.0,501,510,1011,442.0,31.07517309594461,264.0,70.45908183632734,403.0,135.0,538.0,45.413188647746246,268.0,73.0072463768116,377.0,114.0,491.0,42.510385756676556,263.0,73.92156862745098,383.0,406.0,23.0
E02000598,Kingston upon Thames,10,10,7.165588229296925,6.144264335145823,957.0,961.0,0.9745417515274949,0.9786150712830958,0.004073319755600879,-1.0213238941511023,0.0,271.0,442,388,830,271.0,0.0,-271.0,0.0,0.0,240.0,444,335,779,240.0,0.0,-240.0,0.0,0.0,298.0,298.0,0.0,-298.0,0.0,0.0,294.0,294.0,0.0,-294.0,0.0,-226.0,0.0,226.0
E02000599,Kingston upon Thames,10,10,8.383829453507566,7.575964670508644,931.0,933.0,0.9480651731160896,0.9501018329938901,0.0020366598778004397,-0.8078647829989221,0.0,440.0,609,643,1252,440.0,0.0,-440.0,0.0,0.0,389.0,396,543,939,389.0,0.0,-389.0,0.0,0.0,419.0,419.0,0.0,-419.0,0.0,0.0,251.0,251.0,0.0,-251.0,0.0,-384.0,0.0,384.0
E02000600,Kingston upon Thames,10,10,10.298135890699088,8.83027120511126,886.0,902.0,0.9022403258655805,0.9185336048879837,0.016293279022403295,-1.4678646855878288,0.0,594.0,1023,830,1853,594.0,0.0,-594.0,0.0,0.0,453.0,715,626,1341,453.0,0.0,-453.0,0.0,0.0,708.0,708.0,0.0,-708.0,0.0,0.0,518.0,518.0,0.0,-518.0,0.0,-444.0,0.0,444.0
E02000601,Kingston upon Thames,9,10,11.532521458687896,9.207309253246754,851.0,885.0,0.8665987780040734,0.9012219959266803,0.03462321792260692,-2.325212205441142,394.0,310.0,1150,795,1945,704.0,62.796915167095115,84.0,34.26086956521739,248.0,284.0,899,764,1663,532.0,42.35237522549609,-36.0,27.586206896551722,297.0,521.0,818.0,79.55629820051414,-224.0,37.35849056603773,333.0,459.0,792.0,91.91040288634997,-126.0,43.58638743455497,-474.0,0.0,474.0
E02000602,Kingston upon Thames,6,6,22.714853446219383,19.051740089362106,543.0,571.0,0.5529531568228105,0.5814663951120163,0.02851323828920571,-3.663113356857277,1052.0,141.0,1223,1049,2272,1193.0,65.28697183098592,911.0,86.01798855273917,846.0,140.0,1122,952,2074,986.0,57.107039537126326,706.0,75.40106951871658,879.0,124.0,1003.0,47.973591549295776,755.0,83.79408960915157,771.0,217.0,988.0,80.66875602700097,554.0,80.9873949579832,711.0,856.0,145.0
E02000603,Kingston upon Thames,8,7,17.464010448346055,17.889809137540258,689.0,597.0,0.7016293279022403,0.6079429735234216,-0.09368635437881867,0.4257986891942025,426.0,151.0,691,645,1336,577.0,48.14820359281437,275.0,61.64978292329957,349.0,198.0,616,643,1259,547.0,54.88641779189833,151.0,56.65584415584416,425.0,192.0,617.0,61.07784431137725,233.0,65.89147286821705,400.0,230.0,630.0,73.07386814932487,170.0,62.208398133748055,209.0,388.0,179.0
E02000604,Kingston upon Thames,10,9,9.222968229676217,10.649229860724233,912.0,839.0,0.9287169042769857,0.8543788187372708,-0.07433808553971488,1.4262616310480158,0.0,442.0,716,699,1415,442.0,0.0,-442.0,0.0,0.0,424.0,658,651,1309,424.0,0.0,-424.0,0.0,0.0,466.0,466.0,0.0,-466.0,0.0,0.0,467.0,467.0,0.0,-467.0,0.0,-137.0,179.0,316.0
E02000605,Kingston upon Thames,10,9,9.246283909449321,11.17658766670745,911.0,819.0,0.9276985743380856,0.8340122199592668,-0.09368635437881878,1.9303037572581285,0.0,314.0,678,537,1215,314.0,0.0,-314.0,0.0,0.0,274.0,536,452,988,274.0,0.0,-274.0,0.0,0.0,400.0,400.0,0.0,-400.0,0.0,0.0,332.0,332.0,0.0,-332.0,0.0,-68.0,132.0,200.0
E02000606,Kingston upon Thames,9,9,11.950520457108935,10.246356522578155,834.0,853.0,0.8492871690427699,0.8686354378818737,0.019348268839103788,-1.7041639345307793,476.0,607.0,1595,1329,2924,1083.0,98.81395348837209,-131.0,29.843260188087772,434.0,553.0,1436,1113,2549,987.0,94.15535504119262,-119.0,30.22284122562674,337.0,647.0,984.0,74.5687414500684,-310.0,25.357411587659897,244.0,664.0,908.0,63.56061200470773,-420.0,21.92273135669362,-103.0,481.0,584.0
E02000607,Kingston upon Thames,10,10,9.265764802606531,7.982177685950413,909.0,924.0,0.9256619144602851,0.9409368635437881,0.01527494908350302,-1.2835871166561184,0.0,801.0,701,940,1641,801.0,0.0,-801.0,0.0,0.0,563.0,656,684,1340,563.0,0.0,-563.0,0.0,0.0,567.0,567.0,0.0,-567.0,0.0,0.0,540.0,540.0,0.0,-540.0,0.0,-562.0,0.0,562.0
E02000608,Kingston upon Thames,9,9,12.808349356499358,11.443785520575403,808.0,804.0,0.8228105906313645,0.8187372708757638,-0.004073319755600768,-1.3645638359239545,276.0,452.0,1142,1079,2221,728.0,56.16929311121117,-176.0,24.168126094570926,209.0,338.0,828,807,1635,547.0,43.20611620795107,-129.0,25.24154589371981,211.0,536.0,747.0,50.92120666366502,-325.0,19.555143651529193,198.0,435.0,633.0,52.678899082568805,-237.0,24.53531598513011,-139.0,207.0,346.0
E02000609,Kingston upon Thames,9,8,13.08453493666801,13.533696764973367,796.0,746.0,0.8105906313645621,0.7596741344195519,-0.050916496945010215,0.4491618283053569,211.0,139.0,407,434,841,350.0,34.873959571938165,72.0,51.842751842751845,181.0,147.0,416,359,775,328.0,34.3316129032258,34.0,43.50961538461539,228.0,124.0,352.0,33.617122473246134,104.0,52.53456221198156,145.0,150.0,295.0,28.06451612903226,-5.0,40.389972144846794,140.0,255.0,115.0
E02000610,Kingston upon Thames,8,8,14.40965915336217,14.55825623610768,766.0,714.0,0.780040733197556,0.7270875763747454,-0.05295315682281054,0.14859708274550876,695.0,249.0,1065,929,1994,944.0,86.78786359077232,446.0,65.25821596244131,527.0,122.0,837,584,1421,649.0,45.245601688951446,405.0,62.96296296296296,595.0,275.0,870.0,82.05867602808425,320.0,64.04736275565124,417.0,243.0,660.0,71.30964109781844,174.0,71.4041095890411,359.0,501.0,142.0
E02000611,Kingston upon Thames,10,10,5.357567997948858,5.68777624602333,976.0,970.0,0.9938900203665988,0.9877800407331976,-0.006109979633401208,0.3302082480744719,0.0,303.0,351,380,731,303.0,0.0,-303.0,0.0,0.0,151.0,338,200,538,151.0,0.0,-151.0,0.0,0.0,258.0,258.0,0.0,-258.0,0.0,0.0,254.0,254.0,0.0,-254.0,0.0,-156.0,0.0,156.0
E02000612,Kingston upon Thames,10,10,8.124465040358745,9.021012397201423,933.0,893.0,0.9501018329938901,0.9093686354378818,-0.04073319755600824,0.8965473568426781,0.0,299.0,470,434,904,299.0,0.0,-299.0,0.0,0.0,282.0,476,404,880,282.0,0.0,-282.0,0.0,0.0,307.0,307.0,0.0,-307.0,0.0,0.0,326.0,326.0,0.0,-326.0,0.0,-316.0,0.0,316.0
E02000613,Kingston upon Thames,9,9,11.945536291799517,11.422265350349145,835.0,806.0,0.8503054989816701,0.8207739307535642,-0.029531568228105876,-0.523270941450372,159.0,183.0,692,523,1215,342.0,23.94814814814815,-24.0,22.976878612716764,106.0,160.0,583,367,950,266.0,17.852631578947367,-54.0,18.181818181818183,132.0,291.0,423.0,31.614814814814814,-159.0,25.239005736137663,94.0,288.0,382.0,28.49684210526316,-194.0,25.61307901907357,-112.0,86.0,198.0
E02000614,Kingston upon Thames,9,8,12.882069875297477,14.952286455981941,804.0,706.0,0.8187372708757638,0.7189409368635438,-0.09979633401221999,2.0702165806844643,170.0,223.0,545,570,1115,393.0,34.0,-53.0,31.19266055045872,186.0,178.0,568,445,1013,364.0,32.68311944718658,8.0,32.74647887323944,139.0,222.0,361.0,27.675336322869956,-83.0,24.385964912280702,107.0,225.0,332.0,23.76604146100691,-118.0,24.044943820224717,169.0,308.0,139.0
E02000615,Kingston upon Thames,9,9,10.762179182171062,10.277038765621015,874.0,849.0,0.890020366598778,0.8645621181262729,-0.025458248472505107,-0.48514041655004725,129.0,135.0,434,335,769,264.0,22.64629388816645,-6.0,29.723502304147466,122.0,124.0,408,283,691,246.0,21.892908827785817,-2.0,29.901960784313726,107.0,183.0,290.0,25.4629388816645,-76.0,31.94029850746269,90.0,166.0,256.0,21.62083936324168,-76.0,31.802120141342755,-47.0,100.0,147.0
E02000616,Kingston upon Thames,10,9,9.297869496269275,9.510588321405335,908.0,875.0,0.924643584521385,0.8910386965376782,-0.033604887983706755,0.21271882513605966,0.0,203.0,249,254,503,203.0,0.0,-203.0,0.0,0.0,145.0,317,184,501,145.0,0.0,-145.0,0.0,0.0,198.0,198.0,0.0,-198.0,0.0,0.0,261.0,261.0,0.0,-261.0,0.0,-31.0,70.0,101.0
E02000617,Kingston upon Thames,8,7,14.486378140096052,16.046457655826558,763.0,659.0,0.7769857433808554,0.6710794297352343,-0.10590631364562109,1.5600795157305054,347.0,46.0,498,274,772,393.0,20.67616580310881,301.0,69.67871485943775,234.0,61.0,365,268,633,295.0,22.549763033175356,173.0,64.10958904109589,200.0,74.0,274.0,19.17098445595855,126.0,72.99270072992701,190.0,88.0,278.0,26.41390205371248,102.0,70.8955223880597,204.0,260.0,56.0
E02000619,Lambeth,3,3,34.8299188018376,27.95872657326596,232.0,265.0,0.23625254582484725,0.269857433808554,0.03360488798370673,-6.8711922285716405,521.0,144.0,825,866,1691,665.0,44.36664695446481,377.0,63.15151515151515,479.0,195.0,791,873,1664,674.0,56.1328125,284.0,60.556257901390644,597.0,191.0,788.0,67.43169722057954,406.0,68.93764434180139,536.0,181.0,717.0,58.30288461538461,355.0,61.39747995418099,263.0,466.0,203.0
E02000620,Lambeth,4,4,32.13140593810032,25.996945037564256,309.0,331.0,0.31466395112016293,0.33706720977596744,0.022403258655804503,-6.134460900536066,501.0,409.0,1134,1129,2263,910.0,90.54750331418471,92.0,44.17989417989418,533.0,497.0,1135,1315,2450,1030.0,108.12285714285714,36.0,46.960352422907484,515.0,484.0,999.0,110.14582412726469,31.0,45.61558901682905,647.0,466.0,1113.0,123.06204081632653,181.0,49.20152091254753,76.0,546.0,470.0
E02000621,Lambeth,5,4,27.439728290940266,25.985237829938807,421.0,333.0,0.4287169042769857,0.3391038696537678,-0.0896130346232179,-1.454490461001459,486.0,700.0,1656,1318,2974,1186.0,114.39139206455951,-214.0,29.347826086956523,691.0,1152.0,2113,2140,4253,1843.0,187.16952739242888,-461.0,32.70231897775675,402.0,917.0,1319.0,123.95225285810356,-515.0,30.500758725341427,697.0,1165.0,1862.0,190.92522924994122,-468.0,32.570093457943926,365.0,1036.0,671.0
E02000622,Lambeth,4,5,31.360858549542872,23.477881069042315,330.0,404.0,0.3360488798370672,0.41140529531568226,0.07535641547861505,-7.882977480500557,457.0,448.0,977,1143,2120,905.0,96.57358490566038,9.0,46.775844421699084,568.0,555.0,1236,1316,2552,1123.0,123.52664576802508,13.0,45.9546925566343,499.0,355.0,854.0,83.55896226415095,144.0,43.657042869641295,574.0,478.0,1052.0,107.51253918495298,96.0,43.61702127659575,-345.0,380.0,725.0
E02000623,Lambeth,3,3,34.78000505757196,28.88501671547096,235.0,235.0,0.23930753564154786,0.23930753564154786,0.0,-5.894988342101001,464.0,187.0,731,869,1600,651.0,54.23,277.0,63.47469220246238,500.0,199.0,770,963,1733,699.0,57.41488747836122,301.0,64.93506493506493,545.0,132.0,677.0,44.9625,413.0,62.715765247410815,583.0,152.0,735.0,51.13444893248702,431.0,60.53997923156802,293.0,504.0,211.0
E02000624,Lambeth,2,3,36.78620936434303,29.001417292784733,189.0,229.0,0.1924643584521385,0.23319755600814665,0.040733197556008155,-7.7847920715582966,785.0,42.0,969,974,1943,827.0,16.968605249614,743.0,81.01135190918473,919.0,79.0,1140,1225,2365,998.0,30.698097251585622,840.0,80.61403508771929,794.0,38.0,832.0,15.52856407617087,756.0,81.51950718685832,982.0,82.0,1064.0,34.04820295983087,900.0,80.16326530612244,478.0,738.0,260.0
E02000625,Lambeth,3,2,33.94313390862337,31.110134624524715,259.0,174.0,0.2637474541751528,0.17718940936863545,-0.08655804480651733,-2.8329992840986584,505.0,192.0,843,1086,1929,697.0,50.26438569206843,313.0,59.90510083036773,589.0,281.0,1015,1237,2252,870.0,73.49422735346359,308.0,58.029556650246306,698.0,199.0,897.0,72.00725764644893,499.0,64.27255985267035,756.0,258.0,1014.0,86.61101243339255,498.0,61.11560226354082,697.0,797.0,100.0
E02000626,Lambeth,2,1,40.324443028550775,35.384266167699685,127.0,75.0,0.12932790224032586,0.07637474541751528,-0.052953156822810585,-4.940176860851089,614.0,34.0,842,914,1756,648.0,11.888382687927107,580.0,72.92161520190024,457.0,56.0,597,813,1410,513.0,18.150354609929078,401.0,76.54941373534339,709.0,33.0,742.0,13.324031890660592,676.0,77.57111597374178,625.0,43.0,668.0,19.06028368794326,582.0,76.87576875768758,529.0,529.0,0.0
E02000627,Lambeth,4,3,32.301360742869086,29.569132899817113,302.0,214.0,0.3075356415478615,0.21792260692464357,-0.08961303462321793,-2.732227843051973,761.0,484.0,1507,1414,2921,1245.0,126.09517288599794,277.0,50.49767750497678,617.0,613.0,1268,1587,2855,1230.0,132.47670753064799,4.0,48.65930599369085,807.0,548.0,1355.0,151.39883601506332,259.0,57.07213578500707,780.0,497.0,1277.0,135.78283712784588,283.0,49.14933837429111,489.0,819.0,330.0
E02000628,Lambeth,2,1,41.985913581338,38.76461111689393,111.0,36.0,0.11303462321792261,0.03665987780040733,-0.07637474541751528,-3.221302464444065,611.0,38.0,847,1080,1927,649.0,12.048780487804878,573.0,72.13695395513578,983.0,85.0,1257,1440,2697,1068.0,30.980719317760474,898.0,78.20206841686556,854.0,59.0,913.0,26.14737934613389,795.0,79.07407407407408,1114.0,60.0,1174.0,24.783092324805338,1054.0,77.36111111111111,1149.0,1149.0,0.0
E02000629,Lambeth,5,5,28.427252767629803,22.65602082191781,397.0,436.0,0.40427698574338083,0.4439918533604888,0.03971486761710796,-5.7712319457119925,476.0,515.0,1174,1481,2655,991.0,92.33145009416197,-39.0,40.54514480408859,608.0,711.0,1493,1682,3175,1319.0,136.15370078740156,-103.0,40.72337575351641,746.0,504.0,1250.0,141.6135593220339,242.0,50.371370695476024,707.0,650.0,1357.0,144.74015748031496,57.0,42.0332936979786,-16.0,649.0,665.0
E02000630,Lambeth,5,6,26.990355788604457,20.472349980986184,428.0,520.0,0.43584521384928715,0.5295315682281059,0.09368635437881873,-6.518005807618273,452.0,370.0,935,1115,2050,822.0,81.58048780487805,82.0,48.342245989304814,481.0,407.0,1071,1180,2251,888.0,86.96890270990671,74.0,44.91129785247433,538.0,322.0,860.0,84.50536585365853,216.0,48.25112107623318,570.0,427.0,997.0,108.12527765437584,143.0,48.30508474576271,-153.0,393.0,546.0
E02000631,Lambeth,5,6,25.697980405344204,19.12386262647335,453.0,570.0,0.46130346232179226,0.5804480651731161,0.11914460285132383,-6.574117778870853,281.0,567.0,1083,1118,2201,848.0,72.3884597910041,-286.0,25.94644506001847,263.0,634.0,1024,1198,2222,897.0,75.04140414041404,-371.0,25.68359375,308.0,571.0,879.0,79.90368014538846,-263.0,27.549194991055455,327.0,546.0,873.0,80.35193519351935,-219.0,27.295492487479134,-568.0,209.0,777.0
E02000632,Lambeth,6,5,23.574841554224463,23.357236886254334,510.0,408.0,0.5193482688391039,0.4154786150712831,-0.10386965376782081,-0.21760466797012867,371.0,1301.0,1603,1971,3574,1672.0,135.0506435366536,-930.0,23.144104803493452,474.0,1387.0,1887,2185,4072,1861.0,161.4533398821218,-913.0,25.119236883942765,482.0,1076.0,1558.0,145.11247901510913,-594.0,24.45459157787925,505.0,1243.0,1748.0,154.15397838899804,-738.0,23.112128146453088,-97.0,798.0,895.0
E02000633,Lambeth,2,2,41.8273370539227,32.63786933069133,112.0,133.0,0.11405295315682282,0.1354378818737271,0.021384928716904283,-9.189467723231367,909.0,31.0,1074,1192,2266,940.0,12.435569285083849,878.0,84.63687150837988,896.0,73.0,1107,1393,2500,969.0,26.1632,823.0,80.93947606142729,952.0,41.0,993.0,17.22506619593998,911.0,79.86577181208054,1138.0,52.0,1190.0,23.6704,1086.0,81.69418521177315,788.0,895.0,107.0
E02000634,Lambeth,3,3,34.206662760736194,30.16654974528019,254.0,199.0,0.25865580448065173,0.20264765784114053,-0.0560081466395112,-4.040113015456004,649.0,142.0,870,1014,1884,791.0,48.91613588110403,507.0,74.59770114942529,644.0,152.0,958,1105,2063,796.0,47.44934561318468,492.0,67.22338204592901,758.0,109.0,867.0,43.85456475583864,649.0,74.7534516765286,822.0,179.0,1001.0,71.32234609791566,643.0,74.38914027149322,517.0,679.0,162.0
E02000635,Lambeth,3,4,34.34162581959157,26.395909744580383,246.0,318.0,0.2505091649694501,0.32382892057026474,0.07331975560081466,-7.9457160750111875,693.0,238.0,1111,1219,2330,931.0,70.78712446351932,455.0,62.37623762376238,728.0,231.0,1174,1282,2456,959.0,68.47231270358306,497.0,62.01022146507667,800.0,255.0,1055.0,87.55364806866953,545.0,65.62756357670222,908.0,280.0,1188.0,103.51791530944625,628.0,70.82683307332293,232.0,595.0,363.0
E02000636,Lambeth,7,7,20.371509205393377,15.979028808655178,604.0,662.0,0.615071283095723,0.6741344195519349,0.05906313645621186,-4.392480396738199,233.0,804.0,986,1227,2213,1037.0,84.65070040668775,-571.0,23.63083164300203,252.0,855.0,1125,1277,2402,1107.0,89.70024979184014,-603.0,22.400000000000002,324.0,698.0,1022.0,102.1924988703118,-374.0,26.405867970660147,326.0,796.0,1122.0,108.03330557868443,-470.0,25.52858261550509,-409.0,331.0,740.0
E02000637,Lambeth,5,5,28.442260803499483,22.2360567321409,396.0,444.0,0.40325865580448067,0.45213849287169044,0.048879837067209775,-6.206204071358584,411.0,783.0,1267,1381,2648,1194.0,121.53058912386707,-372.0,32.438831886345696,379.0,757.0,1288,1423,2711,1136.0,105.82921431206196,-378.0,29.425465838509318,373.0,674.0,1047.0,94.940332326284,-301.0,27.009413468501087,408.0,738.0,1146.0,111.06750276650682,-330.0,28.671820098383698,-307.0,431.0,738.0
E02000638,Lambeth,3,4,35.127548866437664,24.584443094250148,224.0,368.0,0.22810590631364563,0.37474541751527496,0.14663951120162932,-10.543105772187516,802.0,214.0,1270,1307,2577,1016.0,66.5999223903764,588.0,63.1496062992126,875.0,242.0,1414,1508,2922,1117.0,72.46748802190281,633.0,61.88118811881188,851.0,263.0,1114.0,86.85021342646488,588.0,65.11094108645754,1040.0,322.0,1362.0,114.60643394934976,718.0,68.96551724137932,286.0,738.0,452.0
E02000639,Lambeth,3,3,35.47868776819806,28.602146796724472,212.0,245.0,0.2158859470468432,0.2494908350305499,0.0336048879837067,-6.876540971473585,556.0,152.0,929,909,1838,708.0,45.98041349292709,404.0,59.84930032292788,683.0,178.0,1024,1051,2075,861.0,58.58987951807229,505.0,66.69921875,600.0,203.0,803.0,66.2676822633297,397.0,66.006600660066,727.0,174.0,901.0,60.96289156626506,553.0,69.17221693625119,518.0,719.0,201.0
E02000640,Lambeth,6,7,21.849598633125066,16.023858913447636,570.0,660.0,0.5804480651731161,0.6720977596741344,0.09164969450101834,-5.825739719677429,456.0,708.0,1151,1344,2495,1164.0,129.39799599198398,-252.0,39.61772371850565,429.0,672.0,1257,1265,2522,1101.0,114.30927835051547,-243.0,34.12887828162291,472.0,547.0,1019.0,103.4805611222445,-75.0,35.11904761904761,459.0,689.0,1148.0,125.39690721649484,-230.0,36.284584980237156,-350.0,382.0,732.0
E02000641,Lambeth,2,2,37.77059364734024,32.59530040098018,171.0,134.0,0.17413441955193482,0.1364562118126273,-0.03767820773930752,-5.175293246360063,629.0,28.0,824,900,1724,657.0,10.215777262180975,601.0,76.33495145631069,535.0,32.0,693,876,1569,567.0,10.911408540471639,503.0,77.2005772005772,722.0,17.0,739.0,7.119489559164733,705.0,80.22222222222221,733.0,36.0,769.0,16.818355640535373,697.0,83.67579908675799,458.0,524.0,66.0
E02000642,Lambeth,5,4,25.87531438304944,24.80936700884236,451.0,363.0,0.4592668024439919,0.3696537678207739,-0.08961303462321796,-1.0659473742070773,310.0,434.0,1092,948,2040,744.0,65.95098039215686,-124.0,28.388278388278387,263.0,431.0,979,935,1914,694.0,59.22309299895507,-168.0,26.86414708886619,259.0,518.0,777.0,65.7656862745098,-259.0,27.320675105485233,290.0,502.0,792.0,76.06060606060606,-212.0,31.016042780748666,215.0,493.0,278.0
E02000643,Lambeth,4,5,29.604573062492534,22.511572167726634,373.0,440.0,0.37983706720977595,0.4480651731160896,0.06822810590631367,-7.0930008947659005,645.0,331.0,1099,1129,2228,976.0,95.82360861759426,314.0,58.68971792538672,651.0,361.0,1181,1117,2298,1012.0,102.26762402088772,290.0,55.12277730736665,682.0,350.0,1032.0,107.13644524236985,332.0,60.4074402125775,604.0,410.0,1014.0,107.763272410792,194.0,54.0734109221128,6.0,490.0,484.0
E02000644,Lambeth,5,6,27.280966691415315,20.974858694447523,424.0,493.0,0.4317718940936864,0.5020366598778004,0.07026476578411406,-6.306107996967793,258.0,429.0,1161,922,2083,687.0,53.13586173787806,-171.0,22.22222222222222,281.0,373.0,946,892,1838,654.0,57.02557127312296,-92.0,29.704016913319236,253.0,605.0,858.0,73.4829572731637,-352.0,27.440347071583517,277.0,451.0,728.0,67.9689880304679,-174.0,31.053811659192824,-273.0,235.0,508.0
E02000645,Lambeth,5,5,26.643241362527714,22.59827693269431,437.0,438.0,0.445010183299389,0.4460285132382892,0.0010183299389001643,-4.044964429833403,265.0,514.0,1141,1098,2239,779.0,60.835194283162124,-249.0,23.22524101665206,276.0,433.0,945,1025,1970,709.0,60.66395939086294,-157.0,29.20634920634921,322.0,507.0,829.0,72.91380080393033,-185.0,29.326047358834245,323.0,387.0,710.0,63.45228426395939,-64.0,31.51219512195122,-69.0,399.0,468.0
E02000646,Lambeth,5,6,26.44604304681504,19.734005023640663,440.0,542.0,0.4480651731160896,0.5519348268839104,0.10386965376782076,-6.712038023174376,403.0,573.0,1289,1190,2479,976.0,93.15006050826946,-170.0,31.26454615981381,415.0,569.0,1207,1190,2397,984.0,98.51272423863162,-154.0,34.38276719138359,353.0,622.0,975.0,88.5703912868092,-269.0,29.66386554621849,391.0,560.0,951.0,91.34751773049645,-169.0,32.857142857142854,-385.0,318.0,703.0
E02000647,Lambeth,5,6,24.294719184250855,19.74020986439195,480.0,541.0,0.48879837067209775,0.5509164969450102,0.062118126272912466,-4.554509319858905,211.0,315.0,801,740,1541,526.0,43.131083711875405,-104.0,26.34207240948814,232.0,284.0,780,681,1461,516.0,45.097878165639976,-52.0,29.743589743589745,217.0,354.0,571.0,49.849448410123294,-137.0,29.324324324324323,231.0,292.0,523.0,46.168377823408626,-61.0,33.92070484581498,-223.0,176.0,399.0
E02000648,Lambeth,2,1,41.007171645488384,34.775513627592865,122.0,81.0,0.12423625254582485,0.0824847250509165,-0.04175152749490835,-6.231658017895519,627.0,11.0,730,651,1381,638.0,4.994207096307024,616.0,85.89041095890411,435.0,24.0,530,499,1029,459.0,10.145772594752186,411.0,82.0754716981132,564.0,7.0,571.0,2.8587979724837074,557.0,86.63594470046083,427.0,13.0,440.0,5.394557823129252,414.0,85.57114228456913,488.0,488.0,0.0
E02000649,Lambeth,3,4,34.865395218674536,24.581446045324927,231.0,370.0,0.23523421588594703,0.37678207739307534,0.1415478615071283,-10.283949173349608,1190.0,207.0,1568,1538,3106,1397.0,79.30779137153895,983.0,75.89285714285714,1177.0,215.0,1615,1606,3221,1392.0,78.56411052468178,962.0,72.87925696594428,1169.0,196.0,1365.0,73.76819059884096,973.0,76.00780234070221,1220.0,226.0,1446.0,85.60074511021422,994.0,75.96513075965132,635.0,1025.0,390.0
E02000650,Lambeth,4,2,31.554681469558194,31.015999344863733,325.0,176.0,0.33095723014256617,0.17922606924643583,-0.15173116089613034,-0.5386821246944606,423.0,171.0,755,630,1385,594.0,52.2259927797834,252.0,56.026490066225165,412.0,219.0,740,773,1513,631.0,59.635161929940516,193.0,55.67567567567567,364.0,218.0,582.0,57.293862815884474,146.0,57.77777777777777,438.0,220.0,658.0,63.688037012557835,218.0,56.66235446313066,527.0,597.0,70.0
E02000651,Lambeth,5,5,28.470479521592363,21.32459469656139,395.0,479.0,0.40224032586558045,0.48778004073319753,0.08553971486761708,-7.145884825030972,276.0,339.0,913,885,1798,615.0,52.03781979977753,-63.0,30.230010952902518,297.0,349.0,874,938,1812,646.0,57.20364238410596,-52.0,33.98169336384439,312.0,460.0,772.0,79.82202447163515,-148.0,35.25423728813559,334.0,366.0,700.0,67.4635761589404,-32.0,35.60767590618337,70.0,432.0,362.0
E02000652,Lambeth,5,6,26.35290384625832,20.358346969319033,443.0,525.0,0.4511201629327902,0.5346232179226069,0.0835030549898167,-5.9945568769392885,174.0,281.0,571,744,1315,455.0,37.181749049429655,-107.0,30.472854640980735,187.0,231.0,655,674,1329,418.0,32.503386004514674,-44.0,28.549618320610687,293.0,262.0,555.0,58.37718631178707,31.0,39.38172043010753,265.0,299.0,564.0,59.620015048908954,-34.0,39.317507418397625,-236.0,113.0,349.0
E02000653,Lewisham,2,3,36.91820631788389,27.21123345476624,183.0,292.0,0.18635437881873726,0.2973523421588595,0.11099796334012221,-9.706972863117652,649.0,93.0,856,896,1752,742.0,34.45034246575342,556.0,75.8177570093458,966.0,199.0,1439,1486,2925,1165.0,65.72102564102565,767.0,67.1299513551077,673.0,56.0,729.0,21.511415525114156,617.0,75.11160714285714,1055.0,194.0,1249.0,69.97264957264957,861.0,70.99596231493943,382.0,819.0,437.0
E02000654,Lewisham,2,1,41.74649094056334,34.46425997455765,113.0,90.0,0.11507128309572301,0.09164969450101833,-0.02342158859470468,-7.282230966005692,550.0,49.0,801,699,1500,599.0,17.966666666666665,501.0,68.66416978776529,565.0,113.0,789,861,1650,678.0,38.693939393939395,452.0,71.60963244613436,557.0,76.0,633.0,28.221333333333334,481.0,79.68526466380543,618.0,94.0,712.0,35.20727272727273,524.0,71.77700348432056,660.0,660.0,0.0
E02000655,Lewisham,4,2,32.287983135964915,32.33255805032156,303.0,140.0,0.3085539714867617,0.1425661914460285,-0.16598778004073322,0.04457491435664451,273.0,546.0,948,1158,2106,819.0,70.77777777777777,-273.0,28.79746835443038,339.0,571.0,1173,1270,2443,910.0,79.2341383544822,-232.0,28.9002557544757,392.0,454.0,846.0,84.50522317188984,-62.0,33.85146804835924,426.0,573.0,999.0,99.91731477691363,-147.0,33.54330708661417,629.0,824.0,195.0
E02000657,Lewisham,4,4,31.562380438422558,26.140808345120227,324.0,327.0,0.329938900203666,0.3329938900203666,0.003054989816700604,-5.421572093302331,397.0,633.0,1090,1559,2649,1030.0,94.86636466591166,-236.0,36.42201834862385,368.0,654.0,1164,1539,2703,1022.0,89.03884572697004,-286.0,31.615120274914087,452.0,446.0,898.0,76.10117025292563,6.0,28.992944194996795,524.0,520.0,1044.0,100.80651128375878,4.0,34.04808317089019,-196.0,472.0,668.0
E02000658,Lewisham,4,4,30.935088919894156,24.88318940518324,342.0,361.0,0.34826883910386963,0.36761710794297353,0.0193482688391039,-6.0518995147109145,331.0,370.0,1089,993,2082,701.0,58.823246878001925,-39.0,30.39485766758494,324.0,374.0,941,950,1891,698.0,64.08038075092544,-50.0,34.431455897980875,344.0,447.0,791.0,73.85590778097983,-103.0,34.64249748237664,364.0,368.0,732.0,70.83659439450027,-4.0,38.315789473684205,-60.0,343.0,403.0
E02000659,Lewisham,4,5,28.842463093413016,22.07216938929379,386.0,454.0,0.39307535641547864,0.4623217922606925,0.06924643584521384,-6.770293704119226,371.0,253.0,749,755,1504,624.0,62.40890957446808,118.0,49.532710280373834,331.0,268.0,730,713,1443,599.0,61.47470547470547,63.0,45.34246575342466,391.0,277.0,668.0,72.0126329787234,114.0,51.78807947019868,347.0,291.0,638.0,69.97713097713098,56.0,48.66760168302945,-17.0,307.0,324.0
E02000660,Lewisham,4,4,32.07111655799849,24.623504121526143,310.0,367.0,0.31568228105906315,0.37372708757637474,0.05804480651731159,-7.447612436472344,384.0,399.0,1081,1077,2158,783.0,70.99907321594068,-15.0,35.52266419981498,352.0,444.0,1058,1130,2188,796.0,71.42961608775137,-92.0,33.2703213610586,477.0,396.0,873.0,87.53104726598703,81.0,44.28969359331476,465.0,493.0,958.0,104.7737659963437,-28.0,41.150442477876105,0.0,394.0,394.0
E02000661,Lewisham,6,7,23.29692327026175,16.33983823746858,521.0,646.0,0.5305498981670062,0.6578411405295316,0.12729124236252543,-6.95708503279317,159.0,401.0,697,712,1409,560.0,45.25124201561391,-242.0,22.812051649928264,140.0,384.0,637,654,1291,524.0,41.64213787761425,-244.0,21.978021978021978,181.0,433.0,614.0,55.62313697657913,-252.0,25.42134831460674,156.0,404.0,560.0,48.81797056545314,-248.0,23.853211009174313,-355.0,117.0,472.0
E02000662,Lewisham,4,4,30.236134543209875,23.989742633726202,357.0,387.0,0.3635437881873727,0.3940936863543788,0.030549898167006095,-6.246391909483673,359.0,297.0,937,831,1768,656.0,60.307126696832576,62.0,38.31376734258271,222.0,267.0,655,749,1404,489.0,42.217948717948715,-45.0,33.89312977099237,292.0,319.0,611.0,52.68552036199095,-27.0,35.13838748495788,334.0,278.0,612.0,66.13390313390313,56.0,44.592790387182916,-24.0,232.0,256.0
E02000663,Lewisham,6,6,23.334572290797887,20.518439860701847,520.0,517.0,0.5295315682281059,0.5264765784114053,-0.003054989816700604,-2.81613243009604,94.0,583.0,774,756,1530,677.0,35.81830065359477,-489.0,12.144702842377262,69.0,506.0,658,720,1378,575.0,25.336719883889696,-437.0,10.486322188449847,79.0,622.0,701.0,32.11633986928105,-543.0,10.44973544973545,106.0,522.0,628.0,40.15384615384615,-416.0,14.722222222222223,-368.0,99.0,467.0
E02000664,Lewisham,2,1,42.10523268808115,34.520400255319146,108.0,88.0,0.109979633401222,0.08961303462321792,-0.020366598778004077,-7.584832432762006,1011.0,88.0,1277,1155,2432,1099.0,36.58223684210526,923.0,79.16992952231793,1378.0,217.0,1748,1925,3673,1595.0,81.41192485706507,1161.0,78.83295194508008,887.0,91.0,978.0,33.18955592105263,796.0,76.7965367965368,1465.0,147.0,1612.0,58.631908521644434,1318.0,76.1038961038961,1569.0,1569.0,0.0
E02000665,Lewisham,5,6,25.361801906265793,20.62070310175117,465.0,511.0,0.47352342158859473,0.5203665987780041,0.046843177189409335,-4.741098804514621,254.0,335.0,736,728,1464,589.0,58.12158469945355,-81.0,34.51086956521739,184.0,354.0,698,654,1352,538.0,48.17751479289941,-170.0,26.36103151862464,295.0,383.0,678.0,77.17554644808743,-88.0,40.52197802197802,209.0,404.0,613.0,62.45266272189349,-195.0,31.95718654434251,-298.0,130.0,428.0
E02000666,Lewisham,5,5,24.208014993853297,21.694246955807905,482.0,468.0,0.4908350305498982,0.47657841140529533,-0.014256619144602856,-2.5137680380453915,223.0,364.0,747,701,1448,587.0,56.05801104972376,-141.0,29.852744310575634,152.0,345.0,628,638,1266,497.0,41.4218009478673,-193.0,24.203821656050955,239.0,441.0,680.0,72.78936464088397,-202.0,34.0941512125535,210.0,372.0,582.0,61.70616113744076,-162.0,32.9153605015674,-111.0,221.0,332.0
E02000667,Lewisham,6,8,21.19856218396082,15.338545322697605,587.0,689.0,0.5977596741344195,0.7016293279022403,0.10386965376782076,-5.860016861263215,64.0,524.0,602,763,1365,588.0,24.56849816849817,-460.0,10.631229235880399,51.0,397.0,612,527,1139,448.0,17.776119402985074,-346.0,8.333333333333332,160.0,471.0,631.0,55.20879120879121,-311.0,20.96985583224115,83.0,473.0,556.0,34.46795434591747,-390.0,15.749525616698293,-438.0,23.0,461.0
E02000668,Lewisham,6,7,23.615442262280308,17.377961418285558,508.0,616.0,0.5173116089613035,0.6272912423625254,0.10997963340122197,-6.237480843994749,76.0,386.0,571,560,1131,462.0,25.938107869142353,-310.0,13.309982486865149,56.0,273.0,495,451,946,329.0,16.160676532769557,-217.0,11.313131313131313,113.0,389.0,502.0,38.86560565870911,-276.0,20.17857142857143,123.0,336.0,459.0,43.68710359408034,-213.0,27.27272727272727,-256.0,49.0,305.0
E02000669,Lewisham,5,4,28.09959996214511,24.53189380087664,408.0,372.0,0.4154786150712831,0.3788187372708758,-0.0366598778004073,-3.567706161268468,265.0,378.0,950,757,1707,643.0,58.68189806678383,-113.0,27.89473684210526,230.0,374.0,757,729,1486,604.0,57.88694481830417,-144.0,30.38309114927345,272.0,546.0,818.0,87.00175746924428,-274.0,35.93130779392338,249.0,435.0,684.0,72.89030955585464,-186.0,34.15637860082305,62.0,350.0,288.0
E02000670,Lewisham,3,1,32.987797611255544,34.12369768847258,284.0,96.0,0.2892057026476578,0.09775967413441955,-0.19144602851323828,1.1359000772170376,424.0,186.0,807,693,1500,610.0,52.576,238.0,52.540272614622054,330.0,180.0,569,611,1180,510.0,50.33898305084746,150.0,57.99648506151143,379.0,238.0,617.0,60.13466666666667,141.0,54.689754689754686,341.0,183.0,524.0,52.88389830508475,158.0,55.810147299509005,455.0,455.0,0.0
E02000671,Lewisham,5,6,26.037517798405332,20.80914529425235,449.0,500.0,0.45723014256619143,0.5091649694501018,0.05193482688391038,-5.228372504152983,275.0,468.0,837,916,1753,743.0,73.41699942954935,-193.0,32.85543608124254,292.0,384.0,840,755,1595,676.0,70.29968652037617,-92.0,34.76190476190476,315.0,424.0,739.0,76.18938961779806,-109.0,34.38864628820961,269.0,435.0,704.0,73.36363636363636,-166.0,35.62913907284768,-241.0,240.0,481.0
E02000672,Lewisham,2,2,36.86012535155783,33.70041021305377,185.0,103.0,0.18839103869653767,0.10488798370672098,-0.0835030549898167,-3.159715138504062,793.0,35.0,1002,872,1874,828.0,14.810565635005336,758.0,79.14171656686626,666.0,74.0,803,961,1764,740.0,27.93877551020408,592.0,82.93897882938978,662.0,65.0,727.0,22.961579509071505,597.0,75.91743119266054,772.0,29.0,801.0,12.691609977324264,743.0,80.33298647242457,423.0,596.0,173.0
E02000673,Lewisham,6,7,21.887214926938928,15.829065399330466,568.0,669.0,0.5784114052953157,0.6812627291242362,0.1028513238289206,-6.058149527608462,132.0,536.0,826,741,1567,668.0,45.15124441608168,-404.0,15.980629539951574,158.0,524.0,817,829,1646,682.0,50.29890643985419,-366.0,19.3390452876377,124.0,580.0,704.0,45.89661774090619,-456.0,16.734143049932523,195.0,560.0,755.0,66.34264884568651,-365.0,23.522316043425814,-466.0,130.0,596.0
E02000674,Lewisham,6,5,22.74539238802246,21.28855600379687,541.0,480.0,0.5509164969450102,0.48879837067209775,-0.062118126272912466,-1.4568363842255891,60.0,399.0,608,628,1236,459.0,19.368932038834952,-339.0,9.868421052631579,64.0,336.0,569,516,1085,400.0,19.81935483870968,-272.0,11.247803163444638,155.0,459.0,614.0,57.560679611650485,-304.0,24.681528662420384,87.0,393.0,480.0,31.512442396313364,-306.0,16.86046511627907,-104.0,179.0,283.0
E02000675,Lewisham,5,6,24.207028365431498,19.71985425751664,483.0,543.0,0.49185336048879835,0.5529531568228105,0.06109979633401219,-4.487174107914857,188.0,311.0,617,594,1211,499.0,48.28075970272502,-123.0,30.47001620745543,226.0,247.0,659,567,1226,473.0,45.531810766721044,-21.0,34.29438543247345,203.0,336.0,539.0,56.323699421965316,-133.0,34.17508417508417,264.0,351.0,615.0,75.58238172920065,-87.0,46.56084656084656,-161.0,151.0,312.0
E02000676,Lewisham,5,6,26.83475872034228,20.797340120201152,434.0,501.0,0.4419551934826884,0.5101832993890021,0.06822810590631367,-6.037418600141127,230.0,384.0,732,722,1454,614.0,60.742778541953236,-154.0,31.420765027322407,203.0,314.0,649,626,1275,517.0,49.99372549019608,-111.0,31.2788906009245,233.0,382.0,615.0,61.214580467675376,-149.0,32.27146814404433,245.0,360.0,605.0,69.17647058823529,-115.0,39.13738019169329,-234.0,158.0,392.0
E02000677,Lewisham,6,5,23.1539802597583,22.743233797862263,531.0,432.0,0.5407331975560081,0.439918533604888,-0.10081466395112015,-0.4107464618960357,57.0,376.0,622,566,1188,433.0,18.04040404040404,-319.0,9.163987138263666,61.0,323.0,486,528,1014,384.0,19.430966469428007,-262.0,12.551440329218108,116.0,461.0,577.0,45.013468013468014,-345.0,20.49469964664311,115.0,362.0,477.0,41.05522682445759,-247.0,21.78030303030303,-126.0,144.0,270.0
E02000678,Lewisham,3,2,34.58282409725645,31.299345582720864,241.0,165.0,0.2454175152749491,0.1680244399185336,-0.07739307535641549,-3.2834785145355845,241.0,104.0,441,427,868,345.0,28.87557603686636,137.0,54.6485260770975,222.0,112.0,440,422,862,334.0,28.844547563805104,110.0,50.45454545454545,228.0,86.0,314.0,22.589861751152075,142.0,53.39578454332553,244.0,153.0,397.0,43.30858468677494,91.0,57.81990521327014,172.0,249.0,77.0
E02000679,Lewisham,4,4,31.779484562934854,26.110328918590522,317.0,329.0,0.3228105906313646,0.335030549898167,0.012219959266802416,-5.6691556443443325,367.0,256.0,818,620,1438,623.0,65.33518776077887,111.0,44.86552567237164,259.0,218.0,604,623,1227,477.0,46.01629991850041,41.0,42.88079470198676,270.0,309.0,579.0,58.01808066759388,-39.0,43.54838709677419,294.0,242.0,536.0,57.98533007334963,52.0,47.19101123595505,39.0,252.0,213.0
E02000680,Lewisham,3,4,33.94220438294143,26.328571053322825,260.0,321.0,0.26476578411405294,0.3268839103869654,0.062118126272912466,-7.613633329618608,478.0,162.0,747,736,1483,640.0,52.21577882670263,316.0,63.98929049531459,364.0,105.0,548,568,1116,469.0,34.24731182795699,259.0,66.42335766423358,456.0,165.0,621.0,50.73499662845583,291.0,61.95652173913043,398.0,105.0,503.0,37.446236559139784,293.0,70.07042253521126,98.0,266.0,168.0
E02000681,Lewisham,3,1,33.26986647393131,34.679878332751194,278.0,85.0,0.2830957230142566,0.08655804480651731,-0.19653767820773932,1.4100118588198853,291.0,127.0,494,590,1084,418.0,34.093173431734314,164.0,58.906882591093115,265.0,94.0,476,490,966,359.0,25.786749482401657,171.0,55.67226890756303,355.0,136.0,491.0,44.53874538745387,219.0,60.16949152542372,300.0,121.0,421.0,37.577639751552795,179.0,61.224489795918366,388.0,388.0,0.0
E02000682,Lewisham,3,2,34.86633818794414,31.320623235491826,230.0,164.0,0.23421588594704684,0.1670061099796334,-0.06720977596741345,-3.545714952452311,327.0,187.0,606,573,1179,514.0,51.86513994910941,140.0,53.960396039603964,279.0,136.0,493,494,987,415.0,38.443768996960486,143.0,56.5922920892495,291.0,127.0,418.0,31.346055979643765,164.0,50.78534031413613,302.0,108.0,410.0,33.045592705167174,194.0,61.1336032388664,267.0,345.0,78.0
E02000683,Lewisham,3,2,34.59896768156425,32.898287428932406,240.0,128.0,0.24439918533604887,0.13034623217922606,-0.11405295315682282,-1.700680252631841,320.0,94.0,540,536,1076,414.0,27.955390334572492,226.0,59.25925925925925,277.0,102.0,452,431,883,379.0,31.997734994337485,175.0,61.283185840707965,352.0,115.0,467.0,37.62081784386617,237.0,65.67164179104478,299.0,123.0,422.0,41.650056625141566,176.0,69.37354988399072,256.0,323.0,67.0
E02000685,Lewisham,3,3,34.770267452793334,27.242348347991445,236.0,291.0,0.24032586558044808,0.29633401221995925,0.056008146639511175,-7.527919104801889,527.0,126.0,748,638,1386,653.0,47.90909090909091,401.0,70.45454545454545,452.0,127.0,652,630,1282,579.0,44.77691107644306,325.0,69.32515337423312,377.0,134.0,511.0,36.44877344877345,243.0,59.09090909090909,394.0,111.0,505.0,34.113884555382214,283.0,62.53968253968254,255.0,446.0,191.0
E02000686,Lewisham,1,1,42.8632430713965,39.94807595280076,94.0,23.0,0.09572301425661914,0.023421588594704685,-0.07230142566191446,-2.9151671185957397,505.0,0.0,519,509,1028,505.0,0.0,505.0,97.30250481695568,460.0,0.0,479,403,882,460.0,0.0,460.0,96.03340292275574,495.0,0.0,495.0,0.0,495.0,97.24950884086444,385.0,0.0,385.0,0.0,385.0,95.53349875930522,396.0,396.0,0.0
E02000687,Lewisham,4,4,31.4998420880646,25.49714092846992,326.0,344.0,0.3319755600814664,0.35030549898167007,0.01832993890020368,-6.002701159594679,327.0,277.0,727,739,1466,604.0,61.78649386084584,50.0,44.97936726272352,288.0,224.0,638,610,1248,512.0,51.69230769230769,64.0,45.141065830721004,338.0,294.0,632.0,67.78444747612551,44.0,45.73748308525033,303.0,224.0,527.0,54.38461538461539,79.0,49.67213114754098,70.0,316.0,246.0
E02000689,Merton,10,10,7.324171313393072,9.187242079510703,953.0,888.0,0.9704684317718941,0.9042769857433809,-0.06619144602851323,1.8630707661176311,0.0,652.0,839,822,1661,652.0,0.0,-652.0,0.0,0.0,610.0,1016,808,1824,610.0,0.0,-610.0,0.0,0.0,728.0,728.0,0.0,-728.0,0.0,0.0,914.0,914.0,0.0,-914.0,0.0,-557.0,0.0,557.0
E02000690,Merton,10,10,7.306942889144271,6.785943008011653,954.0,951.0,0.9714867617107943,0.9684317718940937,-0.003054989816700604,-0.5209998811326182,0.0,244.0,438,374,812,244.0,0.0,-244.0,0.0,0.0,220.0,415,328,743,220.0,0.0,-220.0,0.0,0.0,266.0,266.0,0.0,-266.0,0.0,0.0,253.0,253.0,0.0,-253.0,0.0,-203.0,0.0,203.0
E02000691,Merton,9,10,10.957767755522225,9.183412503339566,867.0,889.0,0.8828920570264766,0.905295315682281,0.022403258655804503,-1.7743552521826587,247.0,426.0,892,885,1777,673.0,59.21328081035453,-179.0,27.690582959641258,236.0,425.0,877,808,1685,661.0,59.525222551928785,-189.0,26.90992018244014,311.0,502.0,813.0,87.85706246482836,-191.0,35.14124293785311,278.0,503.0,781.0,82.98753709198813,-225.0,34.4059405940594,-508.0,0.0,508.0
E02000692,Merton,10,10,6.656770422605064,5.564838680109991,968.0,973.0,0.9857433808553971,0.9908350305498982,0.005091649694501044,-1.0919317424950723,0.0,522.0,834,868,1702,522.0,0.0,-522.0,0.0,0.0,533.0,813,824,1637,533.0,0.0,-533.0,0.0,0.0,624.0,624.0,0.0,-624.0,0.0,0.0,589.0,589.0,0.0,-589.0,0.0,-441.0,0.0,441.0
E02000693,Merton,8,8,14.152329671863077,12.833113614522157,770.0,761.0,0.7841140529531568,0.774949083503055,-0.009164969450101812,-1.3192160573409204,347.0,675.0,1198,1086,2284,1022.0,102.55035026269702,-328.0,28.96494156928214,322.0,658.0,1310,1134,2444,980.0,86.6923076923077,-336.0,24.580152671755727,321.0,761.0,1082.0,106.95315236427321,-440.0,29.55801104972376,381.0,890.0,1271.0,138.74386252045826,-509.0,33.5978835978836,-238.0,383.0,621.0
E02000694,Merton,9,9,11.818423905383733,10.67231486784141,839.0,837.0,0.8543788187372708,0.8523421588594705,-0.0020366598778003286,-1.146109037542324,233.0,542.0,1029,956,1985,775.0,63.62015113350126,-309.0,22.643343051506317,214.0,603.0,1142,985,2127,817.0,60.66854724964739,-389.0,18.739054290718038,256.0,652.0,908.0,84.08664987405541,-396.0,26.778242677824267,259.0,786.0,1045.0,95.70944992947814,-527.0,26.294416243654823,-326.0,272.0,598.0
E02000695,Merton,8,8,13.815409366477615,14.05193352192362,777.0,727.0,0.7912423625254582,0.7403258655804481,-0.050916496945010103,0.23652415544600558,84.0,703.0,673,891,1564,787.0,37.75703324808184,-619.0,12.481426448736999,92.0,629.0,753,793,1546,721.0,37.43078913324709,-537.0,12.217795484727755,126.0,538.0,664.0,43.34271099744245,-412.0,14.14141414141414,102.0,600.0,702.0,39.58602846054334,-498.0,12.862547288776796,-498.0,117.0,615.0
E02000696,Merton,7,6,19.72888407829534,18.159230963551064,622.0,589.0,0.6334012219959266,0.59979633401222,-0.033604887983706644,-1.569653114744277,271.0,497.0,873,877,1750,768.0,76.964,-226.0,31.04238258877434,276.0,475.0,806,902,1708,751.0,76.75644028103045,-199.0,34.24317617866005,305.0,506.0,811.0,88.18857142857142,-201.0,34.77765108323831,330.0,435.0,765.0,84.0456674473068,-105.0,36.58536585365854,-27.0,374.0,401.0
E02000697,Merton,10,10,7.422011866861385,6.867456892468025,948.0,950.0,0.9653767820773931,0.9674134419551935,0.0020366598778004397,-0.5545549743933602,0.0,706.0,1090,972,2062,706.0,0.0,-706.0,0.0,0.0,855.0,1148,1075,2223,855.0,0.0,-855.0,0.0,0.0,889.0,889.0,0.0,-889.0,0.0,0.0,949.0,949.0,0.0,-949.0,0.0,-778.0,0.0,778.0
E02000698,Merton,10,10,5.54405163216479,5.883827332657201,975.0,966.0,0.9928716904276986,0.9837067209775967,-0.009164969450101923,0.33977570049241024,0.0,306.0,617,532,1149,306.0,0.0,-306.0,0.0,0.0,350.0,669,513,1182,350.0,0.0,-350.0,0.0,0.0,364.0,364.0,0.0,-364.0,0.0,0.0,405.0,405.0,0.0,-405.0,0.0,-347.0,0.0,347.0
E02000699,Merton,10,10,6.642231542203147,6.3079358699760615,969.0,960.0,0.9867617107942973,0.9775967413441955,-0.009164969450101812,-0.33429567222708556,0.0,464.0,831,696,1527,464.0,0.0,-464.0,0.0,0.0,413.0,789,743,1532,413.0,0.0,-413.0,0.0,0.0,573.0,573.0,0.0,-573.0,0.0,0.0,595.0,595.0,0.0,-595.0,0.0,-405.0,0.0,405.0
E02000700,Merton,5,5,24.031869857659828,23.036024944632242,489.0,418.0,0.4979633401221996,0.4256619144602851,-0.0723014256619145,-0.9958449130275859,500.0,199.0,747,794,1541,699.0,64.5684620376379,301.0,66.93440428380187,272.0,177.0,529,689,1218,449.0,39.52709359605911,95.0,51.417769376181475,497.0,191.0,688.0,61.6009085009734,306.0,62.59445843828715,443.0,182.0,625.0,66.19540229885058,261.0,64.29608127721336,77.0,277.0,200.0
E02000701,Merton,7,5,20.677068894961977,21.035854960942054,597.0,489.0,0.6079429735234216,0.4979633401221996,-0.10997963340122202,0.3587860659800768,141.0,440.0,562,751,1313,581.0,47.25057121096725,-299.0,25.088967971530252,135.0,396.0,546,710,1256,531.0,42.56369426751592,-261.0,24.725274725274726,202.0,342.0,544.0,52.61538461538461,-140.0,26.897470039946736,245.0,333.0,578.0,64.9562101910828,-88.0,34.50704225352113,24.0,275.0,251.0
E02000702,Merton,6,4,23.59667347211312,24.332717198479436,509.0,379.0,0.5183299389002036,0.3859470468431772,-0.1323828920570264,0.7360437263663151,202.0,288.0,512,549,1061,490.0,54.83129123468426,-86.0,39.453125,227.0,271.0,548,590,1138,498.0,54.05711775043937,-44.0,41.42335766423358,190.0,226.0,416.0,40.471253534401505,-36.0,34.60837887067395,255.0,261.0,516.0,58.484182776801404,-6.0,43.22033898305085,240.0,373.0,133.0
E02000703,Merton,10,10,6.755026072332269,7.5179695773930755,967.0,936.0,0.984725050916497,0.9531568228105907,-0.031568228105906315,0.7629435050608064,0.0,440.0,595,593,1188,440.0,0.0,-440.0,0.0,0.0,352.0,502,529,1031,352.0,0.0,-352.0,0.0,0.0,437.0,437.0,0.0,-437.0,0.0,0.0,343.0,343.0,0.0,-343.0,0.0,-359.0,0.0,359.0
E02000704,Merton,9,8,13.024027867476105,13.75204277086158,798.0,737.0,0.8126272912423625,0.7505091649694501,-0.062118126272912466,0.7280149033854748,293.0,301.0,825,684,1509,594.0,58.44466534128562,-8.0,35.515151515151516,319.0,305.0,854,738,1592,624.0,61.11494974874372,14.0,37.3536299765808,267.0,408.0,675.0,72.19085487077535,-141.0,39.03508771929825,301.0,439.0,740.0,83.00188442211055,-138.0,40.78590785907859,225.0,453.0,228.0
E02000705,Merton,8,7,15.233752863121616,15.404535763254113,746.0,687.0,0.7596741344195519,0.6995926680244399,-0.060081466395112026,0.17078290013249742,39.0,463.0,546,567,1113,502.0,16.223719676549866,-424.0,7.142857142857142,60.0,469.0,616,628,1244,529.0,22.620578778135048,-409.0,9.740259740259742,70.0,471.0,541.0,29.62264150943396,-401.0,12.345679012345679,104.0,523.0,627.0,43.72347266881029,-419.0,16.560509554140125,-293.0,102.0,395.0
E02000706,Merton,4,3,28.691782240557814,27.779984133700026,388.0,270.0,0.395112016293279,0.27494908350305497,-0.12016293279022405,-0.9117981068577876,533.0,88.0,646,656,1302,621.0,36.02457757296467,445.0,82.50773993808049,415.0,64.0,518,605,1123,479.0,23.65093499554764,351.0,80.11583011583011,509.0,63.0,572.0,24.629032258064516,446.0,77.59146341463415,464.0,53.0,517.0,21.898486197684772,411.0,76.69421487603306,370.0,441.0,71.0
E02000707,Merton,6,4,23.26636373363612,26.48113163064833,523.0,312.0,0.5325865580448065,0.31771894093686354,-0.21486761710794294,3.214767897012212,128.0,189.0,492,460,952,317.0,25.41176470588235,-61.0,26.01626016260163,152.0,203.0,389,407,796,355.0,38.76381909547739,-51.0,39.0745501285347,196.0,258.0,454.0,53.11764705882353,-62.0,42.608695652173914,142.0,174.0,316.0,31.040201005025125,-32.0,34.88943488943489,152.0,265.0,113.0
E02000708,Merton,10,10,6.862059659184166,8.284308997308997,966.0,914.0,0.9837067209775967,0.9307535641547862,-0.05295315682281054,1.4222493381248311,0.0,346.0,583,548,1131,346.0,0.0,-346.0,0.0,0.0,305.0,542,508,1050,305.0,0.0,-305.0,0.0,0.0,389.0,389.0,0.0,-389.0,0.0,0.0,403.0,403.0,0.0,-403.0,0.0,-339.0,0.0,339.0
E02000709,Merton,10,10,7.378591233086612,7.481353009408429,950.0,938.0,0.9674134419551935,0.955193482688391,-0.012219959266802527,0.10276177632181671,0.0,281.0,401,364,765,281.0,0.0,-281.0,0.0,0.0,227.0,497,348,845,227.0,0.0,-227.0,0.0,0.0,300.0,300.0,0.0,-300.0,0.0,0.0,345.0,345.0,0.0,-345.0,0.0,-223.0,0.0,223.0
E02000710,Merton,6,5,22.63565496938408,22.271253619857504,545.0,443.0,0.554989816700611,0.4511201629327902,-0.10386965376782076,-0.36440134952657743,312.0,244.0,648,648,1296,556.0,58.74074074074074,68.0,48.148148148148145,229.0,241.0,555,614,1169,470.0,47.21043627031651,-12.0,41.26126126126126,298.0,254.0,552.0,58.40432098765432,44.0,45.98765432098765,308.0,259.0,567.0,68.23952095808383,49.0,50.1628664495114,76.0,251.0,175.0
E02000711,Merton,5,5,24.90883320544251,22.92540486015589,471.0,424.0,0.47963340122199594,0.4317718940936864,-0.047861507128309555,-1.9834283452866188,491.0,79.0,646,672,1318,570.0,29.43019726858877,412.0,76.0061919504644,427.0,100.0,645,695,1340,527.0,31.865671641791046,327.0,66.2015503875969,548.0,98.0,646.0,40.74658573596358,450.0,81.54761904761905,532.0,130.0,662.0,51.61194029850746,402.0,76.54676258992805,248.0,371.0,123.0
E02000712,Merton,6,5,22.659167258238604,22.800657152604046,544.0,430.0,0.5539714867617108,0.4378818737270876,-0.11608961303462323,0.14148989436544213,258.0,211.0,582,622,1204,469.0,45.214285714285715,47.0,44.329896907216494,205.0,125.0,439,433,872,330.0,29.386467889908257,80.0,46.69703872437358,361.0,237.0,598.0,71.06063122923588,124.0,58.038585209003216,272.0,178.0,450.0,55.522935779816514,94.0,62.8175519630485,138.0,229.0,91.0
E02000713,Merton,10,10,9.767608709212283,9.228112401548525,895.0,884.0,0.9114052953156823,0.90020366598778,-0.011201629327902252,-0.5394963076637573,0.0,198.0,342,303,645,198.0,0.0,-198.0,0.0,0.0,224.0,408,311,719,224.0,0.0,-224.0,0.0,0.0,259.0,259.0,0.0,-259.0,0.0,0.0,308.0,308.0,0.0,-308.0,0.0,-220.0,0.0,220.0
E02000714,Newham,3,3,35.18882941595967,27.658611418935198,221.0,282.0,0.225050916496945,0.28716904276985744,0.06211812627291244,-7.530217997024469,133.0,478.0,777,869,1646,611.0,38.62332928311057,-345.0,17.117117117117118,114.0,364.0,533,787,1320,478.0,31.436363636363637,-250.0,21.388367729831145,217.0,554.0,771.0,73.03645200486027,-337.0,24.971231300345227,275.0,275.0,550.0,57.291666666666664,0.0,34.9428208386277,55.0,253.0,198.0
E02000715,Newham,1,2,45.1216513290882,31.155505422153368,66.0,170.0,0.06720977596741344,0.17311608961303462,0.10590631364562118,-13.966145906934834,416.0,0.0,707,734,1441,416.0,0.0,416.0,58.84016973125884,279.0,0.0,435,779,1214,279.0,0.0,279.0,64.13793103448275,461.0,0.0,461.0,0.0,461.0,62.80653950953678,539.0,0.0,539.0,0.0,539.0,69.19127086007703,171.0,283.0,112.0
E02000716,Newham,1,2,42.92421393391352,30.451547432101943,91.0,191.0,0.09266802443991853,0.1945010183299389,0.10183299389002037,-12.472666501811577,516.0,0.0,745,876,1621,516.0,0.0,516.0,69.26174496644295,291.0,0.0,432,701,1133,291.0,0.0,291.0,67.36111111111111,638.0,0.0,638.0,0.0,638.0,72.8310502283105,486.0,0.0,486.0,0.0,486.0,69.32952924393724,229.0,318.0,89.0
E02000717,Newham,1,3,45.50007701024565,29.7358543229828,58.0,210.0,0.059063136456211814,0.21384928716904278,0.15478615071283097,-15.764222687262848,484.0,0.0,793,1038,1831,484.0,0.0,484.0,61.03404791929382,330.0,0.0,556,732,1288,330.0,0.0,330.0,59.352517985611506,726.0,0.0,726.0,0.0,726.0,69.94219653179191,505.0,0.0,505.0,0.0,505.0,68.98907103825137,-97.0,174.0,271.0
E02000718,Newham,1,1,46.59845639392169,34.01824164765866,47.0,98.0,0.04786150712830957,0.09979633401221996,0.05193482688391039,-12.580214746263024,413.0,0.0,670,594,1264,413.0,0.0,413.0,61.64179104477612,232.0,0.0,376,572,948,232.0,0.0,232.0,61.702127659574465,365.0,0.0,365.0,0.0,365.0,61.44781144781145,416.0,0.0,416.0,0.0,416.0,72.72727272727273,330.0,330.0,0.0
E02000719,Newham,2,3,42.215287056962026,27.79439584824624,106.0,269.0,0.1079429735234216,0.2739307535641548,0.16598778004073322,-14.420891208715787,400.0,315.0,951,1056,2007,715.0,62.780269058295964,85.0,42.06098843322818,313.0,331.0,809,975,1784,644.0,58.07343049327354,-18.0,38.68974042027194,454.0,346.0,800.0,78.26806178375685,108.0,42.99242424242424,417.0,297.0,714.0,69.42208520179372,120.0,42.769230769230774,1.0,300.0,299.0
E02000720,Newham,3,4,35.453324265668854,25.124224344907706,214.0,356.0,0.21792260692464357,0.3625254582484725,0.1446028513238289,-10.329099920761148,106.0,470.0,774,767,1541,576.0,32.32965606748864,-364.0,13.695090439276486,79.0,412.0,440,676,1116,491.0,29.164874551971327,-333.0,17.954545454545453,201.0,524.0,725.0,68.34782608695652,-323.0,26.205997392438068,178.0,275.0,453.0,43.86200716845878,-97.0,26.331360946745562,-344.0,60.0,404.0
E02000721,Newham,2,2,42.03435398137609,33.37428216612378,109.0,112.0,0.1109979633401222,0.11405295315682282,0.003054989816700618,-8.660071815252316,394.0,299.0,903,972,1875,693.0,62.82986666666667,95.0,43.63233665559247,281.0,288.0,659,1087,1746,569.0,46.350515463917525,-7.0,42.640364188163886,419.0,304.0,723.0,67.93386666666666,115.0,43.10699588477366,494.0,177.0,671.0,50.07903780068729,317.0,45.446182152713895,384.0,468.0,84.0
E02000722,Newham,2,3,41.33774620471675,27.697998923187367,118.0,278.0,0.12016293279022404,0.2830957230142566,0.16293279022403256,-13.639747281529385,376.0,369.0,1017,1287,2304,745.0,60.21875,7.0,36.97148475909538,365.0,380.0,1076,1191,2267,745.0,61.182179091310104,-15.0,33.92193308550186,594.0,362.0,956.0,93.328125,232.0,46.15384615384615,591.0,389.0,980.0,101.41111601235113,202.0,49.622166246851386,-12.0,368.0,380.0
E02000723,Newham,2,4,40.178302366037734,25.035432375740996,132.0,358.0,0.13441955193482688,0.3645621181262729,0.23014256619144605,-15.142869990296738,262.0,301.0,724,1194,1918,563.0,41.11678832116788,-39.0,36.187845303867405,212.0,265.0,643,1070,1713,477.0,32.79626386456509,-53.0,32.97045101088647,536.0,211.0,747.0,58.965589155370175,325.0,44.89112227805695,562.0,171.0,733.0,56.101576182136604,391.0,52.523364485981304,-488.0,94.0,582.0
E02000724,Newham,2,3,37.50401507063197,27.70225366729867,178.0,277.0,0.18126272912423624,0.2820773930753564,0.10081466395112015,-9.801761403333302,272.0,275.0,854,1100,1954,547.0,38.280450358239506,-3.0,31.85011709601874,189.0,223.0,578,863,1441,412.0,29.248438584316446,-34.0,32.69896193771626,477.0,228.0,705.0,55.65813715455476,249.0,43.36363636363637,387.0,180.0,567.0,48.34142956280361,207.0,44.84356894553882,-21.0,229.0,250.0
E02000725,Newham,1,2,45.56739395786391,30.49649914456801,57.0,190.0,0.05804480651731161,0.1934826883910387,0.13543788187372707,-15.070894813295897,843.0,0.0,1230,1172,2402,843.0,0.0,843.0,68.53658536585367,963.0,0.0,1493,1590,3083,963.0,0.0,963.0,64.50100468854654,835.0,0.0,835.0,0.0,835.0,71.24573378839591,996.0,0.0,996.0,0.0,996.0,62.64150943396226,791.0,990.0,199.0
E02000726,Newham,1,3,45.31515,27.459165690193288,63.0,286.0,0.06415478615071284,0.29124236252545826,0.22708757637474541,-17.855984309806715,929.0,0.0,1355,1288,2643,929.0,0.0,929.0,68.5608856088561,2446.0,0.0,3492,3152,6644,2446.0,0.0,2446.0,70.04581901489118,806.0,0.0,806.0,0.0,806.0,62.577639751552795,2299.0,0.0,2299.0,0.0,2299.0,72.93781725888326,829.0,1710.0,881.0
E02000727,Newham,2,3,38.51831004455148,27.1976008492569,157.0,294.0,0.159877800407332,0.29938900203665986,0.13951120162932787,-11.320709195294576,299.0,238.0,761,1036,1797,537.0,39.600445186421815,61.0,39.2904073587385,161.0,248.0,502,873,1375,409.0,29.038545454545453,-87.0,32.07171314741036,485.0,162.0,647.0,43.7228714524207,323.0,46.81467181467182,411.0,149.0,560.0,44.537454545454544,262.0,47.07903780068728,-113.0,175.0,288.0
E02000728,Newham,4,4,31.887917341679834,25.8413141025641,316.0,335.0,0.32179226069246436,0.3411405295315682,0.019348268839103844,-6.046603239115733,100.0,846.0,735,1148,1883,946.0,44.92830589484865,-746.0,13.60544217687075,68.0,580.0,531,868,1399,648.0,28.1915654038599,-512.0,12.8060263653484,229.0,619.0,848.0,75.27934147636749,-390.0,19.94773519163763,241.0,448.0,689.0,77.17512508934954,-207.0,27.764976958525345,-384.0,91.0,475.0
E02000729,Newham,2,4,36.847511177966105,26.259987174182875,187.0,323.0,0.19042769857433808,0.3289205702647658,0.1384928716904277,-10.58752400378323,248.0,287.0,707,762,1469,535.0,48.45200816882233,-39.0,35.07779349363508,196.0,217.0,477,754,1231,413.0,34.55077173030057,-21.0,41.090146750524106,270.0,195.0,465.0,35.84070796460177,75.0,35.43307086614173,342.0,132.0,474.0,36.672623883021934,210.0,45.35809018567639,-354.0,91.0,445.0
E02000730,Newham,3,4,35.20005727090747,27.073005010893244,220.0,299.0,0.2240325865580448,0.3044806517311609,0.08044806517311609,-8.127052260014228,103.0,563.0,774,913,1687,666.0,34.374036751630115,-460.0,13.307493540051679,111.0,544.0,647,946,1593,655.0,37.90583804143126,-433.0,17.156105100463677,231.0,540.0,771.0,73.94190871369294,-309.0,25.301204819277107,294.0,450.0,744.0,83.05084745762711,-156.0,31.07822410147992,-470.0,96.0,566.0
E02000731,Newham,2,3,41.400039251464314,29.364121366886433,117.0,220.0,0.11914460285132383,0.2240325865580448,0.10488798370672098,-12.03591788457788,390.0,391.0,1012,1257,2269,781.0,67.20581754076686,-1.0,38.537549407114625,230.0,277.0,622,1020,1642,507.0,38.80024360535932,-47.0,36.97749196141479,538.0,319.0,857.0,75.6377258704275,219.0,42.80031821797932,485.0,207.0,692.0,61.14190012180268,278.0,47.549019607843135,-74.0,259.0,333.0
E02000732,Newham,1,2,49.077343591065286,33.482358747192414,27.0,110.0,0.0274949083503055,0.1120162932790224,0.08452138492871691,-15.594984843872872,582.0,0.0,760,716,1476,582.0,0.0,582.0,76.57894736842105,498.0,0.0,727,758,1485,498.0,0.0,498.0,68.50068775790922,536.0,0.0,536.0,0.0,536.0,74.86033519553072,548.0,0.0,548.0,0.0,548.0,72.29551451187335,385.0,467.0,82.0
E02000733,Newham,1,3,45.484632428747176,29.707058852187473,60.0,211.0,0.06109979633401222,0.21486761710794297,0.15376782077393075,-15.777573576559703,599.0,0.0,950,974,1924,599.0,0.0,599.0,63.05263157894737,543.0,0.0,848,1026,1874,543.0,0.0,543.0,64.03301886792453,638.0,0.0,638.0,0.0,638.0,65.50308008213553,665.0,0.0,665.0,0.0,665.0,64.81481481481481,-78.0,275.0,353.0
E02000734,Newham,1,3,42.800043631248364,29.242256953304413,98.0,224.0,0.09979633401221996,0.22810590631364563,0.12830957230142567,-13.557786677943952,459.0,0.0,751,697,1448,459.0,0.0,459.0,61.118508655126504,332.0,0.0,508,708,1216,332.0,0.0,332.0,65.35433070866141,485.0,0.0,485.0,0.0,485.0,69.58393113342898,433.0,0.0,433.0,0.0,433.0,61.15819209039548,-82.0,186.0,268.0
E02000735,Newham,1,2,42.81176537984701,30.68628028822667,96.0,184.0,0.09775967413441955,0.18737270875763748,0.08961303462321793,-12.125485091620341,521.0,0.0,770,811,1581,521.0,0.0,521.0,67.66233766233766,380.0,0.0,545,886,1431,380.0,0.0,380.0,69.72477064220183,555.0,0.0,555.0,0.0,555.0,68.4340320591862,595.0,0.0,595.0,0.0,595.0,67.15575620767494,236.0,357.0,121.0
E02000736,Newham,1,2,43.3913796873177,32.12584119462199,84.0,146.0,0.0855397148676171,0.14867617107942974,0.06313645621181263,-11.265538492695711,513.0,0.0,697,894,1591,513.0,0.0,513.0,73.60114777618364,404.0,0.0,547,704,1251,404.0,0.0,404.0,73.85740402193784,689.0,0.0,689.0,0.0,689.0,77.06935123042506,537.0,0.0,537.0,0.0,537.0,76.2784090909091,279.0,383.0,104.0
E02000737,Newham,2,3,37.66567419758321,28.030856513653713,175.0,261.0,0.17820773930753564,0.26578411405295316,0.08757637474541752,-9.634817683929494,245.0,292.0,804,923,1727,537.0,41.42443543717429,-47.0,30.472636815920396,215.0,274.0,592,769,1361,489.0,43.28434974283615,-59.0,36.317567567567565,416.0,291.0,707.0,70.09612044006948,125.0,45.07042253521127,301.0,221.0,522.0,48.876561351947096,80.0,39.14174252275683,-80.0,204.0,284.0
E02000738,Newham,3,5,34.29517396008031,22.980365417929836,251.0,421.0,0.2556008146639511,0.4287169042769857,0.1731160896130346,-11.314808542150477,109.0,515.0,772,877,1649,624.0,34.04184354154033,-406.0,14.119170984455959,151.0,419.0,804,709,1513,570.0,41.81692002643754,-268.0,18.781094527363184,251.0,588.0,839.0,89.50151607034566,-337.0,28.62029646522235,224.0,552.0,776.0,81.72372769332452,-328.0,31.59379407616361,-429.0,85.0,514.0
E02000739,Newham,2,3,39.94375669712794,28.756364450296246,136.0,240.0,0.1384928716904277,0.24439918533604887,0.10590631364562117,-11.187392246831692,203.0,268.0,714,785,1499,471.0,36.29352901934623,-65.0,28.431372549019606,188.0,305.0,566,756,1322,493.0,43.37367624810893,-117.0,33.215547703180206,326.0,330.0,656.0,71.76784523015344,-4.0,41.52866242038217,303.0,227.0,530.0,52.02798789712557,76.0,40.07936507936508,-119.0,181.0,300.0
E02000740,Newham,1,2,47.081519734474114,32.49887482259438,41.0,135.0,0.04175152749490835,0.13747454175152748,0.09572301425661914,-14.582644911879733,364.0,0.0,671,688,1359,364.0,0.0,364.0,54.24739195230999,324.0,0.0,511,704,1215,324.0,0.0,324.0,63.405088062622305,407.0,0.0,407.0,0.0,407.0,59.15697674418605,450.0,0.0,450.0,0.0,450.0,63.92045454545454,248.0,328.0,80.0
E02000741,Newham,2,3,40.16931068635758,28.584588746053225,133.0,246.0,0.1354378818737271,0.2505091649694501,0.11507128309572298,-11.584721940304359,215.0,336.0,728,928,1656,551.0,43.6231884057971,-121.0,29.532967032967033,195.0,274.0,499,767,1266,469.0,42.203791469194314,-79.0,39.078156312625254,385.0,326.0,711.0,75.79106280193237,59.0,41.487068965517246,339.0,186.0,525.0,49.80568720379147,153.0,44.19817470664928,-94.0,199.0,293.0
E02000742,Newham,2,2,40.595760675827606,31.15196406701328,125.0,172.0,0.12729124236252545,0.17515274949083504,0.04786150712830958,-9.443796608814324,298.0,246.0,815,778,1593,544.0,46.01883239171375,52.0,36.56441717791411,197.0,207.0,529,683,1212,404.0,33.646039603960396,-10.0,37.24007561436673,339.0,273.0,612.0,58.09604519774011,66.0,43.573264781491,336.0,184.0,520.0,51.00990099009901,152.0,49.194729136163986,201.0,293.0,92.0
E02000743,Newham,1,1,56.39671034324943,38.29495099524016,1.0,44.0,0.0010183299389002036,0.04480651731160896,0.04378818737270875,-18.101759348009274,418.0,0.0,707,817,1524,418.0,0.0,418.0,59.12305516265912,470.0,0.0,805,992,1797,470.0,0.0,470.0,58.38509316770186,460.0,0.0,460.0,0.0,460.0,56.303549571603426,637.0,0.0,637.0,0.0,637.0,64.21370967741935,697.0,697.0,0.0
E02000744,Newham,1,1,48.559625891144606,35.410702959240645,31.0,74.0,0.031568228105906315,0.07535641547861507,0.04378818737270876,-13.14892293190396,492.0,0.0,894,879,1773,492.0,0.0,492.0,55.033557046979865,351.0,0.0,669,893,1562,351.0,0.0,351.0,52.46636771300448,527.0,0.0,527.0,0.0,527.0,59.954493742889646,542.0,0.0,542.0,0.0,542.0,60.694288913773796,538.0,538.0,0.0
E02000745,Newham,2,2,39.67531163370594,30.54680930560451,144.0,187.0,0.14663951120162932,0.19042769857433808,0.04378818737270876,-9.12850232810143,278.0,295.0,732,786,1518,573.0,54.025032938076414,-17.0,37.97814207650273,327.0,272.0,764,681,1445,599.0,61.55294117647059,55.0,42.80104712041885,328.0,286.0,614.0,61.79710144927536,42.0,41.73027989821883,303.0,261.0,564.0,54.72871972318339,42.0,44.49339207048458,307.0,467.0,160.0
E02000746,Newham,1,2,43.99965947168789,32.287014017521905,77.0,143.0,0.07841140529531568,0.14562118126272913,0.06720977596741345,-11.712645454165987,450.0,0.0,654,686,1340,450.0,0.0,450.0,68.80733944954129,796.0,0.0,1248,704,1952,796.0,0.0,796.0,63.78205128205128,490.0,0.0,490.0,0.0,490.0,71.42857142857143,494.0,0.0,494.0,0.0,494.0,70.17045454545455,740.0,806.0,66.0
E02000747,Newham,1,2,42.84179001564945,32.73259178990311,95.0,130.0,0.09674134419551934,0.13238289205702647,0.035641547861507125,-10.10919822574634,761.0,0.0,1215,1101,2316,761.0,0.0,761.0,62.63374485596708,973.0,0.0,1585,1583,3168,973.0,0.0,973.0,61.38801261829653,671.0,0.0,671.0,0.0,671.0,60.944595821980016,1015.0,0.0,1015.0,0.0,1015.0,64.11876184459886,802.0,1027.0,225.0
E02000748,Newham,3,4,34.914994552884615,26.135752044437588,229.0,328.0,0.23319755600814665,0.3340122199592668,0.10081466395112013,-8.779242508447027,96.0,492.0,605,809,1414,588.0,33.403111739745405,-396.0,15.867768595041323,77.0,377.0,440,572,1012,454.0,28.684782608695652,-300.0,17.5,221.0,453.0,674.0,70.8012729844413,-232.0,27.317676143386898,151.0,329.0,480.0,49.0899209486166,-178.0,26.3986013986014,-307.0,71.0,378.0
E02000749,Newham,1,1,54.215146580716116,40.51207333333334,7.0,19.0,0.007128309572301426,0.019348268839103868,0.012219959266802442,-13.703073247382775,362.0,0.0,642,744,1386,362.0,0.0,362.0,56.38629283489096,368.0,0.0,695,792,1487,368.0,0.0,368.0,52.94964028776978,469.0,0.0,469.0,0.0,469.0,63.03763440860215,481.0,0.0,481.0,0.0,481.0,60.73232323232324,621.0,621.0,0.0
E02000750,Newham,1,5,52.148174561598225,22.496705571338385,13.0,441.0,0.013238289205702648,0.44908350305498984,0.4358452138492872,-29.65146899025984,833.0,0.0,1251,1145,2396,833.0,0.0,833.0,66.58673061550759,1644.0,0.0,2546,1781,4327,1644.0,0.0,1644.0,64.57187745483111,801.0,0.0,801.0,0.0,801.0,69.95633187772926,1242.0,0.0,1242.0,0.0,1242.0,69.73610331274564,-398.0,642.0,1040.0
E02000751,Redbridge,10,10,9.351764970255228,7.202862998102467,906.0,944.0,0.9226069246435845,0.9613034623217923,0.0386965376782078,-2.1489019721527614,0.0,397.0,592,417,1009,397.0,0.0,-397.0,0.0,0.0,471.0,618,486,1104,471.0,0.0,-471.0,0.0,0.0,582.0,582.0,0.0,-582.0,0.0,0.0,611.0,611.0,0.0,-611.0,0.0,-461.0,0.0,461.0
E02000752,Redbridge,3,3,35.756428016140866,28.57728497690845,206.0,247.0,0.20977596741344195,0.2515274949083503,0.04175152749490835,-7.1791430392324145,233.0,26.0,407,277,684,259.0,8.85672514619883,207.0,57.24815724815725,346.0,50.0,559,348,907,396.0,19.073869900771776,296.0,61.89624329159212,233.0,113.0,346.0,38.49269005847953,120.0,84.11552346570397,279.0,165.0,444.0,50.75523704520397,114.0,80.17241379310344,330.0,366.0,36.0
E02000753,Redbridge,5,5,24.85718127077224,23.510569328686167,472.0,403.0,0.48065173116089616,0.4103869653767821,-0.07026476578411406,-1.3466119420860743,167.0,87.0,301,287,588,254.0,24.709183673469386,80.0,55.48172757475083,217.0,111.0,463,291,754,328.0,31.945623342175065,106.0,46.868250539956804,195.0,117.0,312.0,38.80102040816327,78.0,67.94425087108013,173.0,224.0,397.0,51.39522546419098,-51.0,59.450171821305844,85.0,199.0,114.0
E02000754,Redbridge,8,8,15.83634904037267,14.505686512040183,734.0,717.0,0.7474541751527495,0.730142566191446,-0.01731160896130346,-1.3306625283324873,57.0,218.0,398,306,704,275.0,17.650568181818183,-161.0,14.321608040201006,46.0,205.0,405,283,688,251.0,13.706395348837209,-159.0,11.358024691358025,61.0,313.0,374.0,27.120738636363637,-252.0,19.934640522875817,64.0,333.0,397.0,30.976744186046513,-269.0,22.614840989399294,-133.0,65.0,198.0
E02000755,Redbridge,7,7,18.239461278267534,16.18405319148936,665.0,652.0,0.6771894093686355,0.6639511201629328,-0.013238289205702691,-2.055408086778172,83.0,115.0,357,256,613,198.0,15.570962479608482,-32.0,23.249299719887954,93.0,113.0,316,211,527,206.0,19.941176470588236,-20.0,29.430379746835445,69.0,200.0,269.0,22.512234910277325,-131.0,26.953125,43.0,149.0,192.0,12.157495256166984,-106.0,20.379146919431278,-15.0,101.0,116.0
E02000756,Redbridge,7,7,19.096984676167853,16.160764657677124,638.0,653.0,0.6496945010183299,0.664969450101833,0.01527494908350302,-2.9362200184907294,178.0,342.0,883,703,1586,520.0,38.383354350567465,-164.0,20.15855039637599,130.0,410.0,948,772,1720,540.0,30.988372093023255,-280.0,13.71308016877637,170.0,461.0,631.0,49.41361916771753,-291.0,24.182076813655762,137.0,651.0,788.0,51.85290697674419,-514.0,17.746113989637305,-309.0,139.0,448.0
E02000757,Redbridge,9,9,11.559534872525182,9.429598489666137,849.0,877.0,0.8645621181262729,0.8930753564154786,0.02851323828920571,-2.1299363828590447,39.0,618.0,933,764,1697,657.0,14.202710665880966,-579.0,4.180064308681672,57.0,613.0,897,713,1610,670.0,21.70248447204969,-556.0,6.354515050167224,104.0,843.0,947.0,51.662934590453744,-739.0,13.612565445026178,64.0,797.0,861.0,31.681987577639752,-733.0,8.976157082748948,-462.0,69.0,531.0
E02000758,Redbridge,7,7,19.123400913824963,16.231595136378573,637.0,651.0,0.6486761710794298,0.6629327902240326,0.014256619144602856,-2.8918057774463897,63.0,133.0,376,345,721,196.0,11.62135922330097,-70.0,16.75531914893617,54.0,128.0,301,292,593,182.0,11.655986509274873,-74.0,17.940199335548172,79.0,210.0,289.0,23.009708737864077,-131.0,22.89855072463768,65.0,186.0,251.0,20.38785834738617,-121.0,22.26027397260274,-104.0,52.0,156.0
E02000759,Redbridge,7,7,19.176955022334774,15.525825505395957,636.0,680.0,0.6476578411405295,0.6924643584521385,0.044806517311609007,-3.6511295169388163,252.0,303.0,762,689,1451,555.0,52.62301860785665,-51.0,33.07086614173229,228.0,400.0,807,774,1581,628.0,57.685009487666036,-172.0,28.25278810408922,260.0,416.0,676.0,74.54169538249484,-156.0,37.735849056603776,269.0,457.0,726.0,77.75648323845667,-188.0,34.75452196382429,-161.0,233.0,394.0
E02000760,Redbridge,7,6,21.020518505102775,19.826413208076275,593.0,537.0,0.6038696537678208,0.5468431771894093,-0.05702647657841142,-1.1941052970264998,115.0,176.0,467,376,843,291.0,24.009489916963226,-61.0,24.62526766595289,66.0,243.0,460,473,933,309.0,17.189710610932476,-177.0,14.347826086956522,54.0,238.0,292.0,15.245551601423488,-184.0,14.361702127659576,109.0,248.0,357.0,28.973204715969988,-139.0,23.044397463002113,32.0,233.0,201.0
E02000762,Redbridge,9,9,12.728988661685214,10.2111995763353,813.0,854.0,0.8279022403258656,0.869653767820774,0.0417515274949084,-2.5177890853499143,4.0,335.0,372,382,754,339.0,1.7771883289124668,-331.0,1.0752688172043012,3.0,364.0,333,399,732,367.0,1.4918032786885247,-361.0,0.9009009009009009,16.0,360.0,376.0,7.639257294429708,-344.0,4.18848167539267,19.0,329.0,348.0,8.539617486338798,-310.0,4.761904761904762,-332.0,2.0,334.0
E02000763,Redbridge,6,7,21.29570971709007,17.387972435545805,583.0,615.0,0.5936863543788188,0.6262729124236253,0.03258655804480648,-3.9077372815442644,192.0,183.0,449,457,906,375.0,38.78145695364238,9.0,42.761692650334076,194.0,193.0,543,513,1056,387.0,35.45643939393939,1.0,35.727440147329645,249.0,213.0,462.0,58.53973509933775,36.0,54.48577680525164,247.0,291.0,538.0,68.0653409090909,-44.0,48.148148148148145,-174.0,66.0,240.0
E02000764,Redbridge,8,9,14.618990114285715,11.069743743025667,761.0,827.0,0.774949083503055,0.8421588594704684,0.0672097759674134,-3.5492463712600486,184.0,559.0,988,842,1830,743.0,56.20546448087432,-375.0,18.62348178137652,151.0,568.0,899,796,1695,719.0,50.600589970501474,-417.0,16.796440489432705,224.0,749.0,973.0,91.68087431693989,-525.0,26.60332541567696,171.0,710.0,881.0,71.6283185840708,-539.0,21.482412060301506,-552.0,56.0,608.0
E02000765,Redbridge,8,8,15.24584731286596,12.99657680060652,744.0,757.0,0.7576374745417516,0.7708757637474541,0.01323828920570258,-2.2492705122594394,37.0,400.0,525,502,1027,437.0,14.410905550146056,-363.0,7.0476190476190474,34.0,445.0,572,551,1123,479.0,13.472840605520926,-411.0,5.944055944055944,63.0,463.0,526.0,28.402142161635833,-400.0,12.549800796812749,68.0,503.0,571.0,30.457702582368654,-435.0,12.341197822141561,-396.0,47.0,443.0
E02000767,Redbridge,7,7,18.503202819065127,15.670712389929307,659.0,672.0,0.6710794297352343,0.6843177189409368,0.01323828920570258,-2.83249042913582,66.0,268.0,520,505,1025,334.0,17.25658536585366,-202.0,12.692307692307692,92.0,298.0,645,547,1192,390.0,23.0,-206.0,14.263565891472869,108.0,335.0,443.0,35.297560975609755,-227.0,21.386138613861387,150.0,435.0,585.0,54.73993288590604,-285.0,27.422303473491773,-176.0,94.0,270.0
E02000768,Redbridge,9,10,12.222090588692579,9.023436525612471,828.0,892.0,0.8431771894093686,0.9083503054989817,0.06517311608961307,-3.1986540630801077,3.0,346.0,386,396,782,349.0,1.3273657289002558,-343.0,0.7772020725388601,10.0,308.0,340,335,675,318.0,4.562962962962963,-298.0,2.941176470588235,14.0,357.0,371.0,6.391304347826087,-343.0,3.535353535353535,11.0,301.0,312.0,4.905185185185185,-290.0,3.2835820895522385,-326.0,0.0,326.0
E02000769,Redbridge,7,7,18.654217269087027,16.92342864312151,651.0,629.0,0.6629327902240326,0.6405295315682281,-0.022403258655804503,-1.7307886259655163,116.0,576.0,1146,845,1991,692.0,33.55901557006529,-460.0,10.12216404886562,72.0,664.0,980,960,1940,736.0,24.643298969072166,-592.0,7.346938775510205,142.0,898.0,1040.0,64.0462079357107,-756.0,16.80473372781065,153.0,783.0,936.0,61.75206185567011,-630.0,15.937499999999998,-611.0,69.0,680.0
E02000770,Redbridge,7,7,20.04266230362338,15.911643386509231,615.0,667.0,0.6262729124236253,0.6792260692464358,0.05295315682281054,-4.131018917114149,35.0,301.0,525,482,1007,336.0,10.461767626613703,-266.0,6.666666666666667,45.0,351.0,508,555,1063,396.0,14.858889934148635,-306.0,8.858267716535433,71.0,409.0,480.0,28.837140019860975,-338.0,14.730290456431536,98.0,370.0,468.0,34.11100658513641,-272.0,17.65765765765766,-264.0,47.0,311.0
E02000772,Redbridge,6,7,22.037655207651646,18.02358639161158,557.0,594.0,0.5672097759674134,0.604887983706721,0.037678207739307634,-4.014068816040066,195.0,328.0,721,723,1444,523.0,44.29362880886426,-133.0,27.045769764216367,129.0,335.0,466,744,1210,464.0,35.71487603305785,-206.0,27.682403433476395,296.0,439.0,735.0,89.98891966759003,-143.0,40.94052558782849,314.0,232.0,546.0,60.20495867768595,82.0,42.204301075268816,-393.0,55.0,448.0
E02000773,Redbridge,6,7,21.959269704283543,16.509376456408194,565.0,642.0,0.575356415478615,0.6537678207739308,0.07841140529531576,-5.449893247875348,175.0,272.0,739,629,1368,447.0,34.7953216374269,-97.0,23.68064952638701,236.0,326.0,740,739,1479,562.0,52.01893171061528,-90.0,31.891891891891895,265.0,498.0,763.0,96.46929824561404,-233.0,42.130365659777425,337.0,399.0,736.0,90.91480730223124,-62.0,45.6021650879567,-269.0,100.0,369.0
E02000774,Redbridge,5,5,24.714774444444444,22.112884094530003,475.0,453.0,0.48370672097759676,0.46130346232179226,-0.022403258655804503,-2.6018903499144415,241.0,244.0,640,535,1175,485.0,50.04595744680851,-3.0,37.65625,216.0,207.0,526,631,1157,423.0,38.6447709593777,9.0,41.06463878326996,264.0,371.0,635.0,83.35659574468085,-107.0,49.34579439252336,380.0,291.0,671.0,95.57476231633535,89.0,60.22187004754358,-25.0,184.0,209.0
E02000776,Redbridge,6,7,21.152763799435025,17.057423624358034,589.0,626.0,0.59979633401222,0.6374745417515275,0.03767820773930752,-4.095340175076991,115.0,315.0,627,569,1196,430.0,30.28846153846154,-200.0,18.341307814992025,78.0,262.0,412,531,943,340.0,21.671261930010605,-184.0,18.932038834951456,203.0,470.0,673.0,79.77424749163879,-267.0,35.67662565905096,202.0,299.0,501.0,64.04878048780488,-97.0,38.04143126177024,-262.0,30.0,292.0
E02000777,Redbridge,7,7,18.48335304606493,17.298952435813035,660.0,617.0,0.6720977596741344,0.6283095723014257,-0.04378818737270873,-1.1844006102518954,76.0,217.0,370,315,685,293.0,24.075912408759123,-141.0,20.54054054054054,35.0,172.0,357,288,645,207.0,9.333333333333334,-137.0,9.803921568627452,75.0,266.0,341.0,29.124087591240876,-191.0,23.809523809523807,78.0,301.0,379.0,36.4,-223.0,27.083333333333332,-128.0,42.0,170.0
E02000779,Redbridge,3,4,33.767304487162946,26.407871511696946,265.0,317.0,0.269857433808554,0.3228105906313646,0.0529531568228106,-7.3594329754659995,503.0,190.0,927,1031,1958,693.0,48.810010214504594,313.0,54.26105717367853,471.0,225.0,837,938,1775,696.0,59.70422535211268,246.0,56.272401433691755,760.0,298.0,1058.0,115.66905005107252,462.0,73.71483996120271,631.0,265.0,896.0,94.2056338028169,366.0,67.27078891257996,52.0,404.0,352.0
E02000780,Redbridge,4,5,31.723152761234434,23.348161377947893,318.0,409.0,0.32382892057026474,0.4164969450101833,0.09266802443991856,-8.374991383286542,514.0,477.0,1337,1291,2628,991.0,93.29452054794521,37.0,38.44427823485415,512.0,505.0,1172,1394,2566,1017.0,100.76383476227592,7.0,43.68600682593857,643.0,640.0,1283.0,156.59056316590562,3.0,49.80635166537567,687.0,511.0,1198.0,136.81098986749805,176.0,49.28263988522238,-330.0,391.0,721.0
E02000781,Redbridge,7,7,19.291041617905208,16.982215621413623,634.0,628.0,0.6456211812627292,0.639511201629328,-0.006109979633401208,-2.308825996491585,59.0,633.0,871,861,1732,692.0,21.562933025404156,-574.0,6.77382319173364,44.0,684.0,810,942,1752,728.0,17.17808219178082,-640.0,5.432098765432099,103.0,725.0,828.0,43.114896073903004,-622.0,11.962833914053427,132.0,682.0,814.0,51.38356164383562,-550.0,14.012738853503185,-639.0,44.0,683.0
E02000782,Redbridge,4,3,30.49912801916245,28.464855586648014,351.0,249.0,0.3574338085539715,0.2535641547861507,-0.10386965376782081,-2.0342724325144346,312.0,327.0,920,884,1804,639.0,56.55432372505543,-15.0,33.91304347826087,301.0,293.0,1016,847,1863,594.0,47.33923778851315,8.0,29.6259842519685,401.0,441.0,842.0,98.02716186252772,-40.0,45.36199095022624,418.0,552.0,970.0,123.85185185185185,-134.0,49.35064935064935,433.0,587.0,154.0
E02000783,Redbridge,3,3,32.51164809510683,27.660824514400534,295.0,281.0,0.3004073319755601,0.2861507128309572,-0.014256619144602856,-4.850823580706294,364.0,151.0,674,618,1292,515.0,42.54179566563467,213.0,54.00593471810089,261.0,114.0,509,526,1035,375.0,28.747826086956522,147.0,51.277013752455794,424.0,246.0,670.0,80.73065015479877,178.0,68.6084142394822,329.0,185.0,514.0,58.806763285024154,144.0,62.547528517110266,126.0,255.0,129.0
E02000784,Richmond upon Thames,10,9,9.916945694339256,9.805824893890039,894.0,868.0,0.9103869653767821,0.8839103869653768,-0.02647657841140527,-0.11112080044921768,0.0,615.0,752,747,1499,615.0,0.0,-615.0,0.0,0.0,619.0,713,766,1479,619.0,0.0,-619.0,0.0,0.0,671.0,671.0,0.0,-671.0,0.0,0.0,579.0,579.0,0.0,-579.0,0.0,-294.0,131.0,425.0
E02000785,Richmond upon Thames,10,10,7.159368775348118,6.926790247437623,958.0,947.0,0.9755600814663951,0.9643584521384929,-0.01120162932790214,-0.23257852791049505,0.0,535.0,798,760,1558,535.0,0.0,-535.0,0.0,0.0,536.0,812,735,1547,536.0,0.0,-536.0,0.0,0.0,657.0,657.0,0.0,-657.0,0.0,0.0,662.0,662.0,0.0,-662.0,0.0,-535.0,0.0,535.0
E02000786,Richmond upon Thames,9,9,11.724581876545471,9.700054975887769,843.0,870.0,0.8584521384928717,0.8859470468431772,0.027494908350305436,-2.024526900657703,307.0,390.0,1061,931,1992,697.0,60.105421686746986,-83.0,28.934967012252592,275.0,339.0,975,803,1778,614.0,52.432508436445445,-64.0,28.205128205128204,409.0,597.0,1006.0,122.57680722891567,-188.0,43.9312567132116,349.0,547.0,896.0,107.3695163104612,-198.0,43.46201743462018,-118.0,208.0,326.0
E02000787,Richmond upon Thames,9,8,13.271912231831205,13.612062804453723,788.0,743.0,0.8024439918533605,0.7566191446028513,-0.04582484725050917,0.3401505726225178,276.0,308.0,942,806,1748,584.0,48.63157894736842,-32.0,29.29936305732484,264.0,367.0,903,909,1812,631.0,53.47019867549669,-103.0,29.2358803986711,369.0,463.0,832.0,97.73855835240275,-94.0,45.78163771712159,416.0,490.0,906.0,112.49448123620309,-74.0,45.76457645764577,118.0,424.0,306.0
E02000788,Richmond upon Thames,10,10,8.094903050161069,6.501084979793444,935.0,956.0,0.9521384928716904,0.9735234215885947,0.02138492871690434,-1.5938180703676244,0.0,435.0,855,641,1496,435.0,0.0,-435.0,0.0,0.0,379.0,642,560,1202,379.0,0.0,-379.0,0.0,0.0,676.0,676.0,0.0,-676.0,0.0,0.0,520.0,520.0,0.0,-520.0,0.0,-397.0,0.0,397.0
E02000789,Richmond upon Thames,9,9,10.711676021304068,9.629095116501755,875.0,871.0,0.8910386965376782,0.8869653767820774,-0.004073319755600768,-1.0825809048023132,207.0,199.0,569,696,1265,406.0,32.56363636363636,8.0,36.37961335676626,219.0,202.0,643,638,1281,421.0,34.53395784543326,17.0,34.05909797822706,365.0,267.0,632.0,77.03952569169961,98.0,52.44252873563219,335.0,310.0,645.0,81.06947697111632,25.0,52.507836990595614,-21.0,234.0,255.0
E02000790,Richmond upon Thames,10,10,5.993173040206685,5.384548026919548,973.0,975.0,0.9908350305498982,0.9928716904276986,0.0020366598778004397,-0.6086250132871367,0.0,205.0,572,493,1065,205.0,0.0,-205.0,0.0,0.0,265.0,572,482,1054,265.0,0.0,-265.0,0.0,0.0,329.0,329.0,0.0,-329.0,0.0,0.0,386.0,386.0,0.0,-386.0,0.0,-271.0,0.0,271.0
E02000791,Richmond upon Thames,10,10,7.793097903861822,5.957178856791641,941.0,964.0,0.9582484725050916,0.9816700610997964,0.02342158859470478,-1.8359190470701812,0.0,462.0,721,740,1461,462.0,0.0,-462.0,0.0,0.0,427.0,653,717,1370,427.0,0.0,-427.0,0.0,0.0,545.0,545.0,0.0,-545.0,0.0,0.0,521.0,521.0,0.0,-521.0,0.0,-420.0,0.0,420.0
E02000792,Richmond upon Thames,10,10,7.840460146515953,5.73424224125825,939.0,969.0,0.9562118126272913,0.9867617107942973,0.03054989816700604,-2.1062179052577035,0.0,301.0,632,656,1288,301.0,0.0,-301.0,0.0,0.0,279.0,709,572,1281,279.0,0.0,-279.0,0.0,0.0,370.0,370.0,0.0,-370.0,0.0,0.0,430.0,430.0,0.0,-430.0,0.0,-306.0,0.0,306.0
E02000793,Richmond upon Thames,9,9,11.180488765205613,11.206441567781374,860.0,817.0,0.8757637474541752,0.8319755600814664,-0.04378818737270873,0.025952802575760714,190.0,255.0,568,456,1024,445.0,47.314453125,-65.0,33.45070422535211,172.0,201.0,468,422,890,373.0,38.84494382022472,-29.0,36.75213675213676,145.0,317.0,462.0,44.8876953125,-172.0,31.798245614035086,151.0,246.0,397.0,41.737078651685394,-95.0,35.78199052132701,-76.0,156.0,232.0
E02000794,Richmond upon Thames,10,10,8.482971026630352,7.141383601756955,928.0,946.0,0.945010183299389,0.9633401221995926,0.018329938900203624,-1.3415874248733974,0.0,308.0,609,563,1172,308.0,0.0,-308.0,0.0,0.0,220.0,643,430,1073,220.0,0.0,-220.0,0.0,0.0,342.0,342.0,0.0,-342.0,0.0,0.0,382.0,382.0,0.0,-382.0,0.0,-238.0,0.0,238.0
E02000795,Richmond upon Thames,10,10,10.218730808060307,8.906516199016488,889.0,898.0,0.905295315682281,0.9144602851323829,0.009164969450101812,-1.312214609043819,0.0,310.0,496,456,952,310.0,0.0,-310.0,0.0,0.0,193.0,458,345,803,193.0,0.0,-193.0,0.0,0.0,288.0,288.0,0.0,-288.0,0.0,0.0,305.0,305.0,0.0,-305.0,0.0,-207.0,0.0,207.0
E02000796,Richmond upon Thames,8,7,15.645255032289343,16.40391660391566,738.0,645.0,0.7515274949083504,0.6568228105906314,-0.09470468431771895,0.7586615716263179,323.0,223.0,674,514,1188,546.0,60.63047138047138,100.0,47.92284866468843,180.0,252.0,493,483,976,432.0,46.47540983606557,-72.0,36.511156186612574,264.0,311.0,575.0,69.11111111111111,-47.0,51.36186770428015,194.0,296.0,490.0,58.83606557377049,-102.0,40.165631469979296,-48.0,178.0,226.0
E02000797,Richmond upon Thames,10,10,7.768168024215504,6.68860379109226,943.0,955.0,0.960285132382892,0.9725050916496945,0.012219959266802416,-1.0795642331232438,0.0,353.0,812,723,1535,353.0,0.0,-353.0,0.0,0.0,311.0,853,682,1535,311.0,0.0,-311.0,0.0,0.0,438.0,438.0,0.0,-438.0,0.0,0.0,483.0,483.0,0.0,-483.0,0.0,-366.0,0.0,366.0
E02000798,Richmond upon Thames,10,9,10.248536611607141,10.267734259426303,887.0,850.0,0.9032586558044806,0.8655804480651731,-0.03767820773930752,0.019197647819162,0.0,368.0,852,709,1561,368.0,0.0,-368.0,0.0,0.0,296.0,725,560,1285,296.0,0.0,-296.0,0.0,0.0,409.0,409.0,0.0,-409.0,0.0,0.0,425.0,425.0,0.0,-425.0,0.0,38.0,285.0,247.0
E02000799,Richmond upon Thames,10,10,6.929929983320343,5.548346013943619,962.0,974.0,0.9796334012219959,0.9918533604887984,0.012219959266802416,-1.3815839693767238,0.0,323.0,645,749,1394,323.0,0.0,-323.0,0.0,0.0,233.0,601,561,1162,233.0,0.0,-233.0,0.0,0.0,340.0,340.0,0.0,-340.0,0.0,0.0,326.0,326.0,0.0,-326.0,0.0,-286.0,0.0,286.0
E02000800,Richmond upon Thames,7,7,18.631682862654323,15.602358908151972,654.0,677.0,0.6659877800407332,0.6894093686354379,0.023421588594704668,-3.0293239545023507,262.0,64.0,390,277,667,326.0,25.13943028485757,198.0,67.17948717948717,228.0,58.0,316,200,516,286.0,25.627906976744185,170.0,72.15189873417721,197.0,102.0,299.0,30.12593703148426,95.0,71.11913357400722,136.0,74.0,210.0,19.503875968992247,62.0,68.0,160.0,216.0,56.0
E02000801,Richmond upon Thames,10,10,6.28608456083535,5.6623867488443755,970.0,972.0,0.9877800407331976,0.9898167006109979,0.0020366598778003286,-0.6236978119909748,0.0,201.0,682,525,1207,201.0,0.0,-201.0,0.0,0.0,143.0,553,417,970,143.0,0.0,-143.0,0.0,0.0,326.0,326.0,0.0,-326.0,0.0,0.0,295.0,295.0,0.0,-295.0,0.0,-163.0,0.0,163.0
E02000802,Richmond upon Thames,10,10,8.750400940417963,7.598219675398634,923.0,932.0,0.939918533604888,0.9490835030549898,0.009164969450101812,-1.1521812650193288,0.0,204.0,567,441,1008,204.0,0.0,-204.0,0.0,0.0,206.0,532,389,921,206.0,0.0,-206.0,0.0,0.0,250.0,250.0,0.0,-250.0,0.0,0.0,282.0,282.0,0.0,-282.0,0.0,-216.0,0.0,216.0
E02000803,Richmond upon Thames,8,7,15.243903585384041,17.43955727973339,745.0,613.0,0.7586558044806517,0.6242362525458248,-0.1344195519348269,2.195653694349348,463.0,149.0,660,443,1103,612.0,62.54487760652765,314.0,70.15151515151516,339.0,129.0,520,404,924,468.0,47.327922077922075,210.0,65.1923076923077,264.0,175.0,439.0,41.885766092475066,89.0,59.59367945823928,259.0,147.0,406.0,41.20454545454545,112.0,64.10891089108911,261.0,364.0,103.0
E02000804,Richmond upon Thames,10,10,8.0193515182944,6.896205580631924,936.0,948.0,0.9531568228105907,0.9653767820773931,0.012219959266802416,-1.1231459376624757,0.0,218.0,737,524,1261,218.0,0.0,-218.0,0.0,0.0,203.0,627,485,1112,203.0,0.0,-203.0,0.0,0.0,349.0,349.0,0.0,-349.0,0.0,0.0,323.0,323.0,0.0,-323.0,0.0,-225.0,0.0,225.0
E02000805,Richmond upon Thames,10,10,10.241701521181879,8.833813537002897,888.0,901.0,0.9042769857433809,0.9175152749490835,0.01323828920570258,-1.4078879841789824,0.0,481.0,873,832,1705,481.0,0.0,-481.0,0.0,0.0,397.0,724,682,1406,397.0,0.0,-397.0,0.0,0.0,487.0,487.0,0.0,-487.0,0.0,0.0,418.0,418.0,0.0,-418.0,0.0,-409.0,0.0,409.0
E02000806,Richmond upon Thames,10,10,9.396667532398599,8.497609411535464,905.0,909.0,0.9215885947046843,0.9256619144602851,0.004073319755600768,-0.8990581208631347,0.0,311.0,660,446,1106,311.0,0.0,-311.0,0.0,0.0,242.0,638,368,1006,242.0,0.0,-242.0,0.0,0.0,409.0,409.0,0.0,-409.0,0.0,0.0,369.0,369.0,0.0,-369.0,0.0,-251.0,0.0,251.0
E02000807,Southwark,8,8,16.721401709370863,13.79343860613389,711.0,736.0,0.7240325865580448,0.7494908350305499,0.025458248472505107,-2.927963103236973,78.0,885.0,1009,1072,2081,963.0,33.171552138395,-807.0,7.730426164519326,55.0,1059.0,1120,1232,2352,1114.0,24.7640306122449,-1004.0,4.910714285714286,109.0,889.0,998.0,46.564632388274866,-780.0,10.167910447761194,105.0,1004.0,1109.0,44.82142857142857,-899.0,8.522727272727272,-910.0,91.0,1001.0
E02000808,Southwark,6,6,23.651842900461435,19.593475997295467,507.0,552.0,0.5162932790224033,0.5621181262729125,0.04582484725050917,-4.058366903165968,294.0,1103.0,1204,1586,2790,1397.0,116.23010752688172,-809.0,24.418604651162788,346.0,1345.0,1729,2027,3756,1691.0,123.90042598509052,-999.0,20.01156737998843,293.0,753.0,1046.0,79.07849462365591,-460.0,18.474148802017652,443.0,1070.0,1513.0,126.20074547390841,-627.0,21.85495806610755,-696.0,476.0,1172.0
E02000809,Southwark,4,7,31.444335967221257,15.799870955548835,327.0,671.0,0.3329938900203666,0.6832993890020367,0.35030549898167007,-15.644465011672422,844.0,646.0,1531,1846,3377,1490.0,161.4521764880071,198.0,55.12736773350751,845.0,721.0,1963,1974,3937,1566.0,154.748539497079,124.0,43.04635761589404,948.0,485.0,1433.0,136.15042937518507,463.0,51.35427952329361,1010.0,796.0,1806.0,204.20624841249682,214.0,51.16514690982776,-1082.0,308.0,1390.0
E02000810,Southwark,3,4,33.60626967519685,26.1410659076331,269.0,326.0,0.2739307535641548,0.3319755600814664,0.05804480651731159,-7.46520376756375,648.0,303.0,1107,1040,2147,951.0,91.45039590125756,345.0,58.536585365853654,706.0,341.0,1228,1192,2420,1047.0,99.48181818181818,365.0,57.49185667752443,547.0,307.0,854.0,78.21564974382859,240.0,52.59615384615385,722.0,372.0,1094.0,110.98512396694215,350.0,60.570469798657726,61.0,534.0,473.0
E02000812,Southwark,4,3,30.111717563654032,27.739778540530374,362.0,275.0,0.36863543788187375,0.280040733197556,-0.08859470468431774,-2.371939023123659,731.0,741.0,1414,1627,3041,1472.0,178.12265702071687,-10.0,51.6973125884017,574.0,658.0,1297,1566,2863,1232.0,131.92176039119803,-84.0,44.25597532767926,620.0,513.0,1133.0,104.59059519894771,107.0,38.10694529809465,612.0,531.0,1143.0,113.50750960530911,81.0,39.08045977011494,421.0,787.0,366.0
E02000813,Southwark,4,3,30.990242380398094,27.199347715983244,338.0,293.0,0.34419551934826886,0.2983706720977597,-0.04582484725050917,-3.79089466441485,440.0,391.0,1108,866,1974,831.0,87.15298885511652,49.0,39.71119133574007,479.0,565.0,1296,1274,2570,1044.0,105.30544747081711,-86.0,36.95987654320987,364.0,525.0,889.0,96.80851063829788,-161.0,42.032332563510394,561.0,631.0,1192.0,137.73968871595332,-70.0,44.03453689167975,451.0,721.0,270.0
E02000814,Southwark,6,6,22.14248397942672,20.197261524920233,554.0,531.0,0.5641547861507128,0.5407331975560081,-0.023421588594704668,-1.9452224545064887,261.0,764.0,1036,1269,2305,1025.0,86.50932754880694,-503.0,25.193050193050194,327.0,817.0,1400,1276,2676,1144.0,99.83520179372198,-490.0,23.357142857142858,400.0,667.0,1067.0,115.74837310195228,-267.0,31.520882584712375,337.0,960.0,1297.0,120.89686098654708,-623.0,26.410658307210035,-349.0,380.0,729.0
E02000815,Southwark,6,4,21.407469716684155,26.75764314942853,581.0,305.0,0.5916496945010183,0.3105906313645621,-0.28105906313645623,5.350173432744377,146.0,1079.0,855,1390,2245,1225.0,70.17104677060134,-933.0,17.076023391812868,169.0,1210.0,1360,1688,3048,1379.0,67.08989501312335,-1041.0,12.426470588235293,163.0,618.0,781.0,44.870378619153676,-455.0,11.726618705035971,199.0,1025.0,1224.0,66.92093175853019,-826.0,11.78909952606635,-224.0,531.0,755.0
E02000816,Southwark,3,3,34.295673482251466,28.85131911720847,250.0,236.0,0.2545824847250509,0.24032586558044808,-0.014256619144602828,-5.444354365042997,512.0,246.0,1097,870,1967,758.0,64.03253685815963,266.0,46.672743846855056,553.0,401.0,1103,1095,2198,954.0,100.88853503184713,152.0,50.13599274705349,485.0,394.0,879.0,97.14794102694458,91.0,55.74712643678161,521.0,399.0,920.0,94.57643312101911,122.0,47.57990867579909,166.0,510.0,344.0
E02000817,Southwark,2,1,38.83776648444719,34.55739054899235,153.0,87.0,0.15580448065173116,0.08859470468431772,-0.06720977596741344,-4.280375935454835,501.0,30.0,690,709,1399,531.0,10.743388134381702,471.0,72.60869565217392,508.0,59.0,690,652,1342,567.0,22.33383010432191,449.0,73.62318840579711,531.0,32.0,563.0,12.145818441744103,499.0,74.89421720733426,473.0,67.0,540.0,23.614754098360656,406.0,72.54601226993866,613.0,613.0,0.0
E02000818,Southwark,2,1,38.56709349009442,34.455332292073415,156.0,91.0,0.15885947046843177,0.09266802443991853,-0.06619144602851323,-4.111761198021007,686.0,50.0,930,939,1869,736.0,18.352059925093634,636.0,73.76344086021506,950.0,102.0,1339,1193,2532,1052.0,38.27014218009479,848.0,70.94846900672144,662.0,64.0,726.0,22.66880684858213,598.0,70.50053248136315,873.0,125.0,998.0,43.09834123222749,748.0,73.17686504610226,1181.0,1181.0,0.0
E02000819,Southwark,2,2,38.131830834636204,31.00217933545744,164.0,177.0,0.1670061099796334,0.18024439918533605,0.013238289205702664,-7.129651499178763,612.0,61.0,867,919,1786,673.0,20.902575587905936,551.0,70.58823529411765,525.0,77.0,808,1025,1833,602.0,22.054009819967266,448.0,64.97524752475248,615.0,57.0,672.0,19.627659574468087,558.0,66.92056583242655,676.0,74.0,750.0,27.29078014184397,602.0,65.95121951219512,389.0,534.0,145.0
E02000820,Southwark,4,3,30.542049941582583,27.40824322691107,350.0,287.0,0.3564154786150713,0.29226069246435843,-0.06415478615071285,-3.1338067146715147,455.0,541.0,1159,1039,2198,996.0,111.99044585987261,-86.0,39.25798101811907,433.0,611.0,1056,1280,2336,1044.0,113.25470890410959,-178.0,41.003787878787875,351.0,538.0,889.0,85.91355777979982,-187.0,33.78248315688162,480.0,473.0,953.0,97.1917808219178,7.0,37.5,255.0,585.0,330.0
E02000821,Southwark,2,1,37.35290342475554,39.2690625,180.0,31.0,0.18329938900203666,0.031568228105906315,-0.15173116089613034,1.9161590752444582,554.0,48.0,875,855,1730,602.0,15.371098265895954,506.0,63.31428571428571,497.0,75.0,755,1081,1836,572.0,20.302287581699346,422.0,65.82781456953643,533.0,26.0,559.0,8.010404624277456,507.0,62.3391812865497,621.0,62.0,683.0,20.970588235294116,559.0,57.446808510638306,658.0,658.0,0.0
E02000822,Southwark,2,2,36.401005691036865,33.17434969156957,195.0,120.0,0.1985743380855397,0.12219959266802444,-0.07637474541751527,-3.2266559994672974,619.0,50.0,893,1048,1941,669.0,15.94538897475528,569.0,69.31690929451287,400.0,70.0,628,759,1387,470.0,20.187454938716655,330.0,63.69426751592356,688.0,20.0,708.0,7.0891293147861925,668.0,65.64885496183206,488.0,45.0,533.0,15.832732516222062,443.0,64.29512516469038,208.0,374.0,166.0
E02000823,Southwark,3,3,32.92859056252425,28.614544499595983,287.0,244.0,0.29226069246435843,0.2484725050916497,-0.04378818737270873,-4.314046062928266,434.0,362.0,852,1050,1902,796.0,82.60147213459517,72.0,50.93896713615024,475.0,302.0,856,968,1824,777.0,78.64583333333333,173.0,55.490654205607484,537.0,258.0,795.0,72.84227129337539,279.0,51.142857142857146,523.0,273.0,796.0,78.2779605263158,250.0,54.02892561983471,139.0,437.0,298.0
E02000824,Southwark,2,2,37.357020068979935,31.90757239123972,179.0,152.0,0.18228105906313646,0.15478615071283094,-0.02749490835030552,-5.449447677740213,560.0,39.0,950,952,1902,599.0,11.482649842271293,521.0,58.94736842105262,542.0,116.0,795,923,1718,658.0,36.59604190919674,426.0,68.17610062893081,599.0,42.0,641.0,13.227129337539433,557.0,62.92016806722689,603.0,36.0,639.0,12.635622817229336,567.0,65.33044420368364,351.0,503.0,152.0
E02000825,Southwark,2,2,38.31635532490414,33.30122310341229,160.0,115.0,0.1629327902240326,0.11710794297352342,-0.04582484725050917,-5.015132221491847,607.0,37.0,972,870,1842,644.0,12.19272529858849,570.0,62.44855967078189,430.0,67.0,627,790,1417,497.0,20.331686661961893,363.0,68.58054226475278,586.0,40.0,626.0,12.725298588490771,546.0,67.35632183908045,567.0,42.0,609.0,16.80592801693719,525.0,71.77215189873418,302.0,420.0,118.0
E02000826,Southwark,4,3,30.641559356435646,29.955234077659224,345.0,203.0,0.3513238289205703,0.20672097759674135,-0.14460285132382894,-0.6863252787764225,310.0,531.0,946,1033,1979,841.0,83.17837291561395,-221.0,32.76955602536998,347.0,537.0,931,1092,2023,884.0,92.11023232822541,-190.0,37.27175080558539,402.0,483.0,885.0,98.11318847902982,-81.0,38.915779283639885,368.0,440.0,808.0,80.03954522985664,-72.0,33.6996336996337,69.0,464.0,395.0
E02000827,Southwark,3,2,35.579618468964185,31.281899626219346,209.0,167.0,0.21283095723014256,0.17006109979633402,-0.04276985743380854,-4.297718842744839,596.0,373.0,1128,1163,2291,969.0,97.0353557398516,223.0,52.836879432624116,507.0,341.0,944,1152,2096,848.0,82.48425572519083,166.0,53.70762711864406,592.0,352.0,944.0,90.95766041030117,240.0,50.90283748925194,636.0,326.0,962.0,98.91984732824427,310.0,55.208333333333336,452.0,637.0,185.0
E02000828,Southwark,2,1,37.685120276063095,35.42614427570094,172.0,73.0,0.17515274949083504,0.07433808553971487,-0.10081466395112017,-2.2589760003621535,570.0,54.0,888,940,1828,624.0,16.838074398249454,516.0,64.1891891891892,665.0,83.0,1013,1094,2107,748.0,26.196013289036546,582.0,65.64659427443237,621.0,40.0,661.0,13.588621444201314,581.0,66.06382978723404,765.0,60.0,825.0,21.78452776459421,705.0,69.92687385740403,824.0,824.0,0.0
E02000829,Southwark,2,1,42.28029318702474,34.771462364652464,105.0,82.0,0.10692464358452139,0.0835030549898167,-0.023421588594704695,-7.508830822372275,948.0,64.0,1330,1348,2678,1012.0,22.655713218820015,884.0,71.2781954887218,752.0,101.0,1128,1270,2398,853.0,31.673060884070058,651.0,66.66666666666666,925.0,83.0,1008.0,28.668782673637043,842.0,68.62017804154303,927.0,93.0,1020.0,35.9512093411176,834.0,72.99212598425197,944.0,944.0,0.0
E02000830,Southwark,5,6,28.29956874408117,20.01590472084501,400.0,535.0,0.4073319755600815,0.544806517311609,0.1374745417515275,-8.28366402323616,319.0,592.0,1036,1100,2136,911.0,88.4119850187266,-273.0,30.79150579150579,271.0,717.0,1091,1239,2330,988.0,83.39356223175966,-446.0,24.839596700274978,313.0,578.0,891.0,84.69756554307116,-265.0,28.454545454545453,315.0,653.0,968.0,88.28111587982832,-338.0,25.423728813559322,-603.0,210.0,813.0
E02000831,Southwark,4,4,32.189267720196206,24.73823730695468,308.0,364.0,0.3136456211812627,0.37067209775967414,0.05702647657841142,-7.451030413241526,556.0,473.0,1084,1105,2189,1029.0,120.14070351758794,83.0,51.291512915129154,496.0,506.0,1130,1146,2276,1002.0,110.27065026362038,-10.0,43.89380530973451,471.0,385.0,856.0,82.8391959798995,86.0,42.62443438914027,476.0,456.0,932.0,95.36731107205624,20.0,41.53577661431064,-16.0,508.0,524.0
E02000832,Southwark,3,3,34.78922911847389,30.13412445108848,234.0,201.0,0.23828920570264767,0.20468431771894094,-0.03360488798370673,-4.655104667385412,630.0,350.0,1091,1007,2098,980.0,105.10009532888465,280.0,57.74518790100826,507.0,206.0,856,918,1774,713.0,58.87373167981961,301.0,59.228971962616825,539.0,323.0,862.0,82.98236415633937,216.0,53.525322740814296,592.0,240.0,832.0,80.0901916572717,352.0,64.4880174291939,242.0,489.0,247.0
E02000833,Southwark,5,6,24.44702274274662,19.449354970760233,477.0,558.0,0.48574338085539714,0.5682281059063137,0.08248472505091653,-4.997667771986386,246.0,596.0,847,1000,1847,842.0,79.38061721710882,-350.0,29.043683589138137,161.0,433.0,564,828,1392,594.0,50.08117816091954,-272.0,28.54609929078014,207.0,429.0,636.0,48.07958852192745,-222.0,20.7,247.0,315.0,562.0,55.894396551724135,-68.0,29.830917874396135,-368.0,123.0,491.0
E02000834,Southwark,6,6,22.027067208392214,18.201275478369386,559.0,588.0,0.5692464358452138,0.5987780040733197,0.029531568228105876,-3.8257917300228286,264.0,711.0,1102,1138,2240,975.0,83.79642857142858,-447.0,23.95644283121597,187.0,638.0,1171,1007,2178,825.0,54.77777777777778,-451.0,15.96925704526046,258.0,666.0,924.0,76.70892857142857,-408.0,22.671353251318102,222.0,821.0,1043.0,83.6831955922865,-599.0,22.045680238331677,-208.0,293.0,501.0
E02000835,Southwark,5,6,26.954976417910448,20.375276356192423,430.0,524.0,0.4378818737270876,0.5336048879837068,0.09572301425661917,-6.579700061718025,261.0,312.0,833,547,1380,573.0,59.00869565217391,-51.0,31.332533013205282,187.0,318.0,597,621,1218,505.0,48.82266009852217,-131.0,31.32328308207705,180.0,470.0,650.0,61.30434782608695,-290.0,32.90676416819013,217.0,328.0,545.0,58.4367816091954,-111.0,34.94363929146538,-236.0,136.0,372.0
E02000836,Southwark,7,8,18.824234547330096,14.233004159733778,644.0,725.0,0.6558044806517311,0.7382892057026477,0.08248472505091653,-4.591230387596319,144.0,791.0,888,947,1835,935.0,62.07302452316076,-647.0,16.216216216216218,117.0,639.0,925,815,1740,756.0,42.967241379310344,-522.0,12.64864864864865,113.0,698.0,811.0,42.983106267029974,-585.0,11.932418162618797,155.0,766.0,921.0,68.23563218390805,-611.0,19.018404907975462,-544.0,101.0,645.0
E02000837,Southwark,8,9,14.15300029543203,9.928760901778155,769.0,861.0,0.7830957230142567,0.8767820773930753,0.09368635437881867,-4.224239393653875,40.0,663.0,780,730,1510,703.0,17.56291390728477,-623.0,5.128205128205128,38.0,606.0,665,687,1352,644.0,17.032544378698226,-568.0,5.714285714285714,43.0,698.0,741.0,19.87682119205298,-655.0,5.89041095890411,33.0,599.0,632.0,14.620562130177515,-566.0,4.8034934497816595,-616.0,27.0,643.0
E02000838,Southwark,6,7,22.849391428104575,17.231005382131322,538.0,620.0,0.5478615071283096,0.6313645621181263,0.0835030549898167,-5.618386045973253,227.0,576.0,1005,894,1899,803.0,68.85308056872037,-349.0,22.587064676616915,201.0,684.0,907,1063,1970,885.0,69.78883248730965,-483.0,22.160970231532527,179.0,620.0,799.0,58.44128488678252,-441.0,20.022371364653242,223.0,546.0,769.0,61.80609137055838,-323.0,20.978363123236125,-601.0,200.0,801.0
E02000839,Southwark,6,6,22.34137574041812,20.295187232481346,550.0,527.0,0.560081466395112,0.5366598778004074,-0.023421588594704668,-2.0461885079367725,164.0,475.0,757,712,1469,639.0,53.02927161334241,-311.0,21.66446499339498,167.0,366.0,647,597,1244,533.0,49.133440514469456,-199.0,25.811437403400312,181.0,520.0,701.0,64.070796460177,-339.0,25.42134831460674,186.0,416.0,602.0,62.19935691318328,-230.0,31.155778894472363,-168.0,182.0,350.0
E02000840,Sutton,4,2,32.001781977726104,31.984739064149174,312.0,151.0,0.31771894093686354,0.15376782077393075,-0.16395112016293278,-0.017042913576929664,394.0,23.0,471,403,874,417.0,10.368421052631579,371.0,83.65180467091295,450.0,15.0,554,386,940,465.0,7.180851063829787,435.0,81.2274368231047,349.0,22.0,371.0,8.784897025171624,327.0,86.60049627791562,334.0,55.0,389.0,19.54255319148936,279.0,86.52849740932642,504.0,510.0,6.0
E02000841,Sutton,5,3,28.11384157780071,28.15254250082048,407.0,258.0,0.41446028513238287,0.26272912423625255,-0.1517311608961303,0.03870092301977124,422.0,111.0,557,512,1069,533.0,43.81852198316184,311.0,75.76301615798923,334.0,77.0,469,435,904,411.0,28.449115044247787,257.0,71.21535181236673,381.0,100.0,481.0,35.64078578110384,281.0,74.4140625,322.0,92.0,414.0,32.769911504424776,230.0,74.02298850574712,359.0,400.0,41.0
E02000842,Sutton,9,9,12.269964779024264,9.867797972018996,827.0,865.0,0.8421588594704684,0.8808553971486762,0.0386965376782078,-2.4021668070052673,96.0,216.0,375,350,725,312.0,28.60137931034483,-120.0,25.6,108.0,205.0,431,368,799,313.0,27.709637046307886,-97.0,25.05800464037123,74.0,230.0,304.0,23.47586206896552,-156.0,21.142857142857142,98.0,260.0,358.0,31.88986232790989,-162.0,26.6304347826087,-92.0,100.0,192.0
E02000843,Sutton,7,7,17.97777024149433,15.418854378818738,677.0,686.0,0.6894093686354379,0.6985743380855397,0.009164969450101812,-2.558915862675592,253.0,170.0,530,502,1032,423.0,41.67635658914729,83.0,47.735849056603776,364.0,200.0,879,512,1391,564.0,52.33644859813084,164.0,41.41069397042093,281.0,202.0,483.0,55.001937984496124,79.0,55.97609561752988,247.0,417.0,664.0,74.04672897196262,-170.0,48.2421875,100.0,349.0,249.0
E02000844,Sutton,7,6,20.303809928011315,20.514632718327185,606.0,518.0,0.6171079429735234,0.5274949083503055,-0.0896130346232179,0.21082279031586992,223.0,121.0,532,396,928,344.0,29.076508620689655,102.0,41.91729323308271,181.0,146.0,434,393,827,327.0,31.954050785973397,35.0,41.705069124423964,230.0,246.0,476.0,60.9698275862069,-16.0,58.080808080808076,177.0,198.0,375.0,42.37726723095526,-21.0,45.038167938931295,84.0,226.0,142.0
E02000845,Sutton,9,9,10.554411637532423,9.77036289321192,880.0,869.0,0.8961303462321792,0.884928716904277,-0.011201629327902252,-0.7840487443205024,172.0,174.0,521,415,936,346.0,31.974358974358974,-2.0,33.01343570057582,190.0,211.0,485,483,968,401.0,41.41528925619835,-21.0,39.175257731958766,168.0,231.0,399.0,41.46153846153846,-63.0,40.48192771084337,185.0,236.0,421.0,45.103305785123965,-51.0,38.302277432712216,-25.0,202.0,227.0
E02000846,Sutton,8,9,14.093149230114845,10.874252871972319,773.0,831.0,0.7871690427698574,0.8462321792260692,0.05906313645621175,-3.2188963581425263,150.0,188.0,442,407,849,338.0,33.21554770318021,-38.0,33.93665158371041,134.0,150.0,478,384,862,284.0,23.317865429234338,-16.0,28.03347280334728,138.0,239.0,377.0,38.84805653710247,-101.0,33.90663390663391,177.0,271.0,448.0,55.646171693735496,-94.0,46.09375,-154.0,43.0,197.0
E02000847,Sutton,10,10,7.841789558763356,6.8768107815544495,938.0,949.0,0.955193482688391,0.9663951120162932,0.011201629327902252,-0.9649787772089065,0.0,248.0,488,356,844,248.0,0.0,-248.0,0.0,0.0,201.0,449,301,750,201.0,0.0,-201.0,0.0,0.0,342.0,342.0,0.0,-342.0,0.0,0.0,318.0,318.0,0.0,-318.0,0.0,-203.0,0.0,203.0
E02000848,Sutton,10,10,8.899427338319178,7.74729152163103,921.0,928.0,0.9378818737270875,0.945010183299389,0.007128309572301483,-1.1521358166881486,0.0,224.0,369,307,676,224.0,0.0,-224.0,0.0,0.0,254.0,377,329,706,254.0,0.0,-254.0,0.0,0.0,271.0,271.0,0.0,-271.0,0.0,0.0,277.0,277.0,0.0,-277.0,0.0,-253.0,0.0,253.0
E02000849,Sutton,8,8,16.07370769539078,12.792013321492007,726.0,766.0,0.7393075356415478,0.780040733197556,0.04073319755600813,-3.281694373898773,159.0,206.0,501,423,924,365.0,35.44805194805195,-47.0,31.736526946107784,88.0,147.0,456,355,811,235.0,15.950678175092479,-59.0,19.298245614035086,136.0,265.0,401.0,39.004329004329,-129.0,32.15130023640662,140.0,302.0,442.0,52.13316892725031,-162.0,39.436619718309856,-21.0,125.0,146.0
E02000850,Sutton,9,9,13.185295749830246,12.180672038980509,792.0,787.0,0.8065173116089613,0.8014256619144603,-0.005091649694501044,-1.004623710849737,34.0,394.0,547,525,1072,428.0,12.496268656716419,-360.0,6.2157221206581355,31.0,314.0,515,403,918,345.0,10.603485838779957,-283.0,6.019417475728155,53.0,439.0,492.0,21.70429104477612,-386.0,10.095238095238095,34.0,429.0,463.0,15.88888888888889,-395.0,8.436724565756824,-217.0,33.0,250.0
E02000851,Sutton,6,5,23.662542241296517,21.226010519395132,505.0,482.0,0.5142566191446029,0.4908350305498982,-0.023421588594704668,-2.4365317219013853,564.0,173.0,779,704,1483,737.0,65.79366149696561,391.0,72.400513478819,690.0,259.0,1077,964,2041,949.0,87.56001959823615,431.0,64.06685236768801,508.0,177.0,685.0,60.63115306810519,331.0,72.1590909090909,662.0,317.0,979.0,102.81920627143558,345.0,68.67219917012449,506.0,734.0,228.0
E02000852,Sutton,9,9,11.03235457573312,9.235949021627189,863.0,883.0,0.8788187372708758,0.8991853360488798,0.020366598778004064,-1.796405554105931,67.0,267.0,516,431,947,334.0,18.890179514255543,-200.0,12.984496124031008,49.0,299.0,514,486,1000,348.0,14.651,-250.0,9.53307392996109,62.0,372.0,434.0,24.35480464625132,-310.0,14.385150812064964,68.0,359.0,427.0,24.412,-291.0,13.991769547325102,-190.0,52.0,242.0
E02000853,Sutton,8,8,13.751179167281348,13.569511108305983,781.0,744.0,0.7953156822810591,0.7576374745417516,-0.03767820773930752,-0.1816680589753652,223.0,149.0,520,385,905,372.0,36.71491712707182,74.0,42.88461538461538,203.0,185.0,497,400,897,388.0,41.86733556298773,18.0,40.845070422535215,173.0,227.0,400.0,43.39337016574586,-54.0,44.935064935064936,159.0,228.0,387.0,40.414715719063544,-69.0,39.75,46.0,230.0,184.0
E02000854,Sutton,9,9,11.525653934657091,9.897086063902107,853.0,862.0,0.8686354378818737,0.8778004073319755,0.009164969450101812,-1.6285678707549849,60.0,263.0,463,388,851,323.0,18.54289071680376,-203.0,12.958963282937367,58.0,215.0,459,342,801,273.0,15.568039950062422,-157.0,12.636165577342048,54.0,322.0,376.0,20.43243243243243,-268.0,13.917525773195877,60.0,318.0,378.0,23.820224719101123,-258.0,17.543859649122805,-101.0,59.0,160.0
E02000855,Sutton,10,10,6.883236711442147,6.350149707310997,965.0,959.0,0.9826883910386965,0.9765784114052953,-0.006109979633401208,-0.5330870041311497,0.0,267.0,416,368,784,267.0,0.0,-267.0,0.0,0.0,238.0,463,297,760,238.0,0.0,-238.0,0.0,0.0,312.0,312.0,0.0,-312.0,0.0,0.0,346.0,346.0,0.0,-346.0,0.0,-240.0,0.0,240.0
E02000856,Sutton,8,9,13.757103915728964,11.83447897746384,779.0,796.0,0.7932790224032586,0.8105906313645621,0.01731160896130346,-1.9226249382651233,176.0,225.0,607,521,1128,401.0,35.1063829787234,-49.0,28.995057660626028,191.0,258.0,637,553,1190,449.0,41.410084033613444,-67.0,29.984301412872842,171.0,309.0,480.0,46.84308510638298,-138.0,32.82149712092131,195.0,339.0,534.0,55.55042016806723,-144.0,35.2622061482821,-259.0,55.0,314.0
E02000857,Sutton,9,9,13.095833608349148,10.296949437550737,795.0,848.0,0.8095723014256619,0.8635437881873728,0.05397148676171082,-2.798884170798411,185.0,442.0,825,702,1527,627.0,53.5494433529797,-257.0,22.424242424242426,123.0,340.0,793,596,1389,463.0,30.107991360691145,-217.0,15.510718789407314,149.0,512.0,661.0,49.95939751146038,-363.0,21.225071225071225,169.0,548.0,717.0,66.67530597552197,-379.0,28.355704697986578,-181.0,128.0,309.0
E02000858,Sutton,4,2,32.47331085164478,32.31579895908981,297.0,142.0,0.3024439918533605,0.1446028513238289,-0.1578411405295316,-0.15751189255497167,357.0,32.0,446,406,852,389.0,13.408450704225352,325.0,80.04484304932735,317.0,40.0,442,402,844,357.0,15.023696682464456,277.0,71.71945701357465,325.0,46.0,371.0,17.546948356807512,279.0,80.04926108374384,321.0,51.0,372.0,19.39691943127962,270.0,79.8507462686567,345.0,370.0,25.0
E02000859,Sutton,8,9,14.423679285119412,11.746062089971884,765.0,800.0,0.7790224032586558,0.814663951120163,0.035641547861507195,-2.677617195147528,188.0,173.0,540,445,985,361.0,33.01928934010152,15.0,34.81481481481482,159.0,217.0,525,418,943,376.0,36.58854718981972,-58.0,30.28571428571429,201.0,255.0,456.0,52.035532994923855,-54.0,45.1685393258427,141.0,274.0,415.0,40.96924708377519,-133.0,33.73205741626794,-208.0,45.0,253.0
E02000860,Sutton,7,6,19.749557720452753,19.69012821758135,619.0,548.0,0.630346232179226,0.5580448065173116,-0.07230142566191444,-0.05942950287140292,457.0,181.0,795,660,1455,638.0,56.85017182130584,276.0,57.484276729559745,435.0,198.0,811,639,1450,633.0,59.4,237.0,53.637484586929716,434.0,279.0,713.0,83.22061855670103,155.0,65.75757575757576,416.0,298.0,714.0,85.4951724137931,118.0,65.10172143974961,310.0,493.0,183.0
E02000861,Sutton,10,10,6.889227884086967,5.020283266259899,964.0,978.0,0.9816700610997964,0.9959266802443992,0.014256619144602856,-1.8689446178270686,0.0,324.0,337,371,708,324.0,0.0,-324.0,0.0,0.0,304.0,397,352,749,304.0,0.0,-304.0,0.0,0.0,272.0,272.0,0.0,-272.0,0.0,0.0,350.0,350.0,0.0,-350.0,0.0,-302.0,0.0,302.0
E02000863,Sutton,9,9,13.252166768964976,10.86407544945476,790.0,832.0,0.8044806517311609,0.8472505091649695,0.04276985743380857,-2.3880913195102167,32.0,203.0,297,286,583,235.0,11.14236706689537,-171.0,10.774410774410773,47.0,133.0,318,213,531,180.0,11.772128060263654,-86.0,14.779874213836477,43.0,201.0,244.0,14.825042881646656,-158.0,15.034965034965033,37.0,201.0,238.0,14.005649717514125,-164.0,17.370892018779344,-75.0,48.0,123.0
E02000864,Tower Hamlets,1,2,44.800270670121726,33.56669260059689,70.0,107.0,0.07128309572301425,0.10896130346232179,0.03767820773930754,-11.233578069524839,586.0,0.0,903,922,1825,586.0,0.0,586.0,64.89479512735326,862.0,0.0,1272,1127,2399,862.0,0.0,862.0,67.76729559748428,626.0,0.0,626.0,0.0,626.0,67.89587852494577,705.0,0.0,705.0,0.0,705.0,62.55545696539485,550.0,771.0,221.0
E02000865,Tower Hamlets,1,2,43.02269782867678,33.660838222222225,88.0,105.0,0.08961303462321792,0.10692464358452139,0.017311608961303473,-9.361859606454559,513.0,0.0,807,808,1615,513.0,0.0,513.0,63.56877323420075,583.0,0.0,842,963,1805,583.0,0.0,583.0,69.23990498812351,509.0,0.0,509.0,0.0,509.0,62.995049504950494,629.0,0.0,629.0,0.0,629.0,65.31671858774662,325.0,492.0,167.0
E02000866,Tower Hamlets,3,4,34.60297437280067,25.290982715575186,239.0,348.0,0.24338085539714868,0.3543788187372709,0.11099796334012221,-9.31199165722548,374.0,623.0,1295,1199,2494,997.0,93.42502004811547,-249.0,28.88030888030888,408.0,677.0,1338,1325,2663,1085.0,103.72361997746901,-269.0,30.493273542600896,429.0,702.0,1131.0,120.75300721732157,-273.0,35.77981651376147,475.0,738.0,1213.0,131.63725122042808,-263.0,35.84905660377358,-310.0,362.0,672.0
E02000867,Tower Hamlets,4,4,31.178690425297887,25.024294206931444,332.0,360.0,0.3380855397148676,0.3665987780040733,0.02851323828920571,-6.154396218366443,323.0,1004.0,1483,1485,2968,1327.0,109.26280323450135,-681.0,21.780175320296696,285.0,1183.0,1614,1725,3339,1468.0,100.9748427672956,-898.0,17.657992565055764,380.0,1070.0,1450.0,136.9946091644205,-690.0,25.589225589225588,421.0,1233.0,1654.0,155.46361185983827,-812.0,24.405797101449274,-501.0,383.0,884.0
E02000868,Tower Hamlets,2,3,36.76189726779252,28.85113913043478,190.0,237.0,0.1934826883910387,0.24134419551934827,0.04786150712830958,-7.910758137357739,417.0,355.0,903,969,1872,772.0,79.07852564102564,62.0,46.179401993355484,401.0,366.0,959,1088,2047,767.0,71.6980947728383,35.0,41.81438998957247,409.0,348.0,757.0,76.03205128205128,61.0,42.208462332301345,515.0,374.0,889.0,94.09379579872984,141.0,47.33455882352941,-34.0,362.0,396.0
E02000869,Tower Hamlets,1,2,46.632956704645046,33.03527818329278,46.0,123.0,0.04684317718940937,0.12525458248472504,0.07841140529531568,-13.597678521352265,412.0,0.0,680,650,1330,412.0,0.0,412.0,60.588235294117645,489.0,0.0,747,753,1500,489.0,0.0,489.0,65.46184738955823,386.0,0.0,386.0,0.0,386.0,59.38461538461538,513.0,0.0,513.0,0.0,513.0,68.12749003984064,382.0,473.0,91.0
E02000870,Tower Hamlets,3,3,35.37666359888837,29.586804174801017,217.0,213.0,0.2209775967413442,0.21690427698574338,-0.004073319755600824,-5.7898594240873535,198.0,464.0,726,845,1571,662.0,58.479949077021004,-266.0,27.27272727272727,236.0,470.0,785,825,1610,706.0,68.8944099378882,-234.0,30.063694267515924,274.0,403.0,677.0,70.28771483131763,-129.0,32.42603550295858,229.0,459.0,688.0,65.28633540372671,-230.0,27.757575757575758,-8.0,353.0,361.0
E02000871,Tower Hamlets,1,2,46.9031169211966,33.78368505404398,42.0,100.0,0.04276985743380855,0.10183299389002037,0.05906313645621182,-13.11943186715262,551.0,0.0,1027,798,1825,551.0,0.0,551.0,53.65141187925998,822.0,0.0,1252,1430,2682,822.0,0.0,822.0,65.65495207667732,474.0,0.0,474.0,0.0,474.0,59.3984962406015,882.0,0.0,882.0,0.0,882.0,61.67832167832168,553.0,759.0,206.0
E02000872,Tower Hamlets,1,2,45.31261923343554,30.514310022219625,64.0,189.0,0.06517311608961303,0.1924643584521385,0.12729124236252548,-14.798309211215916,667.0,0.0,1072,1153,2225,667.0,0.0,667.0,62.220149253731336,823.0,0.0,1197,1241,2438,823.0,0.0,823.0,68.75522138680033,746.0,0.0,746.0,0.0,746.0,64.70078057241977,826.0,0.0,826.0,0.0,826.0,66.55922643029814,610.0,750.0,140.0
E02000873,Tower Hamlets,3,4,32.77123197966919,26.84948082378901,291.0,304.0,0.29633401221995925,0.3095723014256619,0.013238289205702636,-5.92175115588018,274.0,1040.0,865,1778,2643,1314.0,107.8168747635263,-766.0,31.676300578034684,452.0,1058.0,1181,1705,2886,1510.0,165.7020097020097,-606.0,38.27265029635902,488.0,472.0,960.0,87.14945138100643,16.0,27.44656917885264,469.0,601.0,1070.0,97.66770616770617,-132.0,27.50733137829912,-607.0,377.0,984.0
E02000874,Tower Hamlets,2,2,39.31714895221394,33.369545216792844,147.0,113.0,0.14969450101832993,0.11507128309572301,-0.03462321792260692,-5.947603735421097,322.0,358.0,669,889,1558,680.0,73.98973042362003,-36.0,48.13153961136024,428.0,478.0,919,1232,2151,906.0,95.11111111111111,-50.0,46.57236126224157,367.0,237.0,604.0,55.82734274711168,130.0,41.28233970753656,516.0,312.0,828.0,74.84518828451883,204.0,41.883116883116884,415.0,545.0,130.0
E02000875,Tower Hamlets,1,2,47.85937435381356,31.355196276811007,35.0,163.0,0.035641547861507125,0.1659877800407332,0.13034623217922608,-16.50417807700255,626.0,0.0,1060,1033,2093,626.0,0.0,626.0,59.056603773584904,870.0,0.0,1428,1436,2864,870.0,0.0,870.0,60.924369747899156,658.0,0.0,658.0,0.0,658.0,63.69796708615682,959.0,0.0,959.0,0.0,959.0,66.78272980501393,644.0,838.0,194.0
E02000876,Tower Hamlets,1,2,44.82994538723887,33.78064609375,68.0,101.0,0.06924643584521385,0.10285132382892057,0.03360488798370671,-11.049299293488872,552.0,0.0,820,1066,1886,552.0,0.0,552.0,67.31707317073172,724.0,0.0,1132,1205,2337,724.0,0.0,724.0,63.957597173144876,705.0,0.0,705.0,0.0,705.0,66.13508442776735,861.0,0.0,861.0,0.0,861.0,71.45228215767635,505.0,650.0,145.0
E02000877,Tower Hamlets,1,2,45.86431315821687,31.26856564891917,52.0,168.0,0.05295315682281059,0.1710794297352342,0.11812627291242361,-14.595747509297702,726.0,0.0,1120,1183,2303,726.0,0.0,726.0,64.82142857142857,1090.0,0.0,1673,1632,3305,1090.0,0.0,1090.0,65.15242080095636,757.0,0.0,757.0,0.0,757.0,63.989856297548606,1048.0,0.0,1048.0,0.0,1048.0,64.2156862745098,697.0,945.0,248.0
E02000878,Tower Hamlets,1,2,48.59070911821893,30.517168209468394,30.0,188.0,0.03054989816700611,0.19144602851323828,0.16089613034623218,-18.073540908750537,896.0,0.0,1273,2071,3344,896.0,0.0,896.0,70.38491751767478,1031.0,0.0,1531,2038,3569,1031.0,0.0,1031.0,67.34160679294578,1360.0,0.0,1360.0,0.0,1360.0,65.6687590535973,1374.0,0.0,1374.0,0.0,1374.0,67.4190382728165,867.0,1046.0,179.0
E02000879,Tower Hamlets,2,2,39.685263629813996,30.615297000895254,143.0,185.0,0.14562118126272913,0.18839103869653767,0.04276985743380854,-9.069966628918742,391.0,390.0,863,980,1843,781.0,82.74009766684753,1.0,45.30706836616454,413.0,395.0,967,1058,2025,808.0,80.5604938271605,18.0,42.709410548086865,424.0,364.0,788.0,83.74172544763972,60.0,43.26530612244898,421.0,341.0,762.0,70.89432098765432,80.0,39.79206049149339,412.0,547.0,135.0
E02000880,Tower Hamlets,2,2,40.55613376385042,30.80582603851663,126.0,181.0,0.12830957230142567,0.18431771894093688,0.0560081466395112,-9.750307725333787,375.0,376.0,739,961,1700,751.0,82.94117647058823,-1.0,50.74424898511503,358.0,456.0,978,1171,2149,814.0,75.96463471382039,-98.0,36.60531697341513,408.0,249.0,657.0,59.76,159.0,42.45577523413112,476.0,397.0,873.0,87.93485342019544,79.0,40.64901793339026,391.0,548.0,157.0
E02000881,Tower Hamlets,1,1,49.56116159791576,39.50274349167181,25.0,28.0,0.025458248472505093,0.028513238289205704,0.003054989816700611,-10.058418106243955,404.0,0.0,733,597,1330,404.0,0.0,404.0,55.11596180081856,788.0,0.0,1262,1161,2423,788.0,0.0,788.0,62.4405705229794,341.0,0.0,341.0,0.0,341.0,57.11892797319933,782.0,0.0,782.0,0.0,782.0,67.35572782084411,1095.0,1095.0,0.0
E02000882,Tower Hamlets,1,1,50.49978066713157,35.63656744462025,20.0,69.0,0.020366598778004074,0.07026476578411406,0.04989816700610998,-14.86321322251132,456.0,0.0,702,774,1476,456.0,0.0,456.0,64.95726495726495,676.0,0.0,1117,860,1977,676.0,0.0,676.0,60.51924798567592,521.0,0.0,521.0,0.0,521.0,67.31266149870801,577.0,0.0,577.0,0.0,577.0,67.09302325581396,973.0,973.0,0.0
E02000883,Tower Hamlets,1,1,54.33815193710692,40.40641134361234,6.0,20.0,0.006109979633401222,0.020366598778004074,0.014256619144602852,-13.931740593494581,341.0,0.0,622,914,1536,341.0,0.0,341.0,54.82315112540193,567.0,0.0,982,903,1885,567.0,0.0,567.0,57.73930753564155,531.0,0.0,531.0,0.0,531.0,58.096280087527354,530.0,0.0,530.0,0.0,530.0,58.693244739756366,832.0,832.0,0.0
E02000884,Tower Hamlets,1,4,48.18588985310734,24.328616976659372,32.0,380.0,0.032586558044806514,0.3869653767820774,0.35437881873727084,-23.85727287644797,1001.0,0.0,1407,1677,3084,1001.0,0.0,1001.0,71.14427860696517,1432.0,0.0,1994,2480,4474,1432.0,0.0,1432.0,71.81544633901706,1203.0,0.0,1203.0,0.0,1203.0,71.73524150268337,1813.0,0.0,1813.0,0.0,1813.0,73.10483870967742,-340.0,774.0,1114.0
E02000885,Tower Hamlets,1,1,47.25674617984047,36.60490046885465,39.0,53.0,0.03971486761710794,0.0539714867617108,0.014256619144602856,-10.651845710985818,371.0,0.0,583,873,1456,371.0,0.0,371.0,63.63636363636363,393.0,0.0,687,763,1450,393.0,0.0,393.0,57.20524017467249,559.0,0.0,559.0,0.0,559.0,64.03207331042383,476.0,0.0,476.0,0.0,476.0,62.38532110091744,612.0,612.0,0.0
E02000886,Tower Hamlets,2,4,36.42978332241332,25.34613524835428,194.0,347.0,0.1975560081466395,0.3533604887983707,0.15580448065173116,-11.083648074059042,402.0,338.0,778,882,1660,740.0,81.85301204819277,64.0,51.670951156812336,606.0,376.0,1394,1288,2682,982.0,84.95749440715883,230.0,43.47202295552367,419.0,275.0,694.0,69.41265060240964,144.0,47.50566893424036,656.0,509.0,1165.0,124.49813571961224,147.0,50.931677018633536,-20.0,471.0,491.0
E02000887,Tower Hamlets,1,2,49.87452751732102,32.65090942879499,24.0,132.0,0.024439918533604887,0.13441955193482688,0.109979633401222,-17.22361808852603,597.0,0.0,982,937,1919,597.0,0.0,597.0,60.79429735234216,777.0,0.0,1265,1328,2593,777.0,0.0,777.0,61.42292490118577,531.0,0.0,531.0,0.0,531.0,56.670224119530424,856.0,0.0,856.0,0.0,856.0,64.45783132530121,545.0,753.0,208.0
E02000888,Tower Hamlets,1,5,45.33566286444562,23.273108407310705,62.0,413.0,0.06313645621181263,0.42057026476578413,0.3574338085539715,-22.06255445713491,616.0,0.0,856,992,1848,616.0,0.0,616.0,71.96261682242991,711.0,0.0,1038,1318,2356,711.0,0.0,711.0,68.4971098265896,718.0,0.0,718.0,0.0,718.0,72.37903225806451,912.0,0.0,912.0,0.0,912.0,69.19575113808801,-547.0,237.0,784.0
E02000889,Tower Hamlets,3,5,36.12845504232164,21.140198983481575,201.0,486.0,0.20468431771894094,0.49490835030549896,0.29022403258655805,-14.988256058840065,296.0,417.0,743,958,1701,713.0,72.56437389770723,-121.0,39.83849259757739,580.0,497.0,1433,1204,2637,1077.0,109.31361395525218,83.0,40.47452896022331,465.0,359.0,824.0,98.13932980599647,106.0,48.53862212943633,592.0,735.0,1327.0,165.0056882821388,-143.0,49.16943521594684,-143.0,458.0,601.0
E02000890,Tower Hamlets,8,9,15.075376077653148,9.304658349641226,749.0,881.0,0.7627291242362525,0.8971486761710794,0.1344195519348269,-5.770717728011922,75.0,563.0,624,701,1325,638.0,31.867924528301888,-488.0,12.01923076923077,64.0,611.0,788,740,1528,675.0,25.591623036649214,-547.0,8.121827411167512,95.0,517.0,612.0,37.06792452830189,-422.0,13.55206847360913,84.0,682.0,766.0,37.49214659685864,-598.0,11.351351351351353,-647.0,25.0,672.0
E02000891,Tower Hamlets,2,6,42.21155901745781,19.25768640502355,107.0,567.0,0.10896130346232179,0.5773930753564155,0.4684317718940937,-22.95387261243426,963.0,338.0,1718,1571,3289,1301.0,98.96442687747036,625.0,56.05355064027939,1895.0,916.0,3447,2953,6400,2811.0,271.221875,979.0,54.975340876124164,981.0,483.0,1464.0,144.06293706293707,498.0,62.44430299172502,1601.0,980.0,2581.0,245.153125,621.0,54.21605147307823,-1013.0,742.0,1755.0
E02000893,Tower Hamlets,4,6,29.071222641898867,20.85948215733982,383.0,498.0,0.390020366598778,0.5071283095723014,0.1171079429735234,-8.211740484559048,204.0,396.0,669,798,1467,600.0,55.06748466257669,-192.0,30.493273542600896,254.0,454.0,815,919,1734,708.0,66.50288350634371,-200.0,31.16564417177914,326.0,418.0,744.0,92.88888888888889,-92.0,40.852130325814535,367.0,503.0,870.0,106.459630911188,-136.0,39.93471164309032,-272.0,173.0,445.0
E02000894,Tower Hamlets,6,8,22.006301032696836,13.132534530020337,563.0,754.0,0.5733197556008147,0.7678207739307535,0.19450101832993882,-8.8737665026765,235.0,955.0,1194,1422,2616,1190.0,85.78937308868501,-720.0,19.68174204355109,191.0,1047.0,1520,1466,2986,1238.0,66.9715338245144,-856.0,12.56578947368421,372.0,887.0,1259.0,126.13302752293578,-515.0,26.160337552742618,311.0,1248.0,1559.0,129.98258539852645,-937.0,21.21418826739427,-1127.0,62.0,1189.0
E02000895,Waltham Forest,4,5,28.561883225968167,23.47487130159503,393.0,405.0,0.40020366598778007,0.4124236252545825,0.012219959266802416,-5.087011924373137,104.0,121.0,373,251,624,225.0,20.166666666666668,-17.0,27.882037533512065,129.0,144.0,409,313,722,273.0,25.72853185595568,-15.0,31.54034229828851,91.0,207.0,298.0,30.1875,-116.0,36.254980079681275,128.0,244.0,372.0,43.257617728531855,-116.0,40.894568690095845,-35.0,128.0,163.0
E02000896,Waltham Forest,7,8,20.899416572498296,14.95624986378991,594.0,705.0,0.604887983706721,0.7179226069246436,0.11303462321792257,-5.943166708708386,67.0,589.0,543,721,1264,656.0,31.220727848101266,-522.0,12.338858195211786,68.0,263.0,528,334,862,331.0,20.74709976798144,-195.0,12.878787878787879,98.0,451.0,549.0,34.96677215189873,-353.0,13.592233009708737,50.0,438.0,488.0,25.406032482598608,-388.0,14.97005988023952,-218.0,55.0,273.0
E02000897,Waltham Forest,3,3,36.26351255540423,28.00218843305513,199.0,262.0,0.20264765784114053,0.2668024439918534,0.06415478615071285,-8.261324122349102,219.0,59.0,448,331,779,278.0,16.586649550706035,160.0,48.88392857142857,209.0,77.0,388,331,719,286.0,22.382475660639777,132.0,53.865979381443296,202.0,152.0,354.0,39.41463414634146,50.0,61.027190332326285,188.0,111.0,299.0,29.02364394993046,77.0,56.797583081571,213.0,265.0,52.0
E02000898,Waltham Forest,4,4,31.30768491096774,24.390771442860714,331.0,377.0,0.33706720977596744,0.38391038696537677,0.046843177189409335,-6.916913468107026,138.0,137.0,476,318,794,275.0,23.811083123425693,1.0,28.991596638655466,169.0,134.0,482,291,773,303.0,29.296248382923675,35.0,35.06224066390041,144.0,291.0,435.0,52.77581863979849,-147.0,45.28301886792453,129.0,261.0,390.0,43.55627425614489,-132.0,44.329896907216494,127.0,229.0,102.0
E02000899,Waltham Forest,5,6,24.08757532449495,20.38614203069658,486.0,523.0,0.49490835030549896,0.5325865580448065,0.03767820773930752,-3.7014332937983703,66.0,319.0,456,446,902,385.0,23.341463414634145,-253.0,14.473684210526317,79.0,239.0,460,362,822,318.0,22.969586374695865,-160.0,17.17391304347826,114.0,377.0,491.0,47.647450110864746,-263.0,25.56053811659193,112.0,368.0,480.0,50.141119221411195,-256.0,30.939226519337016,-171.0,59.0,230.0
E02000900,Waltham Forest,3,3,34.505602328140455,27.38653810835629,243.0,288.0,0.24745417515274948,0.29327902240325865,0.04582484725050917,-7.119064219784164,200.0,109.0,512,464,976,309.0,22.33606557377049,91.0,39.0625,153.0,120.0,440,433,873,273.0,21.030927835051546,33.0,34.77272727272727,236.0,199.0,435.0,48.118852459016395,37.0,50.86206896551724,214.0,142.0,356.0,34.80870561282932,72.0,49.42263279445728,159.0,261.0,102.0
E02000901,Waltham Forest,6,8,22.23822877280973,15.1819799393287,553.0,696.0,0.5631364562118126,0.7087576374745418,0.14562118126272916,-7.05624883348103,73.0,273.0,525,389,914,346.0,21.804157549234137,-200.0,13.904761904761905,84.0,325.0,577,481,1058,409.0,25.803402646502835,-241.0,14.558058925476603,99.0,441.0,540.0,47.766958424507656,-342.0,25.449871465295633,130.0,477.0,607.0,58.61058601134216,-347.0,27.027027027027028,-341.0,28.0,369.0
E02000902,Waltham Forest,3,4,32.778068201919574,24.629003657978966,290.0,366.0,0.2953156822810591,0.3727087576374745,0.07739307535641543,-8.149064543940607,227.0,156.0,628,530,1158,383.0,30.580310880829014,71.0,36.146496815286625,206.0,163.0,567,610,1177,369.0,28.528462192013595,43.0,36.33156966490299,204.0,241.0,445.0,42.4559585492228,-37.0,38.49056603773585,282.0,183.0,465.0,43.845369583687344,99.0,46.22950819672131,-26.0,214.0,240.0
E02000903,Waltham Forest,1,1,45.573991771536,35.59168159150043,56.0,71.0,0.05702647657841141,0.07230142566191446,0.015274949083503048,-9.982310180035569,600.0,0.0,715,711,1426,600.0,0.0,600.0,83.91608391608392,521.0,0.0,630,567,1197,521.0,0.0,521.0,82.6984126984127,592.0,0.0,592.0,0.0,592.0,83.26300984528832,479.0,0.0,479.0,0.0,479.0,84.47971781305115,552.0,552.0,0.0
E02000904,Waltham Forest,4,6,30.888759017987358,20.252925153516394,343.0,529.0,0.34928716904276985,0.5386965376782077,0.18940936863543784,-10.635833864470964,116.0,585.0,661,793,1454,701.0,46.671251719394775,-469.0,17.549167927382754,105.0,358.0,620,619,1239,463.0,30.338983050847457,-253.0,16.93548387096774,147.0,499.0,646.0,50.44910591471802,-352.0,18.53720050441362,192.0,471.0,663.0,72.98789346246973,-279.0,31.017770597738288,-354.0,66.0,420.0
E02000905,Waltham Forest,3,5,35.11775438523308,21.851602007353673,225.0,461.0,0.22912423625254583,0.4694501018329939,0.24032586558044808,-13.266152377879404,284.0,347.0,1093,880,1973,631.0,49.94830207805373,-63.0,25.983531564501373,231.0,287.0,789,805,1594,518.0,41.59159347553325,-56.0,29.277566539923956,286.0,482.0,768.0,69.86923466801825,-196.0,32.5,318.0,349.0,667.0,69.62484316185696,-31.0,39.50310559006211,-318.0,152.0,470.0
E02000906,Waltham Forest,3,4,35.82551629649654,24.495634768907564,204.0,373.0,0.20773930753564154,0.37983706720977595,0.1720977596741344,-11.329881527588974,201.0,311.0,854,890,1744,512.0,35.84346330275229,-110.0,23.536299765807964,246.0,325.0,843,817,1660,571.0,48.16265060240964,-79.0,29.181494661921707,346.0,358.0,704.0,71.02522935779817,-12.0,38.87640449438202,235.0,405.0,640.0,57.33433734939759,-170.0,28.76376988984088,-66.0,288.0,354.0
E02000907,Waltham Forest,1,1,50.69634291058212,36.8695726137296,18.0,51.0,0.018329938900203666,0.051934826883910386,0.03360488798370672,-13.826770296852516,750.0,0.0,905,892,1797,750.0,0.0,750.0,82.87292817679558,726.0,0.0,917,867,1784,726.0,0.0,726.0,79.17121046892039,734.0,0.0,734.0,0.0,734.0,82.28699551569507,741.0,0.0,741.0,0.0,741.0,85.46712802768167,779.0,779.0,0.0
E02000908,Waltham Forest,3,5,34.70858717097756,22.126199966049906,238.0,452.0,0.24236252545824846,0.46028513238289204,0.21792260692464357,-12.582387204927652,346.0,383.0,1415,995,2410,729.0,54.986721991701245,-37.0,24.452296819787986,507.0,472.0,1539,1100,2639,979.0,90.67980295566502,35.0,32.94346978557505,314.0,684.0,998.0,89.11867219917012,-370.0,31.55778894472362,378.0,700.0,1078.0,100.26525198938992,-322.0,34.36363636363636,-367.0,331.0,698.0
E02000909,Waltham Forest,4,6,31.657979431712967,20.60535833148436,320.0,512.0,0.3258655804480652,0.5213849287169042,0.19551934826883904,-11.052621100228606,134.0,518.0,856,787,1643,652.0,42.24710894704808,-384.0,15.654205607476634,188.0,510.0,836,755,1591,698.0,60.26398491514771,-322.0,22.48803827751196,205.0,640.0,845.0,79.85392574558735,-435.0,26.04828462515883,191.0,556.0,747.0,66.74795725958516,-365.0,25.29801324503311,-468.0,116.0,584.0
E02000910,Waltham Forest,3,4,35.02535667975322,24.58240698543145,226.0,369.0,0.23014256619144602,0.3757637474541752,0.14562118126272916,-10.442949694321772,304.0,610.0,1163,1355,2518,914.0,73.64575059571088,-306.0,26.139294926913152,355.0,458.0,1206,1234,2440,813.0,66.63524590163935,-103.0,29.436152570480928,404.0,514.0,918.0,82.46862589356633,-110.0,29.81549815498155,469.0,590.0,1059.0,113.40573770491804,-121.0,38.006482982171796,-53.0,402.0,455.0
E02000911,Waltham Forest,1,3,43.51954715691685,29.245122545168893,82.0,223.0,0.0835030549898167,0.22708757637474541,0.14358452138492872,-14.274424611747957,890.0,0.0,1057,1219,2276,890.0,0.0,890.0,84.20056764427626,916.0,0.0,1137,1253,2390,916.0,0.0,916.0,80.56288478452068,1033.0,0.0,1033.0,0.0,1033.0,84.74159146841673,1021.0,0.0,1021.0,0.0,1021.0,81.48443735035914,377.0,641.0,264.0
E02000912,Waltham Forest,2,3,37.68100560402684,28.8334393620556,173.0,238.0,0.17617107942973523,0.24236252545824846,0.06619144602851323,-8.847566241971244,386.0,237.0,760,949,1709,623.0,53.52954944411937,149.0,50.78947368421053,367.0,186.0,698,720,1418,553.0,48.139633286318755,181.0,52.57879656160458,567.0,235.0,802.0,77.96664716208309,332.0,59.74710221285564,417.0,204.0,621.0,59.99153737658674,213.0,57.91666666666667,199.0,380.0,181.0
E02000913,Waltham Forest,3,4,33.432526131403634,24.06185982017116,275.0,383.0,0.280040733197556,0.390020366598778,0.10997963340122197,-9.370666311232473,170.0,354.0,710,1005,1715,524.0,35.09037900874635,-184.0,23.943661971830984,158.0,251.0,634,733,1367,409.0,29.01097293343087,-93.0,24.9211356466877,388.0,363.0,751.0,82.12478134110788,25.0,38.60696517412936,301.0,284.0,585.0,62.5340160936357,17.0,41.06412005457026,-30.0,259.0,289.0
E02000914,Waltham Forest,1,1,46.434993067184756,35.18019383378016,49.0,77.0,0.04989816700610998,0.07841140529531568,0.028513238289205697,-11.254799233404597,801.0,0.0,983,1083,2066,801.0,0.0,801.0,81.4852492370295,811.0,0.0,992,1056,2048,811.0,0.0,811.0,81.75403225806451,917.0,0.0,917.0,0.0,917.0,84.67220683287165,874.0,0.0,874.0,0.0,874.0,82.76515151515152,865.0,865.0,0.0
E02000915,Waltham Forest,3,5,34.81008706351961,21.75980552486188,233.0,462.0,0.23727087576374745,0.47046843177189407,0.23319755600814662,-13.050281538657732,295.0,305.0,987,899,1886,600.0,47.7067868504772,-10.0,29.88855116514691,275.0,375.0,782,937,1719,650.0,59.9912739965096,-100.0,35.16624040920716,297.0,407.0,704.0,64.09278897136798,-110.0,33.03670745272525,345.0,340.0,685.0,68.23734729493891,5.0,36.819637139807895,-319.0,222.0,541.0
E02000916,Waltham Forest,2,4,36.848904779124936,27.134618754563473,186.0,296.0,0.1894093686354379,0.3014256619144603,0.1120162932790224,-9.714286024561464,449.0,224.0,950,1011,1961,673.0,51.288118306986235,225.0,47.26315789473684,563.0,249.0,1102,984,2086,812.0,67.20373921380633,314.0,51.08892921960072,609.0,309.0,918.0,95.96175420703723,300.0,60.23738872403561,549.0,293.0,842.0,77.11265580057527,256.0,55.79268292682927,-200.0,295.0,495.0
E02000917,Waltham Forest,3,6,32.852819833169775,19.808602471368296,289.0,539.0,0.29429735234215887,0.5488798370672098,0.2545824847250509,-13.04421736180148,245.0,426.0,1074,1093,2167,671.0,48.16335948315644,-181.0,22.811918063314714,216.0,490.0,1015,1076,2091,706.0,50.61692969870875,-274.0,21.2807881773399,337.0,524.0,861.0,81.48961698200277,-187.0,30.83257090576395,327.0,547.0,874.0,85.54232424677188,-220.0,30.39033457249071,-760.0,92.0,852.0
E02000918,Waltham Forest,2,4,37.67962799693185,26.857884743991644,174.0,303.0,0.17718940936863545,0.3085539714867617,0.13136456211812628,-10.821743252940205,540.0,185.0,921,1117,2038,725.0,49.01864573110893,355.0,58.63192182410424,518.0,173.0,896,873,1769,691.0,50.65799886941775,345.0,57.8125,782.0,172.0,954.0,65.99803729146221,610.0,70.00895255147717,545.0,185.0,730.0,56.995477671000565,360.0,62.42840778923253,-33.0,336.0,369.0
E02000919,Waltham Forest,3,5,33.17806229150851,21.244702415150545,281.0,481.0,0.2861507128309572,0.48981670061099797,0.20366598778004075,-11.933359876357965,197.0,471.0,1087,1116,2203,668.0,42.118474807081256,-274.0,18.12327506899724,241.0,494.0,983,1155,2138,735.0,55.684752104770816,-253.0,24.51678535096643,371.0,622.0,993.0,104.74897866545619,-251.0,33.24372759856631,430.0,491.0,921.0,98.75116931711881,-61.0,37.22943722943723,-501.0,212.0,713.0
E02000920,Waltham Forest,2,3,37.975616781306044,27.823772880015813,168.0,268.0,0.1710794297352342,0.2729124236252546,0.10183299389002037,-10.151843901290231,549.0,208.0,1038,1188,2226,757.0,51.299191374663074,341.0,52.89017341040463,499.0,215.0,939,1078,2017,714.0,53.1903817550818,284.0,53.1416400425985,733.0,255.0,988.0,83.96900269541779,478.0,61.7003367003367,655.0,232.0,887.0,75.33961328705999,423.0,60.76066790352505,250.0,530.0,280.0
E02000921,Waltham Forest,2,2,42.69199645395873,30.606850022094566,100.0,186.0,0.10183299389002037,0.1894093686354379,0.08757637474541752,-12.085146431864164,519.0,229.0,1005,1211,2216,748.0,53.63312274368231,290.0,51.64179104477612,530.0,214.0,1024,1080,2104,744.0,53.90684410646388,316.0,51.7578125,722.0,251.0,973.0,81.778880866426,471.0,59.62014863748968,676.0,289.0,965.0,92.85361216730038,387.0,62.59259259259259,584.0,709.0,125.0
E02000922,Waltham Forest,3,4,34.73163178466216,23.84354484097633,237.0,391.0,0.24134419551934827,0.3981670061099796,0.15682281059063136,-10.888086943685831,604.0,530.0,1462,1234,2696,1134.0,118.73887240356083,74.0,41.313269493844054,235.0,473.0,993,1057,2050,708.0,54.22195121951219,-238.0,23.66565961732125,368.0,619.0,987.0,84.49258160237389,-251.0,29.821717990275527,351.0,532.0,883.0,91.08878048780488,-181.0,33.207190160832546,-211.0,293.0,504.0
E02000923,Wandsworth,7,8,17.782273660690393,12.64306568690096,681.0,771.0,0.6934826883910387,0.785132382892057,0.09164969450101834,-5.139207973789434,283.0,637.0,989,911,1900,920.0,94.87947368421052,-354.0,28.61476238624874,257.0,715.0,1010,1044,2054,972.0,89.4620253164557,-458.0,25.445544554455445,216.0,611.0,827.0,69.46105263157895,-395.0,23.71020856201976,254.0,683.0,937.0,84.460564751704,-429.0,24.32950191570881,-530.0,186.0,716.0
E02000924,Wandsworth,3,4,33.24279213884635,26.941605625717568,279.0,301.0,0.28411405295315684,0.3065173116089613,0.022403258655804448,-6.30118651312878,916.0,200.0,1281,1277,2558,1116.0,71.61845191555904,716.0,71.50663544106168,2050.0,284.0,2873,1933,4806,2334.0,121.14024136496046,1766.0,71.3539853811347,953.0,224.0,1177.0,83.45269741985926,729.0,74.62803445575568,1456.0,530.0,1986.0,160.5659592176446,926.0,75.32333160889809,1383.0,1769.0,386.0
E02000925,Wandsworth,2,4,36.600221875637104,26.599962948912495,192.0,309.0,0.1955193482688391,0.31466395112016293,0.11914460285132383,-10.000258926724609,665.0,15.0,732,743,1475,680.0,6.762711864406779,650.0,90.84699453551912,768.0,41.0,872,881,1753,809.0,17.962350256702795,727.0,88.07339449541286,681.0,17.0,698.0,7.848813559322034,664.0,91.65545087483177,775.0,45.0,820.0,19.89446662863662,730.0,87.96821793416572,434.0,601.0,167.0
E02000926,Wandsworth,6,7,23.846716848298335,15.821903371011304,498.0,670.0,0.5071283095723014,0.6822810590631364,0.17515274949083504,-8.024813477287031,431.0,469.0,1216,1142,2358,900.0,85.72476675148431,-38.0,35.444078947368425,591.0,670.0,1690,1467,3157,1261.0,125.42603737725689,-79.0,34.97041420118343,504.0,566.0,1070.0,120.97709923664122,-62.0,44.13309982486865,550.0,825.0,1375.0,143.72822299651568,-275.0,37.49147920927062,-134.0,608.0,742.0
E02000927,Wandsworth,5,5,28.09808683799705,22.187760243632336,409.0,449.0,0.4164969450101833,0.45723014256619143,0.04073319755600813,-5.910326594364715,455.0,328.0,848,1001,1849,783.0,80.71389940508382,127.0,53.655660377358494,478.0,383.0,948,999,1947,861.0,94.02876219825373,95.0,50.42194092827004,532.0,282.0,814.0,81.13791238507301,250.0,53.14685314685315,501.0,326.0,827.0,83.88597842835131,175.0,50.150150150150154,178.0,539.0,361.0
E02000928,Wandsworth,9,9,11.839476430480019,9.812317584080064,837.0,867.0,0.8523421588594705,0.8828920570264766,0.03054989816700604,-2.0271588463999546,53.0,617.0,854,888,1742,670.0,18.772101033295062,-564.0,6.206088992974239,58.0,664.0,987,929,1916,722.0,20.100208768267223,-606.0,5.8763931104356635,115.0,669.0,784.0,44.16475315729047,-554.0,12.950450450450452,113.0,772.0,885.0,45.53027139874739,-659.0,12.16361679224973,-420.0,115.0,535.0
E02000929,Wandsworth,2,2,39.80228946269067,33.281182833310915,140.0,116.0,0.1425661914460285,0.11812627291242363,-0.024439918533604874,-6.521106629379759,649.0,29.0,706,793,1499,678.0,12.555703802535023,620.0,91.92634560906515,778.0,31.0,901,958,1859,809.0,12.973641742872513,747.0,86.34850166481687,709.0,11.0,720.0,5.202801867911941,698.0,89.40731399747793,865.0,44.0,909.0,20.473372781065088,821.0,90.29227557411274,749.0,783.0,34.0
E02000930,Wandsworth,6,8,21.582233989251755,14.546327584582038,574.0,715.0,0.5845213849287169,0.7281059063136456,0.14358452138492872,-7.035906404669717,621.0,707.0,1523,1709,3232,1328.0,135.84375,-86.0,40.77478660538411,638.0,873.0,1767,1948,3715,1511.0,149.9257065948856,-235.0,36.106395019807586,691.0,613.0,1304.0,131.05909653465346,78.0,40.433001755412526,692.0,830.0,1522.0,154.6056527590848,-138.0,35.52361396303901,-758.0,440.0,1198.0
E02000931,Wandsworth,9,10,12.612734629218787,7.606388871224165,817.0,931.0,0.8319755600814664,0.9480651731160896,0.11608961303462317,-5.006345757994622,40.0,1065.0,1073,1231,2304,1105.0,18.489583333333332,-1025.0,3.727865796831314,42.0,1142.0,1297,1328,2625,1184.0,18.272,-1100.0,3.2382420971472627,51.0,923.0,974.0,20.430989583333332,-872.0,4.1429731925264015,42.0,1167.0,1209.0,18.672,-1125.0,3.1626506024096384,-1144.0,0.0,1144.0
E02000932,Wandsworth,8,9,13.99527605663073,11.198798954416215,776.0,818.0,0.790224032586558,0.8329938900203666,0.04276985743380857,-2.7964771022145154,426.0,832.0,1664,1598,3262,1258.0,108.65481299816064,-406.0,25.600961538461537,477.0,1012.0,2171,1809,3980,1489.0,121.28743718592965,-535.0,21.971441731920773,538.0,945.0,1483.0,155.85836909871244,-407.0,33.66708385481852,505.0,1380.0,1885.0,175.10050251256283,-875.0,27.91597567716971,-940.0,256.0,1196.0
E02000933,Wandsworth,9,9,12.473283454504044,10.54486037126715,823.0,842.0,0.8380855397148677,0.8574338085539714,0.019348268839103788,-1.9284230832368934,83.0,688.0,1017,1076,2093,771.0,27.283325370281894,-605.0,8.16125860373648,91.0,698.0,992,989,1981,789.0,32.063604240282686,-607.0,9.173387096774194,169.0,743.0,912.0,59.993788819875775,-574.0,15.706319702602231,119.0,741.0,860.0,44.512367491166074,-622.0,12.032355915065724,-489.0,142.0,631.0
E02000934,Wandsworth,6,9,21.730415478308622,12.087714913625678,573.0,788.0,0.5835030549898167,0.8024439918533605,0.21894093686354377,-9.642700564682944,609.0,489.0,1325,1401,2726,1098.0,109.24468085106383,120.0,45.96226415094339,610.0,633.0,1555,1534,3089,1243.0,125.00161864681127,-23.0,39.228295819935695,704.0,482.0,1186.0,124.47835656639765,222.0,50.24982155603141,688.0,641.0,1329.0,142.76723858853998,47.0,44.85006518904824,-879.0,217.0,1096.0
E02000935,Wandsworth,3,3,33.87002287445255,28.712944420813837,262.0,243.0,0.2668024439918534,0.24745417515274948,-0.0193482688391039,-5.157078453638714,537.0,82.0,801,1016,1817,619.0,24.234452394056138,455.0,67.04119850187266,467.0,56.0,706,724,1430,523.0,18.28811188811189,411.0,66.14730878186968,620.0,101.0,721.0,34.46340121078701,519.0,61.023622047244096,488.0,96.0,584.0,32.76083916083916,392.0,67.40331491712708,372.0,449.0,77.0
E02000936,Wandsworth,8,8,16.845029829531814,12.45230757008285,707.0,780.0,0.719959266802444,0.7942973523421588,0.07433808553971477,-4.3927222594489646,316.0,629.0,1209,1190,2399,945.0,82.85285535639849,-313.0,26.1373035566584,374.0,751.0,1419,1394,2813,1125.0,99.8485602559545,-377.0,26.356589147286826,380.0,677.0,1057.0,107.23634847853272,-297.0,31.932773109243694,420.0,794.0,1214.0,118.54959118378954,-374.0,30.129124820659968,-157.0,541.0,698.0
E02000937,Wandsworth,8,10,14.351434181771102,9.17311016743509,767.0,890.0,0.7810590631364562,0.9063136456211812,0.12525458248472499,-5.178324014336013,236.0,571.0,963,950,1913,807.0,70.44223732357554,-335.0,24.5067497403946,186.0,551.0,901,901,1802,737.0,56.873473917869035,-365.0,20.643729189789124,235.0,578.0,813.0,71.00365917407214,-343.0,24.736842105263158,214.0,617.0,831.0,73.27302996670366,-403.0,23.751387347391788,-741.0,0.0,741.0
E02000938,Wandsworth,5,5,26.890927441860466,22.71332051159683,432.0,433.0,0.439918533604888,0.4409368635437882,0.0010183299389002198,-4.177606930263636,579.0,285.0,1089,884,1973,864.0,83.63659401926002,294.0,53.168044077134994,498.0,284.0,913,918,1831,782.0,77.24303659202621,214.0,54.54545454545454,490.0,433.0,923.0,107.53674607197162,57.0,55.42986425339367,533.0,332.0,865.0,96.64445658110323,201.0,58.06100217864923,226.0,533.0,307.0
E02000939,Wandsworth,9,10,10.652448544929719,7.413664436062781,877.0,940.0,0.8930753564154786,0.9572301425661914,0.0641547861507128,-3.2387841088669376,31.0,787.0,959,906,1865,818.0,13.081501340482573,-756.0,3.232533889468196,26.0,740.0,713,840,1553,766.0,12.388924661944623,-714.0,3.6465638148667603,32.0,821.0,853.0,14.08686327077748,-789.0,3.532008830022075,24.0,604.0,628.0,9.33419188667096,-580.0,2.857142857142857,-739.0,0.0,739.0
E02000940,Wandsworth,5,5,25.606235633694958,21.52855133848899,459.0,474.0,0.46741344195519346,0.48268839103869654,0.015274949083503075,-4.077684295205966,643.0,216.0,982,957,1939,859.0,71.62867457452295,427.0,65.4786150712831,711.0,275.0,1237,1082,2319,986.0,84.3143596377749,436.0,57.47776879547292,660.0,238.0,898.0,81.01083032490975,422.0,68.96551724137932,718.0,370.0,1088.0,114.55799913755929,348.0,66.35859519408503,511.0,768.0,257.0
E02000941,Wandsworth,8,8,17.150435476310232,12.460746739876457,699.0,779.0,0.7118126272912424,0.7932790224032586,0.08146639511201625,-4.689688736433775,223.0,882.0,1194,1280,2474,1105.0,79.50121261115602,-659.0,18.67671691792295,213.0,768.0,1186,1232,2418,981.0,67.65260545905707,-555.0,17.959527824620576,253.0,810.0,1063.0,82.83346806790622,-557.0,19.765625,274.0,765.0,1039.0,86.68734491315136,-491.0,22.24025974025974,-219.0,438.0,657.0
E02000942,Wandsworth,9,10,11.5323768622866,8.842615540396503,852.0,900.0,0.8676171079429735,0.9164969450101833,0.048879837067209775,-2.6897613218900975,95.0,707.0,1016,1048,2064,802.0,32.54118217054263,-612.0,9.350393700787402,77.0,751.0,1079,1041,2120,828.0,27.27688679245283,-674.0,7.136237256719184,137.0,736.0,873.0,48.85271317829457,-599.0,13.072519083969466,101.0,832.0,933.0,39.637735849056604,-731.0,9.702209414024976,-860.0,0.0,860.0
E02000943,Wandsworth,8,9,16.44269085455844,12.187672047866336,716.0,786.0,0.7291242362525459,0.8004073319755601,0.07128309572301428,-4.255018806692103,163.0,971.0,1218,1321,2539,1134.0,62.33674675068925,-808.0,13.382594417077176,155.0,1159.0,1460,1585,3045,1314.0,58.99671592775041,-1004.0,10.616438356164384,158.0,900.0,1058.0,56.00630169358015,-742.0,11.960635881907645,193.0,1130.0,1323.0,71.6223316912972,-937.0,12.176656151419559,-1110.0,135.0,1245.0
E02000944,Wandsworth,4,4,29.611998907854566,25.05396621715557,372.0,357.0,0.3788187372708758,0.3635437881873727,-0.015274949083503075,-4.558032690698997,607.0,105.0,782,746,1528,712.0,41.71138743455497,502.0,77.62148337595907,525.0,128.0,735,729,1464,653.0,45.90163934426229,397.0,71.42857142857143,598.0,126.0,724.0,49.31151832460733,472.0,80.16085790884718,578.0,155.0,733.0,61.19535519125683,423.0,79.28669410150891,425.0,536.0,111.0
E02000945,Wandsworth,3,3,34.37066355249344,27.481830031152647,245.0,285.0,0.2494908350305499,0.29022403258655805,0.040733197556008155,-6.888833521340793,666.0,72.0,1090,845,1935,738.0,24.781395348837208,594.0,61.100917431192656,520.0,65.0,759,789,1548,585.0,21.834625322997415,455.0,68.51119894598156,610.0,96.0,706.0,30.26356589147287,514.0,72.18934911242604,579.0,77.0,656.0,28.800387596899224,502.0,73.38403041825094,450.0,522.0,72.0
E02000946,Wandsworth,6,7,22.251354621944284,18.02979160475483,551.0,593.0,0.5610997963340122,0.6038696537678208,0.04276985743380857,-4.221563017189453,623.0,287.0,1425,828,2253,910.0,79.3612960497115,336.0,43.719298245614034,524.0,330.0,1255,981,2236,854.0,77.3345259391771,194.0,41.75298804780876,459.0,637.0,1096.0,129.77496671105192,-178.0,55.434782608695656,556.0,535.0,1091.0,133.03220035778176,21.0,56.67686034658511,137.0,521.0,384.0
E02000947,Wandsworth,9,10,11.830082874927955,8.234073716082449,838.0,915.0,0.8533604887983707,0.9317718940936863,0.07841140529531565,-3.596009158845506,112.0,650.0,1127,993,2120,762.0,34.339622641509436,-538.0,9.937888198757763,84.0,724.0,1151,1062,2213,808.0,27.481247175779483,-640.0,7.298001737619461,165.0,831.0,996.0,64.67688679245283,-666.0,16.61631419939577,173.0,926.0,1099.0,72.38951649344781,-753.0,16.290018832391713,-804.0,0.0,804.0
E02000948,Wandsworth,7,8,19.855125485471298,13.889657839089717,618.0,735.0,0.6293279022403259,0.7484725050916496,0.11914460285132378,-5.9654676463815814,442.0,961.0,1548,1632,3180,1403.0,133.57295597484276,-519.0,28.552971576227392,467.0,1020.0,1633,1651,3284,1487.0,145.04872107186358,-553.0,28.597672994488672,521.0,963.0,1484.0,157.7745283018868,-442.0,31.924019607843135,485.0,1017.0,1502.0,150.19640682095007,-532.0,29.376135675348277,-694.0,411.0,1105.0
E02000949,Wandsworth,8,9,16.722404058847527,11.208387221487435,710.0,816.0,0.7230142566191446,0.8309572301425662,0.10794297352342153,-5.514016837360092,208.0,970.0,1305,1302,2607,1178.0,77.39163789796702,-762.0,15.938697318007664,181.0,969.0,1373,1345,2718,1150.0,64.52869757174393,-788.0,13.182811361981065,182.0,899.0,1081.0,62.76102800153433,-717.0,13.978494623655912,204.0,993.0,1197.0,74.52980132450331,-789.0,15.167286245353159,-842.0,184.0,1026.0
E02000950,Wandsworth,8,8,15.562994195038268,13.02614440245015,739.0,756.0,0.7525458248472505,0.769857433808554,0.01731160896130346,-2.536849792588118,269.0,393.0,847,794,1641,662.0,64.42230347349178,-124.0,31.759149940968122,242.0,433.0,793,819,1612,675.0,65.00372208436724,-191.0,30.51702395964691,301.0,458.0,759.0,84.00853138330287,-157.0,37.90931989924433,287.0,443.0,730.0,78.87158808933002,-156.0,35.04273504273504,-115.0,299.0,414.0
E02000951,Wandsworth,6,7,22.9549845443609,16.914541554559044,533.0,630.0,0.5427698574338086,0.6415478615071283,0.09877800407331971,-6.040442989801857,425.0,499.0,990,1068,2058,924.0,103.04907677356657,-74.0,42.92929292929293,460.0,490.0,992,1060,2052,950.0,109.84405458089668,-30.0,46.37096774193548,479.0,437.0,916.0,101.71185617103984,42.0,44.850187265917604,454.0,421.0,875.0,93.14522417153997,33.0,42.83018867924528,-152.0,397.0,549.0
E02000952,Wandsworth,5,6,24.138798061371265,19.61165995779906,485.0,549.0,0.4938900203665988,0.5590631364562119,0.06517311608961307,-4.527138103572206,575.0,253.0,897,881,1778,828.0,81.81946006749156,322.0,64.1025641025641,516.0,309.0,878,925,1803,825.0,88.43261231281198,207.0,58.76993166287016,518.0,217.0,735.0,63.22047244094488,301.0,58.796821793416576,511.0,266.0,777.0,75.38879645036052,245.0,55.24324324324324,62.0,446.0,384.0
E02000953,Wandsworth,7,9,18.42384611377753,12.053719261762414,661.0,789.0,0.6731160896130346,0.8034623217922607,0.13034623217922614,-6.370126852015115,495.0,582.0,1144,1055,2199,1077.0,131.00954979536152,-87.0,43.269230769230774,357.0,593.0,1038,1101,2139,950.0,98.97194950911641,-236.0,34.39306358381503,380.0,563.0,943.0,97.28967712596635,-183.0,36.018957345971565,379.0,613.0,992.0,108.61477325853203,-234.0,34.42325158946412,-663.0,151.0,814.0
E02000954,Wandsworth,7,7,19.741198908072793,16.686362232588067,620.0,640.0,0.6313645621181263,0.6517311608961304,0.020366598778004064,-3.054836675484726,172.0,473.0,777,785,1562,645.0,52.08450704225352,-301.0,22.136422136422137,173.0,606.0,813,941,1754,779.0,59.77080957810718,-433.0,21.27921279212792,218.0,504.0,722.0,70.34058898847631,-286.0,27.770700636942674,247.0,511.0,758.0,71.95952109464082,-264.0,26.24867162592986,-273.0,264.0,537.0
E02000955,Wandsworth,4,4,29.05807649091451,25.777324765276283,384.0,337.0,0.3910386965376782,0.34317718940936864,-0.047861507128309555,-3.2807517256382255,544.0,106.0,783,885,1668,650.0,34.57074340527578,438.0,69.47637292464879,597.0,174.0,842,965,1807,771.0,57.48644161593802,423.0,70.90261282660333,640.0,111.0,751.0,42.589928057553955,529.0,72.31638418079096,677.0,152.0,829.0,56.94742667404538,525.0,70.15544041450778,495.0,649.0,154.0
E02000956,Wandsworth,4,5,31.41774828423102,22.833442487684728,328.0,428.0,0.3340122199592668,0.43584521384928715,0.10183299389002037,-8.584305796546293,956.0,129.0,1242,1116,2358,1085.0,52.30025445292621,827.0,76.97262479871175,811.0,219.0,1106,1253,2359,1030.0,75.28995337007207,592.0,73.32730560578662,826.0,149.0,975.0,52.19423240033927,677.0,74.01433691756273,911.0,188.0,1099.0,72.60194997880458,723.0,72.70550678371907,341.0,710.0,369.0
E02000957,Wandsworth,5,6,27.836248437057325,19.243999097065462,415.0,568.0,0.4226069246435845,0.5784114052953157,0.15580448065173114,-8.592249339991863,762.0,484.0,1344,1247,2591,1246.0,142.34195291393286,278.0,56.69642857142857,684.0,582.0,1514,1652,3166,1266.0,125.73847125710675,102.0,45.1783355350066,613.0,415.0,1028.0,98.18409880355075,198.0,49.1579791499599,870.0,633.0,1503.0,173.94504106127607,237.0,52.66343825665859,-169.0,584.0,753.0
E02000958,Wandsworth,7,7,20.78405996614678,15.490504752089771,596.0,683.0,0.6069246435845214,0.6955193482688391,0.08859470468431774,-5.29355521405701,121.0,577.0,639,867,1506,698.0,46.35922974767596,-456.0,18.9358372456964,103.0,517.0,636,819,1455,620.0,36.598625429553266,-414.0,16.19496855345912,230.0,427.0,657.0,65.2124833997344,-197.0,26.528258362168394,216.0,441.0,657.0,65.4680412371134,-225.0,26.373626373626376,-344.0,153.0,497.0
E02000959,Wandsworth,4,6,30.43012726669432,20.70418861868905,353.0,505.0,0.3594704684317719,0.5142566191446029,0.15478615071283097,-9.725938648005272,501.0,147.0,725,788,1513,648.0,48.67614011896894,354.0,69.10344827586206,589.0,204.0,904,806,1710,793.0,70.26666666666667,385.0,65.15486725663717,551.0,139.0,690.0,50.62062128222075,412.0,69.9238578680203,533.0,195.0,728.0,60.780701754385966,338.0,66.12903225806451,-27.0,363.0,390.0
E02000960,Westminster,9,9,12.870541974622355,9.878800369198313,805.0,863.0,0.8197556008146639,0.8788187372708758,0.05906313645621186,-2.9917416054240427,16.0,624.0,626,752,1378,640.0,7.245283018867925,-608.0,2.5559105431309903,13.0,572.0,641,695,1336,585.0,5.565868263473054,-559.0,2.02808112324493,30.0,535.0,565.0,11.647314949201741,-505.0,3.9893617021276597,30.0,552.0,582.0,12.395209580838323,-522.0,4.316546762589928,-515.0,28.0,543.0
E02000961,Westminster,6,7,21.15320674327473,16.046753796811622,588.0,658.0,0.5987780040733197,0.670061099796334,0.07128309572301428,-5.106452946463108,489.0,365.0,988,1062,2050,854.0,87.06585365853658,124.0,49.49392712550607,624.0,426.0,1461,1056,2517,1050.0,105.61144219308702,198.0,42.71047227926078,588.0,387.0,975.0,111.00292682926829,201.0,55.367231638418076,506.0,703.0,1209.0,141.32618196265395,-197.0,47.91666666666667,-8.0,474.0,482.0
E02000962,Westminster,8,7,17.355233016001854,16.47128509812379,691.0,643.0,0.7036659877800407,0.654786150712831,-0.048879837067209775,-0.8839479178780643,179.0,625.0,840,976,1816,804.0,61.605176211453745,-446.0,21.30952380952381,180.0,651.0,915,981,1896,831.0,61.80379746835443,-471.0,19.672131147540984,213.0,561.0,774.0,65.8001101321586,-348.0,21.82377049180328,225.0,636.0,861.0,75.4746835443038,-411.0,22.93577981651376,-44.0,362.0,406.0
E02000963,Westminster,1,2,47.67014181318151,33.100005077522894,37.0,122.0,0.03767820773930754,0.12423625254582485,0.08655804480651731,-14.570136735658615,593.0,0.0,861,946,1807,593.0,0.0,593.0,68.87340301974449,540.0,0.0,728,793,1521,540.0,0.0,540.0,74.17582417582418,720.0,0.0,720.0,0.0,720.0,76.10993657505286,631.0,0.0,631.0,0.0,631.0,79.57124842370744,403.0,538.0,135.0
E02000964,Westminster,1,3,44.77394609450952,29.667481932126364,71.0,212.0,0.07230142566191446,0.2158859470468432,0.14358452138492872,-15.106464162383155,1063.0,0.0,1388,1394,2782,1063.0,0.0,1063.0,76.5850144092219,960.0,0.0,1130,1233,2363,960.0,0.0,960.0,84.95575221238938,1105.0,0.0,1105.0,0.0,1105.0,79.26829268292683,1012.0,0.0,1012.0,0.0,1012.0,82.07623682076238,403.0,716.0,313.0
E02000965,Westminster,7,8,20.03190121618176,15.313459289496912,616.0,690.0,0.6272912423625254,0.7026476578411406,0.07535641547861516,-4.7184419266848465,376.0,738.0,1243,1190,2433,1114.0,114.0517879161529,-362.0,30.24939662107804,291.0,773.0,1101,1202,2303,1064.0,97.67390360399479,-482.0,26.430517711171664,354.0,737.0,1091.0,107.23304562268804,-383.0,29.747899159663866,290.0,689.0,979.0,86.76074685193227,-399.0,24.126455906821963,-652.0,216.0,868.0
E02000966,Westminster,8,9,15.86646513016412,11.8888945846984,733.0,793.0,0.7464358452138493,0.8075356415478615,0.06109979633401219,-3.977570545465719,154.0,864.0,1107,1132,2239,1018.0,59.42652970075927,-710.0,13.911472448057813,144.0,784.0,1056,1086,2142,928.0,52.705882352941174,-640.0,13.636363636363635,158.0,839.0,997.0,59.20589548905762,-681.0,13.957597173144876,162.0,817.0,979.0,61.78991596638655,-655.0,14.917127071823206,-873.0,33.0,906.0
E02000967,Westminster,9,9,12.805781013856496,9.32516913738765,809.0,880.0,0.8238289205702648,0.8961303462321792,0.07230142566191444,-3.4806118764688456,28.0,879.0,876,1033,1909,907.0,12.892613933996858,-851.0,3.1963470319634704,21.0,837.0,779,1028,1807,858.0,9.727172108467073,-816.0,2.6957637997432604,24.0,705.0,729.0,8.863279203771608,-681.0,2.3233301064859635,19.0,677.0,696.0,7.118428334255673,-658.0,1.8482490272373542,-780.0,29.0,809.0
E02000968,Westminster,1,1,46.633238366308646,41.57188322442906,45.0,13.0,0.045824847250509164,0.013238289205702648,-0.032586558044806514,-5.061355141879588,816.0,0.0,992,1396,2388,816.0,0.0,816.0,82.25806451612904,881.0,0.0,1023,1400,2423,881.0,0.0,881.0,86.11925708699903,1094.0,0.0,1094.0,0.0,1094.0,78.36676217765043,1204.0,0.0,1204.0,0.0,1204.0,86.0,888.0,888.0,0.0
E02000969,Westminster,1,1,42.987912226720645,38.760282162588794,89.0,38.0,0.09063136456211812,0.038696537678207736,-0.051934826883910386,-4.227630064131851,727.0,0.0,970,1094,2064,727.0,0.0,727.0,74.94845360824742,578.0,0.0,763,831,1594,578.0,0.0,578.0,75.75360419397117,836.0,0.0,836.0,0.0,836.0,76.41681901279708,677.0,0.0,677.0,0.0,677.0,81.46811070998797,649.0,649.0,0.0
E02000970,Westminster,9,9,12.733477150840475,9.603868243912096,812.0,873.0,0.8268839103869654,0.8890020366598778,0.062118126272912355,-3.129608906928379,19.0,950.0,851,1128,1979,969.0,9.120768064679131,-931.0,2.2326674500587544,7.0,833.0,844,993,1837,840.0,3.1741970604246053,-826.0,0.8293838862559242,33.0,691.0,724.0,11.522486104092977,-658.0,2.925531914893617,17.0,670.0,687.0,6.200326619488296,-653.0,1.7119838872104733,-716.0,65.0,781.0
E02000971,Westminster,7,7,17.627172216936252,15.57238404964376,686.0,678.0,0.6985743380855397,0.6904276985743381,-0.008146639511201648,-2.0547881672924913,319.0,794.0,1071,1360,2431,1113.0,104.19004524886878,-475.0,29.785247432306257,265.0,682.0,1270,1227,2497,947.0,72.37885462555066,-417.0,20.866141732283463,370.0,560.0,930.0,85.23241464417934,-190.0,27.205882352941174,335.0,787.0,1122.0,105.58470164197037,-452.0,27.302363488182557,-282.0,353.0,635.0
E02000972,Westminster,6,6,22.762904041870673,20.047615885147696,540.0,534.0,0.5498981670061099,0.5437881873727087,-0.006109979633401208,-2.715288156722977,499.0,514.0,1159,1052,2211,1013.0,116.00452284034374,-15.0,43.05435720448663,401.0,481.0,1064,1084,2148,882.0,89.79562383612662,-80.0,37.68796992481203,402.0,528.0,930.0,96.0,-126.0,38.21292775665399,454.0,557.0,1011.0,117.72718808193669,-103.0,41.88191881918819,-20.0,406.0,426.0
E02000973,Westminster,5,7,25.753076710980444,17.76054742126883,452.0,604.0,0.46028513238289204,0.615071283095723,0.15478615071283097,-7.992529289711616,714.0,460.0,1139,1310,2449,1174.0,134.11188240098,254.0,62.68656716417911,681.0,450.0,1229,1147,2376,1131.0,128.97727272727272,231.0,55.41090317331163,768.0,378.0,1146.0,118.53981216823193,390.0,58.62595419847329,631.0,479.0,1110.0,127.20917508417509,152.0,55.013077593722755,-297.0,299.0,596.0
E02000974,Westminster,7,6,19.418615181067345,19.778714572508267,629.0,540.0,0.6405295315682281,0.5498981670061099,-0.09063136456211818,0.3600993914409223,260.0,813.0,956,1328,2284,1073.0,92.54816112084063,-553.0,27.19665271966527,280.0,624.0,1300,1070,2370,904.0,73.72151898734177,-344.0,21.53846153846154,293.0,498.0,791.0,63.88528896672504,-205.0,22.063253012048193,256.0,774.0,1030.0,83.60506329113925,-518.0,23.925233644859816,187.0,620.0,433.0
E02000975,Westminster,7,8,19.5138616112824,12.238303472149376,625.0,785.0,0.6364562118126272,0.7993890020366599,0.16293279022403262,-7.275558139133025,271.0,847.0,1105,1342,2447,1118.0,93.80343277482632,-576.0,24.524886877828052,227.0,812.0,1306,1267,2573,1039.0,71.63777691410804,-585.0,17.381316998468606,265.0,636.0,901.0,68.87617490805067,-371.0,19.746646795827125,225.0,894.0,1119.0,78.17722502914886,-669.0,17.75848460931334,-848.0,147.0,995.0
E02000976,Westminster,6,7,23.173297298411423,17.89070033065659,529.0,596.0,0.5386965376782077,0.6069246435845214,0.06822810590631367,-5.282596967754834,614.0,740.0,1351,1664,3015,1354.0,150.69983416252072,-126.0,45.44781643227239,518.0,590.0,1320,1523,2843,1108.0,107.49912064720365,-72.0,39.24242424242424,758.0,635.0,1393.0,159.64510779436154,123.0,45.55288461538461,785.0,660.0,1445.0,182.23707351389376,125.0,51.543007222587,-330.0,403.0,733.0
E02000977,Westminster,7,6,20.303301348464622,19.28145999691691,607.0,565.0,0.6181262729124236,0.575356415478615,-0.04276985743380857,-1.0218413515477103,216.0,668.0,961,1015,1976,884.0,73.02024291497976,-452.0,22.47658688865765,161.0,559.0,849,898,1747,720.0,51.5163136805953,-398.0,18.963486454652532,234.0,613.0,847.0,72.59210526315789,-379.0,23.054187192118228,225.0,581.0,806.0,74.8282770463652,-356.0,25.05567928730512,-57.0,311.0,368.0
E02000978,Westminster,9,10,11.474002777238404,8.156269337678522,854.0,917.0,0.869653767820774,0.9338085539714868,0.0641547861507128,-3.3177334395598823,43.0,1622.0,864,1994,2858,1665.0,24.403778866340097,-1579.0,4.976851851851852,49.0,992.0,803,1217,2020,1041.0,24.063366336633663,-943.0,6.102117061021171,33.0,617.0,650.0,7.124212736179146,-584.0,1.6549648946840523,15.0,576.0,591.0,4.2772277227722775,-561.0,1.2325390304026294,-1195.0,0.0,1195.0
E02000979,Westminster,6,6,23.856118017572083,20.43121106471816,497.0,522.0,0.5061099796334012,0.5315682281059063,0.025458248472505107,-3.4249069528539238,355.0,434.0,899,978,1877,789.0,82.08311134789558,-79.0,39.48832035595105,306.0,416.0,895,936,1831,722.0,69.52266521026762,-110.0,34.18994413407821,401.0,399.0,800.0,85.24187533297815,2.0,41.00204498977505,372.0,468.0,840.0,95.08246859639542,-96.0,39.743589743589745,-95.0,331.0,426.0
E02000980,Westminster,5,5,23.99302454629203,23.260192644483364,491.0,414.0,0.5,0.4215885947046843,-0.0784114052953157,-0.732831901808666,528.0,280.0,939,884,1823,808.0,81.09709270433352,248.0,56.23003194888179,511.0,286.0,885,910,1795,797.0,81.41838440111421,225.0,57.74011299435028,530.0,331.0,861.0,96.23148656061437,199.0,59.95475113122172,523.0,304.0,827.0,88.57493036211699,219.0,57.47252747252747,215.0,506.0,291.0
E02000981,Westminster,7,8,18.899775502168833,14.606049924660976,643.0,713.0,0.654786150712831,0.7260692464358453,0.07128309572301428,-4.293725577507857,257.0,796.0,1001,1157,2158,1053.0,94.79703429101019,-539.0,25.674325674325676,216.0,735.0,1086,1117,2203,951.0,72.06536541080345,-519.0,19.88950276243094,257.0,651.0,908.0,77.52873030583874,-394.0,22.212618841832324,252.0,769.0,1021.0,87.96550158874263,-517.0,22.560429722470904,-677.0,145.0,822.0
E02000982,Westminster,6,4,22.44394328977574,25.229968473576776,548.0,351.0,0.5580448065173116,0.3574338085539715,-0.2006109979633401,2.786025183801037,370.0,328.0,858,868,1726,698.0,70.31286210892236,42.0,43.12354312354312,265.0,296.0,676,675,1351,561.0,58.06069578090303,-31.0,39.201183431952664,304.0,346.0,650.0,60.94090382387022,-42.0,35.02304147465438,257.0,279.0,536.0,53.074019245003704,-22.0,38.074074074074076,341.0,471.0,130.0
E02000983,Westminster,6,5,22.444794861038652,21.728471580530783,547.0,465.0,0.5570264765784114,0.47352342158859473,-0.0835030549898167,-0.7163232805078685,349.0,409.0,929,905,1834,758.0,77.83042529989095,-60.0,37.56727664155005,223.0,464.0,723,923,1646,687.0,62.86269744835966,-241.0,30.843706777316736,317.0,392.0,709.0,67.7557251908397,-75.0,35.027624309392266,284.0,383.0,667.0,66.08262454434994,-99.0,30.76923076923077,-18.0,348.0,366.0
E02006782,Bromley,7,6,19.056491320309146,19.54619867633957,639.0,553.0,0.6507128309572301,0.5631364562118126,-0.08757637474541746,0.4897073560304257,160.0,206.0,444,465,909,366.0,36.25962596259626,-46.0,36.03603603603604,149.0,206.0,435,413,848,355.0,36.195754716981135,-57.0,34.25287356321839,242.0,256.0,498.0,68.15401540154015,-14.0,52.04301075268817,187.0,268.0,455.0,59.09905660377358,-81.0,45.27845036319613,18.0,188.0,170.0
E02006783,Lewisham,2,1,38.12211024762551,35.4899540245027,165.0,72.0,0.1680244399185336,0.07331975560081466,-0.09470468431771895,-2.6321562231228057,359.0,19.0,446,542,988,378.0,6.903846153846154,340.0,80.49327354260089,377.0,38.0,443,468,911,415.0,15.725576289791437,339.0,85.10158013544017,447.0,15.0,462.0,6.786437246963563,432.0,82.47232472324724,366.0,10.0,376.0,4.017563117453348,356.0,78.2051282051282,404.0,404.0,0.0
E02006784,Lewisham,2,2,39.0436011747947,33.778356620834884,151.0,102.0,0.15376782077393075,0.10386965376782077,-0.04989816700610998,-5.265244553959818,401.0,16.0,521,491,1012,417.0,6.339920948616601,385.0,76.96737044145874,328.0,23.0,407,416,823,351.0,9.166464155528555,305.0,80.5896805896806,407.0,33.0,440.0,13.271739130434783,374.0,82.89205702647658,346.0,38.0,384.0,15.975698663426488,308.0,83.17307692307693,192.0,260.0,68.0
E02006785,Bexley,8,7,15.067257841276597,17.555093295335233,751.0,609.0,0.7647657841140529,0.620162932790224,-0.14460285132382888,2.4878354540586365,92.0,119.0,302,300,602,211.0,18.186046511627907,-27.0,30.4635761589404,104.0,126.0,283,310,593,230.0,22.097807757166947,-22.0,36.74911660777385,135.0,188.0,323.0,42.159468438538205,-53.0,45.0,141.0,152.0,293.0,36.14165261382799,-11.0,45.483870967741936,17.0,130.0,113.0
E02006786,Greenwich,3,4,34.37993648102231,24.861289997311104,244.0,362.0,0.2484725050916497,0.36863543788187375,0.12016293279022405,-9.518646483711208,176.0,190.0,516,588,1104,366.0,30.28985507246377,-14.0,34.10852713178294,231.0,126.0,478,441,919,357.0,31.671381936887922,105.0,48.32635983263599,282.0,224.0,506.0,57.21739130434783,58.0,47.95918367346938,223.0,164.0,387.0,39.79542981501632,59.0,50.56689342403629,79.0,222.0,143.0
E02006787,Bromley,10,9,7.6441581614805125,10.263266052731172,944.0,851.0,0.9613034623217923,0.8665987780040734,-0.09470468431771895,2.6191078912506596,0.0,331.0,507,448,955,331.0,0.0,-331.0,0.0,0.0,315.0,482,423,905,315.0,0.0,-315.0,0.0,0.0,425.0,425.0,0.0,-425.0,0.0,0.0,413.0,413.0,0.0,-413.0,0.0,-147.0,78.0,225.0
E02006788,Croydon,5,2,25.310371444118157,30.45134844776504,466.0,192.0,0.4745417515274949,0.1955193482688391,-0.2790224032586558,5.140977003646881,161.0,223.0,476,527,1003,384.0,35.79561316051844,-62.0,33.82352941176471,171.0,186.0,479,498,977,357.0,32.554759467758444,-15.0,35.699373695198325,241.0,242.0,483.0,58.14755732801595,-1.0,45.73055028462998,252.0,223.0,475.0,57.51893551688843,29.0,50.602409638554214,317.0,344.0,27.0
E02006789,Bromley,8,8,14.432453952868851,13.734641885625967,764.0,739.0,0.7780040733197556,0.7525458248472505,-0.025458248472505107,-0.697812067242884,219.0,76.0,373,254,627,295.0,26.545454545454547,143.0,58.71313672922251,187.0,64.0,305,182,487,251.0,24.57494866529774,123.0,61.31147540983607,155.0,130.0,285.0,32.1371610845295,25.0,61.023622047244096,102.0,94.0,196.0,19.68788501026694,8.0,56.043956043956044,106.0,176.0,70.0
E02006791,Ealing,7,7,17.735338637071653,15.630997633836145,682.0,675.0,0.6945010183299389,0.6873727087576375,-0.007128309572301483,-2.1043410032355077,421.0,424.0,930,918,1848,845.0,96.5930735930736,-3.0,45.26881720430108,292.0,353.0,884,731,1615,645.0,63.82414860681114,-61.0,33.03167420814479,428.0,414.0,842.0,95.88311688311688,14.0,46.62309368191721,306.0,503.0,809.0,95.30526315789474,-197.0,41.86046511627907,-68.0,287.0,355.0
E02006792,Hounslow,8,8,16.499050087033485,13.173791790532816,714.0,752.0,0.7270875763747454,0.7657841140529531,0.03869653767820769,-3.325258296500669,205.0,644.0,1067,1023,2090,849.0,63.16746411483253,-439.0,19.212746016869726,247.0,632.0,1076,1020,2096,879.0,74.47709923664122,-385.0,22.95539033457249,215.0,661.0,876.0,67.99760765550239,-446.0,21.01661779081134,241.0,676.0,917.0,77.72709923664122,-435.0,23.627450980392155,-431.0,249.0,680.0
E02006793,Enfield,1,1,48.146533172725945,39.73378967304625,33.0,25.0,0.03360488798370672,0.025458248472505093,-0.008146639511201627,-8.412743499679692,572.0,0.0,836,760,1596,572.0,0.0,572.0,68.42105263157895,376.0,0.0,581,678,1259,376.0,0.0,376.0,64.71600688468159,581.0,0.0,581.0,0.0,581.0,76.44736842105263,538.0,0.0,538.0,0.0,538.0,79.35103244837758,313.0,313.0,0.0
E02006794,Haringey,1,1,55.820902862171174,43.505945545171336,2.0,7.0,0.002036659877800407,0.007128309572301426,0.005091649694501019,-12.314957316999838,475.0,0.0,814,723,1537,475.0,0.0,475.0,58.353808353808354,295.0,0.0,531,681,1212,295.0,0.0,295.0,55.55555555555556,421.0,0.0,421.0,0.0,421.0,58.229598893499315,476.0,0.0,476.0,0.0,476.0,69.89720998531571,313.0,313.0,0.0
E02006795,Harrow,9,9,12.05132583707604,11.156114538527714,832.0,821.0,0.8472505091649695,0.8360488798370672,-0.011201629327902252,-0.8952112985483272,67.0,417.0,500,561,1061,484.0,26.332704995287465,-350.0,13.4,87.0,373.0,525,556,1081,460.0,30.019426456984274,-286.0,16.57142857142857,82.0,380.0,462.0,29.368520263901978,-298.0,14.616755793226382,95.0,387.0,482.0,34.01017576318224,-292.0,17.086330935251798,-366.0,48.0,414.0
E02006796,Hillingdon,8,8,17.178109948186528,12.927289714350232,695.0,759.0,0.7077393075356415,0.7729124236252546,0.06517311608961307,-4.250820233836295,180.0,221.0,561,481,1042,401.0,38.17658349328215,-41.0,32.0855614973262,151.0,239.0,618,479,1097,390.0,32.897903372835,-88.0,24.433656957928804,175.0,311.0,486.0,52.231285988483684,-136.0,36.38253638253639,161.0,389.0,550.0,57.09115770282589,-228.0,33.61169102296451,-97.0,144.0,241.0
E02006798,Lewisham,3,1,35.135149628777924,35.76367588481542,223.0,66.0,0.22708757637474541,0.06720977596741344,-0.15987780040733196,0.628526256037496,510.0,277.0,903,983,1886,787.0,74.90455991516437,233.0,56.47840531561462,452.0,354.0,837,1200,2037,806.0,78.55081001472755,98.0,54.00238948626045,571.0,286.0,857.0,86.58854718981972,285.0,58.08748728382503,718.0,277.0,995.0,97.6367206676485,441.0,59.833333333333336,693.0,693.0,0.0
E02006799,Barking and Dagenham,3,1,35.16053963461081,34.92821182174156,222.0,79.0,0.22606924643584522,0.08044806517311609,-0.14562118126272913,-0.23232781286924364,356.0,151.0,731,671,1402,507.0,38.342368045649074,205.0,48.700410396716826,313.0,136.0,592,479,1071,449.0,39.74603174603175,177.0,52.87162162162162,433.0,279.0,712.0,86.16761768901569,154.0,64.53055141579732,279.0,184.0,463.0,47.9327731092437,95.0,58.24634655532359,435.0,435.0,0.0
E02006800,Redbridge,6,5,23.655930750635015,21.115020217620216,506.0,487.0,0.515274949083503,0.4959266802443992,-0.019348268839103844,-2.5409105330147987,240.0,563.0,1015,1117,2132,803.0,63.37711069418386,-323.0,23.645320197044335,271.0,685.0,1008,1223,2231,956.0,83.20708202599731,-414.0,26.884920634920633,426.0,647.0,1073.0,129.27861163227016,-221.0,38.137869292748434,405.0,616.0,1021.0,111.82429403854773,-211.0,33.11529026982829,-162.0,381.0,543.0
E02006801,Lambeth,5,6,25.69412884615385,20.595528575748414,455.0,514.0,0.46334012219959264,0.5234215885947047,0.060081466395112026,-5.098600270405434,377.0,693.0,1029,1359,2388,1070.0,109.40577889447236,-316.0,36.63751214771623,469.0,697.0,1215,1525,2740,1166.0,119.30401459854015,-228.0,38.60082304526749,515.0,481.0,996.0,103.73324958123953,34.0,37.895511405445184,634.0,588.0,1222.0,136.05547445255473,46.0,41.57377049180328,-481.0,320.0,801.0
E02006802,Southwark,3,2,33.47277584647303,32.09325977133741,274.0,147.0,0.2790224032586558,0.14969450101832993,-0.12932790224032586,-1.3795160751356192,562.0,365.0,906,1160,2066,927.0,99.28848015488867,197.0,62.03090507726269,738.0,346.0,1160,1339,2499,1084.0,102.18007202881152,392.0,63.62068965517241,652.0,235.0,887.0,74.16263310745401,417.0,56.20689655172414,844.0,289.0,1133.0,97.60544217687075,555.0,63.032113517550414,811.0,923.0,112.0
E02006836,Sutton,10,10,7.437845826997672,4.518212211025489,947.0,980.0,0.9643584521384929,0.9979633401221996,0.033604887983706644,-2.9196336159721836,0.0,310.0,485,402,887,310.0,0.0,-310.0,0.0,0.0,263.0,514,362,876,263.0,0.0,-263.0,0.0,0.0,375.0,375.0,0.0,-375.0,0.0,0.0,431.0,431.0,0.0,-431.0,0.0,-264.0,0.0,264.0
E02006853,Tower Hamlets,2,6,38.60943,20.949234397829265,154.0,494.0,0.15682281059063136,0.5030549898167006,0.34623217922606925,-17.660195602170738,649.0,122.0,1096,681,1777,771.0,44.55711873944851,527.0,59.215328467153284,885.0,344.0,1655,1472,3127,1229.0,97.35849056603773,541.0,53.47432024169184,402.0,253.0,655.0,57.23466516601013,149.0,59.03083700440529,879.0,394.0,1273.0,110.75343779980813,485.0,59.714673913043484,-350.0,365.0,715.0
E02006854,Tower Hamlets,9,8,10.536850000000001,13.934680048173425,881.0,733.0,0.8971486761710794,0.7464358452138493,-0.1507128309572301,3.3978300481734234,15.0,628.0,1039,738,1777,643.0,5.30106921778278,-613.0,1.4436958614051971,18.0,933.0,1574,1072,2646,951.0,6.346938775510204,-915.0,1.1435832274459974,41.0,970.0,1011.0,22.380416432189083,-929.0,5.555555555555555,68.0,1528.0,1596.0,39.26832955404384,-1460.0,6.343283582089552,-735.0,76.0,811.0
E02006882,Harrow,9,8,13.264953788344856,12.478481377961009,789.0,777.0,0.8034623217922607,0.7912423625254582,-0.012219959266802527,-0.7864724103838476,28.0,824.0,824,1016,1840,852.0,12.539130434782608,-796.0,3.3980582524271843,42.0,656.0,619,838,1457,698.0,18.91008922443377,-614.0,6.78513731825525,50.0,728.0,778.0,19.782608695652176,-678.0,4.921259842519685,70.0,517.0,587.0,24.838709677419356,-447.0,8.353221957040573,-394.0,122.0,516.0
E02006918,Hackney,2,1,42.37577331858407,34.59156349467676,104.0,86.0,0.10590631364562118,0.08757637474541752,-0.018329938900203666,-7.784209823907311,288.0,241.0,914,639,1553,529.0,44.69285254346426,47.0,31.50984682713348,230.0,225.0,694,693,1387,455.0,37.31074260994953,5.0,33.14121037463977,245.0,403.0,648.0,63.57694784288474,-158.0,38.341158059467915,334.0,282.0,616.0,67.90771449170872,52.0,48.1962481962482,461.0,461.0,0.0
E02006921,Hackney,1,1,46.40006139721074,35.71100546707868,50.0,67.0,0.05091649694501019,0.06822810590631365,0.01731160896130346,-10.689055930132064,374.0,0.0,595,600,1195,374.0,0.0,374.0,62.857142857142854,342.0,0.0,495,563,1058,342.0,0.0,342.0,69.0909090909091,402.0,0.0,402.0,0.0,402.0,67.0,421.0,0.0,421.0,0.0,421.0,74.77797513321492,393.0,393.0,0.0
E02006924,Redbridge,7,7,17.639410719092332,16.086962554080262,685.0,656.0,0.6975560081466395,0.6680244399185336,-0.029531568228105987,-1.5524481650120698,124.0,513.0,801,832,1633,637.0,38.954072259644825,-389.0,15.480649188514356,83.0,675.0,791,1082,1873,758.0,29.911906033101975,-592.0,10.493046776232617,177.0,586.0,763.0,63.51622780159216,-409.0,21.27403846153846,263.0,614.0,877.0,86.21569674319274,-351.0,24.306839186691313,-571.0,88.0,659.0
E02006925,Redbridge,8,9,14.066332474888604,10.627992830777966,774.0,840.0,0.7881873727087576,0.8553971486761711,0.06720977596741351,-3.4383396441106377,70.0,496.0,756,625,1381,566.0,25.141202027516293,-426.0,9.25925925925926,49.0,547.0,753,771,1524,596.0,17.58727034120735,-498.0,6.507304116865869,86.0,653.0,739.0,40.66473569876901,-567.0,13.76,170.0,651.0,821.0,72.61811023622047,-481.0,22.04928664072633,-587.0,11.0,598.0
E02006927,Greenwich,6,5,23.39757567159052,22.64631417989418,518.0,437.0,0.5274949083503055,0.445010183299389,-0.08248472505091653,-0.75126149169634,119.0,846.0,549,1249,1798,965.0,55.992213570634036,-727.0,21.67577413479053,187.0,446.0,1061,770,1831,633.0,45.54997269251775,-259.0,17.6248821866164,248.0,364.0,612.0,50.206896551724135,-116.0,19.855884707766215,226.0,730.0,956.0,90.10376843255052,-504.0,29.35064935064935,100.0,422.0,322.0
E02006928,Greenwich,1,6,43.937,20.76187300019751,78.0,502.0,0.07942973523421588,0.5112016293279023,0.4317718940936864,-23.175126999802487,921.0,0.0,1098,1106,2204,921.0,0.0,921.0,83.87978142076503,1331.0,0.0,1528,1610,3138,1331.0,0.0,1331.0,87.10732984293193,1035.0,0.0,1035.0,0.0,1035.0,93.58047016274864,1405.0,0.0,1405.0,0.0,1405.0,87.26708074534162,-439.0,368.0,807.0
E02006929,Greenwich,3,4,35.453564395625115,27.1150059073724,213.0,297.0,0.21690427698574338,0.3024439918533605,0.08553971486761713,-8.338558488252716,672.0,238.0,1187,835,2022,910.0,79.0979228486647,434.0,56.61331086773378,1138.0,453.0,2270,1453,3723,1591.0,138.46736502820306,685.0,50.13215859030837,550.0,389.0,939.0,105.811078140455,161.0,65.86826347305389,903.0,915.0,1818.0,221.92989524576953,-12.0,62.14728148657949,810.0,1193.0,383.0
E02006930,Greenwich,6,6,23.434070119738074,20.582795807350404,516.0,515.0,0.5254582484725051,0.5244399185336049,-0.0010183299389001643,-2.8512743123876696,150.0,618.0,771,886,1657,768.0,55.944477972238985,-468.0,19.45525291828794,190.0,666.0,1358,999,2357,856.0,53.6868901145524,-476.0,13.991163475699558,148.0,499.0,647.0,44.56970428485214,-351.0,16.70428893905192,201.0,1014.0,1215.0,86.47178616885871,-813.0,20.12012012012012,-284.0,284.0,568.0
E02006931,Greenwich,5,6,26.460324700854702,19.13596799574694,439.0,569.0,0.4470468431771894,0.5794297352342159,0.13238289205702652,-7.3243567051077605,384.0,545.0,1080,1022,2102,929.0,99.56232159847764,-161.0,35.55555555555556,277.0,579.0,997,996,1993,856.0,80.47315604616156,-302.0,27.783350050150453,396.0,632.0,1028.0,119.06374881065652,-236.0,38.74755381604697,349.0,657.0,1006.0,115.04917210235826,-308.0,35.040160642570285,-321.0,219.0,540.0
