msoa11cd,ladnm,Wealth_Decile,Wealth_Decile_2019,IMD_2010,IMD_2019,IMD_Rank_2010,IMD_Rank_2019,IMD_Pctile_2010,IMD_Pctile_2019,IMD_Pctile_Change,IMD_Score_Change,Inflow_Wealthier_11,Outflow_Poorer_11,Total_Inflow_11,Total_Outflow_11,Total_Migration_11,CFI_Churn_11,CFI_Rate_11,Net_Cascade_11,Pct_Inflow_Wealthier_11,Inflow_Wealthier_21,Outflow_Poorer_21,Total_Inflow_21,Total_Outflow_21,Total_Migration_21,CFI_Churn_21,CFI_Rate_21,Net_Cascade_21,Pct_Inflow_Wealthier_21,Outflow_Wealthier_11,Inflow_Poorer_11,Counter_Churn_11,Counter_Rate_11,Net_Counter_11,Pct_Outflow_Wealthier_11,Outflow_Wealthier_21,Inflow_Poorer_21,Counter_Churn_21,Counter_Rate_21,Net_Counter_21,Pct_Outflow_Wealthier_21,Net_Cascade_21_alt,Inflow_Wealthier_21_alt,Outflow_Poorer_21_alt,Delta_Net_Cascade,Delta_CFI_Churn,Delta_CFI_Rate,Delta_Pct_Inflow_Wealthier,Delta_Net_Counter,Delta_Counter_Churn,Delta_Counter_Rate,Delta_Pct_Outflow_Wealthier,Cascade_Dominance_11,Cross_Decile_Share_11,Cascade_Dominance_21,Cross_Decile_Share_21,Sign_Concordance_11,Sign_Concordance_21,Delta_Cascade_Dominance,Delta_Cross_Decile_Share,Wealth_Decile_National,Inflow_Wealthier_nat_11,Outflow_Poorer_nat_11,Outflow_Wealthier_nat_11,Inflow_Poorer_nat_11,Total_Inflow_nat_11,Total_Outflow_nat_11,Ext_Inflow_nat_11,Ext_Outflow_nat_11,Total_Migration_nat_11,CFI_Churn_nat_11,CFI_Rate_nat_11,Net_Cascade_nat_11,Pct_Inflow_Wealthier_nat_11,Counter_Churn_nat_11,Counter_Rate_nat_11,Net_Counter_nat_11,Cascade_Dominance_nat_11,Ext_Net_nat_11,Inflow_Wealthier_nat_21,Outflow_Poorer_nat_21,Outflow_Wealthier_nat_21,Inflow_Poorer_nat_21,Total_Inflow_nat_21,Total_Outflow_nat_21,Ext_Inflow_nat_21,Ext_Outflow_nat_21,Total_Migration_nat_21,CFI_Churn_nat_21,CFI_Rate_nat_21,Net_Cascade_nat_21,Pct_Inflow_Wealthier_nat_21,Counter_Churn_nat_21,Counter_Rate_nat_21,Net_Counter_nat_21,Cascade_Dominance_nat_21,Ext_Net_nat_21
E02000001,City of London,9,8,10.7001903992737,14.720484223119485,877.0,713.0,0.8921668362156663,0.7253306205493387,-0.1668362156663275,4.020293823845785,30.0,783.0,692,857,1549,813.0,15.164622336991608,-753.0,4.335260115606936,28.0,789.0,1120.0,867.0,1987.0,817.0,11.118268746854554,-761.0,2.5,24.0,615.0,639.0,9.528728211749517,-591.0,2.8004667444574096,8.0,1010.0,1018.0,4.066431806743835,-1002.0,0.922722029988466,-525.0,141.0,666.0,-8.0,4.0,-4.046353590137054,-1.8352601156069364,-411.0,379.0,-5.462296405005682,-1.8777447144689436,0.5599173553719008,0.9373789541639768,0.4452316076294278,0.9235027679919476,concordant,concordant,-0.1146857477424729,-0.0138761861720291,8,27,1120,20,1497,1553,1175,861,318,2728,1147,11.085043988269796,-1093,1.7385705086928525,1517,10.97507331378299,-1477,0.4305555555555556,543,27,1340,5,8297,8363,1387,7243,520,9750,1367,3.710769230769231,-1313,0.32285065168001914,8302,4.254871794871795,-8292,0.1413796669769366,6723
E02000002,Barking and Dagenham,1,1,43.42144398081181,34.76755983195555,83.0,83.0,0.0844354018311292,0.0844354018311292,0.0,-8.653884148856257,497.0,0.0,581,395,976,497.0,0.0,497.0,85.54216867469879,340.0,0.0,402.0,347.0,749.0,340.0,0.0,340.0,84.5771144278607,344.0,0.0,344.0,0.0,344.0,87.0886075949367,300.0,0.0,300.0,0.0,300.0,86.45533141210375,308.0,308.0,0.0,-157.0,-157.0,0.0,-0.9650542468380792,-44.0,-44.0,0.0,-0.6332761828329581,0.5909631391200951,0.8616803278688525,0.53125,0.8544726301735648,concordant,concordant,-0.0597131391200951,-0.0072076976952877,1,584,0,477,0,675,528,94,133,1203,584,0.0,584,86.51851851851852,477,0.0,477,0.5504241281809613,-39,8079,0,539,0,8147,589,7745,242,8736,8079,0.0,8079,99.16533693384068,539,0.0,539,0.9374564864237642,7503
E02000003,Barking and Dagenham,5,4,25.643614588352413,25.149725932835818,459.0,354.0,0.4669379450661241,0.3601220752797558,-0.1068158697863682,-0.4938886555165958,229.0,380.0,738,669,1407,609.0,61.84790334044065,-151.0,31.029810298102984,210.0,332.0,695.0,674.0,1369.0,542.0,50.927684441197954,-122.0,30.215827338129497,244.0,470.0,714.0,81.50675195451315,-226.0,36.47234678624813,308.0,453.0,761.0,101.91672753834916,-145.0,45.6973293768546,-59.0,243.0,302.0,29.0,-67.0,-10.920218899242698,-0.8139829599734867,81.0,47.0,20.409975583836015,9.224982590606466,0.4603174603174603,0.9402985074626866,0.4159631619339984,0.9517896274653032,concordant,concordant,-0.0443542983834618,0.0114911200026165,4,395,405,391,481,957,882,219,213,1839,800,86.99021207177815,-10,41.27481713688611,872,102.26808047852093,-90,0.4784688995215311,6,10700,346,706,465,11267,1143,10572,469,12410,11046,298.3239323126511,10354,94.96760450874234,1171,26.453666398066076,241,0.9041499549807646,10103
E02000004,Barking and Dagenham,6,5,22.60185641216435,23.560044369645045,547.0,400.0,0.5564598168870803,0.4069175991861648,-0.1495422177009155,0.9581879574806962,120.0,133.0,447,256,703,253.0,22.7027027027027,-13.0,26.845637583892614,105.0,127.0,437.0,303.0,740.0,232.0,18.02027027027027,-22.0,24.02745995423341,111.0,295.0,406.0,46.578947368421055,-184.0,43.359375,164.0,299.0,463.0,66.26486486486486,-135.0,54.12541254125413,12.0,136.0,124.0,-9.0,-21.0,-4.682432432432432,-2.8181776296592034,49.0,57.0,19.685917496443807,10.766037541254128,0.3839150227617602,0.937411095305832,0.3338129496402878,0.9391891891891893,concordant,concordant,-0.0501020731214724,0.001778093883357,4,224,121,255,261,551,396,104,140,947,345,28.62090813093981,103,40.653357531760435,516,70.27983104540655,-6,0.40069686411149824,-36,6232,120,404,263,6551,542,6114,239,7093,6352,105.43352601156069,6112,95.13051442527858,667,14.979839278161569,141,0.9049722182647101,5875
E02000005,Barking and Dagenham,4,3,32.39406328077552,30.212965379205887,300.0,198.0,0.3051881993896236,0.2014242115971515,-0.103763987792472,-2.181097901569633,212.0,274.0,661,523,1184,486.0,49.060810810810814,-62.0,32.07261724659607,248.0,198.0,668.0,514.0,1182.0,446.0,41.54314720812183,50.0,37.12574850299401,178.0,395.0,573.0,59.383445945945944,-217.0,34.03441682600382,268.0,338.0,606.0,76.63620981387479,-70.0,52.14007782101168,117.0,317.0,200.0,112.0,-40.0,-7.517663602688984,5.05313125639794,147.0,33.0,17.25276386792884,18.10566099500786,0.4589235127478753,0.8944256756756757,0.4239543726235741,0.8900169204737732,concordant,divergent,-0.0349691401243011,-0.0044087552019024,3,361,274,397,389,822,753,161,230,1575,635,62.80253968253968,87,43.91727493917275,786,98.05269841269842,8,0.4468684025334272,-69,10404,195,641,326,10865,924,10197,410,11789,10599,172.09093222495548,10209,95.75701794753797,967,17.725506828399354,315,0.9163928756700674,9787
E02000007,Barking and Dagenham,2,1,40.31009679672392,36.007463265728475,129.0,63.0,0.1312309257375381,0.0640895218718209,-0.0671414038657171,-4.302633530995443,514.0,115.0,890,551,1441,629.0,41.02012491325468,399.0,57.752808988764045,362.0,73.0,607.0,610.0,1217.0,435.0,21.71405094494659,289.0,59.637561779242176,352.0,162.0,514.0,39.57251908396947,190.0,63.883847549909255,425.0,137.0,562.0,47.8430566967954,288.0,69.67213114754098,384.0,384.0,0.0,-110.0,-194.0,-19.306073968308095,1.8847527904781316,98.0,48.0,8.270537612825933,5.788283597631725,0.5503062117235346,0.7931991672449688,0.436308926780341,0.819227608874281,concordant,concordant,-0.1139972849431935,0.0260284416293122,2,569,122,501,170,1105,785,215,234,1890,691,36.72910052910053,447,51.49321266968325,671,45.06349206349206,331,0.5073421439060205,-19,9644,76,679,141,9990,950,9383,340,10940,9720,66.99670932358318,9568,96.53653653653653,820,8.75127970749543,538,0.9222011385199241,9043
E02000008,Barking and Dagenham,3,1,35.556605736018675,34.4495850024426,210.0,92.0,0.2136317395727365,0.0935910478128179,-0.1200406917599186,-1.1070207335760711,343.0,309.0,867,764,1631,652.0,64.98283261802575,34.0,39.561707035755475,272.0,167.0,728.0,581.0,1309.0,439.0,34.701298701298704,105.0,37.362637362637365,343.0,390.0,733.0,82.01716738197425,-47.0,44.89528795811518,339.0,349.0,688.0,90.38273491214667,-10.0,58.34767641996558,498.0,498.0,0.0,71.0,-213.0,-30.28153391672705,-2.1990696731181103,37.0,-45.0,8.365567530172427,13.452388461850395,0.4707581227436823,0.8491722869405273,0.3895297249334516,0.8609625668449198,divergent,divergent,-0.0812283978102306,0.0117902799043925,2,557,130,665,164,1075,1082,208,318,2157,687,33.56977283263792,427,51.813953488372086,829,50.56096430227167,501,0.45316622691292874,-110,12631,66,822,152,13084,1063,12356,482,14147,12697,58.92740510355552,12565,96.53775603790889,974,8.831837138615962,670,0.9287542974178918,11874
E02000009,Barking and Dagenham,4,1,30.95492824538416,36.33654626808835,341.0,57.0,0.3468972533062054,0.0579857578840284,-0.288911495422177,5.381618022704188,284.0,385.0,795,669,1464,669.0,74.68579234972678,-101.0,35.72327044025157,204.0,295.0,691.0,627.0,1318.0,499.0,45.66009104704097,-91.0,29.52243125904486,221.0,422.0,643.0,63.70355191256831,-201.0,33.03437967115097,248.0,412.0,660.0,77.52352048558421,-164.0,39.55342902711323,495.0,495.0,0.0,10.0,-170.0,-29.02570130268581,-6.200839181206707,37.0,17.0,13.819968573015906,6.5190493559622595,0.5099085365853658,0.8961748633879781,0.4305435720448662,0.8793626707132018,concordant,concordant,-0.0793649645404995,-0.0168121926747762,3,482,385,391,416,1010,851,215,182,1861,867,99.71520687802257,97,47.72277227722772,807,87.40247178936056,-25,0.517921146953405,33,12114,292,688,404,12609,1078,11918,451,13687,12406,258.44144078322495,11822,96.07423269093505,1092,20.30773726894133,284,0.9190991257964143,11467
E02000010,Barking and Dagenham,3,1,35.01250658502612,34.49335914640853,228.0,89.0,0.2319430315361139,0.0905391658189216,-0.1414038657171922,-0.5191474386175869,213.0,236.0,632,567,1199,449.0,41.924937447873226,-23.0,33.70253164556962,203.0,165.0,501.0,482.0,983.0,368.0,34.074262461851475,38.0,40.5189620758483,258.0,312.0,570.0,67.13594662218516,-54.0,45.5026455026455,232.0,245.0,477.0,57.82299084435402,-13.0,48.13278008298755,320.0,320.0,0.0,61.0,-81.0,-7.850674986021751,6.816430430278679,41.0,-93.0,-9.312955777831142,2.6301345803420517,0.4406280667320902,0.8498748957464554,0.4355029585798816,0.8596134282807731,concordant,divergent,-0.0051251081522086,0.0097385325343177,2,387,98,455,150,801,764,169,197,1565,485,24.233865814696486,289,48.31460674157304,605,43.61022364217252,305,0.44495412844036697,-28,9056,77,595,115,9345,835,8844,353,10180,9133,68.49823182711198,8979,96.90743713215623,710,6.721512770137524,480,0.9278675200650208,8491
E02000011,Barking and Dagenham,5,4,25.69644999353483,25.713968791598877,455.0,340.0,0.4628687690742624,0.34587995930824,-0.1169888097660223,0.0175187980640423,63.0,234.0,514,426,940,297.0,15.682978723404256,-171.0,12.2568093385214,79.0,242.0,404.0,423.0,827.0,321.0,23.117291414752117,-163.0,19.554455445544555,166.0,436.0,602.0,76.99574468085106,-270.0,38.967136150234744,118.0,305.0,423.0,43.518742442563486,-187.0,27.89598108747045,-117.0,103.0,220.0,8.0,24.0,7.434312691347861,7.297646107023155,83.0,-179.0,-33.477002238287575,-11.071155062764294,0.3303670745272525,0.9563829787234044,0.4314516129032258,0.8996372430471584,concordant,concordant,0.1010845383759733,-0.0567457356762458,4,158,246,321,444,631,623,117,197,1254,404,30.995215311004785,-88,25.039619651347067,765,113.6555023923445,-123,0.3455945252352438,-80,6581,265,331,314,6924,664,6520,241,7588,6846,229.83197153400104,6316,95.04621606008088,645,13.69715340010543,17,0.9138966760112135,6279
E02000012,Barking and Dagenham,7,6,20.31549040554207,20.63216642107202,606.0,511.0,0.6164801627670397,0.5198372329603256,-0.096642929806714,0.3166760155299499,29.0,467.0,608,590,1198,496.0,11.304674457429048,-438.0,4.769736842105264,22.0,420.0,440.0,533.0,973.0,442.0,9.49640287769784,-398.0,5.0,86.0,549.0,635.0,39.41068447412354,-463.0,14.576271186440678,88.0,373.0,461.0,33.734840698869476,-285.0,16.51031894934334,-329.0,56.0,385.0,40.0,-54.0,-1.8082715797312083,0.2302631578947362,178.0,-174.0,-5.675843775254066,1.9340477629026616,0.4385499557913351,0.9440734557595992,0.4894795127353267,0.9280575539568344,concordant,concordant,0.0509295569439915,-0.0160159018027647,5,248,465,337,546,826,835,218,245,1661,713,69.42805538832029,-217,30.024213075060537,883,110.77784467188441,-209,0.4467418546365915,-27,10895,415,408,368,11306,850,10866,317,12156,11310,371.9500658111221,10480,96.36476207323545,776,12.351431391905232,40,0.9357934800595731,10549
E02000013,Barking and Dagenham,2,1,37.172274852416095,36.09122608596511,181.0,60.0,0.1841302136317395,0.0610376398779247,-0.1230925737538148,-1.0810487664509836,305.0,72.0,567,546,1113,377.0,19.730458221024257,233.0,53.79188712522046,336.0,81.0,577.0,445.0,1022.0,417.0,26.63013698630137,255.0,58.23223570190641,364.0,125.0,489.0,40.880503144654085,239.0,66.66666666666666,294.0,98.0,392.0,28.19178082191781,196.0,66.06741573033707,381.0,381.0,0.0,22.0,40.0,6.8996787652771125,4.440348576685949,-43.0,-97.0,-12.688722322736275,-0.5992509363295824,0.4353348729792148,0.7780772686433064,0.515451174289246,0.7915851272015656,concordant,concordant,0.0801163013100312,0.0135078585582592,2,310,72,440,129,675,730,108,184,1405,382,15.886120996441282,238,45.925925925925924,569,40.39857651245551,311,0.40168243953732913,-76,8903,81,535,101,9227,778,8650,333,10005,8984,72.07826086956521,8822,96.48856616451718,636,5.4007996001999,434,0.9338877338877339,8317
E02000014,Barking and Dagenham,2,1,36.7377620718996,36.55000135163235,191.0,54.0,0.1943031536113937,0.0549338758901322,-0.1393692777212614,-0.1877607202672422,377.0,102.0,655,625,1280,479.0,30.0421875,275.0,57.55725190839694,243.0,98.0,496.0,582.0,1078.0,341.0,22.09090909090909,145.0,48.99193548387097,355.0,183.0,538.0,50.75390625,172.0,56.8,410.0,125.0,535.0,47.5417439703154,285.0,70.44673539518901,296.0,296.0,0.0,-130.0,-138.0,-7.951278409090911,-8.565316424525975,113.0,-3.0,-3.2121622796845983,13.646735395189012,0.4709931170108161,0.79453125,0.3892694063926941,0.8126159554730983,concordant,concordant,-0.081723710618122,0.0180847054730982,2,474,106,470,192,899,868,244,243,1767,580,28.434634974533108,368,52.72525027808677,662,51.06960950764007,278,0.4669887278582931,1,9393,100,588,137,9732,898,9236,316,10630,9493,88.36312323612418,9293,96.5166461159063,725,7.578174976481655,451,0.9290467801918184,8920
E02000015,Barking and Dagenham,1,1,44.54999939574243,39.60161035457348,74.0,26.0,0.0752797558494405,0.0264496439471007,-0.0488301119023397,-4.9483890411689515,582.0,0.0,676,590,1266,582.0,0.0,582.0,86.09467455621301,366.0,0.0,451.0,405.0,856.0,366.0,0.0,366.0,81.1529933481153,525.0,0.0,525.0,0.0,525.0,88.98305084745762,345.0,0.0,345.0,0.0,345.0,85.18518518518519,316.0,316.0,0.0,-216.0,-216.0,0.0,-4.941681208097705,-180.0,-180.0,0.0,-3.7978656622724287,0.5257452574525745,0.8744075829383886,0.5147679324894515,0.830607476635514,concordant,concordant,-0.0109773249631229,-0.0438001063028745,1,727,0,725,0,830,794,154,204,1624,727,0.0,727,87.59036144578313,725,0.0,725,0.5006887052341598,-50,8012,0,613,0,8100,674,7649,269,8774,8012,0.0,8012,98.91358024691358,613,0.0,613,0.9289275362318841,7380
E02000016,Barking and Dagenham,2,2,39.3159271651902,33.661131007315696,148.0,104.0,0.150559511698881,0.1057985757884028,-0.0447609359104781,-5.654796157874507,537.0,199.0,1006,979,1985,736.0,53.835264483627206,338.0,53.37972166998012,580.0,215.0,1049.0,939.0,1988.0,795.0,62.72635814889336,365.0,55.29075309818875,639.0,238.0,877.0,76.61561712846347,401.0,65.27068437180796,582.0,276.0,858.0,80.80080482897384,306.0,61.980830670926515,290.0,575.0,285.0,27.0,59.0,8.891093665266155,1.9110314282086307,-95.0,-19.0,4.185187700510369,-3.2898537008814444,0.4562926224426534,0.8125944584382871,0.4809437386569873,0.8314889336016097,concordant,concordant,0.0246511162143338,0.0188944751633225,2,909,209,705,263,1466,1180,460,201,2646,1118,71.79931972789116,700,62.005457025920876,968,70.07369614512471,442,0.535953978906999,259,9560,228,857,284,10149,1309,9100,370,11458,9788,190.23215220806424,9332,94.19647255887278,1141,21.241752487345085,573,0.895598865403971,8730
E02000017,Barking and Dagenham,5,3,26.361153281948692,27.270586768505,443.0,291.0,0.4506612410986775,0.2960325534079349,-0.1546286876907426,0.9094334865563064,101.0,630.0,771,920,1691,731.0,37.62862211709048,-529.0,13.09987029831388,129.0,456.0,569.0,716.0,1285.0,585.0,45.77743190661479,-327.0,22.671353251318106,243.0,637.0,880.0,91.53814311058544,-394.0,26.413043478260867,223.0,418.0,641.0,72.54007782101168,-195.0,31.14525139664804,-49.0,233.0,282.0,202.0,-146.0,8.148809789524307,9.571482953004226,199.0,-239.0,-18.99806528957376,4.7322079183871715,0.4537554314090627,0.9526907155529272,0.4771615008156606,0.9540856031128404,concordant,concordant,0.0234060694065979,0.0013948875599132,4,431,649,401,648,1117,1124,346,204,2241,1080,124.81883087907184,-218,38.58549686660698,1049,115.95180722891567,-247,0.5072804133395961,142,8462,476,476,421,8925,1033,8356,317,9958,8938,404.49005824462745,7986,94.812324929972,897,20.1241213094999,55,0.908795119471276,8039
E02000018,Barking and Dagenham,2,1,36.88907695613048,36.41188683602772,184.0,56.0,0.1871820956256358,0.056968463886063,-0.1302136317395727,-0.4771901201027617,423.0,112.0,810,735,1545,535.0,30.664077669902913,311.0,52.22222222222223,307.0,121.0,557.0,653.0,1210.0,428.0,30.7,186.0,55.11669658886894,478.0,198.0,676.0,61.258252427184466,280.0,65.03401360544217,436.0,133.0,569.0,47.92396694214876,303.0,66.7687595712098,380.0,380.0,0.0,-125.0,-107.0,0.0359223300970867,2.894474366646712,23.0,-107.0,-13.334285485035709,1.7347459657676296,0.4417836498761354,0.7838187702265372,0.4292878635907723,0.8239669421487603,concordant,concordant,-0.0124957862853631,0.040148171922223,2,449,121,543,206,956,949,146,214,1905,570,28.519160104986877,328,46.96652719665272,749,58.718110236220475,337,0.43214556482183475,-68,9052,121,701,139,9404,1012,8847,359,10416,9173,105.1547619047619,8931,96.2569119523607,840,9.354742703533026,562,0.9161090582243084,8488
E02000019,Barking and Dagenham,3,2,33.570357300628324,32.065294026890015,270.0,149.0,0.2746693794506612,0.1515768056968464,-0.1230925737538148,-1.5050632737383085,199.0,254.0,526,610,1136,453.0,44.49471830985915,-55.0,37.832699619771866,233.0,157.0,660.0,473.0,1133.0,390.0,32.28684907325684,76.0,35.303030303030305,306.0,265.0,571.0,71.38204225352112,41.0,50.1639344262295,256.0,313.0,569.0,70.72197705207414,-57.0,54.12262156448203,153.0,299.0,146.0,131.0,-63.0,-12.207869236602312,-2.529669316741561,-98.0,-2.0,-0.660065201446983,3.958687138252529,0.4423828125,0.9014084507042254,0.4066736183524504,0.8464254192409533,divergent,divergent,-0.0357091941475495,-0.0549830314632721,2,330,140,467,124,657,771,131,161,1428,470,32.35294117647059,190,50.2283105022831,591,40.55182072829132,343,0.4429783223374175,-30,9052,66,637,175,9443,851,8783,378,10294,9118,58.03691470759666,8986,95.85936672667584,812,10.829123761414417,462,0.9182275931520645,8405
E02000020,Barking and Dagenham,4,2,31.91231639068564,33.22273172595296,315.0,118.0,0.3204476093591047,0.1200406917599186,-0.2004069175991861,1.3104153352673222,212.0,423.0,762,688,1450,635.0,61.84551724137931,-211.0,27.821522309711288,222.0,360.0,709.0,692.0,1401.0,582.0,57.04496788008565,-138.0,31.31170662905501,203.0,481.0,684.0,67.34,-278.0,29.505813953488374,268.0,429.0,697.0,82.06423982869379,-161.0,38.72832369942196,206.0,363.0,157.0,73.0,-53.0,-4.800549361293662,3.4901843193437223,117.0,13.0,14.724239828693785,9.22250974593359,0.4814253222137983,0.9096551724137932,0.4550430023455825,0.9129193433261956,concordant,concordant,-0.0263823198682158,0.0032641709124024,3,434,405,407,466,986,904,224,216,1890,839,93.0,29,44.01622718052739,873,100.35026455026455,-59,0.49007009345794394,8,13240,353,712,421,13742,1156,13033,464,14898,13593,313.7145925627601,12887,96.3469655072042,1133,20.120284601959995,291,0.9230612522069809,12569
E02000021,Barking and Dagenham,4,2,30.252866915485832,31.823478887744592,356.0,158.0,0.3621566632756867,0.1607324516785351,-0.2014242115971516,1.57061197225876,144.0,401.0,809,670,1479,545.0,39.04259634888438,-257.0,17.79975278121137,159.0,286.0,529.0,536.0,1065.0,445.0,42.69859154929578,-127.0,30.056710775047257,203.0,585.0,788.0,80.29411764705883,-382.0,30.29850746268657,200.0,327.0,527.0,61.40845070422535,-127.0,37.3134328358209,65.0,252.0,187.0,130.0,-100.0,3.6559952004113967,12.256957993835886,255.0,-261.0,-18.88566694283347,7.014925373134329,0.4088522130532633,0.9012846517917512,0.4578189300411522,0.9126760563380282,concordant,concordant,0.0489667169878889,0.0113914045462769,3,346,400,359,575,1017,849,208,179,1866,746,74.16934619506966,-54,34.021632251720746,934,110.62433011789925,-216,0.444047619047619,29,8240,281,485,323,8618,838,8089,302,9456,8521,244.86463620981388,7959,95.6138315154328,808,16.566730118443317,162,0.913388358880909,7787
E02000022,Barking and Dagenham,1,1,51.32951170886077,38.646125014415865,16.0,39.0,0.0162767039674465,0.039674465920651,0.0233977619532044,-12.6833866944449,608.0,0.0,734,694,1428,608.0,0.0,608.0,82.83378746594006,407.0,0.0,489.0,712.0,1201.0,407.0,0.0,407.0,83.23108384458078,585.0,0.0,585.0,0.0,585.0,84.29394812680115,606.0,0.0,606.0,0.0,606.0,85.1123595505618,367.0,367.0,0.0,-201.0,-201.0,0.0,0.3972963786407177,21.0,21.0,0.0,0.8184114237606508,0.509639564124057,0.8354341736694678,0.40177690029615,0.8434637801831807,concordant,concordant,-0.1078626638279069,0.0080296065137128,1,862,0,732,0,998,844,264,150,1842,862,0.0,862,86.37274549098196,732,0.0,732,0.5407779171894604,114,7409,0,926,0,7495,1040,7006,328,8535,7409,0.0,7409,98.85256837891929,926,0.0,926,0.8889022195560888,6678
E02000023,Barking and Dagenham,1,1,45.4978988336933,39.06830407275603,59.0,33.0,0.0600203458799593,0.0335707019328586,-0.0264496439471007,-6.42959476093727,414.0,0.0,543,528,1071,414.0,0.0,414.0,76.24309392265194,406.0,0.0,540.0,453.0,993.0,406.0,0.0,406.0,75.18518518518519,460.0,0.0,460.0,0.0,460.0,87.12121212121212,395.0,0.0,395.0,0.0,395.0,87.19646799116998,333.0,333.0,0.0,-8.0,-8.0,0.0,-1.0579087374667466,-65.0,-65.0,0.0,0.0752558699578571,0.4736842105263157,0.8160597572362278,0.5068664169787765,0.8066465256797583,concordant,concordant,0.0331822064524607,-0.0094132315564695,1,533,0,608,0,663,676,120,148,1339,533,0.0,533,80.3921568627451,608,0.0,608,0.4671340929009641,-28,7734,0,667,0,7872,727,7332,274,8599,7734,0.0,7734,98.2469512195122,667,0.0,667,0.9206046899178669,7058
E02000024,Barnet,10,10,9.036841806222924,9.191532295006873,917.0,888.0,0.9328585961342828,0.9033570701932858,-0.0295015259409969,0.1546904887839471,0.0,450.0,658,503,1161,450.0,0.0,-450.0,0.0,0.0,466.0,637.0,508.0,1145.0,466.0,0.0,-466.0,0.0,0.0,603.0,603.0,0.0,-603.0,0.0,0.0,591.0,591.0,0.0,-591.0,0.0,-472.0,0.0,472.0,-16.0,16.0,0.0,0.0,12.0,-12.0,0.0,0.0,0.4273504273504273,0.9069767441860463,0.4408703878902554,0.9231441048034934,concordant,concordant,0.0135199605398281,0.0161673606174469,9,3,808,7,986,1033,845,375,342,1878,811,1.29073482428115,-805,0.29041626331074544,993,3.675186368477103,-979,0.4495565410199557,33,1,980,10,10586,10621,1013,9984,505,11634,981,0.0842358604091456,-979,0.009415309292910273,10596,9.099192023379748,-10576,0.08473697849183727,9479
E02000025,Barnet,8,7,16.300101609100047,15.932634441805227,723.0,666.0,0.7355035605289929,0.6775178026449644,-0.0579857578840284,-0.3674671672948193,199.0,207.0,655,518,1173,406.0,35.11764705882353,-8.0,30.38167938931298,178.0,173.0,616.0,436.0,1052.0,351.0,29.271863117870723,5.0,28.8961038961039,194.0,308.0,502.0,50.93947144075021,-114.0,37.45173745173745,157.0,309.0,466.0,46.11501901140685,-152.0,36.00917431192661,110.0,251.0,141.0,13.0,-55.0,-5.845783940952806,-1.4855754932090797,-38.0,-36.0,-4.82445242934336,-1.4425631398108436,0.4471365638766519,0.7740835464620631,0.4296205630354957,0.776615969581749,concordant,divergent,-0.0175160008411562,0.0025324231196859,6,264,204,260,305,892,809,237,291,1701,468,31.66137566137566,60,29.596412556053814,565,46.6196355085244,-45,0.4530493707647628,-54,235,168,197,303,8423,819,7807,383,9242,403,4.2718026401211855,67,2.7899798171672803,500,6.458666955204501,-106,0.44629014396456257,7424
E02000026,Barnet,10,9,9.57761295865674,10.84753755904312,903.0,834.0,0.9186164801627672,0.8484231943031536,-0.0701932858596134,1.2699246003863802,0.0,342.0,526,392,918,342.0,0.0,-342.0,0.0,0.0,221.0,390.0,267.0,657.0,221.0,0.0,-221.0,0.0,0.0,481.0,481.0,0.0,-481.0,0.0,0.0,355.0,355.0,0.0,-355.0,0.0,-185.0,27.0,212.0,121.0,-121.0,0.0,0.0,126.0,-126.0,0.0,0.0,0.4155528554070474,0.8965141612200436,0.3836805555555556,0.8767123287671232,concordant,concordant,-0.0318722998514918,-0.0198018324529203,9,0,601,2,656,689,644,163,252,1333,601,0.0,-601,0.0,658,0.9842460615153789,-654,0.47736298649722003,-89,1,573,1,6307,6335,606,5945,339,6941,574,0.08255294626134563,-572,0.015785319652722965,6308,0.9086586947125774,-6306,0.08340598663179308,5606
E02000027,Barnet,6,5,21.507758026672224,22.828095124615235,576.0,430.0,0.5859613428280773,0.4374364191251271,-0.1485249237029501,1.3203370979430105,416.0,92.0,581,552,1133,508.0,33.779346866725504,324.0,71.60068846815835,336.0,82.0,493.0,359.0,852.0,418.0,32.33802816901409,254.0,68.15415821501014,418.0,132.0,550.0,48.699029126213595,286.0,75.72463768115942,254.0,119.0,373.0,35.47652582159625,135.0,70.75208913649024,307.0,372.0,65.0,-70.0,-90.0,-1.4413186977114163,-3.446530253148211,-151.0,-177.0,-13.222503304617348,-4.972548544669181,0.4801512287334593,0.9338040600176524,0.5284450063211125,0.9284037558685446,concordant,concordant,0.0482937775876531,-0.0054003041491076,5,539,124,620,149,769,817,188,265,1586,663,42.14123581336696,415,70.09102730819245,769,58.24716267339218,471,0.46298882681564246,-77,9315,102,614,144,9519,757,9026,398,10276,9417,92.46107434799534,9213,97.85691774346044,758,8.604126119112495,470,0.9255036855036856,8628
E02000028,Barnet,9,8,13.171328759811871,12.807654082259054,794.0,766.0,0.8077314343845371,0.7792472024415056,-0.0284842319430315,-0.363674677552817,107.0,288.0,551,419,970,395.0,31.769072164948454,-181.0,19.419237749546276,97.0,405.0,497.0,522.0,1019.0,502.0,38.55250245338567,-308.0,19.517102615694164,93.0,380.0,473.0,36.43298969072165,-287.0,22.195704057279237,70.0,352.0,422.0,24.180569185475957,-282.0,13.409961685823754,-226.0,139.0,365.0,-127.0,107.0,6.783430288437216,0.0978648661478871,5.0,-51.0,-12.252420505245691,-8.785742371455482,0.4550691244239631,0.8948453608247423,0.5432900432900433,0.9067713444553483,concordant,concordant,0.0882209188660801,0.011925983630606,7,136,418,107,526,754,601,203,182,1355,554,41.95424354243542,-282,18.037135278514587,633,41.53653136531365,-419,0.4667228306655434,21,131,691,94,6250,6426,848,5929,326,7274,822,12.444459719549078,-560,2.0385932150638033,6344,80.76711575474292,-6156,0.11470834496232207,5603
E02000029,Barnet,8,7,13.73416365058119,16.010651527016446,784.0,662.0,0.797558494404883,0.6734486266531028,-0.1241098677517802,2.2764878764352563,189.0,291.0,692,595,1287,480.0,42.73426573426573,-102.0,27.3121387283237,169.0,208.0,642.0,458.0,1100.0,377.0,31.956363636363637,-39.0,26.32398753894081,209.0,371.0,580.0,60.24786324786325,-162.0,35.12605042016806,138.0,330.0,468.0,41.4,-192.0,30.131004366812224,135.0,276.0,141.0,63.0,-103.0,-10.777902097902096,-0.98815118938289,-30.0,-112.0,-18.847863247863252,-4.995046053355839,0.4528301886792453,0.8236208236208237,0.4461538461538462,0.7681818181818182,concordant,concordant,-0.0066763425253991,-0.0554390054390054,7,130,628,152,733,941,849,249,254,1790,758,45.608938547486034,-498,13.815090329436769,885,62.24357541899441,-581,0.4613511868533171,-5,124,725,102,9234,9439,877,8797,419,10316,849,8.714618069019,-601,1.3136984850090052,9336,91.30166731291199,-9132,0.08335787923416789,8378
E02000030,Barnet,9,8,12.779513005366924,13.464058337801609,812.0,749.0,0.8260427263479145,0.7619532044760936,-0.0640895218718209,0.684545332434686,87.0,348.0,560,574,1134,435.0,26.6984126984127,-261.0,15.535714285714286,39.0,313.0,494.0,414.0,908.0,352.0,13.443832599118943,-274.0,7.894736842105263,109.0,388.0,497.0,37.29453262786596,-279.0,18.98954703832753,48.0,342.0,390.0,18.079295154185026,-294.0,11.594202898550725,-142.0,107.0,249.0,-13.0,-83.0,-13.254580099293756,-7.640977443609024,-15.0,-107.0,-19.215237473680936,-7.395344139776805,0.4667381974248927,0.8218694885361552,0.4743935309973046,0.8171806167400881,concordant,concordant,0.0076553335724118,-0.004688871796067,7,146,638,175,576,781,903,221,329,1684,784,55.31353919239905,-492,18.693982074263765,751,59.857482185273156,-401,0.5107491856677524,-108,114,645,73,9139,9322,770,8828,356,10092,759,7.285969084423305,-531,1.2229135378674105,9212,66.10652001585414,-9066,0.07612075017550897,8472
E02000031,Barnet,10,10,10.342756777899645,8.982775245199614,886.0,896.0,0.901322482197355,0.9114954221770092,0.0101729399796541,-1.359981532700031,0.0,438.0,647,475,1122,438.0,0.0,-438.0,0.0,0.0,385.0,585.0,415.0,1000.0,385.0,0.0,-385.0,0.0,0.0,583.0,583.0,0.0,-583.0,0.0,0.0,543.0,543.0,0.0,-543.0,0.0,-380.0,0.0,380.0,53.0,-53.0,0.0,0.0,40.0,-40.0,0.0,0.0,0.4289911851126347,0.9099821746880572,0.4148706896551724,0.928,concordant,concordant,-0.0141204954574622,0.0180178253119429,8,62,610,28,807,899,678,252,203,1577,672,23.982244768547876,-548,6.896551724137931,835,14.3284717818643,-779,0.44591904445919045,49,41,642,27,8116,8184,676,7599,261,8860,683,2.970880361173815,-601,0.5009775171065494,8143,24.73273137697517,-8089,0.07738499886698391,7338
E02000032,Barnet,10,10,7.991801512027491,8.446300998573467,938.0,912.0,0.9542217700915564,0.9277721261444556,-0.0264496439471008,0.4544994865459753,0.0,401.0,437,473,910,401.0,0.0,-401.0,0.0,0.0,334.0,366.0,403.0,769.0,334.0,0.0,-334.0,0.0,0.0,393.0,393.0,0.0,-393.0,0.0,0.0,325.0,325.0,0.0,-325.0,0.0,-382.0,0.0,382.0,67.0,-67.0,0.0,0.0,68.0,-68.0,0.0,0.0,0.5050377833753149,0.8725274725274725,0.5068285280728376,0.8569570871261378,concordant,concordant,0.0017907446975227,-0.0155703854013347,9,0,588,2,565,594,637,157,164,1231,588,0.0,-588,0.0,567,0.9179528838342811,-563,0.509090909090909,-7,0,589,2,7841,7876,646,7510,243,8522,589,0.0,-589,0.0,7843,1.840178361886881,-7839,0.06985294117647059,7267
E02000033,Barnet,7,7,18.199760590371323,17.063479789497258,669.0,626.0,0.6805696846388606,0.6368260427263479,-0.0437436419125126,-1.136280800874065,303.0,203.0,642,546,1188,506.0,51.775252525252526,100.0,47.19626168224299,225.0,187.0,479.0,470.0,949.0,412.0,44.336143308746045,38.0,46.972860125260965,281.0,273.0,554.0,64.57323232323232,8.0,51.46520146520146,228.0,180.0,408.0,43.24552160168599,48.0,48.51063829787234,1.0,206.0,205.0,-62.0,-94.0,-7.43910921650648,-0.2234015569820258,40.0,-146.0,-21.32771072154633,-2.9545631673291197,0.4773584905660377,0.8922558922558923,0.5024390243902439,0.8640674394099052,concordant,concordant,0.0250805338242061,-0.0281884528459871,5,468,177,502,243,806,767,164,221,1573,645,52.66115702479339,291,58.06451612903226,745,77.54990464081374,259,0.46402877697841727,-57,8518,176,516,162,8772,756,8293,286,9528,8694,157.34340890008397,8342,97.10442316461469,678,8.773299748110832,354,0.9276568501920615,8007
E02000034,Barnet,8,8,15.184146474494591,12.823898695749945,748.0,763.0,0.7609359104781281,0.7761953204476093,0.0152594099694811,-2.3602477787446485,128.0,293.0,698,677,1375,421.0,27.27563636363636,-165.0,18.33810888252149,136.0,303.0,597.0,657.0,1254.0,439.0,32.86124401913876,-167.0,22.780569514237857,169.0,341.0,510.0,41.912,-172.0,24.963072378138847,182.0,285.0,467.0,41.36363636363637,-103.0,27.701674277016743,-224.0,117.0,341.0,-2.0,18.0,5.5856076555024,4.442460631716369,69.0,-43.0,-0.5483636363636322,2.7386018988778957,0.4522019334049409,0.6770909090909091,0.4845474613686534,0.722488038277512,concordant,concordant,0.0323455279637124,0.0453971291866028,6,198,282,246,338,966,900,268,223,1866,480,29.922829581993568,-84,20.496894409937887,584,44.559485530546624,-92,0.45112781954887216,45,198,295,249,276,8955,1008,8358,351,9963,493,5.862691960252936,-97,2.21105527638191,525,6.897922312556459,-27,0.48428290766208254,8007
E02000035,Barnet,8,8,14.132519355932205,13.702045025078736,773.0,743.0,0.7863682604272635,0.7558494404883012,-0.0305188199389623,-0.4304743308534675,228.0,345.0,811,780,1591,573.0,49.44060339409177,-117.0,28.113440197287296,181.0,314.0,741.0,749.0,1490.0,495.0,38.143624161073824,-133.0,24.426450742240217,218.0,368.0,586.0,50.42363293526084,-150.0,27.94871794871795,237.0,374.0,611.0,59.48859060402685,-137.0,31.64218958611482,-222.0,133.0,355.0,-16.0,-78.0,-11.296979233017945,-3.68698945504708,13.0,25.0,9.064957668766006,3.693471637396872,0.4943917169974116,0.7284726587052168,0.4475587703435805,0.7422818791946308,concordant,concordant,-0.046832946653831,0.013809220489414,7,150,696,159,894,1165,953,354,173,2118,846,49.29178470254958,-546,12.875536480686694,1053,67.11331444759207,-735,0.44549763033175355,181,104,864,186,8156,8365,1133,7624,384,9498,968,9.460518003790272,-760,1.2432755528989838,8342,159.71951989892608,-7970,0.10397422126745436,7240
E02000036,Barnet,8,7,17.051150382574697,16.32370046042915,704.0,648.0,0.71617497456765,0.659206510681587,-0.056968463886063,-0.7274499221455457,145.0,389.0,747,714,1461,534.0,38.607118412046546,-244.0,19.410977242302543,99.0,267.0,523.0,566.0,1089.0,366.0,24.272727272727273,-168.0,18.929254302103253,180.0,456.0,636.0,56.18069815195072,-276.0,25.210084033613445,142.0,328.0,470.0,42.76951331496786,-186.0,25.08833922261484,-39.0,191.0,230.0,76.0,-168.0,-14.334391139319273,-0.4817229401992904,90.0,-166.0,-13.411184836982862,-0.121744810998603,0.4564102564102564,0.8008213552361396,0.4377990430622009,0.7676767676767676,concordant,concordant,-0.0186112133480554,-0.0331445875593719,6,172,339,199,407,1032,1044,285,330,2076,511,28.08670520231214,-167,16.666666666666664,606,39.01396917148362,-208,0.4574753804834378,-45,102,227,172,290,11058,983,10535,417,12041,329,1.9229299892035545,-125,0.9224091155724362,462,4.1425130803089445,-118,0.415929203539823,10118
E02000037,Barnet,8,9,15.660595157991994,11.128158463756176,738.0,824.0,0.7507629704984741,0.8382502543234995,0.0874872838250254,-4.532436694235816,146.0,331.0,689,563,1252,477.0,38.59904153354633,-185.0,21.190130624092888,108.0,221.0,518.0,414.0,932.0,329.0,25.609442060085836,-113.0,20.84942084942085,113.0,396.0,509.0,35.74121405750799,-283.0,20.071047957371228,88.0,262.0,350.0,24.738197424892704,-174.0,21.256038647342994,-343.0,15.0,358.0,72.0,-148.0,-12.98959947346049,-0.3407097746720389,109.0,-159.0,-11.003016632615283,1.184990689971766,0.4837728194726166,0.7875399361022364,0.4845360824742268,0.7285407725321889,concordant,concordant,0.0007632630016101,-0.0589991635700475,6,163,246,141,353,950,838,261,275,1788,409,22.426174496644297,-83,17.157894736842106,494,27.83724832214765,-212,0.4529346622369878,-14,175,186,106,231,10589,777,10071,363,11366,361,2.8638043286996306,-11,1.652658419114175,337,2.154319901460496,-125,0.5171919770773639,9708
E02000038,Barnet,8,7,15.354761634011794,15.568224800070306,743.0,680.0,0.7558494404883012,0.6917599186164801,-0.064089521871821,0.2134631660585118,175.0,476.0,974,850,1824,651.0,45.66885964912281,-301.0,17.967145790554415,90.0,379.0,721.0,659.0,1380.0,469.0,24.717391304347824,-289.0,12.48266296809986,156.0,586.0,742.0,50.11842105263158,-430.0,18.352941176470587,130.0,483.0,613.0,45.5,-353.0,19.726858877086496,-75.0,245.0,320.0,12.0,-182.0,-20.951468344774984,-5.484482822454556,77.0,-129.0,-4.618421052631582,1.373917700615909,0.4673366834170854,0.7637061403508771,0.433456561922366,0.7840579710144927,concordant,concordant,-0.0338801214947194,0.0203518306636155,6,223,467,201,581,1317,1123,343,273,2440,690,42.68073770491803,-244,16.932422171602127,782,47.86106557377049,-380,0.46875,70,116,379,181,476,10540,1053,9819,394,11593,495,3.79228844992668,-263,1.1005692599620494,657,7.431726041576813,-295,0.4296875,9425
E02000039,Barnet,9,9,10.951033428314606,10.702963094393189,869.0,836.0,0.884028484231943,0.8504577822990844,-0.0335707019328586,-0.2480703339214187,19.0,380.0,467,502,969,399.0,7.450980392156863,-361.0,4.068522483940043,12.0,258.0,479.0,354.0,833.0,270.0,3.716686674669868,-246.0,2.5052192066805845,33.0,326.0,359.0,11.10216718266254,-293.0,6.573705179282868,22.0,364.0,386.0,9.61344537815126,-342.0,6.214689265536723,-293.0,13.0,306.0,115.0,-129.0,-3.734293717486995,-1.5633032772594588,-49.0,27.0,-1.4887218045112809,-0.3590159137461448,0.5263852242744064,0.782249742002064,0.4115853658536585,0.787515006002401,concordant,concordant,-0.1147998584207478,0.005265264000337,8,16,664,26,633,665,712,198,210,1377,680,7.715323166303558,-648,2.4060150375939853,659,11.952069716775599,-607,0.5078416728902165,-12,12,586,20,6955,6997,628,6518,274,7625,598,0.9222295081967213,-574,0.17150207231670717,6975,18.242622950819673,-6935,0.07896474316651261,6244
E02000040,Barnet,7,7,18.235370685146588,15.441477714748784,668.0,685.0,0.6795523906408952,0.6968463886063072,0.0172939979654119,-2.7938929703978026,374.0,260.0,663,695,1358,634.0,71.60530191458027,114.0,56.41025641025641,333.0,144.0,718.0,419.0,1137.0,477.0,42.17414248021108,189.0,46.37883008356546,345.0,233.0,578.0,59.19366715758469,112.0,49.64028776978417,234.0,312.0,546.0,64.21108179419525,-78.0,55.847255369928405,178.0,328.0,150.0,75.0,-157.0,-29.431159434369185,-10.031426326690948,-190.0,-32.0,5.01741463661056,6.206967600144232,0.523102310231023,0.8924889543446245,0.4662756598240469,0.899736147757256,concordant,divergent,-0.0568266504069761,0.0072471934126314,5,660,239,633,199,946,949,283,254,1895,899,83.2401055408971,421,69.76744186046511,832,66.47335092348285,434,0.5193529751588677,29,8557,139,586,288,8931,770,8213,351,9701,8696,122.60828780538088,8418,95.8123390437801,874,17.396969384599526,298,0.9086729362591431,7862
E02000041,Barnet,7,6,17.658500677562138,18.284720521720836,685.0,588.0,0.6968463886063072,0.5981688708036622,-0.098677517802645,0.6262198441586975,360.0,256.0,739,622,1361,616.0,67.71491550330639,104.0,48.714479025710425,271.0,234.0,595.0,532.0,1127.0,505.0,56.267968056787936,37.0,45.54621848739496,300.0,314.0,614.0,69.2138133725202,-14.0,48.231511254019296,218.0,238.0,456.0,46.037267080745345,-20.0,40.97744360902256,132.0,309.0,177.0,-67.0,-111.0,-11.44694744651845,-3.168260538315465,-6.0,-158.0,-23.176546291774866,-7.254067644996738,0.5008130081300813,0.9037472446730346,0.5254942767950052,0.8527062999112689,divergent,divergent,0.0246812686649238,-0.0510409447617656,6,154,321,148,379,1056,859,317,237,1915,475,25.814099216710183,-167,14.583333333333334,527,29.290861618798957,-231,0.4740518962075848,80,139,312,100,323,9318,868,8723,336,10186,451,4.257608482230513,-173,1.4917364241253488,423,3.1710190457490675,-223,0.5160183066361556,8387
E02000042,Barnet,8,8,16.35417120594041,15.162757182177875,721.0,698.0,0.7334689725330621,0.7100712105798576,-0.0233977619532045,-1.1914140237625332,260.0,447.0,1199,948,2147,707.0,54.13134606427573,-187.0,21.684737281067555,166.0,406.0,996.0,927.0,1923.0,572.0,35.047321892875715,-240.0,16.666666666666664,216.0,594.0,810.0,59.75966464834653,-378.0,22.78481012658228,250.0,573.0,823.0,74.49297971918877,-323.0,26.96871628910464,-275.0,191.0,466.0,-53.0,-135.0,-19.084024171400017,-5.018070614400891,55.0,13.0,14.733315070842238,4.183906162522362,0.4660514172709294,0.7065673032137867,0.4100358422939068,0.7254290171606864,concordant,concordant,-0.0560155749770226,0.0188617139468997,6,388,432,343,581,1768,1233,569,285,3001,820,55.853382205931354,-44,21.945701357466064,924,66.4055314895035,-238,0.4701834862385321,284,294,388,354,568,11265,1385,10269,458,12650,682,9.017549407114625,-94,2.6098535286284954,922,15.89501976284585,-214,0.4251870324189526,9811
E02000043,Barnet,10,10,8.314445686200624,7.517256488549618,933.0,938.0,0.9491353001017294,0.9542217700915564,0.005086469989827,-0.7971891976510062,0.0,568.0,603,641,1244,568.0,0.0,-568.0,0.0,0.0,442.0,487.0,468.0,955.0,442.0,0.0,-442.0,0.0,0.0,582.0,582.0,0.0,-582.0,0.0,0.0,459.0,459.0,0.0,-459.0,0.0,-440.0,0.0,440.0,126.0,-126.0,0.0,0.0,123.0,-123.0,0.0,0.0,0.4939130434782608,0.9244372990353698,0.490566037735849,0.9434554973821988,concordant,concordant,-0.0033470057424118,0.0190181983468291,9,0,748,12,963,978,793,375,152,1771,748,0.0,-748,0.0,975,6.525127046866177,-951,0.4341265235055136,223,0,675,0,7434,7459,686,6972,218,8145,675,0.0,-675,0.0,7434,0.0,-7434,0.08324084350721421,6754
E02000044,Barnet,6,5,22.81006740032214,23.627358342016905,540.0,396.0,0.5493387589013224,0.4028484231943031,-0.1464903357070193,0.8172909416947647,343.0,224.0,644,665,1309,567.0,58.6951871657754,119.0,53.2608695652174,235.0,152.0,472.0,457.0,929.0,387.0,38.44994617868676,83.0,49.78813559322034,363.0,228.0,591.0,63.22689075630253,135.0,54.58646616541354,265.0,220.0,485.0,62.755651237890206,45.0,57.98687089715536,139.0,263.0,124.0,-36.0,-180.0,-20.245240987088643,-3.4727339719970587,-90.0,-106.0,-0.4712395184123252,3.4004047317418227,0.4896373056994819,0.8846447669977082,0.4438073394495412,0.9386437029063508,concordant,concordant,-0.0458299662499406,0.0539989359086426,4,589,192,621,185,848,881,204,216,1729,781,65.4065934065934,397,69.45754716981132,806,66.44592249855408,436,0.4921235034656585,-12,8487,126,588,170,8717,768,8245,311,9485,8613,112.74243542435424,8361,97.36147757255937,758,10.538745387453874,418,0.9191121545192615,7934
E02000045,Barnet,6,6,21.812188949887663,19.81691523251556,573.0,539.0,0.582909460834181,0.5483214649033571,-0.0345879959308239,-1.9952737173721005,504.0,234.0,854,764,1618,738.0,72.88998763906056,270.0,59.01639344262295,329.0,238.0,705.0,726.0,1431.0,567.0,54.7183787561146,91.0,46.666666666666664,456.0,278.0,734.0,78.34857849196538,178.0,59.68586387434554,401.0,332.0,733.0,93.03424178895877,69.0,55.23415977961432,67.0,316.0,249.0,-179.0,-171.0,-18.17160888294596,-12.349726775956285,-109.0,-1.0,14.685663296993384,-4.45170409473122,0.501358695652174,0.9097651421508036,0.4361538461538461,0.9084556254367576,concordant,concordant,-0.0652048494983277,-0.0013095167140459,4,853,204,757,257,1173,1045,319,281,2218,1057,78.45446348061317,649,72.71952259164536,1014,87.71370604147882,500,0.5103814582327378,38,9996,210,772,307,10349,1065,9644,339,11414,10206,183.91098650779745,9786,96.58904241955744,1079,20.76432451375504,465,0.9043863535666814,9305
E02000046,Barnet,8,8,14.1475183675492,12.421965949332606,772.0,782.0,0.785350966429298,0.7955239064089522,0.0101729399796541,-1.7255524182165942,226.0,383.0,800,830,1630,609.0,53.103067484662574,-157.0,28.249999999999996,148.0,409.0,677.0,759.0,1436.0,557.0,42.15320334261838,-261.0,21.86115214180207,228.0,370.0,598.0,51.75460122699386,-142.0,27.46987951807229,196.0,390.0,586.0,53.231197771587745,-194.0,25.823451910408433,-301.0,127.0,428.0,-104.0,-52.0,-10.949864142044191,-6.388847858197927,-52.0,-12.0,1.4765965445938818,-1.6464276076638562,0.5045567522783762,0.7404907975460123,0.4873140857392826,0.7959610027855153,concordant,concordant,-0.0172426665390935,0.0554702052395029,7,116,730,112,1044,1306,1007,506,177,2313,846,36.6104626026805,-614,8.88208269525268,1156,50.552529182879375,-932,0.4225774225774226,329,77,852,116,6623,6793,1086,6116,327,7879,929,8.32643736514786,-775,1.1335197997939055,6739,97.50831323772053,-6507,0.1211528429838289,5789
E02000047,Barnet,5,4,27.21455021630177,26.343321425604387,426.0,321.0,0.4333672431332655,0.3265513733468972,-0.1068158697863682,-0.8712287906973835,612.0,201.0,1048,946,1994,813.0,61.691073219658975,411.0,58.396946564885496,459.0,127.0,779.0,763.0,1542.0,586.0,37.80350194552529,332.0,58.921694480102694,660.0,309.0,969.0,102.27683049147444,351.0,69.76744186046511,512.0,193.0,705.0,64.08300907911803,319.0,67.10353866317169,496.0,591.0,95.0,-79.0,-227.0,-23.887571274133684,0.5247479152171977,-32.0,-264.0,-38.193821412356414,-2.663903197293422,0.4562289562289562,0.8936810431293881,0.4539116963594113,0.8372243839169909,concordant,concordant,-0.0023172598695448,-0.0564566592123971,3,1109,158,1053,230,1438,1263,390,317,2701,1267,64.87300999629767,951,77.12100139082058,1283,89.66679007774898,823,0.49686274509803924,73,11931,90,1056,144,12136,1185,11357,422,13321,12021,80.60881315216575,11841,98.3108108108108,1200,11.415359207266722,912,0.9092353074653959,10935
E02000048,Barnet,9,8,12.49889802648467,12.82208079820014,823.0,764.0,0.8372329603255341,0.7772126144455748,-0.0600203458799593,0.3231827717154694,74.0,518.0,788,758,1546,592.0,24.794307891332473,-444.0,9.390862944162436,45.0,493.0,645.0,699.0,1344.0,538.0,16.506696428571427,-448.0,6.976744186046512,89.0,544.0,633.0,31.31694695989651,-455.0,11.74142480211082,64.0,473.0,537.0,22.52380952380953,-409.0,9.15593705293276,-243.0,126.0,369.0,-4.0,-54.0,-8.287611462761046,-2.414118758115924,46.0,-96.0,-8.79313743608698,-2.585487749178061,0.483265306122449,0.7923673997412678,0.5004651162790698,0.7998511904761905,concordant,concordant,0.0171998101566207,0.0074837907349226,7,160,724,183,902,1184,1012,396,254,2196,884,52.75045537340619,-564,13.513513513513514,1085,75.16666666666667,-719,0.4489588623666836,142,103,802,149,9904,10111,1054,9466,355,11165,905,7.398656515897895,-699,1.0186925131045397,10053,132.17160770264218,-9755,0.08258806351524,9111
E02000049,Barnet,2,1,36.81464040221098,35.91760942500828,188.0,65.0,0.1912512716174974,0.0661241098677517,-0.1251271617497457,-0.8970309772027036,561.0,30.0,590,913,1503,591.0,11.19760479041916,531.0,95.08474576271186,424.0,24.0,504.0,465.0,969.0,448.0,10.5015479876161,400.0,84.12698412698413,864.0,6.0,870.0,3.4491017964071857,858.0,94.6330777656079,429.0,50.0,479.0,22.13622291021672,379.0,92.25806451612904,447.0,447.0,0.0,-131.0,-143.0,-0.69605680280306,-10.957761635727737,-479.0,-391.0,18.687121113809535,-2.3750132494788545,0.4045174537987679,0.9720558882235528,0.4832793959007551,0.956656346749226,concordant,concordant,0.0787619421019871,-0.0153995414743268,2,749,37,1030,9,798,1092,208,179,1890,786,14.662962962962963,712,93.85964912280701,1039,4.904761904761905,1021,0.43068493150684933,29,10197,27,789,50,10303,841,9799,376,11144,10224,24.705581478822683,10170,98.97117344462778,839,3.540021536252692,739,0.9241616198137937,9423
E02000050,Barnet,6,6,21.40852568064388,18.30702076350093,581.0,586.0,0.5910478128179044,0.5961342828077314,0.0050864699898269,-3.1015049171429503,549.0,289.0,910,942,1852,838.0,85.67008639308855,260.0,60.32967032967033,437.0,181.0,717.0,697.0,1414.0,618.0,55.93847241867043,256.0,60.94839609483961,558.0,254.0,812.0,76.52915766738661,304.0,59.23566878980891,468.0,237.0,705.0,78.44130127298445,231.0,67.14490674318509,258.0,437.0,179.0,-4.0,-220.0,-29.731613974418124,0.6187257651692804,-73.0,-107.0,1.9121436055978336,7.909237953376177,0.5078787878787879,0.8909287257019438,0.4671201814058957,0.9356435643564356,concordant,concordant,-0.0407586064728922,0.0447148386544918,5,822,364,724,327,1260,1194,350,252,2454,1186,121.92665036674816,458,65.23809523809524,1051,96.47432762836186,397,0.5301743406347788,98,9835,220,788,278,10189,1111,9472,414,11300,10055,191.47787610619469,9615,96.52566493277064,1066,19.386194690265487,510,0.9041453106735006,9058
E02000051,Barnet,9,9,12.939065069735168,10.394447587719297,802.0,845.0,0.8158697863682605,0.8596134282807731,0.0437436419125126,-2.5446174820158713,67.0,617.0,860,801,1661,684.0,24.88801926550271,-550.0,7.790697674418605,91.0,589.0,732.0,805.0,1537.0,680.0,34.87247885491217,-498.0,12.431693989071038,45.0,591.0,636.0,16.011438892233596,-546.0,5.617977528089887,81.0,514.0,595.0,27.08783344176968,-433.0,10.062111801242237,-503.0,107.0,610.0,52.0,-4.0,9.984459589409456,4.6409963146524325,113.0,-41.0,11.076394549536085,4.44413427315235,0.5181818181818182,0.7947019867549668,0.5333333333333333,0.8295380611581002,concordant,concordant,0.0151515151515151,0.0348360744031334,7,187,765,122,1009,1366,1032,506,231,2398,952,59.65596330275229,-578,13.689604685212299,1131,51.33361134278565,-887,0.457033125300048,275,151,913,151,8734,9015,1191,8283,386,10206,1064,13.508034489515971,-762,1.674986134220743,8885,129.2214383695865,-8583,0.10694542165041712,7897
E02000052,Barnet,8,9,16.48015166529181,11.881966251198463,716.0,795.0,0.728382502543235,0.8087487283825026,0.0803662258392675,-4.598185414093345,183.0,588.0,1068,922,1990,771.0,54.072361809045226,-405.0,17.134831460674157,194.0,557.0,811.0,803.0,1614.0,751.0,66.95043370508054,-363.0,23.921085080147968,171.0,725.0,896.0,62.29899497487437,-554.0,18.546637744034708,155.0,472.0,627.0,45.328376703841386,-317.0,19.302615193026153,-581.0,75.0,656.0,42.0,-20.0,12.878071896035316,6.786253619473811,237.0,-269.0,-16.970618271032983,0.7559774489914446,0.4625074985002999,0.8376884422110553,0.5449927431059507,0.8537794299876085,concordant,concordant,0.0824852446056507,0.0160909877765531,6,212,554,214,692,1594,1245,526,323,2839,766,41.369496301514616,-342,13.29987452948557,906,52.162028883409654,-478,0.458133971291866,203,226,537,174,456,9571,1240,8760,437,10811,763,11.225788548700399,-311,2.3612997596907324,630,7.339191564147628,-282,0.5477386934673367,8323
E02000053,Barnet,6,6,21.41362408237653,20.76039420674578,580.0,504.0,0.590030518819939,0.5127161749745677,-0.0773143438453712,-0.6532298756307497,389.0,328.0,876,817,1693,717.0,75.36444181925576,61.0,44.40639269406393,0.0,0.0,0.0,0.0,0.0,0.0,0.0,0.0,0.0,390.0,394.0,784.0,90.76196101594802,-4.0,47.735618115055075,0.0,0.0,0.0,0.0,0.0,0.0,0.0,0.0,0.0,-61.0,-717.0,-75.36444181925576,-44.40639269406393,4.0,-784.0,-90.76196101594802,-47.735618115055075,0.4776815456362425,0.8865918487891317,0.5,0.0,divergent,zero,0.0223184543637575,-0.8865918487891317,5,1123,401,495,464,1700,1048,824,231,2748,1524,163.87299854439593,722,66.05882352941177,959,83.58078602620087,31,0.6137736608940797,593,0,0,0,0,0,0,0,0,0,0,0.0,0,0.0,0,0.0,0,0.5,0
E02000054,Barnet,8,7,15.17531391618096,16.54641009125067,749.0,642.0,0.7619532044760936,0.6531027466937945,-0.108850457782299,1.3710961750697097,140.0,443.0,729,750,1479,583.0,41.93373901284651,-303.0,19.204389574759944,151.0,502.0,680.0,764.0,1444.0,653.0,52.49445983379501,-351.0,22.205882352941178,171.0,468.0,639.0,54.10953346855984,-297.0,22.8,156.0,410.0,566.0,44.29362880886426,-254.0,20.418848167539267,-132.0,253.0,385.0,-48.0,70.0,10.560720820948504,3.001492778181234,43.0,-73.0,-9.815904659695576,-2.381151832460734,0.4770867430441898,0.8262339418526031,0.5356849876948319,0.8441828254847645,concordant,concordant,0.058598244650642,0.0179488836321614,6,160,426,181,459,1121,960,392,210,2081,586,32.753483901970206,-266,14.272970561998216,640,39.92263334935127,-278,0.47797716150081565,182,163,494,190,406,7462,1093,6782,329,8555,657,9.412273524254822,-331,2.18440096488877,596,9.016949152542374,-216,0.524341580207502,6453
E02000055,Barnet,7,7,18.36901511051213,15.525799810164813,663.0,682.0,0.6744659206510681,0.6937945066124109,0.0193285859613427,-2.8432153003473175,569.0,454.0,1091,1188,2279,1023.0,113.3505923650724,115.0,52.15398716773603,483.0,558.0,1121.0,1267.0,2388.0,1041.0,112.86180904522612,-75.0,43.08652988403212,644.0,446.0,1090.0,126.03071522597632,198.0,54.20875420875421,605.0,514.0,1119.0,130.2219430485762,91.0,47.750591949486974,-143.0,421.0,564.0,-190.0,18.0,-0.4887833198462772,-9.06745728370391,-107.0,29.0,4.191227822599885,-6.458162259267233,0.4841457643161382,0.9271610355419044,0.4819444444444444,0.9045226130653268,concordant,divergent,-0.0022013198716937,-0.0226384224765776,5,1439,393,926,377,1941,1460,850,272,3401,1832,166.28256395177888,1046,74.13704276146316,1303,102.64686856806821,549,0.5843700159489633,578,10723,519,1163,505,11334,1813,10213,546,13147,11242,423.3085114474785,10204,94.60914063878595,1668,44.67292918536548,658,0.8707978311386522,9667
E02000056,Barnet,10,10,8.99654355829353,8.09332322357019,919.0,920.0,0.9348931841302136,0.9359104781281792,0.0010172939979654,-0.9032203347233398,0.0,668.0,729,684,1413,668.0,0.0,-668.0,0.0,0.0,610.0,661.0,646.0,1307.0,610.0,0.0,-610.0,0.0,0.0,702.0,702.0,0.0,-702.0,0.0,0.0,639.0,639.0,0.0,-639.0,0.0,-589.0,0.0,589.0,58.0,-58.0,0.0,0.0,63.0,-63.0,0.0,0.0,0.4875912408759124,0.9695682944090588,0.488390712570056,0.9556235654169856,concordant,concordant,0.0007994716941436,-0.0139447289920733,9,2,885,1,1098,1124,900,395,216,2024,887,0.8745059288537549,-883,0.1779359430604982,1099,0.5424901185770751,-1097,0.44662638469284993,179,0,919,3,8943,8959,946,8298,300,9905,919,0.0,-919,0.0,8946,2.7086320040383645,-8940,0.09315762797769894,7998
E02000057,Barnet,8,8,16.062759997327632,14.00602963341423,729.0,730.0,0.7416073245167853,0.7426246185147508,0.0010172939979654,-2.0567303639134025,185.0,364.0,691,714,1405,549.0,47.92882562277581,-179.0,26.772793053545584,173.0,447.0,665.0,725.0,1390.0,620.0,55.63381294964029,-274.0,26.015037593984964,206.0,405.0,611.0,59.380782918149464,-199.0,28.851540616246496,146.0,390.0,536.0,40.96402877697842,-244.0,20.13793103448276,-446.0,73.0,519.0,-95.0,71.0,7.704987326864476,-0.7577554595606202,-45.0,-75.0,-18.416754141171047,-8.713609581763734,0.4732758620689655,0.8256227758007118,0.5363321799307958,0.8316546762589928,concordant,concordant,0.0630563178618303,0.006031900458281,6,200,359,225,391,1122,869,431,155,1991,559,36.06228026117529,-159,17.825311942959,616,44.1863385233551,-166,0.4757446808510638,276,188,446,153,379,7775,973,7110,248,8748,634,9.584819387288523,-258,2.418006430868167,532,6.628600823045267,-226,0.5437392795883362,6862
E02000058,Barnet,9,9,10.616926650978474,10.384583465079514,879.0,846.0,0.8942014242115972,0.8606307222787386,-0.0335707019328586,-0.2323431858989604,77.0,631.0,948,966,1914,708.0,25.385057471264368,-554.0,8.122362869198312,75.0,515.0,854.0,830.0,1684.0,590.0,22.93646080760095,-440.0,8.782201405152225,98.0,605.0,703.0,30.97701149425287,-507.0,10.144927536231885,88.0,494.0,582.0,25.81472684085511,-406.0,10.602409638554215,-520.0,119.0,639.0,114.0,-118.0,-2.448596663663416,0.659838535953913,101.0,-121.0,-5.162284653397762,0.4574821023223308,0.5017717930545712,0.7371995820271683,0.5034129692832765,0.6959619952494062,concordant,concordant,0.0016411762287052,-0.0412375867777621,8,72,1023,89,1294,1471,1208,523,242,2679,1095,27.49384098544233,-951,4.894629503738953,1383,42.98842851810377,-1205,0.44188861985472155,281,75,969,84,9876,10029,1132,9175,302,11161,1044,6.511513305259386,-894,0.7478312892611426,9960,74.3288235821163,-9792,0.09487459105779716,8873
E02000059,Barnet,5,5,24.46313097810498,22.050963226259434,476.0,456.0,0.4842319430315361,0.4638860630722278,-0.0203458799593082,-2.412167751845548,635.0,215.0,1011,1015,2026,850.0,67.38647581441263,420.0,62.809099901088025,525.0,244.0,941.0,1084.0,2025.0,769.0,63.25925925925926,281.0,55.79171094580234,681.0,280.0,961.0,94.11648568608096,401.0,67.09359605911331,714.0,262.0,976.0,92.37925925925926,452.0,65.86715867158671,218.0,519.0,301.0,-139.0,-81.0,-4.127216555153375,-7.017388955285682,51.0,15.0,-1.7372264268217066,-1.2264373875266017,0.4693539480949751,0.8938795656465943,0.4406876790830945,0.8617283950617284,concordant,concordant,-0.0286662690118806,-0.0321511705848659,4,950,265,832,312,1402,1281,391,266,2683,1215,93.8315318673127,685,67.76034236804564,1144,96.75139768915393,520,0.5150487494701145,125,10868,312,1147,343,11354,1598,10413,514,12952,11180,261.798641136504,10556,95.7195701955258,1490,30.375308832612724,804,0.8823993685872139,9899
E02000060,Barnet,9,8,12.564203890109892,15.245502361673417,819.0,694.0,0.8331637843336724,0.7060020345879959,-0.1271617497456765,2.6812984715635224,43.0,700.0,963,996,1959,743.0,15.364982133741703,-657.0,4.46521287642783,19.0,584.0,670.0,868.0,1538.0,603.0,7.214564369310793,-565.0,2.8358208955223883,36.0,700.0,736.0,12.863705972434916,-664.0,3.614457831325301,32.0,481.0,513.0,10.007802340702211,-449.0,3.686635944700461,-293.0,135.0,428.0,92.0,-140.0,-8.15041776443091,-1.6293919809054418,215.0,-223.0,-2.855903631732705,0.07217811337516,0.5023664638269101,0.7549770290964778,0.5403225806451613,0.7256176853055917,concordant,concordant,0.0379561168182511,-0.0293593437908861,7,218,853,236,1231,1518,1176,555,180,2694,1071,69.02524127691166,-635,14.361001317523057,1467,107.83815887156645,-995,0.4219858156028369,375,155,838,230,10887,11084,1148,10414,280,12232,993,10.618868541530412,-683,1.398412125586431,11117,204.7097776324395,-10657,0.08199834847233692,10134
E02000061,Barnet,9,8,11.801582147011109,13.939017152255635,841.0,733.0,0.8555442522889115,0.745676500508647,-0.1098677517802645,2.1374350052445283,49.0,675.0,1017,966,1983,724.0,16.67927382753404,-626.0,4.818092428711897,58.0,667.0,913.0,946.0,1859.0,725.0,20.810112963959117,-609.0,6.352683461117197,48.0,721.0,769.0,17.45234493192133,-673.0,4.968944099378882,77.0,673.0,750.0,27.875739644970412,-596.0,8.13953488372093,-306.0,221.0,527.0,17.0,1.0,4.130839136425077,1.5345910324052996,77.0,-19.0,10.42339471304908,3.170590784342049,0.4849296718017414,0.7528996469994957,0.4915254237288136,0.7934373318988703,concordant,concordant,0.0065957519270721,0.0405376848993745,8,43,1055,45,1446,1607,1197,590,231,2804,1098,16.17867332382311,-1012,2.675793403858121,1491,23.206134094151214,-1401,0.4241019698725377,359,56,1118,66,7949,8090,1302,7177,356,9392,1174,6.666098807495741,-1062,0.69221260815822,8015,55.85966780238501,-7883,0.12776145391228644,6821
E02000062,Barnet,4,2,29.38983416403785,32.412267776777675,378.0,138.0,0.3845371312309257,0.1403865717192268,-0.2441505595116989,3.0224336127398246,474.0,130.0,722,573,1295,604.0,47.58301158301158,344.0,65.65096952908587,273.0,139.0,534.0,701.0,1235.0,412.0,30.726315789473684,134.0,51.12359550561798,377.0,147.0,524.0,42.79459459459459,230.0,65.79406631762653,449.0,184.0,633.0,66.89554655870445,265.0,64.05135520684736,344.0,401.0,57.0,-210.0,-192.0,-16.8566957935379,-14.527374023467893,35.0,109.0,24.10095196410986,-1.7427111107791688,0.5354609929078015,0.871042471042471,0.3942583732057416,0.8461538461538461,concordant,concordant,-0.1412026197020598,-0.0248886248886248,3,747,129,530,147,1006,754,284,181,1760,876,54.751704545454544,618,74.2544731610338,677,44.26704545454545,383,0.5640695428203477,103,6596,137,607,183,6874,907,6340,206,7781,6733,116.13571520370132,6459,95.95577538551062,790,14.275928543888961,424,0.8949887013159644,6134
E02000063,Barnet,7,5,20.54068284177306,22.01048084934821,599.0,458.0,0.6093591047812817,0.4659206510681587,-0.143438453713123,1.4697980075751502,202.0,430.0,682,712,1394,632.0,62.30989956958393,-228.0,29.61876832844575,161.0,384.0,505.0,701.0,1206.0,545.0,51.2636815920398,-223.0,31.88118811881188,226.0,411.0,637.0,66.63271162123385,-185.0,31.741573033707866,197.0,312.0,509.0,50.96517412935324,-115.0,28.10271041369472,-16.0,227.0,243.0,5.0,-87.0,-11.046217977544131,2.262419790366131,70.0,-128.0,-15.667537491880616,-3.638862620013146,0.4980299448384555,0.9103299856527975,0.5170777988614801,0.8739635157545605,concordant,concordant,0.0190478540230246,-0.0363664698982371,5,545,382,400,376,1015,880,333,168,1895,927,109.86279683377309,163,53.69458128078818,776,79.36675461741424,24,0.5443335290663535,165,7095,355,455,311,7430,924,6925,223,8354,7450,301.4992817811827,6740,95.49125168236877,766,16.938592291118027,144,0.9067672833495618,6702
E02000064,Barnet,6,5,23.26157348431498,22.209279016841148,525.0,448.0,0.5340793489318413,0.4557477110885046,-0.0783316378433366,-1.052294467473832,390.0,277.0,730,669,1399,667.0,77.21944245889921,113.0,53.42465753424658,266.0,298.0,627.0,670.0,1297.0,564.0,61.11642251349267,-32.0,42.42424242424242,332.0,286.0,618.0,67.87133666904933,46.0,49.62630792227205,299.0,309.0,608.0,71.23438704703162,-10.0,44.62686567164179,88.0,320.0,232.0,-145.0,-103.0,-16.103019945406537,-11.000415110004155,-56.0,-10.0,3.3630503779822902,-4.99944225063026,0.5190661478599222,0.9185132237312366,0.4812286689419795,0.9036237471087124,concordant,concordant,-0.0378374789179427,-0.0148894766225241,4,851,239,485,260,1170,801,440,132,1971,1090,103.19076610857432,612,72.73504273504273,745,63.97767630644343,225,0.5940054495912807,308,6155,263,578,286,6502,923,5875,253,7425,6418,218.0154882154882,5892,94.66318055982774,864,22.263703703703705,292,0.8813512771216698,5622
E02000065,Bexley,6,6,23.40327591964519,20.69324370335821,518.0,508.0,0.5269582909460834,0.5167853509664293,-0.010172939979654,-2.710032216286979,82.0,477.0,670,626,1296,559.0,30.180555555555557,-395.0,12.238805970149254,70.0,333.0,437.0,439.0,876.0,403.0,26.60958904109589,-263.0,16.018306636155607,103.0,570.0,673.0,45.30092592592592,-467.0,16.45367412140575,76.0,352.0,428.0,30.538812785388128,-276.0,17.312072892938495,-261.0,64.0,325.0,132.0,-156.0,-3.5709665144596663,3.779500666006353,191.0,-245.0,-14.762113140537789,0.8583987715327446,0.4537337662337662,0.9506172839506172,0.4849578820697954,0.9486301369863014,concordant,concordant,0.0312241158360292,-0.0019871469643159,4,323,473,328,554,911,848,241,222,1759,796,86.85559977259807,-150,35.455543358946215,882,103.30415008527572,-226,0.47437425506555425,19,7564,323,414,339,7931,773,7494,334,8704,7887,280.6953125,7241,95.37258857647207,753,16.124310661764707,75,0.9128472222222223,7160
E02000066,Bexley,4,3,32.245535241157555,28.275488745351343,306.0,254.0,0.311291963377416,0.2583926754832146,-0.0528992878942014,-3.970046495806212,280.0,252.0,697,775,1472,532.0,47.93478260869565,28.0,40.17216642754663,195.0,178.0,417.0,485.0,902.0,373.0,38.48115299334812,17.0,46.76258992805755,400.0,295.0,695.0,80.16304347826087,105.0,51.61290322580645,232.0,160.0,392.0,41.1529933481153,72.0,47.83505154639175,139.0,250.0,111.0,-11.0,-159.0,-9.45362961534753,6.590423500510923,-33.0,-303.0,-39.01005013014557,-3.7778516794146952,0.4335778321108394,0.8335597826086957,0.4875816993464052,0.8481152993348116,concordant,concordant,0.0540038672355657,0.0145555167261158,3,473,252,587,295,928,1019,231,244,1947,725,61.220338983050844,221,50.9698275862069,882,88.93939393939394,292,0.4511512134411948,-13,9027,178,483,160,9267,774,8850,289,10041,9205,160.02449955183747,8849,97.41016510197474,643,7.696444577233343,323,0.9347075548334687,8561
E02000067,Bexley,5,4,27.938461446857143,25.826375825292025,412.0,337.0,0.4191251271617497,0.3428280773143438,-0.0762970498474059,-2.112085621565118,274.0,245.0,737,589,1326,519.0,50.625942684766216,29.0,37.177747625508815,294.0,260.0,684.0,560.0,1244.0,554.0,61.446945337620576,34.0,42.98245614035088,330.0,443.0,773.0,110.24886877828054,-113.0,56.02716468590832,282.0,361.0,643.0,81.83440514469453,-79.0,50.357142857142854,173.0,363.0,190.0,5.0,35.0,10.82100265285436,5.804708514842062,34.0,-130.0,-28.41446363358601,-5.670021828765464,0.4017027863777089,0.9743589743589745,0.4628237259816207,0.9622186495176848,divergent,divergent,0.0611209396039117,-0.0121403248412894,3,482,159,563,241,935,812,198,223,1747,641,43.868345735546654,323,51.55080213903743,804,77.66628506010304,322,0.44359861591695504,-25,9644,152,708,210,10019,973,9335,413,10992,9796,133.35953420669577,9492,96.25711148817247,918,13.526200873362445,498,0.9143177151390703,8922
E02000068,Bexley,4,3,29.685682636708176,28.265863918833222,368.0,256.0,0.3743641912512716,0.2604272634791454,-0.1139369277721261,-1.4198187178749535,255.0,123.0,532,484,1016,378.0,30.871062992125985,132.0,47.93233082706767,227.0,151.0,497.0,518.0,1015.0,378.0,33.77044334975369,76.0,45.67404426559356,276.0,164.0,440.0,44.55118110236221,112.0,57.02479338842975,296.0,186.0,482.0,54.24236453201971,110.0,57.14285714285714,172.0,294.0,122.0,-56.0,0.0,2.899380357627706,-2.258286561474115,-2.0,42.0,9.6911834296575,0.1180637544273892,0.4621026894865526,0.8051181102362205,0.4395348837209302,0.8472906403940886,concordant,concordant,-0.0225678057656223,0.0421725301578681,3,442,123,442,164,756,710,224,226,1466,565,37.084583901773534,319,58.46560846560847,606,49.44611186903138,278,0.4824935952177626,-2,7662,151,615,186,7969,878,7472,360,8847,7813,130.774499830451,7511,96.14757184088343,801,12.929806714140387,429,0.9070118411887624,7112
E02000069,Bexley,7,6,20.390815711979336,19.411223468910705,604.0,561.0,0.6144455747711088,0.5707019328585962,-0.0437436419125126,-0.9795922430686304,133.0,189.0,392,313,705,322.0,35.65531914893617,-56.0,33.92857142857143,121.0,251.0,523.0,381.0,904.0,372.0,33.5962389380531,-130.0,23.135755258126196,122.0,254.0,376.0,43.95460992907802,-132.0,38.977635782747605,122.0,392.0,514.0,52.90265486725664,-270.0,32.020997375328086,-99.0,131.0,230.0,-74.0,50.0,-2.0590802108830744,-10.792816170445237,-138.0,138.0,8.948044938178626,-6.956638407419518,0.4613180515759312,0.9900709219858156,0.4198645598194131,0.9800884955752212,concordant,concordant,-0.0414534917565181,-0.0099824264105943,5,267,187,281,254,526,472,134,159,998,454,50.02905811623246,80,50.760456273764255,535,71.51703406813627,27,0.4590495449949444,-25,6686,247,367,392,7088,626,6565,245,7714,6933,214.08374384236453,6439,94.32844243792326,759,18.6497277676951,-25,0.9013260530421217,6320
E02000070,Bexley,8,8,13.747562507174605,13.549518928436676,783.0,746.0,0.7965412004069176,0.7589013224821973,-0.0376398779247202,-0.1980435787379271,77.0,202.0,441,342,783,279.0,19.86462324393359,-125.0,17.46031746031746,105.0,148.0,410.0,282.0,692.0,253.0,22.45664739884393,-43.0,25.609756097560975,112.0,317.0,429.0,45.34355044699872,-205.0,32.748538011695906,93.0,264.0,357.0,35.47976878612717,-171.0,32.97872340425532,-93.0,87.0,180.0,82.0,-26.0,2.592024154910341,8.149438637243517,34.0,-72.0,-9.863781660871553,0.230185392559413,0.3940677966101695,0.9042145593869731,0.4147540983606557,0.8815028901734104,concordant,concordant,0.0206863017504862,-0.0227116692135627,7,55,409,77,490,579,524,138,182,1103,464,20.394378966455122,-354,9.499136442141623,567,34.20670897552131,-413,0.45004849660523766,-44,83,499,72,7875,7988,598,7578,316,8586,582,4.8237829023992544,-416,1.0390585878818228,7947,66.0377358490566,-7803,0.06823777699613084,7262
E02000071,Bexley,8,7,17.34101227287671,17.870554619636746,693.0,600.0,0.7049847405900305,0.6103763987792472,-0.0946083418107832,0.5295423467600351,91.0,213.0,405,364,769,304.0,25.20546163849155,-122.0,22.469135802469136,86.0,208.0,369.0,316.0,685.0,294.0,26.113868613138685,-122.0,23.306233062330623,105.0,255.0,360.0,34.81794538361508,-150.0,28.846153846153843,82.0,230.0,312.0,27.532846715328468,-148.0,25.949367088607595,-77.0,121.0,198.0,0.0,-10.0,0.9084069746471356,0.837097259861487,2.0,-48.0,-7.285098668286615,-2.8967867575462485,0.4578313253012048,0.8634590377113134,0.4851485148514851,0.8846715328467153,concordant,concordant,0.0273171895502803,0.0212124951354019,6,128,213,132,255,518,562,113,198,1080,341,25.244444444444444,-85,24.71042471042471,387,31.166666666666668,-123,0.4684065934065934,-85,114,208,102,230,7538,633,7169,317,8171,322,2.9019703830620487,-94,1.5123374900504112,332,2.871129604699547,-128,0.4923547400611621,6852
E02000072,Bexley,3,2,34.20228492756093,31.57721736516661,255.0,161.0,0.25940996948118,0.1637843336724313,-0.0956256358087487,-2.625067562394321,559.0,29.0,706,644,1350,588.0,12.008148148148148,530.0,79.17847025495752,540.0,48.0,759.0,505.0,1264.0,588.0,20.50632911392405,492.0,71.14624505928853,598.0,85.0,683.0,37.65185185185185,513.0,92.85714285714286,436.0,126.0,562.0,43.462025316455694,310.0,86.33663366336634,604.0,629.0,25.0,-38.0,0.0,8.498180965775902,-8.032225195668985,-203.0,-121.0,5.810173464603842,-6.520509193776519,0.4626278520849725,0.9414814814814816,0.5113043478260869,0.9098101265822784,concordant,concordant,0.0486764957411144,-0.031671354899203,2,804,17,910,45,951,955,245,311,1906,821,7.171038824763904,787,84.54258675078864,955,21.484784889821615,865,0.4622747747747748,-66,12408,30,925,72,12627,992,11868,487,13619,12438,27.33240326015126,12378,98.2656212877168,997,4.890226888905206,853,0.9257908448083364,11381
E02000073,Bexley,10,10,8.940693490675121,8.703328624806343,920.0,907.0,0.9359104781281792,0.9226856561546288,-0.0132248219735503,-0.2373648658687788,0.0,259.0,430,345,775,259.0,0.0,-259.0,0.0,0.0,264.0,406.0,340.0,746.0,264.0,0.0,-264.0,0.0,0.0,375.0,375.0,0.0,-375.0,0.0,0.0,347.0,347.0,0.0,-347.0,0.0,-264.0,0.0,264.0,-5.0,5.0,0.0,0.0,28.0,-28.0,0.0,0.0,0.4085173501577287,0.8180645161290323,0.4320785597381342,0.8190348525469169,concordant,concordant,0.0235612095804054,0.0009703364178845,9,8,468,32,530,584,553,154,208,1137,476,3.29287598944591,-460,1.36986301369863,562,14.916446789797714,-498,0.45857418111753373,-54,14,636,27,10520,10579,712,10173,372,11291,650,0.7885926844389337,-622,0.13233765006144246,10547,25.156319192277035,-10493,0.05805126373135661,9801
E02000074,Bexley,4,3,30.99578502155454,29.74117918004446,337.0,209.0,0.3428280773143438,0.2126144455747711,-0.1302136317395727,-1.254605841510081,254.0,96.0,443,383,826,350.0,29.520581113801452,158.0,57.33634311512416,188.0,75.0,356.0,296.0,652.0,263.0,21.625766871165645,113.0,52.80898876404494,236.0,132.0,368.0,37.714285714285715,104.0,61.61879895561357,182.0,122.0,304.0,34.05521472392638,60.0,61.48648648648649,153.0,226.0,73.0,-45.0,-87.0,-7.894814242635807,-4.527354351079218,-44.0,-64.0,-3.659070990359332,-0.1323124691270791,0.4874651810584958,0.8692493946731235,0.4638447971781305,0.8696319018404908,concordant,concordant,-0.0236203838803653,0.0003825071673673,3,381,96,412,132,584,597,141,214,1181,477,30.970364098221847,285,65.23972602739725,544,46.04911092294665,280,0.4671890303623898,-73,8545,75,476,122,8719,607,8363,311,9326,8620,68.71917220673386,8470,98.00435829796996,598,6.226892558438774,354,0.9351269255803862,8052
E02000075,Bexley,10,10,9.2466418594615,8.89717351764278,911.0,900.0,0.9267548321464903,0.9155645981688708,-0.0111902339776195,-0.349468341818719,0.0,171.0,273,228,501,171.0,0.0,-171.0,0.0,0.0,236.0,346.0,284.0,630.0,236.0,0.0,-236.0,0.0,0.0,216.0,216.0,0.0,-216.0,0.0,0.0,269.0,269.0,0.0,-269.0,0.0,-234.0,0.0,234.0,-65.0,65.0,0.0,0.0,-53.0,53.0,0.0,0.0,0.4418604651162791,0.7724550898203593,0.4673267326732673,0.8015873015873016,concordant,concordant,0.0254662675569882,0.0291322117669423,9,10,346,11,302,358,403,85,175,761,356,4.54664914586071,-336,2.793296089385475,313,4.365308804204993,-291,0.5321375186846039,-90,13,520,14,7820,7897,568,7551,284,8465,533,0.7985823981098642,-507,0.16461947575028493,7834,12.93325457767277,-7806,0.06370264132903071,7267
E02000077,Bexley,8,8,14.59129154505944,12.745681586608445,763.0,769.0,0.7761953204476093,0.7822990844354019,0.0061037639877925,-1.8456099584509964,136.0,129.0,387,323,710,265.0,24.70985915492958,7.0,35.14211886304909,110.0,131.0,439.0,361.0,800.0,241.0,18.0125,-21.0,25.05694760820046,140.0,186.0,326.0,36.67605633802817,-46.0,43.343653250774,172.0,292.0,464.0,62.78,-120.0,47.64542936288089,-57.0,101.0,158.0,-28.0,-24.0,-6.697359154929579,-10.085171254848632,-74.0,138.0,26.103943661971833,4.301776112106893,0.4483925549915397,0.8323943661971831,0.3418439716312056,0.88125,divergent,concordant,-0.106548583360334,0.0488556338028168,7,100,295,100,366,513,445,126,122,958,395,30.793319415448853,-195,19.49317738791423,466,38.20459290187891,-266,0.45876887340301975,4,68,457,136,7899,8015,638,7576,277,8653,525,3.5913555992141455,-389,0.8484092326887087,8035,124.14931237721022,-7763,0.06133177570093458,7299
E02000078,Bexley,9,9,11.01519091454664,10.34814640356461,865.0,847.0,0.8799593082400814,0.861648016276704,-0.0183112919633774,-0.6670445109820307,24.0,164.0,282,228,510,188.0,7.7176470588235295,-140.0,8.51063829787234,49.0,182.0,377.0,243.0,620.0,231.0,14.383870967741936,-133.0,12.9973474801061,39.0,218.0,257.0,16.67058823529412,-179.0,17.105263157894736,20.0,279.0,299.0,9.0,-259.0,8.23045267489712,-150.0,48.0,198.0,7.0,43.0,6.666223908918407,4.48670918223376,-80.0,42.0,-7.670588235294119,-8.874810482997617,0.4224719101123595,0.8725490196078431,0.4358490566037736,0.8548387096774194,concordant,concordant,0.013377146491414,-0.0177103099304237,8,24,381,39,347,379,423,97,195,802,405,11.401496259351621,-357,6.33245382585752,386,16.874064837905237,-308,0.5120101137800253,-98,47,525,20,7764,7827,556,7450,313,8383,572,2.94345699630204,-478,0.6004854989140156,7784,18.523201717762138,-7744,0.06845380564863571,7137
E02000079,Bexley,9,8,13.0314485380801,13.067737594617324,798.0,756.0,0.8118006103763988,0.7690742624618515,-0.0427263479145473,0.0362890565372246,135.0,226.0,544,461,1005,361.0,30.35820895522388,-91.0,24.816176470588236,129.0,265.0,701.0,461.0,1162.0,394.0,29.419104991394143,-136.0,18.40228245363766,146.0,359.0,505.0,52.15323383084577,-213.0,31.670281995661604,104.0,507.0,611.0,45.37693631669535,-403.0,22.559652928416483,-44.0,182.0,226.0,-45.0,33.0,-0.9391039638297372,-6.413894016950575,-190.0,106.0,-6.776297514150421,-9.11062906724512,0.4168591224018476,0.8616915422885573,0.3920398009950249,0.8648881239242685,concordant,concordant,-0.0248193214068226,0.0031965816357112,7,174,470,203,512,740,718,196,257,1458,644,56.09053497942387,-296,23.513513513513516,715,71.28669410150891,-309,0.47387785136129507,-61,159,575,164,8383,8608,799,7907,338,9407,734,9.71882640586797,-416,1.8471189591078068,8547,146.14776230466674,-8219,0.07908630535502639,7569
E02000080,Bexley,9,9,12.415966450159068,11.92746678872953,826.0,792.0,0.8402848423194303,0.8056968463886063,-0.034587995930824,-0.488499661429536,135.0,245.0,579,369,948,380.0,34.889240506329116,-110.0,23.316062176165804,83.0,268.0,447.0,433.0,880.0,351.0,25.277272727272727,-185.0,18.568232662192393,61.0,400.0,461.0,25.738396624472575,-339.0,16.53116531165312,104.0,306.0,410.0,36.16363636363637,-202.0,24.01847575057737,-193.0,88.0,281.0,-75.0,-29.0,-9.611967779056387,-4.747829513973411,137.0,-51.0,10.425239739163796,7.487310438924251,0.4518430439952438,0.8871308016877637,0.4612352168199737,0.8647727272727272,concordant,concordant,0.0093921728247299,-0.0223580744150364,7,159,456,107,509,717,616,138,247,1333,615,54.39159789947487,-297,22.17573221757322,616,40.85746436609152,-402,0.49959382615759546,-109,126,529,142,9743,9908,736,9461,303,10644,655,6.262119503945885,-403,1.2716996366572466,9885,129.97989477639985,-9601,0.06214421252371916,9158
E02000081,Bexley,8,7,14.80849674763743,16.31653587903639,756.0,649.0,0.7690742624618515,0.6602238046795524,-0.108850457782299,1.5080391313989612,135.0,108.0,391,291,682,243.0,21.378299120234605,27.0,34.52685421994885,155.0,141.0,448.0,327.0,775.0,296.0,28.2,14.0,34.598214285714285,134.0,215.0,349.0,42.24340175953079,-81.0,46.04810996563574,162.0,241.0,403.0,50.376774193548385,-79.0,49.54128440366973,64.0,198.0,134.0,-13.0,53.0,6.821700879765395,0.0713600657654325,2.0,54.0,8.133372434017595,3.4931744380339893,0.4104729729729729,0.8680351906158358,0.4234620886981402,0.9019354838709678,divergent,divergent,0.0129891157251672,0.033900293255132,6,147,108,155,215,508,475,117,184,983,255,16.15055951169888,39,28.937007874015748,370,33.90132248219736,-60,0.408,-67,186,141,169,241,8164,673,7716,346,8837,327,2.9677492361661195,45,2.278294953454189,410,4.60891705329863,-72,0.44369063772048845,7370
E02000082,Bexley,10,10,9.348468976678683,8.814773633998266,908.0,904.0,0.923702950152594,0.9196337741607324,-0.0040691759918616,-0.5336953426804172,0.0,287.0,374,374,748,287.0,0.0,-287.0,0.0,0.0,300.0,515.0,366.0,881.0,300.0,0.0,-300.0,0.0,0.0,316.0,316.0,0.0,-316.0,0.0,0.0,455.0,455.0,0.0,-455.0,0.0,-300.0,0.0,300.0,-13.0,13.0,0.0,0.0,-139.0,139.0,0.0,0.0,0.4759535655058043,0.8061497326203209,0.3973509933774834,0.8569807037457434,concordant,concordant,-0.0786025721283208,0.0508309711254225,9,37,510,41,444,502,597,128,223,1099,547,17.170154686078252,-473,7.370517928286853,485,16.564149226569608,-403,0.5300387596899225,-95,30,610,39,9119,9179,676,8664,310,9855,640,1.856925418569254,-580,0.3268329883429567,9158,36.08736681887367,-9080,0.06531945294958155,8354
E02000083,Bexley,6,5,21.85970514891004,21.449695225225224,570.0,478.0,0.5798575788402849,0.4862665310274669,-0.0935910478128179,-0.4100099236848145,247.0,121.0,462,311,773,368.0,38.66364812419146,126.0,53.46320346320347,239.0,134.0,505.0,356.0,861.0,373.0,37.196283391405345,105.0,47.32673267326732,180.0,181.0,361.0,42.14747736093143,-1.0,57.87781350482315,206.0,230.0,436.0,55.02903600464576,-24.0,57.86516853932584,179.0,291.0,112.0,-21.0,5.0,-1.467364732786116,-6.136470789936148,-23.0,75.0,12.881558643714328,-0.0126449654973086,0.50480109739369,0.943078913324709,0.4610630407911001,0.9396051103368176,divergent,divergent,-0.0437380566025898,-0.0034738029878912,4,504,114,544,170,719,675,257,364,1394,618,41.21664275466284,390,70.09735744089014,714,66.34146341463415,374,0.46396396396396394,-107,10800,128,754,217,11065,904,10560,548,11969,10928,115.49837079121063,10672,97.60506100316313,971,13.670147882028575,537,0.9183965039078914,10012
E02000084,Bexley,10,10,8.733224478056574,9.105052779796512,925.0,892.0,0.940996948118006,0.9074262461851476,-0.0335707019328584,0.3718283017399386,0.0,317.0,490,418,908,317.0,0.0,-317.0,0.0,0.0,295.0,531.0,425.0,956.0,295.0,0.0,-295.0,0.0,0.0,364.0,364.0,0.0,-364.0,0.0,0.0,447.0,447.0,0.0,-447.0,0.0,-295.0,0.0,295.0,22.0,-22.0,0.0,0.0,-83.0,83.0,0.0,0.0,0.4654919236417034,0.75,0.3975741239892183,0.7761506276150628,concordant,concordant,-0.067917799652485,0.0261506276150628,9,33,618,68,525,651,717,161,299,1368,651,14.907894736842104,-585,5.0691244239631335,593,26.096491228070175,-457,0.5233118971061094,-138,38,667,60,10857,10941,797,10410,372,11738,705,2.1593116374169363,-629,0.3473174298510191,10917,55.49667745782927,-10797,0.06066081569437274,10038
E02000085,Bexley,9,9,11.640789962498417,11.577483086419754,845.0,804.0,0.8596134282807731,0.8179043743641913,-0.0417090539165818,-0.063306876078661,99.0,198.0,424,392,816,297.0,24.022058823529413,-99.0,23.349056603773587,118.0,187.0,481.0,349.0,830.0,305.0,26.5855421686747,-69.0,24.532224532224532,107.0,258.0,365.0,33.830882352941174,-151.0,27.29591836734694,98.0,257.0,355.0,30.344578313253013,-159.0,28.08022922636103,-79.0,121.0,200.0,30.0,8.0,2.5634833451452863,1.1831679284509455,-8.0,-10.0,-3.486304039688161,0.7843108590140915,0.4486404833836858,0.8112745098039216,0.4621212121212121,0.7951807228915663,concordant,concordant,0.0134807287375263,-0.0160937869123553,8,97,439,107,402,526,579,102,187,1105,536,38.53665158371041,-342,18.44106463878327,509,38.92669683257918,-295,0.5129186602870813,-85,118,484,97,7642,7806,608,7325,259,8414,602,6.787734727834562,-366,1.5116576992057393,7739,88.1000713097219,-7545,0.07217360028773528,7066
E02000086,Bexley,10,10,7.206032785889739,7.6400766428282285,957.0,931.0,0.9735503560528992,0.9471007121057986,-0.0264496439471007,0.4340438569384899,0.0,217.0,364,318,682,217.0,0.0,-217.0,0.0,0.0,263.0,350.0,355.0,705.0,263.0,0.0,-263.0,0.0,0.0,279.0,279.0,0.0,-279.0,0.0,0.0,287.0,287.0,0.0,-287.0,0.0,-263.0,0.0,263.0,-46.0,46.0,0.0,0.0,-8.0,8.0,0.0,0.0,0.4375,0.7272727272727273,0.4781818181818182,0.7801418439716312,concordant,concordant,0.0406818181818182,0.0528691166989039,10,0,440,0,452,487,483,123,165,970,440,0.0,-440,0.0,452,0.0,-452,0.49327354260089684,-42,0,547,0,7023,7051,584,6701,229,7635,547,0.0,-547,0.0,7023,0.0,-7023,0.07225891677675034,6472
E02000087,Bexley,10,10,7.051178587808419,7.91500439753738,962.0,927.0,0.9786368260427264,0.943031536113937,-0.0356052899287894,0.8638258097289606,0.0,212.0,377,280,657,212.0,0.0,-212.0,0.0,0.0,191.0,425.0,250.0,675.0,191.0,0.0,-191.0,0.0,0.0,269.0,269.0,0.0,-269.0,0.0,0.0,290.0,290.0,0.0,-290.0,0.0,-192.0,0.0,192.0,21.0,-21.0,0.0,0.0,-21.0,21.0,0.0,0.0,0.4407484407484408,0.7321156773211568,0.3970893970893971,0.7125925925925926,concordant,concordant,-0.0436590436590436,-0.0195230847285642,10,0,551,0,547,564,560,187,280,1124,551,0.0,-551,0.0,547,0.0,-547,0.5018214936247724,-93,0,596,0,8035,8062,602,7637,352,8664,596,0.0,-596,0.0,8035,0.0,-8035,0.06905341211910555,7285
E02000088,Bexley,10,10,9.005323741889622,8.580550497866287,918.0,909.0,0.9338758901322484,0.9247202441505596,-0.0091556459816887,-0.4247732440233349,0.0,279.0,376,346,722,279.0,0.0,-279.0,0.0,0.0,218.0,364.0,329.0,693.0,218.0,0.0,-218.0,0.0,0.0,289.0,289.0,0.0,-289.0,0.0,0.0,285.0,285.0,0.0,-285.0,0.0,-218.0,0.0,218.0,61.0,-61.0,0.0,0.0,4.0,-4.0,0.0,0.0,0.4911971830985915,0.7867036011080333,0.4333996023856858,0.7258297258297258,concordant,concordant,-0.0577975807129056,-0.0608738752783074,9,71,451,26,384,470,518,94,172,988,522,32.409919028340084,-380,15.106382978723405,410,10.105263157894736,-358,0.5600858369098712,-78,39,545,61,7551,7630,656,7266,327,8286,584,2.565170166545981,-506,0.5111402359108781,7612,55.58906589427951,-7490,0.07125427037579307,6939
E02000089,Bexley,10,10,7.351837859437235,7.935679305097643,952.0,926.0,0.9684638860630722,0.9420142421159716,-0.0264496439471007,0.5838414456604077,0.0,256.0,376,356,732,256.0,0.0,-256.0,0.0,0.0,172.0,366.0,252.0,618.0,172.0,0.0,-172.0,0.0,0.0,299.0,299.0,0.0,-299.0,0.0,0.0,307.0,307.0,0.0,-307.0,0.0,-172.0,0.0,172.0,84.0,-84.0,0.0,0.0,-8.0,8.0,0.0,0.0,0.4612612612612612,0.7581967213114754,0.3590814196242171,0.7750809061488673,concordant,concordant,-0.1021798416370441,0.0168841848373918,10,0,476,0,445,483,525,107,169,1008,476,0.0,-476,0.0,445,0.0,-445,0.5168295331161781,-62,0,455,0,7704,7735,495,7369,243,8230,455,0.0,-455,0.0,7704,0.0,-7704,0.05576663806839073,7126
E02000090,Bexley,9,9,11.898237853197342,11.417497471214894,837.0,809.0,0.8514750762970499,0.8229908443540183,-0.0284842319430316,-0.4807403819824483,158.0,266.0,688,533,1221,424.0,34.42096642096642,-108.0,22.96511627906977,148.0,302.0,702.0,662.0,1364.0,450.0,32.7683284457478,-154.0,21.082621082621085,131.0,406.0,537.0,43.55937755937756,-275.0,24.577861163227016,195.0,403.0,598.0,57.61363636363637,-208.0,29.45619335347432,-243.0,145.0,388.0,-46.0,26.0,-1.6526379752186244,-1.8824951964486836,67.0,61.0,14.054258804258808,4.878332190247303,0.441207075962539,0.7870597870597871,0.4293893129770992,0.7683284457478006,concordant,concordant,-0.0118177629854397,-0.0187313413119865,8,158,606,131,812,1007,765,319,232,1772,764,54.033860045146724,-448,15.690168818272095,943,60.0293453724605,-681,0.44756883421206795,87,147,736,194,9261,9442,990,8740,328,10432,883,10.371165644171779,-589,1.5568735437407328,9455,172.22335122699386,-9067,0.08541303927258657,8412
E02000091,Bexley,9,8,12.663692027267093,12.677847819426002,817.0,771.0,0.8311291963377416,0.7843336724313327,-0.0467955239064089,0.0141557921589097,154.0,274.0,684,493,1177,428.0,35.850467289719624,-120.0,22.514619883040936,157.0,252.0,708.0,543.0,1251.0,409.0,31.62589928057554,-95.0,22.175141242937855,137.0,356.0,493.0,41.437553101104506,-219.0,27.789046653144016,156.0,405.0,561.0,50.50359712230216,-249.0,28.7292817679558,87.0,306.0,219.0,25.0,-19.0,-4.224568009144086,-0.3394786401030814,-30.0,68.0,9.066044021197657,0.9402351148117843,0.4647122692725298,0.7824978759558199,0.4216494845360825,0.7753796962430056,concordant,concordant,-0.0430627847364473,-0.0071181797128142,7,293,569,205,701,1041,808,357,315,1849,862,90.16603569497025,-276,28.14601344860711,906,77.7203893996755,-496,0.48755656108597284,42,275,651,273,9657,9995,960,9287,417,10955,926,16.34185303514377,-376,2.751375687843922,9930,240.65367412140574,-9384,0.08529845246868091,8870
E02000092,Bexley,4,2,31.1720372237784,30.79426125857441,333.0,182.0,0.3387589013224822,0.1851475076297049,-0.1536113936927772,-0.3777759652039911,241.0,36.0,372,230,602,277.0,14.411960132890366,205.0,64.78494623655914,257.0,28.0,343.0,202.0,545.0,285.0,13.20366972477064,229.0,74.9271137026239,182.0,70.0,252.0,21.162790697674417,112.0,79.13043478260869,162.0,59.0,221.0,17.537614678899082,103.0,80.19801980198021,290.0,297.0,7.0,24.0,8.0,-1.2082904081197263,10.142167466064762,-9.0,-31.0,-3.625176018775335,1.0675850193715206,0.5236294896030246,0.8787375415282392,0.5632411067193676,0.9284403669724772,concordant,concordant,0.0396116171163429,0.0497028254442378,3,331,36,358,70,465,417,93,187,882,367,13.510204081632653,295,71.18279569892472,428,28.41269841269841,288,0.46163522012578617,-94,6576,28,402,59,6667,443,6324,241,7110,6604,25.89704641350211,6548,98.63506824658768,461,3.3358649789029537,343,0.9347487615003539,6083
E02000093,Brent,6,6,21.2258367995957,18.51265270980605,585.0,582.0,0.595116988809766,0.5920651068158698,-0.0030518819938962,-2.7131840897896495,263.0,299.0,719,779,1498,562.0,52.49465954606141,-36.0,36.57858136300417,407.0,293.0,943.0,729.0,1672.0,700.0,71.32236842105263,114.0,43.16012725344645,362.0,341.0,703.0,82.4045393858478,21.0,46.46983311938382,376.0,451.0,827.0,101.42105263157896,-75.0,51.577503429355275,51.0,313.0,262.0,150.0,138.0,18.827708874991217,6.581545890442278,-96.0,124.0,19.01651324573116,5.1076703099714535,0.4442687747035573,0.8444592790387183,0.45841519318926,0.9132775119617224,divergent,divergent,0.0141464184857026,0.0688182329230041,5,468,384,478,432,1001,984,282,205,1985,852,90.53501259445844,84,46.75324675324675,910,104.02821158690176,46,0.48354143019296253,77,10979,340,716,524,11642,1157,10699,428,12799,11319,291.6524728494414,10639,94.30510221611407,1240,29.3135401203219,192,0.9012660243649973,10271
E02000094,Brent,5,6,24.150200038874917,19.701443778110946,484.0,548.0,0.4923702950152594,0.5574771108850458,0.0651068158697864,-4.448756260763972,286.0,124.0,583,644,1227,410.0,28.903015484922577,162.0,49.056603773584904,322.0,135.0,733.0,682.0,1415.0,457.0,30.720848056537104,187.0,43.92905866302865,363.0,164.0,527.0,48.51833740831296,199.0,56.36645962732919,400.0,248.0,648.0,70.10600706713781,152.0,58.65102639296188,-114.0,163.0,277.0,25.0,47.0,1.8178325716145272,-5.127545110556255,-47.0,121.0,21.58766965882485,2.2845667656326896,0.4375667022411953,0.7636511817440913,0.4135746606334841,0.7809187279151943,concordant,concordant,-0.0239920416077111,0.017267546171103,4,510,186,419,201,873,784,290,140,1657,696,57.248038624019316,324,58.4192439862543,620,50.826191913095954,218,0.5288753799392097,150,9775,186,726,308,10274,1081,9541,399,11355,9961,160.11889035667107,9589,95.14307961845435,1034,19.692470277410834,418,0.9059572532969532,9142
E02000095,Brent,5,6,25.4529232454884,18.901116121982717,463.0,575.0,0.4710071210579857,0.5849440488301119,0.1139369277721261,-6.551807123505682,324.0,208.0,594,789,1383,532.0,48.72885032537961,116.0,54.54545454545454,353.0,149.0,623.0,772.0,1395.0,502.0,37.70394265232975,204.0,56.66131621187801,460.0,118.0,578.0,39.248011569052785,342.0,58.30164765525983,498.0,141.0,639.0,50.33548387096774,357.0,64.50777202072538,-47.0,191.0,238.0,88.0,-30.0,-11.02490767304986,2.11586166642347,15.0,61.0,11.087472301914955,6.206124365465556,0.4792792792792792,0.8026030368763557,0.4399649430324276,0.817921146953405,concordant,concordant,-0.0393143362468516,0.0153181100770493,4,550,248,527,148,899,961,305,172,1860,798,73.33333333333333,302,61.179087875417125,675,41.93333333333333,379,0.5417515274949084,133,9934,165,723,185,10291,1064,9668,292,11355,10099,144.35138705416117,9769,96.53094937323876,908,11.779392338177015,538,0.9175070409739257,9376
E02000096,Brent,8,9,14.634358061331929,11.05660951621478,761.0,829.0,0.7741607324516785,0.8433367243133265,0.069175991861648,-3.5777485451171493,79.0,402.0,526,637,1163,481.0,27.306964746345656,-323.0,15.019011406844108,57.0,235.0,408.0,422.0,830.0,292.0,16.13855421686747,-178.0,13.970588235294118,133.0,353.0,486.0,40.368873602751506,-220.0,20.87912087912088,94.0,272.0,366.0,30.804819277108432,-178.0,22.274881516587676,-354.0,10.0,364.0,145.0,-189.0,-11.168410529478187,-1.04842317154999,42.0,-120.0,-9.564054325643074,1.3957606374667968,0.4974146845915201,0.8314703353396389,0.4437689969604863,0.7927710843373494,concordant,concordant,-0.0536456876310338,-0.0386992510022894,7,35,694,87,722,821,859,295,222,1680,729,14.458333333333334,-659,4.263093788063337,809,37.38928571428571,-635,0.4739921976592978,73,28,598,43,7465,7531,709,7123,287,8240,626,2.0320388349514564,-570,0.3717965741601381,7508,38.95570388349515,-7422,0.07696090484386525,6836
E02000097,Brent,6,6,23.222842675820495,19.284324330332336,528.0,565.0,0.5371312309257376,0.5747711088504578,0.0376398779247202,-3.938518345488159,152.0,371.0,505,726,1231,523.0,45.80991064175467,-219.0,30.099009900990097,139.0,297.0,584.0,557.0,1141.0,436.0,36.18141980718668,-158.0,23.8013698630137,230.0,296.0,526.0,55.30463038180341,-66.0,31.68044077134986,214.0,359.0,573.0,67.33216476774759,-145.0,38.42010771992819,-115.0,122.0,237.0,61.0,-87.0,-9.628490834567993,-6.297640037976397,-79.0,47.0,12.027534385944172,6.7396669485783285,0.4985700667302192,0.8521527213647441,0.4321110009910803,0.8843120070113936,concordant,concordant,-0.0664590657391389,0.0321592856466494,4,421,227,468,172,741,899,236,173,1640,648,58.27256097560976,194,56.81511470985156,640,49.082926829268295,296,0.5031055900621118,63,8917,185,547,236,9351,868,8767,311,10219,9102,161.42920050885604,8732,95.35878515666774,783,12.632547215970252,311,0.9207890743550835,8456
E02000098,Brent,5,5,24.057873358509568,21.869006846846847,488.0,460.0,0.496439471007121,0.4679552390640895,-0.0284842319430315,-2.18886651166272,275.0,224.0,581,865,1446,499.0,42.60027662517289,51.0,47.332185886402755,246.0,170.0,505.0,715.0,1220.0,416.0,34.278688524590166,76.0,48.71287128712871,497.0,212.0,709.0,72.865836791148,285.0,57.45664739884393,441.0,149.0,590.0,53.859836065573774,292.0,61.67832167832168,83.0,252.0,169.0,25.0,-83.0,-8.321588100582723,1.3806854007259588,7.0,-119.0,-19.006000725574225,4.221674279477753,0.4130794701986754,0.8354080221300139,0.4135188866799205,0.8245901639344262,concordant,concordant,0.000439416481245,-0.0108178581955876,4,405,277,519,241,844,1050,263,185,1894,682,59.23178458289335,128,47.985781990521325,760,66.03959873284055,278,0.47295423023578365,78,8296,195,513,200,8613,996,8108,281,9609,8491,168.3546674992195,8101,96.31951700917219,713,10.677489853262566,313,0.9225336810082573,7827
E02000099,Brent,6,6,23.503194765131504,18.820169756207168,515.0,576.0,0.5239064089521872,0.5859613428280773,0.0620549338758901,-4.683025008924336,205.0,420.0,766,802,1568,625.0,54.910714285714285,-215.0,26.762402088772845,263.0,274.0,840.0,681.0,1521.0,537.0,47.37804076265615,-11.0,31.30952380952381,279.0,411.0,690.0,73.13073979591837,-132.0,34.78802992518703,293.0,484.0,777.0,93.23602892833662,-191.0,43.02496328928047,-10.0,253.0,263.0,204.0,-88.0,-7.532673523058136,4.547121720750965,-59.0,87.0,20.10528913241825,8.236933364093439,0.4752851711026616,0.8386479591836735,0.408675799086758,0.863905325443787,concordant,concordant,-0.0666093720159036,0.0252573662601134,4,612,286,508,244,1144,1012,378,210,2156,898,81.18367346938776,326,53.4965034965035,752,57.49165120593692,264,0.5442424242424242,168,8741,181,666,240,9307,1027,8467,346,10334,8922,153.09860654151345,8560,93.91855592564737,906,15.46738920069673,426,0.9078144078144078,8121
E02000100,Brent,8,8,16.663743371483072,12.250444992710552,713.0,785.0,0.7253306205493387,0.7985757884028484,0.0732451678535096,-4.41329837877252,73.0,614.0,502,806,1308,687.0,34.26758409785933,-541.0,14.54183266932271,63.0,634.0,489.0,849.0,1338.0,697.0,29.85201793721973,-571.0,12.883435582822086,111.0,360.0,471.0,30.55045871559633,-249.0,13.771712158808931,128.0,347.0,475.0,33.195814648729446,-219.0,15.076560659599528,-576.0,46.0,622.0,-30.0,10.0,-4.415566160639596,-1.6583970865006243,30.0,4.0,2.6453559331331142,1.3048485007905963,0.5932642487046632,0.8853211009174312,0.5947098976109215,0.8759342301943199,concordant,concordant,0.0014456489062583,-0.0093868707231112,6,116,609,142,355,1361,1053,859,247,2414,725,29.264291632145817,-493,8.523144746509919,497,20.88235294117647,-213,0.5932896890343698,612,97,633,170,347,8192,1133,7703,284,9325,730,6.5845576407506705,-536,1.18408203125,517,6.326005361930295,-177,0.5854049719326383,7419
E02000101,Brent,2,3,38.46718823724818,27.68633350676379,158.0,280.0,0.1607324516785351,0.2848423194303153,0.1241098677517802,-10.78085473048439,646.0,62.0,737,779,1516,708.0,26.41952506596306,584.0,87.65264586160109,557.0,50.0,646.0,710.0,1356.0,607.0,20.53834808259587,507.0,86.22291021671826,704.0,69.0,773.0,32.04221635883905,635.0,90.37227214377408,627.0,70.0,697.0,32.36725663716814,557.0,88.30985915492958,338.0,487.0,149.0,-77.0,-101.0,-5.88117698336719,-1.4297356448828251,-78.0,-76.0,0.3250402783290909,-2.0624129888445,0.4780553679945982,0.9769129287598944,0.4654907975460122,0.9616519174041298,concordant,concordant,-0.0125645704485859,-0.0152610113557646,2,925,70,828,77,1082,981,345,202,2063,995,31.38633058652448,855,85.48983364140481,905,30.904507998061074,751,0.5236842105263158,143,9597,53,836,80,9746,1018,9100,308,10764,9650,47.25390189520624,9544,98.47116765852657,916,6.213303604607953,756,0.9133068332386901,8792
E02000102,Brent,3,2,35.50564096537251,33.10145888053041,211.0,121.0,0.2146490335707019,0.1230925737538148,-0.091556459816887,-2.4041820848420983,369.0,143.0,658,696,1354,512.0,38.9711964549483,226.0,56.079027355623104,224.0,127.0,466.0,585.0,1051.0,351.0,27.06755470980019,97.0,48.06866952789699,465.0,173.0,638.0,59.41285081240768,292.0,66.8103448275862,416.0,156.0,572.0,61.74690770694576,260.0,71.11111111111111,155.0,253.0,98.0,-129.0,-161.0,-11.903641745148107,-8.01035782772611,-32.0,-66.0,2.3340568945380795,4.300766283524908,0.4452173913043478,0.8493353028064993,0.380281690140845,0.8782112274024738,concordant,concordant,-0.0649357011635027,0.0288759245959745,2,552,115,583,141,840,808,182,112,1648,667,38.519417475728154,437,65.71428571428571,724,49.880461165048544,442,0.47951114306254494,70,7899,97,643,130,8141,811,7675,226,8952,7996,85.5901474530831,7802,97.02739221225893,773,9.337578194816802,513,0.9118485574181777,7449
E02000103,Brent,4,3,31.041659579273183,28.897435159149705,336.0,234.0,0.3418107833163784,0.2380467955239064,-0.103763987792472,-2.1442244201234786,402.0,252.0,827,725,1552,654.0,65.27319587628865,150.0,48.60943168077388,278.0,284.0,715.0,834.0,1549.0,562.0,50.96965784377017,-6.0,38.88111888111888,391.0,344.0,735.0,86.66494845360825,47.0,53.93103448275862,428.0,318.0,746.0,87.86571981923822,110.0,51.3189448441247,152.0,397.0,245.0,-156.0,-92.0,-14.303538032518482,-9.728312799655,63.0,11.0,1.2007713656299757,-2.6120896386339183,0.4708423326133909,0.8949742268041238,0.4296636085626911,0.8444157520981278,concordant,divergent,-0.0411787240506997,-0.0505584747059959,3,574,245,526,343,1033,889,206,164,1922,819,73.16857440166493,329,55.56631171345595,869,93.86992715920915,183,0.48518957345971564,42,9303,283,680,318,9773,1123,9058,289,10896,9586,241.62527533039648,9020,95.19083188376139,998,19.845814977973568,362,0.9057067271352985,8769
E02000104,Brent,6,5,22.399759736958767,23.181167785234894,550.0,415.0,0.5595116988809766,0.422177009155646,-0.1373346897253306,0.7814080482761305,108.0,367.0,558,659,1217,475.0,32.56861133935908,-259.0,19.35483870967742,99.0,282.0,488.0,581.0,1069.0,381.0,26.11599625818522,-183.0,20.28688524590164,158.0,360.0,518.0,46.73788003286771,-202.0,23.975720789074355,204.0,321.0,525.0,61.257249766136574,-117.0,35.111876075731494,34.0,167.0,133.0,76.0,-94.0,-6.45261508117386,0.9320465362242204,85.0,7.0,14.519369733268867,11.13615528665714,0.4783484390735146,0.8159408381265407,0.4205298013245033,0.8475210477081384,concordant,concordant,-0.0578186377490113,0.0315802095815976,4,387,232,289,204,825,784,267,125,1609,619,55.8011187072716,155,46.909090909090914,493,36.6413921690491,85,0.5566546762589928,142,7060,185,513,228,7431,874,6943,293,8305,7245,157.26670680313063,6875,95.00740142645674,741,14.083564118001204,285,0.9072126220886552,6650
E02000105,Brent,5,5,25.907993962182132,21.4174492812723,451.0,479.0,0.4587995930824008,0.4872838250254323,0.0284842319430315,-4.4905446809098315,353.0,284.0,859,1051,1910,637.0,52.48795811518325,69.0,41.09429569266589,394.0,224.0,738.0,793.0,1531.0,618.0,57.64598301763553,170.0,53.387533875338754,496.0,220.0,716.0,57.13089005235602,276.0,47.19314938154139,385.0,154.0,539.0,38.726322664924886,231.0,48.54981084489281,153.0,385.0,232.0,101.0,-19.0,5.158024902452283,12.293238182672866,-45.0,-177.0,-18.404567387431136,1.356661463351422,0.4708056171470806,0.7083769633507854,0.5341400172860847,0.7557152188112345,concordant,concordant,0.0633344001390041,0.0473382554604491,4,605,445,504,411,1230,1207,371,156,2437,1050,110.47394337299959,160,49.1869918699187,915,84.99958965941731,93,0.5343511450381679,215,9213,328,597,253,9627,1062,8889,269,10689,9541,282.7078304799326,8885,95.69959488937364,850,14.13050799887735,344,0.9181984409585218,8620
E02000106,Brent,3,2,33.170731411373204,33.326787599188044,282.0,114.0,0.2868769074262461,0.1159715157680569,-0.1709053916581892,0.1560561878148405,513.0,291.0,942,1105,2047,804.0,72.92769907181241,222.0,54.45859872611465,447.0,327.0,829.0,1264.0,2093.0,774.0,69.83707596751076,120.0,53.92038600723763,689.0,333.0,1022.0,112.08451392281388,356.0,62.35294117647059,803.0,323.0,1126.0,123.92212135690396,480.0,63.52848101265823,366.0,575.0,209.0,-102.0,-30.0,-3.090623104301656,-0.5382127188770198,124.0,104.0,11.837607434090074,1.175539836187646,0.4403066812705367,0.8920371275036639,0.4073684210526316,0.9077878643096036,concordant,concordant,-0.032938260217905,0.0157507368059395,2,837,255,860,268,1266,1275,324,170,2541,1092,83.99645808736717,582,66.11374407582939,1128,90.70444706808343,592,0.4918918918918919,154,9719,219,1135,221,10101,1593,9272,329,11694,9938,182.01308363263212,9500,96.21819621819621,1356,21.449888831879598,914,0.8799362493359306,8943
E02000107,Brent,4,4,30.966089681069956,25.179422019154728,340.0,353.0,0.34587995930824,0.3591047812817904,0.0132248219735504,-5.786667661915228,641.0,446.0,1329,1395,2724,1087.0,104.95080763582966,195.0,48.23175319789315,525.0,413.0,1115.0,1321.0,2436.0,938.0,89.00862068965517,112.0,47.08520179372198,688.0,405.0,1093.0,102.29074889867842,283.0,49.31899641577061,652.0,381.0,1033.0,101.97536945812809,271.0,49.356548069644205,78.0,546.0,468.0,-83.0,-149.0,-15.942186946174488,-1.14655140417117,-12.0,-60.0,-0.3153794405503305,0.0375516538735922,0.4986238532110091,0.8002936857562408,0.4759005580923389,0.8091133004926109,concordant,concordant,-0.0227232951186702,0.00881961473637,3,1251,444,898,403,1998,1647,669,252,3645,1695,152.38518518518518,807,62.612612612612615,1301,99.28504801097394,495,0.5657543391188251,417,10020,408,1037,381,10637,1742,9522,421,12379,10428,330.24961628564506,9612,94.19949233806526,1418,31.916713789482188,656,0.8802971467161911,9101
E02000108,Brent,5,6,26.73734961269745,20.698059812235012,436.0,507.0,0.4435401831129196,0.5157680569684638,0.0722278738555441,-6.039289800462438,255.0,169.0,573,737,1310,424.0,32.896946564885496,86.0,44.50261780104712,241.0,151.0,486.0,588.0,1074.0,392.0,33.88361266294227,90.0,49.58847736625515,348.0,99.0,447.0,26.299236641221373,249.0,47.218453188602446,281.0,120.0,401.0,31.39664804469274,161.0,47.7891156462585,-218.0,116.0,334.0,4.0,-32.0,0.986666098056773,5.085859565208025,-88.0,-46.0,5.097411403471366,0.5706624576560557,0.4867967853042479,0.6648854961832061,0.4943253467843632,0.7383612662942272,concordant,concordant,0.0075285614801152,0.073475770111021,3,665,112,602,62,829,857,256,120,1686,777,44.17556346381969,553,80.21712907117008,664,22.137603795966786,540,0.5392088827203331,136,6973,104,615,85,7140,840,6654,252,7980,7077,90.87619047619047,6869,97.6610644257703,700,6.5507518796992485,530,0.90999099909991,6402
E02000109,Brent,6,5,22.933359840457552,21.547692966636607,536.0,474.0,0.5452695829094608,0.4821973550356053,-0.0630722278738555,-1.385666873820945,194.0,454.0,1175,723,1898,648.0,46.40463645943098,-260.0,16.51063829787234,0.0,0.0,0.0,0.0,0.0,0.0,0.0,0.0,0.0,174.0,855.0,1029.0,78.38250790305585,-681.0,24.066390041493776,0.0,0.0,0.0,0.0,0.0,0.0,0.0,0.0,0.0,260.0,-648.0,-46.40463645943098,-16.51063829787234,681.0,-1029.0,-78.38250790305585,-24.066390041493776,0.3864042933810375,0.8835616438356164,0.5,0.0,concordant,zero,0.1135957066189624,-0.8835616438356164,4,659,314,338,646,1625,868,450,145,2493,973,83.00280786201364,345,40.55384615384615,984,87.58443642198155,-308,0.4971895758814512,305,0,0,0,0,0,0,0,0,0,0,0.0,0,0.0,0,0.0,0,0.5,0
E02000110,Brent,5,6,26.626919551131444,20.8727315428301,439.0,498.0,0.4465920651068158,0.5066124109867752,0.0600203458799593,-5.754188008301345,236.0,556.0,860,979,1839,792.0,71.35182164219685,-320.0,27.44186046511628,189.0,658.0,785.0,1092.0,1877.0,847.0,66.25572722429409,-469.0,24.076433121019107,332.0,558.0,890.0,100.7373572593801,-226.0,33.912155260469866,336.0,539.0,875.0,96.48588172615877,-203.0,30.76923076923077,-589.0,155.0,744.0,-149.0,55.0,-5.096094417902762,-3.3654273440971743,23.0,-15.0,-4.251475533221338,-3.1429244912390963,0.4708680142687277,0.9146275149537793,0.491869918699187,0.9174214171550348,concordant,concordant,0.0210019044304592,0.0027939022012554,4,685,588,438,570,1360,1158,500,179,2518,1273,159.9602859412232,97,50.36764705882353,1008,99.15011914217634,-132,0.5580885576501534,321,7370,700,573,566,7998,1397,7213,305,9395,8070,549.1218733368813,6670,92.14803700925232,1139,34.520276742948376,7,0.8763166467586058,6908
E02000111,Brent,5,5,27.149569854835413,22.217877004848937,427.0,447.0,0.4343845371312309,0.4547304170905392,0.0203458799593082,-4.931692849986476,267.0,212.0,707,1034,1741,479.0,32.51234922458357,55.0,37.765205091937766,256.0,169.0,735.0,1068.0,1803.0,425.0,23.995562950637822,87.0,34.82993197278911,537.0,194.0,731.0,59.83802412406663,343.0,51.93423597678917,418.0,182.0,600.0,42.19412090959512,236.0,39.13857677902622,-5.0,180.0,185.0,32.0,-54.0,-8.516786273945751,-2.935273119148654,-107.0,-131.0,-17.643903214471507,-12.795659197762951,0.3958677685950413,0.6950028719126938,0.4146341463414634,0.5684969495285636,concordant,concordant,0.018766377746422,-0.1265059223841302,3,761,152,901,151,1061,1221,354,187,2282,913,50.688869412795796,609,71.72478793590952,1052,59.619193689745835,750,0.46463104325699744,167,10588,122,1103,139,10909,1452,10174,384,12361,10710,104.5009303454413,10466,97.05747547896233,1242,12.403284523905834,964,0.8960843373493976,9790
E02000112,Brent,5,5,26.429677364291777,23.599742559523808,442.0,397.0,0.4496439471007121,0.4038657171922685,-0.0457782299084435,-2.8299348047679658,295.0,331.0,789,1096,1885,626.0,51.80106100795756,-36.0,37.38910012674271,358.0,289.0,1236.0,1013.0,2249.0,647.0,46.003557136505115,69.0,28.964401294498384,485.0,257.0,742.0,66.12466843501326,228.0,44.25182481751825,408.0,509.0,917.0,92.33970653623832,-101.0,40.276406712734456,25.0,312.0,287.0,105.0,21.0,-5.797503871452442,-8.424698832244328,-329.0,175.0,26.215038101225066,-3.975418104783792,0.4576023391812865,0.7257294429708223,0.4136828644501278,0.6954201867496665,divergent,divergent,-0.0439194747311587,-0.0303092562211557,4,594,489,393,416,1250,1241,461,145,2491,1083,116.60618225612204,105,47.52,809,65.63147330389401,-23,0.5724101479915433,316,10407,475,686,743,11413,1450,10177,437,12863,10882,384.3057607090103,9932,91.18549023043897,1429,39.625126331337945,-57,0.8839249451709853,9740
E02000113,Brent,1,1,50.072507560849296,45.0679723035117,22.0,5.0,0.022380467955239,0.005086469989827,-0.017293997965412,-5.004535257337594,518.0,0.0,638,678,1316,518.0,0.0,518.0,81.19122257053291,415.0,0.0,510.0,670.0,1180.0,415.0,0.0,415.0,81.37254901960785,490.0,0.0,490.0,0.0,490.0,72.27138643067846,588.0,0.0,588.0,0.0,588.0,87.76119402985074,373.0,373.0,0.0,-103.0,-103.0,0.0,0.1813264490749304,98.0,98.0,0.0,15.48980759917228,0.5138888888888888,0.7659574468085106,0.4137587238285145,0.85,concordant,concordant,-0.1001301650603743,0.0840425531914893,1,637,0,557,0,815,803,177,125,1618,637,0.0,637,78.15950920245399,557,0.0,557,0.533500837520938,52,9363,0,791,0,9499,896,8989,226,10395,9363,0.0,9363,98.56827034424677,791,0.0,791,0.9220996651565886,8763
E02000114,Brent,4,4,32.284846362930075,24.566917720834685,304.0,371.0,0.3092573753814852,0.3774160732451678,0.0681586978636826,-7.717928642095391,550.0,418.0,1134,1211,2345,968.0,98.03837953091684,132.0,48.50088183421517,566.0,474.0,1219.0,1255.0,2474.0,1040.0,108.44139046079223,92.0,46.43150123051682,580.0,345.0,925.0,85.33049040511727,235.0,47.89430222956235,590.0,444.0,1034.0,105.88520614389653,146.0,47.01195219123506,152.0,595.0,443.0,-40.0,72.0,10.403010929875393,-2.069380603698349,-89.0,109.0,20.55471573877925,-0.8823500383272886,0.5113576333861596,0.8072494669509594,0.5014464802314368,0.8383185125303153,concordant,concordant,-0.0099111531547227,0.0310690455793558,3,1105,415,744,345,1746,1414,612,203,3160,1520,145.11867088607596,690,63.28751431844215,1089,81.22784810126582,399,0.5825986968187045,409,8075,468,939,443,8769,1655,7550,400,10424,8543,362.5383729854183,7607,92.08575664271866,1382,39.90569838833461,496,0.8607556675062973,7150
E02000115,Brent,4,4,30.233784383693045,23.96195340628309,358.0,388.0,0.3641912512716175,0.3947100712105799,0.0305188199389623,-6.271830977409955,646.0,320.0,1199,1238,2437,966.0,84.82560525235945,326.0,53.87823185988324,403.0,296.0,977.0,1023.0,2000.0,699.0,59.644,107.0,41.24872057318321,698.0,318.0,1016.0,91.08083709478868,380.0,56.38126009693053,491.0,365.0,856.0,89.6075,126.0,47.996089931573806,168.0,426.0,258.0,-219.0,-267.0,-25.181605252359457,-12.62951128670003,-254.0,-160.0,-1.4733370947886757,-8.385170165356726,0.4873864783047427,0.8132950348789495,0.4495176848874598,0.7775,concordant,concordant,-0.0378687934172828,-0.0357950348789495,3,1228,317,883,306,1818,1468,619,230,3286,1545,118.46500304321363,911,67.54675467546754,1189,82.22702373706635,577,0.5651060716898317,389,7841,281,849,363,8436,1433,7459,410,9869,8122,223.25676360320193,7560,92.94689426268373,1212,31.227783970007092,486,0.8701521319905721,7049
E02000116,Brent,1,1,42.98006987243959,34.40406928406467,90.0,93.0,0.091556459816887,0.0946083418107833,0.0030518819938962,-8.576000588374924,842.0,0.0,978,895,1873,842.0,0.0,842.0,86.09406952965234,721.0,0.0,860.0,904.0,1764.0,721.0,0.0,721.0,83.83720930232558,783.0,0.0,783.0,0.0,783.0,87.48603351955308,787.0,0.0,787.0,0.0,787.0,87.0575221238938,697.0,697.0,0.0,-121.0,-121.0,0.0,-2.2568602273267686,4.0,4.0,0.0,-0.428511395659271,0.5181538461538462,0.8675920982381207,0.4781167108753316,0.854875283446712,concordant,concordant,-0.0400371352785146,-0.0127168147914086,1,1186,0,866,0,1381,1020,403,125,2401,1186,0.0,1186,85.87979724837075,866,0.0,866,0.5779727095516569,278,8107,0,1062,0,8310,1201,7450,297,9511,8107,0.0,8107,97.55716004813478,1062,0.0,1062,0.8841749372886901,7153
E02000117,Brent,1,1,45.61755650961458,40.87962306326662,55.0,18.0,0.0559511698880976,0.0183112919633774,-0.0376398779247202,-4.737933446347959,972.0,0.0,1175,1044,2219,972.0,0.0,972.0,82.72340425531914,663.0,0.0,796.0,1101.0,1897.0,663.0,0.0,663.0,83.29145728643216,851.0,0.0,851.0,0.0,851.0,81.51340996168582,919.0,0.0,919.0,0.0,919.0,83.46957311534968,521.0,521.0,0.0,-309.0,-309.0,0.0,0.5680530311130241,68.0,68.0,0.0,1.9561631536638515,0.5331870543060888,0.8215412347904462,0.4190897597977244,0.8339483394833949,concordant,concordant,-0.1140972945083644,0.0124071046929487,1,1052,0,925,0,1467,1229,292,185,2696,1052,0.0,1052,71.71097477845944,925,0.0,925,0.5321193727870511,107,12216,0,1151,0,12497,1431,11701,330,13928,12216,0.0,12216,97.75146035048412,1151,0.0,1151,0.9138924216353707,11371
E02000118,Brent,5,5,28.334302550663132,23.451696060577017,398.0,406.0,0.4048830111902339,0.4130213631739572,0.0081383519837233,-4.882606490086118,252.0,224.0,632,846,1478,476.0,38.19215155615697,28.0,39.87341772151899,273.0,190.0,730.0,884.0,1614.0,463.0,32.13754646840149,83.0,37.397260273972606,398.0,168.0,566.0,45.239512855209746,230.0,47.04491725768322,427.0,175.0,602.0,46.298017348203224,252.0,48.30316742081448,-17.0,180.0,197.0,55.0,-13.0,-6.054605087755483,-2.476157447546385,22.0,36.0,1.0585044929934782,1.2582501631312653,0.4568138195777351,0.7050067658998647,0.4347417840375587,0.6598513011152416,concordant,concordant,-0.0220720355401764,-0.045155464784623,3,613,162,638,120,885,969,253,123,1854,775,53.56310679611651,451,69.26553672316385,758,41.29449838187702,518,0.5055446836268754,130,10583,132,1022,139,10919,1326,10189,442,12245,10715,114.08378930175581,10451,96.92279512775896,1161,11.601306655777869,883,0.9022398113843044,9747
E02000119,Brent,1,1,55.33502082142857,45.55961340206186,5.0,4.0,0.005086469989827,0.0040691759918616,-0.0010172939979654,-9.775407419366708,511.0,0.0,662,556,1218,511.0,0.0,511.0,77.19033232628398,678.0,0.0,874.0,654.0,1528.0,678.0,0.0,678.0,77.57437070938215,415.0,0.0,415.0,0.0,415.0,74.64028776978418,547.0,0.0,547.0,0.0,547.0,83.63914373088684,628.0,628.0,0.0,167.0,167.0,0.0,0.3840383830981722,132.0,132.0,0.0,8.998855961102663,0.5518358531317494,0.7602627257799671,0.553469387755102,0.8017015706806283,concordant,concordant,0.0016335346233525,0.0414388449006611,1,549,0,467,0,791,652,129,96,1443,549,0.0,549,69.40581542351454,467,0.0,467,0.5403543307086615,33,10222,0,807,0,10462,962,9588,308,11424,10222,0.0,10222,97.70598355954886,807,0.0,807,0.926829268292683,9280
E02000120,Brent,3,4,33.561413477317124,25.24858486532706,271.0,349.0,0.2756866734486266,0.3550356052899288,0.0793489318413021,-8.312828611990064,876.0,291.0,1280,1302,2582,1167.0,98.72811773818744,585.0,68.4375,759.0,343.0,1193.0,1387.0,2580.0,1102.0,100.90581395348838,416.0,63.6211232187762,888.0,265.0,1153.0,91.138652207591,623.0,68.20276497695853,896.0,323.0,1219.0,112.17364341085272,573.0,64.59985580389329,109.0,571.0,462.0,-169.0,-65.0,2.1776962153009407,-4.816376781223802,-50.0,66.0,21.034991203261725,-3.6029091730652425,0.5030172413793104,0.8985282726568552,0.4747953468332615,0.8996124031007752,concordant,concordant,-0.0282218945460488,0.0010841304439199,2,1487,204,1179,186,1887,1588,607,286,3475,1691,87.29438848920863,1283,78.80233174350822,1365,63.106187050359715,993,0.5533376963350786,321,8345,186,1346,221,8775,1832,7582,445,10607,8531,146.33449608748938,8159,95.0997150997151,1567,28.044310361082303,1125,0.8448207565854625,7137
E02000121,Brent,6,5,23.168626830851895,22.230575781326543,531.0,446.0,0.5401831129196337,0.4537131230925738,-0.0864699898270599,-0.9380510495253525,130.0,545.0,637,853,1490,675.0,47.5503355704698,-415.0,20.40816326530612,151.0,577.0,698.0,940.0,1638.0,728.0,53.19108669108669,-426.0,21.63323782234957,234.0,464.0,698.0,72.86979865771812,-230.0,27.43259085580305,285.0,514.0,799.0,89.43223443223444,-229.0,30.319148936170215,36.0,199.0,163.0,-11.0,53.0,5.6407511206168905,1.2250745570434525,1.0,101.0,16.562435774516317,2.886558080367166,0.4916241806263656,0.921476510067114,0.4767518009168304,0.9322344322344324,concordant,concordant,-0.0148723797095352,0.0107579221673181,4,433,433,393,378,932,997,295,144,1929,866,97.19491964748575,0,46.45922746781116,771,77.01088646967341,15,0.5290164935858277,151,11268,436,846,433,11805,1475,11107,535,13280,11704,369.9433734939759,10832,95.45108005082592,1279,27.584186746987953,413,0.9014865593468382,10572
E02000122,Brent,6,7,21.31719914345835,17.425947625610828,583.0,615.0,0.5930824008138352,0.6256358087487284,0.0325534079348931,-3.8912515178475218,190.0,522.0,802,768,1570,712.0,63.17197452229299,-332.0,23.690773067331673,146.0,554.0,783.0,752.0,1535.0,700.0,52.69315960912052,-408.0,18.64623243933589,172.0,538.0,710.0,58.94012738853503,-366.0,22.395833333333336,148.0,572.0,720.0,55.150488599348535,-424.0,19.680851063829788,-436.0,122.0,558.0,-76.0,-12.0,-10.47881491317247,-5.044540627995783,-58.0,10.0,-3.7896387891864975,-2.7149822695035475,0.5007032348804501,0.9057324840764333,0.4929577464788732,0.9250814332247556,concordant,concordant,-0.0077454884015768,0.0193489491483225,5,422,586,316,601,1117,967,315,199,2084,1008,118.66218809980806,-164,37.779767233661595,917,91.13051823416507,-285,0.5236363636363637,116,7398,591,407,629,8069,1046,7286,294,9115,7989,479.67284695556776,6807,91.68422357169413,1036,28.085902358749316,-222,0.885207756232687,6992
E02000123,Brent,2,1,42.45749719473091,36.124354966286305,103.0,59.0,0.1047812817904374,0.0600203458799593,-0.0447609359104781,-6.333142228444608,1099.0,544.0,1593,1867,3460,1643.0,172.7907514450867,555.0,68.98932831136221,783.0,406.0,1166.0,1754.0,2920.0,1189.0,108.86917808219178,377.0,67.15265866209262,1235.0,380.0,1615.0,135.635838150289,855.0,66.14890198178897,1268.0,287.0,1555.0,124.62876712328767,981.0,72.29190421892817,866.0,866.0,0.0,-178.0,-454.0,-63.92157336289492,-1.836669649269595,126.0,-60.0,-11.00707102700133,6.1430022371392,0.5042971147943524,0.9416184971098266,0.4333090379008746,0.9397260273972604,concordant,concordant,-0.0709880768934776,-0.0018924697125662,1,1818,0,1519,0,2198,2070,605,203,4268,1818,0.0,1818,82.7115559599636,1519,0.0,1519,0.5448007192088702,402,12885,0,1934,0,13174,2341,12008,587,15515,12885,0.0,12885,97.806285107029,1934,0.0,1934,0.8694918685471354,11421
E02000124,Brent,4,5,30.17044065349247,21.09339867667391,359.0,489.0,0.3652085452695829,0.4974567650050864,0.1322482197355035,-9.07704197681856,647.0,444.0,1239,1241,2480,1091.0,115.83387096774192,203.0,52.21953188054883,525.0,368.0,1044.0,1104.0,2148.0,893.0,89.94413407821229,157.0,50.28735632183909,655.0,455.0,1110.0,120.17137096774194,200.0,52.780016116035455,600.0,422.0,1022.0,117.87709497206704,178.0,54.34782608695651,-9.0,474.0,483.0,-46.0,-198.0,-25.88973688952963,-1.9321755587097371,-22.0,-88.0,-2.2942759956748944,1.5678099709210542,0.4956837800999545,0.8875,0.4663185378590078,0.8915270018621974,concordant,concordant,-0.0293652422409467,0.0040270018621973,3,1169,441,859,448,1792,1499,553,258,3291,1610,156.64813126709208,728,65.234375,1307,116.93467031297477,411,0.5519369214946863,295,9177,363,1004,420,9713,1548,8669,444,11261,9540,295.82195186928334,8814,94.48162256769278,1424,37.44605274842376,584,0.8701203940167822,8225
E02000125,Brent,5,6,25.5762435654184,18.76533574074074,462.0,577.0,0.4699898270600203,0.5869786368260427,0.1169888097660223,-6.810907824677663,348.0,659.0,1137,1117,2254,1007.0,101.74445430346051,-311.0,30.606860158311346,295.0,615.0,835.0,1060.0,1895.0,910.0,95.73878627968338,-320.0,35.32934131736527,352.0,696.0,1048.0,108.69210292812777,-344.0,31.5129811996419,342.0,467.0,809.0,84.28179419525065,-125.0,32.264150943396224,-441.0,255.0,696.0,-9.0,-97.0,-6.005668023777133,4.722481159053924,219.0,-239.0,-24.410308732877112,0.7511697437543248,0.4900243309002433,0.9117125110913932,0.5293775450843514,0.9071240105540898,concordant,concordant,0.039353214184108,-0.0045885005373033,4,703,703,539,726,1578,1376,441,259,2954,1406,167.301624915369,0,44.550063371356146,1265,132.46919431279622,-187,0.5263946087607637,182,9066,660,700,493,9685,1491,8850,431,11176,9726,535.3937007874016,8406,93.60867320598865,1193,30.87866857551897,207,0.8907409103397746,8419
E02000126,Brent,1,1,55.63967388038585,38.51658784055832,3.0,41.0,0.0030518819938962,0.0417090539165818,0.0386571719226856,-17.123086039827534,596.0,0.0,689,611,1300,596.0,0.0,596.0,86.5021770682148,426.0,0.0,492.0,785.0,1277.0,426.0,0.0,426.0,86.58536585365853,522.0,0.0,522.0,0.0,522.0,85.43371522094927,658.0,0.0,658.0,0.0,658.0,83.82165605095541,448.0,448.0,0.0,-170.0,-170.0,0.0,0.0831887854437241,136.0,136.0,0.0,-1.6120591699938558,0.5330948121645797,0.86,0.3929889298892989,0.8488645262333594,concordant,concordant,-0.1401058822752807,-0.0111354737666405,1,763,0,573,0,888,705,199,94,1593,763,0.0,763,85.92342342342343,573,0.0,573,0.5711077844311377,105,7840,0,855,0,7914,996,7422,211,8910,7840,0.0,7840,99.06494819307557,855,0.0,855,0.9016676250718804,7211
E02000127,Bromley,4,2,32.39469872097135,31.154922960069445,299.0,171.0,0.3041709053916582,0.1739572736520854,-0.1302136317395727,-1.2397757609019031,376.0,128.0,615,524,1139,504.0,42.25460930640913,248.0,61.138211382113816,310.0,100.0,509.0,454.0,963.0,410.0,32.191069574247145,210.0,60.90373280943025,356.0,204.0,560.0,63.76119402985075,152.0,67.93893129770993,321.0,140.0,461.0,46.666666666666664,181.0,70.70484581497797,375.0,400.0,25.0,-38.0,-94.0,-10.063539732161985,-0.2344785726835638,29.0,-99.0,-17.094527363184085,2.765914517268044,0.4736842105263157,0.9341527655838456,0.4707233065442021,0.9044652128764278,concordant,concordant,-0.0029609039821136,-0.0296875527074177,3,471,127,489,201,753,696,138,172,1449,598,41.2815734989648,344,62.54980079681275,690,67.83229813664596,288,0.4642857142857143,-34,8948,100,555,140,9172,723,8663,269,9895,9048,90.42950985346134,8848,97.55778456170955,695,7.8524507326932795,415,0.9286667350918608,8394
E02000128,Bromley,8,9,13.624992254592817,11.754557284299858,785.0,800.0,0.7985757884028484,0.8138351983723296,0.0152594099694812,-1.8704349702929584,186.0,229.0,507,435,942,415.0,45.21656050955414,-43.0,36.68639053254438,172.0,118.0,433.0,348.0,781.0,290.0,25.98719590268886,54.0,39.722863741339495,160.0,270.0,430.0,45.859872611464965,-110.0,36.7816091954023,196.0,240.0,436.0,60.23047375160051,-44.0,56.32183908045977,-61.0,111.0,172.0,97.0,-125.0,-19.22936460686528,3.0364732087951154,66.0,6.0,14.370601140135548,19.54022988505747,0.4911242603550296,0.8970276008492569,0.3994490358126721,0.9295774647887324,concordant,divergent,-0.0916752245423574,0.0325498639394754,7,172,489,151,484,674,656,167,221,1330,661,63.239097744360905,-317,25.519287833827892,635,54.95037593984962,-333,0.5100308641975309,-54,156,430,173,7478,7654,628,7221,280,8282,586,8.09949287611688,-274,2.038149986934936,7651,156.2055059164453,-7305,0.07114240621585528,6941
E02000130,Bromley,7,7,19.69147752767248,17.555817572335922,624.0,609.0,0.6347914547304171,0.6195320447609359,-0.0152594099694811,-2.135659955336557,122.0,362.0,722,694,1416,484.0,31.189265536723163,-240.0,16.897506925207757,115.0,325.0,616.0,643.0,1259.0,440.0,29.686258935663226,-210.0,18.66883116883117,254.0,529.0,783.0,94.89124293785312,-275.0,36.59942363112392,264.0,451.0,715.0,94.57029388403495,-187.0,41.05754276827372,-209.0,112.0,321.0,30.0,-44.0,-1.503006601059937,1.7713242436234111,88.0,-68.0,-0.3209490538181683,4.458119137149801,0.3820047355958958,0.894774011299435,0.3809523809523809,0.9173947577442416,concordant,concordant,-0.0010523546435148,0.0226207464448064,5,322,358,492,522,919,932,197,238,1851,680,62.27768773635872,-36,35.03808487486398,1014,138.7487844408428,-30,0.4014167650531287,-41,7715,324,678,441,8215,1055,7599,412,9270,8039,269.6504854368932,7391,93.91357273280583,1119,32.25436893203884,237,0.8778117492902381,7187
E02000131,Bromley,4,5,28.64109139937458,22.164807626864174,391.0,451.0,0.3977619532044761,0.4587995930824008,0.0610376398779247,-6.476283772510403,657.0,300.0,1192,1055,2247,957.0,87.71695594125501,357.0,55.11744966442953,653.0,248.0,1083.0,1014.0,2097.0,901.0,77.22651406771578,405.0,60.2954755309326,639.0,384.0,1023.0,109.20160213618158,255.0,60.56872037914693,647.0,302.0,949.0,93.17787315212207,345.0,63.80670611439842,121.0,507.0,386.0,48.0,-56.0,-10.490441873539226,5.17802586650307,90.0,-74.0,-16.023728984059503,3.237985735251492,0.4833333333333333,0.8811748998664887,0.487027027027027,0.8822126847877921,concordant,concordant,0.0036936936936937,0.0010377849213034,3,866,300,832,382,1517,1347,325,292,2864,1166,90.7122905027933,566,57.08635464733026,1214,110.97206703910615,450,0.4899159663865546,33,9641,247,1088,299,10195,1573,9112,559,11768,9888,202.35613528212102,9394,94.56596370769985,1387,27.643779741672333,789,0.8769844789356984,8553
E02000132,Bromley,8,7,16.06468179817906,15.421347252518958,728.0,686.0,0.7405900305188199,0.6978636826042727,-0.0427263479145472,-0.6433345456601014,351.0,299.0,995,801,1796,650.0,58.43485523385301,52.0,35.27638190954774,294.0,320.0,954.0,710.0,1664.0,614.0,56.53846153846154,-26.0,30.81761006289308,376.0,556.0,932.0,116.40089086859687,-180.0,46.94132334581773,326.0,549.0,875.0,107.5564903846154,-223.0,45.91549295774648,146.0,397.0,251.0,-78.0,-36.0,-1.8963936953914668,-4.458771846654656,-43.0,-57.0,-8.844400483981474,-1.025830388071249,0.4108723135271808,0.8808463251670379,0.412357286769644,0.8948317307692307,divergent,concordant,0.0014849732424632,0.0139854056021928,6,366,299,397,553,1327,1087,332,286,2414,665,45.33305716652858,67,27.581009796533536,950,90.94490472245236,-156,0.4117647058823529,46,312,320,330,549,9615,1167,8661,457,10782,632,9.259877573734002,-8,3.2449297971918876,879,16.803005008347245,-219,0.4182660489741893,8204
E02000133,Bromley,10,10,7.481780072975224,6.742223472208981,947.0,954.0,0.9633774160732452,0.970498474059003,0.0071210579857579,-0.7395566007662424,0.0,461.0,748,639,1387,461.0,0.0,-461.0,0.0,0.0,444.0,702.0,579.0,1281.0,444.0,0.0,-444.0,0.0,0.0,607.0,607.0,0.0,-607.0,0.0,0.0,573.0,573.0,0.0,-573.0,0.0,-430.0,0.0,430.0,17.0,-17.0,0.0,0.0,34.0,-34.0,0.0,0.0,0.4316479400749063,0.7700072098053352,0.4365781710914454,0.7939110070257611,concordant,concordant,0.004930231016539,0.0239037972204259,9,84,805,96,877,1013,970,265,331,1983,889,34.099848714069594,-721,8.292201382033564,973,42.45688350983359,-781,0.4774436090225564,-66,65,843,77,10423,10536,960,9834,381,11496,908,4.766440501043841,-778,0.616932422171602,10500,69.81306541405706,-10346,0.07959326788218794,9453
E02000134,Bromley,8,7,17.117325207463104,15.9732266469153,701.0,664.0,0.7131230925737538,0.6754832146490336,-0.0376398779247202,-1.1440985605478031,401.0,361.0,1096,938,2034,762.0,71.17059980334317,40.0,36.58759124087591,372.0,428.0,1033.0,924.0,1957.0,800.0,81.35717935615739,-56.0,36.01161665053243,479.0,596.0,1075.0,140.3559488692232,-117.0,51.06609808102346,396.0,599.0,995.0,121.2079713847726,-203.0,42.857142857142854,14.0,411.0,397.0,-96.0,38.0,10.186579552814225,-0.5759745903434776,-86.0,-80.0,-19.147977484450593,-8.208955223880608,0.4148067501360915,0.9031465093411996,0.4456824512534819,0.9172202350536536,divergent,concordant,0.0308757011173904,0.014073725712454,6,424,358,498,596,1517,1261,421,323,2778,782,54.64074874010079,66,27.94990112063283,1094,106.84233261339092,-98,0.4168443496801706,98,384,426,411,598,11405,1387,10372,463,12792,810,12.787992495309568,-42,3.366944322665497,1009,19.213414634146343,-187,0.44529961517317207,9909
E02000135,Bromley,2,2,38.27453998356277,33.39903611432986,162.0,111.0,0.1648016276703967,0.1129196337741607,-0.051881993896236,-4.875503869232908,795.0,7.0,902,828,1730,802.0,3.2167630057803467,788.0,88.13747228381375,661.0,38.0,766.0,775.0,1541.0,699.0,16.29980532121999,623.0,86.29242819843343,750.0,43.0,793.0,18.641618497109828,707.0,90.57971014492752,673.0,26.0,699.0,11.354964308890333,647.0,86.83870967741936,526.0,592.0,66.0,-165.0,-103.0,13.08304231543964,-1.845044085380323,-60.0,-94.0,-7.286654188219496,-3.741000467508158,0.5028213166144201,0.9219653179190752,0.5,0.9072031148604802,concordant,concordant,-0.00282131661442,-0.0147622030585948,2,935,10,823,43,1173,994,271,166,2167,945,4.314720812182741,925,79.71014492753623,866,16.330872173511768,780,0.5218111540585312,105,9499,42,929,28,9691,1102,8925,327,10793,9541,36.964514036875755,9457,98.01878031162936,957,2.4100806078013526,901,0.9088397790055248,8598
E02000136,Bromley,7,6,19.60749731075419,20.13959566660842,625.0,533.0,0.6358087487283826,0.5422177009155646,-0.0935910478128179,0.5320983558542309,182.0,93.0,363,276,639,275.0,26.488262910798124,89.0,50.13774104683195,200.0,90.0,361.0,279.0,640.0,290.0,28.125,110.0,55.4016620498615,166.0,163.0,329.0,42.34428794992175,3.0,60.14492753623188,169.0,139.0,308.0,36.7046875,30.0,60.57347670250897,150.0,222.0,72.0,21.0,15.0,1.6367370892018762,5.263921003029552,27.0,-21.0,-5.639600449921751,0.4285491662770866,0.4552980132450331,0.945226917057903,0.4849498327759197,0.934375,concordant,concordant,0.0296518195308866,-0.010851917057903,5,375,90,327,159,556,437,193,161,993,465,33.987915407854985,285,67.44604316546763,486,52.3595166163142,168,0.4889589905362776,32,5528,81,411,138,5689,521,5328,242,6210,5609,72.10434782608695,5447,97.16997714888382,549,9.133333333333333,273,0.9108476778174732,5086
E02000137,Bromley,9,10,10.982708339637108,8.41208028673835,867.0,913.0,0.8819938962360122,0.9287894201424212,0.0467955239064089,-2.5706280528987566,244.0,276.0,738,581,1319,520.0,51.05686125852919,-32.0,33.06233062330624,178.0,308.0,632.0,563.0,1195.0,486.0,45.87782426778243,-130.0,28.164556962025316,263.0,437.0,700.0,87.13495072024261,-174.0,45.26678141135972,187.0,400.0,587.0,62.59414225941423,-213.0,33.214920071047956,-381.0,0.0,381.0,-98.0,-34.0,-5.179036990746759,-4.897773661280922,-39.0,-113.0,-24.540808460828387,-12.051861340311769,0.4262295081967213,0.9249431387414708,0.4529356943150046,0.897907949790795,concordant,concordant,0.0267061861182833,-0.0270351889506758,8,189,501,213,673,959,793,221,212,1752,690,54.04623287671233,-312,19.708029197080293,886,81.82020547945206,-460,0.43781725888324874,9,150,659,154,8041,8265,884,7633,321,9149,809,10.804459503770904,-509,1.8148820326678767,8195,135.3496557000765,-7887,0.08984895601954687,7312
E02000138,Bromley,10,10,7.778212401587701,6.405692298391972,943.0,958.0,0.9593082400813836,0.9745676500508648,0.0152594099694811,-1.372520103195729,0.0,423.0,764,602,1366,423.0,0.0,-423.0,0.0,0.0,454.0,691.0,597.0,1288.0,454.0,0.0,-454.0,0.0,0.0,600.0,600.0,0.0,-600.0,0.0,0.0,545.0,545.0,0.0,-545.0,0.0,-433.0,0.0,433.0,-31.0,31.0,0.0,0.0,55.0,-55.0,0.0,0.0,0.4134897360703812,0.7489019033674963,0.4544544544544545,0.7756211180124224,concordant,concordant,0.0409647183840732,0.0267192146449261,9,82,660,82,876,1021,810,257,208,1831,742,29.55761878754779,-578,8.03134182174339,958,39.23102129983616,-794,0.4364705882352941,49,69,818,84,8214,8336,947,7645,350,9283,887,6.080146504362814,-749,0.8277351247600768,8298,74.32683399763008,-8130,0.09657049537289059,7295
E02000139,Bromley,8,8,14.82386508649094,12.80906155065381,755.0,765.0,0.768056968463886,0.7782299084435402,0.0101729399796541,-2.01480353583713,141.0,199.0,641,485,1126,340.0,24.91918294849023,-58.0,21.99687987519501,171.0,218.0,617.0,501.0,1118.0,389.0,33.34347048300537,-47.0,27.71474878444084,216.0,392.0,608.0,75.19715808170515,-176.0,44.53608247422681,216.0,371.0,587.0,71.67799642218247,-155.0,43.11377245508982,-87.0,178.0,265.0,11.0,49.0,8.424287534515138,5.71786890924583,21.0,-21.0,-3.5191616595226805,-1.4223100191369866,0.3586497890295358,0.8419182948490231,0.3985655737704918,0.8729874776386404,concordant,concordant,0.0399157847409559,0.0310691827896172,6,148,199,222,392,851,700,210,215,1551,347,18.989039329464863,-51,17.391304347826086,614,56.10831721470019,-170,0.3610822060353798,-5,181,216,226,369,7560,826,6943,325,8386,397,4.662055807297877,-35,2.394179894179894,595,9.944431194848557,-143,0.4002016129032258,6618
E02000140,Bromley,2,1,37.52346456037806,35.658324308276924,177.0,68.0,0.1800610376398779,0.069175991861648,-0.1108850457782299,-1.8651402521011349,470.0,12.0,546,407,953,482.0,5.918153200419727,458.0,86.08058608058609,390.0,14.0,430.0,325.0,755.0,404.0,7.231788079470198,376.0,90.69767441860463,372.0,17.0,389.0,6.63588667366212,355.0,91.4004914004914,290.0,11.0,301.0,4.225165562913907,279.0,89.23076923076924,390.0,390.0,0.0,-82.0,-78.0,1.313634879050471,4.617088338018547,-76.0,-88.0,-2.410721110748213,-2.1697221697221636,0.5533869115958668,0.91395592864638,0.573049645390071,0.933774834437086,concordant,concordant,0.0196627337942041,0.0198189057907062,2,503,12,508,21,659,608,113,201,1267,515,4.764009471191792,491,76.32776934749621,529,8.41988950276243,487,0.4932950191570881,-88,8433,15,500,12,8552,572,8122,247,9124,8448,13.863985094256904,8418,98.60851262862488,512,0.657606313020605,488,0.9428571428571428,7875
E02000141,Bromley,7,7,18.105070531700285,15.660851020684062,674.0,675.0,0.6856561546286877,0.6866734486266531,0.0010172939979654,-2.4442195110162235,134.0,268.0,580,518,1098,402.0,32.70673952641166,-134.0,23.103448275862068,145.0,284.0,563.0,508.0,1071.0,429.0,38.4500466853408,-139.0,25.75488454706927,199.0,382.0,581.0,69.23315118397086,-183.0,38.41698841698842,203.0,377.0,580.0,71.45751633986929,-174.0,39.96062992125984,-152.0,124.0,276.0,-5.0,27.0,5.743307158929142,2.651436271207203,9.0,-1.0,2.2243651558984254,1.5436415042714202,0.4089521871820956,0.895264116575592,0.4251734390485629,0.942110177404295,concordant,concordant,0.0162212518664672,0.046846060828703,5,285,263,364,351,731,683,151,165,1414,548,53.00919377652051,22,38.98768809849521,715,90.35643564356435,13,0.4338875692794933,-14,6682,278,483,373,7100,787,6537,279,7887,6960,235.52630911626727,6404,94.11267605633803,856,22.84252567516166,110,0.8904810644831116,6258
E02000142,Bromley,10,10,8.663348743995172,8.116031601123597,926.0,919.0,0.9420142421159716,0.9348931841302136,-0.0071210579857579,-0.5473171428715755,0.0,467.0,630,650,1280,467.0,0.0,-467.0,0.0,0.0,332.0,588.0,472.0,1060.0,332.0,0.0,-332.0,0.0,0.0,459.0,459.0,0.0,-459.0,0.0,0.0,440.0,440.0,0.0,-440.0,0.0,-315.0,0.0,315.0,135.0,-135.0,0.0,0.0,19.0,-19.0,0.0,0.0,0.5043196544276458,0.7234375,0.4300518134715025,0.7283018867924528,concordant,concordant,-0.0742678409561432,0.0048643867924528,9,62,769,74,713,848,915,218,265,1763,831,27.0436755530346,-707,7.311320754716981,787,29.92739648326716,-639,0.5135970333745364,-47,63,658,73,8522,8634,769,8046,297,9403,721,4.40859300223333,-595,0.7296733842946491,8595,66.16037434861215,-8449,0.07739373121511378,7749
E02000144,Bromley,10,10,9.947103223361363,8.478019714989822,894.0,911.0,0.9094608341810784,0.9267548321464903,0.0172939979654119,-1.4690835083715417,0.0,468.0,761,656,1417,468.0,0.0,-468.0,0.0,0.0,511.0,877.0,718.0,1595.0,511.0,0.0,-511.0,0.0,0.0,568.0,568.0,0.0,-568.0,0.0,0.0,679.0,679.0,0.0,-679.0,0.0,-484.0,0.0,484.0,-43.0,43.0,0.0,0.0,-111.0,111.0,0.0,0.0,0.4517374517374517,0.7311220889202541,0.4294117647058823,0.7460815047021944,concordant,concordant,-0.0223256870315693,0.0149594157819402,8,193,670,188,824,1117,963,356,307,2080,863,62.16826923076923,-477,17.278424350940018,1012,74.47692307692307,-636,0.46026666666666666,49,195,858,207,9508,9785,1152,8908,434,10937,1053,15.29761360519338,-663,1.992846193152785,9715,179.95391789338942,-9301,0.09778974739970282,8474
E02000145,Bromley,3,2,36.18182819812021,33.56163361778576,200.0,108.0,0.2034587995930824,0.1098677517802644,-0.0935910478128179,-2.6201945803344486,469.0,76.0,629,452,1081,545.0,32.973172987974095,393.0,74.56279809220986,315.0,62.0,429.0,446.0,875.0,377.0,22.32,253.0,73.42657342657343,371.0,105.0,476.0,36.036077705827935,266.0,82.07964601769912,358.0,73.0,431.0,29.867428571428572,285.0,80.26905829596413,274.0,310.0,36.0,-140.0,-168.0,-10.653172987974097,-1.1362246656364334,19.0,-45.0,-6.168649134399363,-1.81058772173499,0.5337904015670911,0.9444958371877892,0.4665841584158416,0.9234285714285714,concordant,concordant,-0.0672062431512495,-0.0210672657592176,2,670,10,586,17,830,667,201,215,1497,680,4.47561790247161,660,80.72289156626506,603,6.654642618570474,569,0.5300077942322681,-14,8546,9,673,21,8658,759,8229,313,9417,8555,8.16756928958267,8537,98.7063987063987,694,1.5007964319847085,652,0.9249648610660612,7916
E02000146,Bromley,9,9,10.478399180201826,9.9676368159204,884.0,861.0,0.8992878942014242,0.8758901322482198,-0.0233977619532044,-0.5107623642814278,252.0,257.0,733,527,1260,509.0,51.4,-5.0,34.379263301500686,267.0,226.0,757.0,464.0,1221.0,493.0,49.42014742014742,41.0,35.270805812417436,240.0,443.0,683.0,84.38095238095238,-203.0,45.54079696394687,204.0,434.0,638.0,72.51105651105651,-230.0,43.96551724137931,50.0,272.0,222.0,46.0,-16.0,-1.979852579852576,0.8915425109167501,-27.0,-45.0,-11.86989586989587,-1.575279722567558,0.4270134228187919,0.946031746031746,0.4358974358974359,0.9262899262899262,concordant,divergent,0.0088840130786439,-0.0197418197418197,8,216,475,204,656,930,740,197,213,1670,691,61.43712574850299,-259,23.225806451612904,860,80.13413173652695,-452,0.4455190199871051,-16,231,600,179,9189,9491,828,8734,364,10319,831,13.431534063378235,-369,2.433884732904857,9368,159.3982944083729,-9010,0.08147857633101284,8370
E02000147,Bromley,10,10,4.508848176308194,4.908987892870246,981.0,980.0,0.9979654120040692,0.9969481180061036,-0.0010172939979654,0.4001397165620517,0.0,222.0,479,358,837,222.0,0.0,-222.0,0.0,0.0,253.0,444.0,415.0,859.0,253.0,0.0,-253.0,0.0,0.0,289.0,289.0,0.0,-289.0,0.0,0.0,288.0,288.0,0.0,-288.0,0.0,-242.0,0.0,242.0,-31.0,31.0,0.0,0.0,1.0,-1.0,0.0,0.0,0.4344422700587084,0.6105137395459976,0.4676524953789279,0.629802095459837,concordant,concordant,0.0332102253202195,0.0192883559138393,10,0,527,0,559,645,578,166,220,1223,527,0.0,-527,0.0,559,0.0,-559,0.4852670349907919,-54,0,611,0,8032,8076,679,7632,264,8755,611,0.0,-611,0.0,8032,0.0,-8032,0.07069304639592734,7368
E02000148,Bromley,10,10,7.116127217463933,7.357472893827902,960.0,942.0,0.9766022380467956,0.958290946083418,-0.0183112919633774,0.2413456763639692,0.0,188.0,363,287,650,188.0,0.0,-188.0,0.0,0.0,207.0,379.0,307.0,686.0,207.0,0.0,-207.0,0.0,0.0,232.0,232.0,0.0,-232.0,0.0,0.0,264.0,264.0,0.0,-264.0,0.0,-206.0,0.0,206.0,-19.0,19.0,0.0,0.0,-32.0,32.0,0.0,0.0,0.4476190476190476,0.6461538461538462,0.4394904458598726,0.6865889212827988,concordant,concordant,-0.008128601759175,0.0404350751289526,10,0,418,0,397,452,451,89,164,903,418,0.0,-418,0.0,397,0.0,-397,0.5128834355828221,-75,0,507,0,6593,6655,566,6276,259,7221,507,0.0,-507,0.0,6593,0.0,-6593,0.07140845070422536,6017
E02000149,Bromley,6,5,23.37698091333679,23.112002465483236,520.0,417.0,0.5289928789420142,0.4242115971515768,-0.1047812817904373,-0.2649784478535544,209.0,111.0,409,378,787,320.0,29.477763659466326,98.0,51.1002444987775,237.0,71.0,448.0,302.0,750.0,308.0,22.436,166.0,52.90178571428571,230.0,161.0,391.0,47.05209656925032,69.0,60.84656084656085,205.0,172.0,377.0,47.013333333333335,33.0,67.88079470198676,210.0,277.0,67.0,68.0,-12.0,-7.041763659466326,1.801541215508209,-36.0,-14.0,-0.0387632359169813,7.03423385542591,0.450070323488045,0.903430749682338,0.4496350364963503,0.9133333333333332,concordant,concordant,-0.0004352869916946,0.0099025836509953,4,372,101,435,156,554,573,145,195,1127,473,33.338065661047025,271,67.14801444043322,591,60.212954747116235,279,0.44454887218045114,-50,7837,66,515,161,8043,601,7595,299,8644,7903,59.83826931975937,7771,97.43876662936715,676,9.592202683942618,354,0.921202937405292,7296
E02000150,Bromley,9,9,11.796424063106215,11.160133218390804,842.0,821.0,0.8565615462868769,0.8351983723296033,-0.0213631739572736,-0.6362908447154112,179.0,215.0,471,432,903,394.0,42.61904761904762,-36.0,38.004246284501065,149.0,225.0,464.0,422.0,886.0,374.0,37.83860045146727,-76.0,32.112068965517246,175.0,255.0,430.0,49.41860465116279,-80.0,40.50925925925926,160.0,271.0,431.0,48.93905191873589,-111.0,37.91469194312796,-106.0,118.0,224.0,-40.0,-20.0,-4.780447167580348,-5.892177318983819,-31.0,1.0,-0.479552732426896,-2.5945673161312968,0.4781553398058252,0.9125138427464008,0.4645962732919255,0.9085778781038376,concordant,concordant,-0.0135590665138997,-0.0039359646425634,8,166,408,173,383,586,622,115,190,1208,574,56.06622516556291,-242,28.327645051194537,556,54.85016556291391,-210,0.5079646017699115,-75,147,492,157,8234,8416,681,7952,259,9097,639,7.950313290095636,-345,1.7466730038022813,8391,142.10596900076948,-8077,0.0707641196013289,7693
E02000151,Bromley,10,10,4.608493942962768,4.035781282586027,979.0,983.0,0.9959308240081384,1.0,0.0040691759918616,-0.572712660376741,0.0,205.0,335,348,683,205.0,0.0,-205.0,0.0,0.0,176.0,344.0,295.0,639.0,176.0,0.0,-176.0,0.0,0.0,232.0,232.0,0.0,-232.0,0.0,0.0,239.0,239.0,0.0,-239.0,0.0,-172.0,0.0,172.0,29.0,-29.0,0.0,0.0,-7.0,7.0,0.0,0.0,0.4691075514874142,0.6398243045387995,0.4240963855421686,0.6494522691705791,concordant,concordant,-0.0450111659452455,0.0096279646317796,10,0,413,0,413,478,521,143,173,999,413,0.0,-413,0.0,413,0.0,-413,0.5,-30,0,465,0,7365,7432,553,7088,258,7985,465,0.0,-465,0.0,7365,0.0,-7365,0.05938697318007663,6830
E02000152,Bromley,6,4,23.504589496348142,24.334110890565036,514.0,378.0,0.5228891149542217,0.3845371312309257,-0.138351983723296,0.8295213942168935,246.0,74.0,449,329,778,320.0,23.398457583547557,172.0,54.78841870824054,290.0,81.0,464.0,378.0,842.0,371.0,27.897862232779097,209.0,62.5,227.0,144.0,371.0,42.01542416452442,83.0,68.9969604863222,279.0,157.0,436.0,52.02256532066508,122.0,73.80952380952381,280.0,332.0,52.0,37.0,51.0,4.49940464923154,7.711581291759458,39.0,65.0,10.007141156140662,4.812563323201616,0.4630969609261939,0.8881748071979434,0.459727385377943,0.9584323040380048,concordant,concordant,-0.0033695755482509,0.0702574968400613,4,362,63,378,131,555,471,106,142,1026,425,22.228070175438596,299,65.22522522522523,509,48.26315789473684,247,0.4550321199143469,-36,7662,72,522,135,7835,619,7371,241,8454,7734,65.25479063165365,7590,97.79195915762604,657,8.33569907735983,387,0.9217018233821952,7130
E02000153,Bromley,10,10,6.033459909477756,6.094153517050459,973.0,963.0,0.989827060020346,0.9796541200406916,-0.0101729399796541,0.0606936075727029,0.0,164.0,381,329,710,164.0,0.0,-164.0,0.0,0.0,144.0,367.0,267.0,634.0,144.0,0.0,-144.0,0.0,0.0,274.0,274.0,0.0,-274.0,0.0,0.0,229.0,229.0,0.0,-229.0,0.0,-141.0,0.0,141.0,20.0,-20.0,0.0,0.0,45.0,-45.0,0.0,0.0,0.3744292237442922,0.6169014084507042,0.3860589812332439,0.5883280757097792,concordant,concordant,0.0116297574889517,-0.0285733327409249,10,0,408,0,438,473,475,92,146,948,408,0.0,-408,0.0,438,0.0,-438,0.48226950354609927,-54,0,439,0,7967,8024,505,7657,238,8529,439,0.0,-439,0.0,7967,0.0,-7967,0.05222460147513681,7419
E02000154,Bromley,9,9,10.796055072747832,11.251371650717704,873.0,816.0,0.8880976602238047,0.8301119023397762,-0.0579857578840284,0.4553165779698691,179.0,274.0,549,459,1008,453.0,48.65674603174603,-95.0,32.60473588342441,159.0,273.0,523.0,451.0,974.0,432.0,44.56570841889117,-114.0,30.401529636711285,136.0,334.0,470.0,45.06349206349206,-198.0,29.629629629629623,129.0,333.0,462.0,44.10369609856263,-204.0,28.60310421286031,-112.0,160.0,272.0,-19.0,-21.0,-4.091037612854862,-2.203206246713126,-6.0,-8.0,-0.959795964929434,-1.0265254167693136,0.4907908992416034,0.9156746031746033,0.4832214765100671,0.917864476386037,concordant,concordant,-0.0075694227315363,0.0021898732114338,8,173,528,128,564,761,681,212,222,1442,701,63.34535367545076,-355,22.733245729303547,692,50.06380027739251,-436,0.5032304379038047,-10,150,659,123,8195,8369,819,7846,368,9188,809,10.75859817152808,-509,1.7923288325964868,8318,109.70668262951676,-8072,0.08863810671633615,7478
E02000155,Bromley,8,7,17.20918700217234,17.19982082429501,695.0,622.0,0.7070193285859614,0.6327568667344863,-0.0742624618514751,-0.0093661778773288,108.0,174.0,318,359,677,282.0,27.75775480059084,-66.0,33.9622641509434,163.0,131.0,416.0,318.0,734.0,294.0,29.091280653950953,32.0,39.18269230769231,167.0,181.0,348.0,44.64844903988183,-14.0,46.51810584958218,156.0,229.0,385.0,48.67029972752044,-73.0,49.056603773584904,73.0,180.0,107.0,98.0,12.0,1.3335258533601149,5.220428156748909,-59.0,37.0,4.021850687638604,2.5384979240027263,0.4476190476190476,0.930576070901034,0.4329896907216495,0.925068119891008,concordant,divergent,-0.0146293568973981,-0.0055079510100258,6,115,172,179,181,436,529,118,170,965,287,20.497409326424872,-57,26.376146788990823,360,33.5740932642487,-2,0.4435857805255023,-52,173,131,167,229,7055,602,6639,284,7657,304,2.9597753689434505,42,2.452161587526577,396,4.994514823037743,-62,0.4342857142857143,6355
E02000156,Bromley,10,10,7.399662821068299,6.711487266553481,950.0,955.0,0.9664292980671414,0.9715157680569684,0.005086469989827,-0.6881755545148183,0.0,380.0,629,574,1203,380.0,0.0,-380.0,0.0,0.0,353.0,640.0,559.0,1199.0,353.0,0.0,-353.0,0.0,0.0,418.0,418.0,0.0,-418.0,0.0,0.0,449.0,449.0,0.0,-449.0,0.0,-351.0,0.0,351.0,27.0,-27.0,0.0,0.0,-31.0,31.0,0.0,0.0,0.4761904761904761,0.6633416458852868,0.4401496259351621,0.6688907422852377,concordant,concordant,-0.036040850255314,0.0055490963999509,10,0,756,0,743,820,831,191,257,1651,756,0.0,-756,0.0,743,0.0,-743,0.5043362241494329,-66,0,855,0,12059,12137,936,11497,377,13073,855,0.0,-855,0.0,12059,0.0,-12059,0.06620721697382685,11120
E02000157,Bromley,10,10,5.15125285233551,5.383091201186357,978.0,977.0,0.9949135300101728,0.9938962360122076,-0.0010172939979653,0.2318383488508466,0.0,185.0,372,278,650,185.0,0.0,-185.0,0.0,0.0,200.0,429.0,305.0,734.0,200.0,0.0,-200.0,0.0,0.0,218.0,218.0,0.0,-218.0,0.0,0.0,299.0,299.0,0.0,-299.0,0.0,-196.0,0.0,196.0,-15.0,15.0,0.0,0.0,-81.0,81.0,0.0,0.0,0.4590570719602977,0.62,0.4008016032064128,0.6798365122615804,concordant,concordant,-0.0582554687538849,0.0598365122615803,10,0,390,0,357,476,458,104,180,934,390,0.0,-390,0.0,357,0.0,-357,0.5220883534136547,-76,0,502,0,8173,8265,577,7836,272,8842,502,0.0,-502,0.0,8173,0.0,-8173,0.05786743515850144,7564
E02000158,Bromley,6,7,21.450589653041824,18.094705116638742,579.0,593.0,0.5890132248219736,0.6032553407934893,0.0142421159715157,-3.3558845364030816,209.0,241.0,401,552,953,450.0,52.85309548793284,-32.0,52.119700748129674,211.0,89.0,378.0,261.0,639.0,300.0,29.38810641627543,122.0,55.82010582010582,276.0,166.0,442.0,48.07555089192025,110.0,50.0,159.0,137.0,296.0,34.08920187793427,22.0,60.91954022988506,67.0,173.0,106.0,154.0,-150.0,-23.46498907165741,3.7004050719761494,-88.0,-146.0,-13.98634901398598,10.919540229885058,0.5044843049327354,0.9359916054564532,0.5033557046979866,0.9327073552425664,divergent,concordant,-0.0011286002347488,-0.0032842502138867,5,312,271,400,192,522,703,121,151,1225,583,69.02204081632654,41,59.77011494252874,592,62.69387755102041,208,0.49617021276595746,-30,7449,102,377,165,7635,490,7257,229,8125,7551,93.5136,7347,97.56385068762279,542,7.656,212,0.9330285431854689,7028
E02000159,Bromley,10,10,7.237949547122724,7.260148747315677,956.0,943.0,0.9725330620549338,0.9593082400813836,-0.0132248219735503,0.0221992001929525,0.0,266.0,391,384,775,266.0,0.0,-266.0,0.0,0.0,189.0,362.0,292.0,654.0,189.0,0.0,-189.0,0.0,0.0,259.0,259.0,0.0,-259.0,0.0,0.0,213.0,213.0,0.0,-213.0,0.0,-186.0,0.0,186.0,77.0,-77.0,0.0,0.0,46.0,-46.0,0.0,0.0,0.5066666666666667,0.6774193548387096,0.4701492537313433,0.6146788990825688,concordant,concordant,-0.0365174129353234,-0.0627404557561408,10,0,493,0,448,496,560,105,176,1056,493,0.0,-493,0.0,448,0.0,-448,0.5239107332624867,-71,0,470,0,6923,7016,520,6654,228,7536,470,0.0,-470,0.0,6923,0.0,-6923,0.06357365075071013,6426
E02000160,Bromley,10,10,7.596944079302443,7.990305309181761,946.0,924.0,0.9623601220752798,0.9399796541200408,-0.022380467955239,0.3933612298793179,0.0,217.0,439,391,830,217.0,0.0,-217.0,0.0,0.0,136.0,419.0,266.0,685.0,136.0,0.0,-136.0,0.0,0.0,277.0,277.0,0.0,-277.0,0.0,0.0,288.0,288.0,0.0,-288.0,0.0,-135.0,0.0,135.0,81.0,-81.0,0.0,0.0,-11.0,11.0,0.0,0.0,0.4392712550607287,0.5951807228915663,0.320754716981132,0.618978102189781,concordant,concordant,-0.1185165380795966,0.0237973792982146,9,92,416,111,421,578,569,139,178,1147,508,33.36704446381866,-324,15.916955017301039,532,40.74193548387097,-310,0.48846153846153845,-39,82,431,88,7915,8029,554,7610,288,8583,513,4.11767447279506,-349,1.0212977954913438,8003,81.1511126645695,-7827,0.06023954908407703,7322
E02000161,Bromley,10,10,4.314845820451843,5.1688684997699035,982.0,978.0,0.9989827060020344,0.9949135300101728,-0.0040691759918616,0.8540226793180601,0.0,276.0,407,398,805,276.0,0.0,-276.0,0.0,0.0,207.0,451.0,358.0,809.0,207.0,0.0,-207.0,0.0,0.0,305.0,305.0,0.0,-305.0,0.0,0.0,332.0,332.0,0.0,-332.0,0.0,-207.0,0.0,207.0,69.0,-69.0,0.0,0.0,-27.0,27.0,0.0,0.0,0.4750430292598967,0.7217391304347827,0.3840445269016697,0.6662546353522868,concordant,concordant,-0.0909985023582269,-0.0554844950824958,10,0,541,0,527,594,643,187,245,1237,541,0.0,-541,0.0,527,0.0,-527,0.5065543071161048,-58,0,575,0,8501,8595,699,8144,341,9294,575,0.0,-575,0.0,8501,0.0,-8501,0.06335390039665051,7803
E02000162,Bromley,9,8,12.524626148662785,13.508810934592816,821.0,748.0,0.8351983723296033,0.7609359104781281,-0.0742624618514751,0.984184785930033,180.0,129.0,373,285,658,309.0,35.2887537993921,51.0,48.257372654155496,173.0,104.0,392.0,266.0,658.0,277.0,27.343465045592705,69.0,44.13265306122449,123.0,156.0,279.0,29.161094224924017,-33.0,43.15789473684211,117.0,192.0,309.0,34.13981762917933,-75.0,43.98496240601504,115.0,201.0,86.0,18.0,-32.0,-7.945288753799392,-4.124719592931008,-42.0,30.0,4.978723404255316,0.8270676691729335,0.5255102040816326,0.8936170212765957,0.4726962457337884,0.8905775075987842,divergent,divergent,-0.0528139583478442,-0.0030395136778115,7,216,269,153,249,476,445,103,160,921,485,63.08794788273616,-53,45.378151260504204,402,41.36482084690554,-96,0.5467869222096956,-57,199,324,158,6814,7020,497,6628,231,7517,523,8.577357988559266,-125,2.8347578347578346,6972,143.22362644672077,-6656,0.06977985323549032,6397
E02000163,Bromley,10,10,7.330790403398693,7.727085717952009,953.0,930.0,0.9694811800610376,0.9460834181078333,-0.0233977619532045,0.3962953145533161,0.0,180.0,409,257,666,180.0,0.0,-180.0,0.0,0.0,177.0,397.0,252.0,649.0,177.0,0.0,-177.0,0.0,0.0,307.0,307.0,0.0,-307.0,0.0,0.0,260.0,260.0,0.0,-260.0,0.0,-176.0,0.0,176.0,3.0,-3.0,0.0,0.0,47.0,-47.0,0.0,0.0,0.3696098562628336,0.7312312312312312,0.4050343249427917,0.6733436055469953,concordant,concordant,0.035424468679958,-0.0578876256842358,10,0,446,0,500,565,496,156,239,1061,446,0.0,-446,0.0,500,0.0,-500,0.4714587737843552,-83,0,514,0,7522,7615,575,7218,323,8190,514,0.0,-514,0.0,7522,0.0,-7522,0.06396217023394724,6895
E02000165,Bromley,10,10,9.212837169907736,9.006367838910947,914.0,895.0,0.9298067141403866,0.9104781281790436,-0.0193285859613429,-0.2064693309967893,0.0,183.0,334,236,570,183.0,0.0,-183.0,0.0,0.0,170.0,320.0,225.0,545.0,170.0,0.0,-170.0,0.0,0.0,251.0,251.0,0.0,-251.0,0.0,0.0,244.0,244.0,0.0,-244.0,0.0,-163.0,0.0,163.0,13.0,-13.0,0.0,0.0,7.0,-7.0,0.0,0.0,0.4216589861751152,0.7614035087719299,0.4106280193236715,0.7596330275229358,concordant,concordant,-0.0110309668514437,-0.001770481248994,9,46,366,35,393,467,413,133,177,880,412,19.131818181818183,-320,9.850107066381156,428,15.630681818181818,-358,0.49047619047619045,-44,46,496,31,6963,7035,544,6715,319,7579,542,3.0104235387254255,-450,0.6538734896943853,6994,28.480406386066765,-6932,0.07192144373673036,6396
E02000166,Camden,6,6,22.096886846289753,20.44251639344262,556.0,522.0,0.5656154628687691,0.5310274669379451,-0.0345879959308239,-1.6543704528471324,228.0,352.0,653,686,1339,580.0,59.93726661687827,-124.0,34.915773353751916,182.0,305.0,588.0,570.0,1158.0,487.0,47.93609671848014,-123.0,30.952380952380953,253.0,338.0,591.0,63.86407766990291,-85.0,36.88046647230321,215.0,326.0,541.0,60.52677029360967,-111.0,37.719298245614034,-30.0,256.0,286.0,1.0,-93.0,-12.001169898398132,-3.963392401370964,-26.0,-50.0,-3.3373073762932393,0.8388317733108224,0.4953031596925704,0.8745332337565347,0.4737354085603112,0.8877374784110535,concordant,concordant,-0.0215677511322591,0.0132042446545188,4,562,345,472,322,970,888,317,202,1858,907,104.35414424111949,217,57.938144329896915,794,81.79978471474703,150,0.5332157554379776,115,7241,287,529,307,7631,875,7043,305,8506,7528,244.31777568774982,6954,94.8892674616695,836,19.09275805313896,222,0.9000478240076518,6738
E02000167,Camden,9,10,10.532950047205436,6.397151924839597,883.0,959.0,0.8982706002034588,0.97558494404883,0.0773143438453712,-4.13579812236584,23.0,631.0,790,841,1631,654.0,8.898221949724096,-608.0,2.911392405063291,19.0,528.0,754.0,722.0,1476.0,547.0,6.796747967479675,-509.0,2.519893899204244,44.0,605.0,649.0,16.32127529123237,-561.0,5.231866825208085,33.0,565.0,598.0,12.632113821138212,-532.0,4.570637119113574,-558.0,0.0,558.0,99.0,-107.0,-2.1014739822444213,-0.391498505859047,29.0,-51.0,-3.689161470094159,-0.6612297060945114,0.5019186492709132,0.7988963825873697,0.4777292576419214,0.7757452574525745,concordant,concordant,-0.0241893916289918,-0.0231511251347952,8,20,969,40,1190,1314,1111,524,270,2425,989,7.991752577319588,-949,1.5220700152207,1230,19.628865979381445,-1150,0.44569625957638576,254,17,885,29,6884,6998,1019,6244,297,8017,902,1.8766371460646127,-868,0.24292655044298372,6913,24.901584133715854,-6855,0.11541906589891235,5947
E02000168,Camden,6,7,23.833968997797356,16.301063330040613,501.0,650.0,0.5096642929806714,0.6612410986775178,0.1515768056968464,-7.532905667756744,180.0,524.0,840,813,1653,704.0,57.05989110707804,-344.0,21.428571428571427,191.0,564.0,808.0,853.0,1661.0,755.0,64.85490668272125,-373.0,23.638613861386137,178.0,555.0,733.0,59.76406533575317,-377.0,21.894218942189426,186.0,542.0,728.0,60.69355809753161,-356.0,21.80539273153575,-412.0,173.0,585.0,-29.0,51.0,7.7950155756432125,2.21004243281471,21.0,-5.0,0.929492761778434,-0.088826210653675,0.4899095337508699,0.8693284936479129,0.5091031692515172,0.892835641180012,concordant,concordant,0.0191936355006473,0.0235071475320991,4,527,501,387,543,1166,1007,326,194,2173,1028,121.50345144960883,26,45.19725557461406,930,96.70547630004602,-156,0.5250255362614913,132,7047,542,597,527,7644,1255,6836,402,8899,7589,429.20260703449827,6505,92.18995290423861,1124,35.354421845151144,70,0.8709973602662688,6434
E02000169,Camden,9,10,11.585478528217887,5.946124186046513,848.0,966.0,0.8626653102746694,0.982706002034588,0.1200406917599186,-5.639354342171375,31.0,826.0,742,1069,1811,857.0,14.139149641082277,-795.0,4.177897574123989,9.0,532.0,720.0,723.0,1443.0,541.0,3.318087318087318,-523.0,1.25,46.0,560.0,606.0,14.224185532854776,-514.0,4.303086997193639,51.0,559.0,610.0,19.75675675675676,-508.0,7.053941908713693,-553.0,0.0,553.0,272.0,-316.0,-10.821062322994958,-2.927897574123989,6.0,4.0,5.532571223901986,2.7508549115200536,0.5857826384142174,0.8078409718387631,0.47002606429192,0.7976437976437977,concordant,concordant,-0.1157565741222973,-0.0101971741949654,8,30,1071,40,1505,1636,1231,894,162,2867,1101,11.206836414370422,-1041,1.8337408312958436,1545,20.997558423439134,-1465,0.41609977324263037,732,5,798,45,6890,6994,962,6274,239,7956,803,0.5015082956259427,-793,0.07148984844152131,6935,38.970588235294116,-6845,0.10377358490566038,6035
E02000170,Camden,8,8,16.624588354881265,13.196566253263708,714.0,752.0,0.7263479145473042,0.7650050864699899,0.0386571719226856,-3.4280221016175574,163.0,914.0,1109,1181,2290,1077.0,65.05764192139738,-751.0,14.697926059513074,100.0,749.0,947.0,1010.0,1957.0,849.0,38.27286663260092,-649.0,10.559662090813092,166.0,845.0,1011.0,61.2532751091703,-679.0,14.055884843353091,155.0,708.0,863.0,56.07562595809913,-553.0,15.346534653465346,-537.0,128.0,665.0,102.0,-228.0,-26.784775288796453,-4.138263968699983,126.0,-148.0,-5.177649151071172,1.2906498101122548,0.5158045977011494,0.9117903930131004,0.495911214953271,0.8748083801737353,concordant,concordant,-0.0198933827478783,-0.036982012839365,6,178,905,181,832,1671,1461,562,280,3132,1083,51.43358876117497,-727,10.652304009575104,1013,48.08173690932312,-651,0.5166984732824428,282,108,743,182,697,7771,1402,6824,392,9173,851,8.747846942112723,-635,1.3897825247715867,879,13.82906355608852,-515,0.49190751445086706,6432
E02000171,Camden,7,8,18.761711944231266,14.361147302668938,647.0,721.0,0.6581892166836215,0.7334689725330621,0.0752797558494405,-4.400564641562324,222.0,540.0,832,819,1651,762.0,72.61053906723198,-318.0,26.682692307692307,217.0,468.0,755.0,743.0,1498.0,685.0,67.79439252336448,-251.0,28.741721854304636,222.0,529.0,751.0,71.13143549364021,-307.0,27.106227106227102,202.0,478.0,680.0,64.45660881174899,-276.0,27.18707940780619,-318.0,167.0,485.0,67.0,-77.0,-4.816146543867504,2.0590295466123294,31.0,-71.0,-6.6748266818912185,0.0808523015790889,0.5036351619299405,0.9164142943670502,0.5018315018315018,0.911214953271028,concordant,concordant,-0.0018036600984386,-0.0051993410960221,5,625,522,438,490,1227,1033,395,214,2260,1147,144.358407079646,103,50.937245313773424,928,94.96460176991151,-52,0.5527710843373494,181,6753,453,541,438,7276,1070,6521,327,8346,7206,366.53594536304814,6300,92.81198460692688,979,28.391804457225017,103,0.8803909590714722,6194
E02000172,Camden,2,3,37.137742762392826,29.4224440044762,182.0,218.0,0.1851475076297049,0.2217700915564598,0.0366225839267548,-7.715298757916628,775.0,70.0,941,1128,2069,845.0,26.220396326727887,705.0,82.35919234856536,675.0,80.0,837.0,984.0,1821.0,755.0,29.654036243822077,595.0,80.64516129032258,895.0,72.0,967.0,31.14548090865152,823.0,79.34397163120568,792.0,78.0,870.0,33.924217462932454,714.0,80.48780487804879,389.0,551.0,162.0,-110.0,-90.0,3.4336399170941903,-1.7140310582427816,-109.0,-97.0,2.7787365542809326,1.1438332468431156,0.4663355408388521,0.8757854035766071,0.4646153846153846,0.8923668314113125,concordant,concordant,-0.0017201562234674,0.0165814278347053,2,1248,82,910,74,1600,1369,659,241,2969,1330,34.46817110138094,1166,78.0,984,22.68103738632536,836,0.57476231633535,418,9507,84,1048,79,9833,1391,8996,407,11224,9591,71.15003563791875,9423,96.68463337740263,1127,7.376336421952958,969,0.8948497854077253,8589
E02000173,Camden,8,10,16.40104503179153,8.938290639837215,720.0,897.0,0.7324516785350966,0.9125127161749744,0.1800610376398779,-7.462754391954315,217.0,686.0,921,1074,1995,903.0,74.61754385964912,-469.0,23.561346362649292,235.0,572.0,925.0,1032.0,1957.0,807.0,68.68676545733265,-337.0,25.405405405405407,275.0,612.0,887.0,84.3609022556391,-337.0,25.605214152700185,288.0,585.0,873.0,86.09095554420031,-297.0,27.906976744186046,-843.0,0.0,843.0,132.0,-96.0,-5.930778402316463,1.8440590427561148,40.0,-14.0,1.7300532885612083,2.3017625914858613,0.5044692737430168,0.8972431077694235,0.4803571428571428,0.858456821665815,concordant,concordant,-0.0241121308858738,-0.0387862861036084,6,223,677,291,592,1737,1289,816,215,3026,900,49.891275611368144,-454,12.838226827864133,883,56.93060145406477,-301,0.5047672462142456,601,252,556,315,579,7289,1368,6364,336,8657,808,16.184821531708444,-304,3.457264370969955,894,21.067921912902854,-264,0.47473560517038776,6028
E02000174,Camden,4,5,31.40758254073904,21.866668215417107,329.0,461.0,0.3346897253306205,0.4689725330620549,0.1342828077314344,-9.540914325321932,435.0,376.0,841,940,1781,811.0,91.83604716451433,59.0,51.72413793103448,428.0,387.0,876.0,911.0,1787.0,815.0,92.6894236149972,41.0,48.858447488584474,430.0,324.0,754.0,78.22571588994947,106.0,45.744680851063826,397.0,371.0,768.0,82.42137660884164,26.0,43.578485181119646,-29.0,390.0,419.0,-18.0,4.0,0.8533764504828696,-2.8656904424500027,-80.0,14.0,4.195660718892171,-2.16619566994418,0.5182108626198083,0.8787198203256598,0.5148452305748579,0.8858421936205931,concordant,concordant,-0.0033656320449504,0.0071223732949333,3,812,370,606,324,1289,1172,448,232,2461,1182,122.08045509955302,442,62.99456943366951,930,79.78220235676554,282,0.5596590909090909,216,7457,387,743,370,7954,1321,7078,410,9275,7844,311.1438274932615,7070,93.75157153633393,1113,29.63989218328841,373,0.8757396449704142,6668
E02000175,Camden,6,8,22.019633821202532,15.199653641386238,562.0,695.0,0.5717192268565615,0.7070193285859614,0.1353001017293998,-6.8199801798162945,515.0,642.0,1149,1351,2500,1157.0,132.252,-127.0,44.82158398607485,533.0,599.0,1284.0,1316.0,2600.0,1132.0,122.795,-66.0,41.51090342679128,576.0,503.0,1079.0,115.8912,73.0,42.635085122131755,594.0,594.0,1188.0,135.70615384615385,0.0,45.13677811550152,-652.0,175.0,827.0,61.0,-25.0,-9.457000000000008,-3.3106805592835684,-73.0,109.0,19.814953846153855,2.501692993369766,0.5174418604651163,0.8944,0.4879310344827586,0.8923076923076924,divergent,zero,-0.0295108259823577,-0.0020923076923076,4,1362,610,906,459,1957,1636,808,285,3593,1972,231.23295296409685,752,69.59632089933572,1365,115.74005009741164,447,0.5909499550494456,523,8149,535,1202,560,8851,1873,7567,557,10724,8684,406.5381387541962,7614,92.0686928030731,1762,62.76762402088773,642,0.8313229944476355,7010
E02000176,Camden,9,10,12.899689763062923,8.016324858366728,803.0,922.0,0.8168870803662258,0.93794506612411,0.121057985757884,-4.8833649046961956,21.0,632.0,757,771,1528,653.0,8.68586387434555,-611.0,2.7741083223249667,29.0,644.0,726.0,775.0,1501.0,673.0,12.442371752165224,-615.0,3.994490358126722,31.0,618.0,649.0,12.537958115183246,-587.0,4.020752269779507,24.0,589.0,613.0,9.417721518987342,-565.0,3.096774193548387,-656.0,0.0,656.0,-4.0,20.0,3.756507877819674,1.2203820358017552,22.0,-36.0,-3.1202365961959035,-0.92397807623112,0.5015360983102919,0.8520942408376964,0.5233281493001555,0.8567621585609594,concordant,concordant,0.0217920509898635,0.004667917723263,7,104,781,122,1130,1289,931,532,160,2220,885,36.58738738738739,-677,8.068269976726144,1252,62.0990990990991,-1008,0.41413196069255964,372,93,879,113,5606,5748,1022,5022,247,6770,972,12.074889217134416,-786,1.6179540709812108,5719,93.57134416543575,-5493,0.14526976535644895,4775
E02000177,Camden,3,3,34.56624696691998,27.632996899379872,242.0,285.0,0.2461851475076297,0.2899287894201424,0.0437436419125127,-6.933250067540104,605.0,257.0,922,1001,1923,862.0,80.8554342173687,348.0,65.6182212581345,541.0,200.0,848.0,985.0,1833.0,741.0,59.02891434806328,341.0,63.79716981132076,648.0,182.0,830.0,61.32917316692668,466.0,64.73526473526474,635.0,193.0,828.0,66.86033824331696,442.0,64.46700507614213,440.0,569.0,129.0,-7.0,-121.0,-21.826519869305415,-1.8210514468137404,-24.0,-2.0,5.53116507639028,-0.2682596591226058,0.5094562647754137,0.8798751950078003,0.4722753346080306,0.855973813420622,concordant,concordant,-0.0371809301673831,-0.0239013815871783,2,1096,90,806,73,1409,1156,487,155,2565,1186,38.45614035087719,1006,77.78566359119942,879,22.93879142300195,733,0.5743341404358353,332,8020,77,982,86,8326,1331,7478,346,9657,8097,63.947395671533606,7943,96.32476579389862,1068,8.745158952055505,896,0.8834697217675941,7132
E02000178,Camden,4,4,30.807406748334653,26.68319258202568,344.0,308.0,0.3499491353001017,0.3133265513733469,-0.0366225839267548,-4.124214166308974,750.0,429.0,1239,1370,2609,1179.0,123.3231123035646,321.0,60.53268765133172,660.0,418.0,1186.0,1340.0,2526.0,1078.0,109.21615201900238,242.0,55.64924114671164,719.0,352.0,1071.0,97.00574932924492,367.0,52.481751824817515,768.0,370.0,1138.0,112.49406175771972,398.0,57.3134328358209,357.0,692.0,335.0,-79.0,-101.0,-14.10696028456222,-4.883446504620082,31.0,67.0,15.4883124284748,4.831681011003383,0.524,0.8623993867382139,0.4864620938628158,0.8772763262074426,concordant,concordant,-0.0375379061371841,0.0148769394692286,3,1269,429,905,348,1815,1613,576,243,3428,1698,158.81009334889148,840,69.91735537190083,1253,91.87281213535589,557,0.5753981701118265,333,8097,413,1118,369,8666,1743,7480,403,10409,8510,321.26630800269,7684,93.43411031617816,1487,39.63320203669901,749,0.8512553766129839,7077
E02000179,Camden,6,7,22.039602673408123,15.92515038434661,557.0,667.0,0.5666327568667345,0.6785350966429298,0.1119023397761952,-6.1144522890615125,365.0,261.0,822,683,1505,626.0,63.29900332225914,104.0,44.40389294403893,241.0,333.0,506.0,676.0,1182.0,574.0,67.89593908629442,-92.0,47.62845849802372,335.0,360.0,695.0,80.1328903654485,-25.0,49.04831625183016,273.0,202.0,475.0,46.65482233502538,71.0,40.38461538461539,-157.0,208.0,365.0,-196.0,-52.0,4.59693576403528,3.224565553984789,96.0,-220.0,-33.478068030423124,-8.663700867214772,0.4738834216502649,0.8777408637873754,0.5471877979027645,0.8874788494077834,divergent,divergent,0.0733043762524995,0.009737985620408,4,780,236,519,346,1192,824,370,141,2016,1016,91.30952380952381,544,65.43624161073825,865,89.07440476190476,173,0.5401382243487507,229,5401,312,521,194,5637,903,5131,227,6540,5713,257.66238532110094,5089,95.81337590917155,715,15.454740061162079,327,0.8887678904791537,4904
E02000180,Camden,5,5,28.312955766886123,23.5154621785174,399.0,402.0,0.4059003051881994,0.4089521871820956,0.0030518819938962,-4.797493588368724,401.0,873.0,956,1364,2320,1274.0,150.8935344827586,-472.0,41.945606694560674,373.0,572.0,981.0,1054.0,2035.0,945.0,104.84324324324324,-199.0,38.02242609582059,424.0,472.0,896.0,86.26206896551724,-48.0,31.085043988269796,400.0,556.0,956.0,109.28746928746928,-156.0,37.95066413662239,-104.0,394.0,498.0,273.0,-329.0,-46.050291239515374,-3.923180598740082,-108.0,60.0,23.02540032195203,6.865620148352598,0.5870967741935483,0.9353448275862069,0.4971067859021567,0.934152334152334,concordant,concordant,-0.0899899882913916,-0.0011924934338727,3,1429,673,715,356,1945,1630,989,266,3575,2102,269.01174825174826,756,73.47043701799485,1071,71.2,359,0.6624645445950205,723,7145,432,878,406,7735,1504,6754,450,9239,7577,334.08810477324386,6713,92.37233354880414,1284,38.58296352419093,472,0.8550953616973254,6304
E02000181,Camden,8,8,17.15644991177997,12.549205871648672,699.0,774.0,0.711088504577823,0.7873855544252288,0.0762970498474058,-4.607244040131297,140.0,930.0,1006,1286,2292,1070.0,56.80628272251309,-790.0,13.916500994035786,135.0,752.0,1093.0,1059.0,2152.0,887.0,47.174721189591075,-617.0,12.351326623970722,211.0,755.0,966.0,69.50479930191972,-544.0,16.40746500777605,160.0,814.0,974.0,60.520446096654275,-654.0,15.108593012275731,-427.0,193.0,620.0,173.0,-183.0,-9.631561532922014,-1.5651743700650638,-110.0,8.0,-8.984353205265442,-1.2988719955003187,0.5255402750491159,0.8883071553228621,0.476625470177324,0.8647769516728625,concordant,concordant,-0.0489148048717918,-0.0235302036499995,6,146,914,231,743,1631,1498,625,212,3129,1060,42.6474912112496,-768,8.951563458001226,974,54.852348993288594,-512,0.5211406096361848,413,151,746,182,810,7883,1487,6790,428,9370,897,12.021985058697972,-595,1.9155143980718,992,15.733191035218784,-628,0.474854420328216,6362
E02000182,Camden,7,8,20.42072622666866,14.248015745965096,603.0,725.0,0.6134282807731435,0.7375381485249237,0.1241098677517802,-6.172710480703563,319.0,438.0,747,836,1583,757.0,88.26405559065066,-119.0,42.704149933065594,293.0,378.0,858.0,771.0,1629.0,671.0,67.98895027624309,-85.0,34.149184149184144,325.0,362.0,687.0,74.32090966519267,-37.0,38.875598086124405,323.0,485.0,808.0,96.16635972989565,-162.0,41.893644617380026,-233.0,180.0,413.0,34.0,-86.0,-20.27510531440757,-8.55496578388145,-125.0,121.0,21.845450064702973,3.018046531255621,0.5242382271468145,0.912192040429564,0.45368492224476,0.9079189686924494,concordant,concordant,-0.0705533049020544,-0.0042730717371147,5,859,379,491,323,1280,982,533,146,2262,1238,143.9261715296198,480,67.109375,814,70.11184792219275,168,0.6033138401559455,387,6439,350,622,421,6988,1058,6130,287,8046,6789,280.0956997265722,6089,92.14367487120778,1043,32.54561272682078,201,0.8668283963227783,5843
E02000183,Camden,6,6,21.20543697662075,18.61980294504968,586.0,580.0,0.5961342828077314,0.590030518819939,-0.0061037639877924,-2.585634031571068,248.0,381.0,723,783,1506,629.0,62.7410358565737,-133.0,34.3015214384509,224.0,339.0,726.0,708.0,1434.0,563.0,52.95397489539749,-115.0,30.85399449035813,283.0,351.0,634.0,65.95816733067728,-68.0,36.14303959131545,286.0,403.0,689.0,80.37517433751744,-117.0,40.3954802259887,-33.0,285.0,318.0,18.0,-66.0,-9.787060961176216,-3.4475269480927686,-49.0,55.0,14.417007006840151,4.252440634673249,0.4980205859065716,0.8386454183266933,0.4496805111821086,0.8730822873082287,concordant,concordant,-0.048340074724463,0.0344368689815354,5,699,480,448,464,1256,1011,533,228,2267,1179,148.00176444640493,219,55.652866242038215,912,91.69475077194531,-16,0.563845050215208,305,6825,403,573,491,7398,1078,6672,370,8476,7228,324.5015337423313,6422,92.25466342254663,1064,33.19289759320434,82,0.8716835504100338,6302
E02000184,Camden,3,3,35.01582373902274,30.14434646824565,227.0,200.0,0.2309257375381485,0.2034587995930824,-0.0274669379450661,-4.871477270777092,718.0,338.0,1142,1284,2426,1056.0,100.03462489694972,380.0,62.87215411558669,755.0,330.0,1154.0,1208.0,2362.0,1085.0,105.4826418289585,425.0,65.42461005199307,749.0,290.0,1039.0,89.53421269579555,459.0,58.333333333333336,750.0,277.0,1027.0,87.95512277730737,473.0,62.086092715231786,540.0,785.0,245.0,45.0,29.0,5.448016932008784,2.552455936406382,14.0,-12.0,-1.5790899184881797,3.75275938189845,0.5040572792362769,0.8635614179719703,0.5137310606060606,0.8941574936494496,concordant,concordant,0.0096737813697836,0.0305960756774793,2,1462,135,980,133,1883,1514,741,230,3397,1597,58.10126582278481,1327,77.64206054168879,1113,38.36914924933765,847,0.5892988929889299,511,8318,139,1207,118,8715,1663,7561,455,10378,8457,111.40894199267682,8179,95.44463568559955,1325,13.723838889959529,1089,0.8645471273768146,7106
E02000185,Camden,3,3,35.80940246441496,29.76935278598565,205.0,207.0,0.2085452695829094,0.2105798575788403,0.0020345879959308,-6.0400496784293125,614.0,183.0,847,1105,1952,797.0,57.5625,431.0,72.49114521841794,617.0,191.0,900.0,942.0,1842.0,808.0,63.97774158523344,426.0,68.55555555555556,804.0,143.0,947.0,58.89959016393443,661.0,72.76018099547511,666.0,195.0,861.0,70.50488599348535,471.0,70.70063694267516,443.0,633.0,190.0,-5.0,11.0,6.415241585233439,-3.935589662862384,-190.0,-86.0,11.60529582955092,-2.05954405279995,0.4569954128440367,0.8934426229508197,0.4841222288795686,0.9060803474484256,concordant,concordant,0.0271268160355319,0.0126377244976059,2,1058,122,969,81,1289,1267,442,162,2556,1180,50.49921752738654,936,82.07913110938712,1050,30.70774647887324,888,0.5291479820627802,280,8436,130,951,117,8719,1225,7819,283,9944,8566,110.28559935639582,8306,96.75421493290514,1068,11.18936041834272,834,0.889142619887897,7536
E02000186,Camden,4,4,30.986012874233584,25.35959703903095,339.0,346.0,0.3448626653102746,0.3519837232960325,0.0071210579857579,-5.626415835202632,493.0,395.0,920,1020,1940,888.0,100.37886597938144,98.0,53.586956521739125,427.0,341.0,924.0,899.0,1823.0,768.0,79.87218869994514,86.0,46.21212121212121,509.0,341.0,850.0,89.46855670103093,168.0,49.90196078431373,465.0,394.0,859.0,100.49917718047176,71.0,51.72413793103448,184.0,478.0,294.0,-12.0,-120.0,-20.506677279436303,-7.374835309617914,-97.0,9.0,11.030620479440827,1.8221771467207477,0.5109321058688148,0.8958762886597939,0.4720344191763982,0.8924849149753155,concordant,concordant,-0.0388976866924165,-0.0033913736844783,3,1081,395,683,334,1562,1253,642,233,2815,1476,151.68561278863234,686,69.20614596670934,1017,81.03801065719361,349,0.592057761732852,409,5605,339,789,388,6149,1278,5225,379,7427,5944,255.83613841389524,5266,91.15303301349813,1177,41.21879628382927,401,0.8347142255301222,4846
E02000187,Camden,2,1,39.63475536848559,34.75225391566265,146.0,84.0,0.1485249237029501,0.0854526958290946,-0.0630722278738555,-4.882501452822943,723.0,90.0,847,931,1778,813.0,36.59730033745782,633.0,85.36009445100355,648.0,111.0,816.0,844.0,1660.0,759.0,43.33012048192771,537.0,79.41176470588235,756.0,68.0,824.0,28.913385826771652,688.0,81.203007518797,674.0,88.0,762.0,35.73012048192771,586.0,79.85781990521326,754.0,754.0,0.0,-96.0,-54.0,6.7328201444698905,-5.9483297451212,-102.0,-62.0,6.816734655156061,-1.3451876135837324,0.4966401954795357,0.9206974128233972,0.4990138067061144,0.916265060240964,concordant,concordant,0.0023736112265786,-0.0044323525824332,2,971,98,699,72,1261,1068,414,137,2329,1069,40.857878917990554,873,77.00237906423474,771,21.609274366680978,627,0.5809782608695652,277,9262,116,893,91,9583,1203,8767,359,10786,9378,99.60986463934731,9146,96.6503182719399,984,7.534118301501947,802,0.905037637521714,8408
E02000188,Camden,3,3,32.86733948690218,28.46804810669207,288.0,248.0,0.2929806714140386,0.2522889114954221,-0.0406917599186165,-4.399291380210112,865.0,273.0,1182,1133,2315,1138.0,102.00647948164146,592.0,73.18104906937394,375.0,220.0,636.0,848.0,1484.0,595.0,55.59299191374663,155.0,58.9622641509434,724.0,224.0,948.0,70.05442764578834,500.0,63.90114739629303,514.0,121.0,635.0,41.90970350404313,393.0,60.613207547169814,251.0,406.0,155.0,-437.0,-543.0,-46.41348756789483,-14.218784918430543,-107.0,-313.0,-28.144724141745208,-3.2879398491232124,0.5455417066155321,0.9010799136069114,0.483739837398374,0.8288409703504043,concordant,concordant,-0.0618018692171581,-0.0722389432565071,2,1566,94,928,56,1882,1337,700,204,3219,1660,45.729729729729726,1472,83.20935175345377,984,16.144144144144143,872,0.6278366111951589,496,6799,77,807,53,7059,1141,6423,293,8200,6876,63.844268292682926,6722,96.31675874769797,860,5.215975609756097,754,0.8888314374353671,6130
E02000189,Camden,5,3,27.550494682032305,28.462772490021493,421.0,250.0,0.4282807731434384,0.254323499491353,-0.1739572736520854,0.912277807989188,305.0,549.0,706,973,1679,854.0,99.72900536033352,-244.0,43.201133144475925,0.0,0.0,0.0,0.0,0.0,0.0,0.0,0.0,0.0,320.0,329.0,649.0,62.70399047051816,-9.0,32.8879753340185,0.0,0.0,0.0,0.0,0.0,0.0,0.0,0.0,0.0,244.0,-854.0,-99.72900536033352,-43.201133144475925,9.0,-649.0,-62.70399047051816,-32.8879753340185,0.5681969394544245,0.8951756998213222,0.5,0.0,concordant,zero,-0.0681969394544245,-0.8951756998213222,3,1062,405,510,232,1434,1103,728,130,2537,1467,169.53488372093022,657,74.05857740585773,742,46.63776113519906,278,0.6641014033499321,598,0,0,0,0,0,0,0,0,0,0,0.0,0,0.0,0,0.0,0,0.5,0
E02000190,Camden,6,5,23.8364038061089,23.143197738592004,499.0,416.0,0.5076297049847406,0.4231943031536114,-0.0844354018311291,-0.693206067516897,302.0,1270.0,831,1665,2496,1572.0,153.66185897435898,-968.0,36.34175691937425,0.0,0.0,0.0,0.0,0.0,0.0,0.0,0.0,0.0,275.0,440.0,715.0,48.4775641025641,-165.0,16.516516516516518,0.0,0.0,0.0,0.0,0.0,0.0,0.0,0.0,0.0,968.0,-1572.0,-153.66185897435898,-36.34175691937425,165.0,-715.0,-48.4775641025641,-16.516516516516518,0.6873633581110625,0.9162660256410255,0.5,0.0,concordant,zero,-0.1873633581110625,-0.9162660256410255,4,2065,1151,539,395,2585,1914,1754,249,4499,3216,528.2985107801734,914,79.88394584139265,934,47.32273838630807,144,0.7749397590361445,1505,0,0,0,0,0,0,0,0,0,0,0.0,0,0.0,0,0.0,0,0.5,0
E02000191,Camden,7,8,18.5417108176604,14.910271007639142,658.0,708.0,0.669379450661241,0.7202441505595117,0.0508646998982706,-3.631439810021256,282.0,1618.0,1289,1989,3278,1900.0,139.1934106162294,-1336.0,21.87742435996897,200.0,1190.0,842.0,1533.0,2375.0,1390.0,100.21052631578948,-990.0,23.75296912114014,232.0,895.0,1127.0,63.343502135448446,-663.0,11.664152840623428,211.0,551.0,762.0,48.952,-340.0,13.763861709067188,-1123.0,159.0,1282.0,346.0,-510.0,-38.982884300439906,1.8755447611711704,323.0,-365.0,-14.391502135448448,2.0997088684437593,0.6276841757515692,0.9234289200732154,0.645910780669145,0.9061052631578947,concordant,concordant,0.0182266049175757,-0.0173236569153206,5,2173,1566,508,879,3162,2242,1873,253,5404,3739,629.7035529237602,607,68.72232764073371,1387,82.6299037749815,-371,0.7294186500195083,1620,4629,1169,696,533,5244,1977,4402,444,7221,5798,749.3838803489822,3460,88.27231121281464,1229,51.373493975903614,163,0.8251031734737442,3958
E02000192,Camden,4,5,30.374227148246472,23.021447548106764,354.0,420.0,0.3601220752797558,0.427263479145473,0.0671414038657171,-7.3527796001397085,478.0,239.0,714,692,1406,717.0,81.25320056899004,239.0,66.94677871148458,279.0,205.0,588.0,559.0,1147.0,484.0,49.86486486486486,74.0,47.44897959183674,396.0,183.0,579.0,51.54196301564723,213.0,57.22543352601156,302.0,242.0,544.0,63.71752397558849,60.0,54.02504472271914,4.0,257.0,253.0,-165.0,-233.0,-31.388335704125176,-19.497799119647844,-153.0,-35.0,12.175560959941263,-3.2003888032924195,0.5532407407407407,0.92176386913229,0.4708171206225681,0.8962510897994769,concordant,concordant,-0.0824236201181726,-0.0255127793328132,3,811,239,459,180,1140,830,426,138,1970,1050,98.39035532994924,572,71.14035087719299,639,41.93908629441624,279,0.6216696269982238,288,6261,205,550,237,6599,845,6011,286,7444,6466,172.42141321869963,6056,94.87801181997271,787,17.5107469102633,313,0.8914931752378327,5725
E02000193,Camden,5,7,24.079412731323725,17.801022276923074,487.0,603.0,0.4954221770091556,0.6134282807731435,0.1180061037639878,-6.27839045440065,501.0,445.0,1026,1062,2088,946.0,106.77442528735632,56.0,48.83040935672515,372.0,330.0,764.0,753.0,1517.0,702.0,80.9228740936058,42.0,48.69109947643979,500.0,390.0,890.0,93.39080459770116,110.0,47.080979284369114,358.0,302.0,660.0,71.26961107448912,56.0,47.54316069057105,-301.0,187.0,488.0,-14.0,-244.0,-25.851551193750524,-0.13930988028536,-54.0,-230.0,-22.12119352321204,0.4621814062019354,0.5152505446623094,0.8793103448275862,0.5154185022026432,0.8978246539222149,concordant,concordant,0.0001679575403338,0.0185143090946287,4,1369,509,568,472,2078,1276,1052,214,3354,1878,207.7581991651759,860,65.88065447545716,1040,79.93321407274895,96,0.6435915010281015,838,5390,366,626,342,5888,1099,5124,346,6987,5756,282.34435379991413,5024,91.54211956521739,968,30.64147702876771,284,0.8560380725758477,4778
E02000194,Croydon,5,5,27.43738927897884,23.44658497221035,423.0,407.0,0.4303153611393693,0.4140386571719227,-0.0162767039674466,-3.990804306768492,294.0,446.0,880,845,1725,740.0,76.01391304347825,-152.0,33.409090909090914,279.0,263.0,865.0,763.0,1628.0,542.0,45.07186732186732,16.0,32.25433526011561,272.0,438.0,710.0,69.06434782608696,-166.0,32.18934911242604,361.0,441.0,802.0,97.78931203931204,-80.0,47.313237221494106,0.0,309.0,309.0,168.0,-198.0,-30.94204572161093,-1.1547556489753037,86.0,92.0,28.72496421322508,15.12388810906807,0.5103448275862069,0.8405797101449275,0.4032738095238095,0.8255528255528255,concordant,divergent,-0.1070710180623973,-0.0150268845921019,3,666,238,536,217,1177,1053,297,208,2230,904,71.07982062780269,428,56.58453695836874,753,52.157847533632285,319,0.5455642727821364,89,8457,156,835,236,8976,1188,8111,425,10164,8613,129.80047225501772,8301,94.21791443850267,1071,19.388036206218025,599,0.8894052044609665,7686
E02000195,Croydon,7,8,18.64841372049825,15.2828198019802,653.0,693.0,0.6642929806714141,0.7049847405900305,0.0406917599186164,-3.3655939185180515,79.0,446.0,697,587,1284,525.0,27.44080996884735,-367.0,11.33428981348637,82.0,427.0,571.0,647.0,1218.0,509.0,28.74712643678161,-345.0,14.36077057793345,113.0,561.0,674.0,49.37149532710281,-448.0,19.250425894378196,163.0,447.0,610.0,59.820197044334975,-284.0,25.19319938176198,-444.0,42.0,486.0,22.0,-16.0,1.3063164679342592,3.0264807644470793,164.0,-64.0,10.448701717232169,5.942773487383782,0.4378648874061718,0.9338006230529596,0.4548704200178731,0.91871921182266,concordant,concordant,0.0170055326117012,-0.0150814112302993,5,270,432,315,550,887,788,190,201,1675,702,69.63582089552239,-162,30.43968432919955,865,103.43283582089552,-235,0.44798978940650924,-11,9031,413,439,435,9519,923,8948,276,10442,9444,357.19239609270255,8618,94.87341107259167,874,18.2881631871289,4,0.9152936615623183,8672
E02000196,Croydon,5,4,26.273647129542077,24.416559833506764,446.0,376.0,0.4537131230925738,0.3825025432349949,-0.0712105798575788,-1.8570872960353135,192.0,222.0,526,551,1077,414.0,39.57660167130919,-30.0,36.50190114068441,225.0,248.0,563.0,625.0,1188.0,473.0,46.96969696969697,-23.0,39.96447602131439,256.0,214.0,470.0,50.867223769730735,42.0,46.46098003629764,301.0,261.0,562.0,66.12878787878788,40.0,48.16,98.0,297.0,199.0,7.0,59.0,7.393095298387777,3.4625748806299796,-2.0,92.0,15.26156410905714,1.699019963702355,0.4683257918552036,0.8207985143918292,0.4570048309178744,0.8712121212121212,divergent,divergent,-0.0113209609373292,0.050413606820292,4,308,263,274,272,710,664,184,113,1374,571,58.95487627365357,45,43.38028169014084,546,54.24163027656478,2,0.5111906893464637,71,7299,288,430,301,7727,847,7164,222,8574,7587,245.17284814555634,7011,94.46098097579915,731,15.095637975274084,129,0.9121182976677086,6942
E02000197,Croydon,6,6,21.99235828568287,20.895488907319095,565.0,496.0,0.5747711088504578,0.5045778229908443,-0.0701932858596134,-1.096869378363774,166.0,336.0,804,697,1501,502.0,37.15922718187875,-170.0,20.64676616915423,118.0,346.0,552.0,666.0,1218.0,464.0,33.520525451559934,-228.0,21.3768115942029,266.0,565.0,831.0,100.126582278481,-299.0,38.1635581061693,232.0,364.0,596.0,69.33333333333333,-132.0,34.83483483483483,-274.0,112.0,386.0,-58.0,-38.0,-3.6387017303188145,0.7300454250486688,167.0,-235.0,-30.793248945147667,-3.328723271334468,0.3765941485371343,0.8880746169220519,0.4377358490566038,0.8702791461412152,concordant,concordant,0.0611417005194694,-0.0177954707808367,4,407,264,459,414,1025,858,221,161,1883,671,57.06213489113117,143,39.707317073170735,873,100.9166224110462,45,0.43458549222797926,60,8471,220,556,277,8875,968,8323,302,9843,8691,189.33455247383927,8251,95.44788732394366,833,15.646855633445087,279,0.9125367492650147,8021
E02000198,Croydon,4,2,29.828975247831476,31.283496550137997,366.0,166.0,0.3723296032553408,0.1688708036622584,-0.2034587995930824,1.4545213023065209,403.0,163.0,763,732,1495,566.0,43.93913043478261,240.0,52.8178243774574,409.0,188.0,714.0,655.0,1369.0,597.0,56.16654492330168,221.0,57.2829131652661,429.0,251.0,680.0,72.02608695652174,178.0,58.606557377049185,357.0,178.0,535.0,46.41782322863404,179.0,54.50381679389314,451.0,534.0,83.0,-19.0,31.0,12.227414488519068,4.465088787808703,1.0,-145.0,-25.608263727887696,-4.102740583156049,0.4542536115569823,0.8334448160535117,0.5273851590106007,0.8268809349890431,concordant,concordant,0.0731315474536183,-0.0065638810644685,3,502,163,445,248,942,829,179,97,1771,665,46.20327498588368,339,53.29087048832272,693,62.31507622811971,197,0.4896907216494845,82,8392,188,571,178,8753,903,8039,248,9656,8580,163.39022369511184,8204,95.87569976008226,749,10.525890637945318,393,0.919712723764605,7791
E02000199,Croydon,6,5,23.255173858837487,21.93459211603696,526.0,459.0,0.5350966429298067,0.4669379450661241,-0.0681586978636826,-1.3205817428005275,128.0,334.0,650,597,1247,462.0,34.28388131515638,-206.0,19.692307692307693,115.0,365.0,561.0,671.0,1232.0,480.0,34.070616883116884,-250.0,20.499108734402853,183.0,471.0,654.0,69.12028869286287,-288.0,30.65326633165829,239.0,409.0,648.0,79.34334415584415,-170.0,35.61847988077496,-151.0,170.0,321.0,-44.0,18.0,-0.2132644320394945,0.8068010420951595,118.0,-6.0,10.22305546298128,4.9652135491166725,0.4139784946236559,0.8949478748997595,0.425531914893617,0.9155844155844156,concordant,concordant,0.011553420269961,0.0206365406846561,4,302,303,356,394,806,746,156,149,1552,605,58.96005154639175,-1,37.468982630272954,750,90.37628865979381,-38,0.44649446494464945,7,7826,340,627,373,8266,1029,7705,358,9295,8166,286.26573426573424,7486,94.67699007984514,1000,25.16094674556213,254,0.8909011564477417,7347
E02000200,Croydon,5,4,27.57531253195081,26.746037568689022,419.0,307.0,0.4262461851475076,0.3123092573753815,-0.1139369277721261,-0.8292749632617884,277.0,417.0,858,794,1652,694.0,69.92070217917676,-140.0,32.28438228438228,296.0,328.0,806.0,751.0,1557.0,624.0,62.355812459858704,-32.0,36.72456575682382,256.0,443.0,699.0,68.64891041162228,-187.0,32.241813602015114,323.0,343.0,666.0,71.15542710340398,-20.0,43.00932090545938,174.0,467.0,293.0,108.0,-70.0,-7.564889719318053,4.440183472441539,167.0,-33.0,2.506516691781698,10.767507303444267,0.498205312275664,0.8432203389830508,0.4837209302325581,0.8285163776493256,concordant,concordant,-0.0144843820431059,-0.0147039613337252,3,588,281,489,257,1114,971,256,177,2085,869,79.24604316546763,307,52.782764811490125,746,60.274820143884895,232,0.5380804953560372,79,8380,214,674,222,8839,1049,8033,298,9888,8594,181.36326860841424,8166,94.80710487611721,896,15.132281553398059,452,0.9055848261327714,7735
E02000201,Croydon,3,2,35.644580713681925,32.375662321882245,208.0,139.0,0.2115971515768057,0.1414038657171922,-0.0701932858596134,-3.26891839179968,588.0,95.0,847,646,1493,683.0,37.4146014735432,493.0,69.42148760330579,429.0,105.0,624.0,684.0,1308.0,534.0,34.43807339449541,324.0,68.75,450.0,137.0,587.0,41.2926992632284,313.0,69.65944272445822,485.0,121.0,606.0,44.866207951070336,364.0,70.90643274853801,356.0,419.0,63.0,-169.0,-149.0,-2.976528079047789,-0.6714876033057919,51.0,19.0,3.5735086878419366,1.2469900240797926,0.5377952755905512,0.8506363027461487,0.4684210526315789,0.8715596330275229,concordant,concordant,-0.0693742229589722,0.0209233302813742,2,777,51,603,41,1036,799,189,153,1835,828,21.59509536784741,726,75.0,644,13.473024523160763,562,0.5625,36,8360,32,762,26,8549,961,7925,277,9510,8392,28.130389064143007,8328,97.78921511287871,788,2.083280757097792,736,0.914161220043573,7648
E02000202,Croydon,7,5,17.964405222274216,21.210436688881092,679.0,484.0,0.6907426246185148,0.4923702950152594,-0.1983723296032553,3.246031466606876,91.0,508.0,632,678,1310,599.0,35.28854961832061,-417.0,14.39873417721519,50.0,484.0,594.0,711.0,1305.0,534.0,18.544061302681992,-434.0,8.417508417508419,123.0,494.0,617.0,46.383206106870226,-371.0,18.141592920353983,171.0,520.0,691.0,68.13793103448276,-349.0,24.050632911392405,-227.0,146.0,373.0,-17.0,-65.0,-16.744488315638616,-5.981225759706771,22.0,74.0,21.754724927612536,5.909039991038423,0.4925986842105263,0.9282442748091604,0.4359183673469388,0.9386973180076628,concordant,concordant,-0.0566803168635875,0.0104530431985025,5,313,466,260,428,853,815,221,137,1668,779,87.44484412470024,-153,36.694021101992966,688,66.71462829736211,-168,0.5310156782549421,84,8246,460,442,478,8790,979,8196,268,9769,8706,388.2853925683284,7786,93.81114903299203,920,21.62718804381206,-36,0.9044255142322876,7928
E02000203,Croydon,4,2,30.1595201406022,31.876307135728545,360.0,153.0,0.3662258392675483,0.155645981688708,-0.2105798575788403,1.7167869951263413,394.0,154.0,742,622,1364,548.0,44.483870967741936,240.0,53.09973045822103,340.0,200.0,601.0,765.0,1366.0,540.0,49.780380673499266,140.0,56.57237936772047,335.0,185.0,520.0,45.436217008797655,150.0,53.85852090032154,418.0,173.0,591.0,52.9385065885798,245.0,54.64052287581699,355.0,472.0,117.0,-100.0,-8.0,5.29650970575733,3.4726489094994406,95.0,71.0,7.502289579782143,0.7820019754954544,0.5131086142322098,0.782991202346041,0.4774535809018567,0.8279648609077599,concordant,concordant,-0.035655033330353,0.0449736585617188,3,538,154,398,185,950,749,208,127,1699,692,48.76515597410241,384,56.631578947368425,583,43.3372572101236,213,0.5427450980392157,81,7533,197,640,173,7840,1020,7239,255,8860,7730,167.49446952595937,7336,96.0841836734694,813,12.496613995485328,467,0.9048343673182723,6984
E02000204,Croydon,6,5,21.204372720314662,23.33938686357534,587.0,410.0,0.5971515768056969,0.4170905391658189,-0.1800610376398779,2.135014143260676,193.0,409.0,874,720,1594,602.0,49.52132998745295,-216.0,22.08237986270023,165.0,401.0,615.0,735.0,1350.0,566.0,49.01111111111111,-236.0,26.82926829268293,252.0,582.0,834.0,92.01003764115433,-330.0,35.0,249.0,357.0,606.0,65.84666666666666,-108.0,33.87755102040816,-170.0,186.0,356.0,-20.0,-36.0,-0.5102188763418383,4.7468884299827,222.0,-228.0,-26.163370974487663,-1.122448979591837,0.4192200557103064,0.9008782936010038,0.4829351535836177,0.8681481481481481,concordant,concordant,0.0637150978733113,-0.0327301454528556,5,342,463,284,676,1113,861,239,141,1974,805,80.21580547112463,-121,30.727762803234505,960,97.2563323201621,-392,0.45609065155807366,98,8970,483,396,450,9486,977,8871,242,10463,9453,414.0791360030584,8487,94.56040480708413,846,17.031444136480932,-54,0.9178561025342267,8629
E02000206,Croydon,4,2,31.63753758884579,32.66016979062812,322.0,131.0,0.3275686673448627,0.1332655137334689,-0.1943031536113937,1.0226322017823255,555.0,261.0,990,976,1966,816.0,73.68006103763987,294.0,56.060606060606055,409.0,195.0,822.0,811.0,1633.0,604.0,48.83955909369259,214.0,49.75669099756691,520.0,253.0,773.0,66.91759918616481,267.0,53.278688524590166,464.0,245.0,709.0,69.61420698101654,219.0,57.21331689272503,448.0,536.0,88.0,-80.0,-212.0,-24.84050194394728,-6.303915063039142,-48.0,-64.0,2.6966077948517295,3.9346283681348666,0.513530522341095,0.8082400813835199,0.46001523229246,0.8040416411512553,concordant,concordant,-0.0535152900486349,-0.0041984402322645,3,680,261,663,253,1198,1208,208,232,2406,941,73.76558603491272,419,56.761268781302164,916,69.71695760598504,410,0.5067312870220786,-24,10136,193,749,245,10606,1145,9784,334,11751,10329,166.47502340226364,9943,95.56854610597775,994,15.61611777721045,504,0.9122140775412877,9450
E02000207,Croydon,3,3,33.02746268140904,28.9408804206418,283.0,232.0,0.2878942014242115,0.2360122075279755,-0.0518819938962359,-4.086582260767241,467.0,83.0,645,725,1370,550.0,28.29270072992701,384.0,72.40310077519379,399.0,60.0,573.0,579.0,1152.0,459.0,20.78125,339.0,69.63350785340315,590.0,67.0,657.0,28.854014598540147,523.0,81.37931034482759,456.0,87.0,543.0,34.4375,369.0,78.75647668393782,176.0,347.0,171.0,-45.0,-91.0,-7.5114507299270095,-2.7695929217906468,-154.0,-114.0,5.583485401459853,-2.622833660889768,0.4556752278376139,0.881021897810219,0.4580838323353293,0.8697916666666666,concordant,concordant,0.0024086044977154,-0.0112302311435523,2,603,31,730,18,781,865,136,140,1646,634,11.356622114216282,572,77.20870678617158,748,7.9829890643985415,712,0.45875542691751087,-4,8592,13,787,27,8766,909,8193,330,9675,8605,11.544806201550388,8579,98.01505817932923,814,2.1962790697674417,760,0.9135789361928018,7863
E02000208,Croydon,3,1,34.30410638304392,37.00035305719921,249.0,49.0,0.2533062054933876,0.0498474059003051,-0.2034587995930824,2.69624667415529,1036.0,150.0,1331,1040,2371,1186.0,65.54196541543652,886.0,77.83621337340345,665.0,118.0,861.0,1047.0,1908.0,783.0,41.12683438155136,547.0,77.23577235772358,810.0,193.0,1003.0,65.93420497680303,617.0,77.88461538461539,866.0,123.0,989.0,55.827044025157235,743.0,82.71251193887296,773.0,773.0,0.0,-339.0,-403.0,-24.41513103388516,-0.600441015679877,126.0,-14.0,-10.107160951645795,4.827896554257578,0.5417999086340795,0.9232391396035428,0.4418735891647855,0.9287211740041929,concordant,concordant,-0.0999263194692939,0.00548203440065,2,1326,51,964,63,1621,1194,290,154,2815,1377,24.023445825932505,1275,81.80135718692165,1027,21.57442273534636,901,0.5727953410981698,136,10394,28,1197,31,10589,1378,9728,331,11967,10422,24.319545416562214,10366,98.15846633298706,1228,3.1007771371270993,1166,0.8945922746781116,9397
E02000209,Croydon,5,4,26.078018300451628,25.654668953687825,449.0,342.0,0.45676500508647,0.3479145473041709,-0.108850457782299,-0.4233493467638034,235.0,311.0,631,708,1339,546.0,54.58177744585512,-76.0,37.24247226624406,254.0,240.0,523.0,630.0,1153.0,494.0,52.870771899392885,14.0,48.565965583174,333.0,309.0,642.0,76.84615384615384,24.0,47.03389830508475,360.0,194.0,554.0,60.5724197745013,166.0,57.14285714285714,73.0,307.0,234.0,90.0,-52.0,-1.711005546462232,11.32349331692994,142.0,-88.0,-16.27373407165254,10.108958837772391,0.4595959595959596,0.8872292755787902,0.4713740458015267,0.9089332176929747,divergent,concordant,0.011778086205567,0.0217039421141846,4,329,352,454,358,817,915,186,207,1732,681,66.86374133949192,-23,40.26927784577723,812,93.8406466512702,96,0.45612860013395845,-21,8568,250,548,250,8914,875,8391,245,9789,8818,218.81703953417102,8318,96.11846533542742,798,13.995300847890489,298,0.9170133111480865,8146
E02000210,Croydon,7,6,19.291186922984355,18.30019387036167,634.0,587.0,0.6449643947100712,0.5971515768056969,-0.0478128179043743,-0.9909930526226844,124.0,386.0,595,588,1183,510.0,40.459847844463226,-262.0,20.840336134453786,120.0,308.0,576.0,513.0,1089.0,428.0,33.93939393939394,-188.0,20.833333333333336,144.0,448.0,592.0,54.532544378698226,-304.0,24.489795918367346,187.0,421.0,608.0,72.29292929292929,-234.0,36.45224171539961,-120.0,165.0,285.0,74.0,-82.0,-6.520453905069289,-0.0070028011204499,70.0,16.0,17.76038491423106,11.962445797032265,0.4627949183303085,0.9315300084530854,0.4131274131274131,0.9513314967860422,concordant,concordant,-0.0496675052028953,0.0198014883329568,5,307,381,328,442,778,771,183,183,1549,688,75.51129761136217,-74,39.46015424164525,770,93.59328599096192,-114,0.4718792866941015,0,8091,304,572,413,8547,898,7971,385,9445,8395,260.4196929592377,7787,94.66479466479466,985,25.011752249867655,159,0.8949893390191898,7586
E02000211,Croydon,9,9,11.374527161625,10.669117249846533,858.0,839.0,0.8728382502543235,0.8535096642929807,-0.0193285859613427,-0.7054099117784691,73.0,223.0,371,355,726,296.0,22.422865013774103,-150.0,19.67654986522911,77.0,211.0,421.0,369.0,790.0,288.0,20.565822784810127,-134.0,18.28978622327791,101.0,273.0,374.0,37.97933884297521,-172.0,28.450704225352112,116.0,303.0,419.0,44.49113924050633,-187.0,31.43631436314363,-154.0,62.0,216.0,16.0,-8.0,-1.8570422289639763,-1.3867636419511982,-15.0,45.0,6.511800397531118,2.985610137791518,0.4417910447761194,0.9228650137741048,0.4073550212164074,0.8949367088607595,concordant,concordant,-0.034436023559712,-0.0279283049133451,8,73,379,99,416,499,497,128,142,996,452,27.778112449799195,-306,14.629258517034069,515,41.34939759036145,-317,0.4674250258531541,-14,73,478,112,8049,8142,614,7721,245,8756,551,3.985153037916857,-405,0.8965856055023336,8161,102.95660118775697,-7937,0.06324609733700642,7476
E02000212,Croydon,4,3,29.527263739293677,29.82695001103509,375.0,206.0,0.3814852492370295,0.2095625635808748,-0.1719226856561546,0.2996862717414146,475.0,182.0,888,734,1622,657.0,53.2983970406905,293.0,53.490990990990994,288.0,122.0,584.0,700.0,1284.0,410.0,27.364485981308412,166.0,49.31506849315068,395.0,246.0,641.0,59.9075215782984,149.0,53.81471389645777,437.0,157.0,594.0,53.43380062305296,280.0,62.42857142857143,150.0,313.0,163.0,-127.0,-247.0,-25.93391105938209,-4.175922497840311,131.0,-47.0,-6.47372095524544,8.613857532113663,0.5061633281972265,0.8002466091245376,0.4083665338645418,0.7819314641744548,concordant,concordant,-0.0977967943326846,-0.0183151449500827,3,670,182,485,246,1160,870,272,136,2030,852,60.06896551724138,488,57.758620689655174,731,58.77339901477833,239,0.5382185723310171,136,8916,122,691,157,9241,981,8657,281,10222,9038,106.41283506163177,8794,96.4830646033979,848,10.613089414987282,534,0.9142221323083148,8376
E02000213,Croydon,2,1,37.81096726101978,38.76390809669992,170.0,37.0,0.17293997965412,0.0376398779247202,-0.1353001017293997,0.9529408356801384,1050.0,30.0,1168,995,2163,1080.0,14.563106796116504,1020.0,89.8972602739726,986.0,41.0,1104.0,1146.0,2250.0,1027.0,17.967111111111112,945.0,89.31159420289855,941.0,61.0,1002.0,26.53767914932963,880.0,94.57286432160804,1067.0,40.0,1107.0,18.968888888888888,1027.0,93.10645724258288,1010.0,1010.0,0.0,-75.0,-53.0,3.4040043149946086,-0.5856660710740584,147.0,105.0,-7.568790260440743,-1.46640707902516,0.5187319884726225,0.9625520110957004,0.4812558575445173,0.9484444444444444,concordant,concordant,-0.0374761309281051,-0.014107566651256,2,1350,30,974,63,1609,1185,441,190,2794,1380,14.495347172512528,1320,83.90304536979491,1037,21.962061560486756,911,0.5709557302441043,251,12154,42,1536,50,12444,1749,11340,603,14193,12196,35.96618051151977,12112,97.66955962712954,1586,5.411118156837878,1486,0.884922362501814,10737
E02000214,Croydon,9,9,12.692027490378448,10.980857277142407,816.0,831.0,0.8301119023397762,0.8453713123092573,0.0152594099694811,-1.7111702132360378,20.0,301.0,317,367,684,321.0,8.801169590643275,-281.0,6.309148264984227,26.0,226.0,351.0,275.0,626.0,252.0,9.38658146964856,-200.0,7.4074074074074066,41.0,289.0,330.0,17.323099415204677,-248.0,11.1716621253406,25.0,308.0,333.0,12.300319488817893,-283.0,9.090909090909092,-194.0,27.0,221.0,81.0,-69.0,0.5854118790052851,1.0982591424231796,-35.0,3.0,-5.022779926386784,-2.080753034431508,0.4930875576036866,0.9517543859649122,0.4307692307692308,0.9345047923322684,concordant,concordant,-0.0623183268344558,-0.0172495936326438,7,25,438,55,434,469,512,152,145,981,463,11.162079510703364,-413,5.330490405117271,489,24.332313965341488,-379,0.48634453781512604,7,39,452,38,6121,6166,516,5815,241,6682,491,2.6381322957198443,-413,0.6325008108984755,6159,34.80963783298414,-6083,0.07383458646616542,5574
E02000215,Croydon,6,5,23.67688194713824,23.594019057358,505.0,398.0,0.513733468972533,0.4048830111902339,-0.108850457782299,-0.082862889780241,482.0,577.0,1334,1104,2438,1059.0,114.0746513535685,-95.0,36.13193403298351,334.0,456.0,1063.0,995.0,2058.0,790.0,74.00583090379008,-122.0,31.420507996237063,477.0,775.0,1252.0,151.6304347826087,-298.0,43.20652173913043,485.0,622.0,1107.0,146.5840621963071,-137.0,48.743718592964825,-4.0,398.0,402.0,-27.0,-269.0,-40.068820449778414,-4.711426036746445,161.0,-145.0,-5.046372586301601,5.537196853834395,0.4582431847684985,0.9479081214109926,0.4164470216130733,0.9217687074829932,concordant,concordant,-0.0417961631554252,-0.0261394139279993,4,1047,509,790,694,1888,1402,554,298,3290,1556,161.98267477203646,538,55.45550847457628,1484,166.64437689969606,96,0.5118421052631579,256,10761,385,1105,548,11460,1593,10397,598,13053,11146,317.3971500804413,10376,93.90052356020942,1653,46.390867999693555,557,0.8708492851003985,9799
E02000216,Croydon,9,8,13.295774869100624,13.455914982678983,788.0,750.0,0.8016276703967447,0.762970498474059,-0.0386571719226856,0.1601401135783593,28.0,419.0,560,526,1086,447.0,10.802946593001842,-391.0,5.0,39.0,341.0,446.0,489.0,935.0,380.0,14.223529411764703,-302.0,8.74439461883408,60.0,493.0,553.0,27.23756906077348,-433.0,11.40684410646388,88.0,389.0,477.0,36.61176470588235,-301.0,17.995910020449898,-191.0,62.0,253.0,89.0,-67.0,3.4205828187628615,3.7443946188340806,132.0,-76.0,9.37419564510887,6.589065913986017,0.447,0.9208103130755064,0.4434072345390898,0.916577540106952,concordant,concordant,-0.0035927654609101,-0.0042327729685545,7,48,619,83,925,998,734,438,208,1732,667,17.15473441108545,-571,4.809619238476954,1008,44.32736720554273,-842,0.3982089552238806,230,51,681,118,6897,6968,850,6522,361,7818,732,4.4424405218726015,-630,0.7319173363949484,7015,104.09900230237912,-6779,0.09448818897637795,6161
E02000217,Croydon,4,3,30.57095345891825,29.344598423127465,349.0,221.0,0.3550356052899288,0.224821973550356,-0.1302136317395727,-1.2263550357907853,707.0,139.0,1212,811,2023,846.0,48.57785467128028,568.0,58.333333333333336,540.0,158.0,958.0,867.0,1825.0,698.0,46.75068493150685,382.0,56.36743215031316,546.0,278.0,824.0,75.03114186851211,268.0,67.32429099876695,564.0,250.0,814.0,77.26027397260275,314.0,65.05190311418684,378.0,577.0,199.0,-186.0,-148.0,-1.8271697397734312,-1.9659011830201791,46.0,-10.0,2.2291321040906382,-2.2723878845801124,0.5065868263473053,0.8255066732575383,0.4616402116402116,0.8284931506849315,concordant,concordant,-0.0449466147070937,0.0029864774273931,3,938,136,693,273,1545,1065,333,254,2610,1074,48.87662835249042,802,60.711974110032365,966,72.48620689655172,420,0.5264705882352941,79,11180,158,1009,250,11663,1348,10705,481,13011,11338,135.76512181999846,11022,95.85869844808369,1259,19.387441395742066,759,0.900055568786219,10224
E02000218,Croydon,5,5,25.673075853463857,22.906992338293794,457.0,427.0,0.4649033570701933,0.4343845371312309,-0.0305188199389623,-2.766083515170063,149.0,139.0,320,349,669,288.0,30.95814648729447,10.0,46.5625,183.0,78.0,304.0,272.0,576.0,261.0,24.78125,105.0,60.19736842105263,163.0,122.0,285.0,29.724962630792227,41.0,46.70487106017192,171.0,105.0,276.0,31.171875,66.0,62.86764705882353,51.0,147.0,96.0,95.0,-27.0,-6.176896487294471,13.63486842105263,25.0,-9.0,1.446912369207773,16.16277599865161,0.5026178010471204,0.8565022421524664,0.4860335195530726,0.9322916666666666,concordant,concordant,-0.0165842814940477,0.0757894245142002,4,203,173,251,148,402,470,82,121,872,376,40.27408256880734,30,50.49751243781094,399,42.60091743119266,103,0.48516129032258065,-39,6459,83,328,112,6603,464,6299,192,7067,6542,75.85920475449271,6376,97.81917310313494,440,5.198245365784633,216,0.9369808077914638,6107
E02000219,Croydon,10,10,9.557111806141036,9.19818679145795,904.0,887.0,0.9196337741607324,0.9023397761953204,-0.0172939979654119,-0.358925014683086,0.0,293.0,339,374,713,293.0,0.0,-293.0,0.0,0.0,206.0,366.0,266.0,632.0,206.0,0.0,-206.0,0.0,0.0,287.0,287.0,0.0,-287.0,0.0,0.0,290.0,290.0,0.0,-290.0,0.0,-219.0,0.0,219.0,87.0,-87.0,0.0,0.0,-3.0,3.0,0.0,0.0,0.5051724137931034,0.8134642356241234,0.4153225806451613,0.7848101265822784,concordant,concordant,-0.0898498331479421,-0.0286541090418449,9,33,493,37,388,437,568,98,194,1005,526,16.188059701492538,-460,7.551487414187644,425,14.284577114427861,-351,0.5531019978969506,-96,47,420,28,7483,7552,476,7186,210,8028,467,2.4588938714499253,-373,0.6223516949152542,7511,26.099152964623816,-7455,0.058535973928302835,6976
E02000220,Croydon,5,3,28.24847034510677,27.664538984296076,402.0,281.0,0.4089521871820956,0.2858596134282807,-0.1230925737538148,-0.5839313608106949,791.0,409.0,1424,1125,2549,1200.0,126.9199686151432,382.0,55.54775280898876,0.0,0.0,0.0,0.0,0.0,0.0,0.0,0.0,0.0,623.0,525.0,1148.0,128.31502550019616,98.0,55.37777777777778,0.0,0.0,0.0,0.0,0.0,0.0,0.0,0.0,0.0,-382.0,-1200.0,-126.9199686151432,-55.54775280898876,-98.0,-1148.0,-128.31502550019616,-55.37777777777778,0.5110732538330494,0.9211455472734406,0.5,0.0,concordant,zero,-0.0110732538330493,-0.9211455472734406,3,1494,212,970,273,2045,1422,621,297,3467,1706,91.35506201326795,1282,73.0562347188264,1243,76.3801557542544,697,0.5785011868429977,324,0,0,0,0,0,0,0,0,0,0,0.0,0,0.0,0,0.0,0,0.5,0
E02000221,Croydon,4,3,29.349014750509163,27.744066473176662,379.0,275.0,0.3855544252288911,0.2797558494404883,-0.1057985757884028,-1.6049482773324968,461.0,99.0,684,610,1294,560.0,35.26970633693972,362.0,67.39766081871345,418.0,95.0,655.0,508.0,1163.0,513.0,34.14445399828031,323.0,63.81679389312978,403.0,124.0,527.0,38.618238021638334,279.0,66.06557377049181,339.0,108.0,447.0,31.480653482373175,231.0,66.73228346456693,345.0,455.0,110.0,-39.0,-47.0,-1.1252523386594078,-3.5808669255836705,-48.0,-80.0,-7.137584539265159,0.6667096940751236,0.515179392824287,0.8400309119010819,0.534375,0.825451418744626,concordant,concordant,0.019195607175713,-0.0145794931564559,3,608,99,541,124,912,830,228,220,1742,707,34.553386911595865,509,66.66666666666666,665,38.5097588978186,417,0.5153061224489796,8,10373,95,649,108,10629,826,9974,318,11455,10468,86.02662592754255,10278,97.5914949666008,757,6.118900043649061,541,0.9325612472160356,9656
E02000222,Croydon,7,8,18.5529052477506,15.011405623471884,657.0,703.0,0.6683621566632757,0.7151576805696847,0.0467955239064089,-3.5414996242787176,286.0,285.0,773,644,1417,571.0,57.522935779816514,1.0,36.99870633893919,267.0,195.0,650.0,477.0,1127.0,462.0,46.19787045252884,72.0,41.07692307692308,319.0,432.0,751.0,97.25335215243472,-113.0,49.53416149068323,236.0,345.0,581.0,72.24489795918367,-109.0,49.47589098532495,-109.0,144.0,253.0,71.0,-109.0,-11.325065327287676,4.078216737983887,4.0,-170.0,-25.00845419325104,-0.0582705053582799,0.4319213313161876,0.9329569513055752,0.4429530201342282,0.9254658385093169,divergent,divergent,0.0110316888180406,-0.0074911127962584,5,630,282,618,427,1115,940,342,296,2055,912,86.45255474452554,348,56.502242152466366,1045,128.4116788321168,191,0.46601941747572817,46,7820,190,597,335,8203,838,7553,361,9041,8010,164.34022785090144,7630,95.33097647202243,932,22.120893706448403,262,0.8957727577723105,7192
E02000223,Croydon,1,1,42.808619366861784,38.80256021188935,97.0,35.0,0.0986775178026449,0.0356052899287894,-0.0630722278738555,-4.006059154972434,519.0,0.0,556,549,1105,519.0,0.0,519.0,93.3453237410072,218.0,0.0,239.0,298.0,537.0,218.0,0.0,218.0,91.21338912133892,486.0,0.0,486.0,0.0,486.0,88.52459016393442,262.0,0.0,262.0,0.0,262.0,87.91946308724832,185.0,185.0,0.0,-301.0,-301.0,0.0,-2.131934619668286,-224.0,-224.0,0.0,-0.6051270766861023,0.5164179104477612,0.9095022624434388,0.4541666666666666,0.8938547486033519,concordant,concordant,-0.0622512437810945,-0.015647513840087,1,621,0,582,0,662,645,106,96,1307,621,0.0,621,93.80664652567975,582,0.0,582,0.516209476309227,10,8403,0,464,0,8424,501,8185,203,8925,8403,0.0,8403,99.75071225071225,464,0.0,464,0.9476711401826999,7982
E02000224,Croydon,8,8,17.05720046199896,15.198427930733772,703.0,696.0,0.7151576805696847,0.7080366225839267,-0.0071210579857579,-1.8587725312651864,157.0,316.0,711,528,1239,473.0,40.041969330104926,-159.0,22.081575246132207,107.0,292.0,556.0,530.0,1086.0,399.0,28.769797421731123,-185.0,19.244604316546763,138.0,464.0,602.0,51.68038740920097,-326.0,26.136363636363637,153.0,385.0,538.0,54.24033149171271,-232.0,28.867924528301884,-202.0,89.0,291.0,-26.0,-74.0,-11.272171908373805,-2.836970929585444,94.0,-64.0,2.559944082511741,2.7315608919382477,0.44,0.8676351896690879,0.4258271077908218,0.8627992633517495,concordant,concordant,-0.0141728922091782,-0.0048359263173384,6,180,313,150,464,928,803,217,275,1731,493,32.5476603119584,-133,19.396551724137932,614,40.20797227036395,-314,0.44534778681120146,-58,116,291,168,382,7890,980,7334,450,8870,407,3.8056369785794812,-175,1.4702154626108999,550,7.235174746335964,-214,0.42528735632183906,6884
E02000225,Croydon,4,2,31.92605021499668,32.091960429769394,314.0,148.0,0.3194303153611393,0.150559511698881,-0.1688708036622583,0.1659102147727118,151.0,111.0,325,334,659,262.0,25.433990895295903,40.0,46.46153846153846,141.0,64.0,270.0,227.0,497.0,205.0,18.1569416498994,77.0,52.22222222222223,209.0,130.0,339.0,41.229135053110774,79.0,62.5748502994012,151.0,69.0,220.0,20.963782696177063,82.0,66.51982378854625,125.0,180.0,55.0,37.0,-57.0,-7.277049245396501,5.760683760683769,3.0,-119.0,-20.26535235693371,3.944973489145049,0.4359400998336106,0.9119878603945372,0.4823529411764706,0.8551307847082495,concordant,concordant,0.0464128413428599,-0.0568570756862876,3,218,110,290,130,416,427,91,93,843,328,28.44602609727165,108,52.40384615384615,420,44.72123368920522,160,0.4385026737967914,-2,7268,64,337,69,7401,417,7131,190,7818,7332,59.49756971092351,7204,98.20294554789893,406,2.974290099769762,268,0.9475316619281469,6941
E02000226,Croydon,10,9,8.10192331171243,9.35379762526096,935.0,880.0,0.9511698880976602,0.8952187182095626,-0.0559511698880976,1.251874313548532,0.0,296.0,396,353,749,296.0,0.0,-296.0,0.0,0.0,207.0,398.0,240.0,638.0,207.0,0.0,-207.0,0.0,0.0,355.0,355.0,0.0,-355.0,0.0,0.0,375.0,375.0,0.0,-375.0,0.0,-157.0,23.0,180.0,89.0,-89.0,0.0,0.0,-20.0,20.0,0.0,0.0,0.4546850998463901,0.8691588785046729,0.3556701030927835,0.9122257053291536,concordant,concordant,-0.0990149967536066,0.0430668268244807,9,21,512,39,542,579,563,183,210,1142,533,9.415061295971979,-491,3.6269430051813467,581,18.509632224168126,-503,0.4784560143626571,-27,13,501,18,7516,7539,534,7141,294,8073,514,0.8067632850241546,-488,0.17243666268735908,7534,16.758082497212932,-7498,0.06386679920477137,6847
E02000227,Croydon,8,7,16.405335404434318,17.855985997766513,719.0,601.0,0.7314343845371313,0.6113936927772126,-0.1200406917599187,1.4506505933321954,185.0,290.0,580,533,1113,475.0,48.20305480682839,-105.0,31.896551724137932,122.0,237.0,528.0,455.0,983.0,359.0,29.41403865717192,-115.0,23.10606060606061,205.0,368.0,573.0,67.78077268643307,-163.0,38.46153846153847,175.0,361.0,536.0,64.2675483214649,-186.0,38.46153846153847,-7.0,184.0,191.0,-10.0,-116.0,-18.789016149656472,-8.790491118077323,-23.0,-37.0,-3.513224364968167,0.0,0.4532442748091603,0.9415992812219228,0.4011173184357542,0.9104781281790436,concordant,concordant,-0.052126956373406,-0.0311211530428789,6,191,290,217,367,766,859,186,326,1625,481,34.08615384615385,-99,24.934725848563968,584,49.00861538461538,-150,0.4516431924882629,-140,126,237,195,357,11427,910,10899,455,12337,363,2.4205236281105615,-111,1.1026516145970071,552,5.642781875658588,-162,0.39672131147540984,10444
E02000228,Croydon,10,10,6.2650296316204495,5.678492029352227,972.0,972.0,0.9888097660223804,0.9888097660223804,0.0,-0.5865376022682227,0.0,229.0,434,272,706,229.0,0.0,-229.0,0.0,0.0,227.0,393.0,272.0,665.0,227.0,0.0,-227.0,0.0,0.0,376.0,376.0,0.0,-376.0,0.0,0.0,358.0,358.0,0.0,-358.0,0.0,-231.0,0.0,231.0,2.0,-2.0,0.0,0.0,18.0,-18.0,0.0,0.0,0.3785123966942149,0.8569405099150141,0.388034188034188,0.8796992481203008,concordant,concordant,0.0095217913399731,0.0227587382052866,10,0,563,0,589,602,569,168,297,1171,563,0.0,-563,0.0,589,0.0,-589,0.4887152777777778,-129,0,573,0,7848,7852,585,7459,313,8437,573,0.0,-573,0.0,7848,0.0,-7848,0.06804417527609548,7146
E02000229,Croydon,1,1,43.39109879667399,38.61102333283156,85.0,40.0,0.08646998982706,0.0406917599186164,-0.0457782299084435,-4.780075463842429,318.0,0.0,376,289,665,318.0,0.0,318.0,84.57446808510637,207.0,0.0,241.0,240.0,481.0,207.0,0.0,207.0,85.89211618257261,257.0,0.0,257.0,0.0,257.0,88.92733564013841,223.0,0.0,223.0,0.0,223.0,92.91666666666669,190.0,190.0,0.0,-111.0,-111.0,0.0,1.3176480974662326,-34.0,-34.0,0.0,3.989331026528277,0.5530434782608695,0.8646616541353384,0.4813953488372093,0.893970893970894,concordant,concordant,-0.0716481294236602,0.0293092398355556,1,408,0,397,0,469,429,93,140,898,408,0.0,408,86.99360341151386,397,0.0,397,0.506832298136646,-47,6121,0,420,0,6155,437,5914,197,6592,6121,0.0,6121,99.44760357432982,420,0.0,420,0.9357896346124446,5717
E02000230,Croydon,8,8,16.332304161274266,15.020043971631203,722.0,702.0,0.7344862665310274,0.7141403865717192,-0.0203458799593082,-1.3122601896430606,259.0,321.0,719,577,1296,580.0,64.15046296296296,-62.0,36.02225312934632,196.0,265.0,743.0,554.0,1297.0,461.0,40.04626060138782,-69.0,26.379542395693136,173.0,367.0,540.0,48.98996913580247,-194.0,29.98266897746967,210.0,427.0,637.0,69.13646877409407,-217.0,37.90613718411552,-64.0,190.0,254.0,-7.0,-119.0,-24.10420236157514,-9.642710733653182,-23.0,97.0,20.1464996382916,7.92346820664585,0.5178571428571429,0.8641975308641975,0.4198542805100182,0.8465690053970701,concordant,concordant,-0.0980028623471246,-0.0176285254671273,6,283,321,180,367,1030,881,311,304,1911,604,47.53689167974882,-38,27.47572815533981,547,34.56828885400314,-187,0.5247610773240661,7,214,265,226,427,10313,1092,9570,538,11405,479,4.9723805348531345,-51,2.0750509066227094,653,8.461376589215256,-201,0.42314487632508835,9032
E02000231,Croydon,10,10,9.69086212335719,8.918442212366294,898.0,898.0,0.91353001017294,0.91353001017294,0.0,-0.7724199109908962,0.0,302.0,521,318,839,302.0,0.0,-302.0,0.0,0.0,322.0,572.0,339.0,911.0,322.0,0.0,-322.0,0.0,0.0,475.0,475.0,0.0,-475.0,0.0,0.0,488.0,488.0,0.0,-488.0,0.0,-317.0,0.0,317.0,-20.0,20.0,0.0,0.0,-13.0,13.0,0.0,0.0,0.3886743886743887,0.9261025029797376,0.3975308641975308,0.889132821075741,concordant,concordant,0.0088564755231421,-0.0369696819039967,9,27,591,12,676,722,607,201,289,1329,618,12.006772009029346,-564,3.739612188365651,688,6.1038374717832955,-664,0.47320061255742724,-88,51,694,7,7729,7809,709,7237,370,8518,745,4.155200751350082,-643,0.6530925854782943,7736,6.351608358769664,-7722,0.08784341469166372,6867
E02000232,Croydon,9,8,12.804713298533914,12.265697036569987,811.0,784.0,0.8250254323499492,0.797558494404883,-0.0274669379450661,-0.5390162619639263,49.0,134.0,328,214,542,183.0,12.11439114391144,-85.0,14.9390243902439,52.0,76.0,300.0,132.0,432.0,128.0,9.148148148148149,-24.0,17.333333333333336,46.0,233.0,279.0,19.774907749077492,-187.0,21.49532710280374,36.0,213.0,249.0,17.75,-177.0,27.27272727272727,29.0,81.0,52.0,61.0,-55.0,-2.9662429957632916,2.3943089430894364,10.0,-30.0,-2.0249077490774923,5.777400169923531,0.3961038961038961,0.8523985239852399,0.3395225464190981,0.8726851851851852,concordant,concordant,-0.056581349684798,0.0202866611999453,7,53,358,57,352,448,442,120,228,890,411,21.319101123595505,-305,11.830357142857142,409,22.543820224719102,-295,0.501219512195122,-108,63,353,50,6041,6130,409,5830,277,6539,416,3.400978742927053,-290,1.0277324632952691,6091,46.192078299434165,-5991,0.06393115106808053,5553
E02000233,Croydon,7,8,18.194066259168704,13.950693228346458,671.0,731.0,0.6826042726347915,0.7436419125127162,0.0610376398779246,-4.243373030822246,181.0,107.0,404,273,677,288.0,28.60709010339734,74.0,44.801980198019805,150.0,65.0,329.0,259.0,588.0,215.0,16.581632653061224,85.0,45.59270516717325,150.0,203.0,353.0,44.97784342688331,-53.0,54.94505494505495,174.0,152.0,326.0,44.97959183673469,22.0,67.18146718146718,-25.0,77.0,102.0,11.0,-73.0,-12.025457450336116,0.7907249691534446,75.0,-27.0,0.0017484098513804,12.236412236412235,0.4492979719188767,0.946824224519941,0.3974121996303142,0.9200680272108844,divergent,concordant,-0.0518857722885625,-0.0267561973090566,5,356,105,359,194,579,482,175,209,1061,461,35.23091423185674,251,61.4853195164076,553,65.64184731385485,165,0.4546351084812623,-34,6063,64,495,142,6242,580,5913,321,6822,6127,56.87950747581355,5999,97.13232938160846,637,10.303430079155673,353,0.9058249556475458,5592
E02000234,Croydon,8,7,17.170481702106446,17.071025974025975,698.0,624.0,0.7100712105798576,0.6347914547304171,-0.0752797558494404,-0.0994557280804713,125.0,136.0,456,338,794,261.0,21.410579345088163,-11.0,27.412280701754387,174.0,148.0,640.0,365.0,1005.0,322.0,25.623880597014924,26.0,27.187499999999996,150.0,242.0,392.0,45.71788413098237,-92.0,44.37869822485207,146.0,377.0,523.0,54.7681592039801,-231.0,40.0,177.0,297.0,120.0,37.0,61.0,4.213301251926762,-0.2247807017543905,-139.0,131.0,9.050275072997728,-4.378698224852073,0.3996937212863706,0.8224181360201511,0.3810650887573965,0.8407960199004975,concordant,divergent,-0.0186286325289741,0.0183778838803463,6,150,136,164,240,670,573,214,235,1243,286,16.411906677393404,14,22.388059701492537,404,31.66532582461786,-76,0.4144927536231884,-21,196,148,156,377,9277,751,8637,386,10028,344,2.89270043877144,48,2.112751967230786,533,5.86477861986438,-221,0.3922462941847206,8251
E02000235,Croydon,9,9,12.835428970149252,11.419714125403283,807.0,808.0,0.8209562563580874,0.8219735503560529,0.0010172939979654,-1.4157148447459686,29.0,177.0,406,272,678,206.0,7.570796460176991,-148.0,7.142857142857142,35.0,118.0,370.0,190.0,560.0,153.0,7.375,-83.0,9.45945945945946,38.0,328.0,366.0,18.383480825958703,-290.0,13.970588235294118,27.0,288.0,315.0,13.885714285714286,-261.0,14.210526315789473,-102.0,34.0,136.0,65.0,-53.0,-0.1957964601769912,2.3166023166023173,29.0,-51.0,-4.497766540244417,0.2399380804953548,0.3601398601398601,0.8436578171091446,0.3269230769230769,0.8357142857142857,concordant,concordant,-0.0332167832167832,-0.0079435313948588,7,54,467,58,448,550,565,144,293,1115,521,22.617040358744394,-413,9.818181818181818,506,23.30403587443946,-390,0.50730282375852,-149,67,440,45,6710,6802,514,6432,324,7316,507,4.029524330235101,-373,0.9850044104675095,6755,41.27255330781848,-6665,0.06981547782979895,6108
E02000236,Croydon,9,9,11.459712175218698,9.523745568167325,856.0,875.0,0.8708036622583927,0.8901322482197355,0.0193285859613427,-1.9359666070513732,24.0,151.0,250,235,485,175.0,7.472164948453608,-127.0,9.6,49.0,147.0,461.0,222.0,683.0,196.0,10.546120058565151,-98.0,10.629067245119304,46.0,169.0,215.0,16.028865979381443,-123.0,19.574468085106385,38.0,346.0,384.0,19.250366032210835,-308.0,17.117117117117118,-104.0,53.0,157.0,29.0,21.0,3.0739551101115428,1.029067245119304,-185.0,169.0,3.2215000528293913,-2.4573509679892673,0.4487179487179487,0.8041237113402062,0.3379310344827586,0.849194729136164,concordant,concordant,-0.1107869142351901,0.0450710177959577,8,24,429,46,393,453,486,203,251,939,453,10.964856230031948,-405,5.298013245033113,439,19.252396166134186,-347,0.507847533632287,-48,47,510,38,8861,8949,567,8488,345,9516,557,2.5189155107187893,-463,0.5251983461839311,8899,35.38440521227407,-8823,0.05890439932318105,8143
E02000237,Croydon,9,8,11.628229298996656,12.532055858664588,846.0,776.0,0.8606307222787386,0.7894201424211598,-0.0712105798575788,0.903826559667932,18.0,128.0,272,191,463,146.0,4.976241900647948,-110.0,6.61764705882353,15.0,97.0,330.0,152.0,482.0,112.0,3.0186721991701244,-82.0,4.545454545454546,26.0,225.0,251.0,12.63498920086393,-199.0,13.612565445026178,13.0,259.0,272.0,6.985477178423237,-246.0,8.552631578947368,5.0,72.0,67.0,28.0,-34.0,-1.9575697014778235,-2.072192513368984,-47.0,21.0,-5.649512022440694,-5.05993386607881,0.3677581863979849,0.857451403887689,0.2916666666666667,0.7966804979253111,concordant,concordant,-0.0760915197313182,-0.0607709059623778,8,18,424,26,417,451,472,179,281,923,442,8.268689057421453,-406,3.9911308203991127,443,11.746478873239436,-391,0.4994350282485876,-102,15,460,13,7427,7472,486,7142,334,7958,475,0.8670520231213873,-445,0.2007494646680942,7440,12.132570997738124,-7414,0.06001263423878711,6808
E02000238,Ealing,7,6,20.49423097368421,18.73264404859967,600.0,579.0,0.6103763987792472,0.5890132248219736,-0.0213631739572736,-1.76158692508454,147.0,404.0,688,754,1442,551.0,41.18446601941748,-257.0,21.36627906976744,210.0,395.0,738.0,709.0,1447.0,605.0,57.32550103662751,-185.0,28.455284552845526,227.0,473.0,700.0,74.45977808599167,-246.0,30.106100795755967,180.0,431.0,611.0,53.614374568071874,-251.0,25.38787023977433,-123.0,239.0,362.0,72.0,54.0,16.14103501721003,7.089005483078086,-5.0,-89.0,-20.8454035179198,-4.718230555981638,0.4404476418864908,0.8675450762829403,0.4975328947368421,0.8403593642017968,concordant,concordant,0.0570852528503512,-0.0271857120811435,5,389,399,420,472,920,936,232,182,1856,788,83.62661637931035,-10,42.28260869565217,892,106.8103448275862,-52,0.46904761904761905,50,10003,389,581,430,10512,1088,9774,379,11600,10392,335.44543103448274,9614,95.15791476407914,1011,21.537068965517243,151,0.9113391212838726,9395
E02000239,Ealing,8,8,13.800544335555555,12.7684889134032,779.0,768.0,0.7924720244150559,0.7812817904374364,-0.0111902339776195,-1.0320554221523572,59.0,451.0,534,640,1174,510.0,22.66524701873935,-392.0,11.04868913857678,43.0,451.0,512.0,642.0,1154.0,494.0,16.805025996533796,-408.0,8.3984375,100.0,408.0,508.0,34.75298126064736,-308.0,15.625,101.0,428.0,529.0,37.45927209705373,-327.0,15.732087227414327,-420.0,43.0,463.0,-16.0,-16.0,-5.860221022205554,-2.65025163857678,-19.0,21.0,2.7062908364063674,0.1070872274143273,0.5009823182711198,0.8671209540034072,0.4828934506353861,0.8864818024263431,concordant,concordant,-0.0180888676357336,0.0193608484229359,7,48,705,78,780,845,821,311,181,1666,753,20.312124849939977,-657,5.680473372781065,858,36.51860744297719,-702,0.46741154562383613,130,34,809,79,8828,8880,925,8368,283,9805,843,2.8053034166241715,-775,0.38288288288288286,8907,71.12819989801122,-8749,0.08646153846153846,8085
E02000240,Ealing,3,3,32.94782712323429,29.908371280344554,286.0,204.0,0.2909460834181078,0.207527975584944,-0.0834181078331638,-3.039455842889737,601.0,72.0,765,743,1508,673.0,28.694960212201593,529.0,78.56209150326798,428.0,76.0,571.0,522.0,1093.0,504.0,29.76029277218664,352.0,74.95621716287215,566.0,93.0,659.0,34.90583554376658,473.0,76.17765814266487,378.0,80.0,458.0,27.66697163769442,298.0,72.41379310344827,313.0,422.0,109.0,-177.0,-169.0,1.0653325599850485,-3.605874340395829,-175.0,-201.0,-7.238863906072158,-3.763865039216597,0.5052552552552553,0.883289124668435,0.5239085239085239,0.8801463860933212,concordant,concordant,0.0186532686532686,-0.0031427385751138,2,848,52,831,71,991,987,226,244,1978,900,22.293225480283116,796,85.57013118062564,902,29.82861476238625,760,0.49944506104328523,-18,10879,66,730,67,11003,863,10432,341,11866,10945,60.510197202090005,10813,98.87303462691993,797,4.121860778695432,663,0.9321239993186851,10091
E02000241,Ealing,7,6,19.926802169001355,20.341377146240376,618.0,527.0,0.6286876907426246,0.5361139369277721,-0.0925737538148525,0.4145749772390203,83.0,298.0,521,497,1018,381.0,24.296660117878194,-215.0,15.930902111324375,126.0,239.0,527.0,468.0,995.0,365.0,30.26532663316583,-113.0,23.908918406072104,150.0,329.0,479.0,48.47740667976424,-179.0,30.18108651911469,147.0,305.0,452.0,45.06030150753769,-158.0,31.41025641025641,-72.0,147.0,219.0,102.0,-16.0,5.968666515287637,7.978016294747729,21.0,-27.0,-3.417105172226556,1.2291698911417193,0.4430232558139534,0.8447937131630648,0.4467564259485924,0.821105527638191,concordant,concordant,0.0037331701346389,-0.0236881855248738,5,285,296,336,322,711,681,190,184,1392,581,60.60344827586207,-11,40.08438818565401,658,77.72413793103448,14,0.4689265536723164,6,6908,236,354,301,7297,675,6770,207,7972,7144,204.5017561465128,6672,94.66904207208442,655,13.366031108881083,53,0.9160148737017566,6563
E02000242,Ealing,8,8,16.177831749223717,15.130992319726923,725.0,700.0,0.7375381485249237,0.7121057985757884,-0.0254323499491353,-1.046839429496794,20.0,480.0,459,595,1054,500.0,9.108159392789371,-460.0,4.357298474945534,17.0,380.0,367.0,472.0,839.0,397.0,7.699642431466031,-363.0,4.632152588555858,55.0,378.0,433.0,19.72485768500949,-323.0,9.243697478991598,40.0,313.0,353.0,14.922526817640048,-273.0,8.47457627118644,-367.0,18.0,385.0,97.0,-103.0,-1.4085169613233406,0.2748541136103242,50.0,-80.0,-4.802330867369442,-0.7691212078051581,0.5359056806002144,0.8851992409867173,0.5293333333333333,0.8939213349225268,concordant,concordant,-0.006572347266881,0.0087220939358094,6,44,438,72,303,641,709,182,114,1350,482,14.275555555555556,-394,6.86427457098284,375,16.16,-231,0.5624270711785297,68,30,351,58,290,6770,646,6403,174,7416,381,1.4199029126213591,-321,0.4431314623338257,348,2.2680690399137,-232,0.522633744855967,6229
E02000243,Ealing,5,4,25.60419346456693,24.032607788915772,461.0,385.0,0.4689725330620549,0.3916581892166836,-0.0773143438453713,-1.5715856756511537,356.0,231.0,721,765,1486,587.0,55.34051144010767,125.0,49.375866851595006,249.0,167.0,493.0,528.0,1021.0,416.0,40.72771792360431,82.0,50.50709939148072,451.0,236.0,687.0,71.62584118438762,215.0,58.95424836601307,302.0,157.0,459.0,46.43878550440744,145.0,57.1969696969697,158.0,282.0,124.0,-43.0,-171.0,-14.61279351650336,1.1312325398857157,-70.0,-228.0,-25.187055679980183,-1.757278669043366,0.4607535321821036,0.857335127860027,0.4754285714285714,0.8570029382957884,concordant,concordant,0.0146750392464677,-0.0003321895642385,4,537,271,579,319,938,937,217,172,1875,808,77.6144,266,57.249466950959494,898,98.5072,260,0.47362250879249707,45,8300,212,514,213,8592,779,8099,251,9371,8512,187.7707822004055,8088,96.60148975791434,727,11.683064774303704,301,0.9213118302846628,7848
E02000244,Ealing,7,7,17.71249505716676,17.113022827984423,684.0,623.0,0.6958290946083419,0.6337741607324516,-0.0620549338758902,-0.5994722291823358,148.0,375.0,530,645,1175,523.0,47.234042553191486,-227.0,27.92452830188679,115.0,316.0,470.0,529.0,999.0,431.0,36.37637637637638,-201.0,24.46808510638298,206.0,313.0,519.0,54.87489361702128,-107.0,31.93798449612403,125.0,287.0,412.0,35.910910910910914,-162.0,23.629489603024577,-252.0,106.0,358.0,26.0,-92.0,-10.857666176815108,-3.4564431955038124,-55.0,-107.0,-18.963982706110365,-8.308494893099454,0.5019193857965452,0.8868085106382979,0.5112692763938316,0.8438438438438438,concordant,concordant,0.0093498905972864,-0.0429646667944541,6,40,439,64,379,764,824,234,179,1588,479,11.057934508816121,-399,5.2356020942408374,443,15.27455919395466,-315,0.5195227765726681,55,45,402,54,354,7743,746,7273,217,8489,447,2.1309930498291907,-357,0.581170089112747,408,2.2518553422075627,-300,0.5228070175438596,7056
E02000245,Ealing,1,1,42.90443864762138,37.993874625489745,92.0,46.0,0.0935910478128179,0.0467955239064089,-0.0467955239064089,-4.910564022131638,629.0,0.0,677,724,1401,629.0,0.0,629.0,92.9098966026588,582.0,0.0,656.0,514.0,1170.0,582.0,0.0,582.0,88.71951219512195,659.0,0.0,659.0,0.0,659.0,91.0220994475138,504.0,0.0,504.0,0.0,504.0,98.0544747081712,553.0,553.0,0.0,-47.0,-47.0,0.0,-4.190384407536854,-155.0,-155.0,0.0,7.032375260657403,0.4883540372670807,0.9193433261955746,0.5359116022099447,0.9282051282051282,concordant,concordant,0.0475575649428639,0.0088618020095536,1,779,0,828,0,830,893,153,169,1723,779,0.0,779,93.855421686747,828,0.0,828,0.48475420037336653,-16,8987,0,728,0,9061,738,8405,224,9799,8987,0.0,8987,99.18331310009933,728,0.0,728,0.9250643335048894,8181
E02000246,Ealing,3,2,33.97641724508458,30.372713315217393,257.0,195.0,0.2614445574771109,0.1983723296032553,-0.0630722278738555,-3.6037039298671902,468.0,66.0,656,621,1277,534.0,24.18794048551292,402.0,71.34146341463415,352.0,61.0,455.0,511.0,966.0,413.0,22.22774327122153,291.0,77.36263736263737,462.0,112.0,574.0,40.51996867658575,350.0,74.39613526570048,402.0,48.0,450.0,19.975155279503102,354.0,78.6692759295499,337.0,389.0,52.0,-111.0,-121.0,-1.9601972142913908,6.021173948003224,4.0,-124.0,-20.544813397082645,4.273140663849418,0.4819494584837545,0.8676585747846516,0.4785631517960602,0.8933747412008282,concordant,concordant,-0.0033863066876942,0.0257161664161765,2,709,57,648,102,881,797,225,176,1678,766,24.084028605482718,652,80.47673098751419,750,39.38974970202622,546,0.5052770448548812,49,9214,50,765,45,9314,870,8859,359,10184,9264,45.23762765121759,9164,98.92634743397036,810,3.380302435192459,720,0.919594997022037,8500
E02000247,Ealing,4,3,29.88549167498865,27.71270396627707,365.0,277.0,0.3713123092573754,0.2817904374364191,-0.0895218718209562,-2.1727877087115814,559.0,228.0,898,836,1734,787.0,73.50173010380622,331.0,62.24944320712695,377.0,169.0,571.0,651.0,1222.0,546.0,52.138297872340424,208.0,66.02451838879159,509.0,211.0,720.0,61.937139561707035,298.0,60.88516746411483,433.0,152.0,585.0,53.85924713584288,281.0,66.51305683563749,296.0,423.0,127.0,-123.0,-241.0,-21.3634322314658,3.77507518166464,-17.0,-135.0,-8.077892425864157,5.627889371522656,0.522229595222296,0.8690888119953863,0.4827586206896552,0.925531914893617,concordant,concordant,-0.0394709745326407,0.0564431028982306,3,770,205,673,152,1168,1066,270,230,2234,975,70.65801253357206,565,65.92465753424658,825,45.790510295434196,521,0.5416666666666666,40,10695,140,667,132,10939,941,10368,290,11880,10835,126.03535353535354,10555,97.76944876131274,799,7.411111111111111,535,0.931321987278666,10078
E02000248,Ealing,8,6,17.53649321788928,18.93524399894487,689.0,574.0,0.7009155645981688,0.5839267548321465,-0.1169888097660223,1.3987507810555897,72.0,606.0,758,810,1568,678.0,27.8265306122449,-534.0,9.49868073878628,79.0,525.0,512.0,694.0,1206.0,604.0,34.39054726368159,-446.0,15.4296875,105.0,594.0,699.0,39.776785714285715,-489.0,12.962962962962962,91.0,374.0,465.0,28.22056384742952,-283.0,13.112391930835734,-148.0,187.0,335.0,88.0,-74.0,6.564016651436692,5.93100676121372,206.0,-234.0,-11.556221866856196,0.1494289678727725,0.4923747276688453,0.8781887755102041,0.5650140318054256,0.8864013266998342,concordant,concordant,0.0726393041365803,0.00821255118963,6,92,584,122,575,1228,1009,470,199,2237,676,24.017881090746535,-492,7.491856677524431,697,31.358962896736703,-453,0.4923525127458121,271,95,501,103,366,7529,992,7017,298,8521,596,5.585612017368853,-406,1.2617877540177977,469,4.4241286234010095,-263,0.5596244131455399,6719
E02000249,Ealing,5,4,27.573395791995853,24.630608220937702,420.0,365.0,0.427263479145473,0.3713123092573754,-0.0559511698880976,-2.942787571058151,295.0,273.0,643,587,1230,568.0,65.47560975609755,22.0,45.878693623639194,232.0,193.0,510.0,547.0,1057.0,425.0,42.36140018921475,39.0,45.490196078431374,227.0,269.0,496.0,49.644715447154475,-42.0,38.67120954003408,251.0,200.0,451.0,47.49290444654683,51.0,45.88665447897623,104.0,265.0,161.0,17.0,-143.0,-23.114209566882806,-0.3884975452078194,93.0,-45.0,-2.151811000607644,7.215444938942156,0.5338345864661654,0.865040650406504,0.4851598173515982,0.8287606433301797,divergent,concordant,-0.0486747691145672,-0.0362800070763242,3,602,149,461,102,892,747,249,160,1639,751,54.72727272727273,453,67.48878923766816,563,28.689444783404515,359,0.571537290715373,89,7985,96,575,101,8214,787,7704,240,9001,8081,85.16387068103543,7889,97.21207694180667,676,6.452060882124209,474,0.9228046134520954,7464
E02000250,Ealing,10,10,9.517738123015262,8.0784108040201,905.0,921.0,0.920651068158698,0.9369277721261444,0.0162767039674465,-1.4393273189951614,0.0,524.0,516,539,1055,524.0,0.0,-524.0,0.0,0.0,376.0,294.0,395.0,689.0,376.0,0.0,-376.0,0.0,0.0,507.0,507.0,0.0,-507.0,0.0,0.0,289.0,289.0,0.0,-289.0,0.0,-370.0,0.0,370.0,148.0,-148.0,0.0,0.0,218.0,-218.0,0.0,0.0,0.5082444228903976,0.9772511848341232,0.5654135338345865,0.965166908563135,concordant,concordant,0.0571691109441888,-0.0120842762709881,9,4,695,5,781,788,709,272,170,1497,699,1.8570474281897127,-691,0.5076142131979695,786,2.608550434201737,-776,0.4707070707070707,102,0,642,5,6360,6364,661,6070,266,7025,642,0.0,-642,0.0,6365,4.526690391459074,-6355,0.09162266305123448,5804
E02000251,Ealing,7,7,20.098229045820744,17.298753162922797,614.0,619.0,0.624618514750763,0.62970498474059,0.0050864699898269,-2.799475882897948,44.0,377.0,451,514,965,421.0,17.18963730569948,-333.0,9.75609756097561,53.0,361.0,428.0,498.0,926.0,414.0,20.661987041036717,-308.0,12.38317757009346,86.0,358.0,444.0,31.90466321243523,-272.0,16.731517509727624,90.0,340.0,430.0,33.04535637149028,-250.0,18.072289156626507,-339.0,46.0,385.0,25.0,-7.0,3.472349735337236,2.627080009117851,22.0,-14.0,1.140693159055047,1.340771646898883,0.4867052023121387,0.8963730569948186,0.490521327014218,0.9114470842332614,concordant,concordant,0.0038161247020793,0.0150740272384427,5,262,377,245,358,667,660,216,146,1327,639,74.43406179351922,-115,39.280359820089956,603,66.0964581763376,-113,0.5144927536231884,70,7826,358,332,340,8186,730,7758,232,8916,8184,314.2337371018394,7468,95.60224774004398,672,12.660385823239121,-8,0.924119241192412,7526
E02000252,Ealing,4,3,31.97043001648465,28.185328832552585,313.0,257.0,0.3184130213631739,0.2614445574771109,-0.056968463886063,-3.7851011839320634,584.0,312.0,1075,1085,2160,896.0,84.35555555555555,272.0,54.325581395348834,937.0,555.0,1515.0,1908.0,3423.0,1492.0,151.92375109553024,382.0,61.84818481848184,619.0,338.0,957.0,96.86203703703704,281.0,57.05069124423963,1197.0,450.0,1647.0,157.36196319018404,747.0,62.735849056603776,650.0,1071.0,421.0,110.0,596.0,67.56819553997468,7.522603423133006,466.0,690.0,60.499926153147,5.685157812364146,0.4835402050728548,0.8578703703703704,0.4753106084740363,0.9170318434122116,concordant,concordant,-0.0082295965988185,0.0591614730418411,3,1436,287,743,327,2034,1310,959,225,3344,1723,123.24521531100478,1149,70.59980334316617,1070,72.6558014354067,416,0.6168993913354816,734,11183,514,1560,426,11873,2450,10358,542,14323,11697,401.31690288347414,10669,94.18849490440495,1986,46.39810095650353,1134,0.8548563911422934,9816
E02000253,Ealing,4,1,32.280214490240866,33.80143238339204,305.0,99.0,0.3102746693794506,0.1007121057985757,-0.2095625635808748,1.5212178931511744,429.0,205.0,715,676,1391,634.0,63.22429906542056,224.0,60.0,345.0,156.0,533.0,583.0,1116.0,501.0,48.225806451612904,189.0,64.72795497185741,405.0,190.0,595.0,55.319913731128686,215.0,59.9112426035503,395.0,147.0,542.0,52.02956989247312,248.0,67.75300171526587,495.0,495.0,0.0,-35.0,-133.0,-14.998492613807656,4.7279549718574145,33.0,-53.0,-3.2903438386555663,7.841759111715568,0.51586655817738,0.8835370237239396,0.4803451581975071,0.9345878136200716,concordant,concordant,-0.0355213999798728,0.0510507898961321,3,578,168,521,137,923,832,208,156,1755,746,55.32991452991453,410,62.62188515709642,658,40.670655270655274,384,0.5313390313390314,52,9970,126,630,95,10197,856,9664,273,11053,10096,113.65421152628245,9844,97.77385505540846,725,5.4148195060164666,535,0.9330006468903059,9391
E02000254,Ealing,6,5,23.572653763549,22.69048282222735,512.0,435.0,0.5208545269582909,0.4425228891149542,-0.0783316378433366,-0.8821709413216503,116.0,416.0,446,643,1089,532.0,44.31221303948577,-300.0,26.00896860986547,91.0,324.0,405.0,521.0,926.0,415.0,31.840172786177103,-233.0,22.469135802469136,177.0,312.0,489.0,50.710743801652896,-135.0,27.527216174183515,161.0,293.0,454.0,50.942764578833696,-132.0,30.902111324376197,-188.0,104.0,292.0,67.0,-117.0,-12.472040253308666,-3.5398328073963334,3.0,-35.0,0.2320207771808,3.374895150192682,0.5210577864838394,0.9375573921028466,0.477560414269275,0.9384449244060477,concordant,concordant,-0.0434973722145643,0.0008875323032009,4,327,385,374,270,656,840,210,197,1496,712,84.15441176470588,-58,49.84756097560975,644,67.5,104,0.5250737463126843,13,8648,279,459,274,8959,816,8554,295,9775,8927,246.8329411764706,8369,96.52863042750307,733,12.86608695652174,185,0.924120082815735,8259
E02000255,Ealing,5,5,25.146452918119387,21.19055711661083,468.0,485.0,0.4760935910478128,0.4933875890132248,0.017293997965412,-3.955895801508557,444.0,300.0,857,933,1790,744.0,74.41340782122904,144.0,51.80863477246208,361.0,224.0,658.0,601.0,1259.0,585.0,64.22875297855441,137.0,54.86322188449848,545.0,360.0,905.0,109.60893854748603,185.0,58.41371918542336,316.0,220.0,536.0,55.21842732327244,96.0,52.57903494176372,138.0,361.0,223.0,-7.0,-159.0,-10.184654842674632,3.054587112036401,-89.0,-369.0,-54.3905112242136,-5.834684243659638,0.4511825348696179,0.9212290502793296,0.5218554861730598,0.8903891977760127,concordant,concordant,0.0706729513034418,-0.030839852503317,4,749,362,716,388,1217,1191,360,258,2408,1111,112.59883720930233,387,61.54478225143796,1104,115.3687707641196,328,0.5015801354401805,102,9341,249,631,274,9676,948,9018,347,10624,9590,218.9296875,9092,96.537825547747,905,16.27390813253012,357,0.9137684611719866,8671
E02000256,Ealing,8,8,16.780798065681076,14.112202417259686,709.0,727.0,0.7212614445574771,0.7395727365208545,0.0183112919633774,-2.6685956484213893,201.0,758.0,1059,1089,2148,959.0,70.93016759776536,-557.0,18.980169971671387,163.0,644.0,855.0,927.0,1782.0,807.0,58.906846240179576,-481.0,19.06432748538012,197.0,746.0,943.0,68.41806331471136,-549.0,18.089990817263544,191.0,592.0,783.0,63.45230078563412,-401.0,20.604099244875947,-481.0,165.0,646.0,76.0,-152.0,-12.023321357585786,0.0841575137087318,148.0,-160.0,-4.965762529077239,2.5141084276124026,0.5042060988433228,0.8854748603351955,0.5075471698113208,0.8922558922558923,concordant,concordant,0.0033410709679979,0.0067810319206967,6,209,719,211,731,1735,1445,676,356,3180,928,47.25503144654088,-510,12.046109510086456,942,48.50345911949685,-520,0.49625668449197863,320,172,624,200,565,8985,1463,8130,536,10448,796,10.272588055130168,-452,1.9143016138007791,765,10.815467075038285,-365,0.509929532351057,7594
E02000257,Ealing,7,7,18.98999238670516,16.08274297015462,643.0,658.0,0.6541200406917599,0.669379450661241,0.0152594099694811,-2.9072494165505383,503.0,715.0,1669,1570,3239,1218.0,111.0358135226922,-212.0,30.137807070101857,0.0,0.0,0.0,0.0,0.0,0.0,0.0,0.0,0.0,553.0,891.0,1444.0,152.1219512195122,-338.0,35.22292993630573,0.0,0.0,0.0,0.0,0.0,0.0,0.0,0.0,0.0,212.0,-1218.0,-111.0358135226922,-30.137807070101857,338.0,-1444.0,-152.1219512195122,-35.22292993630573,0.4575507137490608,0.8218585983328188,0.5,0.0,concordant,zero,0.0424492862509391,-0.8218585983328188,5,1820,700,1048,873,2966,2026,1297,456,4992,2520,255.20833333333334,1120,61.362103843560355,1921,183.27403846153845,175,0.5674397658185093,841,0,0,0,0,0,0,0,0,0,0,0.0,0,0.0,0,0.0,0,0.5,0
E02000258,Ealing,7,6,21.104471007429417,18.524353407963726,591.0,581.0,0.6012207527975585,0.5910478128179044,-0.010172939979654,-2.580117599465691,137.0,423.0,632,685,1317,560.0,44.00227790432802,-286.0,21.677215189873415,142.0,428.0,675.0,676.0,1351.0,570.0,44.985936343449296,-286.0,21.03703703703704,136.0,399.0,535.0,41.20273348519362,-263.0,19.854014598540147,144.0,456.0,600.0,48.6039970392302,-312.0,21.301775147928996,-156.0,206.0,362.0,0.0,10.0,0.983658439121278,-0.6401781528363735,-49.0,65.0,7.401263554036582,1.4477605493888497,0.5114155251141552,0.8314350797266514,0.4871794871794871,0.8660251665433013,concordant,concordant,-0.024236037934668,0.0345900868166498,5,693,418,317,392,1172,857,540,172,2029,1111,142.76688023656973,275,59.129692832764505,709,61.243962543124695,-75,0.6104395604395605,368,6267,426,467,448,6791,992,6116,316,7783,6693,343.0222279326738,5841,92.2839051686055,915,26.88115122703328,19,0.8797318611987381,5800
E02000259,Ealing,8,8,15.994646784576162,14.8128058833037,731.0,709.0,0.7436419125127162,0.7212614445574771,-0.022380467955239,-1.1818409012724604,59.0,417.0,561,549,1110,476.0,22.164864864864864,-358.0,10.51693404634581,37.0,402.0,415.0,508.0,923.0,439.0,16.114842903575298,-365.0,8.91566265060241,60.0,445.0,505.0,24.054054054054053,-385.0,10.92896174863388,53.0,336.0,389.0,19.293607800650054,-283.0,10.433070866141732,-359.0,41.0,400.0,-7.0,-37.0,-6.050021961289566,-1.6012713957433995,102.0,-116.0,-4.760446253403998,-0.4958908824921479,0.4852191641182466,0.8837837837837837,0.5301932367149759,0.8970747562296858,concordant,concordant,0.0449740725967292,0.013290972445902,6,60,403,68,436,727,732,166,183,1459,463,16.572995202193283,-343,8.253094910591471,504,20.32076764907471,-368,0.4788004136504654,-17,42,397,61,323,6500,755,6085,247,7255,439,2.298277050310131,-355,0.6461538461538461,384,2.7157822191592005,-262,0.5334143377885784,5838
E02000260,Ealing,3,4,32.61966792996556,26.543921131270015,292.0,311.0,0.2970498474059003,0.3163784333672431,0.0193285859613428,-6.075746798695544,413.0,62.0,591,785,1376,475.0,18.609011627906977,351.0,69.88155668358715,395.0,95.0,500.0,697.0,1197.0,490.0,31.349206349206348,300.0,79.0,637.0,84.0,721.0,38.88662790697674,553.0,81.14649681528662,534.0,66.0,600.0,29.44360902255639,468.0,76.61406025824964,-120.0,196.0,316.0,-51.0,15.0,12.740194721299371,9.11844331641285,-85.0,-121.0,-9.44301888442035,-4.532436557036988,0.3971571906354515,0.8691860465116279,0.4495412844036697,0.910609857978279,concordant,concordant,0.0523840937682182,0.041423811466651,3,503,137,511,155,862,918,271,133,1780,640,38.71404494382023,366,58.35266821345708,666,44.497191011235955,356,0.4900459418070444,138,9325,161,603,99,9627,1012,9127,315,10639,9486,141.11523639439798,9164,96.86298950867352,702,5.611147664254159,504,0.931095406360424,8812
E02000261,Ealing,5,5,28.05565321010589,23.57625087614326,410.0,399.0,0.4170905391658189,0.4059003051881994,-0.0111902339776194,-4.479402333962632,466.0,451.0,1135,1040,2175,917.0,96.6280459770115,15.0,41.05726872246696,503.0,627.0,1238.0,1299.0,2537.0,1130.0,124.3125739061884,-124.0,40.63004846526656,481.0,526.0,1007.0,116.32459770114944,-45.0,46.25,566.0,600.0,1166.0,133.8588884509263,-34.0,43.57197844495766,-110.0,509.0,619.0,-139.0,213.0,27.68452792917691,-0.4272202572003962,11.0,159.0,17.534290749776844,-2.678021555042342,0.4766112266112266,0.8845977011494253,0.4921602787456446,0.9050059124950728,divergent,concordant,0.0155490521344179,0.0204082113456476,3,1388,267,783,311,1979,1270,844,230,3249,1655,114.0646352723915,1121,70.13643254168773,1094,74.95013850415512,472,0.6020371044016006,614,11652,419,1151,387,12340,1834,11102,535,14174,12071,344.44673345562296,11233,94.42463533225283,1538,31.426344010159447,764,0.8869865530163862,10567
E02000262,Ealing,4,4,30.31078975798319,26.466562263334417,355.0,314.0,0.3611393692777213,0.3194303153611393,-0.0417090539165819,-3.844227494648777,654.0,234.0,1048,1066,2114,888.0,72.39167455061495,420.0,62.40458015267175,637.0,298.0,1058.0,1061.0,2119.0,935.0,89.58282208588957,339.0,60.20793950850661,694.0,287.0,981.0,94.2185430463576,407.0,65.1031894934334,644.0,329.0,973.0,99.98867390278431,315.0,60.69745523091423,265.0,610.0,345.0,-81.0,47.0,17.191147535274624,-2.196640644165136,-92.0,-8.0,5.770130856426718,-4.405734262519175,0.4751203852327448,0.8841059602649006,0.490041928721174,0.9004247286455875,concordant,concordant,0.0149215434884292,0.0163187683806869,3,1111,190,896,261,1616,1333,568,267,2949,1301,71.5801966768396,921,68.75,1157,79.3001017293998,635,0.5292921074043938,301,8559,277,971,295,9106,1479,8048,418,10585,8836,223.98138875767594,8282,93.99297166703272,1266,27.061407652338215,676,0.8746782815284102,7630
E02000263,Ealing,4,3,29.7681858331185,29.491472479698135,367.0,216.0,0.3733468972533062,0.2197355035605289,-0.1536113936927772,-0.2767133534203658,271.0,333.0,548,1006,1554,604.0,58.07142857142857,-62.0,49.45255474452554,176.0,316.0,491.0,875.0,1366.0,492.0,40.71449487554905,-140.0,35.84521384928717,482.0,173.0,655.0,53.65894465894466,309.0,47.912524850894634,501.0,283.0,784.0,103.79428989751098,218.0,57.25714285714286,203.0,306.0,103.0,-78.0,-112.0,-17.35693369587952,-13.607340895238371,-91.0,129.0,50.13534523856632,9.344618006248226,0.4797458300238284,0.8101673101673101,0.3855799373040752,0.9341142020497804,divergent,divergent,-0.0941658927197531,0.1239468918824702,3,643,225,671,92,942,1232,394,226,2174,868,66.54783808647655,418,68.25902335456475,763,28.395584176632934,579,0.5321888412017167,168,12927,179,920,158,13270,1324,12779,449,14594,13106,158.55372070713992,12748,97.41522230595328,1078,9.960257640126079,762,0.9239988719684151,12330
E02000264,Ealing,7,7,18.05432769344687,18.1030026502831,677.0,592.0,0.688708036622584,0.602238046795524,-0.08646998982706,0.0486749568362299,253.0,478.0,979,971,1950,731.0,62.017435897435895,-225.0,25.842696629213485,251.0,514.0,923.0,902.0,1825.0,765.0,70.69260273972603,-263.0,27.193932827735644,329.0,503.0,832.0,84.8651282051282,-174.0,33.88259526261586,253.0,532.0,785.0,73.75123287671232,-279.0,28.04878048780488,-360.0,222.0,582.0,-38.0,34.0,8.675166842290132,1.3512361985221588,-105.0,-47.0,-11.11389532841588,-5.833814774810978,0.4676903390914907,0.8015384615384615,0.4935483870967742,0.8493150684931506,concordant,concordant,0.0258580480052834,0.0477766069546891,5,869,465,594,484,1569,1227,590,256,2796,1334,144.5225321888412,404,55.38559592096877,1078,102.82403433476395,110,0.5530679933665008,334,7671,502,755,523,8316,1391,7393,489,9707,8173,396.7077366848666,7169,92.24386724386724,1278,40.67837642938086,232,0.864776214157232,6904
E02000265,Ealing,3,3,32.523462163863655,27.64073759524252,294.0,284.0,0.2990844354018311,0.288911495422177,-0.010172939979654,-4.882724568621136,1034.0,112.0,1250,1267,2517,1146.0,46.010329757647995,922.0,82.72,795.0,88.0,950.0,1020.0,1970.0,883.0,35.51269035532995,707.0,83.6842105263158,1030.0,104.0,1134.0,42.55860150973381,926.0,81.29439621152328,838.0,91.0,929.0,38.70964467005077,747.0,82.15686274509804,578.0,727.0,149.0,-215.0,-263.0,-10.497639402318043,0.9642105263157958,-179.0,-205.0,-3.8489568396830407,0.8624665335747608,0.5026315789473684,0.9058402860548272,0.4873068432671081,0.9197969543147207,concordant,concordant,-0.0153247356802602,0.0139566682598937,3,1333,216,1109,201,1784,1582,534,315,3366,1549,85.54010695187166,1117,74.71973094170403,1310,66.22370766488413,908,0.5417978314095838,219,10696,176,1108,153,10999,1473,10049,453,12472,10872,150.9377806286081,10520,97.2452041094645,1261,13.592366901860167,955,0.8960685733124536,9596
E02000266,Ealing,1,1,46.70188995215311,36.88706065559666,43.0,50.0,0.0437436419125127,0.0508646998982706,0.0071210579857578,-9.814829296556448,878.0,0.0,949,1006,1955,878.0,0.0,878.0,92.51844046364594,759.0,0.0,789.0,710.0,1499.0,759.0,0.0,759.0,96.1977186311787,963.0,0.0,963.0,0.0,963.0,95.72564612326045,659.0,0.0,659.0,0.0,659.0,92.8169014084507,722.0,722.0,0.0,-119.0,-119.0,0.0,3.6792781675327575,-304.0,-304.0,0.0,-2.9087447148097425,0.4769147202607278,0.941687979539642,0.5352609308885754,0.9459639759839892,concordant,concordant,0.0583462106278475,0.0042759964443473,1,1198,0,1218,0,1271,1262,322,256,2533,1198,0.0,1198,94.25649095200629,1218,0.0,1218,0.4958609271523179,66,12794,0,1142,0,12826,1194,12037,484,14020,12794,0.0,12794,99.75050678309684,1142,0.0,1142,0.9180539609644087,11553
E02000267,Ealing,6,6,22.021765506786025,19.028426202548992,561.0,573.0,0.5707019328585962,0.582909460834181,0.0122075279755848,-2.9933393042370326,267.0,271.0,649,577,1226,538.0,59.01876019575857,-4.0,41.14021571648691,273.0,219.0,635.0,444.0,1079.0,492.0,55.40963855421687,54.0,42.99212598425196,257.0,342.0,599.0,71.69168026101141,-85.0,44.54072790294627,186.0,302.0,488.0,52.05931417979611,-116.0,41.891891891891895,33.0,262.0,229.0,58.0,-46.0,-3.609121641541698,1.8519102677650563,-31.0,-111.0,-19.632366081215302,-2.648836011054378,0.4731750219876869,0.9274061990212072,0.5020408163265306,0.9082483781278962,concordant,divergent,0.0288657943388437,-0.0191578208933109,4,490,240,449,295,865,765,216,188,1630,730,72.14723926380368,250,56.64739884393064,744,81.26073619631902,154,0.49525101763907736,28,7656,195,484,270,8016,740,7381,296,8756,7851,170.50251256281408,7461,95.50898203592814,754,14.924623115577889,214,0.9123765252760023,7085
E02000268,Ealing,7,6,20.487510661466125,20.64204977728285,601.0,510.0,0.6113936927772126,0.5188199389623601,-0.0925737538148524,0.1545391158167248,270.0,536.0,904,1023,1927,806.0,75.10119356512715,-266.0,29.867256637168143,249.0,397.0,771.0,798.0,1569.0,646.0,63.003824091778206,-148.0,32.295719844357976,293.0,483.0,776.0,73.44006227296316,-190.0,28.641251221896383,295.0,405.0,700.0,76.1472275334608,-110.0,36.96741854636591,39.0,352.0,313.0,118.0,-160.0,-12.09736947334894,2.428463207189832,80.0,-76.0,2.7071652604976464,8.32616732446953,0.5094816687737042,0.820965230928905,0.4799405646359584,0.8578712555768006,concordant,concordant,-0.0295411041377457,0.0369060246478955,5,799,517,584,474,1419,1297,515,274,2716,1316,152.09241531664213,282,56.30725863284003,1058,101.92047128129602,110,0.5543386689132266,241,8587,391,844,402,9092,1329,8321,531,10421,8978,322.1876019575856,8196,94.4456665200176,1246,32.55810382880722,442,0.8781298904538342,7790
E02000269,Ealing,9,9,12.074136028843771,10.623610073010765,832.0,842.0,0.8463886063072228,0.8565615462868769,0.010172939979654,-1.450525955833008,27.0,673.0,919,822,1741,700.0,10.437105112004597,-646.0,2.9379760609358,20.0,587.0,700.0,696.0,1396.0,607.0,8.40974212034384,-567.0,2.857142857142857,50.0,812.0,862.0,23.319931074095347,-762.0,6.082725060827251,35.0,622.0,657.0,15.5945558739255,-587.0,5.028735632183908,-552.0,23.0,575.0,79.0,-93.0,-2.027362991660757,-0.0808332037929426,175.0,-205.0,-7.725375200169847,-1.0539894286433429,0.4481434058898847,0.897185525560023,0.4802215189873418,0.9054441260744984,concordant,concordant,0.032078113097457,0.0082586005144755,8,24,1029,49,1283,1358,1150,439,328,2508,1053,9.84688995215311,-1005,1.7673048600883652,1332,25.066586921850078,-1234,0.44150943396226416,111,19,1050,31,7948,8014,1129,7314,433,9143,1069,2.181997156294433,-1031,0.23708510107312203,7979,26.94826643333698,-7917,0.11814765694076039,6881
E02000270,Ealing,3,1,33.4102310791993,35.99719163190494,276.0,64.0,0.2807731434384537,0.0651068158697863,-0.2156663275686673,2.5869605527056407,617.0,96.0,893,866,1759,713.0,33.673678226264926,521.0,69.09294512877939,789.0,99.0,1067.0,826.0,1893.0,888.0,41.26307448494453,690.0,73.9456419868791,682.0,135.0,817.0,52.34223990903923,547.0,78.75288683602771,649.0,182.0,831.0,62.3972530375066,467.0,78.57142857142857,974.0,974.0,0.0,169.0,175.0,7.589396258679606,4.852696858099705,-80.0,14.0,10.055013128467372,-0.1814582645991436,0.4660130718954248,0.869812393405344,0.5165794066317626,0.9080824088748018,concordant,concordant,0.0505663347363377,0.0382700154694578,2,954,60,916,96,1188,1072,295,206,2260,1014,25.327433628318584,894,80.3030303030303,1012,38.90973451327434,820,0.5004935834155972,89,8868,68,991,88,9124,1144,8057,318,10268,8936,58.728476821192054,8800,97.19421306444542,1079,8.493182703544994,903,0.8922616075886171,7739
E02000271,Ealing,9,9,12.715798570309037,9.82919416909621,815.0,867.0,0.8290946083418108,0.8819938962360122,0.0528992878942014,-2.886604401212825,26.0,631.0,701,791,1492,657.0,10.99597855227882,-605.0,3.708987161198289,23.0,527.0,718.0,617.0,1335.0,550.0,9.079400749063671,-504.0,3.203342618384401,40.0,581.0,621.0,15.576407506702411,-541.0,5.056890012642225,43.0,616.0,659.0,19.841198501872658,-573.0,6.9692058346839545,-488.0,19.0,507.0,101.0,-107.0,-1.916577803215148,-0.5056445428138878,-32.0,38.0,4.264790995170246,1.9123158220417291,0.5140845070422535,0.8565683646112601,0.4549214226633581,0.90561797752809,concordant,concordant,-0.0591630843788953,0.0490496129168298,7,45,857,80,989,1122,1024,421,233,2146,902,17.970643056849955,-812,4.010695187165775,1069,36.868592730661696,-909,0.4576357179096905,188,43,877,67,6736,6852,985,6134,368,7837,920,4.811917825698609,-834,0.6275539988324577,6803,57.587342095189484,-6669,0.11912469247701671,5766
E02000272,Ealing,9,9,11.049683628482514,10.154082105586248,863.0,856.0,0.8779247202441506,0.8708036622583927,-0.0071210579857579,-0.8956015228962659,15.0,402.0,523,494,1017,417.0,5.929203539823009,-387.0,2.8680688336520075,9.0,340.0,343.0,414.0,757.0,349.0,4.04227212681638,-331.0,2.623906705539359,34.0,425.0,459.0,14.208456243854474,-391.0,6.882591093117409,17.0,280.0,297.0,6.2879788639365914,-263.0,4.1062801932367154,-334.0,12.0,346.0,56.0,-68.0,-1.8869314130066288,-0.2441621281126487,128.0,-162.0,-7.920477379917883,-2.776310899880693,0.476027397260274,0.8613569321533924,0.5402476780185759,0.8533685601056803,concordant,concordant,0.0642202807583018,-0.007988372047712,8,15,647,31,679,761,722,238,228,1483,662,6.544167228590695,-632,1.971090670170828,710,14.193526635198921,-648,0.48250728862973763,10,9,609,14,6557,6605,666,6262,252,7271,618,0.7538165314262137,-600,0.13626040878122633,6571,12.625223490579012,-6543,0.08596466824314926,6010
E02000274,Ealing,4,3,32.375847218251785,28.3128246462348,301.0,252.0,0.306205493387589,0.2563580874872838,-0.0498474059003051,-4.063022572016983,349.0,398.0,744,1137,1881,747.0,73.84476342371079,-49.0,46.90860215053764,0.0,0.0,0.0,0.0,0.0,0.0,0.0,0.0,0.0,586.0,292.0,878.0,90.9686337054758,294.0,51.53913808267371,0.0,0.0,0.0,0.0,0.0,0.0,0.0,0.0,0.0,49.0,-747.0,-73.84476342371079,-46.90860215053764,-294.0,-878.0,-90.9686337054758,-51.53913808267371,0.4596923076923077,0.8639021796916534,0.5,0.0,divergent,zero,0.0403076923076923,-0.8639021796916534,3,830,358,749,232,1258,1390,514,253,2648,1188,112.2129909365559,472,65.97774244833067,981,65.62235649546828,517,0.5477178423236515,261,0,0,0,0,0,0,0,0,0,0,0.0,0,0.0,0,0.0,0,0.5,0
E02000275,Ealing,3,3,34.333983501830474,28.17782754506893,248.0,258.0,0.2522889114954221,0.2624618514750763,0.0101729399796541,-6.156155956761548,417.0,55.0,552,566,1118,472.0,20.514311270125223,362.0,75.54347826086956,217.0,85.0,329.0,548.0,877.0,302.0,21.03192702394527,132.0,65.95744680851064,411.0,65.0,476.0,23.8953488372093,346.0,72.6148409893993,406.0,49.0,455.0,22.68415051311289,357.0,74.08759124087592,112.0,210.0,98.0,-230.0,-170.0,0.5176157538200457,-9.586031452358924,11.0,-21.0,-1.2111983240964117,1.4727502514766255,0.4978902953586498,0.8479427549194991,0.3989431968295905,0.863169897377423,concordant,concordant,-0.0989470985290593,0.0152271424579238,2,674,54,617,57,778,737,226,171,1515,728,24.023762376237624,620,86.63239074550128,674,23.213861386138614,560,0.5192582025677603,55,7923,71,783,44,7998,903,7669,355,8901,7994,63.19885406134142,7852,99.06226556639159,827,3.870576339737108,739,0.9062464573177644,7314
E02000276,Ealing,8,8,14.966897119309728,13.741856141420298,753.0,739.0,0.7660223804679552,0.7517802644964394,-0.0142421159715158,-1.2250409778894298,108.0,539.0,714,802,1516,647.0,38.39841688654354,-431.0,15.126050420168069,116.0,373.0,563.0,578.0,1141.0,489.0,37.92112182296231,-257.0,20.603907637655418,171.0,533.0,704.0,60.12071240105541,-362.0,21.3216957605985,128.0,391.0,519.0,43.86327782646801,-263.0,22.145328719723185,-276.0,103.0,379.0,174.0,-158.0,-0.4772950635812236,5.477857217487349,99.0,-185.0,-16.2574345745874,0.8236329591246836,0.4789045151739452,0.8911609498680739,0.4851190476190476,0.8834355828220859,concordant,concordant,0.0062145324451023,-0.007725367045988,6,110,526,197,522,1238,1091,524,289,2329,636,24.843280377844568,-416,8.88529886914378,719,44.15371404036067,-325,0.4693726937269373,235,121,367,138,383,6578,947,6015,369,7525,488,5.901262458471761,-246,1.839464882943144,521,7.023787375415282,-245,0.4836471754212091,5646
E02000277,Enfield,6,4,23.83618138257308,26.28489744973688,500.0,323.0,0.508646998982706,0.3285859613428281,-0.1800610376398779,2.4487160671637973,95.0,279.0,539,383,922,374.0,28.747288503253795,-184.0,17.625231910946194,52.0,266.0,423.0,394.0,817.0,318.0,16.930232558139537,-214.0,12.293144208037823,83.0,412.0,495.0,37.08893709327549,-329.0,21.671018276762403,117.0,361.0,478.0,51.69767441860465,-244.0,29.695431472081214,-128.0,83.0,211.0,-30.0,-56.0,-11.81705594511426,-5.332087702908371,85.0,-17.0,14.60873732532916,8.024413195318811,0.430379746835443,0.9425162689804772,0.3994974874371859,0.9742962056303548,concordant,concordant,-0.0308822593982571,0.0317799366498776,4,223,265,360,400,664,660,125,277,1324,488,44.633685800604226,-42,33.58433734939759,760,108.76132930513594,-40,0.391025641025641,-152,7060,262,458,352,7429,735,7006,341,8164,7322,226.5703086722195,6798,95.03297886660384,810,19.74718275355218,106,0.9003935071323168,6665
E02000278,Enfield,2,1,38.58764642978387,38.42983080834834,155.0,42.0,0.1576805696846388,0.0427263479145473,-0.1149542217700915,-0.1578156214355246,406.0,104.0,660,506,1166,510.0,36.21269296740995,302.0,61.51515151515151,276.0,96.0,433.0,441.0,874.0,372.0,30.31578947368421,180.0,63.74133949191686,336.0,163.0,499.0,46.97084048027444,173.0,66.40316205533597,294.0,79.0,373.0,26.57437070938215,215.0,66.66666666666666,303.0,303.0,0.0,-122.0,-138.0,-5.896903493725741,2.2261879767653525,42.0,-126.0,-20.39646977089229,0.2635046113306885,0.5054509415262636,0.8653516295025729,0.4993288590604027,0.8524027459954233,concordant,concordant,-0.0061220824658608,-0.0129488835071496,2,522,105,620,169,838,837,178,331,1675,627,32.722388059701494,417,62.29116945107399,789,62.55522388059701,451,0.4427966101694915,-153,9137,100,607,83,9337,791,8904,350,10128,9237,90.2152448657188,9037,97.85798436328585,690,4.974427330173776,524,0.9304925959504382,8554
E02000279,Enfield,4,2,32.21312893832943,32.448723032537266,307.0,137.0,0.3123092573753815,0.1393692777212614,-0.17293997965412,0.2355940942078334,409.0,301.0,1132,656,1788,710.0,68.85290827740492,108.0,36.130742049469966,225.0,226.0,682.0,599.0,1281.0,451.0,39.695550351288055,-1.0,32.99120234604106,318.0,645.0,963.0,114.71476510067114,-327.0,48.47560975609756,335.0,418.0,753.0,109.31303669008588,-83.0,55.926544240400666,150.0,293.0,143.0,-109.0,-259.0,-29.157357926116863,-3.139539703428909,244.0,-210.0,-5.401728410585264,7.450934484303104,0.4243873281530185,0.935682326621924,0.3745847176079734,0.9398907103825136,divergent,concordant,-0.0498026105450451,0.0042083837605897,3,584,287,606,644,1410,1050,278,394,2460,871,68.13333333333334,297,41.41843971631206,1250,158.6439024390244,-38,0.41065535124941066,-116,11589,226,832,418,12113,1159,11431,560,13272,11815,197.34132007233273,11363,95.67406918187072,1250,26.203737191078964,414,0.9043245311902028,10871
E02000280,Enfield,7,5,20.29299657709924,21.468448379979097,609.0,477.0,0.6195320447609359,0.4852492370295015,-0.1342828077314344,1.1754518028798593,195.0,210.0,501,391,892,405.0,45.908071748878925,-15.0,38.92215568862276,151.0,136.0,455.0,290.0,745.0,287.0,27.56510067114094,15.0,33.18681318681318,155.0,275.0,430.0,47.785874439461885,-120.0,39.64194373401534,129.0,264.0,393.0,45.712751677852346,-135.0,44.48275862068966,112.0,219.0,107.0,30.0,-118.0,-18.342971077737985,-5.735342501809576,-15.0,-37.0,-2.0731227616095396,4.840814886674316,0.4850299401197604,0.9360986547085202,0.4220588235294117,0.912751677852349,concordant,divergent,-0.0629711165903487,-0.0233469768561711,5,354,210,414,274,659,650,158,259,1309,564,56.79144385026738,144,53.71775417298937,688,86.6585179526356,140,0.4504792332268371,-101,8197,136,476,259,8501,636,8046,346,9137,8333,122.0085367188355,8061,96.42395012351489,735,13.492831345080441,217,0.9189457432730481,7700
E02000281,Enfield,4,3,29.469572625919636,27.972087435954556,376.0,265.0,0.3825025432349949,0.2695829094608342,-0.1129196337741607,-1.4974851899650794,390.0,159.0,741,459,1200,549.0,51.675,231.0,52.63157894736842,284.0,192.0,550.0,434.0,984.0,476.0,55.41463414634146,92.0,51.63636363636363,251.0,304.0,555.0,63.586666666666666,-53.0,54.68409586056645,225.0,226.0,451.0,51.676829268292686,-1.0,51.843317972350235,110.0,291.0,181.0,-139.0,-73.0,3.7396341463414657,-0.9952153110047846,52.0,-104.0,-11.90983739837398,-2.840777888216216,0.4972826086956521,0.92,0.5134843581445523,0.9420731707317072,divergent,divergent,0.0162017494489001,0.0220731707317072,3,482,159,467,304,899,715,158,256,1614,641,47.48327137546468,323,53.61512791991101,771,87.96034696406444,163,0.45396600566572237,-98,9178,192,626,226,9481,884,8931,450,10365,9370,170.01215629522432,8986,96.80413458495939,852,13.64939700916546,400,0.9166503619643905,8481
E02000282,Enfield,1,1,43.609851547997806,40.06445952729555,81.0,22.0,0.0824008138351983,0.022380467955239,-0.0600203458799593,-3.545392020702259,684.0,0.0,846,660,1506,684.0,0.0,684.0,80.85106382978722,431.0,0.0,542.0,603.0,1145.0,431.0,0.0,431.0,79.52029520295203,549.0,0.0,549.0,0.0,549.0,83.18181818181817,472.0,0.0,472.0,0.0,472.0,78.27529021558873,347.0,347.0,0.0,-253.0,-253.0,0.0,-1.3307686268351944,-77.0,-77.0,0.0,-4.906527966229447,0.5547445255474452,0.8187250996015937,0.477297895902547,0.788646288209607,concordant,concordant,-0.0774466296448981,-0.0300788113919866,1,861,0,753,0,1025,869,179,209,1894,861,0.0,861,84.0,753,0.0,753,0.533457249070632,-30,9666,0,752,0,9777,883,9235,280,10660,9666,0.0,9666,98.8646824179196,752,0.0,752,0.9278172393933577,8955
E02000283,Enfield,5,2,27.759390204178537,31.001213530163895,416.0,178.0,0.4231943031536114,0.1810783316378433,-0.242115971515768,3.241823325985358,97.0,331.0,545,468,1013,428.0,31.694965449160907,-234.0,17.79816513761468,87.0,280.0,438.0,379.0,817.0,367.0,29.81640146878825,-193.0,19.863013698630137,112.0,393.0,505.0,43.45113524185587,-281.0,23.931623931623932,72.0,307.0,379.0,27.055079559363524,-235.0,18.997361477572557,60.0,188.0,128.0,41.0,-61.0,-1.8785639803726577,2.064848561015456,46.0,-126.0,-16.39605568249235,-4.934262454051375,0.4587352625937835,0.9210266535044422,0.4919571045576407,0.9130966952264382,concordant,concordant,0.0332218419638572,-0.007929958278004,3,229,244,348,297,677,700,132,232,1377,473,40.578068264342775,-15,33.825701624815366,645,75.05882352941177,51,0.4230769230769231,-100,8077,213,414,253,8418,716,7980,337,9134,8290,188.3513247208233,7864,95.94915656925636,667,11.467265163126779,161,0.9255331026013174,7643
E02000284,Enfield,8,7,15.803134472195122,17.070983778065123,736.0,625.0,0.7487283825025433,0.6358087487283826,-0.1129196337741607,1.267849305870001,82.0,332.0,629,477,1106,414.0,24.61482820976492,-250.0,13.036565977742448,113.0,316.0,583.0,441.0,1024.0,429.0,34.87109375,-203.0,19.382504288164665,92.0,460.0,552.0,38.264014466546115,-368.0,19.28721174004193,65.0,414.0,479.0,26.279296875,-349.0,14.73922902494331,-148.0,142.0,290.0,47.0,15.0,10.25626554023508,6.345938310422216,19.0,-73.0,-11.984717591546117,-4.54798271509862,0.4285714285714285,0.8734177215189873,0.4724669603524229,0.88671875,concordant,concordant,0.0438955317809943,0.0133010284810126,6,85,332,94,460,834,781,205,304,1615,417,17.473684210526315,-247,10.191846522781775,554,26.773993808049536,-366,0.4294541709577755,-99,114,314,66,414,8545,804,7962,363,9349,428,3.828858701465397,-200,1.3341135166764189,480,2.9226655257246765,-348,0.4713656387665198,7599
E02000285,Enfield,9,9,10.762750633621344,11.391912029272756,874.0,812.0,0.8891149542217701,0.8260427263479145,-0.0630722278738555,0.6291613956514137,11.0,224.0,292,260,552,235.0,4.463768115942029,-213.0,3.767123287671233,20.0,209.0,326.0,234.0,560.0,229.0,7.464285714285714,-189.0,6.134969325153374,22.0,266.0,288.0,10.601449275362318,-244.0,8.461538461538462,20.0,288.0,308.0,10.285714285714286,-268.0,8.547008547008547,-199.0,9.0,208.0,24.0,-6.0,3.000517598343685,2.3678460374821415,-24.0,20.0,-0.3157349896480319,0.0854700854700851,0.4493307839388145,0.947463768115942,0.4264432029795158,0.9589285714285716,concordant,concordant,-0.0228875809592987,0.0114648033126294,8,8,438,12,377,398,472,106,212,870,446,4.027586206896552,-430,2.0100502512562812,389,5.2,-365,0.5341317365269461,-106,11,461,19,6528,6561,486,6235,252,7047,472,0.719596991627643,-450,0.16765736930345984,6547,17.600681140911025,-6509,0.06724604644536258,5983
E02000286,Enfield,8,7,15.07210509683746,16.912818267088756,751.0,632.0,0.7639877924720244,0.6429298067141404,-0.121057985757884,1.8407131702512969,180.0,392.0,700,652,1352,572.0,52.18934911242604,-212.0,25.71428571428571,172.0,314.0,719.0,486.0,1205.0,486.0,44.81991701244813,-142.0,23.9221140472879,174.0,451.0,625.0,58.04289940828402,-277.0,26.68711656441718,114.0,476.0,590.0,45.03236514522822,-362.0,23.456790123456788,-92.0,202.0,294.0,70.0,-86.0,-7.369432099977907,-1.7921716669978132,-85.0,-35.0,-13.010534263055805,-3.2303264409603933,0.4778613199665831,0.8853550295857988,0.4516728624535316,0.8929460580912864,concordant,concordant,-0.0261884575130514,0.0075910285054875,6,195,388,177,448,1002,939,302,287,1941,583,38.979907264296756,-193,19.46107784431138,625,40.8531684698609,-271,0.4826158940397351,15,180,314,120,470,8502,834,7783,348,9336,494,6.053984575835476,-134,2.117148906139732,590,6.041131105398458,-350,0.45571955719557194,7435
E02000287,Enfield,9,8,11.08154635233768,13.160404373177842,862.0,754.0,0.8769074262461851,0.7670396744659207,-0.1098677517802644,2.078858020840162,93.0,365.0,429,483,912,458.0,37.2203947368421,-272.0,21.678321678321677,96.0,242.0,411.0,361.0,772.0,338.0,30.093264248704664,-146.0,23.35766423357664,77.0,267.0,344.0,22.542763157894736,-190.0,15.942028985507244,55.0,279.0,334.0,19.876943005181342,-224.0,15.23545706371191,-73.0,118.0,191.0,126.0,-120.0,-7.127130488137439,1.679342555254962,-34.0,-10.0,-2.665820152713394,-0.7065719217953337,0.571072319201995,0.8793859649122807,0.5029761904761905,0.8704663212435233,concordant,concordant,-0.0680961287258045,-0.0089196436687574,8,62,630,66,712,838,726,409,243,1564,692,24.974424552429667,-568,7.398568019093078,778,30.046035805626598,-646,0.4707482993197279,166,83,530,47,7088,7209,615,6798,254,7824,613,5.622443762781186,-447,1.151338604522125,7135,42.578732106339466,-7041,0.07911719153329892,6544
E02000288,Enfield,3,2,34.22211056720687,33.579485377402285,252.0,106.0,0.2563580874872838,0.1078331637843336,-0.1485249237029501,-0.6426251898045834,626.0,254.0,1206,715,1921,880.0,82.77147319104633,372.0,51.90713101160862,373.0,184.0,644.0,648.0,1292.0,557.0,53.12074303405573,189.0,57.919254658385086,419.0,458.0,877.0,99.89692868297762,-39.0,58.6013986013986,401.0,211.0,612.0,65.48839009287926,190.0,61.882716049382715,200.0,377.0,177.0,-183.0,-323.0,-29.6507301569906,6.012123646776466,229.0,-265.0,-34.40853859009836,3.281317447984115,0.5008537279453614,0.9146277980218636,0.476475620188195,0.9047987616099072,divergent,concordant,-0.0243781077571663,-0.0098290364119564,2,883,119,738,248,1459,1033,253,318,2492,1002,42.16573033707865,764,60.520904729266626,986,73.4446227929374,490,0.5040241448692153,-65,12267,100,785,101,12537,1032,11893,384,13569,12367,90.40459871766527,12167,97.84637473079684,886,5.843098238632177,684,0.9331472119520109,11509
E02000289,Enfield,10,9,9.661355378444208,10.25233727451872,899.0,853.0,0.9145473041709054,0.8677517802644964,-0.0467955239064089,0.5909818960745117,0.0,197.0,292,242,534,197.0,0.0,-197.0,0.0,0.0,197.0,362.0,248.0,610.0,197.0,0.0,-197.0,0.0,0.0,254.0,254.0,0.0,-254.0,0.0,0.0,323.0,323.0,0.0,-323.0,0.0,-172.0,12.0,184.0,0.0,0.0,0.0,0.0,-69.0,69.0,0.0,0.0,0.4368070953436807,0.8445692883895131,0.3788461538461538,0.8524590163934426,concordant,concordant,-0.0579609414975269,0.0078897280039295,9,1,410,1,364,397,436,105,194,833,411,0.4921968787515006,-409,0.2518891687657431,365,0.4369747899159664,-363,0.529639175257732,-89,2,465,1,6645,6681,507,6319,259,7188,467,0.1293823038397329,-463,0.029935638377488402,6646,0.924457429048414,-6644,0.06565443554055954,6060
E02000290,Enfield,2,1,39.2495030682132,38.839320709559345,149.0,34.0,0.1515768056968464,0.034587995930824,-0.1169888097660223,-0.4101823586538557,367.0,116.0,627,549,1176,483.0,36.20068027210884,251.0,58.53269537480064,301.0,64.0,488.0,456.0,944.0,365.0,20.406779661016948,237.0,61.68032786885246,354.0,169.0,523.0,50.87244897959184,185.0,64.48087431693989,331.0,124.0,455.0,43.478813559322035,207.0,72.58771929824562,314.0,314.0,0.0,-14.0,-118.0,-15.793900611091892,3.1476324940518197,22.0,-68.0,-7.393635420269803,8.106844981305727,0.4801192842942346,0.8554421768707483,0.4451219512195122,0.8686440677966102,concordant,concordant,-0.0349973330747224,0.0132018909258618,2,419,117,440,172,776,737,149,188,1513,536,32.40118968935889,302,53.99484536082474,612,50.01982815598149,268,0.46689895470383275,-39,6290,65,471,125,6528,636,6040,180,7164,6355,57.07007258514796,6225,96.35416666666666,596,8.218174204355108,346,0.9142569414472738,5860
E02000291,Enfield,6,5,22.03595138614971,22.769043029435817,559.0,432.0,0.5686673448626653,0.4394710071210579,-0.1291963377416073,0.7330916432861052,413.0,370.0,884,796,1680,783.0,90.95833333333331,43.0,46.71945701357466,287.0,330.0,708.0,621.0,1329.0,617.0,71.26410835214448,-43.0,40.536723163841806,384.0,417.0,801.0,95.31428571428572,-33.0,48.24120603015075,263.0,392.0,655.0,77.57411587659895,-129.0,42.351046698872786,-9.0,286.0,295.0,-86.0,-166.0,-19.69422498118884,-6.1827338497328554,-96.0,-146.0,-17.740169837686764,-5.890159331277964,0.4943181818181818,0.9428571428571428,0.485062893081761,0.9571106094808126,divergent,concordant,-0.0092552887364208,0.0142534666236697,4,700,352,673,390,1156,1085,272,289,2241,1052,109.95091477019187,348,60.553633217993074,1063,117.12182061579652,283,0.4973995271867612,-17,9499,310,686,373,9916,1038,9208,417,10954,9809,268.8232609092569,9189,95.79467527228721,1059,23.359320796056235,313,0.9025579683474421,8791
E02000292,Enfield,7,5,20.28418657942845,21.630351197726352,610.0,471.0,0.6205493387589013,0.479145473041709,-0.1414038657171922,1.3461646182979017,114.0,378.0,679,577,1256,492.0,34.30891719745223,-264.0,16.789396170839467,110.0,319.0,660.0,550.0,1210.0,429.0,29.0,-209.0,16.666666666666664,171.0,514.0,685.0,69.97929936305732,-343.0,29.636048526863085,188.0,470.0,658.0,73.02479338842976,-282.0,34.18181818181818,-45.0,220.0,265.0,55.0,-63.0,-5.308917197452232,-0.1227295041728027,61.0,-27.0,3.0454940253724345,4.5457696549550946,0.4180118946474087,0.9371019108280256,0.3946642134314627,0.8983471074380165,concordant,concordant,-0.0233476812159459,-0.038754803390009,5,282,376,430,513,846,836,167,259,1682,658,63.03923900118906,-94,33.33333333333333,943,131.14744351961951,-83,0.41099312929419113,-92,9130,318,543,440,9680,905,9020,355,10585,9448,274.28814359943317,8812,94.31818181818183,983,22.57156353330184,103,0.9057616719394114,8665
E02000293,Enfield,10,9,8.895326801807515,10.699650412717824,923.0,837.0,0.9389623601220752,0.8514750762970499,-0.0874872838250253,1.8043236109103071,0.0,259.0,360,314,674,259.0,0.0,-259.0,0.0,0.0,241.0,307.0,304.0,611.0,241.0,0.0,-241.0,0.0,0.0,287.0,287.0,0.0,-287.0,0.0,0.0,247.0,247.0,0.0,-247.0,0.0,-177.0,38.0,215.0,18.0,-18.0,0.0,0.0,40.0,-40.0,0.0,0.0,0.4743589743589743,0.8100890207715133,0.4938524590163934,0.7986906710310966,concordant,concordant,0.0194934846574191,-0.0113983497404167,9,0,461,3,476,503,491,143,177,994,461,0.0,-461,0.0,479,1.4366197183098592,-473,0.49042553191489363,-34,3,494,1,6304,6336,530,6029,226,6866,497,0.21584619866006408,-491,0.04734848484848485,6305,0.918147392950772,-6303,0.07306674507497794,5803
E02000294,Enfield,5,3,28.116986427525624,29.838090023549565,406.0,205.0,0.4130213631739572,0.2085452695829094,-0.2044760935910478,1.7211035960239407,112.0,436.0,602,685,1287,548.0,37.94250194250194,-324.0,18.6046511627907,138.0,341.0,644.0,571.0,1215.0,479.0,38.73086419753086,-203.0,21.428571428571427,161.0,445.0,606.0,55.66822066822067,-284.0,23.503649635036496,192.0,443.0,635.0,70.00493827160494,-251.0,33.62521891418564,-61.0,211.0,272.0,121.0,-69.0,0.7883622550289218,2.8239202657807283,33.0,29.0,14.336717603384272,10.121569279149142,0.4748700173310225,0.8966588966588966,0.4299820466786355,0.9168724279835392,concordant,concordant,-0.0448879706523869,0.0202135313246424,3,429,366,368,398,914,881,312,196,1795,795,87.47298050139275,63,46.93654266958425,766,81.59554317548746,-30,0.5092889173606663,116,8774,297,490,367,9267,866,8623,295,10133,9071,257.16747261423075,8477,94.68004748030646,857,17.746965360702653,123,0.9136784850926672,8328
E02000295,Enfield,9,8,11.98511555505135,14.264162270898526,834.0,724.0,0.8484231943031536,0.7365208545269583,-0.1119023397761953,2.2790467158471763,106.0,398.0,676,570,1246,504.0,33.858747993579456,-292.0,15.680473372781064,71.0,343.0,526.0,501.0,1027.0,414.0,23.71275559883155,-272.0,13.498098859315588,111.0,538.0,649.0,47.92776886035313,-427.0,19.473684210526315,114.0,416.0,530.0,46.177215189873415,-302.0,22.75449101796407,-176.0,114.0,290.0,20.0,-90.0,-10.145992394747909,-2.1823745134654757,125.0,-119.0,-1.750553670479718,3.280806807437756,0.4371205550737207,0.9253611556982344,0.4385593220338983,0.9191820837390458,concordant,concordant,0.0014387669601775,-0.0061790719591885,8,87,634,86,785,913,786,237,216,1699,721,32.46497939964685,-547,9.529025191675794,871,39.73513831665686,-699,0.4528894472361809,21,47,632,80,8478,8586,778,8060,277,9364,679,3.1721486544211874,-585,0.5474027486606103,8558,72.43058521999146,-8398,0.07350871495074159,7783
E02000296,Enfield,7,6,19.478001771368643,18.736596991132807,627.0,578.0,0.6378433367243134,0.5879959308240081,-0.0498474059003052,-0.7414047802358361,315.0,320.0,963,813,1776,635.0,56.75675675675676,-5.0,32.71028037383177,315.0,301.0,787.0,764.0,1551.0,616.0,61.131528046421664,14.0,40.02541296060991,369.0,541.0,910.0,112.4037162162162,-172.0,45.38745387453875,337.0,389.0,726.0,84.52159896840747,-52.0,44.109947643979055,83.0,368.0,285.0,19.0,-19.0,4.374771289664906,7.315132586778141,120.0,-184.0,-27.88211724780872,-1.2775062305596947,0.4110032362459547,0.8699324324324325,0.4590163934426229,0.8652482269503546,concordant,divergent,0.0480131571966682,-0.0046842054820778,5,782,299,667,526,1428,1108,465,295,2536,1081,92.19952681388013,483,54.761904761904766,1193,138.34463722397476,141,0.47537379067722074,170,9596,298,743,380,10066,1160,9279,396,11226,9894,254.73080349189382,9298,95.33081661037156,1123,25.150543381435952,363,0.8980666243078879,8883
E02000297,Enfield,9,9,10.853698627124112,11.153847965296428,872.0,823.0,0.8870803662258393,0.8372329603255341,-0.0498474059003052,0.3001493381723144,75.0,382.0,547,470,1017,457.0,28.171091445427727,-307.0,13.711151736745888,45.0,316.0,410.0,418.0,828.0,361.0,17.17391304347826,-271.0,10.975609756097562,57.0,431.0,488.0,24.156342182890857,-374.0,12.127659574468083,55.0,332.0,387.0,22.053140096618357,-277.0,13.157894736842104,-318.0,26.0,344.0,36.0,-96.0,-10.997178401949466,-2.7355419806483265,97.0,-101.0,-2.1032020862725,1.0302351623740211,0.4835978835978836,0.9292035398230089,0.4826203208556149,0.9033816425120772,concordant,concordant,-0.0009775627422686,-0.0258218973109315,8,57,640,49,587,696,722,149,252,1418,697,25.726375176304654,-583,8.189655172413794,636,20.284203102961918,-538,0.522880720180045,-103,26,699,43,9203,9272,789,8862,371,10061,725,1.806381075439817,-673,0.28041415012942195,9246,39.33296888977239,-9160,0.0727108614983452,8491
E02000298,Enfield,10,10,10.149730907472415,8.6342442002442,891.0,908.0,0.906408952187182,0.923702950152594,0.0172939979654119,-1.5154867072282163,0.0,422.0,539,526,1065,422.0,0.0,-422.0,0.0,0.0,384.0,490.0,442.0,932.0,384.0,0.0,-384.0,0.0,0.0,434.0,434.0,0.0,-434.0,0.0,0.0,414.0,414.0,0.0,-414.0,0.0,-426.0,0.0,426.0,38.0,-38.0,0.0,0.0,20.0,-20.0,0.0,0.0,0.4929906542056075,0.8037558685446009,0.4812030075187969,0.8562231759656652,concordant,concordant,-0.0117876466868105,0.0524673074210643,8,102,621,103,583,739,783,200,257,1522,723,41.61760840998686,-519,13.802435723951287,686,39.45400788436268,-480,0.5131298793470547,-57,73,603,57,7926,8055,724,7565,282,8779,676,5.014124615559859,-530,0.9062693978895097,7983,51.46166989406538,-7869,0.0780690610925049,7283
E02000299,Enfield,3,1,33.89813588810137,34.10902891590886,261.0,97.0,0.2655137334689725,0.0986775178026449,-0.1668362156663276,0.2108930278074865,421.0,381.0,964,980,1944,802.0,82.5108024691358,40.0,43.67219917012448,206.0,346.0,542.0,843.0,1385.0,552.0,51.462815884476534,-140.0,38.00738007380074,497.0,475.0,972.0,121.4377572016461,22.0,50.71428571428571,406.0,285.0,691.0,83.54512635379061,121.0,48.16132858837485,315.0,315.0,0.0,-180.0,-250.0,-31.047986584659263,-5.66481909632374,99.0,-281.0,-37.892630847855486,-2.552957125910858,0.4520856820744081,0.912551440329218,0.4440868865647627,0.8974729241877256,concordant,divergent,-0.0079987955096454,-0.0150785161414924,2,638,203,700,302,1181,1180,217,200,2361,841,54.855569673867,435,54.02201524132092,1002,89.53833121558661,398,0.45632121540965814,17,8976,212,690,179,9310,1127,8768,284,10437,9188,182.3236562230526,8764,96.4124597207304,869,11.833860304685254,511,0.9135925226210599,8484
E02000300,Enfield,5,2,28.158851488292264,31.690634891882716,405.0,159.0,0.4120040691759918,0.1617497456765005,-0.2502543234994914,3.5317834035904525,163.0,575.0,876,868,1744,738.0,53.741399082568805,-412.0,18.60730593607306,162.0,430.0,556.0,729.0,1285.0,592.0,54.21011673151751,-268.0,29.136690647482016,198.0,635.0,833.0,72.09288990825688,-437.0,22.811059907834103,217.0,338.0,555.0,57.07859922178989,-121.0,29.766803840877916,34.0,270.0,236.0,144.0,-146.0,0.4687176489487044,10.529384711408955,316.0,-278.0,-15.014290686466992,6.955743933043813,0.4697644812221515,0.900802752293578,0.5161290322580645,0.8926070038910506,concordant,concordant,0.046364551035913,-0.0081957484025273,3,385,476,387,556,1090,1042,214,174,2132,861,85.95684803001876,-91,35.321100917431195,943,100.9249530956848,-169,0.4772727272727273,40,8300,350,540,303,8684,1023,8128,294,9707,8650,299.2685690738642,7950,95.57807461999079,843,16.855877202019162,237,0.9111977246392078,7834
E02000301,Enfield,2,1,40.87686071989716,39.40452036986176,124.0,30.0,0.126144455747711,0.0305188199389623,-0.0956256358087487,-1.4723403500354024,574.0,239.0,1003,974,1977,813.0,69.39099645928174,335.0,57.22831505483549,311.0,169.0,604.0,756.0,1360.0,480.0,38.64632352941177,142.0,51.49006622516556,587.0,302.0,889.0,89.66818411734953,285.0,60.26694045174538,475.0,189.0,664.0,66.01102941176471,286.0,62.83068783068783,319.0,319.0,0.0,-193.0,-333.0,-30.74467292986997,-5.738248829669928,1.0,-225.0,-23.657154705584816,2.563747378942452,0.4776733254994124,0.860900354071826,0.4195804195804196,0.8411764705882353,concordant,concordant,-0.0580929059189928,-0.0197238834835906,2,597,245,622,311,1199,1162,196,188,2361,842,61.95044472681067,352,49.79149291075897,933,81.93223210504024,311,0.4743661971830986,8,9686,178,692,193,10066,1043,9462,287,11109,9864,155.19920784949142,9508,96.22491555732168,885,12.022324241605904,499,0.9176667596985766,9175
E02000302,Enfield,7,6,20.85787932740812,19.461557333943063,596.0,558.0,0.6063072227873856,0.5676500508646999,-0.0386571719226856,-1.3963219934650546,138.0,294.0,572,573,1145,432.0,35.43406113537118,-156.0,24.125874125874127,129.0,245.0,481.0,455.0,936.0,374.0,33.76602564102564,-116.0,26.819126819126826,210.0,369.0,579.0,67.67685589519651,-159.0,36.64921465968586,139.0,289.0,428.0,42.917735042735046,-150.0,30.54945054945055,-46.0,173.0,219.0,40.0,-58.0,-1.6680354943455384,2.693252693252699,9.0,-151.0,-24.759120852461464,-6.099764110235309,0.4272997032640949,0.8829694323144105,0.4663341645885286,0.8568376068376068,concordant,concordant,0.0390344613244337,-0.0261318254768037,5,325,292,359,366,758,721,186,148,1479,617,64.16497633536173,33,42.87598944591029,725,88.83975659229209,-7,0.45976154992548435,38,8176,244,424,273,8528,739,8047,284,9267,8420,215.27398295025358,7932,95.87242026266416,697,12.490773713175786,151,0.9235494131841615,7763
E02000303,Enfield,2,1,39.750529821215736,39.495709096894544,141.0,29.0,0.143438453713123,0.0295015259409969,-0.1139369277721261,-0.2548207243211919,475.0,255.0,879,902,1781,730.0,68.00954519932623,220.0,54.0386803185438,312.0,142.0,540.0,607.0,1147.0,454.0,38.6259808195292,170.0,57.77777777777777,517.0,243.0,760.0,70.53958450308815,274.0,57.3170731707317,367.0,160.0,527.0,51.19442022667829,207.0,60.46128500823723,330.0,330.0,0.0,-50.0,-276.0,-29.38356437979703,3.7390974592339745,-67.0,-233.0,-19.34516427640986,3.14421183750553,0.4899328859060403,0.8366086468276249,0.4627930682976554,0.8552746294681779,concordant,concordant,-0.0271398176083848,0.0186659826405529,2,556,272,555,249,1068,1054,189,152,2122,828,71.26861451460886,284,52.05992509363296,804,65.1248821866164,306,0.5073529411764706,37,7972,145,564,164,8250,869,7710,262,9119,8117,126.76170632744818,7827,96.63030303030304,728,10.143217458054611,400,0.9176936122102883,7448
E02000304,Enfield,10,9,9.603391190752872,9.395457433606351,902.0,879.0,0.9175991861648016,0.8942014242115972,-0.0233977619532044,-0.2079337571465203,0.0,435.0,600,511,1111,435.0,0.0,-435.0,0.0,0.0,379.0,471.0,439.0,910.0,379.0,0.0,-379.0,0.0,0.0,523.0,523.0,0.0,-523.0,0.0,0.0,409.0,409.0,0.0,-409.0,0.0,-306.0,47.0,353.0,56.0,-56.0,0.0,0.0,114.0,-114.0,0.0,0.0,0.4540709812108559,0.8622862286228623,0.4809644670050761,0.865934065934066,concordant,concordant,0.0268934857942202,0.0036478373112036,9,1,639,0,751,798,682,198,171,1480,640,0.43175675675675673,-638,0.12531328320802004,751,0.0,-751,0.46010064701653486,27,0,625,1,7905,7958,663,7487,224,8621,625,0.0,-625,0.0,7906,0.9169469899083633,-7904,0.07326222013831907,7263
E02000305,Enfield,7,8,18.103557163210937,15.372604843988654,675.0,689.0,0.6866734486266531,0.7009155645981688,0.0142421159715157,-2.7309523192222827,224.0,350.0,912,693,1605,574.0,48.84735202492212,-126.0,24.561403508771928,159.0,348.0,616.0,682.0,1298.0,507.0,42.6286594761171,-189.0,25.81168831168831,222.0,572.0,794.0,79.1177570093458,-350.0,32.03463203463203,223.0,377.0,600.0,64.76964560862866,-154.0,32.697947214076244,-394.0,88.0,482.0,-63.0,-67.0,-6.218692548805016,1.2502848029163829,196.0,-194.0,-14.34811140071713,0.6633151794442114,0.4195906432748538,0.8523364485981308,0.4579945799457994,0.8528505392912172,concordant,concordant,0.0384039366709456,0.0005140906930863,5,528,347,517,559,1216,986,304,293,2202,875,83.20435967302453,181,43.42105263157895,1076,131.24568574023615,-42,0.44848795489492566,11,8245,342,537,371,8699,995,8083,313,9694,8587,290.879925727254,7903,94.7810093114151,908,20.551578295853105,166,0.9043707214323328,7770
E02000306,Enfield,1,1,52.14041435785332,43.56118441182551,14.0,6.0,0.0142421159715157,0.0061037639877924,-0.0081383519837232,-8.579229946027809,541.0,0.0,747,696,1443,541.0,0.0,541.0,72.42302543507363,306.0,0.0,424.0,524.0,948.0,306.0,0.0,306.0,72.16981132075472,519.0,0.0,519.0,0.0,519.0,74.56896551724138,418.0,0.0,418.0,0.0,418.0,79.77099236641222,240.0,240.0,0.0,-235.0,-235.0,0.0,-0.2532141143189079,-101.0,-101.0,0.0,5.202026849170835,0.5103773584905661,0.7345807345807346,0.4226519337016574,0.7637130801687764,concordant,concordant,-0.0877254247889086,0.0291323455880417,1,664,0,664,0,875,848,128,152,1723,664,0.0,664,75.88571428571429,664,0.0,664,0.5,-24,8903,0,617,0,9023,725,8599,201,9748,8903,0.0,8903,98.67006538845173,617,0.0,617,0.9351890756302521,8398
E02000307,Enfield,5,4,26.839223410310947,25.027692124105013,434.0,359.0,0.4415055951169888,0.3652085452695829,-0.0762970498474059,-1.811531286205934,172.0,425.0,781,762,1543,597.0,47.37524303305249,-253.0,22.02304737516005,107.0,340.0,558.0,721.0,1279.0,447.0,28.444096950742768,-233.0,19.17562724014337,276.0,536.0,812.0,95.87556707712248,-260.0,36.22047244094488,299.0,407.0,706.0,95.14698983580922,-108.0,41.47018030513176,-156.0,149.0,305.0,20.0,-150.0,-18.931146082309724,-2.84742013501668,152.0,-106.0,-0.7285772413132605,5.249707864186881,0.4237047551454933,0.9131561892417368,0.3876843018213356,0.9014855355746676,concordant,concordant,-0.0360204533241576,-0.0116706536670692,3,393,358,466,453,983,936,202,174,1919,751,73.31631057842627,35,39.97965412004069,919,110.00416883793642,13,0.4497005988023952,28,9508,268,618,320,9933,1019,9375,298,10952,9776,232.6647187728269,9240,95.72133293063526,938,18.056975894813732,298,0.9124509986932985,9077
E02000308,Enfield,5,5,25.193128138572902,21.17568637970979,467.0,486.0,0.4750762970498474,0.4944048830111902,0.0193285859613428,-4.017441758863114,362.0,366.0,752,871,1623,728.0,81.63401109057301,-4.0,48.138297872340424,358.0,226.0,769.0,618.0,1387.0,584.0,58.333093006488824,132.0,46.55396618985696,448.0,351.0,799.0,96.88724584103512,97.0,51.43513203214696,330.0,350.0,680.0,83.2732516222062,-20.0,53.398058252427184,115.0,351.0,236.0,136.0,-144.0,-23.300918084084188,-1.584331682483466,-117.0,-119.0,-13.61399421882892,1.962926220280224,0.4767518009168304,0.9408502772643254,0.4620253164556962,0.9113193943763518,divergent,divergent,-0.0147264844611341,-0.0295308828879735,4,568,408,578,375,1045,1084,293,213,2129,976,108.8511038046031,160,54.35406698564593,953,101.80836073273838,203,0.5059616381544841,80,8113,270,531,394,8612,880,7843,262,9492,8383,230.77433628318585,7843,94.20575940548073,925,22.04108723135272,137,0.900623119896863,7581
E02000309,Enfield,1,1,44.113987597483074,38.22551165980796,76.0,45.0,0.0773143438453713,0.0457782299084435,-0.0315361139369277,-5.888475937675118,620.0,0.0,905,1024,1929,620.0,0.0,620.0,68.50828729281768,469.0,0.0,660.0,935.0,1595.0,469.0,0.0,469.0,71.06060606060606,779.0,0.0,779.0,0.0,779.0,76.07421875,748.0,0.0,748.0,0.0,748.0,80.0,396.0,396.0,0.0,-151.0,-151.0,0.0,2.5523187677883783,-31.0,-31.0,0.0,3.92578125,0.4431736954967834,0.7252462415759461,0.3853738701725555,0.7630094043887148,concordant,concordant,-0.0577998253242279,0.0377631628127687,1,845,0,972,0,1137,1221,232,197,2358,845,0.0,845,74.31838170624451,972,0.0,972,0.46505228398459,35,11393,0,1106,0,11600,1296,10940,361,12896,11393,0.0,11393,98.21551724137932,1106,0.0,1106,0.9115129210336826,10579
E02000311,Enfield,4,4,29.979820409238247,26.65358460673104,364.0,309.0,0.3702950152594099,0.3143438453713123,-0.0559511698880976,-3.326235802507206,433.0,436.0,891,991,1882,869.0,100.31243358129647,-3.0,48.597081930415264,293.0,290.0,668.0,764.0,1432.0,583.0,59.33659217877095,3.0,43.862275449101794,496.0,421.0,917.0,110.95430393198724,75.0,50.05045408678102,427.0,337.0,764.0,100.48812849162012,90.0,55.890052356020945,10.0,273.0,263.0,6.0,-286.0,-40.975841402525525,-4.73480648131347,15.0,-153.0,-10.466175440367124,5.8395982692399215,0.486562150055991,0.9489904357066952,0.4328136599851522,0.9406424581005588,divergent,concordant,-0.0537484900708388,-0.0083479776061363,3,655,429,548,421,1190,1129,299,138,2319,1084,121.17076326002588,226,55.04201680672269,969,99.48598533850797,127,0.5280077934729663,161,9982,282,673,335,10406,1055,9738,291,11461,10264,245.60893464793648,9700,95.92542763790121,1008,19.671494633976092,338,0.9105748757984387,9447
E02000312,Enfield,6,6,23.867979597059104,19.41314520643807,495.0,560.0,0.503560528992879,0.5696846388606307,0.0661241098677517,-4.454834390621034,412.0,759.0,1308,1271,2579,1171.0,121.25164792555256,-347.0,31.49847094801223,273.0,613.0,1006.0,1091.0,2097.0,886.0,79.80400572246066,-340.0,27.137176938369784,420.0,808.0,1228.0,131.58588600232648,-388.0,33.044846577498035,420.0,677.0,1097.0,135.59370529327612,-257.0,38.4967919340055,-393.0,243.0,636.0,7.0,-285.0,-41.4476422030919,-4.361294009642446,131.0,-131.0,4.007819290949641,5.451945356507466,0.488120050020842,0.9302055060100816,0.4467977811396873,0.9456366237482118,concordant,concordant,-0.0413222688811547,0.0154311177381303,4,960,692,684,760,1836,1525,528,254,3361,1652,197.65545968461768,268,52.28758169934641,1444,154.66825349598335,-76,0.5335917312661499,274,10362,546,852,637,11090,1518,10084,427,12608,10908,448.7350888324873,9816,93.43552750225427,1489,43.046002538071065,215,0.8798902960393644,9657
E02000313,Greenwich,1,3,46.47337429332927,29.034084854263146,48.0,228.0,0.0488301119023397,0.2319430315361139,0.1831129196337741,-17.439289439066126,481.0,0.0,618,455,1073,481.0,0.0,481.0,77.831715210356,257.0,0.0,291.0,386.0,677.0,257.0,0.0,257.0,88.31615120274914,382.0,0.0,382.0,0.0,382.0,83.95604395604396,339.0,0.0,339.0,0.0,339.0,87.8238341968912,96.0,189.0,93.0,-224.0,-224.0,0.0,10.484435992393143,-43.0,-43.0,0.0,3.867790240847242,0.5573580533024334,0.804287045666356,0.4312080536912752,0.880354505169867,concordant,concordant,-0.1261499996111582,0.076067459503511,1,629,0,525,0,787,614,169,159,1401,629,0.0,629,79.92376111817026,525,0.0,525,0.5450606585788561,10,6337,0,550,0,6378,609,6087,223,6987,6337,0.0,6337,99.357165255566,550,0.0,550,0.9201393930593873,5864
E02000314,Greenwich,4,5,30.63770173413424,23.07788787169115,346.0,418.0,0.3519837232960325,0.4252288911495422,0.0732451678535096,-7.5598138624430895,362.0,668.0,1213,1157,2370,1030.0,102.03206751054852,-306.0,29.843363561417977,345.0,434.0,1013.0,955.0,1968.0,779.0,76.08231707317073,-89.0,34.05725567620928,354.0,648.0,1002.0,96.78987341772152,-294.0,30.596369922212617,402.0,533.0,935.0,108.875,-131.0,42.09424083769633,-298.0,254.0,552.0,217.0,-251.0,-25.949750437377787,4.213892114791303,163.0,-67.0,12.085126582278477,11.497870915483716,0.5068897637795275,0.8573839662447258,0.4544924154025671,0.8709349593495935,concordant,concordant,-0.0523973483769604,0.0135509931048677,3,875,666,727,646,1753,1573,540,416,3326,1541,175.210463018641,209,49.91443240159727,1373,141.20324714371617,81,0.5288263555250515,124,13070,431,1022,533,13804,1616,12791,661,15420,13501,365.3158236057069,12639,94.68270066647348,1555,35.32594033722438,489,0.8967189160467588,12130
E02000315,Greenwich,2,1,42.47607162334802,36.290120328926825,102.0,58.0,0.103763987792472,0.0590030518819938,-0.0447609359104781,-6.185951294421194,483.0,118.0,749,654,1403,601.0,40.622950819672134,365.0,64.48598130841121,316.0,80.0,459.0,558.0,1017.0,396.0,24.857423795476898,236.0,68.84531590413944,503.0,199.0,702.0,71.34497505345688,304.0,76.91131498470948,450.0,103.0,553.0,45.575221238938056,347.0,80.64516129032258,441.0,441.0,0.0,-129.0,-205.0,-15.765527024195237,4.359334595728228,43.0,-149.0,-25.769753814518825,3.733846305613099,0.4612432847275518,0.9287241625089094,0.4172813487881981,0.9331366764995084,concordant,concordant,-0.0439619359393537,0.0044125139905989,1,754,0,725,0,957,843,208,189,1800,754,0.0,754,78.78787878787878,725,0.0,725,0.5098039215686274,19,9581,0,855,0,9685,939,9226,381,10624,9581,0.0,9581,98.9261744966443,855,0.0,855,0.9180720582598697,8845
E02000316,Greenwich,1,4,42.87325735805085,23.836059833708916,93.0,392.0,0.0946083418107833,0.3987792472024415,0.3041709053916582,-19.037197524341934,1175.0,0.0,1507,1110,2617,1175.0,0.0,1175.0,77.96947577969475,0.0,0.0,0.0,0.0,0.0,0.0,0.0,0.0,0.0,838.0,0.0,838.0,0.0,838.0,75.49549549549549,0.0,0.0,0.0,0.0,0.0,0.0,0.0,0.0,0.0,-1175.0,-1175.0,0.0,-77.96947577969475,-838.0,-838.0,0.0,-75.49549549549549,0.583705911574764,0.76920137562094,0.5,0.0,concordant,zero,-0.083705911574764,-0.76920137562094,1,1912,0,1105,0,2290,1415,783,305,3705,1912,0.0,1912,83.4934497816594,1105,0.0,1105,0.633742127941664,478,0,0,0,0,0,0,0,0,0,0,0.0,0,0.0,0,0.0,0,0.5,0
E02000317,Greenwich,1,2,46.646049676224614,32.47226067933219,44.0,136.0,0.0447609359104781,0.138351983723296,0.0935910478128179,-14.173788996892426,513.0,0.0,686,762,1448,513.0,0.0,513.0,74.78134110787173,397.0,0.0,492.0,462.0,954.0,397.0,0.0,397.0,80.6910569105691,566.0,0.0,566.0,0.0,566.0,74.2782152230971,354.0,0.0,354.0,0.0,354.0,76.62337662337663,312.0,358.0,46.0,-116.0,-116.0,0.0,5.909715802697377,-212.0,-212.0,0.0,2.3451614002795225,0.4754402224281742,0.7451657458563536,0.5286284953395473,0.7872117400419287,concordant,concordant,0.053188272911373,0.042045994185575,1,740,0,688,0,928,928,242,166,1856,740,0.0,740,79.74137931034483,688,0.0,688,0.5182072829131653,76,7341,0,628,0,7451,747,6959,285,8198,7341,0.0,7341,98.52368809555763,628,0.0,628,0.9211946291881039,6674
E02000318,Greenwich,3,4,32.98717852977037,26.536444850872257,285.0,312.0,0.2899287894201424,0.3173957273652085,0.0274669379450661,-6.450733678898111,386.0,392.0,840,1052,1892,778.0,79.97463002114165,-6.0,45.95238095238095,296.0,240.0,726.0,897.0,1623.0,536.0,43.77079482439926,56.0,40.77134986225895,449.0,303.0,752.0,71.90644820295984,146.0,42.68060836501901,537.0,244.0,781.0,80.73197781885398,293.0,59.86622073578596,-119.0,215.0,334.0,62.0,-242.0,-36.20383519674239,-5.181031090121998,147.0,29.0,8.82552961589414,17.185612370766947,0.5084967320261438,0.8086680761099366,0.4069855732725892,0.8114602587800369,divergent,concordant,-0.1015111587535545,0.0027921826701002,2,845,353,628,261,1298,1231,458,179,2529,1198,117.94582839066825,492,65.10015408320493,889,64.81138790035587,367,0.5740297077144226,279,10289,192,945,195,10719,1305,9993,408,12024,10481,164.29540918163673,10097,95.98843175669373,1140,15.32559880239521,750,0.9019017296273987,9585
E02000319,Greenwich,3,4,33.85532826472858,24.171681404958676,264.0,382.0,0.2685656154628688,0.3886063072227874,0.1200406917599186,-9.6836468597699,529.0,426.0,1215,1089,2304,955.0,97.80989583333331,103.0,43.53909465020576,336.0,189.0,664.0,807.0,1471.0,525.0,43.17063222297757,147.0,50.602409638554214,490.0,454.0,944.0,96.55381944444444,36.0,44.995408631772264,440.0,212.0,652.0,63.41264445955132,228.0,54.522924411400254,21.0,274.0,253.0,44.0,-430.0,-54.63926361035575,7.063314988348452,192.0,-292.0,-33.14117498489312,9.52751577962799,0.5028962611901,0.82421875,0.4460492778249788,0.8001359619306594,concordant,concordant,-0.0568469833651212,-0.0240827880693406,2,1045,341,696,372,1730,1294,515,205,3024,1386,117.83895502645503,704,60.40462427745664,1068,85.61904761904762,324,0.5647921760391198,310,10057,153,849,147,10385,1201,9721,394,11586,10210,132.80864836872087,9904,96.84159845931633,996,10.77187985499741,702,0.9111190433696235,9327
E02000320,Greenwich,4,5,31.58518638888889,22.930003411572052,323.0,424.0,0.3285859613428281,0.4313326551373347,0.1027466937945066,-8.655182977316834,107.0,237.0,480,469,949,344.0,26.721812434141203,-130.0,22.291666666666668,159.0,192.0,422.0,396.0,818.0,351.0,37.32029339853301,-33.0,37.677725118483416,154.0,310.0,464.0,50.30558482613277,-156.0,32.83582089552239,150.0,200.0,350.0,36.67481662591687,-50.0,37.878787878787875,-121.0,130.0,251.0,97.0,7.0,10.598480964391808,15.386058451816748,106.0,-114.0,-13.630768200215904,5.042966983265487,0.4257425742574257,0.8514225500526871,0.5007132667617689,0.8569682151589242,concordant,concordant,0.0749706925043431,0.0055456651062371,3,246,237,290,310,630,632,150,163,1262,483,46.19809825673534,9,39.04761904761905,600,71.23613312202852,-20,0.44598337950138506,-13,6660,190,369,200,6949,645,6527,249,7594,6850,166.63155122465105,6470,95.84112821988775,569,9.718198577824598,169,0.9233050276317563,6278
E02000321,Greenwich,1,2,45.41702813888889,32.89893154223714,61.0,127.0,0.0620549338758901,0.1291963377416073,0.0671414038657172,-12.518096596651745,552.0,0.0,747,705,1452,552.0,0.0,552.0,73.89558232931726,350.0,0.0,446.0,454.0,900.0,350.0,0.0,350.0,78.47533632286996,520.0,0.0,520.0,0.0,520.0,73.75886524822694,364.0,0.0,364.0,0.0,364.0,80.1762114537445,274.0,313.0,39.0,-202.0,-202.0,0.0,4.5797539935527,-156.0,-156.0,0.0,6.4173462055175605,0.5149253731343284,0.7382920110192838,0.4901960784313725,0.7933333333333333,concordant,concordant,-0.0247292947029558,0.0550413223140495,1,816,0,641,0,1022,852,275,147,1874,816,0.0,816,79.84344422700586,641,0.0,641,0.5600549073438572,128,7477,0,616,0,7582,720,7136,266,8302,7477,0.0,7477,98.61514112371405,616,0.0,616,0.9238848387495366,6870
E02000323,Greenwich,1,2,46.071049488476675,32.19790005441683,51.0,144.0,0.051881993896236,0.1464903357070193,0.0946083418107833,-13.873149434059847,831.0,0.0,1082,1194,2276,831.0,0.0,831.0,76.80221811460258,708.0,0.0,901.0,867.0,1768.0,708.0,0.0,708.0,78.57935627081021,868.0,0.0,868.0,0.0,868.0,72.69681742043551,744.0,0.0,744.0,0.0,744.0,85.81314878892734,591.0,636.0,45.0,-123.0,-123.0,0.0,1.7771381562076272,-124.0,-124.0,0.0,13.116331368491828,0.4891112419070041,0.7464850615114236,0.4876033057851239,0.8212669683257918,concordant,concordant,-0.0015079361218801,0.0747819068143682,1,1146,0,1103,0,1428,1465,346,271,2893,1146,0.0,1146,80.25210084033614,1103,0.0,1103,0.5095598043574923,75,12331,0,1204,0,12542,1344,11641,477,13886,12331,0.0,12331,98.31765268697178,1204,0.0,1204,0.9110454377539712,11164
E02000324,Greenwich,2,3,39.746777532467526,29.340322482197355,142.0,222.0,0.1444557477110885,0.2258392675483214,0.0813835198372329,-10.406455050270171,465.0,128.0,643,596,1239,593.0,48.03874092009685,337.0,72.31726283048211,326.0,67.0,429.0,456.0,885.0,393.0,24.680225988700563,259.0,75.990675990676,420.0,132.0,552.0,44.74576271186441,288.0,70.46979865771812,357.0,58.0,415.0,23.396610169491524,299.0,78.28947368421053,208.0,293.0,85.0,-78.0,-200.0,-23.35851493139629,3.673413160193888,11.0,-137.0,-21.349152542372885,7.819675026492419,0.5179039301310043,0.9241323648103308,0.4863861386138614,0.912994350282486,concordant,concordant,-0.0315177915171429,-0.011138014527845,2,561,151,460,141,861,738,218,142,1599,712,52.97748592870544,410,65.1567944250871,601,40.56285178236398,319,0.5422696115765423,76,7579,76,608,71,7726,748,7297,292,8474,7655,67.97309417040358,7503,98.09733367848821,679,5.0941704035874436,537,0.9185265178785698,7005
E02000326,Greenwich,4,6,30.016503855728427,20.648771529957692,363.0,509.0,0.3692777212614445,0.5178026449643948,0.1485249237029502,-9.367732325770737,285.0,316.0,682,686,1368,601.0,65.83333333333333,-31.0,41.78885630498534,290.0,166.0,626.0,462.0,1088.0,456.0,44.24632352941177,124.0,46.3258785942492,250.0,308.0,558.0,56.28654970760234,-58.0,36.44314868804665,232.0,240.0,472.0,51.1764705882353,-8.0,50.21645021645021,-67.0,180.0,247.0,155.0,-145.0,-21.58700980392156,4.537022289263859,50.0,-86.0,-5.110079119367043,13.773301528403564,0.5185504745470233,0.8472222222222222,0.4913793103448275,0.8529411764705882,concordant,divergent,-0.0271711642021957,0.0057189542483659,3,552,316,464,304,963,910,281,224,1873,868,93.12973838761346,236,57.3208722741433,768,75.31019754404699,160,0.530562347188264,57,7316,164,555,239,7658,798,7032,336,8456,7480,141.89025543992432,7152,95.53408200574563,794,15.686494796594134,316,0.9040367416001934,6696
E02000327,Greenwich,1,2,44.71888610695971,30.41027660187185,72.0,193.0,0.0732451678535096,0.1963377416073245,0.1230925737538148,-14.308609505087858,539.0,0.0,728,649,1377,539.0,0.0,539.0,74.03846153846155,341.0,0.0,422.0,391.0,813.0,341.0,0.0,341.0,80.80568720379146,491.0,0.0,491.0,0.0,491.0,75.65485362095532,304.0,0.0,304.0,0.0,304.0,77.74936061381074,262.0,297.0,35.0,-198.0,-198.0,0.0,6.767225665329917,-187.0,-187.0,0.0,2.0945069928554148,0.5233009708737864,0.7480029048656499,0.5286821705426357,0.7933579335793358,concordant,concordant,0.0053811996688493,0.0453550287136859,1,1373,0,739,0,1572,914,844,265,2486,1373,0.0,1373,87.34096692111959,739,0.0,739,0.650094696969697,579,6405,0,737,0,6498,834,6076,443,7332,6405,0.0,6405,98.56879039704525,737,0.0,737,0.8968076169140297,5633
E02000328,Greenwich,6,7,23.46912351801393,16.88360272350503,516.0,633.0,0.5249237029501526,0.6439471007121058,0.1190233977619532,-6.5855207945088985,175.0,344.0,711,498,1209,519.0,49.79321753515302,-169.0,24.613220815752463,112.0,273.0,491.0,488.0,979.0,385.0,31.231869254341163,-161.0,22.81059063136456,107.0,365.0,472.0,32.303556658395365,-258.0,21.4859437751004,123.0,300.0,423.0,37.69152196118488,-177.0,25.20491803278688,-242.0,100.0,342.0,8.0,-134.0,-18.561348280811856,-1.802630184387905,81.0,-49.0,5.387965302789517,3.718974257686479,0.5237134207870837,0.8196856906534326,0.4764851485148514,0.8253319713993871,concordant,concordant,-0.0472282722722322,0.0056462807459545,4,464,302,350,307,994,735,283,237,1729,766,81.04569115095431,162,46.68008048289739,657,62.14574898785425,43,0.5382993675333801,46,6008,239,434,251,6379,799,5888,311,7178,6247,200.04346614655893,5769,94.18404138579714,685,15.176093619392589,183,0.9011829197922677,5577
E02000329,Greenwich,5,6,24.833221644012944,19.490797039836245,474.0,556.0,0.4821973550356053,0.5656154628687691,0.0834181078331637,-5.342424604176699,92.0,238.0,399,394,793,330.0,27.611601513240856,-146.0,23.05764411027569,78.0,212.0,331.0,361.0,692.0,290.0,23.895953757225435,-134.0,23.564954682779454,139.0,287.0,426.0,50.306431273644385,-148.0,35.27918781725889,131.0,224.0,355.0,42.40462427745665,-93.0,36.288088642659275,-166.0,63.0,229.0,12.0,-40.0,-3.7156477560154215,0.5073105725037657,55.0,-71.0,-7.901806996187737,1.0089008254003886,0.4365079365079365,0.953341740226986,0.4496124031007752,0.9320809248554912,concordant,concordant,0.0131044665928387,-0.0212608153714948,4,148,246,199,293,489,496,90,102,985,394,36.96243654822335,-98,30.265848670756647,492,59.19492385786802,-94,0.44469525959367945,-12,5946,222,271,234,6231,540,5900,179,6771,6168,194.95081967213116,5724,95.42609532980259,505,9.36552946389012,37,0.9243218942005095,5721
E02000331,Greenwich,4,3,32.39916692121057,29.183950786143427,298.0,226.0,0.3031536113936928,0.2299084435401831,-0.0732451678535096,-3.215216135067145,288.0,309.0,737,662,1399,597.0,63.61115082201572,-21.0,39.07734056987788,203.0,171.0,534.0,516.0,1050.0,374.0,33.06,32.0,38.01498127340824,261.0,324.0,585.0,60.44603288062902,-63.0,39.42598187311178,249.0,236.0,485.0,55.96571428571429,13.0,48.25581395348838,206.0,330.0,124.0,53.0,-223.0,-30.55115082201572,-1.0623592964696442,76.0,-100.0,-4.480318594914728,8.829832080376598,0.5050761421319797,0.8448892065761258,0.4353899883585564,0.8180952380952381,concordant,concordant,-0.0696861537734232,-0.0267939684808876,3,606,309,433,324,1068,855,331,193,1923,915,97.37597503900156,297,56.74157303370787,757,72.95475819032761,109,0.5472488038277512,138,7759,171,618,233,8107,893,7573,377,9000,7930,147.421,7588,95.70741334649068,851,15.999333333333333,385,0.9030862088600388,7196
E02000332,Greenwich,6,7,23.22329063973528,15.90175885042456,527.0,669.0,0.5361139369277721,0.6805696846388606,0.1444557477110885,-7.321531789310722,62.0,354.0,513,503,1016,416.0,21.60236220472441,-292.0,12.08576998050682,94.0,299.0,440.0,443.0,883.0,393.0,31.830124575311437,-205.0,21.363636363636363,118.0,410.0,528.0,47.618110236220474,-292.0,23.45924453280318,99.0,305.0,404.0,34.19592298980747,-206.0,22.34762979683973,-265.0,76.0,341.0,87.0,-23.0,10.227762370587026,9.277866383129544,86.0,-124.0,-13.422187246413005,-1.1116147359634496,0.4406779661016949,0.9291338582677166,0.493099121706399,0.9026047565118912,concordant,concordant,0.0524211556047041,-0.0265291017558252,4,248,322,299,362,695,683,182,180,1378,570,57.950653120464445,-74,35.68345323741007,661,78.54716981132076,-63,0.46303818034118605,2,6977,272,391,269,7321,730,6881,287,8051,7249,235.7153148677183,6705,95.3011883622456,660,13.064091417215252,122,0.9165507649513213,6594
E02000333,Greenwich,7,8,21.09053105918009,13.90021314803248,592.0,735.0,0.602238046795524,0.7477110885045778,0.1454730417090538,-7.190317911147611,107.0,558.0,704,680,1384,665.0,43.14017341040462,-451.0,15.198863636363637,85.0,389.0,455.0,484.0,939.0,474.0,35.21299254526092,-304.0,18.68131868131868,107.0,568.0,675.0,43.91329479768786,-461.0,15.735294117647058,70.0,351.0,421.0,26.166134185303516,-281.0,14.46280991735537,-354.0,48.0,402.0,147.0,-191.0,-7.927180865143704,3.482455044955042,180.0,-254.0,-17.747160612384345,-1.2724842002916876,0.4962686567164179,0.9682080924855492,0.529608938547486,0.9531416400425984,concordant,concordant,0.0333402818310681,-0.0150664524429506,5,433,552,398,561,1029,970,325,290,1999,985,119.56778389194598,-119,42.07968901846453,959,111.69484742371185,-163,0.5066872427983539,35,5743,384,432,350,6113,846,5658,362,6959,6127,316.90070412415577,5359,93.94732537215769,782,21.727259663744793,82,0.8868143001881603,5296
E02000334,Greenwich,4,4,29.409164507651877,25.993311114555883,377.0,333.0,0.3835198372329603,0.3387589013224822,-0.0447609359104781,-3.4158533930959933,220.0,115.0,465,400,865,335.0,29.248554913294797,105.0,47.31182795698925,119.0,117.0,296.0,347.0,643.0,236.0,21.653188180404353,2.0,40.2027027027027,201.0,159.0,360.0,36.94682080924856,42.0,50.24999999999999,169.0,130.0,299.0,34.16796267496112,39.0,48.70317002881844,9.0,137.0,128.0,-103.0,-99.0,-7.595366732890444,-7.109125254286546,-3.0,-61.0,-2.778858134287439,-1.546829971181552,0.4820143884892086,0.8034682080924855,0.4411214953271028,0.8320373250388803,concordant,concordant,-0.0408928931621058,0.0285691169463947,3,363,113,349,157,623,556,158,156,1179,476,34.791348600508904,250,58.26645264847512,506,46.47413061916879,192,0.4847250509164969,2,6355,116,382,129,6537,566,6241,219,7103,6471,103.78431648599184,6239,97.215848248432,511,6.937631986484584,253,0.9268118017759954,6022
E02000335,Greenwich,8,9,14.06606125515346,11.431670360520094,776.0,806.0,0.7894201424211598,0.8199389623601221,0.0305188199389623,-2.6343908946333645,33.0,222.0,343,295,638,255.0,11.482758620689657,-189.0,9.620991253644316,48.0,211.0,333.0,337.0,670.0,259.0,15.116417910447762,-163.0,14.414414414414416,43.0,291.0,334.0,19.612852664576803,-248.0,14.576271186440678,101.0,273.0,374.0,41.15373134328358,-172.0,29.970326409495552,-214.0,30.0,244.0,26.0,4.0,3.6336592897581057,4.7934231607701,76.0,40.0,21.54087867870678,15.394055223054874,0.432937181663837,0.9231974921630094,0.4091627172195892,0.9447761194029852,concordant,concordant,-0.0237744644442477,0.0215786272399757,7,30,386,34,386,426,440,83,145,866,416,13.371824480369515,-356,7.042253521126761,420,15.15473441108545,-352,0.49760765550239233,-62,39,371,89,6486,6535,474,6202,137,7009,410,2.0643458410614923,-332,0.5967865340474369,6575,82.35896704237409,-6397,0.05869720830350752,6065
E02000337,Greenwich,3,2,36.29991576650645,30.83114061167296,198.0,180.0,0.2014242115971515,0.1831129196337741,-0.0183112919633774,-5.468775154833491,337.0,131.0,504,516,1020,468.0,43.28137254901961,206.0,66.86507936507937,192.0,44.0,338.0,348.0,686.0,236.0,12.314868804664725,148.0,56.80473372781065,342.0,117.0,459.0,39.22941176470588,225.0,66.27906976744185,284.0,105.0,389.0,43.46938775510204,179.0,81.60919540229885,205.0,229.0,24.0,-58.0,-232.0,-30.96650374435488,-10.060345637268718,-46.0,-70.0,4.239975990396161,15.330125634856998,0.5048543689320388,0.9088235294117648,0.3776,0.9110787172011662,concordant,concordant,-0.1272543689320388,0.0022551877894014,2,464,43,477,59,631,651,127,135,1282,507,15.563182527301093,421,73.53407290015848,536,21.952418096723868,418,0.48609779482262705,-8,8223,29,549,63,8369,613,8031,265,8982,8252,26.54943219772879,8194,98.25546660293942,612,3.850701402805611,486,0.930956678700361,7766
E02000339,Greenwich,7,7,18.195884680067003,17.054623308390386,670.0,628.0,0.681586978636826,0.6388606307222787,-0.0427263479145473,-1.141261371676617,63.0,177.0,312,286,598,240.0,18.64715719063545,-114.0,20.192307692307693,66.0,138.0,325.0,264.0,589.0,204.0,15.463497453310696,-72.0,20.307692307692307,70.0,218.0,288.0,25.51839464882943,-148.0,24.475524475524477,105.0,231.0,336.0,41.17996604414262,-126.0,39.77272727272727,-37.0,87.0,124.0,42.0,-36.0,-3.1836597373247546,0.1153846153846132,22.0,48.0,15.661571395313183,15.297202797202797,0.4545454545454545,0.882943143812709,0.3777777777777777,0.9168081494057724,concordant,concordant,-0.0767676767676767,0.0338650055930634,5,184,176,213,218,433,428,121,142,861,360,37.61207897793263,8,42.494226327944574,431,53.930313588850176,-5,0.45512010113780027,-21,5937,138,298,230,6196,455,5871,191,6651,6075,123.18538565629228,5799,95.81988379599741,528,10.305217260562321,68,0.9200363471149478,5680
E02000340,Greenwich,7,8,20.457196154730617,14.542221922588832,602.0,717.0,0.612410986775178,0.7293997965412004,0.1169888097660223,-5.914974232141784,130.0,237.0,481,434,915,367.0,33.67213114754098,-107.0,27.027027027027028,169.0,225.0,515.0,406.0,921.0,394.0,41.28664495114006,-56.0,32.81553398058252,157.0,305.0,462.0,52.333333333333336,-148.0,36.175115207373274,153.0,324.0,477.0,53.82410423452769,-171.0,37.68472906403941,-137.0,119.0,256.0,51.0,27.0,7.614513803599081,5.788506953555494,-23.0,15.0,1.4907709011943524,1.5096138566661352,0.4427020506634499,0.9060109289617486,0.452353616532721,0.9457111834961998,concordant,concordant,0.009651565869271,0.0397002545344511,5,291,237,291,303,640,567,159,133,1207,528,57.139188069594034,54,45.46875,594,73.05136702568352,-12,0.47058823529411764,26,6407,223,428,321,6752,680,6237,274,7432,6630,192.2444833153929,6184,94.89040284360189,749,18.48600645855759,107,0.8984957311288793,5963
E02000341,Greenwich,2,1,41.59666179617337,38.41635975012249,115.0,43.0,0.1169888097660223,0.0437436419125127,-0.0732451678535096,-3.1803020460508833,390.0,77.0,495,475,970,467.0,30.95876288659794,313.0,78.78787878787878,282.0,51.0,381.0,380.0,761.0,333.0,18.898817345597895,231.0,74.01574803149606,360.0,67.0,427.0,24.8659793814433,293.0,75.78947368421053,298.0,61.0,359.0,23.88699080157687,237.0,78.42105263157895,354.0,354.0,0.0,-82.0,-134.0,-12.059945541000044,-4.772130756382722,-56.0,-68.0,-0.978988579866428,2.6315789473684106,0.5223713646532439,0.9216494845360824,0.4812138728323699,0.909329829172142,concordant,concordant,-0.0411574918208739,-0.0123196553639405,2,415,86,455,75,609,636,114,161,1245,501,28.666666666666668,329,68.14449917898193,530,27.40963855421687,380,0.4859359844810863,-47,7738,53,446,70,7861,568,7480,188,8429,7791,48.655119231225534,7685,98.43531357333673,516,3.7038794637560803,376,0.9378837125315999,7292
E02000342,Greenwich,5,5,25.139133582089553,21.596820544176097,469.0,473.0,0.4771108850457782,0.4811800610376399,0.0040691759918616,-3.542313037913459,276.0,235.0,547,694,1241,511.0,52.26430298146656,41.0,50.45703839122486,226.0,170.0,467.0,474.0,941.0,396.0,40.82890541976621,56.0,48.394004282655246,416.0,225.0,641.0,75.42304593070105,191.0,59.94236311239193,273.0,209.0,482.0,60.63443145589798,64.0,57.59493670886076,82.0,227.0,145.0,15.0,-115.0,-11.435397561700348,-2.0630341085696173,-127.0,-159.0,-14.788614474803069,-2.347426403531174,0.4435763888888889,0.9282836422240128,0.4510250569476082,0.9330499468650372,concordant,concordant,0.0074486680587192,0.0047663046410242,4,1092,264,544,248,1420,872,873,178,2292,1356,125.78010471204189,828,76.90140845070422,792,58.86212914485166,296,0.6312849162011173,695,5934,187,474,227,6217,725,5750,251,6942,6121,159.84701815038895,5747,95.44796525655461,701,15.499567847882455,247,0.8972442099091176,5499
E02000343,Greenwich,5,4,28.250860113857676,25.219478726483356,401.0,352.0,0.4079348931841302,0.358087487283825,-0.0498474059003052,-3.0313813873743207,193.0,153.0,451,389,840,346.0,35.15357142857143,40.0,42.793791574279375,156.0,109.0,353.0,323.0,676.0,265.0,25.153846153846153,47.0,44.19263456090651,216.0,210.0,426.0,54.0,6.0,55.52699228791774,191.0,169.0,360.0,47.75,22.0,59.13312693498453,118.0,195.0,77.0,7.0,-81.0,-9.99972527472528,1.3988429866271377,16.0,-66.0,-6.25,3.606134647066789,0.4481865284974093,0.919047619047619,0.424,0.9245562130177516,concordant,concordant,-0.0241865284974093,0.0055085939701324,3,344,98,349,122,564,508,113,119,1072,442,31.44776119402985,246,60.99290780141844,471,39.718283582089555,227,0.484118291347207,-6,6782,58,408,117,6959,518,6606,195,7477,6840,52.60880032098435,6724,97.45653111079177,525,6.384378761535375,291,0.9287169042769857,6411
E02000344,Greenwich,8,8,17.386526372318773,12.952855458119142,691.0,759.0,0.7029501525940997,0.7721261444557477,0.069175991861648,-4.433670914199631,78.0,212.0,432,352,784,290.0,21.09183673469388,-134.0,18.055555555555554,80.0,173.0,380.0,312.0,692.0,253.0,20.0,-93.0,21.052631578947366,99.0,306.0,405.0,38.640306122448976,-207.0,28.125,118.0,242.0,360.0,41.26589595375722,-124.0,37.82051282051282,-73.0,91.0,164.0,41.0,-37.0,-1.0918367346938815,2.997076023391813,83.0,-45.0,2.625589831308247,9.695512820512818,0.4172661870503597,0.8864795918367347,0.4127243066884176,0.8858381502890174,concordant,concordant,-0.004541880361942,-0.0006414415477173,6,104,212,119,305,526,454,94,102,980,316,22.49795918367347,-108,19.771863117870723,424,37.035714285714285,-186,0.42702702702702705,-8,107,173,129,242,6324,495,5944,183,6819,280,2.714620912157208,-66,1.6919671094244149,371,4.578090629124505,-113,0.43010752688172044,5761
E02000345,Hackney,3,3,36.00282053518895,28.995613425200965,202.0,231.0,0.2054933875890132,0.2349949135300101,0.0295015259409969,-7.007207109987988,160.0,414.0,628,681,1309,574.0,50.603514132925895,-254.0,25.477707006369428,145.0,435.0,454.0,791.0,1245.0,580.0,50.66265060240964,-290.0,31.938325991189423,200.0,422.0,622.0,64.47669977081742,-222.0,29.368575624082233,313.0,281.0,594.0,70.64497991967872,32.0,39.57016434892541,-181.0,119.0,300.0,-36.0,6.0,0.0591364694837466,6.460618984819995,254.0,-28.0,6.1682801488612995,10.201588724843177,0.479933110367893,0.9136745607333844,0.4940374787052811,0.9429718875502008,concordant,divergent,0.014104368337388,0.0292973268168165,2,374,268,342,264,840,822,212,141,1662,642,60.30806257521059,106,44.52380952380952,606,54.324909747292416,78,0.5144230769230769,71,7586,244,457,177,7891,934,7437,143,8825,7830,209.74322946175639,7342,96.13483715625397,634,9.165892351274788,280,0.9250945179584121,7294
E02000346,Hackney,1,1,52.96210919632336,47.16933467501491,10.0,3.0,0.0101729399796541,0.0030518819938962,-0.0071210579857578,-5.792774521308452,348.0,0.0,506,640,1146,348.0,0.0,348.0,68.77470355731225,786.0,0.0,1078.0,1010.0,2088.0,786.0,0.0,786.0,72.91280148423006,387.0,0.0,387.0,0.0,387.0,60.46875000000001,752.0,0.0,752.0,0.0,752.0,74.45544554455445,874.0,874.0,0.0,438.0,438.0,0.0,4.138097926917808,365.0,365.0,0.0,13.986695544554443,0.473469387755102,0.6413612565445026,0.5110533159947984,0.7365900383141762,concordant,concordant,0.0375839282396963,0.0952287817696736,1,575,0,475,0,740,750,234,110,1490,575,0.0,575,77.7027027027027,475,0.0,475,0.5476190476190477,124,8738,0,1052,0,9047,1330,7969,320,10377,8738,0.0,8738,96.58450315021554,1052,0.0,1052,0.8925434116445352,7649
E02000347,Hackney,2,3,40.26683882855706,28.999221284954935,131.0,230.0,0.1332655137334689,0.2339776195320447,0.1007121057985757,-11.267617543602128,275.0,168.0,544,678,1222,443.0,37.806873977086745,107.0,50.55147058823529,295.0,169.0,504.0,622.0,1126.0,464.0,44.27619893428064,126.0,58.53174603174603,326.0,156.0,482.0,41.61702127659574,170.0,48.08259587020649,320.0,128.0,448.0,36.37655417406749,192.0,51.446945337620576,-28.0,213.0,241.0,19.0,21.0,6.469324957193898,7.980275443510742,22.0,-34.0,-5.24046710252825,3.364349467414087,0.4789189189189189,0.7569558101472995,0.5087719298245614,0.8099467140319716,concordant,concordant,0.0298530109056425,0.052990903884672,2,393,177,277,162,759,777,215,99,1536,570,45.287109375,216,51.77865612648221,439,29.21484375,115,0.5649157581764123,116,7549,190,477,134,7874,865,7370,243,8739,7739,164.12747453942097,7359,95.87249174498349,611,7.3141091658084445,343,0.9268263473053893,7127
E02000348,Hackney,1,2,43.1787800135468,33.21411143021252,86.0,119.0,0.0874872838250254,0.121057985757884,0.0335707019328585,-9.96466858333428,423.0,0.0,632,797,1429,423.0,0.0,423.0,66.93037974683544,337.0,0.0,421.0,623.0,1044.0,337.0,0.0,337.0,80.04750593824228,556.0,0.0,556.0,0.0,556.0,69.76160602258469,428.0,0.0,428.0,0.0,428.0,68.69983948635634,133.0,276.0,143.0,-86.0,-86.0,0.0,13.11712619140684,-128.0,-128.0,0.0,-1.0617665362283475,0.432073544433095,0.6850944716585025,0.4405228758169934,0.7327586206896551,concordant,concordant,0.0084493313838984,0.0476641490311526,1,593,0,636,0,816,892,184,95,1708,593,0.0,593,72.67156862745098,636,0.0,636,0.4825061025223759,89,7761,0,613,0,7863,817,7442,194,8680,7761,0.0,7761,98.70278519648988,613,0.0,613,0.9267972295199427,7248
E02000350,Hackney,4,4,31.046107553146708,24.30656054300436,335.0,381.0,0.340793489318413,0.387589013224822,0.0467955239064089,-6.739547010142349,161.0,891.0,1087,1160,2247,1052.0,63.8411214953271,-730.0,14.811407543698252,201.0,782.0,1101.0,1077.0,2178.0,983.0,72.16804407713498,-581.0,18.256130790190735,173.0,733.0,906.0,56.434801958166446,-560.0,14.913793103448276,168.0,738.0,906.0,56.925619834710744,-570.0,15.598885793871869,-337.0,293.0,630.0,149.0,-69.0,8.326922581807878,3.444723246492483,-10.0,0.0,0.4908178765442983,0.685092690423593,0.5372829417773238,0.8713840676457499,0.5203811540497618,0.8673094582185491,concordant,concordant,-0.016901787727562,-0.0040746094272008,3,554,886,336,732,1497,1347,410,187,2844,1440,172.58931082981715,-332,37.00734802939212,1068,86.48101265822785,-396,0.5741626794258373,223,9083,780,501,737,10028,1444,8927,367,11472,9863,617.5679916317991,8303,90.57638611886716,1238,32.18593096234309,-236,0.8884785154490586,8560
E02000351,Hackney,3,4,35.83492944151121,27.087761951219512,203.0,299.0,0.2065106815869786,0.3041709053916582,0.0976602238046795,-8.747167490291694,644.0,470.0,1388,1381,2769,1114.0,109.3102202961358,174.0,46.39769452449568,543.0,608.0,1292.0,1393.0,2685.0,1151.0,122.9586592178771,-65.0,42.027863777089784,720.0,534.0,1254.0,138.85157096424703,186.0,52.13613323678494,615.0,543.0,1158.0,124.37430167597763,72.0,44.14931801866475,-180.0,462.0,642.0,-239.0,37.0,13.648438921741302,-4.369830747405892,-114.0,-96.0,-14.477269288269396,-7.986815218120192,0.4704391891891892,0.8551823763091368,0.4984841922910351,0.8599627560521416,concordant,divergent,0.0280450031018458,0.0047803797430047,2,1318,257,973,277,2060,1630,672,249,3690,1575,91.79566395663957,1061,63.980582524271846,1250,73.04092140921409,696,0.5575221238938053,423,8322,366,1192,304,9066,1969,7774,576,11035,8688,276.01739918441325,7956,91.79351422898743,1496,32.83806071590394,888,0.8531029065200314,7198
E02000352,Hackney,2,4,36.391342984163884,26.09956461286805,196.0,331.0,0.1993896236012207,0.3367243133265514,0.1373346897253306,-10.291778371295834,391.0,156.0,816,643,1459,547.0,41.8067169294037,235.0,47.91666666666667,324.0,131.0,632.0,637.0,1269.0,455.0,33.4468085106383,193.0,51.26582278481012,294.0,212.0,506.0,42.71967100753941,82.0,45.72317262830482,348.0,158.0,506.0,43.328605200945624,190.0,54.631083202511775,-140.0,191.0,331.0,-42.0,-92.0,-8.3599084187654,3.3491561181434477,108.0,0.0,0.6089341934062134,8.907910574206952,0.5194681861348528,0.7217272104180946,0.473465140478668,0.7572892040977147,concordant,concordant,-0.0460030456561847,0.03556199367962,2,483,181,358,222,1018,783,202,140,1801,664,48.54136590782898,302,47.445972495088405,580,44.12881732370905,136,0.5337620578778135,62,6214,148,473,165,6592,856,5960,219,7448,6362,123.47905477980666,6066,94.26577669902912,638,10.478651987110634,308,0.9088571428571428,5741
E02000353,Hackney,4,5,31.078615128435658,23.555051141885325,334.0,401.0,0.3397761953204476,0.4079348931841302,0.0681586978636826,-7.523563986550329,243.0,672.0,1034,1041,2075,915.0,78.69686746987952,-429.0,23.500967117988395,191.0,640.0,927.0,987.0,1914.0,831.0,63.8662486938349,-449.0,20.604099244875947,193.0,645.0,838.0,59.99277108433735,-452.0,18.539865513928913,185.0,596.0,781.0,57.60710553814002,-411.0,18.74366767983789,-598.0,146.0,744.0,-20.0,-84.0,-14.830618776044624,-2.8968678731124484,41.0,-57.0,-2.3856655461973304,0.2038021659089786,0.5219623502567028,0.8448192771084337,0.5155086848635235,0.8422152560083594,concordant,concordant,-0.0064536653931792,-0.0026040211000742,3,578,668,361,645,1410,1235,376,194,2645,1246,145.9750472589792,-90,40.99290780141844,1006,88.03213610586012,-284,0.5532859680284192,182,6811,629,560,596,7613,1384,6686,397,8997,7440,476.1719462042903,6182,89.46538815184553,1156,37.09681004779371,-36,0.865518845974872,6289
E02000354,Hackney,1,1,50.85291586866291,34.86709130724555,17.0,80.0,0.017293997965412,0.0813835198372329,0.0640895218718209,-15.98582456141736,778.0,0.0,1165,1103,2268,778.0,0.0,778.0,66.78111587982832,680.0,0.0,934.0,1179.0,2113.0,680.0,0.0,680.0,72.80513918629549,782.0,0.0,782.0,0.0,782.0,70.89755213055304,857.0,0.0,857.0,0.0,857.0,72.68871925360475,731.0,731.0,0.0,-98.0,-98.0,0.0,6.024023306467171,75.0,75.0,0.0,1.7911671230517072,0.4987179487179487,0.6878306878306878,0.4424202992843201,0.7274017983909133,concordant,concordant,-0.0562976494336286,0.0395711105602255,1,1103,0,928,0,1518,1290,353,187,2808,1103,0.0,1103,72.66139657444005,928,0.0,928,0.5430822255046776,166,9183,0,1194,0,9481,1554,8547,375,11035,9183,0.0,9183,96.85687163801286,1194,0.0,1194,0.8849378433073143,8172
E02000355,Hackney,2,3,38.41368870005893,28.735513864628825,159.0,241.0,0.1617497456765005,0.2451678535096643,0.0834181078331638,-9.678174835430102,375.0,408.0,1029,956,1985,783.0,77.07808564231738,-33.0,36.44314868804665,289.0,346.0,831.0,1001.0,1832.0,635.0,54.58187772925764,-57.0,34.777376654632974,323.0,415.0,738.0,67.52896725440806,-92.0,33.78661087866109,399.0,326.0,725.0,71.00109170305677,73.0,39.86013986013986,-186.0,277.0,463.0,-24.0,-148.0,-22.496207913059735,-1.665772033413674,165.0,-13.0,3.4721244486487137,6.073528981478773,0.514792899408284,0.7662468513853904,0.4669117647058823,0.74235807860262,concordant,divergent,-0.0478811347024016,-0.0238887727827703,2,635,447,357,434,1388,1120,359,164,2508,1082,113.17583732057416,188,45.749279538904894,791,61.77751196172249,-77,0.5776828617191672,195,7441,387,573,349,8066,1304,7235,303,9370,7828,307.3283884738527,7054,92.25142573766428,922,21.342262540021345,224,0.8946285714285714,6932
E02000356,Hackney,4,4,30.12409869044378,23.85055364399892,361.0,390.0,0.3672431332655137,0.3967446592065107,0.0295015259409969,-6.2735450464448625,156.0,526.0,882,811,1693,682.0,48.46780862374483,-370.0,17.687074829931973,212.0,578.0,853.0,837.0,1690.0,790.0,72.50650887573964,-366.0,24.85345838218054,175.0,604.0,779.0,62.43354991139988,-429.0,21.57829839704069,157.0,518.0,675.0,48.12189349112426,-361.0,18.75746714456392,-131.0,315.0,446.0,4.0,108.0,24.03870025199481,7.166383552248568,68.0,-104.0,-14.311656420275618,-2.820831252476772,0.4668035592060233,0.8629651506202008,0.5392491467576792,0.8668639053254438,concordant,concordant,0.0724455875516559,0.0038987547052429,3,473,525,348,604,1232,1009,350,198,2241,998,110.809906291834,-52,38.392857142857146,952,93.79384203480589,-256,0.5117948717948718,152,6164,575,506,517,6860,1210,6007,373,8070,6739,439.19454770755885,5589,89.85422740524781,1023,32.41660470879802,-11,0.8682040711156919,5634
E02000357,Hackney,1,1,45.66032814639533,43.06423223030123,54.0,9.0,0.0549338758901322,0.0091556459816887,-0.0457782299084435,-2.596095916094093,196.0,0.0,392,532,924,196.0,0.0,196.0,50.0,250.0,0.0,386.0,456.0,842.0,250.0,0.0,250.0,64.76683937823834,298.0,0.0,298.0,0.0,298.0,56.01503759398496,304.0,0.0,304.0,0.0,304.0,66.66666666666666,273.0,273.0,0.0,54.0,54.0,0.0,14.766839378238345,6.0,6.0,0.0,10.6516290726817,0.3967611336032389,0.5346320346320347,0.4512635379061371,0.6579572446555819,concordant,concordant,0.0545024043028982,0.1233252100235472,1,315,0,362,0,517,619,125,87,1136,315,0.0,315,60.928433268858804,362,0.0,362,0.465288035450517,38,6610,0,483,0,6757,648,6371,192,7405,6610,0.0,6610,97.82447831878052,483,0.0,483,0.931904694769491,6179
E02000358,Hackney,2,2,41.26033902875746,32.00512557702171,119.0,150.0,0.121057985757884,0.1525940996948118,0.0315361139369277,-9.255213451735749,694.0,441.0,1463,1489,2952,1135.0,103.67682926829268,253.0,47.43677375256323,592.0,392.0,1283.0,1300.0,2583.0,984.0,89.84281842818429,200.0,46.14185502727982,725.0,421.0,1146.0,103.3960027100271,304.0,48.69039623908664,602.0,364.0,966.0,84.83468834688347,238.0,46.30769230769231,504.0,776.0,272.0,-53.0,-151.0,-13.834010840108393,-1.2949187252834091,-66.0,-180.0,-18.561314363143637,-2.3827039313943317,0.4975887768522578,0.7726964769647696,0.5046153846153846,0.7549361207897793,concordant,concordant,0.0070266077631268,-0.0177603561749902,2,1034,471,730,444,1970,1713,507,224,3683,1505,132.23296225902797,563,52.487309644670056,1174,88.00434428455064,286,0.5617767823814857,283,10074,410,926,388,10904,1796,9621,496,12700,10484,325.2236220472441,9664,92.38811445341159,1314,28.2903937007874,538,0.8886251907102899,9125
E02000359,Hackney,2,2,38.15224604923264,30.71862104172832,163.0,183.0,0.1658189216683621,0.1861648016276704,0.0203458799593082,-7.433625007504318,226.0,301.0,726,737,1463,527.0,46.49760765550239,-75.0,31.129476584022036,234.0,283.0,658.0,794.0,1452.0,517.0,45.60743801652893,-49.0,35.56231003039514,233.0,313.0,546.0,49.84894053315106,-80.0,31.614654002713703,317.0,267.0,584.0,58.29132231404959,50.0,39.92443324937028,92.0,308.0,216.0,26.0,-10.0,-0.890169638973461,4.4328334463731025,130.0,38.0,8.442381780898529,8.309779246656579,0.4911463187325256,0.7334244702665755,0.4695731153496821,0.7582644628099173,concordant,divergent,-0.0215732033828435,0.0248399925433417,2,416,330,252,333,984,847,258,110,1831,746,74.97542326597488,86,42.27642276422765,585,45.83069361004915,-81,0.560480841472577,148,6100,303,503,280,6582,1070,5924,276,7652,6403,241.5446941975954,5797,92.67699787298693,783,18.405645582854156,223,0.8910381296966323,5648
E02000360,Hackney,1,1,49.5551619261424,36.47772832221652,26.0,55.0,0.0264496439471007,0.0559511698880976,0.0295015259409969,-13.077433603925884,761.0,0.0,1155,1181,2336,761.0,0.0,761.0,65.88744588744588,627.0,0.0,940.0,1086.0,2026.0,627.0,0.0,627.0,66.70212765957447,750.0,0.0,750.0,0.0,750.0,63.50550381033023,725.0,0.0,725.0,0.0,725.0,66.75874769797421,739.0,739.0,0.0,-134.0,-134.0,0.0,0.8146817721285942,-25.0,-25.0,0.0,3.253243887643982,0.5036399735274653,0.646832191780822,0.4637573964497041,0.667324777887463,concordant,concordant,-0.0398825770777611,0.020492586106641,1,1078,0,902,0,1484,1370,329,189,2854,1078,0.0,1078,72.64150943396226,902,0.0,902,0.5444444444444444,140,11031,0,1127,0,11360,1531,10420,445,12891,11031,0.0,11031,97.10387323943662,1127,0.0,1127,0.9073038328672479,9975
E02000361,Hackney,1,2,44.982477977748694,33.019894332939785,67.0,124.0,0.0681586978636826,0.126144455747711,0.0579857578840284,-11.962583644808907,680.0,0.0,1058,1024,2082,680.0,0.0,680.0,64.27221172022685,807.0,0.0,1168.0,1203.0,2371.0,807.0,0.0,807.0,69.09246575342466,690.0,0.0,690.0,0.0,690.0,67.3828125,839.0,0.0,839.0,0.0,839.0,69.74231088944306,365.0,672.0,307.0,127.0,127.0,0.0,4.820254033197813,149.0,149.0,0.0,2.3594983894430612,0.4963503649635036,0.6580211335254563,0.4902794653705953,0.6942218473218051,concordant,concordant,-0.0060708995929082,0.0362007137963488,1,1078,0,794,0,1460,1171,402,147,2631,1078,0.0,1078,73.83561643835617,794,0.0,794,0.5758547008547008,255,7523,0,1241,0,7903,1644,6735,441,9547,7523,0.0,7523,95.19169935467544,1241,0.0,1241,0.8583979917845732,6294
E02000362,Hackney,1,1,52.62552788621719,42.2926722417428,12.0,11.0,0.0122075279755849,0.0111902339776195,-0.0010172939979654,-10.332855644474392,452.0,0.0,724,604,1328,452.0,0.0,452.0,62.430939226519335,505.0,0.0,771.0,712.0,1483.0,505.0,0.0,505.0,65.49935149156939,378.0,0.0,378.0,0.0,378.0,62.58278145695364,475.0,0.0,475.0,0.0,475.0,66.71348314606742,608.0,608.0,0.0,53.0,53.0,0.0,3.06841226505005,97.0,97.0,0.0,4.130701689113778,0.5445783132530121,0.625,0.5153061224489796,0.6608226567768037,concordant,concordant,-0.0292721908040325,0.0358226567768037,1,677,0,510,0,963,752,239,148,1715,677,0.0,677,70.30114226375909,510,0.0,510,0.5703454085930918,91,6572,0,792,0,6846,1056,6075,344,7902,6572,0.0,6572,95.99766286882851,792,0.0,792,0.8924497555676263,5731
E02000363,Hackney,1,1,53.099016996772704,42.04983381974249,8.0,12.0,0.0081383519837232,0.0122075279755849,0.0040691759918616,-11.049183177030216,504.0,0.0,930,1047,1977,504.0,0.0,504.0,54.19354838709678,620.0,0.0,1061.0,903.0,1964.0,620.0,0.0,620.0,58.435438265787,591.0,0.0,591.0,0.0,591.0,56.446991404011456,532.0,0.0,532.0,0.0,532.0,58.91472868217055,772.0,772.0,0.0,116.0,116.0,0.0,4.241889878690216,-59.0,-59.0,0.0,2.467737278159092,0.4602739726027397,0.5538694992412747,0.5381944444444444,0.5865580448065173,concordant,concordant,0.0779204718417047,0.0326885455652425,1,785,0,779,0,1228,1258,298,211,2486,785,0.0,785,63.92508143322475,779,0.0,779,0.5019181585677749,87,11249,0,868,0,11707,1259,10646,356,12966,11249,0.0,11249,96.0878107115401,868,0.0,868,0.9283651068746389,10290
E02000364,Hackney,2,3,41.00117891169504,27.97226360338573,123.0,264.0,0.1251271617497456,0.2685656154628688,0.1434384537131231,-13.028915308309312,562.0,334.0,1327,1021,2348,896.0,79.94378194207836,228.0,42.35116804822909,396.0,351.0,939.0,1072.0,2011.0,747.0,69.1178518150174,45.0,42.17252396166134,411.0,456.0,867.0,79.81942078364565,-45.0,40.25465230166503,454.0,298.0,752.0,67.27598209845848,156.0,42.350746268656714,-95.0,393.0,488.0,-183.0,-149.0,-10.825930127060955,-0.1786440865677505,201.0,-115.0,-12.54343868518717,2.096093966991681,0.5082246171298922,0.7508517887563884,0.4983322214809873,0.7454002983590253,divergent,concordant,-0.0098923956489048,-0.005451490397363,2,716,357,479,470,1698,1226,371,205,2924,1073,87.4186046511628,359,42.16725559481743,949,76.9938440492476,9,0.5306627101879328,166,8396,370,790,308,9017,1507,8078,435,10524,8766,295.1843405549221,8026,93.11300876122878,1098,23.120486507031547,482,0.8886861313868614,7643
E02000365,Hackney,3,3,35.409901002830566,29.748566519224227,216.0,208.0,0.2197355035605289,0.2115971515768057,-0.0081383519837232,-5.661334483606339,602.0,973.0,1768,1705,3473,1575.0,168.65706881658508,-371.0,34.04977375565611,0.0,0.0,0.0,0.0,0.0,0.0,0.0,0.0,0.0,533.0,981.0,1514.0,150.55369997120644,-448.0,31.26099706744868,0.0,0.0,0.0,0.0,0.0,0.0,0.0,0.0,0.0,371.0,-1575.0,-168.65706881658508,-34.04977375565611,448.0,-1514.0,-150.55369997120644,-31.26099706744868,0.5098737455487212,0.8894327670601785,0.5,0.0,concordant,zero,-0.0098737455487212,-0.8894327670601785,2,1404,533,849,534,2559,2012,791,307,4571,1937,163.7129730912273,871,54.86518171160609,1383,99.18311091664843,315,0.583433734939759,484,0,0,0,0,0,0,0,0,0,0,0.0,0,0.0,0,0.0,0,0.5,0
E02000366,Hackney,1,1,43.76929675828048,34.18647836512262,80.0,95.0,0.0813835198372329,0.0966429298067141,0.0152594099694811,-9.582818393157858,434.0,0.0,803,811,1614,434.0,0.0,434.0,54.04732254047323,444.0,0.0,680.0,702.0,1382.0,444.0,0.0,444.0,65.29411764705883,492.0,0.0,492.0,0.0,492.0,60.66584463625154,454.0,0.0,454.0,0.0,454.0,64.67236467236467,533.0,533.0,0.0,10.0,10.0,0.0,11.246795106585594,-38.0,-38.0,0.0,4.006520036113123,0.468682505399568,0.573729863692689,0.4944320712694877,0.6497829232995659,concordant,concordant,0.0257495658699197,0.0760530596068769,1,856,0,685,0,1235,1025,432,214,2260,856,0.0,856,69.31174089068826,685,0.0,685,0.5554834523036989,218,7962,0,822,0,8203,1085,7523,383,9288,7962,0.0,7962,97.06205046934049,822,0.0,822,0.9064207650273224,7140
E02000367,Hackney,2,2,40.32211571800367,31.86222479489517,128.0,154.0,0.1302136317395727,0.1566632756866734,0.0264496439471007,-8.459890923108507,494.0,470.0,1285,1212,2497,964.0,92.98358029635564,24.0,38.44357976653697,607.0,473.0,1344.0,1356.0,2700.0,1080.0,106.3374074074074,134.0,45.163690476190474,473.0,543.0,1016.0,102.8590308370044,-70.0,39.026402640264024,523.0,462.0,985.0,89.49111111111111,61.0,38.56932153392331,429.0,756.0,327.0,110.0,116.0,13.353827111051755,6.720110709653504,131.0,-31.0,-13.367919725893287,-0.4570811063407163,0.4868686868686869,0.7929515418502202,0.5230024213075061,0.7648148148148148,divergent,concordant,0.0361337344388191,-0.0281367270354053,2,898,515,593,558,1828,1480,543,268,3308,1413,139.80350665054414,383,49.12472647702407,1151,100.02841596130592,35,0.5510920436817472,275,9340,493,888,475,10222,1873,8878,517,12095,9833,380.7044233154196,8847,91.3715515554686,1363,34.87391484084333,413,0.8782600928903179,8361
E02000368,Hackney,1,1,50.49459584356147,37.53115089163238,21.0,48.0,0.0213631739572736,0.0488301119023397,0.0274669379450661,-12.963444951929093,567.0,0.0,967,921,1888,567.0,0.0,567.0,58.63495346432265,575.0,0.0,884.0,886.0,1770.0,575.0,0.0,575.0,65.04524886877829,577.0,0.0,577.0,0.0,577.0,62.64929424538545,635.0,0.0,635.0,0.0,635.0,71.6704288939052,676.0,676.0,0.0,8.0,8.0,0.0,6.410295404455638,58.0,58.0,0.0,9.021134648519748,0.4956293706293706,0.6059322033898306,0.4752066115702479,0.6836158192090396,concordant,concordant,-0.0204227590591226,0.077683615819209,1,982,0,732,0,1386,1083,419,162,2469,982,0.0,982,70.85137085137086,732,0.0,732,0.572928821470245,257,9467,0,985,0,9794,1252,8910,366,11046,9467,0.0,9467,96.66122115580968,985,0.0,985,0.9057596632223498,8544
E02000369,Hackney,1,1,47.50930526651717,34.93833780442113,38.0,78.0,0.0386571719226856,0.0793489318413021,0.0406917599186164,-12.570967462096036,818.0,0.0,1221,1310,2531,818.0,0.0,818.0,66.994266994267,1019.0,0.0,1395.0,1483.0,2878.0,1019.0,0.0,1019.0,73.04659498207884,876.0,0.0,876.0,0.0,876.0,66.87022900763358,1080.0,0.0,1080.0,0.0,1080.0,72.82535401213755,1185.0,1185.0,0.0,201.0,201.0,0.0,6.05232798781185,204.0,204.0,0.0,5.955125004503969,0.4828807556080283,0.6693006716712762,0.4854692710814673,0.7293259207783183,concordant,concordant,0.002588515473439,0.0600252491070421,1,1341,0,1025,0,1763,1504,542,194,3267,1341,0.0,1341,76.06352807714124,1025,0.0,1025,0.5667793744716821,348,12783,0,1690,0,13176,2105,11781,622,15281,12783,0.0,12783,97.01730418943534,1690,0.0,1690,0.8832308436398811,11159
E02000370,Hackney,1,2,47.87427375015058,32.319589783978394,34.0,141.0,0.034587995930824,0.143438453713123,0.108850457782299,-15.554683966172185,583.0,0.0,804,834,1638,583.0,0.0,583.0,72.51243781094527,795.0,0.0,1007.0,860.0,1867.0,795.0,0.0,795.0,78.94736842105263,618.0,0.0,618.0,0.0,618.0,74.10071942446042,666.0,0.0,666.0,0.0,666.0,77.44186046511628,536.0,664.0,128.0,212.0,212.0,0.0,6.434930610107358,48.0,48.0,0.0,3.341141040655856,0.485428809325562,0.7332112332112332,0.5441478439425051,0.7825388323513658,concordant,concordant,0.0587190346169431,0.0493275991401326,1,1055,0,757,0,1279,992,475,158,2271,1055,0.0,1055,82.48631743549649,757,0.0,757,0.5822295805739515,317,8487,0,1063,0,8711,1262,7704,402,9973,8487,0.0,8487,97.42853862931925,1063,0.0,1063,0.8886910994764398,7302
E02000371,Hackney,1,3,55.41682451982651,29.41761959430906,4.0,219.0,0.0040691759918616,0.2227873855544252,0.2187182095625635,-25.999204925517457,1249.0,0.0,1800,2302,4102,1249.0,0.0,1249.0,69.38888888888889,0.0,0.0,0.0,0.0,0.0,0.0,0.0,0.0,0.0,1639.0,0.0,1639.0,0.0,1639.0,71.1989574283232,0.0,0.0,0.0,0.0,0.0,0.0,0.0,0.0,0.0,-1249.0,-1249.0,0.0,-69.38888888888889,-1639.0,-1639.0,0.0,-71.1989574283232,0.4324792243767313,0.7040468064358849,0.5,0.0,concordant,zero,0.0675207756232686,-0.7040468064358849,1,2925,0,1921,0,3489,2626,1689,324,6115,2925,0.0,2925,83.83490971625108,1921,0.0,1921,0.603590590177466,1365,0,0,0,0,0,0,0,0,0,0,0.0,0,0.0,0,0.0,0,0.5,0
E02000372,Hammersmith and Fulham,2,2,40.1093214506812,31.85196263832584,134.0,155.0,0.1363173957273652,0.1576805696846388,0.0213631739572736,-8.25735881235536,806.0,98.0,1053,950,2003,904.0,39.43484772840739,708.0,76.5432098765432,867.0,169.0,1129.0,1229.0,2358.0,1036.0,62.13867684478372,698.0,76.79362267493357,795.0,122.0,917.0,48.42236645032451,673.0,83.6842105263158,926.0,136.0,1062.0,53.40797285835454,790.0,75.34580960130187,687.0,845.0,158.0,-10.0,132.0,22.70382911637633,0.2504127983903714,117.0,145.0,4.98560640803003,-8.338400925013929,0.4964305326743548,0.909136295556665,0.4938036224976168,0.8897370653095844,concordant,concordant,-0.0026269101767379,-0.0193992302470805,2,1262,114,960,159,1632,1219,579,269,2851,1376,50.4622939319537,1148,77.32843137254902,1119,53.539109084531745,801,0.5515030060120241,310,9351,177,2924,146,9731,3383,8602,2154,13114,9528,126.21069086472473,9174,96.09495426985922,3070,32.55330181485436,2778,0.7563105254802349,6448
E02000373,Hammersmith and Fulham,1,1,45.17235415440072,39.21332851333032,65.0,32.0,0.0661241098677517,0.0325534079348931,-0.0335707019328585,-5.959025641070404,552.0,0.0,582,618,1200,552.0,0.0,552.0,94.84536082474226,439.0,0.0,468.0,504.0,972.0,439.0,0.0,439.0,93.8034188034188,572.0,0.0,572.0,0.0,572.0,92.55663430420712,469.0,0.0,469.0,0.0,469.0,93.05555555555556,412.0,412.0,0.0,-113.0,-113.0,0.0,-1.0419420213234645,-103.0,-103.0,0.0,0.4989212513484347,0.491103202846975,0.9366666666666666,0.4834801762114537,0.934156378600823,concordant,concordant,-0.0076230266355213,-0.0025102880658436,1,751,0,659,0,782,722,200,104,1504,751,0.0,751,96.03580562659847,659,0.0,659,0.5326241134751774,96,6879,0,629,0,6924,665,6456,161,7589,6879,0.0,6879,99.35008665511266,629,0.0,629,0.9162226957911561,6295
E02000374,Hammersmith and Fulham,5,3,27.949637899272023,27.84842760791367,411.0,268.0,0.4181078331637843,0.2726347914547304,-0.1454730417090539,-0.1012102913583525,283.0,402.0,724,820,1544,685.0,73.68264248704664,-119.0,39.08839779005525,238.0,452.0,686.0,904.0,1590.0,690.0,67.65786163522013,-214.0,34.69387755102041,341.0,363.0,704.0,80.17033678756476,-22.0,41.58536585365854,327.0,394.0,721.0,81.03018867924528,-67.0,36.17256637168141,121.0,356.0,235.0,-95.0,5.0,-6.024780851826506,-4.39452023903484,-45.0,17.0,0.8598518916805205,-5.412799481977125,0.4931605471562275,0.8996113989637305,0.4890148830616584,0.8874213836477988,concordant,concordant,-0.004145664094569,-0.0121900153159317,3,748,262,496,283,1142,940,418,120,2082,1010,94.12872238232468,486,65.49912434325745,779,67.41978866474544,213,0.5645612073784237,298,6326,320,768,306,6749,1299,6063,395,8048,6646,251.53081510934393,6006,93.73240480071121,1074,29.20079522862823,462,0.8608808290155441,5668
E02000375,Hammersmith and Fulham,3,2,33.71317966420034,31.148660008684324,267.0,173.0,0.271617497456765,0.1759918616480162,-0.0956256358087487,-2.5645196555160155,578.0,237.0,850,1059,1909,815.0,71.7579884756417,341.0,68.0,561.0,206.0,900.0,986.0,1886.0,767.0,61.27571580063627,355.0,62.33333333333333,647.0,169.0,816.0,57.27763226820325,478.0,61.095372993389994,636.0,234.0,870.0,78.90986214209968,402.0,64.50304259634888,579.0,650.0,71.0,14.0,-48.0,-10.482272675005426,-5.666666666666671,-76.0,54.0,21.632229873896435,3.407669602958883,0.4996934396076027,0.8543740178103719,0.468540012217471,0.8679745493107105,concordant,concordant,-0.0311534273901317,0.0136005315003385,2,1084,84,842,73,1343,1221,493,162,2564,1168,35.51326053042121,1000,80.71481757259866,915,23.972698907956318,769,0.5607297167546808,331,7009,83,995,88,7334,1328,6434,342,8662,7092,67.16081736319556,6926,95.56858467412054,1083,10.108519972292774,907,0.8675229357798165,6092
E02000376,Hammersmith and Fulham,2,2,36.46607060882141,30.261164242071576,193.0,196.0,0.1963377416073245,0.1993896236012207,0.0030518819938962,-6.204906366749828,786.0,91.0,937,1088,2025,877.0,35.321481481481484,695.0,83.88473852721452,747.0,110.0,965.0,1124.0,2089.0,857.0,39.3346098611776,637.0,77.40932642487046,925.0,81.0,1006.0,37.0,844.0,85.01838235294117,895.0,96.0,991.0,41.12972714217329,799.0,79.62633451957295,528.0,679.0,151.0,-58.0,-20.0,4.013128379696113,-6.475412102344066,-45.0,-15.0,4.129727142173287,-5.392047833368224,0.4657461497610196,0.9298765432098766,0.4637445887445887,0.8846337960746768,concordant,concordant,-0.0020015610164308,-0.0452427471351997,2,1288,101,952,84,1580,1274,643,186,2854,1389,45.58093903293623,1187,81.51898734177216,1036,28.019621583742115,868,0.5727835051546392,457,6185,125,1044,106,6565,1460,5600,336,8025,6310,96.33956386292834,6060,94.21172886519422,1150,13.789906542056075,938,0.8458445040214477,5264
E02000377,Hammersmith and Fulham,3,3,33.67802338597136,28.286956117515807,268.0,253.0,0.2726347914547304,0.2573753814852492,-0.0152594099694811,-5.391067268455551,685.0,211.0,1030,1104,2134,896.0,67.72961574507966,474.0,66.50485436893204,603.0,170.0,902.0,1066.0,1968.0,773.0,52.08841463414634,433.0,66.85144124168514,750.0,201.0,951.0,70.64198687910029,549.0,67.93478260869566,744.0,172.0,916.0,65.02439024390245,572.0,69.7936210131332,372.0,600.0,228.0,-41.0,-123.0,-15.641201110933316,0.3465868727530932,23.0,-35.0,-5.617596635197842,1.8588384044375488,0.4851109907958852,0.8655107778819119,0.4576672587329781,0.8582317073170732,concordant,concordant,-0.0274437320629071,-0.0072790705648386,2,1361,110,982,83,1684,1318,654,214,3002,1471,49.87008660892738,1251,80.81947743467933,1065,27.150566289140574,899,0.5800473186119873,440,7317,62,1131,91,7600,1428,6698,362,9028,7379,50.24966770048737,7255,96.27631578947368,1222,11.400199379707576,1040,0.8579234972677595,6336
E02000378,Hammersmith and Fulham,4,5,28.716140857055404,23.67004650803461,387.0,395.0,0.3936927772126144,0.4018311291963377,0.0081383519837233,-5.046094349020795,526.0,356.0,811,963,1774,882.0,105.55580608793689,170.0,64.85819975339088,518.0,346.0,910.0,983.0,1893.0,864.0,94.67934495509772,172.0,56.92307692307692,546.0,242.0,788.0,74.4825253664036,304.0,56.69781931464174,577.0,324.0,901.0,98.75752773375596,253.0,58.697863682604265,20.0,435.0,415.0,2.0,-18.0,-10.876461132839168,-7.935122830313958,-51.0,113.0,24.275002367352357,2.0000443679625235,0.5281437125748503,0.9413754227733936,0.4895184135977337,0.9323824617010036,concordant,concordant,-0.0386252989771165,-0.0089929610723897,3,1065,333,670,234,1399,1152,588,189,2551,1398,139.0219521756174,732,76.12580414581845,904,61.458251666013325,436,0.6072980017376195,399,5855,328,816,311,6316,1294,5406,311,7610,6183,252.3574244415243,5527,92.70107663077897,1127,33.34770039421814,505,0.845827633378933,5095
E02000379,Hammersmith and Fulham,6,6,23.287407983115685,19.271693340284113,523.0,567.0,0.5320447609359105,0.5768056968463886,0.0447609359104781,-4.015714642831572,317.0,401.0,1142,766,1908,718.0,66.62316561844864,-84.0,27.75831873905429,223.0,336.0,664.0,686.0,1350.0,559.0,55.50222222222222,-113.0,33.58433734939759,276.0,707.0,983.0,102.27044025157232,-431.0,36.0313315926893,287.0,351.0,638.0,74.62,-64.0,41.83673469387755,-26.0,280.0,306.0,-29.0,-159.0,-11.120943396226416,5.826018610343304,367.0,-345.0,-27.65044025157232,5.805403101188254,0.4221046443268665,0.8915094339622641,0.467000835421888,0.8866666666666667,concordant,concordant,0.0448961910950214,-0.0048427672955974,4,820,360,534,609,1639,1017,497,251,2656,1180,111.144578313253,460,50.03050640634533,1143,122.44201807228916,-75,0.5079638398622471,246,6822,300,616,313,7247,998,6583,312,8245,7122,248.22316555488175,6522,94.13550434662619,929,23.38483929654336,303,0.8846106073779655,6271
E02000380,Hammersmith and Fulham,6,7,21.81896561316732,17.501367217062263,572.0,612.0,0.5818921668362157,0.6225839267548321,0.0406917599186164,-4.317598396105058,313.0,425.0,753,729,1482,738.0,89.76045883940621,-112.0,41.56706507304117,142.0,325.0,597.0,597.0,1194.0,467.0,38.651591289782246,-183.0,23.785594639866,199.0,358.0,557.0,48.071524966261805,-159.0,27.29766803840878,190.0,361.0,551.0,57.44556113902848,-171.0,31.825795644891127,-272.0,115.0,387.0,-71.0,-271.0,-51.108867549623966,-17.78147043317517,-12.0,-6.0,9.374036172766672,4.528127606482347,0.5698841698841699,0.8738191632928475,0.4587426326129666,0.8525963149078727,concordant,concordant,-0.1111415372712033,-0.0212228483849747,4,700,371,390,299,1125,905,372,176,2030,1071,127.93103448275862,329,62.22222222222222,689,57.443349753694584,91,0.6085227272727273,196,4962,296,519,312,5405,915,4808,318,6320,5258,232.39746835443037,4666,91.80388529139685,831,25.621518987341773,207,0.8635243882410905,4490
E02000381,Hammersmith and Fulham,5,6,24.02875187821833,20.110977892695537,490.0,534.0,0.4984740590030518,0.54323499491353,0.0447609359104781,-3.9177739855227927,571.0,435.0,1070,1105,2175,1006.0,114.2,136.0,53.364485981308405,436.0,362.0,843.0,908.0,1751.0,798.0,90.13820673900628,74.0,51.72004744958482,556.0,382.0,938.0,97.65149425287356,174.0,50.31674208144796,441.0,334.0,775.0,84.11993146773273,107.0,48.56828193832599,-56.0,386.0,442.0,-62.0,-208.0,-24.061793260993724,-1.644438531723587,-67.0,-163.0,-13.531562785140837,-1.7484601431219744,0.5174897119341564,0.8937931034482759,0.5073108709472346,0.8983438035408338,concordant,concordant,-0.0101788409869217,0.0045507000925578,4,951,520,662,436,1639,1382,569,277,3021,1471,163.69414101290963,431,58.023184868822455,1098,95.54187355180404,226,0.5725963409887116,292,6924,423,698,370,7478,1306,6635,398,8784,7347,333.4303278688525,6501,92.59160203262905,1068,29.401183970856103,328,0.8730837789661319,6237
E02000382,Hammersmith and Fulham,3,5,32.548242678774116,21.62350389071416,293.0,472.0,0.2980671414038657,0.4801627670396745,0.1820956256358087,-10.924738788059956,575.0,146.0,767,904,1671,721.0,50.2393776181927,429.0,74.96740547588006,545.0,90.0,744.0,711.0,1455.0,635.0,33.71134020618557,455.0,73.25268817204301,628.0,89.0,717.0,33.44823459006583,539.0,69.46902654867256,541.0,91.0,632.0,33.83573883161512,450.0,76.09001406469761,224.0,424.0,200.0,26.0,-86.0,-16.52803741200713,-1.7147173038370482,-89.0,-85.0,0.3875042415492871,6.620987516025053,0.5013908205841446,0.8605625374027528,0.5011838989739542,0.8707903780068729,concordant,concordant,-0.0002069216101904,0.01022784060412,3,860,268,663,190,1155,1091,388,187,2246,1128,102.6179875333927,592,74.45887445887446,853,56.08637577916296,473,0.569409389197375,201,5770,170,812,199,6079,1064,5335,353,7143,5940,137.3232535349293,5600,94.91692712617207,1011,22.621867562648745,613,0.8545533016832111,4982
E02000383,Hammersmith and Fulham,6,7,22.857693903731978,17.56270871783737,538.0,608.0,0.5473041709053916,0.6185147507629705,0.0712105798575788,-5.294985185894607,547.0,659.0,1292,1321,2613,1206.0,137.95369307309605,-112.0,42.3374613003096,303.0,585.0,1140.0,1172.0,2312.0,888.0,76.6673875432526,-282.0,26.57894736842105,482.0,548.0,1030.0,101.08534251817834,-66.0,36.48750946252839,403.0,652.0,1055.0,113.64878892733564,-249.0,34.38566552901024,-421.0,233.0,654.0,-170.0,-318.0,-61.286305529843446,-15.758513931888547,-183.0,25.0,12.563446409157308,-2.101843933518147,0.539355992844365,0.8557213930348259,0.4570252187339166,0.8403979238754326,concordant,concordant,-0.0823307741104483,-0.0153234691593933,4,1626,581,802,449,2324,1598,1032,277,3922,2207,240.87353391126976,1045,69.96557659208261,1251,91.81489036206017,353,0.6382301908617698,755,7490,480,839,539,8278,1558,7138,386,9836,7970,365.51443676291177,7010,90.48079246194733,1378,45.976108174054495,300,0.8525887890457852,6752
E02000384,Hammersmith and Fulham,3,2,33.94453740846995,32.95610309278351,258.0,126.0,0.2624618514750763,0.1281790437436419,-0.1342828077314343,-0.9884343156864404,715.0,148.0,985,1017,2002,863.0,52.857142857142854,567.0,72.58883248730965,852.0,135.0,1148.0,988.0,2136.0,987.0,53.848314606741575,717.0,74.21602787456446,721.0,132.0,853.0,47.53846153846154,589.0,70.89478859390364,721.0,164.0,885.0,55.35767790262173,557.0,72.97570850202429,898.0,956.0,58.0,150.0,124.0,0.9911717495987205,1.6271953872548153,-32.0,32.0,7.819216364160191,2.0809199081206486,0.502913752913753,0.8571428571428571,0.5272435897435898,0.8764044943820225,concordant,concordant,0.0243298368298368,0.0192616372391654,2,1241,76,967,40,1473,1225,488,208,2698,1317,34.95774647887324,1165,84.24983027834352,1007,14.336545589325427,927,0.5666953528399311,280,7858,58,1120,74,8127,1351,6979,363,9478,7916,48.086516142646126,7800,96.69004552725482,1194,8.744460856720828,1046,0.8689352360043908,6616
E02000385,Hammersmith and Fulham,6,7,21.49848176079195,17.250843427620634,577.0,620.0,0.5869786368260427,0.6307222787385555,0.0437436419125127,-4.24763833317132,413.0,472.0,983,1053,2036,885.0,95.74459724950884,-59.0,42.01424211597152,320.0,505.0,996.0,1084.0,2080.0,825.0,77.6923076923077,-185.0,32.1285140562249,386.0,392.0,778.0,74.31827111984283,-6.0,36.65716999050333,393.0,521.0,914.0,98.4389423076923,-128.0,36.25461254612546,-338.0,255.0,593.0,-126.0,-60.0,-18.05228955720115,-9.88572805974662,-122.0,136.0,24.120671187849467,-0.4025574443778694,0.5321707757065545,0.8167976424361493,0.4744105807935595,0.8360576923076923,concordant,concordant,-0.0577601949129949,0.019260049871543,5,1054,640,505,562,1715,1252,732,199,2967,1694,227.35422986181328,414,61.457725947521865,1067,95.65554432086283,-57,0.6135458167330677,533,4718,675,756,670,5458,1506,4462,422,6964,5393,457.3018380241241,4043,86.44192011725907,1426,72.73406088454911,86,0.7908784279219827,4040
E02000386,Hammersmith and Fulham,3,2,35.22844183259586,30.904684308148884,219.0,179.0,0.2227873855544252,0.1820956256358087,-0.0406917599186164,-4.323757524446979,714.0,126.0,889,1047,1936,840.0,46.46900826446281,588.0,80.31496062992126,677.0,111.0,909.0,960.0,1869.0,788.0,40.20706260032103,566.0,74.47744774477447,813.0,83.0,896.0,34.854855371900825,730.0,77.65042979942693,741.0,137.0,878.0,54.31621187800963,604.0,77.1875,707.0,763.0,56.0,-22.0,-52.0,-6.261945664141777,-5.8375128851467935,-126.0,-18.0,19.461356506108807,-0.4629297994269308,0.4838709677419355,0.8966942148760331,0.4729891956782713,0.8913857677902621,concordant,concordant,-0.0108817720636641,-0.0053084470857709,2,1389,56,984,37,1552,1211,663,164,2763,1445,28.15200868621064,1333,89.49742268041237,1021,13.17698154180239,947,0.5859691808596919,499,7237,49,1119,67,7462,1319,6553,359,8781,7286,40.38412481494135,7188,96.98472259447868,1186,8.538093611206014,1052,0.8600094428706326,6194
E02000387,Hammersmith and Fulham,5,5,27.740441570471937,22.140879927726676,417.0,452.0,0.4242115971515768,0.4598168870803662,0.0356052899287894,-5.599561642745261,500.0,329.0,904,929,1833,829.0,89.74358974358974,171.0,55.309734513274336,446.0,290.0,871.0,908.0,1779.0,736.0,72.70376616076447,156.0,51.20551090700345,462.0,298.0,760.0,75.10965630114566,164.0,49.730893433799785,503.0,323.0,826.0,91.32602585722316,180.0,55.396475770925115,238.0,501.0,263.0,-15.0,-93.0,-17.039823582825264,-4.104223606270885,16.0,66.0,16.216369556077495,5.665582337125329,0.5217117684078036,0.8668848881614839,0.471190781049936,0.8780213603147836,concordant,concordant,-0.0505209873578676,0.0111364721532997,3,1151,240,708,205,1495,1115,591,186,2610,1391,105.83908045977012,911,76.98996655518394,913,55.60919540229885,503,0.6037326388888888,405,5597,213,868,202,5955,1200,5084,292,7155,5810,166.61928721174004,5384,93.98824517212427,1070,24.505380852550665,666,0.8444767441860465,4792
E02000388,Hammersmith and Fulham,5,6,25.665795541331384,19.704416081375637,458.0,547.0,0.4659206510681587,0.5564598168870803,0.0905391658189216,-5.961379459955747,724.0,292.0,1104,1166,2270,1016.0,93.13127753303964,432.0,65.57971014492753,778.0,329.0,1292.0,1307.0,2599.0,1107.0,98.48480184686416,449.0,60.216718266253864,736.0,259.0,995.0,83.97533039647577,477.0,63.12178387650086,829.0,359.0,1188.0,114.50981146594845,470.0,63.42769701606733,209.0,644.0,435.0,17.0,91.0,5.353524313824522,-5.362991878673668,-7.0,193.0,30.534481069472676,0.3059131395664707,0.5052212829438091,0.8859030837004406,0.4823529411764706,0.8830319353597538,concordant,concordant,-0.0228683417673384,-0.0028711483406868,4,1204,383,663,344,1874,1362,770,196,3236,1587,142.50061804697157,821,64.24759871931697,1007,70.4796044499382,319,0.6117964533538937,574,7628,440,967,463,8415,1791,7123,484,10206,8068,328.8575347834607,7188,90.64765300059418,1430,43.86841073878111,504,0.8494419877869025,6639
E02000389,Hammersmith and Fulham,8,9,15.466655147183523,11.327990161545,741.0,815.0,0.7538148524923703,0.8290946083418108,0.0752797558494404,-4.138664985638524,155.0,696.0,1078,1026,2104,851.0,51.27376425855513,-541.0,14.37847866419295,163.0,770.0,1245.0,1051.0,2296.0,933.0,54.66463414634146,-607.0,13.092369477911648,145.0,757.0,902.0,52.16967680608365,-612.0,14.132553606237815,145.0,913.0,1058.0,57.65897212543554,-768.0,13.79638439581351,-763.0,80.0,843.0,-66.0,82.0,3.39086988778633,-1.286109186281303,-156.0,156.0,5.489295319351889,-0.3361692104243055,0.4854535082715345,0.8331749049429658,0.4686087393269714,0.8671602787456446,concordant,concordant,-0.0168447689445631,0.0339853738026788,6,219,685,208,743,1784,1378,706,352,3162,904,47.44307400379507,-466,12.275784753363228,951,48.87539531941809,-535,0.48733153638814014,354,228,755,193,895,8411,1581,7166,530,9992,983,17.227782225780626,-527,2.710735941029604,1088,17.287329863891113,-702,0.47464992757122165,6636
E02000390,Hammersmith and Fulham,6,6,23.861172298387096,18.475516601101493,496.0,584.0,0.5045778229908443,0.5940996948118006,0.0895218718209562,-5.385655697285603,368.0,491.0,919,1132,2051,859.0,88.09751340809362,-123.0,40.04352557127312,320.0,395.0,908.0,982.0,1890.0,715.0,66.87830687830687,-75.0,35.24229074889868,420.0,344.0,764.0,70.44368600682594,76.0,37.102473498233216,364.0,376.0,740.0,72.41481481481482,-12.0,37.06720977596741,180.0,482.0,302.0,48.0,-144.0,-21.219206529786742,-4.80123482237444,-88.0,-24.0,1.971128807988876,-0.0352637222658032,0.5292667898952557,0.7913213066796685,0.4914089347079037,0.7698412698412699,divergent,concordant,-0.0378578551873519,-0.0214800368383986,4,986,410,675,293,1510,1355,591,223,2865,1396,141.10296684118674,576,65.29801324503312,968,69.03141361256544,382,0.5905245346869712,368,5538,321,791,301,6092,1369,5184,387,7461,5859,238.26537997587454,5217,90.90610636900853,1092,31.91140597775097,490,0.8429003021148036,4797
E02000391,Hammersmith and Fulham,6,7,23.706305313753393,17.440295185278547,503.0,613.0,0.5116988809766022,0.6236012207527976,0.1119023397761953,-6.266010128474846,399.0,384.0,865,990,1855,783.0,82.59622641509434,15.0,46.127167630057805,373.0,372.0,961.0,925.0,1886.0,745.0,73.57158006362673,1.0,38.81373569198751,347.0,280.0,627.0,52.37735849056604,67.0,35.05050505050505,354.0,344.0,698.0,64.56839872746554,10.0,38.27027027027027,-102.0,326.0,428.0,-14.0,-38.0,-9.02464635146761,-7.313431938070295,-57.0,71.0,12.191040236899497,3.2197652197652147,0.5553191489361702,0.7601078167115903,0.5162855162855163,0.7651113467656415,concordant,concordant,-0.0390336326506538,0.0050035300540511,4,1029,302,691,219,1473,1293,608,303,2766,1331,112.34924078091106,727,69.85743380855396,910,54.71041214750542,472,0.5939312806782686,305,6885,312,797,281,7434,1339,6473,414,8773,7197,244.85580759147385,6573,92.61501210653753,1078,25.527983586002506,516,0.8697280966767371,6059
E02000392,Hammersmith and Fulham,6,7,22.00896198893297,17.88842457381795,563.0,599.0,0.572736520854527,0.6093591047812817,0.0366225839267547,-4.12053741511502,484.0,474.0,1211,1342,2553,958.0,89.86133960047003,10.0,39.96696944673823,491.0,512.0,1289.0,1316.0,2605.0,1003.0,96.50364683301343,-21.0,38.09154383242824,569.0,422.0,991.0,94.05327066196632,147.0,42.399403874813714,517.0,511.0,1028.0,101.41535508637236,6.0,39.285714285714285,-204.0,428.0,632.0,-31.0,45.0,6.642307232543402,-1.8754256143099897,-141.0,37.0,7.362084424406035,-3.1136895890994296,0.49153412006157,0.7634155895025461,0.4938453963564746,0.7796545105566218,concordant,divergent,0.0023112762949045,0.0162389210540757,4,1401,369,933,333,2072,1650,861,308,3722,1770,138.89548629768942,1032,67.61583011583011,1266,83.47367006985492,600,0.5830039525691699,553,8274,419,1073,419,9038,1832,7749,516,10870,8693,318.93339466421344,7855,91.54680238990927,1492,41.36034958601656,654,0.8535100638193421,7233
E02000393,Hammersmith and Fulham,8,9,16.41308392969657,9.297754901960785,718.0,883.0,0.7304170905391658,0.8982706002034588,0.167853509664293,-7.115329027735784,137.0,623.0,883,956,1839,760.0,46.41163675910821,-486.0,15.51528878822197,106.0,562.0,867.0,852.0,1719.0,668.0,34.65503199534613,-456.0,12.226066897347174,123.0,585.0,708.0,39.127243066884176,-462.0,12.866108786610878,132.0,614.0,746.0,47.14834205933683,-482.0,15.492957746478872,-539.0,65.0,604.0,30.0,-92.0,-11.756604763762084,-3.2892218908747957,-20.0,38.0,8.02109899245265,2.626848959867994,0.5177111716621253,0.7982599238716693,0.4724186704384724,0.8225712623618383,concordant,concordant,-0.0452925012236529,0.0243113384901689,6,200,614,214,574,1530,1224,647,268,2754,814,44.58968772694263,-414,13.071895424836603,788,44.602759622367465,-360,0.5081148564294632,379,169,549,202,610,5829,1239,4962,387,7068,718,13.126910016977929,-380,2.899296620346543,812,17.43350311262026,-408,0.469281045751634,4575
E02000394,Hammersmith and Fulham,5,6,27.32203105022831,19.704611542473057,424.0,546.0,0.4313326551373347,0.555442522889115,0.1241098677517802,-7.617419507755255,587.0,243.0,948,960,1908,830.0,74.75943396226415,344.0,61.9198312236287,752.0,203.0,1256.0,900.0,2156.0,955.0,70.8051948051948,549.0,59.87261146496815,615.0,219.0,834.0,70.58962264150944,396.0,64.0625,603.0,357.0,960.0,99.8474025974026,246.0,67.0,391.0,649.0,258.0,205.0,125.0,-3.954239157069353,-2.047219758660546,-150.0,126.0,29.25777995589317,2.9375,0.4987980769230769,0.8721174004192872,0.4986945169712793,0.8882189239332097,concordant,concordant,-0.0001035599517975,0.0161015235139224,3,1483,178,962,166,1759,1263,811,303,3022,1661,87.35076108537392,1305,84.30926662876634,1128,52.84315023163468,796,0.595553961993546,508,8574,143,1123,256,8998,1368,7742,468,10366,8717,118.27918194096084,8431,95.28784174260947,1379,27.733744935365618,867,0.8634112519809826,7274
E02000395,Hammersmith and Fulham,8,9,14.64093596874475,10.788867529880475,760.0,835.0,0.7731434384537131,0.8494404883011191,0.0762970498474059,-3.852068438864272,97.0,450.0,741,736,1477,547.0,29.55314827352742,-353.0,13.090418353576249,121.0,539.0,740.0,809.0,1549.0,660.0,42.10393802453195,-418.0,16.35135135135135,134.0,504.0,638.0,45.72511848341232,-370.0,18.206521739130434,130.0,500.0,630.0,41.96255648805681,-370.0,16.069221260815823,-531.0,57.0,588.0,-65.0,113.0,12.55078975100453,3.260932997775102,0.0,-8.0,-3.762561995355505,-2.137300478314611,0.4616033755274261,0.8023019634394042,0.5116279069767442,0.8327953518398967,concordant,concordant,0.050024531449318,0.0304933884004925,7,73,812,104,1070,1216,991,475,255,2207,885,26.85817852288174,-739,6.003289473684211,1174,50.42138649750793,-966,0.4298203011170471,220,86,980,103,5391,5537,1145,4797,336,6682,1066,12.612990122717749,-894,1.553187646740112,5494,83.09982041304998,-5288,0.1625,4461
E02000396,Hammersmith and Fulham,6,7,22.724394254485148,18.11127878699092,543.0,591.0,0.5523906408952187,0.6012207527975585,0.0488301119023397,-4.613115467494229,289.0,336.0,704,779,1483,625.0,65.47808496291302,-47.0,41.05113636363637,241.0,277.0,687.0,756.0,1443.0,518.0,46.26264726264726,-36.0,35.08005822416303,279.0,255.0,534.0,47.97370195549561,24.0,35.815147625160456,273.0,270.0,543.0,51.08108108108108,3.0,36.11111111111111,-122.0,214.0,336.0,11.0,-107.0,-19.215437700265753,-5.9710781394733345,-21.0,9.0,3.1073791255854672,0.2959634859506508,0.5392579810181191,0.7815239379635873,0.4882186616399623,0.7352737352737353,divergent,divergent,-0.0510393193781567,-0.046250202689852,4,702,286,561,217,1098,1035,394,256,2133,988,94.12658227848101,416,63.934426229508205,778,57.07313642756681,344,0.5594563986409966,138,6322,247,610,222,6755,1068,6068,312,7823,6569,199.60807874217053,6075,93.5899333826795,832,17.310494695129744,388,0.8875827590866099,5756
E02000397,Haringey,3,4,34.33681337939859,26.154820830824807,247.0,326.0,0.2512716174974567,0.3316378433367243,0.0803662258392675,-8.181992548573785,452.0,304.0,1001,909,1910,756.0,71.9413612565445,148.0,45.154845154845155,415.0,284.0,813.0,899.0,1712.0,699.0,68.84345794392523,131.0,51.04551045510455,519.0,414.0,933.0,112.49528795811518,105.0,57.0957095709571,513.0,304.0,817.0,91.09345794392524,209.0,57.063403781979986,57.0,372.0,315.0,-17.0,-57.0,-3.097903312619266,5.890665300259393,104.0,-116.0,-21.40183001418994,-0.0323057889771121,0.4476021314387211,0.8842931937172774,0.4610817941952506,0.8855140186915887,concordant,concordant,0.0134796627565295,0.0012208249743113,2,852,185,703,224,1398,1090,397,181,2488,1037,63.352090032154344,667,60.94420600858369,927,63.29260450160772,479,0.5280040733197556,216,7368,172,781,154,7766,1165,6953,266,8931,7540,141.89855559287875,7196,94.87509657481328,935,13.467024969208376,627,0.8896755162241888,6687
E02000398,Haringey,1,1,52.991245678787024,49.73926438589592,9.0,1.0,0.0091556459816887,0.0010172939979654,-0.0081383519837232,-3.2519812928911023,426.0,0.0,793,753,1546,426.0,0.0,426.0,53.72005044136192,315.0,0.0,512.0,700.0,1212.0,315.0,0.0,315.0,61.5234375,428.0,0.0,428.0,0.0,428.0,56.83930942895087,476.0,0.0,476.0,0.0,476.0,68.0,301.0,301.0,0.0,-111.0,-111.0,0.0,7.80338705863808,48.0,48.0,0.0,11.16069057104913,0.4988290398126463,0.5523932729624839,0.3982300884955752,0.6526402640264026,concordant,concordant,-0.1005989513170711,0.1002469910639187,1,627,0,529,0,1018,859,225,106,1877,627,0.0,627,61.59135559921415,529,0.0,529,0.5423875432525952,119,7197,0,685,0,7394,924,6882,224,8318,7197,0.0,7197,97.3356775764133,685,0.0,685,0.9130931235726972,6658
E02000400,Haringey,4,5,29.15588871804903,21.73250910636231,381.0,465.0,0.387589013224822,0.4730417090539165,0.0854526958290946,-7.423379611686723,307.0,315.0,748,736,1484,622.0,65.16509433962264,-8.0,41.0427807486631,290.0,276.0,625.0,685.0,1310.0,566.0,61.099236641221374,14.0,46.400000000000006,350.0,382.0,732.0,90.09433962264151,-32.0,47.55434782608695,349.0,262.0,611.0,69.8,87.0,50.948905109489054,-63.0,268.0,331.0,22.0,-56.0,-4.065857698401267,5.3572192513369075,119.0,-121.0,-20.294339622641516,3.3945572834021007,0.4593796159527326,0.912398921832884,0.4808836023789294,0.898473282442748,concordant,concordant,0.0215039864261968,-0.013925639390136,3,525,315,518,382,990,922,242,186,1912,840,86.49320083682008,210,53.03030303030303,900,103.49163179916317,136,0.4827586206896552,56,7526,276,621,262,7871,982,7246,297,8853,7802,234.62961707895627,7250,95.61682124253589,883,18.378176889190105,359,0.8983304548071387,6949
E02000401,Haringey,1,1,47.120221287496285,43.1129188879335,40.0,8.0,0.0406917599186164,0.0081383519837232,-0.0325534079348931,-4.007302399562782,283.0,0.0,496,528,1024,283.0,0.0,283.0,57.056451612903224,327.0,0.0,487.0,381.0,868.0,327.0,0.0,327.0,67.14579055441479,382.0,0.0,382.0,0.0,382.0,72.34848484848484,291.0,0.0,291.0,0.0,291.0,76.37795275590551,341.0,341.0,0.0,44.0,44.0,0.0,10.089338941511564,-91.0,-91.0,0.0,4.029467907420667,0.4255639097744361,0.6494140625,0.529126213592233,0.7119815668202765,concordant,concordant,0.1035623038177969,0.0625675043202764,1,409,0,478,0,629,638,133,110,1267,409,0.0,409,65.02384737678855,478,0.0,478,0.46110484780157834,23,6611,0,480,0,6794,578,6307,197,7372,6611,0.0,6611,97.30644686488078,480,0.0,480,0.9323085601466647,6110
E02000402,Haringey,1,1,52.913019351948634,41.390514294222754,11.0,15.0,0.0111902339776195,0.0152594099694811,0.0040691759918616,-11.52250505772588,365.0,0.0,576,574,1150,365.0,0.0,365.0,63.36805555555556,285.0,0.0,412.0,586.0,998.0,285.0,0.0,285.0,69.1747572815534,355.0,0.0,355.0,0.0,355.0,61.846689895470384,394.0,0.0,394.0,0.0,394.0,67.23549488054607,259.0,259.0,0.0,-80.0,-80.0,0.0,5.80670172599784,39.0,39.0,0.0,5.388804985075687,0.5069444444444444,0.6260869565217392,0.4197349042709867,0.6803607214428857,concordant,concordant,-0.0872095401734576,0.0542737649211465,1,487,0,460,0,719,695,143,121,1414,487,0.0,487,67.73296244784423,460,0.0,460,0.5142555438225976,22,6236,0,569,0,6383,764,5971,178,7147,6236,0.0,6236,97.69700767664108,569,0.0,569,0.9163850110213079,5793
E02000403,Haringey,3,4,35.738222944853455,25.146772575679837,207.0,355.0,0.2105798575788403,0.3611393692777213,0.150559511698881,-10.591450369173618,419.0,432.0,1123,1118,2241,851.0,80.7710843373494,-13.0,37.31077471059662,364.0,357.0,805.0,859.0,1664.0,721.0,78.09375,7.0,45.21739130434783,515.0,560.0,1075.0,128.6925479696564,-45.0,46.06440071556351,410.0,334.0,744.0,82.29567307692308,76.0,47.72991850989523,-54.0,318.0,372.0,20.0,-130.0,-2.677334337349393,7.90661659375121,121.0,-331.0,-46.39687489273332,1.66551779433172,0.4418483904465213,0.8594377510040161,0.4921501706484641,0.8804086538461539,concordant,concordant,0.0503017802019428,0.0209709028421377,2,825,259,675,274,1528,1277,405,159,2805,1084,76.17647058823529,566,53.99214659685864,949,65.93582887700535,401,0.5332021642892277,246,6851,200,704,178,7291,1152,6486,293,8443,7051,162.2882861542106,6651,93.96516252914552,882,14.842117730664455,526,0.8888188579352073,6193
E02000404,Haringey,2,2,41.70488055092276,31.824714052697615,114.0,157.0,0.1159715157680569,0.1597151576805696,0.0437436419125127,-9.880166498225144,418.0,246.0,817,876,1693,664.0,60.73715298287065,172.0,51.162790697674424,266.0,187.0,576.0,850.0,1426.0,453.0,34.88218793828892,79.0,46.18055555555556,463.0,234.0,697.0,63.99409332545777,229.0,52.853881278538815,494.0,182.0,676.0,63.04908835904628,312.0,58.11764705882353,144.0,325.0,181.0,-93.0,-211.0,-25.854965044581725,-4.982235142118867,83.0,-21.0,-0.9450049664114886,5.263765780284714,0.4878765613519471,0.8038984051978736,0.4012400354295837,0.7917251051893408,concordant,concordant,-0.0866365259223634,-0.0121733000085327,2,606,277,456,270,1125,997,308,121,2122,883,79.10556079170594,329,53.86666666666666,726,58.02073515551367,186,0.5487880671224363,187,6597,209,572,211,7000,1080,6424,230,8080,6806,170.64022277227724,6388,94.24285714285713,783,14.937128712871287,361,0.8968243510343918,6194
E02000405,Haringey,7,9,19.009153211667684,11.869625451263536,641.0,796.0,0.6520854526958291,0.8097660223804679,0.1576805696846388,-7.139527760404148,142.0,293.0,546,495,1041,435.0,39.96733909702209,-151.0,26.00732600732601,92.0,274.0,546.0,423.0,969.0,366.0,26.014447884416924,-182.0,16.84981684981685,132.0,329.0,461.0,41.71757925072046,-197.0,26.666666666666668,84.0,361.0,445.0,31.294117647058822,-277.0,19.858156028368796,-362.0,8.0,370.0,-31.0,-69.0,-13.952891212605168,-9.15750915750916,-80.0,-16.0,-10.42346160366164,-6.8085106382978715,0.4854910714285714,0.8607108549471661,0.4512946979038224,0.8369453044375645,concordant,concordant,-0.034196373524749,-0.0237655505096016,5,361,288,386,317,761,744,215,249,1505,649,69.08172757475083,73,47.43758212877792,703,81.30365448504983,69,0.48002958579881655,-34,5920,269,366,354,6372,698,5826,275,7070,6189,225.24469589816124,5651,92.90646578782173,720,18.325884016973127,12,0.8957881024750326,5551
E02000406,Haringey,2,2,42.50844688113879,33.5264641025641,101.0,109.0,0.1027466937945066,0.1108850457782299,0.0081383519837233,-8.98198277857469,321.0,232.0,727,836,1563,553.0,47.6468330134357,89.0,44.15405777166438,322.0,179.0,648.0,823.0,1471.0,501.0,39.18286879673691,143.0,49.691358024691354,444.0,224.0,668.0,63.63147792706334,220.0,53.110047846889955,450.0,167.0,617.0,51.08769544527532,283.0,54.67800729040098,252.0,426.0,174.0,54.0,-52.0,-8.463964216698791,5.537300253026977,63.0,-51.0,-12.543782481788014,1.5679594435110218,0.4529074529074529,0.781190019193858,0.4481216457960644,0.7600271923861319,concordant,concordant,-0.0047858071113885,-0.021162826807726,1,823,0,742,0,1052,977,325,141,2029,823,0.0,823,78.2319391634981,742,0.0,742,0.5258785942492012,184,6488,0,900,0,6656,1084,6008,261,7740,6488,0.0,6488,97.47596153846155,900,0.0,900,0.8781808337845154,5747
E02000407,Haringey,1,1,50.661455530634576,40.34503501544799,19.0,21.0,0.0193285859613428,0.0213631739572736,0.0020345879959308,-10.316420515186586,453.0,0.0,763,944,1707,453.0,0.0,453.0,59.37090432503277,380.0,0.0,646.0,968.0,1614.0,380.0,0.0,380.0,58.82352941176471,595.0,0.0,595.0,0.0,595.0,63.02966101694915,632.0,0.0,632.0,0.0,632.0,65.28925619834712,416.0,416.0,0.0,-73.0,-73.0,0.0,-0.5473749132680581,37.0,37.0,0.0,2.2595951813979696,0.4322519083969465,0.6139425893380199,0.375494071146245,0.6270136307311028,concordant,concordant,-0.0567578372507014,0.0130710413930829,1,749,0,698,0,1088,1067,325,123,2155,749,0.0,749,68.84191176470588,698,0.0,698,0.5176226675881134,202,7190,0,859,0,7460,1224,6814,256,8684,7190,0.0,7190,96.38069705093834,859,0.0,859,0.8932786681575351,6558
E02000408,Haringey,1,1,50.07155350761955,37.74927442852067,23.0,47.0,0.0233977619532044,0.0478128179043743,0.0244150559511698,-12.322279079098877,556.0,0.0,832,717,1549,556.0,0.0,556.0,66.82692307692307,344.0,0.0,576.0,684.0,1260.0,344.0,0.0,344.0,59.72222222222222,407.0,0.0,407.0,0.0,407.0,56.76429567642957,427.0,0.0,427.0,0.0,427.0,62.42690058479532,369.0,369.0,0.0,-212.0,-212.0,0.0,-7.104700854700845,20.0,20.0,0.0,5.662604908365751,0.5773624091381101,0.6216914138153647,0.4461738002594034,0.611904761904762,concordant,concordant,-0.1311886088787067,-0.0097866519106027,1,989,0,512,0,1276,829,444,112,2105,989,0.0,989,77.5078369905956,512,0.0,512,0.6588940706195869,332,7879,0,620,0,8114,882,7538,198,8996,7879,0.0,7879,97.1037712595514,620,0.0,620,0.9270502412048476,7340
E02000409,Haringey,1,1,44.63015176957255,39.809839622641505,73.0,24.0,0.074262461851475,0.0244150559511698,-0.0498474059003051,-4.820312146931045,376.0,0.0,554,668,1222,376.0,0.0,376.0,67.87003610108303,377.0,0.0,556.0,618.0,1174.0,377.0,0.0,377.0,67.80575539568345,427.0,0.0,427.0,0.0,427.0,63.92215568862275,450.0,0.0,450.0,0.0,450.0,72.81553398058253,416.0,416.0,0.0,1.0,1.0,0.0,-0.0642807053995824,23.0,23.0,0.0,8.893378291959777,0.4682440846824408,0.6571194762684124,0.4558645707376058,0.7044293015332198,concordant,concordant,-0.012379513944835,0.0473098252648074,1,576,0,519,0,768,785,214,117,1553,576,0.0,576,75.0,519,0.0,519,0.5260273972602739,97,5784,0,626,0,5983,819,5427,201,6802,5784,0.0,5784,96.67390940999499,626,0.0,626,0.9023400936037441,5226
E02000410,Haringey,8,9,17.173730023905573,11.072047169811322,697.0,827.0,0.7090539165818922,0.8413021363173957,0.1322482197355035,-6.101682854094252,60.0,598.0,853,791,1644,658.0,21.824817518248175,-538.0,7.033997655334115,39.0,437.0,590.0,588.0,1178.0,476.0,14.46774193548387,-398.0,6.610169491525424,77.0,695.0,772.0,32.55170316301703,-618.0,9.734513274336283,78.0,488.0,566.0,32.31239388794567,-410.0,13.26530612244898,-459.0,19.0,478.0,140.0,-182.0,-7.357075582764304,-0.4238281638086913,208.0,-206.0,-0.2393092750713634,3.5307928481126964,0.4601398601398601,0.8698296836982968,0.4568138195777351,0.8845500848896435,concordant,concordant,-0.0033260405621249,0.0147204011913466,6,83,591,89,682,1161,1034,308,243,2195,674,22.347608200455582,-508,7.14900947459087,771,27.652847380410023,-593,0.46643598615916954,65,59,433,82,478,6262,896,5672,308,7158,492,3.5690136909751327,-374,0.9421909932928777,560,5.475831237775915,-396,0.467680608365019,5364
E02000411,Haringey,2,2,41.03240491814278,32.82515801935351,121.0,129.0,0.1230925737538148,0.1312309257375381,0.0081383519837232,-8.207246898789272,347.0,299.0,777,911,1688,646.0,61.46504739336493,48.0,44.65894465894466,520.0,328.0,1018.0,1157.0,2175.0,848.0,78.4183908045977,192.0,51.080550098231825,475.0,271.0,746.0,76.25888625592417,204.0,52.14050493962679,612.0,335.0,947.0,94.26206896551724,277.0,52.89541918755402,312.0,584.0,272.0,144.0,202.0,16.95334341123278,6.421605439287163,73.0,201.0,18.003182709593077,0.7549142479272319,0.4640804597701149,0.8246445497630331,0.4724233983286908,0.825287356321839,concordant,concordant,0.0083429385585758,0.0006428065588058,2,847,336,555,285,1368,1106,591,195,2474,1183,115.03314470493129,511,61.91520467836257,840,63.93492320129345,270,0.5847750865051903,396,10515,344,855,349,11171,1553,10153,396,12724,10859,284.27852876453943,10171,94.12765195595739,1204,23.451351776171016,506,0.9001906656718892,9757
E02000412,Haringey,1,1,47.732441232282326,34.36582609266308,36.0,94.0,0.0366225839267548,0.0956256358087487,0.0590030518819939,-13.366615139619247,676.0,0.0,871,933,1804,676.0,0.0,676.0,77.61194029850746,707.0,0.0,851.0,889.0,1740.0,707.0,0.0,707.0,83.07873090481786,786.0,0.0,786.0,0.0,786.0,84.2443729903537,761.0,0.0,761.0,0.0,761.0,85.60179977502813,708.0,708.0,0.0,31.0,31.0,0.0,5.466790606310397,-25.0,-25.0,0.0,1.3574267846744306,0.4623803009575923,0.8104212860310421,0.4816076294277929,0.8436781609195402,concordant,concordant,0.0192273284702005,0.033256874888498,1,1084,0,910,0,1329,1113,458,180,2442,1084,0.0,1084,81.56508653122648,910,0.0,910,0.5436308926780341,278,7035,0,1000,0,7219,1160,6368,271,8379,7035,0.0,7035,97.451170522233,1000,0.0,1000,0.8755444928438083,6097
E02000413,Haringey,7,8,19.336452817333335,15.14302187168611,633.0,699.0,0.6439471007121058,0.711088504577823,0.0671414038657172,-4.193430945647226,220.0,325.0,787,707,1494,545.0,47.85809906291834,-105.0,27.95425667090216,154.0,326.0,575.0,576.0,1151.0,480.0,43.61772371850565,-172.0,26.782608695652172,277.0,442.0,719.0,81.95046854082999,-165.0,39.17963224893918,164.0,311.0,475.0,44.312771503040835,-147.0,28.47222222222222,-205.0,135.0,340.0,-67.0,-65.0,-4.240375344412691,-1.171647975249989,18.0,-244.0,-37.63769703778915,-10.707410026716955,0.4311708860759494,0.8460508701472557,0.5026178010471204,0.8297132927888793,concordant,concordant,0.071446914971171,-0.0163375773583763,5,525,311,497,420,1079,906,292,199,1985,836,82.2544080604534,214,48.65616311399444,917,105.15869017632242,77,0.4768967484312607,93,7244,306,492,282,7640,890,7065,314,8530,7550,259.8668229777257,6938,94.81675392670157,774,16.265416178194606,210,0.9070158577606919,6751
E02000414,Haringey,2,3,39.15834078929019,29.47818581445523,150.0,217.0,0.1525940996948118,0.2207527975584944,0.0681586978636826,-9.68015497483496,389.0,326.0,885,928,1813,715.0,69.94704908990623,63.0,43.954802259887,238.0,300.0,652.0,885.0,1537.0,538.0,46.454131424853614,-62.0,36.50306748466258,420.0,315.0,735.0,72.97297297297297,105.0,45.258620689655174,422.0,277.0,699.0,76.05335068314899,145.0,47.68361581920904,-197.0,236.0,433.0,-125.0,-177.0,-23.492917665052616,-7.451734775224423,40.0,-36.0,3.0803777101760232,2.4249951295538636,0.493103448275862,0.7997793712079426,0.4349232012934519,0.8048145738451529,concordant,divergent,-0.0581802469824101,0.0050352026372102,2,678,344,471,333,1272,1084,387,156,2356,1022,98.99490662139219,334,53.301886792452834,804,66.57173174872665,138,0.5596933187294633,231,6444,319,550,290,6938,1118,6286,233,8056,6763,255.16832174776565,6125,92.87979244739117,840,19.798907646474678,260,0.8895172958042877,6053
E02000415,Haringey,2,3,38.11587008327246,27.363437377963734,166.0,290.0,0.1688708036622584,0.2950152594099695,0.126144455747711,-10.752432705308724,397.0,283.0,829,1007,1836,680.0,61.19335511982571,114.0,47.88902291917974,428.0,221.0,897.0,840.0,1737.0,649.0,54.45480713874496,207.0,47.71460423634337,530.0,224.0,754.0,64.66230936819171,306.0,52.63157894736842,454.0,264.0,718.0,69.00172711571675,190.0,54.04761904761904,133.0,425.0,292.0,93.0,-31.0,-6.73854798108075,-0.174418682836368,-116.0,-36.0,4.339417747525033,1.416040100250619,0.4741980474198047,0.7810457516339869,0.4747622531089978,0.7869890616004606,concordant,concordant,0.000564205689193,0.0059433099664736,2,643,310,535,266,1198,1136,369,129,2334,953,85.40274207369323,333,53.67278797996661,801,60.97257926306769,269,0.5433295324971493,240,6466,249,606,309,7107,1114,6210,274,8221,6715,195.8440579004987,6217,90.9807232306177,915,22.777520982848802,297,0.8800786369593709,5936
E02000416,Haringey,4,3,32.02049718120805,28.27418700231184,311.0,255.0,0.3163784333672431,0.25940996948118,-0.056968463886063,-3.746310178896209,416.0,371.0,876,822,1698,787.0,90.89281507656068,45.0,47.48858447488584,365.0,304.0,894.0,752.0,1646.0,669.0,67.41190765492102,61.0,40.82774049217002,360.0,373.0,733.0,79.08127208480565,-13.0,43.79562043795621,360.0,449.0,809.0,98.20170109356016,-89.0,47.87234042553192,421.0,566.0,145.0,16.0,-118.0,-23.480907421639657,-6.660843982715818,-76.0,76.0,19.120429008754513,4.076719987575707,0.5177631578947368,0.8951707891637221,0.4526387009472259,0.8979343863912516,divergent,divergent,-0.0651244569475108,0.0027635972275295,3,653,371,536,371,1187,1038,311,216,2225,1024,108.88224719101123,282,55.01263689974726,907,89.37348314606741,165,0.5302951838425686,95,7664,301,669,448,8263,1115,7369,363,9378,7965,245.9867775645127,7363,92.75081689459034,1117,31.959053103007037,221,0.8770094692798943,7006
E02000417,Haringey,7,8,19.737971270221692,13.702921983624284,622.0,742.0,0.6327568667344863,0.7548321464903357,0.1220752797558494,-6.035049286597408,198.0,409.0,774,753,1527,607.0,53.03339882121807,-211.0,25.581395348837212,154.0,322.0,638.0,580.0,1218.0,476.0,40.71264367816092,-168.0,24.13793103448276,187.0,444.0,631.0,54.37328094302554,-257.0,24.833997343957503,158.0,365.0,523.0,47.34811165845649,-207.0,27.241379310344826,-203.0,130.0,333.0,43.0,-131.0,-12.320755143057148,-1.4434643143544506,50.0,-108.0,-7.025169284569053,2.407381966387323,0.4903069466882068,0.8107400130975769,0.4764764764764764,0.8201970443349754,concordant,concordant,-0.0138304702117303,0.0094570312373984,5,570,401,455,428,1114,998,340,245,2112,971,108.22443181818181,169,51.16696588868941,883,92.20643939393939,27,0.5237324703344121,95,5977,308,496,360,6445,902,5807,322,7347,6285,250.5670341636042,5669,92.73855702094647,856,24.303797468354432,136,0.8801288334967091,5485
E02000418,Haringey,7,9,19.008149978217464,11.9366082134812,642.0,791.0,0.6531027466937945,0.8046795523906409,0.1515768056968464,-7.071541764736265,56.0,338.0,446,515,961,394.0,19.69614984391259,-282.0,12.556053811659194,49.0,227.0,361.0,325.0,686.0,276.0,16.214285714285715,-178.0,13.573407202216067,98.0,310.0,408.0,31.612903225806452,-212.0,19.02912621359223,42.0,257.0,299.0,15.73469387755102,-215.0,12.923076923076923,-273.0,13.0,286.0,104.0,-118.0,-3.4818641296268744,1.017353390556874,-3.0,-109.0,-15.878209348255432,-6.106049290515308,0.4912718204488778,0.8345473465140478,0.48,0.8381924198250729,concordant,concordant,-0.0112718204488778,0.003645073311025,5,238,335,339,309,626,754,180,239,1380,573,57.77536231884058,-97,38.019169329073485,648,75.90652173913044,30,0.4692874692874693,-59,5076,219,302,254,5381,583,5020,258,5964,5295,186.3923541247485,4857,94.33190856718082,556,12.861837692823608,48,0.9049735088019142,4762
E02000419,Haringey,2,4,39.94239960656142,25.24468995042812,137.0,350.0,0.1393692777212614,0.3560528992878942,0.2166836215666327,-14.697709656133302,784.0,400.0,1320,1483,2803,1184.0,111.8801284338209,384.0,59.3939393939394,632.0,320.0,1328.0,1203.0,2531.0,952.0,79.90517581983406,312.0,47.59036144578313,811.0,250.0,1061.0,72.33321441312879,561.0,54.68644639244774,674.0,408.0,1082.0,108.6495456341367,266.0,56.02660016625104,-130.0,437.0,567.0,-72.0,-232.0,-31.974952613986844,-11.803577948156269,-295.0,21.0,36.316331221007914,1.3401537738033014,0.5273942093541203,0.8009275775954334,0.4680432645034414,0.8036349269063611,concordant,concordant,-0.0593509448506788,0.0027073493109276,2,1182,439,744,266,1908,1701,588,218,3609,1621,143.77888611803823,743,61.94968553459119,1010,54.83624272651704,478,0.6161155454199924,370,7662,337,873,440,8544,1586,7216,383,10130,7999,254.89575518262586,7325,89.67696629213484,1313,37.91905231984205,433,0.8589991408934707,6833
E02000420,Haringey,1,1,43.84638246232508,36.060579013430406,79.0,62.0,0.0803662258392675,0.0630722278738555,-0.017293997965412,-7.785803448894676,534.0,0.0,874,998,1872,534.0,0.0,534.0,61.098398169336384,516.0,0.0,791.0,1031.0,1822.0,516.0,0.0,516.0,65.2338811630847,639.0,0.0,639.0,0.0,639.0,64.02805611222445,701.0,0.0,701.0,0.0,701.0,67.99224054316197,561.0,561.0,0.0,-18.0,-18.0,0.0,4.135482993748319,62.0,62.0,0.0,3.9641844309375216,0.4552429667519181,0.6266025641025641,0.4239934264585045,0.6679473106476399,concordant,concordant,-0.0312495402934136,0.0413447465450758,1,898,0,751,0,1252,1131,378,133,2383,898,0.0,898,71.72523961661342,751,0.0,751,0.5445724681625227,245,7559,0,1029,0,7846,1384,7055,353,9230,7559,0.0,7559,96.34208513892429,1029,0.0,1029,0.8801816488122962,6702
E02000421,Haringey,1,1,48.925301386401784,41.38769233822945,28.0,16.0,0.0284842319430315,0.0162767039674465,-0.0122075279755849,-7.537609048172335,454.0,0.0,700,887,1587,454.0,0.0,454.0,64.85714285714286,550.0,0.0,800.0,950.0,1750.0,550.0,0.0,550.0,68.75,585.0,0.0,585.0,0.0,585.0,65.95264937993235,645.0,0.0,645.0,0.0,645.0,67.89473684210526,587.0,587.0,0.0,96.0,96.0,0.0,3.892857142857139,60.0,60.0,0.0,1.942087462172907,0.436958614051973,0.6546943919344675,0.4602510460251046,0.6828571428571428,concordant,concordant,0.0232924319731315,0.0281627509226752,1,920,0,708,0,1179,1020,479,133,2199,920,0.0,920,78.03223070398643,708,0.0,708,0.5651105651105651,346,8093,0,1001,0,8356,1315,7556,365,9671,8093,0.0,8093,96.85256103398756,1001,0.0,1001,0.8899274246756103,7191
E02000422,Haringey,1,3,45.8268478913738,29.55728720009455,53.0,215.0,0.0539165818921668,0.2187182095625635,0.1648016276703967,-16.269560691279253,563.0,0.0,862,886,1748,563.0,0.0,563.0,65.31322505800465,446.0,0.0,641.0,923.0,1564.0,446.0,0.0,446.0,69.57878315132605,553.0,0.0,553.0,0.0,553.0,62.41534988713319,654.0,0.0,654.0,0.0,654.0,70.85590465872156,-48.0,276.0,324.0,-117.0,-117.0,0.0,4.265558093321403,101.0,101.0,0.0,8.440554771588367,0.5044802867383512,0.6384439359267735,0.4054545454545454,0.7033248081841432,concordant,concordant,-0.0990257412838057,0.0648808722573697,1,1098,0,668,0,1404,1025,542,139,2429,1098,0.0,1098,78.2051282051282,668,0.0,668,0.6217440543601359,403,7134,0,914,0,7338,1196,6697,273,8534,7134,0.0,7134,97.21995094031071,914,0.0,914,0.8864314115308151,6424
E02000423,Haringey,2,5,38.3061067870248,23.01422982551799,161.0,421.0,0.1637843336724313,0.4282807731434384,0.2644964394710071,-15.291876961506809,537.0,295.0,989,1191,2180,832.0,72.66743119266054,242.0,54.29726996966633,517.0,285.0,1022.0,1201.0,2223.0,802.0,66.28205128205128,232.0,50.58708414872799,591.0,233.0,824.0,63.16651376146789,358.0,49.622166246851386,657.0,296.0,953.0,87.48178137651821,361.0,54.70441298917569,-680.0,159.0,839.0,-10.0,-30.0,-6.3853799106092595,-3.7101858209383423,3.0,129.0,24.315267615050324,5.082246742324301,0.5024154589371981,0.7596330275229358,0.456980056980057,0.7894736842105263,concordant,concordant,-0.045435401957141,0.0298406566875905,2,886,326,581,256,1526,1383,537,192,2909,1212,99.29047782743211,560,58.0602883355177,837,51.12959779993125,325,0.5915080527086384,345,6044,304,763,325,6767,1522,5745,321,8289,6348,221.66437447219207,5740,89.31579725136693,1088,29.91615393895524,438,0.8536847767616998,5424
E02000424,Haringey,5,6,28.17584476799111,19.608352853463465,404.0,551.0,0.4109867751780264,0.560528992878942,0.1495422177009155,-8.567491914527643,355.0,427.0,891,794,1685,782.0,89.96142433234421,-72.0,39.84287317620651,243.0,394.0,681.0,660.0,1341.0,637.0,71.39597315436242,-151.0,35.68281938325991,335.0,496.0,831.0,98.6112759643917,-161.0,42.19143576826197,254.0,407.0,661.0,77.09023117076808,-153.0,38.48484848484848,-172.0,224.0,396.0,-79.0,-145.0,-18.565451177981785,-4.160053792946599,8.0,-170.0,-21.521044793623616,-3.706587283413491,0.4848109113453193,0.9572700296735904,0.4907550077041602,0.9679343773303504,concordant,concordant,0.0059440963588409,0.0106643476567599,3,698,288,559,374,1216,1004,325,210,2220,986,90.55135135135136,410,57.401315789473685,933,94.17387387387387,185,0.5138092756644086,115,6223,299,637,292,6639,1038,5958,378,7677,6522,242.37032695063175,5924,93.73399608374756,929,24.228735183014198,345,0.8753187491611865,5580
E02000425,Haringey,4,3,31.703127177508268,27.75180733118971,319.0,274.0,0.3245167853509664,0.2787385554425229,-0.0457782299084435,-3.951319846318558,91.0,477.0,459,695,1154,568.0,37.614384748700175,-386.0,19.825708061002175,55.0,468.0,536.0,651.0,1187.0,523.0,21.6849199663016,-413.0,10.261194029850747,178.0,339.0,517.0,52.2894280762565,-161.0,25.611510791366904,146.0,450.0,596.0,55.34962089300758,-304.0,22.427035330261138,-192.0,108.0,300.0,-27.0,-45.0,-15.929464782398576,-9.564514031151427,-143.0,79.0,3.0601928167510835,-3.184475461105766,0.5235023041474655,0.940207972270364,0.4673815907059875,0.9427127211457456,concordant,concordant,-0.0561207134414779,0.0025047488753816,3,339,477,242,338,730,785,271,90,1515,816,106.73465346534654,-138,46.438356164383556,580,53.99075907590759,-96,0.5845272206303725,181,7385,467,293,449,7874,813,7338,162,8687,7852,397.0064464141821,6918,93.78968757937515,742,15.144123402785771,-156,0.913660693507098,7176
E02000426,Haringey,7,8,17.60046325211707,15.292752093537684,688.0,692.0,0.6998982706002035,0.7039674465920651,0.0040691759918616,-2.3077111585793855,240.0,359.0,860,679,1539,599.0,55.98440545808967,-119.0,27.906976744186046,208.0,283.0,589.0,540.0,1129.0,491.0,52.13817537643933,-75.0,35.31409168081494,236.0,467.0,703.0,71.6127355425601,-231.0,34.75699558173785,179.0,297.0,476.0,47.08857395925598,-118.0,33.14814814814815,-182.0,129.0,311.0,44.0,-108.0,-3.84623008165034,7.407114936628893,113.0,-227.0,-24.52416158330412,-1.6088474335896947,0.4600614439324116,0.8460038986354775,0.5077559462254395,0.8565101860053145,concordant,concordant,0.0476945022930278,0.0105062873698369,6,127,443,152,616,1132,864,272,185,1996,570,28.18687374749499,-316,11.219081272084805,768,46.90981963927856,-464,0.4260089686098655,87,113,357,106,369,6345,823,5756,283,7168,470,5.6279296875,-244,1.7809298660362491,475,5.456752232142857,-263,0.4973544973544973,5473
E02000427,Haringey,3,4,33.551083023052236,25.72474003121896,272.0,339.0,0.2767039674465921,0.3448626653102746,0.0681586978636825,-7.826342991833275,414.0,470.0,1020,1058,2078,884.0,93.6381135707411,-56.0,40.588235294117645,377.0,487.0,992.0,1049.0,2041.0,864.0,89.95541401273886,-110.0,38.00403225806452,429.0,448.0,877.0,92.48893166506257,-19.0,40.54820415879017,448.0,451.0,899.0,98.99461048505634,-3.0,42.707340324118206,-78.0,360.0,438.0,-54.0,-20.0,-3.6826995580022417,-2.5842030360531254,16.0,22.0,6.505678819993776,2.159136165328036,0.5019875070982396,0.8474494706448508,0.4900737379466818,0.8637922586967173,concordant,concordant,-0.0119137691515577,0.0163427880518665,2,981,227,630,240,1584,1256,564,198,2840,1208,78.41091549295774,754,61.93181818181818,870,53.23943661971831,390,0.5813282001924928,366,5882,222,828,218,6494,1427,5502,378,7921,6104,164.85342759752555,5660,90.57591623036649,1046,22.788031814164878,610,0.8537062937062937,5124
E02000428,Haringey,1,2,44.82291281828539,31.039075784412955,69.0,175.0,0.0701932858596134,0.1780264496439471,0.1078331637843336,-13.783837033872434,589.0,0.0,839,874,1713,589.0,0.0,589.0,70.20262216924911,577.0,0.0,828.0,1140.0,1968.0,577.0,0.0,577.0,69.68599033816425,660.0,0.0,660.0,0.0,660.0,75.51487414187643,837.0,0.0,837.0,0.0,837.0,73.42105263157895,254.0,516.0,262.0,-12.0,-12.0,0.0,-0.5166318310848652,177.0,177.0,0.0,-2.093821510297488,0.4715772618094475,0.7291301809690601,0.408062234794908,0.7184959349593496,concordant,concordant,-0.0635150270145394,-0.0106342460097105,1,929,0,773,0,1190,1008,351,134,2198,929,0.0,929,78.0672268907563,773,0.0,773,0.545828437132785,217,8045,0,1121,0,8303,1444,7475,304,9747,8045,0.0,8045,96.89268938937732,1121,0.0,1121,0.8777001963779184,7171
E02000429,Haringey,7,8,18.57984607267951,13.435188500212432,656.0,751.0,0.6673448626653102,0.7639877924720244,0.0966429298067141,-5.144657572467075,146.0,515.0,856,844,1700,661.0,44.22941176470588,-369.0,17.056074766355138,112.0,377.0,607.0,628.0,1235.0,489.0,34.189473684210526,-265.0,18.451400329489292,179.0,606.0,785.0,63.80823529411765,-427.0,21.208530805687204,138.0,441.0,579.0,49.27773279352227,-303.0,21.97452229299363,-290.0,49.0,339.0,104.0,-172.0,-10.039938080495354,1.395325563134154,124.0,-206.0,-14.530502500595382,0.765991487306426,0.4571230982019363,0.8505882352941176,0.4578651685393258,0.8647773279352227,concordant,concordant,0.0007420703373894,0.014189092641105,5,539,506,513,595,1223,1108,367,264,2331,1045,117.003003003003,33,44.07195421095666,1108,130.94594594594594,-82,0.4853692522062239,103,6139,365,486,435,6628,955,6021,327,7583,6504,295.49452723196623,5774,92.6222088111044,921,27.87946722932876,51,0.8759595959595959,5694
E02000430,Haringey,6,8,23.90255175138196,15.082182035928144,494.0,701.0,0.5025432349949135,0.7131230925737538,0.2105798575788403,-8.820369715453817,287.0,595.0,1136,944,2080,882.0,82.0985576923077,-308.0,25.264084507042256,185.0,484.0,816.0,749.0,1565.0,669.0,57.21405750798722,-299.0,22.67156862745098,290.0,789.0,1079.0,110.0048076923077,-499.0,30.720338983050848,195.0,569.0,764.0,70.89776357827476,-374.0,26.0347129506008,-512.0,64.0,576.0,9.0,-213.0,-24.884500184320473,-2.592515879591275,125.0,-315.0,-39.10704411403293,-4.685626032450049,0.4497705252422233,0.9427884615384616,0.4668527564549895,0.9156549520766774,concordant,concordant,0.0170822312127661,-0.0271335094617841,4,701,574,555,777,1547,1198,411,254,2745,1275,146.58433515482696,127,45.313510019392375,1332,157.0983606557377,-222,0.4890678941311853,157,6150,470,629,556,6775,1177,5959,428,7952,6620,363.49346076458755,5680,90.7749077490775,1185,43.97937625754527,73,0.8481742472773863,5531
E02000431,Haringey,8,8,16.996010210919973,13.944561375321337,705.0,732.0,0.7171922685656155,0.7446592065106816,0.0274669379450661,-3.051448835598636,103.0,662.0,1001,848,1849,765.0,36.87723093564089,-559.0,10.289710289710287,73.0,601.0,727.0,757.0,1484.0,674.0,29.56401617250674,-528.0,10.041265474552958,100.0,803.0,903.0,43.428880475932935,-703.0,11.79245283018868,83.0,581.0,664.0,32.49528301886792,-498.0,10.96433289299868,-358.0,96.0,454.0,31.0,-91.0,-7.313214763134148,-0.2484448151573293,205.0,-239.0,-10.933597457065012,-0.8281199371899994,0.4586330935251798,0.9021092482422932,0.5037369207772795,0.9016172506738545,concordant,concordant,0.0451038272520996,-0.0004919975684386,6,132,621,119,771,1553,1079,552,231,2632,753,31.14437689969605,-489,8.49967804249839,890,34.859042553191486,-652,0.45830797321972,321,91,569,92,566,5742,1161,5015,404,6903,660,7.500941619585688,-478,1.5848136537791708,658,7.543386933217442,-474,0.5007587253414264,4611
E02000432,Haringey,4,5,30.63143572358227,23.337715896802106,347.0,411.0,0.3530010172939979,0.4181078331637843,0.0651068158697864,-7.293719826780169,304.0,477.0,941,882,1823,781.0,79.54360943499725,-173.0,32.30605738575983,253.0,456.0,803.0,794.0,1597.0,709.0,72.240450845335,-203.0,31.506849315068493,313.0,526.0,839.0,90.31157432803072,-213.0,35.487528344671205,245.0,435.0,680.0,66.73450219160927,-190.0,30.856423173803528,-206.0,258.0,464.0,-30.0,-72.0,-7.303158589662246,-0.7992080706913356,23.0,-159.0,-23.57707213642145,-4.631105170867677,0.4820987654320988,0.8886450905101481,0.5104391648668106,0.8697557921102066,concordant,concordant,0.0283403994347118,-0.0188892983999414,3,608,477,492,523,1301,1117,360,235,2418,1085,119.94044665012407,131,46.73328209069946,1015,106.41687344913151,-31,0.5166666666666667,125,5403,456,518,430,5989,1110,5186,316,7099,5859,347.0584589378786,4947,90.21539489063282,948,31.37625017608114,88,0.8607315998237108,4870
E02000433,Harrow,9,8,11.53463865794952,12.482092947513468,851.0,777.0,0.8657171922685656,0.7904374364191251,-0.0752797558494404,0.9474542895639466,25.0,351.0,457,498,955,376.0,9.188481675392673,-326.0,5.470459518599562,21.0,237.0,555.0,356.0,911.0,258.0,5.463227222832053,-216.0,3.783783783783784,26.0,333.0,359.0,9.065968586387434,-307.0,5.220883534136546,37.0,409.0,446.0,16.611416026344678,-372.0,10.393258426966293,-81.0,104.0,185.0,110.0,-118.0,-3.72525445256062,-1.686675734815778,-65.0,87.0,7.545447439957243,5.172374892829747,0.5115646258503401,0.7696335078534031,0.3664772727272727,0.7727771679473107,concordant,concordant,-0.1450873531230674,0.0031436600939075,8,23,700,23,697,750,770,293,272,1520,723,10.592105263157896,-677,3.0666666666666664,720,10.54671052631579,-674,0.501039501039501,21,20,627,32,8401,8461,707,7906,351,9168,647,1.367801047120419,-607,0.23637867864318637,8433,29.322862129144852,-8369,0.07125550660792951,7555
E02000434,Harrow,9,8,13.2238975482068,14.779285080601536,792.0,710.0,0.8056968463886063,0.7222787385554426,-0.0834181078331637,1.555387532394736,15.0,353.0,838,451,1289,368.0,4.107835531419705,-338.0,1.7899761336515514,42.0,451.0,568.0,614.0,1182.0,493.0,16.0253807106599,-409.0,7.394366197183098,20.0,675.0,695.0,10.47323506594259,-655.0,4.434589800443459,37.0,438.0,475.0,13.710659898477155,-401.0,6.026058631921824,-236.0,136.0,372.0,-71.0,125.0,11.917545179240191,5.604390063531547,254.0,-220.0,3.2374248325345647,1.5914688314783652,0.3461900282220131,0.8246702870442203,0.5092975206611571,0.8189509306260575,concordant,concordant,0.1631074924391439,-0.0057193564181627,7,126,618,83,874,1084,726,246,275,1810,744,43.020994475138124,-492,11.623616236162361,957,40.078453038674034,-791,0.43738977072310403,-29,108,838,142,9483,9649,1018,9081,404,10667,946,8.48448485984813,-730,1.1192869727432895,9625,126.2384925471079,-9341,0.08949011446409989,8677
E02000435,Harrow,6,6,21.479885861836788,20.201595351162208,578.0,531.0,0.5879959308240081,0.5401831129196337,-0.0478128179043744,-1.27829051067458,345.0,55.0,535,397,932,400.0,20.359442060085836,290.0,64.48598130841121,329.0,73.0,463.0,435.0,898.0,402.0,26.744988864142535,256.0,71.05831533477321,316.0,129.0,445.0,43.738197424892704,187.0,79.59697732997482,321.0,77.0,398.0,27.524498886414253,244.0,73.79310344827587,165.0,290.0,125.0,-34.0,2.0,6.385546804056698,6.572334026362,57.0,-47.0,-16.21369853847845,-5.803873881698948,0.4733727810650887,0.9066523605150214,0.5025,0.89086859688196,concordant,concordant,0.0291272189349112,-0.0157837636330614,5,515,75,493,166,815,644,280,247,1459,590,26.473612063056887,440,63.190184049079754,659,56.09184372858122,327,0.4723779023218575,33,7852,111,543,120,8064,724,7601,289,8788,7963,99.1775147928994,7741,97.37103174603175,663,7.414656349567593,423,0.9231393461627637,7312
E02000436,Harrow,10,10,7.799240358180561,7.798958944793851,941.0,928.0,0.9572736520854528,0.9440488301119024,-0.0132248219735503,-0.0002814133867099,0.0,239.0,312,264,576,239.0,0.0,-239.0,0.0,0.0,235.0,238.0,267.0,505.0,235.0,0.0,-235.0,0.0,0.0,276.0,276.0,0.0,-276.0,0.0,0.0,211.0,211.0,0.0,-211.0,0.0,-241.0,0.0,241.0,4.0,-4.0,0.0,0.0,65.0,-65.0,0.0,0.0,0.4640776699029126,0.8940972222222222,0.5269058295964125,0.8831683168316832,concordant,concordant,0.0628281596934999,-0.010928905390539,9,17,481,4,407,443,502,131,238,945,498,8.652910052910054,-464,3.837471783295711,411,1.7227513227513227,-403,0.5478547854785478,-107,7,467,7,5666,5691,497,5453,230,6188,474,0.5282805429864253,-460,0.12300123001230012,5673,6.409502262443439,-5659,0.07711078574914593,5223
E02000437,Harrow,8,7,17.329681172257374,16.723624657534245,694.0,638.0,0.7060020345879959,0.6490335707019329,-0.056968463886063,-0.6060565147231287,99.0,249.0,568,460,1028,348.0,23.979571984435797,-150.0,17.429577464788732,138.0,271.0,549.0,428.0,977.0,409.0,38.27840327533265,-133.0,25.136612021857925,149.0,387.0,536.0,56.09241245136187,-238.0,32.391304347826086,109.0,341.0,450.0,38.04401228249744,-232.0,25.46728971962617,-17.0,197.0,214.0,17.0,61.0,14.298831290896851,7.707034557069193,6.0,-86.0,-18.048400168864426,-6.924014628199917,0.3936651583710407,0.8599221789883269,0.4761350407450523,0.8792221084953941,concordant,concordant,0.0824698823740116,0.0192999295070671,6,129,241,168,387,807,734,239,274,1541,370,20.17456197274497,-112,15.985130111524162,555,42.19078520441272,-219,0.4,-35,164,270,126,341,8617,815,8068,387,9432,434,4.694656488549619,-106,1.9032145758384589,467,4.555343511450381,-215,0.4816870144284129,7681
E02000438,Harrow,7,7,18.64691396017699,17.792472801788378,654.0,604.0,0.6653102746693794,0.6144455747711088,-0.0508646998982705,-0.8544411583886138,318.0,111.0,599,402,1001,429.0,35.26273726273726,207.0,53.08848080133556,214.0,133.0,507.0,390.0,897.0,347.0,31.73021181716834,81.0,42.209072978303745,236.0,218.0,454.0,51.39660339660339,18.0,58.70646766169154,194.0,236.0,430.0,51.041248606466,-42.0,49.743589743589745,42.0,187.0,145.0,-126.0,-82.0,-3.532525445568922,-10.879407823031812,-60.0,-24.0,-0.3553547901373903,-8.962877918101796,0.4858437146092865,0.8821178821178821,0.4465894465894466,0.8662207357859532,concordant,divergent,-0.0392542680198399,-0.0158971463319289,5,543,106,500,180,821,664,222,262,1485,649,38.75959595959596,437,66.1388550548112,680,60.60606060606061,320,0.48833709556057187,-40,8112,127,530,220,8398,724,7891,334,9122,8239,112.93839070379303,7985,96.59442724458205,750,12.78228458671344,310,0.9165646901768828,7557
E02000439,Harrow,7,6,18.815433906897393,18.49153883383268,646.0,583.0,0.6571719226856562,0.5930824008138352,-0.0640895218718209,-0.3238950730647154,201.0,344.0,660,692,1352,545.0,51.142011834319526,-143.0,30.454545454545457,227.0,260.0,589.0,600.0,1189.0,487.0,49.638351555929354,-33.0,38.53989813242784,277.0,365.0,642.0,74.78180473372781,-88.0,40.028901734104046,275.0,288.0,563.0,66.61059714045416,-13.0,45.83333333333333,109.0,281.0,172.0,110.0,-58.0,-1.5036602783901714,8.08535267788238,75.0,-79.0,-8.17120759327365,5.804431599229282,0.4591406908171861,0.8779585798816568,0.4638095238095238,0.8830950378469302,concordant,concordant,0.0046688329923376,0.0051364579652734,5,487,260,496,317,927,889,267,197,1816,747,69.72466960352423,227,52.53505933117584,813,86.58149779735683,179,0.47884615384615387,70,8719,222,658,255,9068,959,8479,359,10027,8941,193.04059040590406,8497,96.15130127922365,913,16.733818689538246,403,0.9073472701441039,8120
E02000440,Harrow,9,9,10.988669098860903,10.34400540709161,866.0,848.0,0.8809766022380467,0.8626653102746694,-0.0183112919633773,-0.6446636917692956,18.0,397.0,586,531,1117,415.0,6.397493285586392,-379.0,3.0716723549488054,10.0,371.0,435.0,502.0,937.0,381.0,3.9594450373532553,-361.0,2.2988505747126435,31.0,476.0,507.0,13.21038495971352,-445.0,5.83804143126177,42.0,315.0,357.0,14.119530416221986,-273.0,8.366533864541832,-421.0,7.0,428.0,18.0,-34.0,-2.4380482482331365,-0.7728217802361619,172.0,-150.0,0.9091454565084652,2.5284924332800625,0.4501084598698481,0.8254252461951657,0.516260162601626,0.7876200640341515,concordant,concordant,0.0661517027317778,-0.0378051821610141,8,18,763,22,739,796,823,210,292,1619,781,8.483014206300185,-745,2.261306532663317,761,10.042001235330451,-717,0.506485084306096,-82,9,791,42,9458,9509,867,9074,365,10376,800,0.6861025443330764,-782,0.09464717635923862,9500,38.284117193523514,-9416,0.07766990291262135,8709
E02000441,Harrow,8,7,17.097776022341375,16.71795202528009,702.0,639.0,0.7141403865717192,0.6500508646998983,-0.0640895218718209,-0.3798239970612833,200.0,135.0,499,382,881,335.0,30.64699205448354,65.0,40.08016032064128,130.0,119.0,438.0,298.0,736.0,249.0,21.019021739130434,11.0,29.68036529680365,156.0,187.0,343.0,33.11237230419977,-31.0,40.83769633507853,118.0,241.0,359.0,38.63858695652174,-123.0,39.59731543624161,99.0,190.0,91.0,-54.0,-86.0,-9.627970315353108,-10.399795023837632,-92.0,16.0,5.526214652321968,-1.240380898836925,0.4941002949852507,0.7695800227014756,0.4095394736842105,0.8260869565217391,divergent,divergent,-0.0845608213010402,0.0565069338202635,6,218,135,169,184,653,648,154,266,1301,353,22.621060722521136,83,33.3843797856049,353,23.90161414296695,-15,0.5,-112,161,117,142,234,7347,629,6909,331,7976,278,2.3617101303911734,44,2.1913706274669935,376,4.165997993981946,-92,0.42507645259938837,6578
E02000442,Harrow,8,8,15.935836328968527,14.42063598736521,733.0,719.0,0.745676500508647,0.7314343845371313,-0.0142421159715157,-1.5152003416033164,80.0,457.0,655,774,1429,537.0,25.584324702589225,-377.0,12.213740458015266,99.0,375.0,686.0,599.0,1285.0,474.0,28.891050583657588,-276.0,14.431486880466474,195.0,455.0,650.0,62.0888733379986,-260.0,25.1937984496124,131.0,473.0,604.0,48.22023346303502,-342.0,21.869782971619365,-283.0,111.0,394.0,101.0,-63.0,3.3067258810683633,2.217746422451208,-82.0,-46.0,-13.868639874963575,-3.3240154779930364,0.4524010109519797,0.8306508047585724,0.4397031539888683,0.8389105058365759,concordant,concordant,-0.0126978569631114,0.0082597010780034,6,164,438,234,437,910,927,255,153,1837,602,39.102885138813285,-274,18.021978021978022,671,55.665759390310285,-203,0.47289866457187746,102,154,354,185,452,9348,912,8662,313,10260,508,5.313450292397661,-200,1.647411210954215,637,8.15009746588694,-267,0.44366812227074237,8349
E02000443,Harrow,5,5,24.856736410770857,22.047791874480463,473.0,457.0,0.4811800610376399,0.4649033570701933,-0.0162767039674465,-2.8089445362903938,627.0,85.0,791,723,1514,712.0,35.20145310435932,542.0,79.26675094816687,658.0,97.0,906.0,734.0,1640.0,755.0,38.91829268292683,561.0,72.62693156732892,595.0,98.0,693.0,38.513870541611624,497.0,82.29598893499308,585.0,105.0,690.0,37.454268292682926,480.0,79.70027247956402,468.0,581.0,113.0,19.0,43.0,3.716839578567516,-6.639819380837949,-17.0,-3.0,-1.059602248928698,-2.5957164554290557,0.5067615658362989,0.928005284015852,0.5224913494809689,0.8810975609756098,concordant,concordant,0.0157297836446699,-0.0469077230402422,4,808,96,711,122,1084,949,293,226,2033,904,38.154451549434334,712,74.53874538745387,833,42.66699458927693,589,0.5204375359815774,67,10158,110,927,187,10532,1165,9626,431,11697,10268,95.52705822005642,10048,96.44891758450437,1114,14.819953834316491,740,0.902126164118784,9195
E02000444,Harrow,8,9,14.723768286857275,11.77786923426494,757.0,799.0,0.7700915564598169,0.8128179043743642,0.0427263479145473,-2.9458990525923365,109.0,268.0,484,582,1066,377.0,27.403377110694183,-159.0,22.520661157024794,85.0,361.0,502.0,645.0,1147.0,446.0,26.75239755884917,-276.0,16.93227091633466,192.0,303.0,495.0,54.574108818011254,-111.0,32.98969072164948,132.0,317.0,449.0,36.48125544899739,-185.0,20.46511627906977,-510.0,12.0,522.0,-117.0,69.0,-0.6509795518450119,-5.588390240690135,-74.0,-46.0,-18.092853369013863,-12.524574442579713,0.4323394495412844,0.8180112570356473,0.4983240223463687,0.7802964254577158,concordant,concordant,0.0659845728050843,-0.0377148315779314,7,67,584,99,549,684,785,200,203,1469,651,26.6358066712049,-517,9.7953216374269,648,36.99863852961198,-450,0.5011547344110855,-3,47,780,75,8475,8579,920,8077,275,9499,827,3.859353616170123,-733,0.5478493996969344,8550,66.91493841456996,-8400,0.08819451850271942,7802
E02000445,Harrow,6,5,23.0488439297561,21.70237862385321,533.0,468.0,0.5422177009155646,0.4760935910478128,-0.0661241098677518,-1.346465305902889,586.0,256.0,994,924,1918,842.0,78.2148070907195,330.0,58.95372233400402,474.0,245.0,816.0,782.0,1598.0,719.0,72.6720901126408,229.0,58.08823529411765,586.0,320.0,906.0,97.76850886339938,266.0,63.41991341991342,484.0,288.0,772.0,87.22903629536921,196.0,61.892583120204606,446.0,542.0,96.0,-101.0,-123.0,-5.542716978078701,-0.8654870398863679,-70.0,-134.0,-10.539472568030163,-1.5273302997088152,0.4816933638443936,0.9113660062565172,0.4822266934942991,0.9330413016270338,concordant,concordant,0.0005333296499055,0.0216752953705166,4,963,137,887,133,1342,1178,348,254,2520,1100,52.35357142857143,826,71.7585692995529,1020,46.81388888888889,754,0.5188679245283019,94,11169,113,951,175,11492,1220,10676,438,12712,11282,99.2839049716803,11056,97.18934911242604,1126,13.091960352422907,776,0.9092520954223082,10238
E02000447,Harrow,9,8,11.351524003400398,12.470775442637107,859.0,779.0,0.873855544252289,0.7924720244150559,-0.081383519837233,1.1192514392367112,34.0,257.0,346,397,743,291.0,11.76043068640646,-223.0,9.826589595375722,47.0,312.0,609.0,417.0,1026.0,359.0,14.292397660818713,-265.0,7.717569786535304,62.0,274.0,336.0,22.86406460296097,-212.0,15.617128463476073,62.0,462.0,524.0,27.91812865497076,-400.0,14.86810551558753,-169.0,94.0,263.0,-42.0,68.0,2.531966974412253,-2.1090198088404186,-188.0,188.0,5.054064052009792,-0.7490229478885428,0.4641148325358851,0.8438761776581427,0.406568516421291,0.8606237816764133,concordant,concordant,-0.0575463161145941,0.0167476040182705,8,28,514,43,460,506,601,160,204,1107,542,13.000903342366756,-486,5.533596837944664,503,17.868112014453477,-417,0.5186602870813397,-44,43,657,57,7995,8066,740,7457,323,8806,700,3.2081535316829433,-614,0.5331019092486983,8052,51.7505110152169,-7938,0.07998171846435101,7134
E02000448,Harrow,10,10,8.592813232946845,6.753953759723423,927.0,953.0,0.943031536113937,0.9694811800610376,0.0264496439471007,-1.8388594732234225,0.0,287.0,430,420,850,287.0,0.0,-287.0,0.0,0.0,260.0,414.0,377.0,791.0,260.0,0.0,-260.0,0.0,0.0,352.0,352.0,0.0,-352.0,0.0,0.0,341.0,341.0,0.0,-341.0,0.0,-258.0,0.0,258.0,27.0,-27.0,0.0,0.0,11.0,-11.0,0.0,0.0,0.4491392801251956,0.7517647058823529,0.43261231281198,0.7597977243994943,concordant,concordant,-0.0165269673132155,0.0080330185171414,9,45,529,65,555,630,651,200,231,1281,574,18.583138173302107,-484,7.142857142857142,620,28.161592505854802,-490,0.4807370184254606,-31,37,560,49,6865,6935,670,6521,293,7605,597,2.724523339907955,-523,0.5335255948089401,6914,44.232084155161076,-6816,0.07948342431101052,6228
E02000449,Harrow,7,6,19.422797812461592,18.324676744741872,629.0,585.0,0.6398779247202442,0.595116988809766,-0.0447609359104781,-1.0981210677197204,181.0,295.0,480,614,1094,476.0,48.807129798903105,-114.0,37.708333333333336,194.0,247.0,463.0,550.0,1013.0,441.0,47.3030602171767,-53.0,41.90064794816415,249.0,228.0,477.0,51.89396709323583,21.0,40.55374592833876,263.0,237.0,500.0,61.531095755182626,26.0,47.81818181818182,88.0,217.0,129.0,61.0,-35.0,-1.5040695817264051,4.1923146148308135,5.0,23.0,9.637128661946797,7.264435889843057,0.4994753410283316,0.8711151736745887,0.4686503719447396,0.928923988153998,divergent,divergent,-0.0308249690835919,0.0578088144794093,5,411,246,420,206,710,780,230,166,1490,657,67.85637583892617,165,57.887323943661976,626,58.06711409395973,214,0.5120810600155885,64,7892,203,535,210,8152,812,7689,262,8964,8095,178.72333779562695,7689,96.81059862610402,745,12.533467202141901,325,0.9157239819004525,7427
E02000451,Harrow,10,10,7.1110600265648864,7.442853752595669,961.0,940.0,0.9776195320447608,0.9562563580874872,-0.0213631739572736,0.3317937260307824,0.0,283.0,385,349,734,283.0,0.0,-283.0,0.0,0.0,281.0,432.0,343.0,775.0,281.0,0.0,-281.0,0.0,0.0,332.0,332.0,0.0,-332.0,0.0,0.0,382.0,382.0,0.0,-382.0,0.0,-296.0,0.0,296.0,2.0,-2.0,0.0,0.0,-50.0,50.0,0.0,0.0,0.4601626016260162,0.837874659400545,0.4238310708898944,0.8554838709677419,concordant,concordant,-0.0363315307361218,0.0176092115671969,10,0,520,0,555,557,528,172,179,1085,520,0.0,-520,0.0,555,0.0,-555,0.48372093023255813,-7,0,521,0,6655,6662,547,6230,204,7209,521,0.0,-521,0.0,6655,0.0,-6655,0.07260312151616499,6026
E02000452,Harrow,7,7,18.50794244463373,17.714393202737785,659.0,607.0,0.6703967446592065,0.6174974567650051,-0.0528992878942014,-0.7935492418959456,352.0,408.0,922,1021,1943,760.0,73.91456510550695,-56.0,38.17787418655097,419.0,381.0,1182.0,1003.0,2185.0,800.0,73.06132723112128,38.0,35.44839255499154,404.0,422.0,826.0,87.74472465259907,-18.0,39.5690499510284,373.0,550.0,923.0,93.89016018306636,-177.0,37.188434695912264,-89.0,364.0,453.0,94.0,40.0,-0.8532378743856697,-2.7294816315594304,-159.0,97.0,6.145435530467282,-2.3806152551161333,0.4791929382093317,0.8162635100360268,0.4643064422518862,0.788558352402746,concordant,divergent,-0.0148864959574454,-0.0277051576332808,5,783,393,718,395,1348,1331,426,310,2679,1176,114.86338185890257,390,58.08605341246291,1113,105.8641284061217,323,0.5137614678899083,116,8482,356,815,536,9239,1431,8057,428,10670,8838,282.998313027179,8126,91.80647256196558,1351,40.94095595126523,279,0.8674060261065856,7629
E02000453,Harrow,9,8,12.968723524934385,12.560251079047973,800.0,773.0,0.8138351983723296,0.7863682604272635,-0.0274669379450661,-0.4084724458864137,35.0,458.0,615,617,1232,493.0,13.011363636363637,-423.0,5.691056910569105,72.0,462.0,693.0,678.0,1371.0,534.0,24.26258205689278,-390.0,10.38961038961039,82.0,478.0,560.0,31.814935064935064,-396.0,13.290113452188008,110.0,531.0,641.0,42.60393873085339,-421.0,16.224188790560472,-206.0,164.0,370.0,33.0,41.0,11.251218420529142,4.698553479041284,-25.0,81.0,10.78900366591833,2.9340753383724643,0.4681861348528015,0.8547077922077922,0.454468085106383,0.8570386579139314,concordant,concordant,-0.0137180497464185,0.0023308657061391,7,102,631,145,774,924,804,309,187,1728,733,37.24652777777778,-529,11.03896103896104,919,64.94791666666667,-629,0.4437046004842615,122,140,782,182,8058,8251,1028,7558,350,9279,922,11.79868520314689,-642,1.6967640286025936,8240,158.0510830908503,-7876,0.10063304955249945,7208
E02000454,Harrow,10,10,5.859997226772098,5.780740514423759,975.0,968.0,0.9918616480162769,0.9847405900305188,-0.0071210579857579,-0.0792567123483385,0.0,228.0,356,319,675,228.0,0.0,-228.0,0.0,0.0,257.0,389.0,398.0,787.0,257.0,0.0,-257.0,0.0,0.0,269.0,269.0,0.0,-269.0,0.0,0.0,288.0,288.0,0.0,-288.0,0.0,-274.0,0.0,274.0,-29.0,29.0,0.0,0.0,-19.0,19.0,0.0,0.0,0.4587525150905432,0.7362962962962963,0.4715596330275229,0.6925031766200762,concordant,concordant,0.0128071179369796,-0.0437931196762201,10,0,555,0,514,525,563,169,244,1088,555,0.0,-555,0.0,514,0.0,-514,0.5191768007483629,-75,0,698,0,7242,7259,705,6870,307,7964,698,0.0,-698,0.0,7242,0.0,-7242,0.08790931989924433,6563
E02000455,Harrow,7,7,18.75759478057775,17.89532376525276,648.0,596.0,0.659206510681587,0.6063072227873856,-0.0528992878942014,-0.8622710153249926,356.0,323.0,889,939,1828,679.0,62.903719912472646,33.0,40.044994375703034,494.0,345.0,1262.0,1062.0,2324.0,839.0,73.33476764199656,149.0,39.14421553090333,410.0,336.0,746.0,75.36105032822758,74.0,43.66347177848775,465.0,500.0,965.0,100.04302925989673,-35.0,43.78531073446328,63.0,474.0,411.0,116.0,160.0,10.431047729523918,-0.9007788447997028,-109.0,219.0,24.68197893166915,0.1218389559755337,0.4764912280701754,0.7795404814004376,0.4650776053215077,0.7762478485370051,concordant,divergent,-0.0114136227486676,-0.0032926328634325,5,984,301,681,317,1511,1203,622,264,2714,1285,109.1319086219602,683,65.12243547319656,998,79.54200442151806,364,0.5628558913710031,358,10509,322,1047,483,11267,1639,10005,577,12906,10831,262.1957229195723,10187,93.272388390876,1530,39.183403068340304,564,0.8762236065043282,9428
E02000456,Harrow,8,8,15.693276985408698,14.761816315281797,737.0,711.0,0.7497456765005086,0.7232960325534079,-0.0264496439471007,-0.931460670126901,174.0,367.0,623,640,1263,541.0,50.56057007125891,-193.0,27.929373996789725,130.0,240.0,485.0,497.0,982.0,370.0,31.771894093686356,-110.0,26.804123711340207,177.0,374.0,551.0,52.41330166270784,-197.0,27.65625,185.0,287.0,472.0,54.068228105906314,-102.0,37.223340040241446,-178.0,80.0,258.0,83.0,-171.0,-18.788675977572552,-1.1252502854495177,95.0,-79.0,1.6549264431984767,9.567090040241446,0.4954212454212454,0.8646080760095012,0.4394299287410926,0.8574338085539714,concordant,concordant,-0.0559913166801527,-0.0071742674555297,6,186,367,206,367,871,895,248,255,1766,553,38.653454133635336,-181,21.354764638346726,573,42.809739524348814,-161,0.4911190053285968,-7,145,238,207,284,7692,788,7207,291,8480,383,4.069575471698113,-93,1.8850754030161208,491,6.932547169811321,-77,0.43821510297482835,6916
E02000457,Harrow,10,9,10.456103947260056,11.889864488152392,885.0,793.0,0.9003051881993896,0.8067141403865717,-0.0935910478128179,1.4337605408923366,0.0,293.0,352,358,710,293.0,0.0,-293.0,0.0,0.0,405.0,406.0,453.0,859.0,405.0,0.0,-405.0,0.0,0.0,317.0,317.0,0.0,-317.0,0.0,0.0,354.0,354.0,0.0,-354.0,0.0,-275.0,56.0,331.0,-112.0,112.0,0.0,0.0,-37.0,37.0,0.0,0.0,0.480327868852459,0.8591549295774648,0.5335968379446641,0.8835855646100116,concordant,concordant,0.053268969092205,0.0244306350325468,8,34,425,62,415,507,527,155,169,1034,459,13.97485493230174,-391,6.70611439842209,477,24.88394584139265,-353,0.49038461538461536,-14,51,593,47,6885,6967,699,6561,246,7666,644,3.9450821810592225,-542,0.7320223912731448,6932,42.211714062092355,-6838,0.0850052798310454,6315
E02000459,Harrow,7,6,20.205613783849422,20.526021327554744,611.0,517.0,0.6215666327568667,0.525940996948118,-0.0956256358087487,0.320407543705322,373.0,289.0,857,729,1586,662.0,67.96784363177805,84.0,43.52392065344224,271.0,245.0,766.0,638.0,1404.0,516.0,47.28988603988604,26.0,35.37859007832898,294.0,324.0,618.0,60.06052963430013,-30.0,40.32921810699588,277.0,359.0,636.0,70.82834757834758,-82.0,43.41692789968652,150.0,366.0,216.0,-58.0,-146.0,-20.67795759189201,-8.145330575113256,-52.0,18.0,10.767817944047444,3.0877097926906387,0.5171875,0.807061790668348,0.4479166666666667,0.8205128205128205,divergent,divergent,-0.0692708333333333,0.0134510298444724,5,684,277,501,303,1168,931,311,202,2099,961,90.26584087660791,407,58.56164383561644,804,72.32158170557409,198,0.5444759206798867,109,8608,236,610,347,9099,969,8333,331,10068,8844,201.7767183154549,8372,94.60380261567205,957,21.024036551450138,263,0.9023569023569024,8002
E02000460,Harrow,5,5,25.435099180730287,22.851053702318623,464.0,428.0,0.4720244150559511,0.4354018311291963,-0.0366225839267548,-2.584045478411664,309.0,56.0,423,596,1019,365.0,16.98135426889107,253.0,73.04964539007092,377.0,68.0,524.0,496.0,1020.0,445.0,25.133333333333333,309.0,71.94656488549617,515.0,74.0,589.0,37.399411187438666,441.0,86.40939597315436,372.0,77.0,449.0,28.08235294117647,295.0,75.0,311.0,387.0,76.0,56.0,80.0,8.151979064442262,-1.1030805045747485,-146.0,-140.0,-9.317058246262196,-11.40939597315436,0.3825995807127882,0.9362119725220804,0.4977628635346756,0.8764705882352941,concordant,concordant,0.1151632828218873,-0.0597413842867863,4,428,66,644,83,581,749,158,153,1330,494,21.2390977443609,362,73.66609294320138,727,40.189473684210526,561,0.4045864045864046,5,7031,74,623,110,7206,763,6682,267,7969,7105,65.2897477726189,6957,97.571468220927,733,8.599573346718534,513,0.9064812452156162,6415
E02000461,Harrow,9,9,10.897930963293508,9.606814901528717,870.0,873.0,0.8850457782299085,0.8880976602238047,0.0030518819938961,-1.291116061764793,46.0,380.0,699,515,1214,426.0,14.398682042833608,-334.0,6.580829756795422,49.0,507.0,653.0,599.0,1252.0,556.0,19.8426517571885,-458.0,7.503828483920367,52.0,584.0,636.0,25.01482701812191,-532.0,10.097087378640776,34.0,535.0,569.0,14.528753993610223,-501.0,5.676126878130217,-468.0,43.0,511.0,-124.0,130.0,5.443969714354891,0.9229987271249448,31.0,-67.0,-10.486073024511686,-4.420960500510558,0.4011299435028249,0.8747940691927513,0.4942222222222222,0.8985623003194888,concordant,concordant,0.0930922787193973,0.0237682311267375,8,28,717,44,1141,1220,800,521,285,2020,745,9.93861386138614,-689,2.2950819672131146,1185,24.853465346534655,-1097,0.3860103626943005,236,37,932,29,6998,7086,989,6433,390,8075,969,4.270464396284829,-895,0.5221563646627152,7027,25.132136222910216,-6969,0.1211855927963982,6043
E02000462,Harrow,8,7,16.17564232358263,16.83032523063406,726.0,635.0,0.7385554425228891,0.6459816887080366,-0.0925737538148524,0.6546829070514306,60.0,385.0,472,585,1057,445.0,21.85430463576159,-325.0,12.71186440677966,61.0,378.0,428.0,531.0,959.0,439.0,24.043795620437955,-317.0,14.252336448598127,124.0,355.0,479.0,41.64616840113529,-231.0,21.196581196581196,107.0,330.0,437.0,36.81960375391032,-223.0,20.15065913370998,-223.0,94.0,317.0,8.0,-6.0,2.1894909846763646,1.540472041818468,8.0,-42.0,-4.82656464722497,-1.0459220628712167,0.4816017316017316,0.8741721854304636,0.5011415525114156,0.913451511991658,concordant,concordant,0.0195398209096839,0.0392793265611943,6,85,383,147,346,683,775,211,190,1458,468,22.328532235939644,-298,12.445095168374817,493,34.88477366255144,-199,0.4869927159209157,21,70,374,116,328,6853,728,6425,197,7581,444,3.4533702677747,-304,1.0214504596527068,444,5.018862946840787,-212,0.5,6228
E02000463,Harrow,7,6,18.170525542769013,19.378858748953476,672.0,563.0,0.6836215666327569,0.572736520854527,-0.1108850457782298,1.208333206184463,230.0,177.0,482,529,1011,407.0,40.26706231454006,53.0,47.71784232365145,157.0,160.0,424.0,444.0,868.0,317.0,28.94009216589862,-3.0,37.028301886792455,216.0,162.0,378.0,34.611275964391695,54.0,40.831758034026464,216.0,190.0,406.0,47.28110599078341,26.0,48.64864864864865,57.0,176.0,119.0,-56.0,-90.0,-11.326970148641443,-10.689540436858998,-28.0,28.0,12.669830026391717,7.816890614622189,0.5184713375796178,0.7764589515331355,0.4384508990318119,0.8329493087557603,concordant,divergent,-0.0800204385478059,0.0564903572226248,5,444,165,432,158,693,732,211,203,1425,609,51.410526315789475,279,64.06926406926407,590,47.898947368421055,274,0.5079232693911593,8,8333,135,452,186,8597,675,8173,231,9272,8468,121.32819240724763,8198,96.92916133534955,638,9.06729939603106,266,0.9299363057324841,7942
E02000464,Havering,4,3,31.652269674469075,28.932727259946574,321.0,233.0,0.3265513733468972,0.237029501525941,-0.0895218718209562,-2.719542414522497,161.0,70.0,322,254,576,231.0,19.56597222222222,91.0,50.0,190.0,52.0,403.0,281.0,684.0,242.0,14.444444444444445,138.0,47.146401985111666,122.0,115.0,237.0,24.35763888888889,7.0,48.031496062992126,173.0,126.0,299.0,31.86842105263158,47.0,61.56583629893239,154.0,201.0,47.0,47.0,11.0,-5.121527777777777,-2.853598014888334,40.0,62.0,7.5107821637426895,13.534340235940263,0.4935897435897436,0.8125,0.4473197781885397,0.7909356725146199,concordant,concordant,-0.0462699654012038,-0.02156432748538,3,226,70,279,112,400,419,78,165,819,296,19.316239316239315,156,56.49999999999999,391,38.15384615384615,167,0.43085880640465796,-87,7438,52,459,120,7661,582,7258,301,8243,7490,46.921751789397064,7386,97.08915285210809,579,6.682033240325124,339,0.9282438963936052,6957
E02000465,Havering,4,3,29.664709032786885,28.40643022582513,369.0,251.0,0.375381485249237,0.2553407934893184,-0.1200406917599186,-1.258278806961755,189.0,73.0,445,392,837,262.0,16.483870967741936,116.0,42.47191011235955,267.0,47.0,498.0,333.0,831.0,314.0,15.101083032490974,220.0,53.6144578313253,259.0,166.0,425.0,51.36678614097969,93.0,66.07142857142857,225.0,147.0,372.0,39.8014440433213,78.0,67.56756756756756,267.0,299.0,32.0,104.0,52.0,-1.3827879352509616,11.142547718965751,-15.0,-53.0,-11.565342097658394,1.4961389961389957,0.3813682678311499,0.8207885304659498,0.4577259475218659,0.825511432009627,concordant,concordant,0.076357679690716,0.0047229015436771,3,286,72,361,157,562,527,117,135,1089,358,18.90909090909091,214,50.88967971530249,518,52.04499540863177,204,0.408675799086758,-18,8939,47,544,147,9187,685,8689,352,9872,8986,42.55804294975689,8892,97.30053336235986,691,8.100486223662886,397,0.9285935723881368,8337
E02000466,Havering,6,4,23.958434432243273,23.82434010270775,493.0,393.0,0.5015259409969481,0.3997965412004069,-0.1017293997965412,-0.1340943295355217,246.0,156.0,463,365,828,402.0,46.34782608695652,90.0,53.1317494600432,222.0,107.0,467.0,319.0,786.0,329.0,30.221374045801525,115.0,47.53747323340471,201.0,195.0,396.0,47.33695652173913,6.0,55.06849315068493,198.0,224.0,422.0,56.42748091603053,-26.0,62.06896551724138,209.0,273.0,64.0,25.0,-73.0,-16.126452041154998,-5.594276226638492,-32.0,26.0,9.0905243942914,7.000472366556451,0.5037593984962406,0.9637681159420288,0.4380825565912117,0.955470737913486,concordant,divergent,-0.0656768419050289,-0.0082973780285429,4,353,146,378,174,565,540,102,175,1105,499,46.64072398190045,207,62.477876106194685,552,59.52217194570136,204,0.4747859181731684,-73,8693,93,521,195,8936,642,8469,323,9578,8786,84.4068699102109,8600,97.28066248880931,716,10.607120484443517,326,0.924647442643654,8146
E02000467,Havering,2,1,38.93637793632687,39.52100239624269,152.0,27.0,0.1546286876907426,0.0274669379450661,-0.1271617497456764,0.5846244599158226,480.0,22.0,589,572,1161,502.0,9.095607235142118,458.0,81.49405772495756,520.0,14.0,623.0,551.0,1174.0,534.0,6.2010221465076665,506.0,83.46709470304975,536.0,52.0,588.0,24.006890611541778,484.0,93.7062937062937,505.0,56.0,561.0,24.088586030664395,449.0,91.65154264972776,563.0,563.0,0.0,48.0,32.0,-2.894585088634452,1.973036978092196,-35.0,-27.0,0.0816954191226173,-2.054751056565948,0.4605504587155963,0.9388458225667528,0.4876712328767123,0.9327086882453152,concordant,concordant,0.0271207741611159,-0.0061371343214375,2,587,22,694,55,720,754,131,182,1474,609,8.761194029850746,565,81.52777777777777,749,25.895522388059703,639,0.4484536082474227,-51,11064,14,834,64,11219,911,10596,360,12130,11078,12.769661995053585,11050,98.61841518851946,898,4.400329760923331,770,0.9250167000668003,10236
E02000468,Havering,7,6,18.727422063736828,19.320320913016655,649.0,564.0,0.6602238046795524,0.5737538148524923,-0.0864699898270601,0.5928988492798268,56.0,127.0,327,303,630,183.0,11.28888888888889,-71.0,17.12538226299694,88.0,156.0,474.0,350.0,824.0,244.0,16.660194174757283,-68.0,18.565400843881857,97.0,187.0,284.0,28.79206349206349,-90.0,32.01320132013201,140.0,304.0,444.0,51.650485436893206,-164.0,40.0,-8.0,146.0,154.0,3.0,61.0,5.371305285868393,1.4400185808849173,-74.0,160.0,22.858421944829715,7.986798679867988,0.3918629550321199,0.7412698412698413,0.3546511627906977,0.8349514563106796,concordant,concordant,-0.0372117922414222,0.0936816150408382,5,177,126,280,187,448,486,121,183,934,303,23.8779443254818,51,39.50892857142857,467,56.059957173447536,93,0.3935064935064935,-62,8138,156,497,303,8524,707,8050,357,9231,8294,137.52876178095548,7982,95.47160957297044,800,16.31361715957101,194,0.9120299098306576,7693
E02000469,Havering,4,3,29.076419810647213,27.900976050480423,382.0,267.0,0.3886063072227874,0.271617497456765,-0.1169888097660223,-1.1754437601667895,241.0,59.0,441,269,710,300.0,20.02676056338028,182.0,54.6485260770975,270.0,135.0,483.0,437.0,920.0,405.0,39.619565217391305,135.0,55.90062111801242,146.0,119.0,265.0,24.470422535211267,27.0,54.27509293680297,228.0,181.0,409.0,44.85652173913043,47.0,52.17391304347826,182.0,300.0,118.0,-47.0,105.0,19.592804654011022,1.2520950409149163,20.0,144.0,20.38609920391916,-2.101179893324712,0.5309734513274337,0.795774647887324,0.4975429975429975,0.8847826086956522,concordant,concordant,-0.0334304537844361,0.0890079608083281,3,328,59,271,119,553,413,112,144,966,387,20.03312629399586,269,59.3128390596745,390,33.38405797101449,152,0.4980694980694981,-32,6908,135,442,181,7150,661,6667,224,7811,7043,119.39316348738957,6773,96.61538461538461,623,10.24222250672129,261,0.9187320636577093,6443
E02000470,Havering,9,8,12.533976514517562,12.545078882497943,820.0,775.0,0.8341810783316378,0.7884028484231943,-0.0457782299084434,0.0111023679803832,29.0,224.0,433,343,776,253.0,8.371134020618557,-195.0,6.697459584295612,61.0,193.0,545.0,333.0,878.0,254.0,13.40888382687927,-132.0,11.192660550458717,50.0,312.0,362.0,20.10309278350515,-262.0,14.57725947521866,64.0,410.0,474.0,29.886104783599087,-346.0,19.21921921921922,-40.0,135.0,175.0,63.0,1.0,5.037749806260713,4.495200966163105,-84.0,112.0,9.783012000093937,4.641959744000559,0.4113821138211382,0.7925257731958762,0.3489010989010989,0.8291571753986332,concordant,concordant,-0.0624810149200393,0.0366314022027569,7,116,455,116,449,575,577,142,234,1152,571,45.81597222222222,-339,20.17391304347826,565,45.21180555555556,-333,0.5026408450704225,-92,134,656,136,9458,9595,802,9050,469,10397,790,8.454746561508127,-522,1.3965607087024492,9594,123.71722612292007,-9322,0.07607858243451464,8581
E02000471,Havering,10,9,9.616884296634034,9.877744046827193,900.0,865.0,0.9155645981688708,0.8799593082400814,-0.0356052899287894,0.2608597501931591,0.0,238.0,326,255,581,238.0,0.0,-238.0,0.0,0.0,179.0,445.0,204.0,649.0,179.0,0.0,-179.0,0.0,0.0,300.0,300.0,0.0,-300.0,0.0,0.0,428.0,428.0,0.0,-428.0,0.0,-131.0,20.0,151.0,59.0,-59.0,0.0,0.0,-128.0,128.0,0.0,0.0,0.4423791821561338,0.9259896729776248,0.2948929159802306,0.9352850539291218,concordant,concordant,-0.1474862661759031,0.0092953809514969,9,6,439,8,391,415,454,89,199,869,445,3.0310701956271577,-433,1.4457831325301205,399,3.5995397008055234,-383,0.5272511848341233,-110,3,468,19,7725,7742,490,7297,286,8232,471,0.17055393586005832,-465,0.03874967708602429,7744,17.829810495626823,-7706,0.05733414485696896,7011
E02000472,Havering,9,8,12.893682603181666,12.860929040017494,804.0,761.0,0.8179043743641913,0.7741607324516785,-0.0437436419125127,-0.0327535631641726,29.0,255.0,425,338,763,284.0,9.692005242463958,-226.0,6.8235294117647065,29.0,301.0,555.0,416.0,971.0,330.0,8.989701338825952,-272.0,5.225225225225225,43.0,373.0,416.0,21.02096985583224,-330.0,12.72189349112426,63.0,493.0,556.0,31.986611740473737,-430.0,15.144230769230768,-218.0,68.0,286.0,-46.0,46.0,-0.7023039036380059,-1.5983041865394814,-100.0,140.0,10.965641884641496,2.422337278106509,0.4057142857142857,0.9174311926605504,0.3724604966139955,0.9124613800205972,concordant,concordant,-0.0332537891002902,-0.0049698126399532,7,46,444,75,485,542,528,117,190,1070,490,19.08785046728972,-398,8.487084870848708,560,33.995327102803735,-410,0.4666666666666667,-73,55,661,112,9262,9335,779,8780,363,10114,716,3.59452244413684,-606,0.5891805034815212,9374,102.56515720783074,-9150,0.0709613478691774,8417
E02000473,Havering,9,9,10.599101076136836,10.984268422086853,880.0,830.0,0.8952187182095626,0.844354018311292,-0.0508646998982705,0.3851673459500162,67.0,164.0,524,368,892,231.0,12.318385650224217,-97.0,12.786259541984732,52.0,229.0,557.0,424.0,981.0,281.0,12.138634046890928,-177.0,9.33572710951526,89.0,378.0,467.0,37.7152466367713,-289.0,24.184782608695652,80.0,386.0,466.0,31.47808358817533,-306.0,18.867924528301888,-232.0,42.0,274.0,-80.0,50.0,-0.1797516033332886,-3.4505324324694726,-17.0,-1.0,-6.237163048595967,-5.316858080393764,0.330945558739255,0.7825112107623319,0.3761713520749665,0.7614678899082569,concordant,concordant,0.0452257933357115,-0.021043320854075,8,50,509,75,592,698,667,174,299,1365,559,18.644688644688646,-459,7.163323782234957,667,32.527472527472526,-517,0.4559543230016313,-125,49,684,69,10205,10330,832,9773,408,11162,733,3.0026876903780684,-635,0.47434656340755077,10274,63.08412470883354,-10136,0.06659398564549832,9365
E02000474,Havering,7,6,18.71857237684286,19.7140849938084,650.0,545.0,0.6612410986775178,0.5544252288911495,-0.1068158697863682,0.995512616965538,158.0,189.0,554,456,1010,347.0,29.566336633663365,-31.0,28.51985559566787,120.0,184.0,582.0,405.0,987.0,304.0,22.37082066869301,-64.0,20.61855670103093,160.0,279.0,439.0,44.198019801980195,-119.0,35.08771929824561,152.0,337.0,489.0,51.89868287740628,-185.0,37.53086419753087,37.0,208.0,171.0,-33.0,-43.0,-7.195515964970355,-7.901298894636941,-66.0,50.0,7.700663075426085,2.443144899285258,0.4414758269720101,0.7782178217821782,0.3833543505674653,0.8034447821681864,concordant,concordant,-0.0581214764045448,0.0252269603860081,5,293,188,362,276,687,658,133,202,1345,481,40.9546468401487,105,42.64919941775837,638,74.28401486988848,86,0.4298480786416443,-69,8559,179,503,322,9015,755,8433,350,9770,8738,156.81279426816786,8380,94.94176372712147,825,16.577891504605937,181,0.9137300010456969,8083
E02000475,Havering,9,9,11.79298544845585,11.106197636176772,843.0,826.0,0.8575788402848423,0.8402848423194303,-0.0172939979654119,-0.6867878122790767,140.0,251.0,699,475,1174,391.0,29.931856899488928,-111.0,20.028612303290416,102.0,225.0,597.0,414.0,1011.0,327.0,22.700296735905045,-123.0,17.08542713567839,133.0,428.0,561.0,48.487223168654175,-295.0,28.000000000000004,87.0,400.0,487.0,34.4213649851632,-313.0,21.014492753623188,-163.0,87.0,250.0,-12.0,-64.0,-7.231560163583882,-2.9431851676120253,-18.0,-74.0,-14.065858183490974,-6.985507246376816,0.4107142857142857,0.8109028960817717,0.4017199017199017,0.8051434223541049,concordant,concordant,-0.0089943839943839,-0.0057594737276668,8,125,566,128,672,902,757,203,282,1659,691,42.64617239300784,-441,13.858093126385809,800,51.848101265822784,-544,0.46344735077129445,-79,95,651,81,9286,9450,803,8853,389,10253,746,6.031893104457232,-556,1.0052910052910053,9367,73.36057739198283,-9205,0.07376643923662612,8464
E02000476,Havering,5,4,28.507698906405576,24.44453631522897,394.0,375.0,0.4008138351983723,0.3814852492370295,-0.0193285859613428,-4.06316259117661,509.0,195.0,842,710,1552,704.0,63.95296391752577,314.0,60.451306413301666,456.0,201.0,862.0,687.0,1549.0,657.0,59.171078114912845,255.0,52.90023201856149,463.0,287.0,750.0,85.61920103092784,176.0,65.21126760563381,461.0,347.0,808.0,103.27114267269206,114.0,67.10334788937409,300.0,478.0,178.0,-59.0,-47.0,-4.781885802612926,-7.551074394740176,-62.0,58.0,17.651941641764225,1.8920802837402848,0.484181568088033,0.9368556701030928,0.4484641638225256,0.945771465461588,concordant,concordant,-0.0357174042655074,0.0089157953584952,3,837,118,799,211,1139,1023,297,313,2162,955,45.682701202590195,719,73.48551360842845,1010,77.97826086956522,588,0.4860050890585242,-16,8744,134,931,274,9107,1145,8245,458,10252,8878,114.28950448692937,8610,96.01405512243329,1205,24.88236441669918,657,0.8804919170881682,7787
E02000477,Havering,10,10,8.542143251923077,7.530689975705081,928.0,936.0,0.9440488301119024,0.9521871820956256,0.0081383519837232,-1.0114532762179964,0.0,344.0,509,391,900,344.0,0.0,-344.0,0.0,0.0,313.0,543.0,400.0,943.0,313.0,0.0,-313.0,0.0,0.0,451.0,451.0,0.0,-451.0,0.0,0.0,505.0,505.0,0.0,-505.0,0.0,-329.0,0.0,329.0,31.0,-31.0,0.0,0.0,-54.0,54.0,0.0,0.0,0.4327044025157233,0.8833333333333333,0.382640586797066,0.8674443266171792,concordant,concordant,-0.0500638157186572,-0.0158890067161541,9,17,617,11,575,630,653,121,262,1283,634,8.175370226032737,-600,2.6984126984126986,586,4.929851909586906,-564,0.519672131147541,-141,9,713,44,9364,9400,792,8857,392,10192,722,0.6296114599686028,-704,0.09574468085106383,9408,40.425431711146,-9320,0.07127344521224087,8465
E02000478,Havering,10,10,8.915120106881904,8.183281171125694,921.0,917.0,0.9369277721261444,0.9328585961342828,-0.0040691759918616,-0.7318389357562101,0.0,173.0,269,212,481,173.0,0.0,-173.0,0.0,0.0,111.0,230.0,154.0,384.0,111.0,0.0,-111.0,0.0,0.0,236.0,236.0,0.0,-236.0,0.0,0.0,190.0,190.0,0.0,-190.0,0.0,-117.0,0.0,117.0,62.0,-62.0,0.0,0.0,46.0,-46.0,0.0,0.0,0.4229828850855746,0.8503118503118503,0.3687707641196013,0.7838541666666666,concordant,concordant,-0.0542121209659732,-0.0664576836451836,9,21,364,8,358,390,399,121,187,789,385,9.688212927756654,-343,5.384615384615385,366,3.629911280101394,-350,0.5126498002663116,-66,10,318,7,5877,5911,359,5681,205,6270,328,0.507177033492823,-308,0.16917611233293858,5884,6.561244019138756,-5870,0.05280103026400515,5476
E02000479,Havering,7,7,17.94755106589624,17.731216705803423,680.0,606.0,0.6917599186164801,0.6164801627670397,-0.0752797558494404,-0.2163343600928158,223.0,224.0,695,611,1306,447.0,38.248085758039814,-1.0,32.0863309352518,216.0,298.0,789.0,710.0,1499.0,514.0,42.94062708472315,-82.0,27.376425855513308,305.0,361.0,666.0,84.30704441041348,-56.0,49.91816693944354,299.0,457.0,756.0,91.15610406937958,-158.0,42.112676056338024,-186.0,177.0,363.0,-81.0,67.0,4.692541326683333,-4.709905079738494,-102.0,90.0,6.849059658966098,-7.805490883105513,0.4016172506738544,0.8522205206738132,0.4047244094488189,0.8472314876584389,concordant,concordant,0.0031071587749644,-0.0049890330153742,5,464,224,470,358,931,776,236,165,1707,688,60.888107791446984,240,49.838882921589686,828,98.57059168131224,112,0.45382585751978893,71,8660,287,728,456,9230,1138,8441,428,10368,8947,239.72029320987653,8373,93.82448537378116,1184,32.01851851851852,272,0.8831309841081828,8013
E02000480,Havering,7,6,18.058340755487496,20.27139518476056,676.0,529.0,0.6876907426246185,0.5381485249237029,-0.1495422177009155,2.2130544292730647,166.0,292.0,775,565,1340,458.0,36.17313432835821,-126.0,21.41935483870968,203.0,424.0,1097.0,860.0,1957.0,627.0,43.98160449667859,-221.0,18.505013673655423,189.0,448.0,637.0,63.188059701492534,-259.0,33.45132743362832,293.0,750.0,1043.0,112.28921819110884,-457.0,34.06976744186046,-68.0,341.0,409.0,-95.0,169.0,7.808470168320383,-2.9143411650542568,-198.0,406.0,49.10115848961631,0.6184400082321417,0.4182648401826484,0.8171641791044776,0.3754491017964071,0.85334695963209,concordant,concordant,-0.0428157383862412,0.0361827805276123,5,429,289,454,443,1030,823,255,258,1853,718,66.90825688073394,140,41.650485436893206,897,108.53858607663248,11,0.44458204334365325,-3,12570,418,881,743,13446,1441,12349,581,14887,12988,352.9428360314368,12152,93.48505131637663,1624,43.97010814804863,138,0.8888584724883657,11768
E02000481,Havering,10,9,10.14632502181445,10.084414704408818,892.0,858.0,0.9074262461851476,0.8728382502543235,-0.034587995930824,-0.0619103174056316,0.0,134.0,301,190,491,134.0,0.0,-134.0,0.0,0.0,152.0,359.0,235.0,594.0,152.0,0.0,-152.0,0.0,0.0,220.0,220.0,0.0,-220.0,0.0,0.0,285.0,285.0,0.0,-285.0,0.0,-36.0,71.0,107.0,-18.0,18.0,0.0,0.0,-65.0,65.0,0.0,0.0,0.3785310734463277,0.7209775967413442,0.3478260869565217,0.7356902356902357,concordant,concordant,-0.0307049864898059,0.0147126389488915,8,81,305,56,318,464,411,163,221,875,386,28.234285714285715,-224,17.45689655172414,374,20.352,-262,0.5078947368421053,-58,73,443,83,7918,8062,570,7703,335,8632,516,3.7464087117701577,-370,0.9054825105432895,8001,76.13461538461539,-7835,0.060584712927087,7368
E02000482,Havering,10,10,4.041717029237023,4.255190534915986,983.0,982.0,1.0,0.9989827060020344,-0.0010172939979654,0.2134735056789631,0.0,138.0,260,238,498,138.0,0.0,-138.0,0.0,0.0,130.0,289.0,193.0,482.0,130.0,0.0,-130.0,0.0,0.0,178.0,178.0,0.0,-178.0,0.0,0.0,201.0,201.0,0.0,-201.0,0.0,-162.0,0.0,162.0,8.0,-8.0,0.0,0.0,-23.0,23.0,0.0,0.0,0.4367088607594936,0.6345381526104418,0.3927492447129909,0.6867219917012448,concordant,concordant,-0.0439596160465027,0.052183839090803,10,0,361,0,369,394,401,134,163,795,361,0.0,-361,0.0,369,0.0,-369,0.4945205479452055,-29,0,407,0,6467,6490,423,6201,230,6913,407,0.0,-407,0.0,6467,0.0,-6467,0.05920861216176899,5971
E02000483,Havering,8,8,15.335399350932493,14.033308571428572,744.0,729.0,0.7568667344862665,0.7416073245167853,-0.0152594099694811,-1.3020907795039207,186.0,138.0,469,396,865,324.0,29.67398843930636,48.0,39.6588486140725,196.0,140.0,520.0,350.0,870.0,336.0,31.54022988505747,56.0,37.69230769230769,220.0,255.0,475.0,64.85549132947978,-35.0,55.55555555555556,189.0,280.0,469.0,60.827586206896555,-91.0,54.0,24.0,177.0,153.0,8.0,12.0,1.8662414457511112,-1.966540921764803,-56.0,-6.0,-4.0279051225832205,-1.5555555555555571,0.4055068836045056,0.923699421965318,0.417391304347826,0.9252873563218392,divergent,divergent,0.0118844207433204,0.0015879343565211,6,188,136,222,254,643,620,174,224,1263,324,20.243863816310373,52,29.237947122861584,476,44.64608076009501,-32,0.405,-50,203,136,191,279,7877,646,7357,296,8523,339,3.23923501114631,67,2.577123270280564,470,6.252375923970433,-88,0.41903584672435107,7061
E02000484,Havering,9,9,11.561316154653005,11.676795565042095,849.0,802.0,0.8636826042726348,0.8158697863682605,-0.0478128179043743,0.1154794103890921,48.0,205.0,364,306,670,253.0,14.686567164179104,-157.0,13.186813186813188,41.0,151.0,470.0,314.0,784.0,192.0,7.896683673469388,-110.0,8.72340425531915,52.0,251.0,303.0,19.480597014925372,-199.0,16.99346405228758,76.0,360.0,436.0,34.89795918367347,-284.0,24.203821656050955,-130.0,38.0,168.0,47.0,-61.0,-6.789883490709716,-4.463408931494039,-85.0,133.0,15.4173621687481,7.210357603763374,0.4550359712230216,0.8298507462686567,0.3057324840764331,0.8010204081632653,concordant,concordant,-0.1493034871465884,-0.0288303381053914,8,48,420,43,394,485,517,121,211,1002,468,20.119760479041915,-372,9.896907216494846,437,16.90818363273453,-351,0.5171270718232044,-90,37,483,66,8280,8371,627,7901,313,8998,520,1.9861080240053346,-446,0.4420021502807311,8346,60.733496332518335,-8214,0.05865102639296188,7588
E02000485,Havering,9,9,11.620637074630604,10.011951607078368,847.0,859.0,0.861648016276704,0.873855544252289,0.0122075279755849,-1.6086854675522364,114.0,158.0,430,317,747,272.0,24.11244979919679,-44.0,26.51162790697674,125.0,193.0,497.0,398.0,895.0,318.0,26.955307262569832,-68.0,25.15090543259557,104.0,268.0,372.0,37.31191432396252,-164.0,32.80757097791798,140.0,297.0,437.0,46.45810055865922,-157.0,35.175879396984925,-118.0,102.0,220.0,-24.0,46.0,2.8428574633730435,-1.36072247438117,7.0,65.0,9.1461862346967,2.368308419066942,0.422360248447205,0.8621151271753681,0.4211920529801324,0.8435754189944135,concordant,concordant,-0.0011681954670725,-0.0185397081809546,8,106,384,77,439,587,531,157,214,1118,490,36.40787119856887,-278,18.05792163543441,516,30.235241502683362,-362,0.4870775347912525,-57,104,545,111,8140,8326,727,7829,329,9053,649,6.260907986302883,-441,1.249099207302426,8251,99.8055893074119,-8029,0.07292134831460674,7500
E02000486,Havering,9,9,10.881563319576433,9.982827412513256,871.0,860.0,0.8860630722278738,0.8748728382502543,-0.0111902339776195,-0.8987359070631751,57.0,178.0,366,304,670,235.0,15.143283582089552,-121.0,15.57377049180328,50.0,188.0,441.0,306.0,747.0,238.0,12.583668005354752,-138.0,11.337868480725623,65.0,248.0,313.0,24.05970149253731,-183.0,21.38157894736842,73.0,332.0,405.0,32.44444444444444,-259.0,23.8562091503268,-144.0,47.0,191.0,-17.0,3.0,-2.559615576734799,-4.235902011077657,-76.0,92.0,8.384742951907132,2.47463020295838,0.4288321167883211,0.817910447761194,0.3701399688958009,0.8607764390896921,concordant,concordant,-0.0586921478925202,0.0428659913284981,8,47,365,53,367,475,477,109,173,952,412,18.019957983193276,-318,9.894736842105264,420,20.43172268907563,-314,0.4951923076923077,-64,46,396,57,7157,7250,510,6809,204,7760,442,2.3474226804123712,-350,0.6344827586206896,7214,52.57074742268041,-7100,0.0577324973876698,6605
E02000487,Havering,10,10,4.533937124697182,5.735804123711341,980.0,969.0,0.9969481180061036,0.9857578840284842,-0.0111902339776195,1.2018669990141584,0.0,192.0,300,261,561,192.0,0.0,-192.0,0.0,0.0,136.0,338.0,196.0,534.0,136.0,0.0,-136.0,0.0,0.0,221.0,221.0,0.0,-221.0,0.0,0.0,236.0,236.0,0.0,-236.0,0.0,-158.0,0.0,158.0,56.0,-56.0,0.0,0.0,-15.0,15.0,0.0,0.0,0.4648910411622276,0.7361853832442068,0.3655913978494624,0.6966292134831461,concordant,concordant,-0.0992996433127652,-0.0395561697610606,10,0,461,0,395,433,487,133,226,920,461,0.0,-461,0.0,395,0.0,-395,0.5385514018691588,-93,0,443,0,7807,7823,466,7485,270,8289,443,0.0,-443,0.0,7807,0.0,-7807,0.053696969696969694,7215
E02000488,Havering,10,10,8.38724152079128,7.570462317666126,931.0,935.0,0.9471007121057986,0.9511698880976602,0.0040691759918616,-0.8167792031251535,0.0,208.0,319,271,590,208.0,0.0,-208.0,0.0,0.0,177.0,493.0,215.0,708.0,177.0,0.0,-177.0,0.0,0.0,295.0,295.0,0.0,-295.0,0.0,0.0,446.0,446.0,0.0,-446.0,0.0,-182.0,0.0,182.0,31.0,-31.0,0.0,0.0,-151.0,151.0,0.0,0.0,0.4135188866799205,0.8525423728813559,0.2841091492776886,0.8799435028248588,concordant,concordant,-0.1294097374022318,0.0274011299435028,9,6,376,24,381,405,432,86,161,837,382,2.695340501792115,-370,1.4814814814814816,405,10.924731182795698,-357,0.48538754764930114,-75,7,408,25,7436,7467,440,6974,225,7907,415,0.3611989376501834,-401,0.09374581491897684,7461,23.510813203490578,-7411,0.0526917216861351,6749
E02000489,Havering,8,7,16.73481740398275,16.104637425506557,710.0,656.0,0.7222787385554426,0.6673448626653102,-0.0549338758901323,-0.6301799784761926,90.0,213.0,345,357,702,303.0,27.307692307692307,-123.0,26.08695652173913,90.0,213.0,432.0,424.0,856.0,303.0,22.39485981308411,-123.0,20.833333333333336,114.0,209.0,323.0,33.94017094017094,-95.0,31.932773109243698,141.0,326.0,467.0,53.69859813084112,-185.0,33.25471698113208,-90.0,99.0,189.0,0.0,0.0,-4.912832494608196,-5.253623188405793,-90.0,144.0,19.758427190670183,1.3219438718883794,0.4840255591054313,0.8917378917378918,0.3935064935064935,0.8995327102803738,concordant,concordant,-0.0905190655989378,0.007794818542482,6,92,210,115,208,475,534,130,177,1009,302,19.14767096134787,-118,19.36842105263158,323,23.706640237859265,-93,0.4832,-47,91,213,144,325,8513,713,8081,289,9226,304,2.100910470409712,-122,1.06895336544109,469,5.072620854107956,-181,0.39327296248382926,7792
E02000490,Havering,8,7,15.982245056208482,16.426926692432364,732.0,645.0,0.7446592065106816,0.6561546286876907,-0.0885045778229909,0.4446816362238817,79.0,198.0,362,310,672,277.0,23.276785714285715,-119.0,21.823204419889503,69.0,249.0,449.0,379.0,828.0,318.0,20.75,-180.0,15.367483296213807,80.0,259.0,339.0,30.833333333333332,-179.0,25.806451612903224,94.0,328.0,422.0,37.23671497584541,-234.0,24.80211081794195,-126.0,88.0,214.0,-61.0,41.0,-2.5267857142857153,-6.455721123675696,-55.0,83.0,6.403381642512077,-1.0043407949612728,0.4496753246753247,0.9166666666666666,0.4297297297297297,0.893719806763285,concordant,concordant,-0.0199455949455949,-0.0229468599033816,6,79,198,81,259,465,512,103,202,977,277,16.01023541453429,-119,16.989247311827956,340,21.472876151484137,-178,0.44894651539708263,-99,72,249,98,328,8346,675,7897,296,9021,321,1.9873628200864648,-177,0.8626887131560028,426,3.5632413257953663,-230,0.42971887550200805,7601
E02000491,Havering,5,4,26.95842594720145,27.16120471170396,430.0,296.0,0.4374364191251271,0.301119023397762,-0.1363173957273651,0.2027787645025078,273.0,84.0,504,298,802,357.0,28.59351620947631,189.0,54.166666666666664,413.0,146.0,966.0,449.0,1415.0,559.0,42.613427561837455,267.0,42.7536231884058,196.0,196.0,392.0,47.900249376558605,0.0,65.77181208053692,278.0,506.0,784.0,99.41201413427562,-228.0,61.915367483296215,302.0,423.0,121.0,78.0,202.0,14.019911352361143,-11.413043478260867,-228.0,392.0,51.51176475771702,-3.856444597240703,0.4766355140186916,0.9339152119700748,0.4162323157110946,0.9491166077738517,zero,divergent,-0.0604031983075969,0.0152013958037767,3,404,55,457,154,622,553,118,255,1175,459,18.91063829787234,349,64.95176848874597,611,59.89617021276596,303,0.4289719626168224,-137,9956,79,649,385,10478,802,9512,353,11280,10035,69.727304964539,9877,95.01813323153273,1034,22.151152482269502,264,0.9065859607913994,9159
E02000492,Havering,9,8,12.333543446269132,14.378710185185184,827.0,720.0,0.8413021363173957,0.7324516785350966,-0.108850457782299,2.04516673891605,6.0,90.0,169,135,304,96.0,1.7763157894736843,-84.0,3.5502958579881656,18.0,126.0,314.0,175.0,489.0,144.0,4.638036809815951,-108.0,5.7324840764331215,19.0,159.0,178.0,9.9375,-140.0,14.074074074074074,23.0,268.0,291.0,12.605316973415134,-245.0,13.142857142857142,-74.0,47.0,121.0,-24.0,48.0,2.8617210203422667,2.182188218444956,-105.0,113.0,2.6678169734151336,-0.931216931216932,0.3503649635036496,0.9013157894736842,0.3310344827586207,0.8895705521472392,concordant,concordant,-0.0193304807450289,-0.0117452373264449,7,9,249,41,267,277,296,108,161,573,258,3.910994764397906,-240,3.2490974729241873,308,19.104712041884817,-226,0.4558303886925795,-53,43,396,46,6702,6751,448,6437,273,7199,439,2.365328517849701,-353,0.6369426751592357,6748,42.82428115015974,-6656,0.06108251008765827,6164
E02000493,Havering,6,5,21.88894905797102,22.68113882063882,568.0,436.0,0.5778229908443541,0.4435401831129196,-0.1342828077314344,0.7921897626678032,119.0,152.0,306,295,601,271.0,30.09650582362729,-33.0,38.88888888888889,131.0,148.0,393.0,361.0,754.0,279.0,25.713527851458885,-17.0,33.33333333333333,117.0,178.0,295.0,34.6522462562396,-61.0,39.66101694915255,213.0,238.0,451.0,67.23342175066313,-25.0,59.0027700831025,9.0,151.0,142.0,16.0,8.0,-4.382977972168405,-5.555555555555564,36.0,156.0,32.581175494423526,19.34175313394995,0.4787985865724382,0.9417637271214644,0.3821917808219178,0.9681697612732096,concordant,concordant,-0.0966068057505203,0.0264060341517452,4,231,139,269,163,418,441,112,146,859,370,37.37951105937136,92,55.26315789473685,432,51.04423748544819,106,0.4613466334164589,-34,6361,144,497,223,6617,645,6224,284,7262,6505,126.13384742495181,6217,96.13117727066647,720,15.261773616083724,274,0.9003460207612457,5940
E02000494,Hillingdon,10,9,9.739677820430538,10.106611194131233,897.0,857.0,0.9125127161749744,0.8718209562563581,-0.0406917599186164,0.3669333737006948,0.0,278.0,447,326,773,278.0,0.0,-278.0,0.0,0.0,219.0,450.0,257.0,707.0,219.0,0.0,-219.0,0.0,0.0,364.0,364.0,0.0,-364.0,0.0,0.0,385.0,385.0,0.0,-385.0,0.0,-89.0,63.0,152.0,59.0,-59.0,0.0,0.0,-21.0,21.0,0.0,0.0,0.4330218068535825,0.8305304010349288,0.3625827814569536,0.8543140028288543,concordant,concordant,-0.0704390253966288,0.0237836017939254,9,13,620,10,712,791,662,344,336,1453,633,5.547143840330351,-607,1.643489254108723,722,4.9002064693737095,-702,0.46715867158671587,8,11,537,4,7772,7820,574,7370,317,8394,548,0.7037169406719085,-526,0.14066496163682865,7776,3.703597807958065,-7768,0.06583373378183566,7053
E02000495,Hillingdon,8,9,14.711178146310566,11.829189879612413,758.0,798.0,0.7711088504577823,0.8118006103763988,0.0406917599186165,-2.881988266698153,247.0,189.0,615,474,1089,436.0,42.86776859504132,58.0,40.16260162601626,187.0,222.0,593.0,485.0,1078.0,409.0,38.51020408163265,-35.0,31.534569983136596,211.0,265.0,476.0,51.34527089072544,-54.0,44.51476793248945,179.0,296.0,475.0,49.15027829313544,-117.0,36.907216494845365,-238.0,88.0,326.0,-93.0,-27.0,-4.3575645134086685,-8.628031642879666,-63.0,-1.0,-2.1949925975899944,-7.607551437644084,0.4780701754385965,0.837465564738292,0.4626696832579186,0.8200371057513914,divergent,concordant,-0.0154004921806779,-0.0174284589869005,7,197,637,162,773,1031,859,416,385,1890,834,66.3962962962963,-440,19.107662463627545,935,66.25714285714285,-611,0.4714527981910684,31,154,847,155,9962,10166,1033,9573,548,11199,1001,11.647289936601481,-693,1.5148534330120007,10117,137.8792749352621,-9807,0.09003417880913833,9025
E02000496,Hillingdon,7,6,20.147449370185157,19.60660974311194,613.0,552.0,0.6236012207527976,0.5615462868769074,-0.0620549338758901,-0.5408396270732183,169.0,101.0,345,241,586,270.0,29.127986348122867,68.0,48.98550724637681,168.0,82.0,337.0,213.0,550.0,250.0,25.047272727272727,86.0,49.85163204747774,129.0,143.0,272.0,31.47952218430034,-14.0,53.52697095435685,108.0,138.0,246.0,27.098181818181818,-30.0,50.70422535211267,126.0,190.0,64.0,18.0,-20.0,-4.08071362085014,0.8661248011009306,-16.0,-26.0,-4.381340366118522,-2.8227456022441757,0.4981549815498155,0.924914675767918,0.5040322580645161,0.901818181818182,divergent,divergent,0.0058772765147006,-0.0230964939497362,5,430,100,469,141,606,580,261,339,1186,530,36.25632377740303,330,70.95709570957096,610,55.75801011804384,328,0.4649122807017544,-78,7456,82,517,134,7624,621,7287,408,8245,7538,74.15306246209825,7374,97.79643231899266,651,8.402425712553063,383,0.9205031139333252,6879
E02000497,Hillingdon,8,8,15.445614794231446,14.297503837422983,742.0,722.0,0.7548321464903357,0.7344862665310274,-0.0203458799593082,-1.1481109568084626,304.0,165.0,773,374,1147,469.0,43.73147340889276,139.0,39.32729624838293,141.0,147.0,483.0,411.0,894.0,288.0,23.184563758389263,-6.0,29.19254658385093,149.0,350.0,499.0,45.4664341761116,-201.0,39.839572192513366,180.0,237.0,417.0,47.718120805369125,-57.0,43.79562043795621,2.0,170.0,168.0,-145.0,-181.0,-20.546909650503498,-10.134749664532,144.0,-82.0,2.2516866292575273,3.956048245442844,0.484504132231405,0.8439407149084568,0.4085106382978723,0.7885906040268457,divergent,concordant,-0.0759934939335326,-0.0553501108816111,6,341,163,176,339,940,630,167,256,1570,504,35.40318471337579,178,36.27659574468085,515,38.00254777070064,-163,0.4946025515210991,-89,179,147,207,230,9394,838,8911,427,10232,326,2.5716379984362785,32,1.9054715776027253,437,4.653049257232213,-23,0.4272608125819135,8484
E02000498,Hillingdon,9,9,13.341375693355484,11.364950115626032,787.0,814.0,0.8006103763987793,0.8280773143438453,0.027466937945066,-1.9764255777294508,105.0,180.0,327,295,622,285.0,30.385852090032156,-75.0,32.11009174311927,78.0,135.0,299.0,229.0,528.0,213.0,19.943181818181817,-57.0,26.08695652173913,99.0,176.0,275.0,28.012861736334404,-77.0,33.559322033898304,70.0,178.0,248.0,23.598484848484848,-108.0,30.567685589519648,-32.0,97.0,129.0,18.0,-72.0,-10.44267027185034,-6.023135221380141,-31.0,-27.0,-4.414376887849556,-2.9916364443786563,0.5089285714285714,0.9003215434083601,0.4620390455531453,0.8731060606060606,concordant,concordant,-0.046889525875426,-0.0272154828022995,7,121,381,104,272,438,517,111,222,955,502,48.273298429319375,-260,27.62557077625571,376,29.620942408376962,-168,0.571753986332574,-111,89,371,74,6147,6282,472,5983,243,6754,460,4.888806633106308,-282,1.416746259153136,6221,67.34942256440628,-6073,0.06885196826822332,5740
E02000499,Hillingdon,10,10,9.072812413135866,7.166763415892673,916.0,946.0,0.9318413021363174,0.9623601220752798,0.0305188199389623,-1.906048997243193,0.0,226.0,365,310,675,226.0,0.0,-226.0,0.0,0.0,167.0,396.0,252.0,648.0,167.0,0.0,-167.0,0.0,0.0,261.0,261.0,0.0,-261.0,0.0,0.0,293.0,293.0,0.0,-293.0,0.0,-163.0,0.0,163.0,59.0,-59.0,0.0,0.0,-32.0,32.0,0.0,0.0,0.4640657084188911,0.7214814814814815,0.3630434782608696,0.7098765432098766,concordant,concordant,-0.1010222301580215,-0.0116049382716049,9,20,472,17,444,509,553,144,243,1062,492,8.88888888888889,-452,3.9292730844793713,461,7.107344632768362,-427,0.5162644281217209,-99,18,485,27,7551,7639,565,7243,313,8204,503,1.0641150658215504,-467,0.23563293624820006,7578,24.85092637737689,-7524,0.06224477168667244,6930
E02000500,Hillingdon,10,10,8.476240939331086,7.238890310786106,930.0,944.0,0.9460834181078333,0.960325534079349,0.0142421159715158,-1.237350628544981,0.0,326.0,548,415,963,326.0,0.0,-326.0,0.0,0.0,292.0,541.0,363.0,904.0,292.0,0.0,-292.0,0.0,0.0,390.0,390.0,0.0,-390.0,0.0,0.0,408.0,408.0,0.0,-408.0,0.0,-284.0,0.0,284.0,34.0,-34.0,0.0,0.0,-18.0,18.0,0.0,0.0,0.4553072625698324,0.7435098650051921,0.4171428571428571,0.7743362831858407,concordant,concordant,-0.0381644054269752,0.0308264181806485,9,22,609,22,697,797,682,249,267,1479,631,9.058823529411764,-587,2.7603513174404015,719,10.367816091954023,-675,0.4674074074074074,-18,30,699,3,8063,8156,744,7615,381,8900,729,2.356179775280899,-669,0.3678273663560569,8066,2.717865168539326,-8060,0.08288800454803866,7234
E02000501,Hillingdon,10,10,9.131134317933794,8.764077150633062,915.0,905.0,0.930824008138352,0.920651068158698,-0.010172939979654,-0.3670571673007323,0.0,238.0,446,368,814,238.0,0.0,-238.0,0.0,0.0,297.0,488.0,434.0,922.0,297.0,0.0,-297.0,0.0,0.0,330.0,330.0,0.0,-330.0,0.0,0.0,389.0,389.0,0.0,-389.0,0.0,-278.0,0.0,278.0,-59.0,59.0,0.0,0.0,-59.0,59.0,0.0,0.0,0.4190140845070422,0.6977886977886978,0.4329446064139942,0.7440347071583514,concordant,concordant,0.0139305219069519,0.0462460093696536,9,25,496,21,531,610,589,164,221,1199,521,10.341951626355296,-471,4.098360655737705,552,9.300250208507089,-510,0.48555452003727867,-57,20,709,27,8291,8352,803,7864,369,9155,729,1.5488803932277444,-689,0.23946360153256704,8318,24.45188421627526,-8264,0.08057919752404112,7495
E02000502,Hillingdon,9,10,12.426557504925784,8.720309584393554,825.0,906.0,0.8392675483214649,0.9216683621566631,0.0824008138351983,-3.706247920532231,154.0,289.0,619,474,1093,443.0,40.71912168344007,-135.0,24.878836833602584,133.0,186.0,581.0,350.0,931.0,319.0,26.571428571428573,-53.0,22.89156626506024,146.0,436.0,582.0,58.239707227813355,-290.0,30.801687763713083,122.0,405.0,527.0,53.07196562835661,-283.0,34.85714285714286,-236.0,0.0,236.0,82.0,-124.0,-14.1476931120115,-1.9872705685423424,7.0,-55.0,-5.167741599456747,4.055455093429778,0.4321951219512195,0.937785910338518,0.3770685579196217,0.9087003222341568,concordant,concordant,-0.0551265640315977,-0.029085588104361,7,171,604,158,625,844,811,225,337,1655,775,62.40725075528701,-433,20.260663507109005,783,59.66767371601208,-467,0.49743260590500643,-112,146,641,126,8543,8730,819,8149,469,9549,787,9.80060739344434,-495,1.6723940435280642,8669,112.72573044297832,-8417,0.08322758037225042,7680
E02000503,Hillingdon,10,10,10.092731357667484,8.012564690468391,893.0,923.0,0.9084435401831128,0.9389623601220752,0.0305188199389623,-2.0801666671990926,0.0,280.0,467,414,881,280.0,0.0,-280.0,0.0,0.0,242.0,492.0,368.0,860.0,242.0,0.0,-242.0,0.0,0.0,383.0,383.0,0.0,-383.0,0.0,0.0,403.0,403.0,0.0,-403.0,0.0,-222.0,0.0,222.0,38.0,-38.0,0.0,0.0,-20.0,20.0,0.0,0.0,0.4223227752639517,0.7525539160045402,0.3751937984496124,0.75,concordant,concordant,-0.0471289768143393,-0.0025539160045402,8,84,561,134,653,757,699,290,285,1456,645,32.36538461538461,-477,11.096433289299867,787,60.097527472527474,-519,0.4504189944134078,5,89,666,124,8421,8522,805,8030,437,9327,755,6.3550981022836925,-577,1.0443557850269891,8545,111.95496944355098,-8297,0.08118279569892473,7593
E02000504,Hillingdon,10,10,6.8963228225413165,6.065078778135049,964.0,964.0,0.9806714140386572,0.9806714140386572,0.0,-0.8312440444062679,0.0,201.0,355,299,654,201.0,0.0,-201.0,0.0,0.0,154.0,380.0,202.0,582.0,154.0,0.0,-154.0,0.0,0.0,267.0,267.0,0.0,-267.0,0.0,0.0,319.0,319.0,0.0,-319.0,0.0,-140.0,0.0,140.0,47.0,-47.0,0.0,0.0,-52.0,52.0,0.0,0.0,0.4294871794871794,0.7155963302752294,0.3255813953488372,0.8127147766323024,concordant,concordant,-0.1039057841383422,0.097118446357073,10,0,575,0,514,523,579,168,280,1102,575,0.0,-575,0.0,514,0.0,-514,0.5280073461891643,-112,0,545,0,7526,7526,546,7146,344,8072,545,0.0,-545,0.0,7526,0.0,-7526,0.06752570932969892,6802
E02000506,Hillingdon,10,10,9.608349342527514,8.406718039413846,901.0,914.0,0.9165818921668362,0.9298067141403866,0.0132248219735504,-1.2016313031136685,0.0,273.0,371,332,703,273.0,0.0,-273.0,0.0,0.0,247.0,421.0,292.0,713.0,247.0,0.0,-247.0,0.0,0.0,312.0,312.0,0.0,-312.0,0.0,0.0,347.0,347.0,0.0,-347.0,0.0,-233.0,0.0,233.0,26.0,-26.0,0.0,0.0,-35.0,35.0,0.0,0.0,0.4666666666666667,0.8321479374110953,0.4158249158249158,0.8330995792426368,concordant,concordant,-0.0508417508417508,0.0009516418315415,9,36,527,29,544,597,581,226,249,1178,563,16.105263157894736,-491,6.030150753768844,573,13.392190152801358,-515,0.49559859154929575,-23,42,577,31,7821,7890,618,7469,326,8508,619,2.8483779971791257,-535,0.532319391634981,7852,28.49682651622003,-7790,0.07307283673710306,7143
E02000507,Hillingdon,8,9,13.75493844567544,11.403054127198915,781.0,811.0,0.7945066124109867,0.8250254323499492,0.0305188199389624,-2.3518843184765217,101.0,228.0,415,368,783,329.0,29.409961685823756,-127.0,24.33734939759036,87.0,180.0,420.0,297.0,717.0,267.0,21.84100418410042,-93.0,20.714285714285715,67.0,260.0,327.0,22.247765006385695,-193.0,18.206521739130434,67.0,279.0,346.0,26.07112970711297,-212.0,22.55892255892256,-157.0,59.0,216.0,34.0,-62.0,-7.568957501723336,-3.6230636833046432,-19.0,19.0,3.823364700727275,4.352400819792127,0.5015243902439024,0.8378033205619413,0.4355628058727569,0.8549511854951185,concordant,concordant,-0.0659615843711454,0.0171478649331772,7,82,546,55,472,588,617,173,249,1205,628,37.155186721991704,-464,13.945578231292515,527,21.543568464730292,-417,0.5437229437229437,-76,67,561,62,7988,8082,640,7662,343,8722,628,4.3094473744554005,-494,0.8290027220984905,8050,56.782389360238476,-7926,0.07236690481677806,7319
E02000508,Hillingdon,7,8,18.23729852897911,14.742132807654825,667.0,712.0,0.6785350966429298,0.7243133265513734,0.0457782299084436,-3.4951657213242857,345.0,1280.0,1244,1796,3040,1625.0,145.26315789473685,-935.0,27.733118971061092,401.0,1008.0,1441.0,1265.0,2706.0,1409.0,149.37472283813747,-607.0,27.82789729354615,418.0,779.0,1197.0,107.1125,-361.0,23.2739420935412,211.0,877.0,1088.0,68.3839615668884,-666.0,16.679841897233203,-854.0,229.0,1083.0,328.0,-216.0,4.111564943400623,0.0947783224850589,-305.0,-109.0,-38.728538433111595,-6.594100196307998,0.5758327427356484,0.9282894736842106,0.5642771325590709,0.9227642276422764,concordant,concordant,-0.0115556101765775,-0.0055252460419341,5,2266,1269,1030,763,3159,2402,1915,606,5561,3535,517.0929688904873,997,71.73156062044951,1793,141.32170472936522,267,0.663475975975976,1309,10538,992,1023,861,11562,2073,10121,808,13635,11530,766.6810414374771,9546,91.14340079571008,1884,64.5986798679868,162,0.8595497241687788,9313
E02000509,Hillingdon,4,7,28.634455010224947,15.670591191838763,392.0,674.0,0.3987792472024415,0.6856561546286877,0.2868769074262461,-12.963863818386182,1404.0,143.0,1797,931,2728,1547.0,73.59677419354838,1261.0,78.13021702838063,1326.0,97.0,1694.0,849.0,2543.0,1423.0,50.57884388517499,1229.0,78.27626918536009,684.0,243.0,927.0,60.92815249266862,441.0,73.46938775510205,638.0,220.0,858.0,55.19465198584349,418.0,75.1472320376914,205.0,699.0,494.0,-32.0,-124.0,-23.01793030837339,0.146052156979465,-23.0,-69.0,-5.733500506825131,1.6778442825893478,0.6253031527890056,0.906891495601173,0.623849188952214,0.8969720802202124,concordant,concordant,-0.0014539638367916,-0.0099194153809606,3,2629,141,1118,235,3105,1428,1308,497,4533,2770,81.77564526803441,2488,84.66988727858293,1353,57.95940878005736,883,0.6718408925539655,811,9640,90,1123,207,10075,1389,8381,540,11464,9730,75.68039078855548,9550,95.68238213399503,1330,20.27747732030705,916,0.879746835443038,7841
E02000510,Hillingdon,8,7,16.000113752837617,15.972845480386583,730.0,665.0,0.7426246185147508,0.676500508646999,-0.0661241098677518,-0.0272682724510335,116.0,397.0,779,532,1311,513.0,35.12738367658276,-281.0,14.890885750962774,60.0,383.0,575.0,487.0,1062.0,443.0,21.638418079096045,-323.0,10.434782608695652,66.0,591.0,657.0,29.752860411899313,-525.0,12.406015037593985,65.0,438.0,503.0,26.807909604519775,-373.0,13.347022587268995,-117.0,140.0,257.0,-42.0,-70.0,-13.488965597486716,-4.456103142267121,152.0,-154.0,-2.944950807379538,0.9410075496750104,0.4384615384615384,0.8924485125858124,0.4682875264270613,0.8907721280602636,concordant,concordant,0.0298259879655228,-0.0016763845255487,6,146,395,89,590,1125,840,346,308,1965,541,29.348600508905854,-249,12.977777777777778,679,26.72264631043257,-501,0.44344262295081965,38,89,382,76,434,8966,911,8391,424,9877,471,3.442138301103574,-293,0.9926388579076512,510,3.3394755492558468,-358,0.4801223241590214,7967
E02000511,Hillingdon,8,7,16.291332773180564,15.61196688875429,724.0,677.0,0.7365208545269583,0.688708036622584,-0.0478128179043743,-0.6793658844262733,28.0,412.0,592,508,1100,440.0,10.487272727272726,-384.0,4.72972972972973,58.0,297.0,481.0,379.0,860.0,355.0,20.030232558139534,-239.0,12.058212058212058,45.0,517.0,562.0,21.15,-472.0,8.858267716535433,29.0,385.0,414.0,12.982558139534884,-356.0,7.651715039577836,-181.0,85.0,266.0,145.0,-85.0,9.542959830866808,7.328482328482329,116.0,-148.0,-8.167441860465114,-1.206552676957597,0.4391217564870259,0.9109090909090908,0.4616384915474642,0.8941860465116279,concordant,concordant,0.0225167350604382,-0.0167230443974629,6,52,412,59,513,810,790,218,282,1600,464,13.39,-360,6.419753086419753,572,18.916875,-454,0.44787644787644787,-64,72,293,45,382,9742,789,9261,410,10531,365,2.003228563289336,-221,0.739067953192363,427,1.632323615990884,-337,0.46085858585858586,8851
E02000512,Hillingdon,5,4,26.093599238845144,25.678578106508873,448.0,341.0,0.4557477110885046,0.3468972533062054,-0.1088504577822991,-0.4150211323362711,336.0,252.0,692,616,1308,588.0,64.73394495412845,84.0,48.554913294797686,283.0,141.0,590.0,474.0,1064.0,424.0,37.50281954887218,142.0,47.96610169491525,250.0,265.0,515.0,50.649847094801224,-15.0,40.58441558441558,243.0,232.0,475.0,52.98496240601504,11.0,51.26582278481012,284.0,356.0,72.0,58.0,-164.0,-27.231125405256265,-0.5888115998824333,26.0,-40.0,2.335115311213819,10.681407200394538,0.5330915684496826,0.8432721712538226,0.471635150166852,0.8449248120300752,divergent,concordant,-0.0614564182828306,0.0016526407762526,4,542,285,460,302,939,877,247,261,1816,827,85.06057268722466,257,57.7209797657082,762,76.49779735682819,158,0.5204531151667715,-14,8316,185,536,259,8660,796,8070,322,9456,8501,162.69670050761422,8131,96.02771362586606,795,14.681049069373943,277,0.9144793459552496,7748
E02000513,Hillingdon,3,3,33.486531797327395,29.069614991993593,273.0,227.0,0.2777212614445575,0.2309257375381485,-0.0467955239064089,-4.416916805333802,517.0,27.0,640,686,1326,544.0,10.527149321266968,490.0,80.78125,473.0,22.0,553.0,546.0,1099.0,495.0,9.468607825295724,451.0,85.53345388788426,612.0,47.0,659.0,21.692307692307693,565.0,89.21282798833819,489.0,30.0,519.0,13.34849863512284,459.0,89.56043956043956,319.0,401.0,82.0,-39.0,-49.0,-1.0585414959712445,4.752203887884264,-106.0,-140.0,-8.343809057184853,0.3476115721013713,0.4522028262676641,0.9072398190045248,0.4881656804733728,0.9226569608735212,concordant,concordant,0.0359628542057086,0.0154171418689964,2,740,24,845,43,849,915,209,229,1764,764,10.068027210884354,716,87.16136631330977,888,20.598072562358276,802,0.46246973365617433,-20,9460,18,856,21,9536,912,8983,366,10448,9478,16.297856049004594,9442,99.2030201342282,877,1.72052067381317,835,0.9153066151617576,8617
E02000514,Hillingdon,7,6,21.0316956395112,21.020768379833576,593.0,492.0,0.6032553407934893,0.5005086469989827,-0.1027466937945066,-0.0109272596776257,154.0,568.0,714,732,1446,722.0,60.4923928077455,-414.0,21.568627450980394,121.0,472.0,639.0,740.0,1379.0,593.0,41.41551849166062,-351.0,18.9358372456964,140.0,485.0,625.0,46.95712309820193,-345.0,19.12568306010929,180.0,461.0,641.0,60.174039158810736,-281.0,24.324324324324326,-265.0,175.0,440.0,63.0,-129.0,-19.076874316084883,-2.6327902052839924,64.0,16.0,13.216916060608805,5.198641264215038,0.5360059391239792,0.9315352697095436,0.4805510534846029,0.8948513415518492,concordant,concordant,-0.0554548856393762,-0.0366839281576943,5,441,565,377,484,995,966,281,234,1961,1006,127.06017338092809,-124,44.321608040201006,861,93.04844467108619,-107,0.5388323513658275,47,9951,472,539,461,10464,1098,9825,358,11562,10423,406.23352361183186,9479,95.09747706422019,1000,21.491005016433142,78,0.9124573229449356,9467
E02000515,Hillingdon,5,4,24.43053097116582,25.968127536231883,478.0,335.0,0.4862665310274669,0.340793489318413,-0.1454730417090539,1.537596565066064,595.0,388.0,1073,872,1945,983.0,118.69408740359896,207.0,55.452003727865794,644.0,354.0,1284.0,799.0,2083.0,998.0,109.44599135861738,290.0,50.155763239875384,344.0,343.0,687.0,60.66426735218509,1.0,39.44954128440367,336.0,459.0,795.0,74.03936629860777,-123.0,42.052565707133915,574.0,757.0,183.0,83.0,15.0,-9.24809604498158,-5.29624048799041,-124.0,108.0,13.375098946422682,2.6030244227302433,0.588622754491018,0.8586118251928021,0.5566090351366425,0.8607777244359097,concordant,divergent,-0.0320137193543754,0.0021658992431076,4,1044,478,716,409,1609,1314,536,442,2923,1522,170.72596647280193,566,64.88502175264139,1125,100.1861101607937,307,0.5749905553456743,94,12168,433,872,578,12908,1403,11624,604,14311,12601,368.16043602823004,11735,94.26712116516889,1450,35.21878275452449,294,0.8968044979005053,11020
E02000516,Hillingdon,5,5,25.07961312371508,22.52729635376261,470.0,440.0,0.4781281790437436,0.4476093591047813,-0.0305188199389623,-2.5523167699524727,196.0,253.0,550,583,1133,449.0,43.76699029126213,-57.0,35.63636363636364,161.0,198.0,422.0,548.0,970.0,359.0,32.863917525773196,-37.0,38.15165876777251,241.0,288.0,529.0,61.2603706972639,-47.0,41.337907375643226,279.0,193.0,472.0,55.51237113402062,86.0,50.91240875912408,-104.0,125.0,229.0,20.0,-90.0,-10.903072765488936,2.5152951314088696,133.0,-57.0,-5.747999563243283,9.57450138348085,0.4591002044989775,0.8631950573698146,0.4320096269554753,0.856701030927835,concordant,divergent,-0.0270905775435021,-0.0064940264419796,4,364,315,438,315,772,828,222,245,1600,679,71.6625,49,47.15025906735752,753,86.23125,123,0.47416201117318435,-23,8165,225,532,217,8478,838,8056,290,9316,8390,197.20105195362817,7940,96.30809153102146,749,12.39201373980249,315,0.918043549622497,7766
E02000517,Hillingdon,4,4,29.659013768838395,26.90824216349109,370.0,303.0,0.3763987792472024,0.3082400813835198,-0.0681586978636826,-2.750771605347307,457.0,114.0,741,633,1374,571.0,37.917030567685586,343.0,61.67341430499326,357.0,113.0,660.0,549.0,1209.0,470.0,33.36724565756824,244.0,54.090909090909086,406.0,130.0,536.0,38.41339155749636,276.0,64.13902053712481,351.0,103.0,454.0,29.903225806451612,248.0,63.934426229508205,189.0,342.0,153.0,-99.0,-101.0,-4.549784910117346,-7.582505214084172,-28.0,-82.0,-8.510165751044749,-0.2045943076166025,0.5158084914182475,0.8056768558951966,0.5086580086580087,0.7642679900744417,concordant,concordant,-0.0071504827602387,-0.0414088658207548,3,590,111,577,123,948,861,207,228,1809,701,36.20232172470978,479,62.236286919831215,700,39.23217247097844,454,0.5003568879371877,-21,9930,110,701,95,10272,938,9612,389,11210,10040,97.43978590544157,9820,96.67056074766354,796,5.940677966101695,606,0.9265411590992987,9223
E02000518,Hillingdon,4,3,28.662204801301417,27.762351770161747,389.0,273.0,0.3957273652085453,0.2777212614445575,-0.1180061037639877,-0.8998530311396706,469.0,86.0,638,557,1195,555.0,33.75230125523012,383.0,73.51097178683386,356.0,49.0,605.0,450.0,1055.0,405.0,16.534597156398103,307.0,58.84297520661157,358.0,74.0,432.0,22.169037656903765,284.0,64.27289048473968,326.0,104.0,430.0,32.136492890995264,222.0,72.44444444444444,470.0,491.0,21.0,-76.0,-150.0,-17.21770409883202,-14.667996580222294,-62.0,-2.0,9.9674552340915,8.171553959704767,0.5623100303951368,0.8259414225941423,0.4850299401197604,0.7914691943127962,concordant,concordant,-0.0772800902753763,-0.0344722282813461,3,677,85,526,72,895,785,257,228,1680,762,34.25297619047619,592,75.64245810055866,598,22.542857142857144,454,0.5602941176470588,29,9138,44,700,99,9429,876,8824,426,10305,9182,39.01717612809316,9094,96.91377664651607,799,6.724890829694323,601,0.9199479010119227,8398
E02000519,Hillingdon,4,2,29.56950516863017,30.216530017528488,374.0,197.0,0.380467955239064,0.2004069175991861,-0.1800610376398779,0.6470248488983188,341.0,99.0,564,542,1106,440.0,30.523508137432188,242.0,60.46099290780141,228.0,68.0,461.0,492.0,953.0,296.0,16.26862539349423,160.0,49.457700650759215,321.0,95.0,416.0,27.57233273056058,226.0,59.22509225092251,310.0,125.0,435.0,40.66107030430221,185.0,63.00813008130082,411.0,428.0,17.0,-82.0,-144.0,-14.25488274393796,-11.003292257042196,-41.0,19.0,13.088737573741628,3.783037830378312,0.514018691588785,0.7739602169981917,0.4049247606019152,0.7670514165792235,concordant,concordant,-0.1090939309868698,-0.0069088004189682,3,503,94,483,75,800,743,236,201,1543,597,30.642903434867144,409,62.875,558,23.47699287103046,408,0.5168831168831168,35,9110,64,554,114,9370,772,8909,280,10142,9174,57.487675014789986,9046,97.22518676627536,668,6.227174127391047,440,0.9321276163381427,8629
E02000520,Hillingdon,4,4,29.21169711403431,26.35636716349109,380.0,320.0,0.3865717192268565,0.3255340793489318,-0.0610376398779247,-2.8553299505432186,626.0,165.0,994,923,1917,791.0,53.881064162754306,461.0,62.97786720321932,570.0,173.0,887.0,1034.0,1921.0,743.0,51.33263925039042,397.0,64.26155580608793,562.0,163.0,725.0,47.786124152321335,399.0,60.88840736728061,654.0,174.0,828.0,59.23789692868298,480.0,63.2495164410058,250.0,518.0,268.0,-64.0,-48.0,-2.5484249123638847,1.283688602868608,81.0,103.0,11.451772776361643,2.3611090737251956,0.5217678100263852,0.7908189880020866,0.4729471674092934,0.8178032274856846,concordant,concordant,-0.0488206426170917,0.0269842394835979,3,872,152,725,152,1322,1226,328,303,2548,1024,52.01883830455259,720,65.9606656580938,877,43.24960753532182,573,0.5386638611257233,25,13255,166,1225,150,13648,1695,12761,661,15343,13421,143.40937235221273,13089,97.1204572098476,1375,11.976145473505833,1075,0.9070694782373615,12100
E02000521,Hillingdon,3,3,33.405997826876515,28.087703205877443,277.0,261.0,0.2817904374364191,0.2655137334689725,-0.0162767039674465,-5.3182946209990725,791.0,21.0,901,620,1521,812.0,10.921104536489151,770.0,87.79134295227526,700.0,27.0,794.0,674.0,1468.0,727.0,12.874659400544958,673.0,88.16120906801007,563.0,48.0,611.0,17.767258382642996,515.0,90.80645161290325,605.0,44.0,649.0,18.13351498637602,561.0,89.76261127596439,627.0,678.0,51.0,-97.0,-85.0,1.953554864055807,0.3698661157348084,46.0,38.0,0.3662566037330244,-1.0438403369388567,0.5706254392129304,0.935568704799474,0.528343023255814,0.9373297002724796,concordant,concordant,-0.0422824159571164,0.0017609954730054,2,1147,14,833,25,1256,888,355,268,2144,1161,7.489738805970149,1133,91.32165605095541,858,9.713152985074627,808,0.575037147102526,87,12817,15,1177,26,12897,1240,12103,566,14137,12832,13.599419961802363,12802,99.37970070559045,1203,2.1646742590365706,1151,0.9142857142857143,11537
E02000522,Hillingdon,5,4,26.896748182133365,24.48008140290106,432.0,374.0,0.4394710071210579,0.380467955239064,-0.0590030518819938,-2.4166667792323047,234.0,230.0,641,514,1155,464.0,46.5974025974026,4.0,36.505460218408736,224.0,188.0,579.0,494.0,1073.0,412.0,39.246971109040075,36.0,38.68739205526771,201.0,268.0,469.0,46.63896103896104,-67.0,39.10505836575876,166.0,225.0,391.0,34.8089468779124,-59.0,33.603238866396765,141.0,268.0,127.0,32.0,-52.0,-7.350431488362524,2.181931836858972,8.0,-78.0,-11.830014161048643,-5.501819499361993,0.4973204715969989,0.8077922077922078,0.5130759651307597,0.7483690587138863,divergent,divergent,0.0157554935337607,-0.0594231490783215,3,673,77,578,113,963,824,322,310,1787,750,28.99888080581981,596,69.88577362409139,691,36.54952434247342,465,0.520471894517696,12,9115,96,743,94,9366,954,8787,460,10320,9211,84.79069767441861,9019,97.32009395686526,837,6.767635658914728,649,0.9166998407643312,8327
E02000523,Hillingdon,6,6,23.519854833956,20.60353533712429,513.0,514.0,0.5218718209562564,0.5228891149542217,0.0010172939979653,-2.916319496831711,205.0,555.0,855,798,1653,760.0,68.82940108892922,-350.0,23.976608187134502,174.0,516.0,750.0,789.0,1539.0,690.0,58.33918128654971,-342.0,23.200000000000003,173.0,607.0,780.0,63.5275257108288,-434.0,21.67919799498747,213.0,531.0,744.0,73.49122807017544,-318.0,26.996197718631176,-368.0,154.0,522.0,8.0,-70.0,-10.490219802379508,-0.7766081871344994,116.0,-36.0,9.96370235934664,5.316999723643708,0.4935064935064935,0.9316394434361768,0.4811715481171548,0.9317738791423,concordant,concordant,-0.0123349453893387,0.0001344357061234,4,501,471,415,521,1151,1037,296,239,2188,972,107.84780621572212,30,43.52736750651607,936,98.81855575868373,-106,0.5094339622641509,57,10460,433,646,433,11035,1222,10285,433,12257,10893,369.51782654809494,10027,94.78930675124604,1079,22.82108183079057,213,0.9098730370865352,9852
E02000524,Hillingdon,6,4,22.944613857121418,23.926140787024725,535.0,389.0,0.5442522889114955,0.3957273652085453,-0.1485249237029501,0.9815269299033068,194.0,383.0,784,573,1357,577.0,54.75460574797347,-189.0,24.744897959183675,139.0,318.0,586.0,450.0,1036.0,457.0,42.666023166023166,-179.0,23.72013651877133,137.0,510.0,647.0,51.48857774502579,-373.0,23.909249563699824,107.0,403.0,510.0,41.62258687258687,-296.0,23.77777777777778,183.0,296.0,113.0,10.0,-120.0,-12.088582581950304,-1.0247614404123446,77.0,-137.0,-9.86599087243892,-0.1314717859220451,0.4714052287581699,0.9019896831245394,0.4725956566701138,0.9333976833976834,concordant,concordant,0.0011904279119438,0.0314080002731439,4,607,303,572,410,1196,1006,412,433,2202,910,83.52452316076294,304,50.75250836120402,982,106.50317892824705,162,0.4809725158562368,-21,6893,247,547,309,7338,889,6752,439,8227,7140,206.94919168591224,6646,93.93567729626602,856,20.544913091041693,238,0.8929464732366184,6313
E02000525,Hillingdon,5,5,27.576578477226377,23.33353612244898,418.0,412.0,0.4252288911495422,0.4191251271617497,-0.0061037639877924,-4.243042354777398,350.0,292.0,803,726,1529,642.0,66.84107259646828,58.0,43.586550435865504,327.0,200.0,703.0,677.0,1380.0,527.0,47.391304347826086,127.0,46.514935988620195,329.0,289.0,618.0,62.18508829300196,40.0,45.3168044077135,335.0,246.0,581.0,59.71739130434783,89.0,49.48301329394387,-62.0,236.0,298.0,69.0,-115.0,-19.449768248642194,2.9283855527546905,49.0,-37.0,-2.467696988654133,4.166208886230372,0.5095238095238095,0.8240680183126227,0.4756317689530686,0.8028985507246377,concordant,concordant,-0.0338920405707409,-0.0211694675879849,3,819,144,738,96,1150,1056,347,330,2206,963,53.461468721668176,675,71.21739130434783,834,32.11604714415231,642,0.5358931552587646,17,9485,66,792,103,9767,1035,9064,358,10802,9551,57.95315682281059,9419,97.11272652810484,895,7.551934826883911,689,0.9143212713000192,8706
E02000526,Hounslow,9,9,12.121679705180236,10.528580752343656,830.0,844.0,0.844354018311292,0.8585961342828077,0.0142421159715157,-1.593098952836577,33.0,773.0,862,976,1838,806.0,13.87867247007617,-740.0,3.82830626450116,31.0,658.0,843.0,846.0,1689.0,689.0,12.076968620485497,-627.0,3.6773428232502967,77.0,692.0,769.0,28.990206746463542,-615.0,7.889344262295082,57.0,713.0,770.0,24.062166962699823,-656.0,6.73758865248227,-608.0,38.0,646.0,113.0,-117.0,-1.8017038495906732,-0.1509634412508633,-41.0,1.0,-4.928039783763719,-1.1517556098128123,0.5117460317460317,0.8569096844396082,0.4722412611377656,0.8638247483718177,concordant,concordant,-0.0395047706082661,0.0069150639322094,7,76,1092,122,1209,1392,1314,530,338,2706,1168,30.66962305986696,-1016,5.459770114942529,1331,54.507760532150776,-1087,0.4673869547819128,192,68,1137,108,8310,8454,1338,7611,492,9792,1205,7.895833333333333,-1069,0.8043529690087533,8418,91.65441176470588,-8202,0.12522082510651564,7119
E02000528,Hounslow,3,2,34.2170895140508,31.21370738045738,253.0,169.0,0.2573753814852492,0.1719226856561546,-0.0854526958290946,-3.003382133593419,983.0,46.0,1133,770,1903,1029.0,23.761429322122964,937.0,86.76081200353045,0.0,0.0,0.0,0.0,0.0,0.0,0.0,0.0,0.0,673.0,57.0,730.0,20.158171308460325,616.0,87.40259740259741,0.0,0.0,0.0,0.0,0.0,0.0,0.0,0.0,0.0,-937.0,-1029.0,-23.761429322122964,-86.76081200353045,-616.0,-730.0,-20.158171308460325,-87.40259740259741,0.5849914724275156,0.9243300052548608,0.5,0.0,concordant,zero,-0.0849914724275155,-0.9243300052548608,2,1428,15,893,28,1547,975,414,205,2522,1443,8.493259318001586,1413,92.3076923076923,921,9.914353687549564,865,0.6104060913705583,209,0,0,0,0,0,0,0,0,0,0,0.0,0,0.0,0,0.0,0,0.5,0
E02000529,Hounslow,6,5,23.70278078125,22.90753357383917,504.0,426.0,0.5127161749745677,0.4333672431332655,-0.0793489318413021,-0.7952472074108279,226.0,286.0,615,637,1252,512.0,51.626198083067095,-60.0,36.7479674796748,247.0,265.0,513.0,534.0,1047.0,512.0,62.51671442215855,-18.0,48.148148148148145,265.0,293.0,558.0,62.016773162939295,-28.0,41.60125588697017,214.0,232.0,446.0,47.41929321872016,-18.0,40.074906367041194,-15.0,195.0,210.0,42.0,0.0,10.890516339091455,11.400180668473348,10.0,-112.0,-14.597479944219131,-1.5263495199289778,0.4785046728971963,0.854632587859425,0.534446764091858,0.9149952244508118,concordant,concordant,0.0559420911946617,0.0603626365913868,4,455,241,428,234,839,800,224,163,1639,696,66.90359975594875,214,54.23122765196663,662,61.10555216595485,194,0.5125184094256259,61,9312,206,567,195,9576,886,9063,352,10462,9518,183.35614605238004,9106,97.24310776942356,762,10.568246989103422,372,0.925875486381323,8711
E02000530,Hounslow,3,2,33.74568115401492,33.26754316496432,266.0,117.0,0.2706002034587996,0.1190233977619532,-0.1515768056968464,-0.4781379890505945,359.0,32.0,451,560,1011,391.0,11.363006923837784,327.0,79.6008869179601,304.0,22.0,354.0,436.0,790.0,326.0,8.465822784810127,282.0,85.87570621468926,472.0,40.0,512.0,18.67457962413452,432.0,84.28571428571429,389.0,16.0,405.0,7.878481012658228,373.0,89.22018348623854,319.0,336.0,17.0,-45.0,-65.0,-2.8971841390276563,6.274819296729163,-59.0,-107.0,-10.796098611476292,4.934469200524248,0.4330011074197121,0.8931750741839762,0.4459644322845417,0.9253164556962026,concordant,concordant,0.0129633248648296,0.0321413815122263,2,599,8,648,25,677,731,226,171,1408,607,3.403409090909091,591,88.47858197932054,673,11.505681818181818,623,0.47421875,55,7944,12,582,12,7976,626,7622,190,8602,7956,11.082073936293884,7932,99.5987963891675,594,0.8119042083236456,570,0.9305263157894736,7432
E02000531,Hounslow,6,5,21.913849054851504,22.938781030444968,567.0,423.0,0.5768056968463886,0.4303153611393693,-0.1464903357070193,1.0249319755934645,487.0,400.0,1047,1042,2089,887.0,93.2503590234562,87.0,46.51384909264566,442.0,439.0,831.0,1185.0,2016.0,881.0,96.24900793650794,3.0,53.18892900120337,491.0,443.0,934.0,104.1230253709909,48.0,47.12092130518234,625.0,305.0,930.0,94.55605158730158,320.0,52.74261603375528,128.0,494.0,366.0,-84.0,-6.0,2.9986489130517384,6.675079908557713,272.0,-4.0,-9.56697378368932,5.62169472857294,0.4870950027457441,0.8717089516515079,0.4864715626725566,0.8983134920634921,concordant,concordant,-0.0006234400731874,0.0266045404119842,4,1399,360,836,393,1947,1381,900,339,3328,1759,151.3341346153846,1039,71.85413456599898,1229,98.72235576923077,443,0.5886880856760375,561,10910,399,1371,276,11292,1929,10461,744,13221,11309,329.25572952121627,10511,96.61707403471485,1647,28.62083049693669,1095,0.8728774313059586,9717
E02000532,Hounslow,8,8,16.88065366866812,14.99807795344752,706.0,704.0,0.7182095625635809,0.71617497456765,-0.0020345879959309,-1.882575715220602,175.0,462.0,786,812,1598,637.0,50.5944931163955,-287.0,22.264631043257,183.0,339.0,685.0,625.0,1310.0,522.0,47.35648854961832,-156.0,26.71532846715328,179.0,487.0,666.0,54.55131414267835,-308.0,22.04433497536946,157.0,356.0,513.0,42.66564885496183,-199.0,25.119999999999997,-201.0,185.0,386.0,131.0,-115.0,-3.238004566777178,4.45069742389628,109.0,-153.0,-11.88566528771652,3.0756650246305384,0.488871834228703,0.8153942428035044,0.5043478260869565,0.7900763358778626,concordant,concordant,0.0154759918582534,-0.0253179069256417,6,184,436,203,441,1277,1151,491,339,2428,620,33.04118616144975,-252,14.408770555990602,644,36.871087314662276,-238,0.49050632911392406,152,192,325,167,335,8779,1053,8094,428,9832,517,6.346623270951993,-133,2.1870372479781297,502,5.690093572009764,-168,0.507360157016683,7666
E02000533,Hounslow,8,7,16.859181884368308,15.51448368270605,707.0,683.0,0.7192268565615463,0.6948118006103764,-0.0244150559511698,-1.3446982016622575,148.0,463.0,815,768,1583,611.0,43.287428932406826,-315.0,18.15950920245399,141.0,386.0,690.0,705.0,1395.0,527.0,39.01505376344086,-245.0,20.434782608695652,160.0,507.0,667.0,51.24447252053064,-347.0,20.833333333333336,178.0,389.0,567.0,49.63584229390681,-211.0,25.248226950354606,1.0,313.0,312.0,70.0,-84.0,-4.272375168965965,2.275273406241663,136.0,-100.0,-1.6086302266238306,4.414893617021271,0.4780907668231612,0.8073278584965256,0.4817184643510054,0.7842293906810036,concordant,concordant,0.0036276975278442,-0.0230984678155219,6,158,440,173,451,1300,1105,485,337,2405,598,28.906444906444907,-282,12.153846153846153,624,32.44199584199584,-278,0.48936170212765956,148,149,369,191,357,8208,1205,7518,500,9413,518,5.840964623393179,-220,1.8153021442495125,548,7.2439179857643685,-166,0.48592870544090055,7018
E02000534,Hounslow,9,8,13.104869965688712,13.722152397260274,795.0,741.0,0.8087487283825026,0.7538148524923703,-0.0549338758901322,0.6172824315715619,45.0,483.0,720,604,1324,528.0,16.41616314199396,-438.0,6.25,29.0,424.0,573.0,569.0,1142.0,453.0,10.76707530647986,-395.0,5.06108202443281,46.0,554.0,600.0,19.24773413897281,-508.0,7.6158940397351,53.0,465.0,518.0,21.580560420315237,-412.0,9.314586994727591,-372.0,62.0,434.0,43.0,-75.0,-5.6490878355140985,-1.1889179755671897,96.0,-82.0,2.3328262813424274,1.6986929549924916,0.4680851063829787,0.851963746223565,0.466529351184346,0.850262697022767,concordant,concordant,-0.0015557551986327,-0.0017010492007979,7,129,737,98,922,1092,862,372,258,1954,866,48.655578300921185,-608,11.813186813186812,1020,46.24155578300921,-824,0.4591728525980912,114,88,736,116,8239,8349,886,7776,317,9235,824,7.0133188955062264,-648,1.0540184453227932,8355,103.48933405522469,-8123,0.08977012746486546,7459
E02000535,Hounslow,7,6,19.428782753202025,19.517283306666663,628.0,555.0,0.6388606307222787,0.5645981688708036,-0.0742624618514751,0.088500553464641,88.0,472.0,575,777,1352,560.0,30.72189349112426,-384.0,15.304347826086955,36.0,425.0,461.0,727.0,1188.0,461.0,12.87878787878788,-389.0,7.809110629067245,153.0,361.0,514.0,40.85281065088758,-208.0,19.69111969111969,112.0,321.0,433.0,30.262626262626263,-209.0,15.405777166437415,-427.0,42.0,469.0,-5.0,-99.0,-17.84310561233638,-7.49523719701971,-1.0,-81.0,-10.590184388261314,-4.285342524682276,0.521415270018622,0.7943786982248521,0.5156599552572707,0.7525252525252525,concordant,concordant,-0.0057553147613512,-0.0418534456995995,5,422,470,403,360,909,1026,334,249,1935,892,102.50129198966408,-48,46.424642464246425,763,74.97674418604652,43,0.5389728096676737,85,9432,425,565,319,9856,1180,9395,453,11036,9857,363.22943095324393,9007,95.69805194805194,884,16.33155128669808,246,0.9176985383111442,8942
E02000536,Hounslow,7,6,19.360426751537386,20.89095451210565,632.0,497.0,0.6429298067141404,0.5055951169888098,-0.1373346897253305,1.530527760568269,141.0,424.0,662,779,1441,565.0,41.48785565579459,-283.0,21.299093655589125,139.0,309.0,696.0,624.0,1320.0,448.0,32.538636363636364,-170.0,19.97126436781609,187.0,397.0,584.0,51.51908396946565,-210.0,24.005134788189988,136.0,397.0,533.0,40.903030303030306,-261.0,21.794871794871796,-192.0,161.0,353.0,113.0,-117.0,-8.949219292158226,-1.327829287773035,-51.0,-51.0,-10.616053666435342,-2.2102629933181923,0.4917319408181027,0.7973629424011104,0.4566768603465851,0.7431818181818182,concordant,concordant,-0.0350550804715175,-0.0541811242192922,5,519,424,393,396,1037,980,375,201,2017,943,109.10064452156668,95,50.048216007714565,789,77.15815567674764,-3,0.5444572748267898,174,10016,307,458,397,10570,946,9874,322,11516,10323,267.01215699895795,9709,94.75875118259223,855,15.788989232372352,61,0.9235104669887279,9552
E02000537,Hounslow,9,7,12.08994190301624,16.15282645788337,831.0,655.0,0.8453713123092573,0.6663275686673449,-0.1790437436419124,4.06288455486713,21.0,883.0,723,1026,1749,904.0,10.60205831903945,-862.0,2.904564315352697,21.0,642.0,758.0,757.0,1515.0,663.0,8.8990099009901,-621.0,2.7704485488126647,35.0,637.0,672.0,12.747284162378502,-602.0,3.41130604288499,27.0,659.0,686.0,11.744554455445543,-632.0,3.5667107001321003,-449.0,114.0,563.0,241.0,-241.0,-1.7030484180493506,-0.1341157665400323,-30.0,14.0,-1.0027297069329588,0.1554046572471104,0.5736040609137056,0.9010863350485993,0.4914751667902149,0.8904290429042905,concordant,concordant,-0.0821288941234906,-0.0106572921443087,8,15,1195,30,1194,1219,1254,496,228,2473,1210,7.2482814395471085,-1180,1.2305168170631664,1224,14.484431864132633,-1164,0.4971240755957272,268,17,1113,20,9546,9575,1151,8817,394,10726,1130,1.7640313257505127,-1096,0.17754569190600522,9566,17.79973895207906,-9526,0.1056469708302169,8423
E02000538,Hounslow,5,5,24.420257902073732,22.202656960301667,479.0,449.0,0.4872838250254323,0.45676500508647,-0.0305188199389623,-2.2176009417720657,328.0,200.0,648,811,1459,528.0,44.96230294722413,128.0,50.617283950617285,296.0,138.0,511.0,795.0,1306.0,434.0,31.27718223583461,158.0,57.925636007827784,379.0,151.0,530.0,39.22481151473612,228.0,46.7324290998767,434.0,81.0,515.0,26.91730474732006,353.0,54.59119496855346,-185.0,172.0,357.0,30.0,-94.0,-13.685120711389525,7.308352057210499,125.0,-15.0,-12.307506767416058,7.858765868676763,0.499054820415879,0.7251542152159013,0.4573234984193888,0.7266462480857581,concordant,concordant,-0.0417313219964901,0.0014920328698567,4,629,362,520,275,1069,1089,421,278,2158,991,105.51343836886005,267,58.84003741814781,795,66.26506024096386,245,0.5548712206047033,143,9464,315,717,189,9773,1260,9262,465,11033,9779,270.2039336535847,9149,96.8382277703878,906,12.282516088099339,528,0.9152082358446421,8797
E02000539,Hounslow,6,6,22.23929445591518,20.988940339354137,553.0,493.0,0.5625635808748728,0.5015259409969481,-0.0610376398779246,-1.250354116561045,668.0,273.0,1297,802,2099,941.0,86.88137208194378,395.0,51.50346954510409,504.0,212.0,842.0,694.0,1536.0,716.0,69.5625,292.0,59.85748218527315,445.0,460.0,905.0,97.52262982372558,-15.0,55.48628428927681,411.0,230.0,641.0,61.54296875,181.0,59.221902017291065,95.0,386.0,291.0,-103.0,-225.0,-17.31887208194378,8.35401264016906,196.0,-264.0,-35.97966107372558,3.735617728014254,0.5097508125677139,0.8794664125774179,0.5276344878408253,0.8834635416666666,divergent,concordant,0.0178836752731114,0.0039971290892487,4,1095,227,804,400,1722,1156,425,354,2878,1322,86.36726893676165,868,63.58885017421603,1204,111.74426685198054,404,0.5233570863024545,71,11616,167,905,199,11945,1182,11103,488,13127,11783,147.77725299002057,11449,97.24570950188364,1104,13.719433229222213,706,0.9143322728330876,10615
E02000540,Hounslow,7,6,18.15040011680727,20.839676367869615,673.0,500.0,0.6846388606307223,0.508646998982706,-0.1759918616480162,2.689276251062349,255.0,400.0,877,867,1744,655.0,58.48623853211009,-145.0,29.07639680729761,277.0,504.0,1161.0,1055.0,2216.0,781.0,63.0,-227.0,23.858742463393625,257.0,399.0,656.0,58.79759174311926,-142.0,29.64244521337947,306.0,605.0,911.0,83.54241877256318,-299.0,29.00473933649289,-268.0,308.0,576.0,-82.0,126.0,4.513761467889907,-5.217654343903984,-157.0,255.0,24.74482702944392,-0.6377058768865815,0.4996186117467582,0.7517201834862385,0.4615839243498817,0.7635379061371841,concordant,concordant,-0.0380346873968764,0.0118177226509456,5,760,400,499,397,1382,1105,505,238,2487,1160,122.2356252513068,360,54.99276410998553,896,79.65540812223563,102,0.5642023346303502,267,10902,501,788,598,11779,1534,10618,479,13313,11403,410.2683091714865,10401,92.554546226335,1386,35.39577856230752,190,0.8916256157635468,10139
E02000541,Hounslow,5,4,27.91974758084507,24.003567947217196,414.0,386.0,0.4211597151576806,0.392675483214649,-0.0284842319430315,-3.916179633627874,385.0,133.0,639,884,1523,518.0,33.62114248194353,252.0,60.25039123630673,447.0,100.0,666.0,811.0,1477.0,547.0,30.264048747461068,347.0,67.11711711711712,540.0,118.0,658.0,41.83847669074195,422.0,61.085972850678736,535.0,82.0,617.0,29.70209884901828,453.0,65.96794081381012,381.0,467.0,86.0,95.0,29.0,-3.3570937344824614,6.866725880810385,31.0,-41.0,-12.136377841723668,4.88196796313138,0.4404761904761904,0.7721602101116218,0.4699312714776632,0.7880839539607312,concordant,concordant,0.0294550810014727,0.0159237438491093,3,942,75,943,75,1084,1123,445,239,2207,1017,32.01178069777979,867,86.90036900369003,1018,32.045763479836886,868,0.49975429975429975,206,10231,83,986,59,10350,1147,9684,336,11497,10314,73.86039836479081,10148,98.85024154589372,1045,5.0599286770461855,927,0.9080024650057223,9348
E02000542,Hounslow,6,4,23.751090553426987,24.035698059714715,502.0,384.0,0.5106815869786369,0.3906408952187182,-0.1200406917599186,0.2846075062877276,544.0,388.0,983,1031,2014,932.0,104.80238331678252,156.0,55.340793489318415,414.0,348.0,875.0,998.0,1873.0,762.0,76.92044847837694,66.0,47.31428571428572,523.0,337.0,860.0,87.51290963257199,186.0,50.727449078564504,557.0,379.0,936.0,112.708489054992,178.0,55.81162324649298,493.0,595.0,102.0,-90.0,-170.0,-27.881934838405584,-8.026507775032698,-8.0,76.0,25.19557942242001,5.084174167928474,0.5200892857142857,0.8897715988083416,0.4487632508833922,0.9065670048051254,concordant,concordant,-0.0713260348308934,0.0167954059967838,4,1036,283,787,271,1473,1295,490,264,2768,1319,105.92052023121387,753,70.3326544467074,1058,77.05093930635839,516,0.55490113588557,226,11488,266,936,287,11949,1377,11074,379,13326,11754,229.31172144679573,11222,96.14193656372917,1223,20.15848716794237,649,0.9057563381367034,10695
E02000543,Hounslow,7,5,19.18650155998559,21.482577060116743,636.0,476.0,0.646998982706002,0.4842319430315361,-0.1627670396744658,2.296075500131156,359.0,703.0,1284,1417,2701,1062.0,93.43835616438356,-344.0,27.9595015576324,292.0,624.0,1370.0,1368.0,2738.0,916.0,66.54784514243974,-332.0,21.313868613138688,371.0,651.0,1022.0,89.41910403554239,-280.0,26.182074805928018,406.0,717.0,1123.0,106.31921110299488,-311.0,29.678362573099413,320.0,691.0,371.0,12.0,-146.0,-26.890511021943823,-6.645632944493713,-31.0,101.0,16.900107067452495,3.496287767171395,0.5095969289827256,0.7715660866345798,0.4492398234428642,0.7447041636230826,concordant,concordant,-0.0603571055398614,-0.0268619230114972,5,1222,695,715,645,2141,1758,857,341,3899,1917,217.82251859451142,527,57.076132648295186,1360,118.28032828930495,70,0.5849862679279829,516,12316,620,997,708,13390,1959,12020,591,15349,12936,497.48648120398724,11696,91.97908887229276,1705,45.98840315329989,289,0.8835462058602555,11429
E02000544,Hounslow,9,8,12.51328812172216,14.279776210400478,822.0,723.0,0.8362156663275687,0.7355035605289929,-0.1007121057985758,1.766488088678317,53.0,421.0,575,560,1135,474.0,19.659030837004405,-368.0,9.217391304347826,28.0,388.0,482.0,509.0,991.0,416.0,10.96266397578204,-360.0,5.809128630705394,50.0,455.0,505.0,20.044052863436125,-405.0,8.928571428571429,47.0,395.0,442.0,18.733602421796167,-348.0,9.233791748526524,-331.0,61.0,392.0,8.0,-58.0,-8.696366861222366,-3.408262673642432,57.0,-63.0,-1.3104504416399578,0.3052203199550956,0.484167517875383,0.8625550660792951,0.4848484848484848,0.8657921291624622,concordant,concordant,0.0006809669731018,0.003237063083167,7,106,618,104,683,803,759,228,199,1562,724,41.93854033290653,-512,13.20049813200498,787,45.475032010243275,-579,0.47915287888815355,29,70,675,94,8329,8417,799,7935,290,9216,745,5.126953125,-605,0.8316502316739931,8423,84.95290798611111,-8235,0.081260907504363,7645
E02000545,Hounslow,5,4,27.00664685124068,25.576557938913496,428.0,343.0,0.4354018311291963,0.3489318413021363,-0.08646998982706,-1.4300889123271858,504.0,134.0,703,683,1386,638.0,48.72727272727273,370.0,71.6927453769559,460.0,49.0,634.0,571.0,1205.0,509.0,18.70539419087137,411.0,72.55520504731862,457.0,129.0,586.0,42.53463203463203,328.0,66.91068814055637,468.0,99.0,567.0,38.44979253112033,369.0,81.9614711033275,461.0,503.0,42.0,41.0,-129.0,-30.021878536401356,0.8624596703627248,41.0,-19.0,-4.084839503511702,15.050782962771123,0.5212418300653595,0.8831168831168831,0.4730483271375464,0.8929460580912864,concordant,concordant,-0.048193502927813,0.0098291749744032,3,811,105,754,101,970,917,267,234,1887,916,45.12718600953895,706,83.60824742268042,855,40.35718071012189,653,0.5172219085262564,33,8943,35,884,63,9074,960,8440,389,10034,8978,31.194438907713774,8908,98.5563147454265,947,5.550328881801874,821,0.9045843828715365,8051
E02000546,Hounslow,7,5,20.05068151692308,21.02405940594059,615.0,491.0,0.6256358087487284,0.4994913530010172,-0.1261444557477111,0.9733778890175168,139.0,518.0,742,853,1595,657.0,45.1423197492163,-379.0,18.733153638814017,82.0,409.0,616.0,717.0,1333.0,491.0,25.15978994748687,-327.0,13.311688311688313,190.0,393.0,583.0,46.81504702194357,-203.0,22.27432590855803,109.0,361.0,470.0,29.51912978244561,-252.0,15.202231520223153,-60.0,209.0,269.0,52.0,-166.0,-19.982529801729427,-5.421465327125704,-49.0,-113.0,-17.29591723949796,-7.072094388334877,0.5298387096774193,0.7774294670846394,0.5109261186264308,0.7209302325581395,concordant,concordant,-0.0189125910509885,-0.0564992345264999,5,677,515,441,392,1280,1102,538,249,2382,1192,146.37069689336693,162,52.890625,833,72.57430730478589,49,0.5886419753086419,289,9659,408,537,359,10191,1139,9575,422,11330,10067,347.8263018534863,9251,94.77970758512413,896,17.015269196822594,178,0.9182705463832892,9153
E02000547,Hounslow,5,6,24.223362533119655,20.505488107236445,481.0,520.0,0.4893184130213632,0.5289928789420142,0.0396744659206509,-3.7178744258832097,352.0,100.0,711,702,1413,452.0,24.911535739561216,252.0,49.507735583684955,384.0,91.0,678.0,493.0,1171.0,475.0,29.841161400512384,293.0,56.63716814159292,361.0,115.0,476.0,29.38075017692852,246.0,51.42450142450142,237.0,84.0,321.0,17.000853970964986,153.0,48.073022312373226,-197.0,151.0,348.0,41.0,23.0,4.929625660951167,7.129432557907968,-93.0,-155.0,-12.379896205963531,-3.351479112128196,0.4870689655172414,0.656758669497523,0.5967336683417085,0.6797608881298036,concordant,concordant,0.1096647028244671,0.0230022186322805,4,549,217,496,243,1026,1001,315,299,2027,766,58.77306364084855,332,53.50877192982456,739,59.46127281697089,253,0.5089700996677741,16,10280,204,620,199,10695,935,10017,442,11630,10484,180.31986242476356,10076,96.11968209443666,819,10.608770421324161,421,0.9275413607006989,9575
E02000548,Hounslow,5,4,27.929896883445014,27.051314066708105,413.0,301.0,0.4201424211597152,0.306205493387589,-0.1139369277721261,-0.8785828167369125,449.0,97.0,836,539,1375,546.0,31.67490909090909,352.0,53.70813397129187,305.0,57.0,643.0,461.0,1104.0,362.0,15.747282608695652,248.0,47.43390357698289,254.0,138.0,392.0,25.492363636363635,116.0,47.124304267161406,240.0,100.0,340.0,21.73913043478261,140.0,52.060737527114966,409.0,462.0,53.0,-104.0,-184.0,-15.927626482213435,-6.274230394308979,24.0,-52.0,-3.7532332015810255,4.93643325995356,0.582089552238806,0.6821818181818182,0.5156695156695157,0.6358695652173914,concordant,concordant,-0.0664200365692903,-0.0463122529644268,3,942,63,673,105,1121,819,285,280,1940,1005,30.590721649484536,879,84.03211418376449,778,36.425257731958766,568,0.5636567582725743,5,10229,52,811,54,10393,897,9750,436,11290,10281,47.11319751992914,10177,98.42201481766574,865,3.879007971656333,757,0.9223936838327651,9314
E02000549,Hounslow,6,5,23.18175690841427,22.363031332280148,529.0,443.0,0.5381485249237029,0.4506612410986775,-0.0874872838250254,-0.8187255761341206,326.0,377.0,915,728,1643,703.0,74.80340839926963,-51.0,35.62841530054644,319.0,318.0,835.0,642.0,1477.0,637.0,68.68111035883548,1.0,38.203592814371255,286.0,529.0,815.0,92.08399269628728,-243.0,39.285714285714285,272.0,414.0,686.0,76.24102911306703,-142.0,42.36760124610592,138.0,369.0,231.0,52.0,-66.0,-6.122298040434146,2.575177513824812,101.0,-129.0,-15.842963583220254,3.0818869603916355,0.4631093544137022,0.923919659160073,0.4814814814814814,0.8957345971563981,concordant,divergent,0.0183721270677792,-0.0281850620036748,4,677,202,669,295,1266,1111,351,383,2377,879,57.53218342448464,475,53.47551342812006,964,83.0269246949937,374,0.4769397721106891,-32,11828,143,869,279,12339,1239,11504,597,13578,11971,124.56945058182353,11685,95.85865953480834,1148,17.856164383561644,590,0.9124933302843204,10907
E02000550,Hounslow,5,4,26.317826609137057,26.45205352662392,445.0,316.0,0.4526958290946083,0.3214649033570702,-0.1312309257375381,0.1342269174868633,409.0,125.0,790,665,1455,534.0,35.13745704467354,284.0,51.77215189873417,365.0,63.0,603.0,554.0,1157.0,428.0,19.87467588591184,302.0,60.53067993366501,338.0,159.0,497.0,36.9360824742268,179.0,50.82706766917293,373.0,84.0,457.0,27.08038029386344,289.0,67.32851985559567,379.0,432.0,53.0,18.0,-106.0,-15.262781158761696,8.75852803493084,110.0,-40.0,-9.855702180363362,16.50145218642274,0.5179437439379243,0.7085910652920963,0.4836158192090395,0.7649092480553155,concordant,concordant,-0.0343279247288847,0.0563181827632192,4,695,212,636,260,1216,1065,426,400,2281,907,64.59447610697063,483,57.1546052631579,896,72.4945199473915,376,0.5030504714364947,26,10107,116,828,169,10476,1103,9873,549,11579,10223,101.25330339407549,9991,96.47766323024055,997,12.084981431902582,659,0.9111408199643494,9324
E02000551,Hounslow,2,2,36.34527624796842,31.844579723090664,197.0,156.0,0.2004069175991861,0.1586978636826042,-0.0417090539165818,-4.500696524877757,664.0,6.0,679,641,1320,670.0,3.018181818181818,658.0,97.79086892488954,567.0,3.0,585.0,401.0,986.0,570.0,1.725152129817444,564.0,96.92307692307692,632.0,9.0,641.0,4.3090909090909095,623.0,98.59594383775352,385.0,4.0,389.0,1.561866125760649,381.0,96.00997506234414,548.0,554.0,6.0,-94.0,-100.0,-1.2930296883643742,-0.8677920018126173,-242.0,-252.0,-2.7472247833302603,-2.585968775409384,0.5110602593440122,0.9931818181818182,0.59436913451512,0.9726166328600404,concordant,concordant,0.0833088751711077,-0.0205651853217776,2,767,7,775,12,830,820,151,179,1650,774,3.253939393939394,760,92.40963855421687,787,5.636363636363637,763,0.49583600256245997,-28,9566,3,683,4,9603,708,9018,307,10311,9569,2.783241198719814,9563,99.61470373841507,687,0.2649597517214625,679,0.9330148205928237,8711
E02000552,Hounslow,7,7,18.244348255504477,17.81200153718813,665.0,602.0,0.676500508646999,0.612410986775178,-0.0640895218718209,-0.4323467183163458,138.0,336.0,774,421,1195,474.0,38.801673640167365,-198.0,17.829457364341085,104.0,263.0,603.0,390.0,993.0,367.0,27.5448136958711,-159.0,17.24709784411277,58.0,549.0,607.0,26.64602510460251,-491.0,13.77672209026128,98.0,408.0,506.0,40.26586102719033,-310.0,25.128205128205128,-206.0,72.0,278.0,39.0,-107.0,-11.256859944296266,-0.5823595202283158,181.0,-101.0,13.61983592258782,11.351483037943847,0.4384828862164662,0.9046025104602512,0.420389461626575,0.879154078549849,concordant,concordant,-0.0180934245898912,-0.0254484319104021,5,497,336,532,548,1133,892,359,471,2025,833,82.46518518518519,161,43.865842894969106,1080,143.9683950617284,-16,0.4354417145844224,-112,8602,263,645,408,9100,937,8497,547,10037,8865,225.39862508717744,8339,94.52747252747253,1053,26.218989737969512,237,0.8938294010889292,7950
E02000553,Hounslow,5,5,26.135274965934897,21.705608289550497,447.0,467.0,0.4547304170905392,0.4750762970498474,0.0203458799593082,-4.4296666763844,281.0,69.0,463,337,800,350.0,24.23625,212.0,60.69114470842333,231.0,60.0,348.0,278.0,626.0,291.0,22.140575079872203,171.0,66.37931034482759,207.0,69.0,276.0,17.85375,138.0,61.42433234421365,162.0,66.0,228.0,17.079872204472842,96.0,58.27338129496403,65.0,165.0,100.0,-41.0,-59.0,-2.095674920127795,5.688165636404257,-42.0,-48.0,-0.7738777955271594,-3.1509510492496204,0.5591054313099042,0.7825,0.5606936416184971,0.829073482428115,concordant,concordant,0.0015882103085929,0.0465734824281149,4,326,91,353,114,568,530,105,193,1098,417,27.018214936247723,235,57.3943661971831,467,36.650273224043715,239,0.47171945701357465,-88,6815,84,394,94,6992,543,6644,265,7535,6899,75.97345719973457,6731,97.46853546910755,488,4.9151957531519574,300,0.9339379991877623,6379
E02000554,Islington,1,1,44.20665810607711,36.66239345756532,75.0,52.0,0.0762970498474059,0.0528992878942014,-0.0233977619532044,-7.544264648511785,802.0,0.0,917,1068,1985,802.0,0.0,802.0,87.45910577971647,790.0,0.0,909.0,1026.0,1935.0,790.0,0.0,790.0,86.90869086908691,948.0,0.0,948.0,0.0,948.0,88.76404494382022,885.0,0.0,885.0,0.0,885.0,86.25730994152046,787.0,787.0,0.0,-12.0,-12.0,0.0,-0.5504149106295557,-63.0,-63.0,0.0,-2.506735002299763,0.4582857142857143,0.8816120906801007,0.4716417910447761,0.8656330749354005,concordant,concordant,0.0133560767590618,-0.0159790157447001,1,1171,0,1117,0,1287,1251,370,183,2538,1171,0.0,1171,90.986790986791,1117,0.0,1117,0.5118006993006993,187,9044,0,1305,0,9178,1450,8269,424,10628,9044,0.0,9044,98.53998692525604,1305,0.0,1305,0.8739008599864722,7845
E02000555,Islington,3,4,34.1693764019983,26.463004525817738,256.0,315.0,0.2604272634791454,0.3204476093591047,0.0600203458799593,-7.706371876180565,461.0,351.0,989,1099,2088,812.0,77.49568965517241,110.0,46.61274014155713,503.0,386.0,1031.0,1137.0,2168.0,889.0,89.55627306273063,117.0,48.78758486905917,557.0,408.0,965.0,108.83908045977012,149.0,50.68243858052776,615.0,406.0,1021.0,115.17066420664209,209.0,54.089709762532976,17.0,483.0,466.0,7.0,77.0,12.060583407558212,2.174844727502034,60.0,56.0,6.331583746871971,3.4072711820052177,0.4569499155880698,0.8510536398467433,0.4654450261780105,0.8809963099630996,concordant,concordant,0.0084951105899406,0.0299426701163563,2,891,172,815,178,1418,1355,429,256,2773,1063,55.265777136675084,719,62.83497884344147,993,52.31518211323476,637,0.517023346303502,173,8887,186,1022,197,9408,1543,8377,406,10951,9073,150.94347548169117,8701,94.46215986394559,1219,18.38498767235869,825,0.8815584920326467,7971
E02000556,Islington,3,3,35.42910184352518,28.7203258596326,215.0,242.0,0.2187182095625635,0.2461851475076297,0.0274669379450661,-6.708775983892583,636.0,441.0,1305,1367,2672,1077.0,104.9685628742515,195.0,48.735632183908045,776.0,655.0,1674.0,1642.0,3316.0,1431.0,153.2810615199035,121.0,46.35603345280765,720.0,427.0,1147.0,115.05988023952096,293.0,52.67008046817849,733.0,634.0,1367.0,140.1453558504222,99.0,44.64068209500609,494.0,980.0,486.0,-74.0,354.0,48.312498645651985,-2.379598731100394,-194.0,220.0,25.085475610901227,-8.029398373172398,0.4842625899280575,0.8323353293413174,0.5114367405289493,0.8437876960193004,concordant,concordant,0.0271741506008917,0.0114523666779829,2,1185,249,995,223,1852,1639,547,272,3491,1434,84.52162704096247,936,63.98488120950324,1218,63.55915210541392,772,0.5407239819004525,275,10315,363,1254,354,11209,2157,9535,515,13366,10678,280.1395331437977,9952,92.02426621464895,1608,33.21232979200958,900,0.8691193228064463,9020
E02000557,Islington,2,2,39.67167364844904,32.96260871100648,145.0,125.0,0.1475076297049847,0.1271617497456765,-0.0203458799593082,-6.709064937442555,636.0,151.0,898,961,1859,787.0,51.66003227541689,485.0,70.8240534521158,679.0,163.0,1008.0,1057.0,2065.0,842.0,53.59661016949153,516.0,67.36111111111111,664.0,112.0,776.0,40.00430338891877,552.0,69.09469302809573,748.0,178.0,926.0,64.47651331719128,570.0,70.76631977294228,622.0,768.0,146.0,31.0,55.0,1.936577894074638,-3.462942341004691,18.0,150.0,24.472209928272505,1.6716267448465487,0.5035188739603327,0.8407746100053792,0.4762443438914027,0.8561743341404359,concordant,concordant,-0.0272745300689299,0.0153997241350566,2,831,160,680,117,1264,1163,366,202,2427,991,54.78368355995055,671,65.74367088607595,797,32.78121137206428,563,0.5542505592841164,164,8120,164,913,178,8623,1403,7615,346,10026,8284,132.8226610811889,7956,94.16676330743361,1091,16.209255934570116,735,0.8836266666666667,7269
E02000558,Islington,1,1,51.70868340473506,41.073897152700376,15.0,17.0,0.0152594099694811,0.017293997965412,0.0020345879959308,-10.634786252034688,681.0,0.0,846,992,1838,681.0,0.0,681.0,80.49645390070921,908.0,0.0,1120.0,1218.0,2338.0,908.0,0.0,908.0,81.07142857142857,830.0,0.0,830.0,0.0,830.0,83.66935483870968,997.0,0.0,997.0,0.0,997.0,81.85550082101807,932.0,932.0,0.0,227.0,227.0,0.0,0.5749746707193566,167.0,167.0,0.0,-1.813854017691611,0.4506949040370615,0.8220892274211099,0.4766404199475065,0.8147989734816082,concordant,concordant,0.025945515910445,-0.0072902539395016,1,1007,0,980,0,1172,1159,326,167,2331,1007,0.0,1007,85.92150170648463,980,0.0,980,0.5067941620533467,159,9001,0,1371,0,9230,1598,8110,380,10828,9001,0.0,9001,97.51895991332611,1371,0.0,1371,0.8678172001542614,7730
E02000559,Islington,4,6,29.6338894447232,19.866103088566167,371.0,537.0,0.3774160732451678,0.5462868769074263,0.1688708036622584,-9.767786356157032,390.0,611.0,1223,1186,2409,1001.0,98.91656288916565,-221.0,31.888798037612425,362.0,620.0,1206.0,1113.0,2319.0,982.0,96.78309616213885,-258.0,30.016583747927033,388.0,673.0,1061.0,108.39518472395184,-285.0,32.715008431703204,332.0,674.0,1006.0,96.4933160845192,-342.0,29.829290206648697,-548.0,244.0,792.0,-37.0,-19.0,-2.1334667270268,-1.8722142896853915,-57.0,-55.0,-11.90186863943265,-2.8857182250545073,0.4854510184287099,0.8559568285595683,0.4939637826961771,0.8572660629581716,concordant,concordant,0.0085127642674671,0.0013092343986033,3,963,611,606,670,1874,1468,651,282,3342,1574,176.06014362657092,352,51.38740661686233,1276,121.49012567324955,-64,0.5522807017543859,369,8409,611,736,671,9330,1580,8124,467,10910,9020,470.93483043079743,7798,90.12861736334405,1407,45.26636113657195,65,0.8650618586362329,7657
E02000560,Islington,3,4,35.31843022894291,26.430689837598425,218.0,317.0,0.2217700915564598,0.3224821973550356,0.1007121057985757,-8.887740391344483,562.0,519.0,1103,1292,2395,1081.0,121.78622129436326,43.0,50.951949229374435,441.0,629.0,1123.0,1487.0,2610.0,1070.0,106.2793103448276,-188.0,39.26981300089047,542.0,364.0,906.0,82.3749478079332,178.0,41.95046439628483,621.0,510.0,1131.0,121.34482758620688,111.0,41.761936785474106,-300.0,391.0,691.0,-231.0,-11.0,-15.506910949535651,-11.682136228483962,-67.0,225.0,38.96987977827368,-0.1885276108107234,0.5440362355309512,0.8296450939457203,0.4861426624261699,0.8432950191570882,concordant,divergent,-0.0578935731047812,0.0136499252113678,2,1270,259,746,187,1806,1495,703,203,3301,1529,99.64556195092396,1011,70.32115171650055,933,42.26052711299606,559,0.6210398050365556,500,6550,279,1136,255,7227,2000,6104,513,9227,6829,198.0546223041075,6271,90.63235090632351,1391,31.394819551316786,881,0.8307785888077859,5591
E02000561,Islington,4,7,28.651836133488253,17.51918631961259,390.0,611.0,0.3967446592065107,0.6215666327568667,0.224821973550356,-11.132649813875664,373.0,573.0,884,1157,2041,946.0,104.71778539931408,-200.0,42.19457013574661,305.0,406.0,849.0,979.0,1828.0,711.0,67.74070021881838,-101.0,35.924617196702,452.0,414.0,866.0,91.6844683978442,38.0,39.06655142610199,422.0,431.0,853.0,99.49781181619257,-9.0,43.10520939734423,-559.0,141.0,700.0,99.0,-235.0,-36.977085180495706,-6.269952939044607,-47.0,-13.0,7.813343418348367,4.038657971242245,0.522075055187638,0.8878000979911808,0.4546035805626598,0.8555798687089715,divergent,concordant,-0.0674714746249781,-0.0322202292822092,3,945,566,621,412,1514,1380,630,223,2894,1511,184.82031789910158,379,62.41743725231176,1033,88.4077401520387,209,0.5939465408805031,407,6661,405,800,429,7247,1411,6398,432,8658,7066,311.5852390852391,6256,91.91389540499517,1229,39.63963963963964,371,0.8518384569017481,5966
E02000562,Islington,3,5,33.86163829594152,23.77685093725446,263.0,394.0,0.2675483214649033,0.4008138351983723,0.1332655137334689,-10.08478735868706,408.0,326.0,883,995,1878,734.0,70.82428115015975,82.0,46.206115515288786,402.0,344.0,822.0,889.0,1711.0,746.0,80.822910578609,58.0,48.9051094890511,538.0,359.0,897.0,102.84451544195952,179.0,54.07035175879397,431.0,323.0,754.0,81.3635300993571,108.0,48.4814398200225,-246.0,255.0,501.0,-24.0,12.0,9.998629428449249,2.698993973762313,-71.0,-143.0,-21.48098534260241,-5.588911938771467,0.4500306560392397,0.8684771033013845,0.4973333333333333,0.8766803039158387,concordant,concordant,0.0473026772940936,0.0082032006144542,2,863,126,751,134,1338,1206,455,211,2544,989,42.742924528301884,737,64.49925261584455,885,39.55738993710692,617,0.5277481323372465,244,7316,128,850,141,7736,1304,6914,415,9040,7444,103.58938053097346,7188,94.57083764219234,991,13.257743362831858,709,0.8825133372851215,6499
E02000563,Islington,2,1,39.88601800730616,36.07100637459434,138.0,61.0,0.1403865717192268,0.0620549338758901,-0.0783316378433367,-3.815011632711815,732.0,180.0,1106,1109,2215,912.0,59.48532731376975,552.0,66.18444846292948,645.0,169.0,1048.0,1047.0,2095.0,814.0,52.031026252983295,476.0,61.54580152671756,719.0,182.0,901.0,59.07810383747179,537.0,64.8331830477908,707.0,215.0,922.0,72.55608591885442,492.0,67.52626552053485,899.0,899.0,0.0,-76.0,-98.0,-7.454301060786456,-4.63864693621192,-45.0,21.0,13.477982081382637,2.6930824727440523,0.5030336458907887,0.818510158013544,0.4688940092165898,0.8286396181384248,concordant,concordant,-0.0341396366741988,0.0101294601248808,2,1100,184,827,187,1680,1412,574,303,3092,1284,65.45924967658473,916,65.47619047619048,1014,50.01584734799483,640,0.5587467362924282,271,7924,173,881,228,8519,1401,7471,354,9920,8097,138.1907258064516,7751,93.01561216105176,1109,20.248790322580646,653,0.8795350858135998,7117
E02000564,Islington,2,3,40.306716794390184,28.143238711292877,130.0,260.0,0.1322482197355035,0.2644964394710071,0.1322482197355035,-12.163478083097306,962.0,261.0,1451,1609,3060,1223.0,82.05294117647058,701.0,66.29910406616126,1152.0,287.0,1772.0,1771.0,3543.0,1439.0,93.31752751905164,865.0,65.01128668171557,1074.0,225.0,1299.0,78.97058823529412,849.0,66.74953387197017,1188.0,297.0,1485.0,99.58679085520744,891.0,67.08074534161491,552.0,1028.0,476.0,164.0,216.0,11.264586342581056,-1.2878173844456882,42.0,186.0,20.616202619913324,0.3312114696447423,0.4849325931800158,0.8241830065359477,0.4921340629274965,0.8252893028506915,concordant,concordant,0.0072014697474807,0.0011062963147437,2,1613,277,1162,241,2296,1980,845,371,4276,1890,104.49041159962582,1336,70.25261324041811,1403,65.49158091674462,921,0.5739447312481021,474,11171,304,1598,303,12112,2485,10340,714,14597,11475,232.64944851681852,10867,92.23084544253632,1901,33.17078851818867,1295,0.8578797846889952,9626
E02000565,Islington,2,3,41.51373079882741,30.05893744323342,116.0,202.0,0.1180061037639877,0.2054933875890132,0.0874872838250254,-11.454793355593988,471.0,150.0,882,1000,1882,621.0,37.53985122210415,321.0,53.40136054421769,517.0,234.0,874.0,946.0,1820.0,751.0,66.47142857142858,283.0,59.153318077803206,597.0,168.0,765.0,53.29224229543039,429.0,59.7,497.0,146.0,643.0,39.86923076923077,351.0,52.53699788583509,126.0,467.0,341.0,-38.0,130.0,28.931577349324428,5.751957533585518,-78.0,-122.0,-13.423011526199623,-7.163002114164911,0.448051948051948,0.7364505844845909,0.5387374461979914,0.765934065934066,concordant,concordant,0.0906854981460433,0.0294834814494751,2,822,162,572,172,1376,1163,494,163,2539,984,52.447420244190624,660,59.73837209302325,744,38.74911382434029,400,0.5694444444444444,331,7899,237,678,154,8393,1284,7519,338,9677,8136,193.4548930453653,7662,94.11414273799595,832,10.789707553994006,524,0.9072256913470116,7181
E02000566,Islington,4,6,28.95529662052915,19.400200328407223,385.0,562.0,0.3916581892166836,0.5717192268565615,0.1800610376398779,-9.555096292121933,362.0,536.0,938,1052,1990,898.0,97.5035175879397,-174.0,38.59275053304904,399.0,524.0,1163.0,1047.0,2210.0,923.0,94.60452488687784,-125.0,34.307824591573514,399.0,418.0,817.0,83.81005025125629,-19.0,37.9277566539924,378.0,609.0,987.0,104.16380090497738,-231.0,36.10315186246418,-415.0,257.0,672.0,49.0,25.0,-2.8989927010618572,-4.284925941475528,-212.0,170.0,20.353750653721093,-1.824604791528216,0.5236151603498542,0.8618090452261307,0.4832460732984293,0.8642533936651584,concordant,concordant,-0.0403690870514248,0.0024443484390277,3,804,533,585,418,1471,1281,533,229,2752,1337,155.71656976744185,271,54.65669612508498,1003,88.85537790697674,167,0.5713675213675213,304,7486,524,762,600,8346,1502,7183,455,9848,8010,398.3208773354996,6962,89.69566259285885,1362,46.425670186839966,162,0.854673495518566,6728
E02000567,Islington,2,3,37.64801429909249,27.776161795226567,176.0,272.0,0.1790437436419125,0.2767039674465921,0.0976602238046795,-9.87185250386592,692.0,216.0,1218,1364,2582,908.0,57.89000774593338,476.0,56.81444991789819,719.0,171.0,1240.0,1181.0,2421.0,890.0,50.784386617100374,548.0,57.983870967741936,865.0,197.0,1062.0,65.99728892331525,668.0,63.41642228739003,777.0,231.0,1008.0,74.13754646840148,546.0,65.79170194750212,386.0,665.0,279.0,72.0,-18.0,-7.105621128833008,1.1694210498437485,-122.0,-54.0,8.140257545086229,2.375279660112092,0.4609137055837563,0.7629744384198296,0.4689146469968387,0.7839735646427096,concordant,concordant,0.0080009414130824,0.02099912622288,2,1147,230,907,205,1807,1612,589,248,3419,1377,77.15998830067271,917,63.475373547315996,1112,54.38286048552208,702,0.5532342306147047,341,9445,181,1108,235,10163,1688,8923,507,11851,9626,144.253227575732,9264,92.93515694184788,1343,21.97114167580795,873,0.8775640441243504,8416
E02000568,Islington,1,2,42.750898618181814,31.54204006648587,99.0,162.0,0.1007121057985757,0.1648016276703967,0.0640895218718209,-11.208858551695943,1067.0,0.0,1280,1242,2522,1067.0,0.0,1067.0,83.359375,1249.0,0.0,1555.0,1290.0,2845.0,1249.0,0.0,1249.0,80.32154340836013,1052.0,0.0,1052.0,0.0,1052.0,84.70209339774557,1098.0,0.0,1098.0,0.0,1098.0,85.11627906976744,935.0,1076.0,141.0,182.0,182.0,0.0,-3.037831591639872,46.0,46.0,0.0,0.4141856720218726,0.5035394053798962,0.8402061855670103,0.532168726033234,0.8249560632688928,concordant,concordant,0.0286293206533377,-0.0152501222981175,1,1946,0,1396,0,2169,1613,889,371,3782,1946,0.0,1946,89.7187644075611,1396,0.0,1396,0.5822860562537403,518,10844,0,1616,0,11154,1812,9599,522,12966,10844,0.0,10844,97.22072798995876,1616,0.0,1616,0.8703049759229534,9077
E02000569,Islington,2,3,40.09482606465775,29.2265388215859,135.0,225.0,0.1373346897253306,0.2288911495422177,0.091556459816887,-10.868287243071851,684.0,157.0,996,1221,2217,841.0,48.43843031123139,527.0,68.67469879518072,642.0,207.0,1009.0,1230.0,2239.0,849.0,59.35417597141581,435.0,63.62735381565907,829.0,125.0,954.0,46.741091565178166,704.0,67.8951678951679,766.0,186.0,952.0,63.63376507369361,580.0,62.27642276422765,297.0,610.0,313.0,-92.0,8.0,10.91574566018442,-5.047344979521647,-124.0,-2.0,16.892673508515443,-5.618745130940255,0.4685236768802228,0.8096526838069463,0.4714047751249306,0.8043769539973202,concordant,concordant,0.0028810982447077,-0.005275729809626,2,1064,164,875,130,1493,1452,497,231,2945,1228,59.251612903225805,900,71.26590756865372,1005,38.62478777589134,745,0.5499328257948948,266,9229,209,1032,190,9738,1670,8729,440,11408,9438,169.0796809256662,9020,94.77305401519818,1222,17.187938288920055,842,0.8853658536585366,8289
E02000570,Islington,6,7,22.861351986070808,16.23433839592219,537.0,651.0,0.5462868769074263,0.6622583926754833,0.1159715157680569,-6.627013590148618,253.0,779.0,1210,1071,2281,1032.0,86.40377027619465,-526.0,20.909090909090907,161.0,931.0,1065.0,1169.0,2234.0,1092.0,67.09534467323188,-770.0,15.11737089201878,208.0,863.0,1071.0,78.69530907496711,-655.0,19.421101774042953,159.0,822.0,981.0,58.50402864816473,-663.0,13.60136869118905,-805.0,145.0,950.0,-244.0,60.0,-19.30842560296277,-5.791720017072127,-8.0,-90.0,-20.191280426802383,-5.819733082853903,0.4907275320970042,0.9219640508548882,0.5267727930535456,0.9279319606087736,concordant,concordant,0.0360452609565413,0.0059679097538852,4,947,760,496,840,1888,1342,678,271,3230,1707,222.8235294117647,187,50.15889830508474,1336,128.99071207430342,-344,0.5609595793624712,407,7226,914,596,799,8121,1586,7056,417,9707,8140,680.3918821469043,6312,88.9791897549563,1395,49.057793345008754,-203,0.853696906135291,6639
E02000571,Islington,2,2,37.9650182505292,31.614917768317273,169.0,160.0,0.1719226856561546,0.1627670396744659,-0.0091556459816886,-6.350100482211925,511.0,134.0,825,860,1685,645.0,40.63738872403561,377.0,61.93939393939394,573.0,167.0,1013.0,987.0,2000.0,740.0,47.8455,406.0,56.564659427443246,542.0,177.0,719.0,56.93412462908012,365.0,63.0232558139535,636.0,200.0,836.0,63.6,436.0,64.43768996960486,625.0,743.0,118.0,29.0,95.0,7.208111275964392,-5.374734511950692,71.0,117.0,6.665875370919885,1.4144341556513638,0.4728739002932551,0.8094955489614243,0.4695431472081218,0.788,concordant,concordant,-0.0033307530851333,-0.0214955489614242,2,826,139,594,181,1236,1053,411,193,2289,965,50.15902140672783,687,66.8284789644013,775,46.96985583224115,413,0.5545977011494253,218,8175,170,853,202,8724,1344,7711,357,10068,8345,138.03635280095352,8005,93.707015130674,1055,17.114223281684545,651,0.8877659574468085,7354
E02000572,Islington,1,1,43.131039621981095,35.59977105879728,87.0,70.0,0.0885045778229908,0.0712105798575788,-0.017293997965412,-7.531268563183815,771.0,0.0,893,981,1874,771.0,0.0,771.0,86.33818589025756,729.0,0.0,831.0,827.0,1658.0,729.0,0.0,729.0,87.72563176895306,777.0,0.0,777.0,0.0,777.0,79.20489296636084,670.0,0.0,670.0,0.0,670.0,81.01571946795647,733.0,733.0,0.0,-42.0,-42.0,0.0,1.3874458786955015,-107.0,-107.0,0.0,1.8108265015956275,0.4980620155038759,0.8260405549626467,0.5210864903502502,0.8437876960193004,concordant,concordant,0.0230244748463742,0.0177471410566536,1,1367,0,964,0,1533,1172,640,191,2705,1367,0.0,1367,89.17155903457274,964,0.0,964,0.5864435864435864,449,8366,0,923,0,8471,1081,7640,254,9552,8366,0.0,8366,98.76047692126077,923,0.0,923,0.9006351598665088,7386
E02000573,Islington,5,5,28.207348281069866,21.750924327176783,403.0,464.0,0.409969481180061,0.4720244150559511,0.0620549338758901,-6.456423953893083,327.0,882.0,977,1412,2389,1209.0,120.72582670573462,-555.0,33.469805527123846,411.0,810.0,1554.0,1349.0,2903.0,1221.0,114.67791939373062,-399.0,26.44787644787645,437.0,562.0,999.0,102.802009208874,-125.0,30.94900849858357,425.0,968.0,1393.0,141.71546675852565,-543.0,31.504818383988137,-187.0,488.0,675.0,156.0,12.0,-6.047907312004,-7.021929079247396,-418.0,394.0,38.91345754965165,0.5558098854045674,0.5475543478260869,0.9242360820426956,0.4671002295332823,0.9004478126076473,concordant,concordant,-0.0804541182928045,-0.0237882694350484,3,1175,647,756,456,1792,1692,815,280,3484,1822,218.20464982778415,528,65.56919642857143,1212,98.9483352468427,300,0.6005273566249176,535,8992,624,933,760,10109,1829,8555,480,11938,9616,470.0123973864969,8368,88.95044020180038,1693,59.396883900150776,173,0.8502962242461756,8075
E02000574,Islington,4,4,32.487012750264675,25.39780703695508,296.0,345.0,0.301119023397762,0.3509664292980671,0.0498474059003051,-7.089205713309596,516.0,772.0,1151,1478,2629,1288.0,151.52225180677064,-256.0,44.83058210251955,460.0,608.0,1078.0,1323.0,2401.0,1068.0,116.48479800083298,-148.0,42.67161410018553,541.0,563.0,1104.0,115.8550779764169,-22.0,36.60351826792964,605.0,536.0,1141.0,135.0603915035402,69.0,45.72940287226002,-5.0,495.0,500.0,108.0,-220.0,-35.03745380593766,-2.1589680023340208,91.0,37.0,19.205313527123295,9.12588460433038,0.5384615384615384,0.9098516546215292,0.4834766862833861,0.920033319450229,concordant,divergent,-0.0549848521781523,0.0101816648286999,3,1473,761,672,557,2257,1723,1106,245,3980,2234,281.6464824120603,712,65.26362428001772,1229,94.0462311557789,115,0.6451053999422466,861,6970,606,976,529,7706,1827,6628,504,9533,7576,443.07353403965175,6364,90.44900077861406,1505,54.15965593202559,447,0.834269353595419,6124
E02000575,Islington,5,5,26.664670174557628,21.646702497769848,437.0,470.0,0.444557477110885,0.4781281790437436,0.0335707019328586,-5.01796767678778,562.0,1403.0,1478,2060,3538,1965.0,222.86206896551724,-841.0,38.02435723951286,444.0,1027.0,1443.0,1742.0,3185.0,1471.0,143.16734693877552,-583.0,30.76923076923077,509.0,781.0,1290.0,112.35980780101752,-272.0,24.70873786407767,530.0,873.0,1403.0,145.27158555729983,-343.0,30.424799081515495,-439.0,486.0,925.0,258.0,-494.0,-79.69472202674172,-7.2551264702820895,-71.0,113.0,32.911777756282305,5.716061217437826,0.6036866359447005,0.9200113058224986,0.511830201809325,0.9023547880690738,concordant,concordant,-0.0918564341353754,-0.0176565177534248,3,2606,1085,947,574,3460,2441,1982,381,5901,3691,479.15776986951363,1521,75.31791907514452,1521,92.11625148279953,373,0.7081734458940906,1601,10106,807,1248,671,11054,2417,9611,675,13471,10913,605.4147427807884,9299,91.42391894336892,1919,62.16375918640041,577,0.8504519950124688,8936
E02000576,Islington,3,4,33.18792029931828,26.248406675017893,280.0,325.0,0.2848423194303153,0.3306205493387589,0.0457782299084435,-6.939513624300385,533.0,473.0,980,1164,2144,1006.0,117.58815298507464,60.0,54.38775510204081,620.0,422.0,1229.0,1176.0,2405.0,1042.0,108.7900207900208,198.0,50.44751830756713,562.0,362.0,924.0,94.88992537313432,200.0,48.281786941580755,632.0,471.0,1103.0,123.77214137214138,161.0,53.74149659863946,103.0,556.0,453.0,138.0,36.0,-8.798132195053839,-3.940236794473684,-39.0,179.0,28.88221599900706,5.459709657058703,0.5212435233160622,0.9001865671641791,0.4857808857808858,0.8918918918918919,concordant,concordant,-0.0354626375351763,-0.0082946752722872,2,1500,312,731,209,1945,1330,965,166,3275,1812,142.90076335877862,1188,77.12082262210797,940,46.65007633587786,522,0.6584302325581395,799,9798,262,1091,258,10395,1630,9166,454,12025,10060,213.47825363825365,9536,94.25685425685427,1349,23.407733887733887,833,0.8817600140240162,8712
E02000577,Kensington and Chelsea,1,1,48.76204338380331,48.5609447967714,29.0,2.0,0.0295015259409969,0.0020345879959308,-0.0274669379450661,-0.2010985870319075,434.0,0.0,507,567,1074,434.0,0.0,434.0,85.60157790927022,426.0,0.0,479.0,552.0,1031.0,426.0,0.0,426.0,88.93528183716074,522.0,0.0,522.0,0.0,522.0,92.06349206349206,494.0,0.0,494.0,0.0,494.0,89.4927536231884,392.0,392.0,0.0,-8.0,-8.0,0.0,3.333703927890525,-28.0,-28.0,0.0,-2.570738440303657,0.4539748953974895,0.8901303538175046,0.4630434782608695,0.8923375363724539,concordant,concordant,0.00906858286338,0.0022071825549493,1,631,0,588,0,714,633,207,66,1347,631,0.0,631,88.37535014005601,588,0.0,588,0.5176374077112387,141,7546,0,671,0,7603,734,7124,182,8337,7546,0.0,7546,99.25029593581482,671,0.0,671,0.9183400267737617,6942
E02000578,Kensington and Chelsea,2,1,42.02997782683684,42.82580601324953,110.0,10.0,0.1119023397761953,0.0101729399796541,-0.1017293997965411,0.7958281864126917,246.0,40.0,440,360,800,286.0,12.3,206.0,55.90909090909091,194.0,37.0,286.0,317.0,603.0,231.0,11.903814262023218,157.0,67.83216783216784,249.0,107.0,356.0,33.30375,142.0,69.16666666666667,230.0,39.0,269.0,14.875621890547263,191.0,72.55520504731862,233.0,233.0,0.0,-49.0,-55.0,-0.3961857379767828,11.923076923076934,49.0,-87.0,-18.428128109452736,3.3885383806519513,0.4454828660436137,0.8025,0.462,0.8291873963515755,concordant,concordant,0.0165171339563863,0.0266873963515754,2,379,43,302,109,594,446,154,86,1040,422,15.670192307692307,336,63.804713804713806,411,31.651923076923076,193,0.5066026410564226,68,5839,39,337,41,5943,451,5657,134,6394,5878,35.6147951204254,5800,98.25004206629649,378,2.1609321238661243,296,0.9395780051150895,5523
E02000579,Kensington and Chelsea,2,2,38.06222286675952,30.37523892123084,167.0,194.0,0.1698880976602238,0.1973550356052899,0.0274669379450661,-7.686983945528677,514.0,91.0,787,840,1627,605.0,28.74861708666257,423.0,65.31130876747142,477.0,82.0,699.0,746.0,1445.0,559.0,27.068512110726644,395.0,68.24034334763948,590.0,112.0,702.0,40.61462814996927,478.0,70.23809523809523,546.0,81.0,627.0,30.60622837370242,465.0,73.19034852546918,370.0,485.0,115.0,-28.0,-46.0,-1.680104975935926,2.9290345801680644,-13.0,-75.0,-10.008399776266849,2.9522532873739493,0.4628921193573068,0.803318992009834,0.4713322091062394,0.8207612456747405,concordant,concordant,0.0084400897489326,0.0174422536649064,2,853,95,643,114,1173,971,386,131,2144,948,37.796175373134325,758,72.71952259164536,757,34.18936567164179,529,0.5560117302052786,255,8453,89,807,82,8778,1061,8079,315,9839,8542,76.46275027949994,8364,96.29756208703577,889,6.725683504421181,725,0.9057364012299862,7764
E02000580,Kensington and Chelsea,2,1,39.83334010283074,35.25206233893729,139.0,76.0,0.1414038657171922,0.0773143438453713,-0.0640895218718209,-4.581277763893446,701.0,139.0,949,973,1922,840.0,50.69667013527575,562.0,73.86722866174921,532.0,95.0,697.0,734.0,1431.0,627.0,35.31795946890286,437.0,76.3271162123386,677.0,99.0,776.0,34.87148803329865,578.0,69.57862281603289,516.0,76.0,592.0,27.40461215932914,440.0,70.29972752043598,600.0,600.0,0.0,-125.0,-213.0,-15.37871066637289,2.459887550589386,-138.0,-184.0,-7.466875873969507,0.7211047044030892,0.5198019801980198,0.8407908428720083,0.5143560295324036,0.8518518518518519,concordant,concordant,-0.0054459506656162,0.0110610089798435,2,1115,140,753,116,1414,1104,465,131,2518,1255,61.99364575059571,975,78.85431400282886,869,34.68943606036537,637,0.5908662900188324,334,7581,102,665,78,7786,923,7089,189,8709,7683,88.78883913193248,7479,97.3670690983817,743,5.955907681708577,587,0.9118205554236886,6900
E02000581,Kensington and Chelsea,2,1,41.13415795560427,41.39443757988922,120.0,14.0,0.1220752797558494,0.0142421159715157,-0.1078331637843336,0.2602796242849479,298.0,80.0,481,593,1074,378.0,22.197392923649907,218.0,61.95426195426196,264.0,59.0,411.0,476.0,887.0,323.0,17.560315670800453,205.0,64.23357664233576,390.0,88.0,478.0,31.955307262569832,302.0,65.7672849915683,309.0,62.0,371.0,21.598647125140925,247.0,64.91596638655463,312.0,312.0,0.0,-13.0,-55.0,-4.637077252849455,2.2793146880738036,-55.0,-107.0,-10.356660137428907,-0.8513186050136738,0.441588785046729,0.7970204841713222,0.4654178674351585,0.7824126268320181,concordant,concordant,0.0238290823884295,-0.0146078573393041,2,504,85,448,89,712,713,231,120,1425,589,30.063157894736843,419,70.78651685393258,537,27.980350877192983,359,0.5230905861456483,111,7091,62,395,64,7271,599,6860,123,7870,7153,55.86302414231258,7029,97.52441204786136,459,3.2121982210927573,331,0.9397004729374672,6737
E02000582,Kensington and Chelsea,7,7,18.32628590024807,16.725240580519117,664.0,637.0,0.6754832146490336,0.6480162767039674,-0.0274669379450661,-1.6010453197289571,255.0,655.0,890,1130,2020,910.0,82.68564356435644,-400.0,28.651685393258425,192.0,481.0,829.0,900.0,1729.0,673.0,53.41353383458647,-289.0,23.16043425814234,245.0,481.0,726.0,58.33910891089109,-236.0,21.68141592920354,256.0,480.0,736.0,71.06998264893002,-224.0,28.444444444444443,-151.0,235.0,386.0,111.0,-237.0,-29.272109729769973,-5.491251135116084,12.0,10.0,12.73087373803893,6.763028515240904,0.5562347188264058,0.80990099009901,0.4776437189496096,0.814921920185078,concordant,concordant,-0.0785909998767961,0.005020930086068,5,1059,628,504,472,1671,1353,781,223,3024,1687,219.92460317460316,431,63.37522441651705,976,78.66666666666667,32,0.6334960570784829,558,5808,465,592,465,6413,1214,5584,314,7627,6273,354.09990822079453,5343,90.56603773584906,1057,36.0928281106595,127,0.8557980900409277,5270
E02000583,Kensington and Chelsea,7,7,18.67698141448719,16.841671646078712,651.0,634.0,0.6622583926754833,0.6449643947100712,-0.017293997965412,-1.8353097684084825,188.0,497.0,789,878,1667,685.0,56.0503899220156,-309.0,23.827629911280106,197.0,367.0,690.0,632.0,1322.0,564.0,54.68910741301059,-170.0,28.550724637681157,209.0,428.0,637.0,53.66046790641872,-219.0,23.804100227790435,176.0,382.0,558.0,50.85627836611195,-206.0,27.848101265822784,-46.0,232.0,278.0,139.0,-121.0,-1.361282509005008,4.723094726401051,13.0,-79.0,-2.8041895403067656,4.044001038032349,0.5181543116490166,0.7930413917216557,0.5026737967914439,0.848714069591528,concordant,concordant,-0.0154805148575727,0.0556726778698722,5,771,477,455,406,1347,1100,558,222,2447,1248,150.29301185124643,294,57.23830734966593,861,75.4924397221087,49,0.5917496443812233,336,5799,342,514,366,6284,954,5594,322,7238,6141,274.0063553467809,5457,92.28198599618078,880,25.99115777839182,148,0.874661729098419,5272
E02000584,Kensington and Chelsea,9,9,12.80890083516752,11.600910576314122,808.0,803.0,0.8219735503560529,0.8168870803662258,-0.005086469989827,-1.207990258853398,19.0,770.0,860,904,1764,789.0,8.293650793650794,-751.0,2.2093023255813953,15.0,689.0,802.0,800.0,1602.0,704.0,6.451310861423221,-674.0,1.8703241895261848,22.0,683.0,705.0,8.51814058956916,-661.0,2.433628318584071,35.0,666.0,701.0,14.55056179775281,-631.0,4.375,-596.0,41.0,637.0,77.0,-85.0,-1.8423399322275733,-0.3389781360552104,30.0,-4.0,6.032421208183649,1.9413716814159292,0.5281124497991968,0.8469387755102041,0.501067615658363,0.8770287141073658,concordant,concordant,-0.0270448341408338,0.0300899385971616,7,143,865,91,1371,1604,1118,744,214,2722,1008,45.4426891991183,-722,8.915211970074813,1462,45.83431300514328,-1280,0.4080971659919028,530,92,872,89,6761,6998,1052,6196,252,8050,964,9.965714285714286,-780,1.3146613318090883,6850,74.74894409937889,-6672,0.1233683132838495,5944
E02000585,Kensington and Chelsea,7,7,20.16497963239504,16.70170442499692,612.0,640.0,0.6225839267548321,0.6510681586978637,0.0284842319430316,-3.463275207398119,262.0,455.0,877,919,1796,717.0,66.37527839643653,-193.0,29.874572405929307,262.0,422.0,809.0,741.0,1550.0,684.0,71.3316129032258,-160.0,32.38566131025958,302.0,432.0,734.0,72.64142538975501,-130.0,32.861806311207836,214.0,446.0,660.0,61.57677419354839,-232.0,28.879892037786774,-99.0,276.0,375.0,33.0,-33.0,4.9563345067892755,2.511088904330272,-102.0,-74.0,-11.064651196206626,-3.9819142734210615,0.4941419710544452,0.8079064587973274,0.5089285714285714,0.8670967741935484,concordant,concordant,0.0147866003741262,0.0591903153962209,5,943,448,545,414,1534,1148,657,229,2682,1391,157.51826994780015,495,61.47327249022164,959,84.12751677852349,131,0.5919148936170213,428,7398,402,564,425,7919,1054,7110,313,8973,7800,331.43831494483453,6996,93.4208864755651,989,26.713473754597125,139,0.8874729775856184,6797
E02000586,Kensington and Chelsea,9,9,11.434909092032438,9.498918296739854,857.0,877.0,0.8718209562563581,0.8921668362156663,0.0203458799593081,-1.935990795292584,79.0,861.0,959,1106,2065,940.0,32.938983050847455,-782.0,8.237747653806048,21.0,549.0,744.0,742.0,1486.0,570.0,7.7584118438761775,-528.0,2.82258064516129,27.0,637.0,664.0,8.328813559322034,-610.0,2.4412296564195297,22.0,562.0,584.0,8.320323014804845,-540.0,2.964959568733154,-462.0,68.0,530.0,254.0,-370.0,-25.180571206971276,-5.415167008644758,70.0,-80.0,-0.0084905445171887,0.5237299123136241,0.5860349127182045,0.7767554479418887,0.4939341421143847,0.7765814266487214,concordant,concordant,-0.0921007706038197,-0.0001740212931672,8,74,1249,20,1605,1821,1341,862,235,3162,1323,29.23023402909551,-1175,4.063701263042285,1625,10.15180265654649,-1585,0.4487788331071913,627,14,922,20,6257,6358,1001,5614,259,7359,936,1.7540426688408752,-908,0.2201950298836112,6277,17.005027857045793,-6237,0.12976570081796757,5355
E02000587,Kensington and Chelsea,8,9,13.35425247241792,11.36996299297677,786.0,813.0,0.7995930824008138,0.82706002034588,0.0274669379450661,-1.9842894794411483,263.0,585.0,815,882,1697,848.0,90.66293459045374,-322.0,32.26993865030675,180.0,509.0,832.0,756.0,1588.0,689.0,57.695214105793454,-329.0,21.634615384615387,195.0,479.0,674.0,55.04124926340601,-284.0,22.10884353741497,182.0,563.0,745.0,64.52518891687657,-381.0,24.074074074074073,-477.0,74.0,551.0,-7.0,-159.0,-32.96772048466029,-10.635323265691362,-97.0,71.0,9.483939653470564,1.965230536659103,0.557161629434954,0.8968768414849735,0.4804741980474198,0.9030226700251888,concordant,concordant,-0.0766874313875341,0.0061458285402153,7,132,857,111,1239,1536,1100,721,218,2636,989,42.91502276176024,-725,8.59375,1350,52.17336874051593,-1128,0.4228302693458743,503,111,861,80,6176,6380,1058,5548,302,7438,972,12.849018553374563,-750,1.7398119122257052,6256,66.42645872546383,-6096,0.1344770337576093,5246
E02000588,Kensington and Chelsea,9,9,11.333258003431792,11.116954691358025,860.0,825.0,0.8748728382502543,0.8392675483214649,-0.0356052899287894,-0.2163033120737676,22.0,628.0,952,853,1805,650.0,7.654293628808864,-606.0,2.3109243697478994,30.0,458.0,777.0,639.0,1416.0,488.0,9.703389830508474,-428.0,3.861003861003861,9.0,702.0,711.0,3.5002770083102495,-693.0,1.0550996483001172,12.0,588.0,600.0,4.983050847457627,-576.0,1.8779342723004695,-320.0,99.0,419.0,178.0,-162.0,2.0490962016996104,1.5500794912559617,117.0,-111.0,1.4827738391473777,0.8228346240003523,0.4775900073475386,0.754016620498615,0.4485294117647059,0.768361581920904,concordant,concordant,-0.0290605955828326,0.014344961422289,8,22,938,9,1806,1968,1069,1016,216,3037,960,6.794863351992097,-916,1.1178861788617886,1815,5.351992097464604,-1797,0.34594594594594597,800,29,809,12,5706,5826,903,5049,264,6729,838,3.486550750482984,-780,0.4977686234122898,5718,10.17565760142666,-5694,0.12782184258694326,4785
E02000589,Kensington and Chelsea,7,7,17.864227920416862,16.74312407321594,681.0,636.0,0.6927772126144456,0.646998982706002,-0.0457782299084436,-1.1211038472009207,665.0,708.0,1313,1266,2579,1373.0,182.55913144629704,-43.0,50.64737242955065,477.0,501.0,1249.0,1009.0,2258.0,978.0,105.83569530558016,-24.0,38.19055244195357,418.0,496.0,914.0,80.39084916634354,-78.0,33.0173775671406,380.0,623.0,1003.0,104.84499557130204,-243.0,37.66105054509416,43.0,502.0,459.0,19.0,-395.0,-76.72343614071688,-12.45681998759708,-165.0,89.0,24.454146404958493,4.643672977953564,0.6003498032356799,0.8867778208607987,0.4936900555275114,0.8773250664304695,concordant,concordant,-0.1066597477081685,-0.0094527544303292,6,607,839,363,636,2226,1468,913,202,3694,1446,137.86491608012994,-232,27.268643306379154,999,62.498105035192204,-273,0.5914110429447853,711,422,623,311,764,7112,1299,5863,290,8411,1045,31.257401022470575,-201,5.93363329583802,1075,28.249197479491144,-453,0.49292452830188677,5573
E02000590,Kensington and Chelsea,7,6,19.385013797576622,20.742080588075144,631.0,505.0,0.641912512716175,0.513733468972533,-0.1281790437436419,1.3570667904985214,345.0,331.0,723,793,1516,676.0,75.32651715039577,14.0,47.71784232365145,253.0,251.0,746.0,584.0,1330.0,504.0,47.74661654135338,2.0,33.9142091152815,364.0,293.0,657.0,70.35092348284961,71.0,45.90163934426229,238.0,387.0,625.0,69.25263157894737,-149.0,40.75342465753425,289.0,437.0,148.0,-12.0,-172.0,-27.57990060904239,-13.803633208369952,-220.0,-32.0,-1.0982919039022363,-5.148214686728046,0.5071267816954238,0.8792875989445911,0.4464127546501328,0.8488721804511278,concordant,divergent,-0.0607140270452909,-0.0304154184934632,5,1085,319,588,283,1441,967,718,174,2408,1404,143.73546511627907,766,75.29493407356003,871,69.1046511627907,305,0.6171428571428571,544,5423,246,427,376,5883,743,5137,159,6626,5669,201.33685481436765,5177,92.1808601053884,803,24.230606700875338,51,0.8759270704573547,4978
E02000591,Kensington and Chelsea,4,3,30.4618304476289,28.766785788458684,352.0,239.0,0.358087487283825,0.2431332655137334,-0.1149542217700915,-1.6950446591702146,597.0,170.0,744,792,1536,767.0,66.07421875,427.0,80.24193548387096,600.0,145.0,837.0,746.0,1583.0,745.0,54.95893872394189,455.0,71.68458781362007,572.0,109.0,681.0,40.591145833333336,463.0,72.22222222222221,565.0,183.0,748.0,65.31585596967783,382.0,75.73726541554959,564.0,655.0,91.0,28.0,-22.0,-11.115280026058109,-8.557347670250891,-81.0,67.0,24.72471013634449,3.5150431933273723,0.5296961325966851,0.9427083333333334,0.4989953114534494,0.9431459254579913,concordant,concordant,-0.0307008211432356,0.0004375921246577,3,1096,166,655,106,1275,918,531,126,2193,1262,82.96215230278158,930,85.9607843137255,761,31.659826721386228,549,0.6238260009886307,405,5850,137,733,178,6107,932,5270,186,7039,5987,113.85850262821424,5713,95.79171442606844,911,18.535871572666572,555,0.8679327341258336,5084
E02000592,Kensington and Chelsea,9,9,12.94032297441207,11.406496805338634,801.0,810.0,0.814852492370295,0.8240081383519837,0.0091556459816887,-1.5338261690734356,8.0,907.0,842,1133,1975,915.0,3.673924050632912,-899.0,0.9501187648456058,11.0,675.0,837.0,848.0,1685.0,686.0,4.406528189910979,-664.0,1.3142174432497014,24.0,643.0,667.0,7.81367088607595,-619.0,2.118270079435128,16.0,633.0,649.0,6.010682492581602,-617.0,1.8867924528301887,-574.0,53.0,627.0,235.0,-229.0,0.7326041392780671,0.3640986784040956,2.0,-18.0,-1.8029883934943471,-0.2314776266049394,0.5783817951959545,0.8010126582278481,0.5138576779026217,0.7922848664688428,concordant,concordant,-0.0645241172933327,-0.0087277917590052,7,184,948,178,1259,1580,1309,738,176,2889,1132,60.37798546209761,-764,11.645569620253164,1437,77.57078573901003,-1081,0.4406383806928766,562,171,847,146,5349,5623,1092,4786,244,6715,1018,21.569173492181683,-676,3.0410812733416326,5495,116.29992553983618,-5203,0.15630277905727008,4542
E02000593,Kensington and Chelsea,6,6,23.96277642444911,19.46751882586079,492.0,557.0,0.5005086469989827,0.5666327568667345,0.0661241098677518,-4.495257598588321,559.0,406.0,955,1142,2097,965.0,108.2279446828803,153.0,58.53403141361257,550.0,342.0,1097.0,1058.0,2155.0,892.0,87.28538283062645,208.0,50.13673655423884,611.0,290.0,901.0,84.4969003338102,321.0,53.502626970227674,524.0,427.0,951.0,103.82737819025522,97.0,49.52741020793951,329.0,609.0,280.0,55.0,-73.0,-20.94256185225386,-8.39729485937373,-224.0,50.0,19.330477856445015,-3.975216762288163,0.5171489817792069,0.8898426323319027,0.4839934888768312,0.8552204176334107,concordant,concordant,-0.0331554929023756,-0.034622214698492,4,1295,356,769,242,1675,1289,720,147,2964,1651,155.53981106612684,939,77.31343283582089,1011,62.786099865047234,527,0.6202103681442525,573,6674,289,821,364,7202,1335,6105,277,8537,6963,225.93252899144898,6385,92.66870313801722,1185,35.005739721213544,457,0.8545655375552282,5828
E02000594,Kensington and Chelsea,8,8,14.155935042608936,12.731745489199492,769.0,770.0,0.7822990844354019,0.7833163784333672,0.0010172939979653,-1.4241895534094429,220.0,423.0,676,736,1412,643.0,65.90651558073654,-203.0,32.544378698224854,103.0,326.0,485.0,568.0,1053.0,429.0,31.887939221272553,-223.0,21.237113402061855,178.0,318.0,496.0,40.08781869688385,-140.0,24.184782608695652,128.0,307.0,435.0,37.31813865147198,-179.0,22.535211267605636,-172.0,127.0,299.0,-20.0,-214.0,-34.018576359463985,-11.307265296163,-39.0,-61.0,-2.7696800454118673,-1.6495713410900166,0.5645302897278315,0.806657223796034,0.4965277777777778,0.8205128205128205,concordant,concordant,-0.0680025119500536,0.0138555967167864,7,161,746,121,1030,1305,956,629,220,2261,907,53.12074303405573,-585,12.337164750957855,1151,55.121627598407784,-909,0.44071914480077745,409,65,706,93,6289,6412,879,5927,311,7291,771,6.294061171307091,-641,1.0137242669993762,6382,80.21903716911261,-6196,0.10778694254159094,5616
E02000595,Kensington and Chelsea,8,8,14.847629761287685,14.963156975228165,754.0,705.0,0.7670396744659207,0.7171922685656155,-0.0498474059003052,0.1155272139404797,169.0,419.0,754,762,1516,588.0,46.70910290237467,-250.0,22.41379310344828,134.0,447.0,698.0,717.0,1415.0,581.0,42.33074204946996,-313.0,19.197707736389685,179.0,429.0,608.0,50.653693931398415,-250.0,23.49081364829396,138.0,418.0,556.0,40.766077738515904,-280.0,19.246861924686193,-233.0,163.0,396.0,-63.0,-7.0,-4.378360852904706,-3.2160853670585965,-30.0,-52.0,-9.887616192882511,-4.243951723607765,0.4916387959866221,0.7889182058047494,0.5109938434476693,0.8035335689045936,concordant,concordant,0.0193550474610472,0.0146153630998442,6,310,373,325,411,1405,986,651,224,2391,683,48.36051861145964,-63,22.064056939501782,736,55.86574654956085,-86,0.4813248766737139,427,263,410,245,390,6063,988,5365,271,7051,673,15.29286626010495,-147,4.33778657430315,635,13.551269323500213,-145,0.514525993883792,5094
E02000596,Kensington and Chelsea,8,8,14.69572480596248,12.341827482927998,759.0,783.0,0.7721261444557477,0.7965412004069176,0.0244150559511698,-2.353897323034481,205.0,875.0,918,1272,2190,1080.0,81.90639269406392,-670.0,22.33115468409586,211.0,584.0,893.0,895.0,1788.0,795.0,68.91722595078299,-373.0,23.62821948488242,213.0,553.0,766.0,53.78493150684932,-340.0,16.745283018867923,159.0,565.0,724.0,50.243288590604024,-406.0,17.76536312849162,-307.0,228.0,535.0,297.0,-285.0,-12.989166743280933,1.2970648007865575,-66.0,-42.0,-3.5416429162452943,1.0200801096236989,0.5850487540628385,0.8429223744292238,0.5233706385780118,0.8495525727069351,concordant,concordant,-0.0616781154848267,0.0066301982777112,7,102,1190,142,1703,1953,1480,1035,208,3433,1292,35.35683076026799,-1088,5.22273425499232,1845,70.44159627148267,-1561,0.41185846350015937,827,132,988,91,6201,6460,1190,5567,295,7650,1120,17.0478431372549,-856,2.043343653250774,6292,73.76352941176471,-6110,0.15110631408526715,5272
E02000597,Kensington and Chelsea,4,2,30.582419772791027,32.16868196180794,348.0,145.0,0.3540183112919634,0.1475076297049847,-0.2065106815869786,1.5862621890169135,467.0,103.0,646,552,1198,570.0,40.151085141903174,364.0,72.29102167182663,350.0,72.0,487.0,486.0,973.0,422.0,25.899280575539567,278.0,71.86858316221766,403.0,135.0,538.0,45.413188647746246,268.0,73.0072463768116,373.0,104.0,477.0,39.868448098663926,269.0,76.74897119341564,369.0,392.0,23.0,-86.0,-148.0,-14.251804566363608,-0.4224385096089662,1.0,-61.0,-5.54474054908232,3.741724816604048,0.5144404332129964,0.9248747913188649,0.4694104560622914,0.9239465570400822,concordant,concordant,-0.0450299771507049,-0.0009282342787825,3,827,97,520,135,1025,710,379,158,1735,924,46.235734870317,730,80.6829268292683,655,40.461095100864554,385,0.5851804939835339,221,6097,72,541,103,6254,688,5767,202,6942,6169,63.235955056179776,6025,97.48960665174289,644,8.026937481993661,438,0.9054748275355937,5565
E02000598,Kingston upon Thames,10,10,7.165588229296925,6.144264335145823,958.0,962.0,0.9745676500508648,0.9786368260427264,0.0040691759918617,-1.0213238941511025,0.0,271.0,442,388,830,271.0,0.0,-271.0,0.0,0.0,228.0,436.0,323.0,759.0,228.0,0.0,-228.0,0.0,0.0,298.0,298.0,0.0,-298.0,0.0,0.0,286.0,286.0,0.0,-286.0,0.0,-214.0,0.0,214.0,43.0,-43.0,0.0,0.0,12.0,-12.0,0.0,0.0,0.4762741652021089,0.6855421686746987,0.4435797665369649,0.6772068511198946,concordant,concordant,-0.032694398665144,-0.0083353175548041,10,0,644,0,657,692,652,250,264,1344,644,0.0,-644,0.0,657,0.0,-657,0.49500384319754037,-14,0,668,0,7959,7972,682,7536,359,8654,668,0.0,-668,0.0,7959,0.0,-7959,0.07743132027355976,7177
E02000599,Kingston upon Thames,10,10,8.383829453507566,7.575964670508644,932.0,934.0,0.948118006103764,0.9501525940996948,0.0020345879959308,-0.8078647829989221,0.0,440.0,609,643,1252,440.0,0.0,-440.0,0.0,0.0,376.0,388.0,530.0,918.0,376.0,0.0,-376.0,0.0,0.0,419.0,419.0,0.0,-419.0,0.0,0.0,243.0,243.0,0.0,-243.0,0.0,-371.0,0.0,371.0,64.0,-64.0,0.0,0.0,176.0,-176.0,0.0,0.0,0.5122235157159488,0.6861022364217252,0.6074313408723748,0.6742919389978214,concordant,concordant,0.095207825156426,-0.0118102974239038,9,66,835,60,1158,1287,953,678,310,2240,901,24.602678571428573,-769,5.128205128205128,1218,31.017857142857142,-1098,0.4252005663048608,368,59,743,58,6819,6919,848,6531,318,7767,802,5.644006694991631,-684,0.8527243821361469,6877,50.92081884897644,-6761,0.10444068238051829,6213
E02000600,Kingston upon Thames,10,10,10.298135890699088,8.83027120511126,887.0,903.0,0.9023397761953204,0.9186164801627672,0.0162767039674466,-1.4678646855878288,0.0,594.0,1023,830,1853,594.0,0.0,-594.0,0.0,0.0,448.0,710.0,621.0,1331.0,448.0,0.0,-448.0,0.0,0.0,708.0,708.0,0.0,-708.0,0.0,0.0,513.0,513.0,0.0,-513.0,0.0,-439.0,0.0,439.0,146.0,-146.0,0.0,0.0,195.0,-195.0,0.0,0.0,0.456221198156682,0.7026443604964921,0.4661810613943808,0.7220135236664162,concordant,concordant,0.0099598632376988,0.019369163169924,8,270,723,209,1147,1653,1135,630,305,2788,993,70.01793400286944,-453,16.33393829401089,1356,85.9838593974175,-938,0.4227330779054917,325,183,706,166,7810,8139,989,7429,368,9128,889,14.154031551270815,-523,2.248433468485072,7976,142.03111305872042,-7644,0.10028200789622109,7061
E02000601,Kingston upon Thames,9,10,11.532521458687896,9.207309253246754,852.0,886.0,0.866734486266531,0.901322482197355,0.0345879959308239,-2.325212205441142,394.0,310.0,1150,795,1945,704.0,62.796915167095115,84.0,34.26086956521739,248.0,271.0,883.0,751.0,1634.0,519.0,41.13096695226438,-23.0,28.08607021517554,297.0,521.0,818.0,79.55629820051414,-224.0,37.35849056603773,333.0,443.0,776.0,90.28090575275398,-110.0,44.34087882822903,-461.0,0.0,461.0,-107.0,-185.0,-21.665948214830735,-6.174799350041852,114.0,-42.0,10.724607552239846,6.9823882621913,0.4625492772667542,0.7825192802056555,0.4007722007722007,0.7925336597307222,divergent,concordant,-0.0617770764945534,0.0100143795250666,8,250,880,188,1293,1844,1296,694,501,3140,1130,70.06369426751593,-630,13.557483731019524,1481,77.41528662420382,-1105,0.43278437380314055,193,193,1000,242,11227,11609,1428,10726,677,13037,1193,14.804019329600369,-807,1.6625032302523903,11469,208.4017795505101,-10985,0.09421892276101722,10049
E02000602,Kingston upon Thames,6,6,22.714853446219383,19.051740089362102,544.0,572.0,0.5534079348931842,0.5818921668362157,0.0284842319430315,-3.663113356857277,1052.0,139.0,1223,1049,2272,1191.0,64.36091549295774,913.0,86.01798855273917,844.0,132.0,1097.0,937.0,2034.0,976.0,54.772861356932154,712.0,76.93710118505014,879.0,124.0,1003.0,47.973591549295776,755.0,83.79408960915157,767.0,197.0,964.0,74.2866273352999,570.0,81.85699039487727,715.0,851.0,136.0,-201.0,-215.0,-9.58805413602559,-9.08088736768903,-185.0,-39.0,26.31303578600412,-1.9370992142742975,0.5428441203281678,0.965669014084507,0.5030927835051546,0.9537856440511308,concordant,concordant,-0.0397513368230131,-0.0118833700333762,4,1671,128,1230,103,1842,1396,619,347,3238,1799,66.0555898702903,1543,90.71661237785015,1333,39.12600370599135,1127,0.5743933588761175,272,9758,114,1289,178,10003,1451,8906,514,11454,9872,97.11995809324253,9644,97.55073477956613,1467,20.031604679587918,1111,0.870623511773525,8392
E02000603,Kingston upon Thames,8,7,17.464010448346055,17.889809137540258,690.0,598.0,0.7019328585961343,0.6083418107833164,-0.0935910478128179,0.4257986891942025,426.0,151.0,691,645,1336,577.0,48.14820359281437,275.0,61.64978292329957,349.0,189.0,613.0,634.0,1247.0,538.0,52.895749799518846,160.0,56.933115823817296,425.0,192.0,617.0,61.07784431137725,233.0,65.89147286821705,400.0,227.0,627.0,72.81475541299118,173.0,63.09148264984227,216.0,388.0,172.0,-115.0,-39.0,4.747546206704477,-4.716667099482272,-60.0,10.0,11.736911101613927,-2.7999902183747807,0.483249581239531,0.8937125748502994,0.4618025751072961,0.934242181234964,concordant,concordant,-0.0214470061322348,0.0405296063846645,6,475,150,485,188,991,886,300,241,1877,625,37.95950985615344,325,47.931382441977796,673,48.577517314864146,297,0.4815100154083205,59,370,189,432,222,8469,970,7856,336,9439,559,7.4086237948935265,181,4.368874719565474,654,10.160398347282552,210,0.460840890354493,7520
E02000604,Kingston upon Thames,10,9,9.222968229676216,10.649229860724232,913.0,840.0,0.9287894201424212,0.854526958290946,-0.0742624618514751,1.4262616310480158,0.0,442.0,716,699,1415,442.0,0.0,-442.0,0.0,0.0,416.0,650.0,643.0,1293.0,416.0,0.0,-416.0,0.0,0.0,466.0,466.0,0.0,-466.0,0.0,0.0,459.0,459.0,0.0,-459.0,0.0,-129.0,179.0,308.0,26.0,-26.0,0.0,0.0,7.0,-7.0,0.0,0.0,0.486784140969163,0.6416961130742049,0.4754285714285714,0.6767208043310131,concordant,concordant,-0.0113555695405915,0.0350246912568081,9,50,754,93,846,1072,975,356,276,2047,804,18.417195896433807,-704,4.664179104477612,939,38.43575964826575,-753,0.4612736660929432,80,72,810,66,8838,8996,1018,8346,375,10014,882,5.823846614739365,-738,0.8003557136505114,8904,58.24925104853205,-8772,0.09012875536480687,7971
E02000605,Kingston upon Thames,10,9,9.24628390944932,11.17658766670745,912.0,820.0,0.9277721261444556,0.8341810783316378,-0.0935910478128179,1.9303037572581283,0.0,314.0,678,537,1215,314.0,0.0,-314.0,0.0,0.0,271.0,528.0,449.0,977.0,271.0,0.0,-271.0,0.0,0.0,400.0,400.0,0.0,-400.0,0.0,0.0,324.0,324.0,0.0,-324.0,0.0,-65.0,132.0,197.0,43.0,-43.0,0.0,0.0,76.0,-76.0,0.0,0.0,0.4397759103641456,0.5876543209876544,0.4554621848739495,0.609007164790174,concordant,concordant,0.0156862745098039,0.0213528438025196,9,107,629,41,687,930,831,252,294,1761,736,38.21862578080636,-522,11.505376344086022,728,15.99488926746167,-646,0.5027322404371585,-42,76,625,46,8156,8345,784,7817,335,9129,701,5.203198597874904,-549,0.9107249850209707,8202,41.09716288750137,-8110,0.07873750421206335,7482
E02000606,Kingston upon Thames,9,9,11.950520457108937,10.246356522578155,835.0,854.0,0.8494404883011191,0.8687690742624619,0.0193285859613427,-1.7041639345307793,476.0,607.0,1595,1329,2924,1083.0,98.81395348837208,-131.0,29.843260188087772,434.0,543.0,1407.0,1103.0,2510.0,977.0,93.88924302788844,-109.0,30.845771144278604,337.0,647.0,984.0,74.5687414500684,-310.0,25.357411587659897,244.0,635.0,879.0,61.72908366533864,-391.0,22.12148685403445,-93.0,481.0,574.0,22.0,-106.0,-4.924710460483638,1.0025109561908323,-81.0,-105.0,-12.83965778472976,-3.2359247336254455,0.5239477503628447,0.7069083447332422,0.5264008620689655,0.7394422310756972,concordant,concordant,0.0024531117061208,0.032533886342455,8,360,1430,272,2043,2683,1984,1088,655,4667,1790,110.30640668523677,-1070,13.41781587774879,2315,119.06920934218985,-1771,0.43605359317904996,433,332,1469,200,9657,10225,1888,8818,785,12113,1801,40.26318831008008,-1137,3.246943765281174,9857,159.44852637662015,-9457,0.1544861897409504,8033
E02000607,Kingston upon Thames,10,10,9.265764802606531,7.982177685950413,910.0,925.0,0.9257375381485248,0.940996948118006,0.0152594099694811,-1.2835871166561184,0.0,801.0,701,940,1641,801.0,0.0,-801.0,0.0,0.0,553.0,644.0,674.0,1318.0,553.0,0.0,-553.0,0.0,0.0,567.0,567.0,0.0,-567.0,0.0,0.0,528.0,528.0,0.0,-528.0,0.0,-552.0,0.0,552.0,248.0,-248.0,0.0,0.0,39.0,-39.0,0.0,0.0,0.5855263157894737,0.8336380255941499,0.5115633672525439,0.8201820940819423,concordant,concordant,-0.0739629485369297,-0.0134559315122075,9,49,1203,32,1493,1597,1292,896,352,2889,1252,20.403946002076843,-1154,3.068252974326863,1525,16.537210107303565,-1461,0.45084623694634496,544,31,951,52,6550,6640,1050,5996,376,7690,982,3.833680104031209,-920,0.4668674698795181,6602,44.29128738621586,-6498,0.12948312236286919,5620
E02000608,Kingston upon Thames,9,9,12.808349356499358,11.443785520575403,809.0,805.0,0.8229908443540183,0.8189216683621566,-0.0040691759918616,-1.3645638359239545,276.0,452.0,1142,1079,2221,728.0,56.16929311121117,-176.0,24.16812609457093,209.0,329.0,813.0,798.0,1611.0,538.0,42.68218497827437,-120.0,25.707257072570727,211.0,536.0,747.0,50.92120666366502,-325.0,19.555143651529193,198.0,420.0,618.0,51.62011173184357,-222.0,24.81203007518797,-130.0,207.0,337.0,56.0,-190.0,-13.487108132936797,1.5391309779997968,103.0,-129.0,0.6989050681785542,5.256886423658777,0.4935593220338983,0.6641152633948672,0.4653979238754325,0.7175667287399131,concordant,concordant,-0.0281613981584657,0.0534514653450459,7,515,758,593,1533,2225,1518,1083,439,3743,1273,104.29334758215336,-243,23.146067415730336,2126,242.87176061982368,-940,0.3745219182112386,644,353,815,438,6530,6997,1373,6184,575,8370,1168,34.37216248506571,-462,5.0450192939831355,6968,341.7132616487455,-6092,0.14355948869223206,5609
E02000609,Kingston upon Thames,9,8,13.08453493666801,13.533696764973367,797.0,747.0,0.8107833163784334,0.7599186164801628,-0.0508646998982705,0.4491618283053569,211.0,139.0,407,434,841,350.0,34.873959571938165,72.0,51.842751842751845,181.0,139.0,415.0,351.0,766.0,320.0,32.844647519582246,42.0,43.6144578313253,228.0,124.0,352.0,33.617122473246134,104.0,52.53456221198156,145.0,149.0,294.0,28.204960835509137,-4.0,41.31054131054131,148.0,255.0,107.0,-30.0,-30.0,-2.0293120523559196,-8.228294011426541,-108.0,-58.0,-5.412161637736997,-11.224020901440248,0.4985754985754986,0.8347205707491082,0.5211726384364821,0.8015665796344648,concordant,divergent,0.0225971398609834,-0.0331539911146434,7,266,309,261,311,611,638,204,204,1249,575,65.80784627702161,-43,43.53518821603928,572,64.98879103282626,-50,0.5013077593722755,0,232,431,180,7264,7540,655,7125,304,8195,663,12.201586333129958,-199,3.076923076923077,7444,159.5509456985967,-7084,0.08178117676082398,6821
E02000610,Kingston upon Thames,8,8,14.40965915336217,14.55825623610768,767.0,715.0,0.780264496439471,0.7273652085452695,-0.0528992878942015,0.1485970827455087,695.0,249.0,1065,929,1994,944.0,86.78786359077232,446.0,65.25821596244131,527.0,115.0,820.0,577.0,1397.0,642.0,43.38224767358626,412.0,64.26829268292683,595.0,275.0,870.0,82.05867602808425,320.0,64.04736275565124,417.0,226.0,643.0,67.46027201145311,191.0,72.27036395147314,366.0,501.0,135.0,-34.0,-302.0,-43.40561591718606,-0.9899232795144854,-129.0,-227.0,-14.598404016631136,8.223001195821908,0.5203969128996693,0.909729187562688,0.4996108949416342,0.9198282032927704,concordant,concordant,-0.020786017958035,0.0100990157300822,7,527,768,465,940,1654,1419,589,490,3073,1295,131.70712658639766,-241,31.86215235792019,1405,142.2388545395379,-475,0.47962962962962963,99,406,610,320,7203,7754,1043,6934,466,8797,1016,28.152779356598842,-204,5.236007222078927,7523,262.0165965670115,-6883,0.11898348752781356,6468
E02000611,Kingston upon Thames,10,10,5.357567997948858,5.68777624602333,977.0,971.0,0.9938962360122076,0.987792472024415,-0.0061037639877925,0.3302082480744719,0.0,303.0,351,380,731,303.0,0.0,-303.0,0.0,0.0,142.0,336.0,191.0,527.0,142.0,0.0,-142.0,0.0,0.0,258.0,258.0,0.0,-258.0,0.0,0.0,252.0,252.0,0.0,-252.0,0.0,-147.0,0.0,147.0,161.0,-161.0,0.0,0.0,6.0,-6.0,0.0,0.0,0.5401069518716578,0.7674418604651163,0.3604060913705584,0.7476280834914611,concordant,concordant,-0.1797008605010994,-0.0198137769736551,10,0,606,0,500,524,617,173,237,1141,606,0.0,-606,0.0,500,0.0,-500,0.5479204339963833,-64,0,496,0,7342,7362,507,7026,316,7869,496,0.0,-496,0.0,7342,0.0,-7342,0.06328144934932381,6710
E02000612,Kingston upon Thames,10,10,8.124465040358745,9.021012397201424,934.0,894.0,0.9501525940996948,0.9094608341810784,-0.0406917599186164,0.8965473568426781,0.0,299.0,470,434,904,299.0,0.0,-299.0,0.0,0.0,274.0,473.0,396.0,869.0,274.0,0.0,-274.0,0.0,0.0,307.0,307.0,0.0,-307.0,0.0,0.0,323.0,323.0,0.0,-323.0,0.0,-308.0,0.0,308.0,25.0,-25.0,0.0,0.0,-16.0,16.0,0.0,0.0,0.4933993399339934,0.6703539823008849,0.4589614740368509,0.6869965477560415,concordant,concordant,-0.0344378658971424,0.0166425654551565,9,70,609,52,540,696,740,226,306,1436,679,29.686629526462397,-539,10.057471264367816,592,19.554317548746518,-488,0.5342250196695515,-80,60,634,41,8035,8179,749,7706,353,8928,694,4.260752688172043,-574,0.7335860129600196,8076,36.899081541218635,-7994,0.07913340935005701,7353
E02000613,Kingston upon Thames,9,9,11.945536291799517,11.422265350349145,836.0,807.0,0.8504577822990844,0.8209562563580874,-0.0295015259409969,-0.523270941450372,159.0,183.0,692,523,1215,342.0,23.94814814814815,-24.0,22.976878612716764,106.0,153.0,578.0,360.0,938.0,259.0,17.28997867803838,-47.0,18.33910034602076,132.0,291.0,423.0,31.614814814814817,-159.0,25.239005736137663,94.0,283.0,377.0,28.360341151385928,-189.0,26.11111111111111,-105.0,86.0,191.0,-23.0,-83.0,-6.658169470109769,-4.637778266696003,-30.0,-46.0,-3.2544736634288896,0.8721053749734473,0.4470588235294118,0.6296296296296297,0.4072327044025157,0.6780383795309168,concordant,concordant,-0.039826119126896,0.0484087499012871,8,131,648,116,768,1064,873,372,350,1937,779,43.82447083118224,-517,12.31203007518797,884,45.992772328342795,-652,0.46843054720384847,22,97,648,85,7778,7962,790,7384,430,8752,745,7.181901279707495,-551,1.2182868625973373,7863,75.5404478976234,-7693,0.08654739776951673,6954
E02000614,Kingston upon Thames,9,8,12.882069875297477,14.95228645598194,805.0,707.0,0.8189216683621566,0.7192268565615463,-0.0996948118006103,2.0702165806844643,170.0,223.0,545,570,1115,393.0,34.0,-53.0,31.19266055045872,186.0,175.0,566.0,442.0,1008.0,361.0,32.291666666666664,11.0,32.86219081272085,139.0,222.0,361.0,27.675336322869956,-83.0,24.385964912280706,107.0,223.0,330.0,23.671626984126984,-116.0,24.20814479638009,172.0,308.0,136.0,64.0,-32.0,-1.7083333333333357,1.6695302622621284,-33.0,-31.0,-4.003709338742972,-0.1778201159006158,0.5212201591511937,0.6762331838565022,0.5224312590448625,0.685515873015873,concordant,divergent,0.0012110998936688,0.0092826891593708,7,268,416,281,488,871,831,326,261,1702,684,65.50411280846063,-148,30.76923076923077,769,80.56874265569918,-207,0.47075017205781144,65,291,549,230,8693,9095,857,8529,415,9952,840,16.052954180064308,-258,3.1995601979109405,8923,200.90333601286173,-8463,0.08603912731742293,8114
E02000615,Kingston upon Thames,9,9,10.762179182171062,10.277038765621016,875.0,850.0,0.8901322482197355,0.8646998982706002,-0.0254323499491352,-0.4851404165500472,129.0,135.0,434,335,769,264.0,22.64629388816645,-6.0,29.723502304147463,122.0,121.0,404.0,280.0,684.0,243.0,21.58187134502924,1.0,30.1980198019802,107.0,183.0,290.0,25.4629388816645,-76.0,31.94029850746269,90.0,162.0,252.0,21.31578947368421,-72.0,32.142857142857146,-44.0,100.0,144.0,7.0,-21.0,-1.064422543137212,0.4745174978327391,4.0,-38.0,-4.14714940798029,0.2025586353944568,0.4765342960288808,0.7204161248374512,0.4909090909090909,0.7236842105263158,concordant,divergent,0.01437479488021,0.0032680856888646,8,112,441,94,447,632,601,198,266,1233,553,40.058394160583944,-329,17.72151898734177,541,34.07785888077859,-353,0.5054844606946983,-68,105,475,84,7597,7758,606,7354,326,8364,580,5.9630559540889525,-370,1.3534416086620265,7681,76.29698708751793,-7513,0.07020941774603559,7028
E02000616,Kingston upon Thames,10,9,9.297869496269277,9.510588321405336,909.0,876.0,0.9247202441505596,0.8911495422177009,-0.0335707019328586,0.2127188251360596,0.0,203.0,249,254,503,203.0,0.0,-203.0,0.0,0.0,141.0,309.0,180.0,489.0,141.0,0.0,-141.0,0.0,0.0,198.0,198.0,0.0,-198.0,0.0,0.0,253.0,253.0,0.0,-253.0,0.0,-27.0,70.0,97.0,62.0,-62.0,0.0,0.0,-55.0,55.0,0.0,0.0,0.5062344139650873,0.7972166998011928,0.3578680203045685,0.8057259713701431,concordant,concordant,-0.1483663936605187,0.0085092715689503,9,12,439,10,378,414,486,165,232,900,451,5.8533333333333335,-427,2.898550724637681,388,4.2,-368,0.5375446960667462,-67,20,478,10,5902,5955,516,5646,336,6471,498,1.4773605316025344,-458,0.33585222502099077,5912,9.120692319579662,-5892,0.07769110764430577,5310
E02000617,Kingston upon Thames,8,7,14.486378140096052,16.046457655826558,764.0,660.0,0.7772126144455748,0.671414038657172,-0.1057985757884028,1.5600795157305054,347.0,46.0,498,274,772,393.0,20.67616580310881,301.0,69.67871485943775,234.0,60.0,361.0,267.0,628.0,294.0,22.356687898089177,174.0,64.81994459833795,200.0,74.0,274.0,19.17098445595855,126.0,72.99270072992701,190.0,84.0,274.0,25.414012738853504,106.0,71.16104868913857,205.0,260.0,55.0,-127.0,-99.0,1.6805220949803683,-4.858770261099792,-20.0,0.0,6.243028282894954,-1.8316520407884411,0.5892053973013494,0.8639896373056994,0.5176056338028169,0.9044585987261148,concordant,concordant,-0.0715997634985324,0.0404689614204152,7,285,360,171,330,735,567,237,293,1302,645,78.80184331797236,-75,38.775510204081634,501,43.34101382488479,-159,0.56282722513089,-56,196,413,156,8442,8695,613,8334,346,9308,609,8.696605070906747,-217,2.254169062679701,8598,141.48603351955308,-8286,0.06614532420984034,7988
E02000619,Lambeth,3,3,34.8299188018376,27.95872657326596,232.0,266.0,0.2360122075279755,0.2706002034587996,0.034587995930824,-6.8711922285716405,521.0,144.0,825,866,1691,665.0,44.36664695446481,377.0,63.15151515151515,468.0,177.0,764.0,821.0,1585.0,645.0,52.26246056782335,291.0,61.25654450261781,597.0,191.0,788.0,67.43169722057954,406.0,68.93764434180139,518.0,170.0,688.0,55.5583596214511,348.0,63.0937880633374,255.0,452.0,197.0,-86.0,-20.0,7.895813613358534,-1.894970648897342,-58.0,-100.0,-11.873337599128432,-5.8438562784639885,0.4576737783895389,0.8592548787699587,0.4838709677419355,0.8410094637223975,concordant,concordant,0.0261971893523966,-0.0182454150475611,2,966,42,765,42,1267,1033,442,167,2300,1008,17.64,924,76.24309392265194,807,13.969565217391304,723,0.5553719008264463,275,8702,70,912,52,8994,1215,8230,394,10209,8772,59.66696052502694,8632,96.75339114965531,964,4.645312959153688,860,0.9009860312243221,7836
E02000620,Lambeth,4,4,32.13140593810032,25.996945037564256,309.0,332.0,0.3143438453713123,0.3377416073245168,0.0233977619532044,-6.134460900536066,501.0,409.0,1134,1129,2263,910.0,90.54750331418472,92.0,44.17989417989418,523.0,457.0,1072.0,1262.0,2334.0,980.0,102.40402742073694,66.0,48.78731343283582,515.0,484.0,999.0,110.14582412726467,31.0,45.61558901682905,636.0,416.0,1052.0,113.3573264781491,220.0,50.39619651347069,86.0,537.0,451.0,-26.0,70.0,11.856524106552214,4.6074192529416464,189.0,53.0,3.2115023508844303,4.780607496641643,0.4766893661602933,0.8435704816615113,0.4822834645669291,0.8706083976006855,concordant,concordant,0.0055940984066357,0.0270379159391742,3,983,408,587,484,1721,1341,587,212,3062,1391,130.9810581319399,575,57.11795467751307,1071,92.78510777269759,103,0.5649878147847278,375,9039,455,1007,412,9678,1757,8606,495,11435,9494,359.66287713161347,8584,93.39739615623063,1419,36.28194140795802,595,0.8699715935123248,8111
E02000621,Lambeth,5,4,27.439728290940263,25.985237829938807,422.0,334.0,0.4292980671414038,0.3397761953204476,-0.0895218718209562,-1.454490461001459,491.0,700.0,1656,1318,2974,1191.0,115.5682582380632,-209.0,29.64975845410628,683.0,981.0,1987.0,1956.0,3943.0,1664.0,169.92721278214557,-298.0,34.37342727730247,402.0,917.0,1319.0,123.95225285810356,-515.0,30.500758725341427,691.0,1061.0,1752.0,185.9373573421253,-370.0,35.327198364008176,385.0,1011.0,626.0,-89.0,473.0,54.35895454408238,4.7236688231961885,145.0,433.0,61.98510448402173,4.8264396386667485,0.4745019920318725,0.843981170141224,0.48711943793911,0.8663454222673092,concordant,concordant,0.0126174459072375,0.0223642521260851,3,1433,488,773,631,2466,1595,810,277,4061,1921,172.19995075104654,945,58.110300081103006,1404,120.10908643191333,142,0.5777443609022557,533,11071,624,1584,776,12250,2727,10263,771,14977,11695,461.2608666622154,10447,90.37551020408164,2360,82.07144287908126,808,0.832088224831021,9492
E02000622,Lambeth,4,5,31.360858549542872,23.477881069042315,330.0,404.0,0.335707019328586,0.4109867751780264,0.0752797558494404,-7.882977480500557,457.0,448.0,977,1143,2120,905.0,96.57358490566038,9.0,46.77584442169909,563.0,498.0,1205.0,1249.0,2454.0,1061.0,114.2518337408313,65.0,46.72199170124481,499.0,355.0,854.0,83.55896226415095,144.0,43.657042869641295,571.0,459.0,1030.0,106.80073349633253,112.0,45.716573258606886,-303.0,372.0,675.0,56.0,156.0,17.67824883517092,-0.0538527204542802,-32.0,176.0,23.241771232181577,2.059530388965591,0.5144968732234224,0.8297169811320755,0.5074127211860354,0.8520782396088019,concordant,concordant,-0.0070841520373869,0.0223612584767264,3,1009,446,601,353,1622,1372,645,229,2994,1455,150.3052772211089,563,62.207151664611594,954,70.85938543754175,248,0.6039850560398505,416,7508,496,921,458,8305,1725,7100,476,10030,8004,371.2829511465603,7012,90.4033714629741,1379,42.055633100697904,463,0.8530320792923372,6624
E02000623,Lambeth,3,3,34.78000505757196,28.88501671547096,235.0,235.0,0.2390640895218718,0.2390640895218718,0.0,-5.894988342101001,464.0,187.0,731,869,1600,651.0,54.23,277.0,63.47469220246238,496.0,193.0,751.0,932.0,1683.0,689.0,56.879382055852645,303.0,66.04527296937417,545.0,132.0,677.0,44.9625,413.0,62.715765247410815,574.0,147.0,721.0,50.135472370766486,427.0,61.587982832618025,279.0,490.0,211.0,26.0,38.0,2.649382055852648,2.570580766911789,14.0,44.0,5.172972370766487,-1.1277824147927902,0.4902108433734939,0.83,0.4886524822695035,0.8377896613190731,concordant,concordant,-0.0015583611039904,0.0077896613190731,2,814,53,677,40,1080,999,349,130,2079,867,20.75132275132275,761,75.37037037037037,717,13.025493025493025,637,0.5473484848484849,219,7520,50,864,44,7772,1222,7021,290,8994,7570,41.80564820991772,7470,96.75759135357694,908,4.226817878585724,820,0.892899268695447,6731
E02000624,Lambeth,2,3,36.78620936434303,29.001417292784733,189.0,229.0,0.1922685656154628,0.2329603255340793,0.0406917599186164,-7.784792071558296,785.0,42.0,969,974,1943,827.0,16.968605249614,743.0,81.01135190918473,890.0,67.0,1103.0,1173.0,2276.0,957.0,26.199472759226712,823.0,80.68902991840436,794.0,38.0,832.0,15.52856407617087,756.0,81.51950718685832,948.0,74.0,1022.0,30.82249560632689,874.0,80.81841432225065,464.0,720.0,256.0,80.0,130.0,9.230867509612713,-0.3223219907803667,118.0,190.0,15.29393153015602,-0.7010928646076735,0.4984930681133213,0.853834276891405,0.483577564426478,0.8695079086115993,concordant,concordant,-0.0149155036868432,0.0156736317201943,2,1013,44,780,45,1401,1141,432,167,2542,1057,17.534225019669552,969,72.30549607423269,825,13.808025177025964,735,0.5616365568544102,265,9109,76,1215,81,9502,1589,8399,416,11091,9185,62.418537552970875,9033,95.8640286255525,1296,8.873410873681363,1134,0.8763476767484019,7983
E02000625,Lambeth,3,2,33.94313390862337,31.110134624524715,259.0,174.0,0.2634791454730417,0.1770091556459817,-0.08646998982706,-2.8329992840986584,505.0,192.0,843,1086,1929,697.0,50.26438569206843,313.0,59.90510083036773,582.0,266.0,977.0,1187.0,2164.0,848.0,71.53974121996303,316.0,59.57011258955987,698.0,199.0,897.0,72.00725764644893,499.0,64.27255985267035,750.0,243.0,993.0,84.21903881700554,507.0,63.184498736310026,665.0,762.0,97.0,3.0,151.0,21.275355527894604,-0.3349882408078599,8.0,96.0,12.211781170556606,-1.088061116360329,0.4372647427854454,0.8263348885432866,0.4606192286800651,0.850739371534196,concordant,concordant,0.0233544858946197,0.0244044829909093,2,962,57,869,50,1298,1254,455,168,2552,1019,21.48667711598746,905,74.11402157164869,919,17.025862068965516,819,0.5257997936016512,287,8765,105,1144,73,9159,1578,8182,391,10737,8870,85.71528359877061,8660,95.69822032973032,1217,7.777964049548291,1071,0.8793496579756122,7791
E02000626,Lambeth,2,1,40.324443028550775,35.384266167699685,127.0,75.0,0.1291963377416073,0.0762970498474059,-0.0528992878942014,-4.940176860851089,614.0,34.0,842,914,1756,648.0,11.888382687927107,580.0,72.92161520190024,447.0,53.0,577.0,788.0,1365.0,500.0,17.356043956043955,394.0,77.46967071057192,709.0,33.0,742.0,13.324031890660592,676.0,77.57111597374178,609.0,34.0,643.0,15.169230769230769,575.0,77.28426395939087,510.0,510.0,0.0,-186.0,-148.0,5.4676612681168475,4.5480555086716805,-101.0,-99.0,1.8451988785701765,-0.286852014350913,0.4661870503597122,0.7915717539863326,0.4374453193350831,0.8373626373626374,concordant,concordant,-0.0287417310246291,0.0457908833763047,2,797,39,643,41,1175,1042,333,128,2217,836,14.020297699594046,758,67.82978723404256,684,11.891294542174109,602,0.55,205,8070,59,714,36,8300,1004,7723,216,9304,8129,51.17476354256234,8011,97.2289156626506,750,2.76268271711092,678,0.9155310282689492,7507
E02000627,Lambeth,4,3,32.301360742869086,29.569132899817113,302.0,214.0,0.3072227873855544,0.2177009155645981,-0.0895218718209562,-2.732227843051973,761.0,484.0,1507,1414,2921,1245.0,126.09517288599794,277.0,50.49767750497678,610.0,565.0,1238.0,1527.0,2765.0,1175.0,124.64737793851718,45.0,49.27302100161551,807.0,548.0,1355.0,151.39883601506332,259.0,57.07213578500707,772.0,479.0,1251.0,133.7388788426763,293.0,50.55664702030125,474.0,802.0,328.0,-232.0,-70.0,-1.4477949474807588,-1.2246565033612669,34.0,-104.0,-17.65995717238701,-6.515488764705822,0.4788461538461538,0.890106128038343,0.4843363561417972,0.8773960216998191,concordant,concordant,0.0054902022956433,-0.0127101063385238,3,1387,482,831,546,2352,1645,845,231,3997,1869,167.25894420815612,905,58.971088435374156,1377,113.51663747810858,285,0.5757855822550831,614,8632,561,1082,479,9401,2041,8163,514,11442,9193,423.2260094389093,8071,91.82001914689927,1561,45.29610208005593,603,0.8548447089455087,7649
E02000628,Lambeth,2,1,41.985913581338,38.76461111689393,111.0,36.0,0.1129196337741607,0.0366225839267548,-0.0762970498474059,-3.221302464444065,611.0,38.0,847,1080,1927,649.0,12.048780487804878,573.0,72.13695395513578,954.0,70.0,1210.0,1385.0,2595.0,1024.0,25.734104046242773,884.0,78.84297520661157,854.0,59.0,913.0,26.14737934613389,795.0,79.07407407407408,1086.0,52.0,1138.0,21.76184971098266,1034.0,78.4115523465704,1112.0,1112.0,0.0,311.0,375.0,13.685323558437895,6.706021251475789,239.0,225.0,-4.385529635151229,-0.6625217275036732,0.4154929577464789,0.8105864037363778,0.4736355226641998,0.833140655105973,concordant,concordant,0.0581425649177209,0.0225542513695952,2,906,43,782,66,1274,1218,427,138,2492,949,15.63322632423756,863,71.11459968602826,848,20.71107544141252,716,0.5281023928770172,289,10188,77,1180,55,10603,1758,9393,373,12361,10265,63.463797427392606,10111,96.0860133924361,1235,5.250384273117062,1125,0.8926086956521739,9020
E02000629,Lambeth,5,5,28.427252767629803,22.65602082191781,397.0,437.0,0.4038657171922685,0.444557477110885,0.0406917599186165,-5.7712319457119925,484.0,515.0,1174,1481,2655,999.0,93.88323917137475,-31.0,41.22657580919932,606.0,641.0,1447.0,1608.0,3055.0,1247.0,127.15090016366612,-35.0,41.879751209398755,746.0,504.0,1250.0,141.6135593220339,242.0,50.371370695476024,704.0,608.0,1312.0,140.108674304419,96.0,43.78109452736319,19.0,635.0,616.0,-4.0,248.0,33.26766099229137,0.6531754001994372,-146.0,62.0,-1.504885017614896,-6.590276168112837,0.4441974210760337,0.8470809792843691,0.4872997264556467,0.8376432078559738,divergent,divergent,0.0431023053796129,-0.0094377714283953,3,1481,370,1084,349,2119,1754,945,273,3873,1851,141.4846372321198,1111,69.89145823501651,1433,97.68035114898012,735,0.5636419001218027,672,8156,492,1386,434,8937,2202,7490,594,11139,8648,360.2434688930784,7664,91.26104956920666,1820,54.00161594398061,952,0.8261367978601452,6896
E02000630,Lambeth,5,6,26.990355788604457,20.472349980986184,429.0,521.0,0.4364191251271617,0.5300101729399797,0.0935910478128179,-6.518005807618273,452.0,370.0,935,1115,2050,822.0,81.58048780487805,82.0,48.342245989304814,476.0,365.0,1017.0,1134.0,2151.0,841.0,80.7717340771734,111.0,46.80432645034415,539.0,322.0,861.0,84.66243902439024,217.0,48.34080717488789,568.0,379.0,947.0,100.07996280799628,189.0,50.08818342151675,-130.0,381.0,511.0,29.0,19.0,-0.8087537277046408,-1.537919538960665,-28.0,86.0,15.417523783606043,1.7473762466288605,0.4884135472370766,0.8209756097560975,0.4703579418344519,0.8312412831241283,concordant,concordant,-0.0180556054026247,0.0102656733680307,3,1170,234,834,239,1609,1348,674,233,2957,1404,92.58708150152181,936,72.71597265382225,1073,67.4081839702401,595,0.5668146951958014,441,6907,245,1131,300,7400,1623,6383,489,9023,7152,187.544608223429,6662,93.33783783783784,1431,37.60390114152721,831,0.8332750786438309,5894
E02000631,Lambeth,5,6,25.697980405344204,19.12386262647335,454.0,571.0,0.461851475076297,0.5808748728382502,0.1190233977619532,-6.574117778870853,283.0,567.0,1083,1118,2201,850.0,72.90368014538846,-284.0,26.13111726685134,261.0,601.0,1004.0,1155.0,2159.0,862.0,72.6544696618805,-340.0,25.996015936254977,309.0,571.0,880.0,80.16310767832803,-262.0,27.638640429338103,317.0,529.0,846.0,77.6716072255674,-212.0,27.445887445887447,-545.0,205.0,750.0,-56.0,12.0,-0.2492104835079658,-0.1351013305963633,50.0,-34.0,-2.491500452760633,-0.1927529834506565,0.4913294797687861,0.7860063607451159,0.5046838407494145,0.7911069939786939,concordant,concordant,0.0133543609806284,0.005100633233578,4,678,713,449,714,1568,1371,485,253,2939,1391,164.48247703300441,-35,43.23979591836735,1163,109.07995916978564,-265,0.5446358653093187,232,8484,764,604,680,9312,1552,8308,397,10864,9248,596.6288659793814,7720,91.1082474226804,1284,37.80559646539028,-76,0.8780858336498291,7911
E02000632,Lambeth,6,5,23.574841554224463,23.357236886254334,511.0,408.0,0.5198372329603256,0.4150559511698881,-0.1047812817904375,-0.2176046679701286,371.0,1298.0,1603,1971,3574,1669.0,134.73922775601568,-927.0,23.144104803493452,472.0,1320.0,1827.0,2118.0,3945.0,1792.0,157.9315589353612,-848.0,25.83470169677066,482.0,1076.0,1558.0,145.11247901510913,-594.0,24.45459157787925,505.0,1185.0,1690.0,151.6920152091255,-680.0,23.84324834749764,-50.0,783.0,833.0,79.0,123.0,23.19233117934553,2.6905968932772097,-86.0,132.0,6.579536194016356,-0.6113432303816104,0.5171986365044934,0.9029099048684948,0.514646754738656,0.8826362484157161,concordant,concordant,-0.0025518817658374,-0.0202736564527785,4,1681,1188,873,1021,2877,2305,1274,334,5182,2869,385.3778463913547,493,58.42891901286061,1894,172.00559629486685,-148,0.6023514591643921,940,8126,1168,1319,1098,9432,2836,7605,718,12268,9294,773.6524290837953,6958,86.15351993214588,2417,118.05200521682426,221,0.7936128426265904,6887
E02000633,Lambeth,2,2,41.8273370539227,32.63786933069133,112.0,133.0,0.1139369277721261,0.1353001017293998,0.0213631739572736,-9.189467723231369,909.0,31.0,1074,1192,2266,940.0,12.435569285083847,878.0,84.63687150837988,884.0,61.0,1084.0,1345.0,2429.0,945.0,22.20008233841087,823.0,81.54981549815497,952.0,41.0,993.0,17.22506619593998,911.0,79.86577181208054,1107.0,43.0,1150.0,19.596953478797857,1064.0,82.30483271375465,770.0,872.0,102.0,-55.0,5.0,9.764513053327022,-3.087056010224913,153.0,157.0,2.3718872828578768,2.439060901674111,0.4862907397827211,0.853045013239188,0.4510739856801909,0.8624948538493207,concordant,concordant,-0.0352167541025302,0.0094498406101326,2,1137,34,924,48,1492,1373,418,181,2865,1171,13.493193717277487,1103,76.20643431635389,972,15.480628272251309,876,0.5464302379841344,237,8657,75,1324,48,9037,1779,7953,434,10816,8732,60.02912352071006,8582,95.79506473387185,1372,5.875739644970414,1276,0.8642121931908155,7519
E02000634,Lambeth,3,3,34.206662760736194,30.16654974528019,254.0,199.0,0.2583926754832146,0.2024415055951169,-0.0559511698880976,-4.040113015456004,649.0,142.0,870,1014,1884,791.0,48.91613588110403,507.0,74.59770114942529,636.0,144.0,917.0,1082.0,1999.0,780.0,45.81490745372686,492.0,69.3565976008724,758.0,109.0,867.0,43.85456475583864,649.0,74.7534516765286,814.0,160.0,974.0,65.15257628814408,654.0,75.23105360443623,496.0,655.0,159.0,-15.0,-11.0,-3.1012284273771726,-5.241103548552886,5.0,107.0,21.29801153230544,0.477601927907628,0.4770808202653799,0.8800424628450106,0.4446978335233751,0.8774387193596799,concordant,concordant,-0.0323829867420047,-0.0026037434853307,2,1261,44,920,34,1481,1175,611,161,2656,1305,20.890060240963855,1217,85.14517218095882,954,11.77710843373494,886,0.5776892430278885,450,6403,38,1203,49,6684,1469,5767,387,8153,6441,29.843493192689806,6365,95.79593058049073,1252,7.23009934993254,1154,0.8372546470817627,5380
E02000635,Lambeth,3,4,34.34162581959157,26.395909744580383,246.0,319.0,0.2502543234994913,0.3245167853509664,0.0742624618514751,-7.9457160750111875,693.0,238.0,1111,1219,2330,931.0,70.78712446351932,455.0,62.37623762376238,723.0,222.0,1155.0,1248.0,2403.0,945.0,66.7940074906367,501.0,62.5974025974026,800.0,255.0,1055.0,87.55364806866953,545.0,65.62756357670222,899.0,273.0,1172.0,102.13358302122349,626.0,72.03525641025641,233.0,587.0,354.0,46.0,14.0,-3.9931169728826177,0.2211649736402208,81.0,117.0,14.579934952553955,6.407692833554194,0.4687814702920443,0.8523605150214593,0.4463863958431743,0.8809821057012068,concordant,concordant,-0.02239507444887,0.0286215906797475,2,1179,58,1047,66,1597,1466,486,247,3063,1237,22.32517140058766,1121,73.82592360676267,1113,22.560235063663075,981,0.5263829787234042,239,9240,56,1393,63,9668,1740,8513,492,11408,9296,45.357643758765775,9184,95.57302441042614,1456,7.692759467040673,1330,0.8645833333333334,8021
E02000636,Lambeth,7,7,20.371509205393377,15.979028808655178,605.0,663.0,0.6154628687690743,0.6744659206510681,0.0590030518819938,-4.392480396738199,233.0,804.0,986,1227,2213,1037.0,84.65070040668775,-571.0,23.63083164300203,252.0,819.0,1088.0,1240.0,2328.0,1071.0,88.65463917525773,-567.0,23.161764705882355,324.0,698.0,1022.0,102.1924988703118,-374.0,26.405867970660147,326.0,760.0,1086.0,106.42611683848796,-434.0,26.29032258064516,-373.0,331.0,704.0,4.0,34.0,4.003938768569981,-0.469066937119674,-60.0,64.0,4.233617968176162,-0.1155453900149865,0.5036425449247207,0.930411206507004,0.4965229485396384,0.9265463917525774,concordant,concordant,-0.0071195963850823,-0.0038648147544266,5,922,769,648,667,1663,1543,677,316,3206,1691,221.15346225826576,153,55.44197233914612,1315,134.81472239550843,-19,0.5625415834996673,361,6709,779,885,734,7539,1791,6451,551,9330,7488,560.1619506966774,5930,88.99058230534553,1619,69.62379421221866,151,0.8222246623476447,5900
E02000637,Lambeth,5,5,28.442260803499483,22.2360567321409,396.0,445.0,0.4028484231943031,0.4526958290946083,0.0498474059003051,-6.206204071358584,411.0,783.0,1267,1381,2648,1194.0,121.53058912386707,-372.0,32.438831886345696,378.0,728.0,1259.0,1388.0,2647.0,1106.0,103.96071023800528,-350.0,30.023828435266086,373.0,674.0,1047.0,94.940332326284,-301.0,27.009413468501087,407.0,716.0,1123.0,110.0914242538723,-309.0,29.322766570605182,-286.0,427.0,713.0,22.0,-88.0,-17.569878885861797,-2.4150034510796097,-8.0,76.0,15.151091927588311,2.313353102104095,0.5327978580990629,0.8462990936555891,0.4961866307761328,0.8420853796751039,concordant,concordant,-0.03661122732293,-0.0042137139804852,3,1096,614,730,508,1867,1614,600,233,3481,1710,193.31916116058605,482,58.70380289234065,1238,106.53260557311117,222,0.5800542740841248,367,7404,552,1013,576,8211,1874,6952,486,10085,7956,405.2561229548835,6852,90.17172086225794,1589,57.85701536936044,437,0.833525405971713,6466
E02000638,Lambeth,3,4,35.127548866437664,24.584443094250148,224.0,368.0,0.2278738555442523,0.3743641912512716,0.1464903357070193,-10.543105772187516,802.0,214.0,1270,1307,2577,1016.0,66.5999223903764,588.0,63.1496062992126,865.0,230.0,1375.0,1472.0,2847.0,1095.0,69.88057604495961,635.0,62.909090909090914,851.0,263.0,1114.0,86.85021342646488,588.0,65.11094108645754,1028.0,307.0,1335.0,110.85212504390589,721.0,69.83695652173914,293.0,732.0,439.0,47.0,79.0,3.280653654583205,-0.2405153901216863,133.0,221.0,24.00191161744101,4.726015435281596,0.4769953051643192,0.8265424912689173,0.4506172839506173,0.8535300316122234,concordant,concordant,-0.0263780212137019,0.026987540343306,2,1422,50,1164,69,1890,1620,620,313,3510,1472,20.256410256410255,1372,75.23809523809524,1233,22.882051282051282,1095,0.544177449168207,307,9542,85,1502,91,10050,1946,8675,474,11996,9627,67.61170390130043,9457,94.94527363184079,1593,11.393964654884961,1411,0.8580213903743316,8201
E02000639,Lambeth,3,3,35.47868776819806,28.602146796724472,212.0,245.0,0.2156663275686673,0.2492370295015259,0.0335707019328585,-6.876540971473585,556.0,152.0,929,909,1838,708.0,45.98041349292709,404.0,59.84930032292788,671.0,169.0,998.0,1023.0,2021.0,840.0,56.11034141514102,502.0,67.23446893787575,600.0,203.0,803.0,66.2676822633297,397.0,66.006600660066,717.0,164.0,881.0,58.183077684314696,553.0,70.08797653958945,509.0,706.0,197.0,98.0,132.0,10.12992792221393,7.385168614947865,156.0,78.0,-8.084604579015007,4.081375879523449,0.4685638649900728,0.8220892274211099,0.4880883207437536,0.8515586343394359,concordant,concordant,0.0195244557536808,0.029469406918326,2,932,33,735,52,1303,1044,374,135,2347,965,13.104388581167449,899,71.52724481964697,787,16.284618662121858,683,0.5507990867579908,239,7874,52,1022,54,8200,1325,7202,302,9525,7926,42.986666666666665,7822,96.02439024390243,1076,5.794015748031496,968,0.8804710064430127,6900
E02000640,Lambeth,6,7,21.849598633125066,16.023858913447636,571.0,661.0,0.5808748728382502,0.6724313326551373,0.091556459816887,-5.825739719677429,456.0,708.0,1151,1344,2495,1164.0,129.39799599198398,-252.0,39.61772371850565,429.0,649.0,1231.0,1242.0,2473.0,1078.0,112.58431055398302,-220.0,34.84971567831032,472.0,547.0,1019.0,103.4805611222445,-75.0,35.11904761904761,459.0,663.0,1122.0,123.05580266882328,-204.0,36.95652173913043,-328.0,382.0,710.0,32.0,-86.0,-16.81368543800096,-4.768008040195333,-129.0,103.0,19.57524154657878,1.8374741200828169,0.5332111772789739,0.8749498997995993,0.49,0.8896077638495754,concordant,concordant,-0.0432111772789739,0.0146578640499761,4,1173,596,823,477,1832,1665,681,321,3497,1769,199.9164998570203,577,64.02838427947599,1300,112.25936517014584,346,0.5764092538286086,360,8368,539,1161,588,9153,1917,7922,675,11070,8907,407.4392050587173,7829,91.42357696929967,1749,61.66829268292683,573,0.8358671171171171,7247
E02000641,Lambeth,2,2,37.77059364734024,32.59530040098018,171.0,134.0,0.1739572736520854,0.1363173957273652,-0.0376398779247202,-5.175293246360063,629.0,28.0,824,900,1724,657.0,10.215777262180977,601.0,76.33495145631069,529.0,30.0,682.0,860.0,1542.0,559.0,10.29182879377432,499.0,77.56598240469208,722.0,17.0,739.0,7.119489559164733,705.0,80.22222222222221,724.0,34.0,758.0,15.963683527885864,690.0,84.18604651162791,454.0,516.0,62.0,-102.0,-98.0,0.0760515315933432,1.2310309483813882,-15.0,19.0,8.844193968721132,3.963824289405693,0.4706303724928367,0.8097447795823666,0.4244495064540622,0.8540856031128404,concordant,concordant,-0.0461808660387744,0.0443408235304738,2,733,33,728,20,1099,1061,275,161,2160,766,11.198611111111111,700,66.69699727024567,748,6.7407407407407405,708,0.5059445178335535,114,8237,32,851,37,8513,1107,7831,247,9620,8269,27.3995841995842,8205,96.75789968283802,888,3.273076923076923,814,0.9030250081904554,7584
E02000642,Lambeth,5,4,25.87531438304944,24.80936700884236,452.0,363.0,0.4598168870803662,0.3692777212614445,-0.0905391658189216,-1.0659473742070773,314.0,434.0,1092,948,2040,748.0,66.80196078431372,-120.0,28.754578754578752,261.0,416.0,957.0,915.0,1872.0,677.0,58.0,-155.0,27.27272727272727,259.0,518.0,777.0,65.7656862745098,-259.0,27.320675105485233,287.0,486.0,773.0,74.50961538461539,-199.0,31.366120218579237,213.0,484.0,271.0,-35.0,-71.0,-8.80196078431372,-1.481851481851482,60.0,-4.0,8.743929110105583,4.045445113094004,0.4904918032786885,0.7475490196078431,0.4668965517241379,0.7745726495726496,concordant,concordant,-0.0235952515545506,0.0270236299648064,4,527,631,445,707,1442,1194,350,246,2636,1158,126.152124430956,-104,36.54646324549237,1152,119.353186646434,-262,0.5012987012987012,104,8880,561,664,616,9654,1380,8697,465,11034,9441,451.48450244698205,8319,91.98259788688627,1280,37.06942178720319,48,0.8806081522246059,8232
E02000643,Lambeth,4,5,29.604573062492538,22.511572167726634,373.0,441.0,0.3794506612410986,0.4486266531027467,0.069175991861648,-7.0930008947659005,645.0,331.0,1099,1129,2228,976.0,95.82360861759426,314.0,58.68971792538672,649.0,341.0,1136.0,1090.0,2226.0,990.0,99.42003593890388,308.0,57.13028169014085,682.0,350.0,1032.0,107.13644524236985,332.0,60.4074402125775,599.0,369.0,968.0,99.29514824797845,230.0,54.954128440366965,21.0,488.0,467.0,-6.0,14.0,3.596427321309619,-1.5594362352458688,-102.0,-64.0,-7.841296994391399,-5.453311772210533,0.4860557768924303,0.9012567324955116,0.5056179775280899,0.8796046720575023,concordant,concordant,0.0195622006356596,-0.0216520604380093,3,958,330,838,350,1573,1434,474,305,3007,1288,105.13468573328899,628,60.90273363000635,1188,97.53907549052211,488,0.5201938610662359,169,8622,336,952,368,9227,1558,8091,468,10785,8958,268.61307371349096,8286,93.44315595534843,1320,32.48363467779323,584,0.8715703444249854,7623
E02000644,Lambeth,5,6,27.280966691415315,20.974858694447523,425.0,494.0,0.4323499491353001,0.5025432349949135,0.0701932858596133,-6.306107996967793,258.0,429.0,1161,922,2083,687.0,53.13586173787806,-171.0,22.22222222222222,278.0,357.0,915.0,876.0,1791.0,635.0,55.413735343383586,-79.0,30.382513661202186,253.0,605.0,858.0,73.4829572731637,-352.0,27.440347071583517,277.0,423.0,700.0,65.42211055276383,-146.0,31.621004566210047,-270.0,231.0,501.0,92.0,-52.0,2.277873605505526,8.160291438979964,206.0,-158.0,-8.06084672039988,4.18065749462653,0.4446601941747573,0.741718674987998,0.4756554307116105,0.7453936348408711,concordant,concordant,0.0309952365368532,0.003674959852873,3,736,299,648,437,1498,1163,337,241,2661,1035,82.69973694099963,437,49.13217623497997,1085,106.41713641488163,211,0.4882075471698113,96,7838,225,778,300,8361,1261,7446,385,9622,8063,183.28310122635628,7613,93.74476737232389,1078,24.256911245063396,478,0.8820697954271961,7061
E02000645,Lambeth,5,5,26.64324136252771,22.59827693269431,438.0,439.0,0.4455747711088504,0.4465920651068158,0.0010172939979654,-4.044964429833403,265.0,514.0,1141,1098,2239,779.0,60.83519428316213,-249.0,23.22524101665206,276.0,416.0,923.0,997.0,1920.0,692.0,59.8,-140.0,29.902491874322862,323.0,507.0,830.0,73.14024117909781,-184.0,29.417122040072854,320.0,367.0,687.0,61.166666666666664,-47.0,32.0962888665998,-46.0,397.0,443.0,109.0,-87.0,-1.0351942831621344,6.677250857670803,137.0,-143.0,-11.97357451243115,2.679166826526945,0.4841516469857054,0.7186243858865565,0.5018129079042785,0.7182291666666667,concordant,concordant,0.017661260918573,-0.0003952192198898,3,865,322,750,378,1517,1370,376,272,2887,1187,96.47731208867336,543,57.02043506921556,1128,98.19882230689296,372,0.5127429805615551,104,8806,265,949,257,9288,1482,8365,485,10770,9071,216.67502321262768,8541,94.81050818260121,1206,22.645589600742802,692,0.8826505789627324,7880
E02000646,Lambeth,5,6,26.44604304681504,19.734005023640663,441.0,543.0,0.4486266531027467,0.5523906408952187,0.103763987792472,-6.712038023174376,404.0,573.0,1289,1190,2479,977.0,93.38120209762,-169.0,31.342125678820793,414.0,546.0,1183.0,1155.0,2338.0,960.0,96.68263473053892,-132.0,34.99577345731192,353.0,622.0,975.0,88.5703912868092,-269.0,29.66386554621849,389.0,544.0,933.0,90.51154833190762,-155.0,33.67965367965368,-355.0,316.0,671.0,37.0,-17.0,3.3014326329189174,3.653647778491127,114.0,-42.0,1.9411570450984217,4.015788133435194,0.5005122950819673,0.7874142799515934,0.5071315372424723,0.8096663815226689,concordant,concordant,0.006619242160505,0.0222521015710754,4,880,737,553,813,1850,1474,561,284,3324,1617,195.11432009626955,143,47.56756756756757,1366,135.25541516245488,-260,0.5420717398592021,277,8435,674,825,675,9350,1697,8167,542,11047,9109,514.6365529102924,7761,90.2139037433155,1500,50.409613469720284,150,0.8586106136299368,7625
E02000647,Lambeth,5,6,24.294719184250855,19.74020986439195,480.0,542.0,0.4883011190233978,0.5513733468972533,0.0630722278738554,-4.554509319858905,211.0,315.0,801,740,1541,526.0,43.131083711875405,-104.0,26.34207240948814,232.0,270.0,772.0,663.0,1435.0,502.0,43.65156794425087,-38.0,30.05181347150259,217.0,354.0,571.0,49.849448410123294,-137.0,29.324324324324323,231.0,287.0,518.0,46.2,-56.0,34.841628959276015,-215.0,175.0,390.0,66.0,-24.0,0.5204842323754661,3.709741062014451,81.0,-53.0,-3.6494484101232914,5.517304634951692,0.479489516864175,0.7118754055807917,0.492156862745098,0.710801393728223,concordant,concordant,0.0126673458809229,-0.0010740118525686,4,483,449,388,502,1132,966,331,226,2098,932,103.36844613918016,34,42.667844522968196,890,92.83889418493804,-114,0.5115257958287596,105,7827,371,511,449,8433,981,7661,318,9414,8198,308.45729764181004,7456,92.8139452152259,960,24.372105374973444,62,0.895173618694038,7343
E02000648,Lambeth,2,1,41.007171645488384,34.775513627592865,122.0,81.0,0.1241098677517802,0.0824008138351983,-0.0417090539165818,-6.231658017895519,627.0,11.0,730,651,1381,638.0,4.994207096307024,616.0,85.89041095890411,432.0,17.0,520.0,480.0,1000.0,449.0,7.344,415.0,83.07692307692308,564.0,7.0,571.0,2.8587979724837074,557.0,86.63594470046083,416.0,10.0,426.0,4.16,406.0,86.66666666666667,482.0,482.0,0.0,-201.0,-189.0,2.3497929036929763,-2.8134878819810325,-151.0,-145.0,1.3012020275162928,0.0307219662058457,0.5277088502894954,0.8754525706010138,0.5131428571428571,0.875,concordant,concordant,-0.0145659931466383,-0.0004525706010137,2,658,16,581,9,905,758,175,107,1663,674,6.330727600721588,642,72.70718232044199,590,3.144317498496693,572,0.5332278481012658,68,7537,17,618,15,7691,782,7171,302,8473,7554,15.122034698453913,7520,97.99765960213236,633,1.0940634958102207,603,0.9226823012092341,6869
E02000649,Lambeth,3,4,34.865395218674536,24.581446045324927,231.0,370.0,0.2349949135300101,0.3763987792472024,0.1414038657171922,-10.283949173349608,1190.0,207.0,1568,1538,3106,1397.0,79.30779137153895,983.0,75.89285714285714,1159.0,201.0,1583.0,1564.0,3147.0,1360.0,74.02573879885605,958.0,73.21541377132029,1169.0,196.0,1365.0,73.76819059884096,973.0,76.00780234070221,1206.0,224.0,1430.0,85.8417540514776,982.0,77.10997442455243,650.0,1020.0,370.0,-25.0,-37.0,-5.2820525726829,-2.677443371536853,9.0,65.0,12.073563452636634,1.1021720838502205,0.5057929036929761,0.8892466194462331,0.4874551971326165,0.886558627264061,concordant,concordant,-0.0183377065603596,-0.002687992182172,2,1822,66,1504,65,2197,1868,629,330,4065,1888,29.58228782287823,1756,82.93126991351843,1569,24.04920049200492,1439,0.5461382701764536,299,11740,49,1830,72,12163,2188,10580,624,14351,11789,40.08501149745663,11691,96.52223957905122,1902,9.181241725315308,1758,0.8610766196771602,9956
E02000650,Lambeth,4,2,31.554681469558194,31.015999344863733,325.0,176.0,0.3306205493387589,0.1790437436419125,-0.1515768056968464,-0.5386821246944606,423.0,171.0,755,630,1385,594.0,52.2259927797834,252.0,56.026490066225165,405.0,215.0,728.0,765.0,1493.0,620.0,58.32217012726055,190.0,55.63186813186813,364.0,218.0,582.0,57.293862815884474,146.0,57.77777777777777,434.0,215.0,649.0,62.498325519089086,219.0,56.73202614379085,516.0,586.0,70.0,-62.0,26.0,6.096177347477152,-0.3946219343570334,73.0,67.0,5.204462703204612,-1.0457516339869244,0.5051020408163265,0.8490974729241877,0.4885736800630417,0.8499665103817816,concordant,concordant,-0.0165283607532847,0.0008690374575939,3,484,171,474,218,965,835,210,205,1800,655,45.98,313,50.155440414507765,692,57.406666666666666,256,0.4862657757980698,5,7111,214,788,214,7546,1205,6818,440,8751,7325,173.89486915781055,6897,94.23535648025444,1002,19.270026282710546,574,0.8796685480965534,6378
E02000651,Lambeth,5,5,28.470479521592363,21.32459469656139,395.0,480.0,0.4018311291963377,0.4883011190233978,0.08646998982706,-7.145884825030972,276.0,339.0,913,885,1798,615.0,52.03781979977753,-63.0,30.23001095290252,291.0,340.0,858.0,923.0,1781.0,631.0,55.55306007860752,-49.0,33.91608391608392,312.0,460.0,772.0,79.82202447163515,-148.0,35.25423728813559,331.0,356.0,687.0,66.16282987085907,-25.0,35.861321776814734,74.0,426.0,352.0,14.0,16.0,3.5152402788299923,3.686072963181399,123.0,-85.0,-13.659194600776075,0.607084488679142,0.4434030281182408,0.771412680756396,0.4787556904400607,0.7400336889387984,concordant,concordant,0.0353526623218199,-0.0313789918175976,3,731,220,671,310,1261,1091,348,206,2352,951,68.37585034013605,511,57.96986518636004,981,88.43962585034014,361,0.4922360248447205,142,8074,207,848,247,8502,1260,7644,337,9762,8281,171.20651505838967,7867,94.96589037873441,1095,21.456258963327187,601,0.883212457337884,7307
E02000652,Lambeth,5,6,26.35290384625832,20.358346969319033,444.0,526.0,0.4516785350966429,0.5350966429298067,0.0834181078331638,-5.9945568769392885,174.0,281.0,571,744,1315,455.0,37.181749049429655,-107.0,30.472854640980735,187.0,223.0,639.0,659.0,1298.0,410.0,32.1271186440678,-36.0,29.26447574334898,293.0,262.0,555.0,58.37718631178707,31.0,39.38172043010753,262.0,287.0,549.0,57.9306625577812,-25.0,39.75720789074355,-225.0,112.0,337.0,71.0,-45.0,-5.054630405361856,-1.2083788976317535,-56.0,-6.0,-0.4465237540058737,0.3754874606360232,0.4504950495049505,0.7680608365019012,0.4275286757038581,0.7388289676425269,divergent,concordant,-0.0229663738010923,-0.0292318688593742,4,374,359,308,347,821,851,250,107,1672,733,80.30263157894737,15,45.55420219244824,655,63.921052631578945,-39,0.5280979827089337,143,6922,310,451,410,7428,899,6789,240,8327,7232,257.69424762819745,6612,93.18793753365644,861,22.206076618229854,41,0.8936117632521933,6549
E02000653,Lewisham,2,3,36.91820631788389,27.21123345476624,183.0,293.0,0.1861648016276704,0.2980671414038657,0.1119023397761952,-9.706972863117652,649.0,93.0,856,896,1752,742.0,34.45034246575342,556.0,75.8177570093458,935.0,160.0,1342.0,1380.0,2722.0,1095.0,54.95958853783982,775.0,69.67213114754098,673.0,56.0,729.0,21.511415525114156,617.0,75.11160714285714,1025.0,172.0,1197.0,64.7685525349008,853.0,74.27536231884058,347.0,766.0,419.0,219.0,353.0,20.5092460720864,-6.145625861804817,236.0,468.0,43.257137009786646,-0.8362448240165605,0.504418762746431,0.8396118721461188,0.4777486910994764,0.8420279206465834,concordant,concordant,-0.0266700716469546,0.0024160485004646,2,987,110,765,66,1322,1111,466,215,2433,1097,44.62392108508015,877,74.65960665658093,831,20.752157829839703,699,0.5689834024896265,251,11679,166,1496,190,12269,2009,10927,629,14278,11845,135.78330298361115,11513,95.1911321216073,1686,19.907550077041602,1306,0.8753972359766462,10298
E02000654,Lewisham,2,1,41.74649094056334,34.46425997455765,113.0,90.0,0.1149542217700915,0.091556459816887,-0.0233977619532044,-7.282230966005692,550.0,49.0,801,699,1500,599.0,17.966666666666665,501.0,68.66416978776529,555.0,90.0,753.0,791.0,1544.0,645.0,32.351036269430054,465.0,73.70517928286853,557.0,76.0,633.0,28.221333333333337,481.0,79.68526466380543,588.0,85.0,673.0,32.370466321243526,503.0,74.33628318584071,637.0,637.0,0.0,-36.0,46.0,14.384369602763387,5.041009495103239,22.0,40.0,4.149132987910189,-5.348981477964713,0.4862012987012987,0.8213333333333334,0.4893778452200303,0.8536269430051814,concordant,concordant,0.0031765465187316,0.032293609671848,2,746,61,522,94,1137,831,336,132,1968,807,23.122967479674795,685,65.61125769569041,616,24.932926829268293,428,0.567111735769501,204,8351,98,781,92,8676,1117,7923,326,9793,8449,83.56969263759828,8253,96.25403411710465,873,7.337077504339835,689,0.9063505685475219,7597
E02000655,Lewisham,4,2,32.287983135964915,32.33255805032156,303.0,140.0,0.3082400813835198,0.1424211597151576,-0.1658189216683621,0.0445749143566445,273.0,546.0,948,1158,2106,819.0,70.77777777777777,-273.0,28.79746835443038,332.0,494.0,1124.0,1173.0,2297.0,826.0,71.40095777100566,-162.0,29.537366548042705,392.0,454.0,846.0,84.50522317188984,-62.0,33.85146804835924,418.0,538.0,956.0,97.9033521985198,-120.0,35.63512361466326,623.0,788.0,165.0,111.0,7.0,0.6231799932278932,0.7398981936123263,-58.0,110.0,13.39812902662996,1.78365556630402,0.4918918918918919,0.7905982905982906,0.4635241301907968,0.7757945145842403,concordant,concordant,-0.028367761701095,-0.0148037760140502,3,800,543,524,453,1505,1351,557,193,2856,1343,152.10084033613447,257,53.156146179402,977,83.11344537815125,71,0.5788793103448275,364,9236,491,809,538,10078,1636,8954,463,11714,9727,387.13300324398153,8745,91.64516769200239,1347,37.155711114905245,271,0.8783637348744807,8491
E02000657,Lewisham,4,4,31.56238043842256,26.140808345120227,324.0,328.0,0.3296032553407935,0.3336724313326551,0.0040691759918616,-5.421572093302331,397.0,633.0,1090,1559,2649,1030.0,94.86636466591166,-236.0,36.42201834862385,366.0,563.0,1118.0,1432.0,2550.0,929.0,80.80705882352942,-197.0,32.73703041144901,452.0,446.0,898.0,76.10117025292563,6.0,28.992944194996795,516.0,483.0,999.0,97.73647058823528,33.0,36.03351955307262,-135.0,456.0,591.0,39.0,-101.0,-14.059305842382244,-3.684987937174838,27.0,101.0,21.63530033530965,7.040575358075827,0.5342323651452282,0.7278218195545488,0.4818464730290456,0.756078431372549,divergent,divergent,-0.0523858921161825,0.0282566118180002,3,1232,631,593,439,1967,1772,877,213,3739,1863,207.9144156191495,601,62.63345195729537,1032,69.62476598020861,154,0.6435233160621762,664,8943,561,1017,479,9735,1996,8617,564,11731,9504,427.672235956014,8382,91.86440677966101,1496,41.526127354871704,538,0.864,8053
E02000658,Lewisham,4,4,30.935088919894156,24.88318940518324,342.0,361.0,0.3479145473041709,0.3672431332655137,0.0193285859613427,-6.0518995147109145,331.0,370.0,1089,993,2082,701.0,58.823246878001925,-39.0,30.39485766758494,321.0,343.0,908.0,912.0,1820.0,664.0,60.496153846153845,-22.0,35.352422907488986,344.0,447.0,791.0,73.85590778097983,-103.0,34.64249748237664,360.0,341.0,701.0,67.45054945054945,19.0,39.473684210526315,-41.0,336.0,377.0,17.0,-37.0,1.6729069681519206,4.957565239904046,122.0,-90.0,-6.4053583304303885,4.8311867281496745,0.4698391420911528,0.7166186359269933,0.4864468864468864,0.75,concordant,divergent,0.0166077443557336,0.0333813640730067,3,736,369,460,444,1523,1178,434,185,2701,1105,100.54942613846724,367,48.325673013788574,904,75.61643835616438,16,0.5500248880039821,249,7826,340,725,335,8479,1317,7571,405,9796,8166,271.625153123724,7486,92.2986201202972,1060,24.793282972641894,390,0.8851073054411446,7166
E02000659,Lewisham,4,5,28.842463093413016,22.07216938929379,386.0,455.0,0.392675483214649,0.4628687690742624,0.0701932858596134,-6.770293704119226,371.0,253.0,749,755,1504,624.0,62.40890957446808,118.0,49.532710280373834,328.0,178.0,644.0,619.0,1263.0,506.0,46.2264449722882,150.0,50.931677018633536,391.0,277.0,668.0,72.0126329787234,114.0,51.78807947019868,345.0,216.0,561.0,59.00237529691211,129.0,55.73505654281099,52.0,290.0,238.0,32.0,-118.0,-16.182464602179884,1.398966738259702,15.0,-107.0,-13.01025768181129,3.946977072612306,0.4829721362229102,0.8590425531914894,0.4742268041237113,0.8448139350752177,concordant,concordant,-0.0087453320991989,-0.0142286181162716,3,620,253,584,277,1031,967,282,212,1998,873,78.50850850850851,367,60.13579049466537,861,80.96496496496496,307,0.5034602076124568,70,7603,176,760,214,7947,1058,7303,439,9005,7779,148.59833425874515,7427,95.67132251163962,974,18.06107717934481,546,0.8887238661030504,6864
E02000660,Lewisham,4,4,32.07111655799849,24.623504121526143,310.0,367.0,0.3153611393692777,0.3733468972533062,0.0579857578840284,-7.447612436472344,384.0,399.0,1081,1077,2158,783.0,70.99907321594068,-15.0,35.52266419981498,350.0,349.0,1000.0,1023.0,2023.0,699.0,60.38062283737024,1.0,35.0,477.0,396.0,873.0,87.53104726598703,81.0,44.28969359331476,462.0,445.0,907.0,101.62629757785469,17.0,45.16129032258064,42.0,375.0,333.0,16.0,-84.0,-10.618450378570444,-0.522664199814983,-64.0,34.0,14.09525031186766,0.8715967292658817,0.4728260869565217,0.7673772011121409,0.4352428393524284,0.7938704893722195,divergent,concordant,-0.0375832476040933,0.0264932882600785,3,886,398,664,391,1626,1318,545,241,2944,1284,119.77853260869566,488,54.48954489544895,1055,88.1875,273,0.5489525438221462,304,7312,348,866,441,8010,1485,7010,462,9495,7660,267.9911532385466,6964,91.28589263420724,1307,40.2218009478673,425,0.8542433366789338,6548
E02000661,Lewisham,6,7,23.29692327026175,16.33983823746858,522.0,647.0,0.5310274669379451,0.6581892166836215,0.1271617497456764,-6.95708503279317,159.0,401.0,697,712,1409,560.0,45.25124201561391,-242.0,22.812051649928264,140.0,349.0,568.0,619.0,1187.0,489.0,41.16259477674811,-209.0,24.647887323943664,181.0,432.0,613.0,55.49467707594038,-251.0,25.42134831460674,156.0,335.0,491.0,44.02695871946082,-179.0,25.20193861066236,-321.0,117.0,438.0,33.0,-71.0,-4.0886472388658035,1.8358356740153992,72.0,-122.0,-11.467718356479558,-0.2194097039443789,0.4774083546462063,0.8325053229240597,0.4989795918367347,0.8256107834877844,concordant,concordant,0.0215712371905283,-0.0068945394362752,4,496,318,452,391,1029,976,332,264,2005,814,78.66733167082295,178,48.202137998056365,843,88.14563591022444,61,0.4912492456246228,68,5911,288,492,291,6332,949,5764,330,7281,6199,233.8096415327565,5623,93.35123183828175,783,19.66378244746601,201,0.887854482956173,5434
E02000662,Lewisham,4,4,30.236134543209875,23.9897426337262,357.0,387.0,0.3631739572736521,0.3936927772126144,0.0305188199389623,-6.246391909483673,359.0,297.0,937,831,1768,656.0,60.307126696832576,62.0,38.31376734258271,215.0,223.0,620.0,704.0,1324.0,438.0,36.21223564954683,-8.0,34.67741935483871,292.0,319.0,611.0,52.68552036199095,-27.0,35.13838748495788,333.0,255.0,588.0,64.13519637462235,78.0,47.30113636363637,2.0,224.0,222.0,-70.0,-218.0,-24.09489104728575,-3.636347987743996,105.0,-23.0,11.4496760126314,12.162748878678483,0.5177584846093133,0.7166289592760181,0.4269005847953216,0.7749244712990937,divergent,divergent,-0.0908578998139916,0.0582955120230755,3,560,296,437,319,1198,1024,261,193,2222,856,74.5994599459946,264,46.744574290484145,756,62.73762376237624,118,0.5310173697270472,68,7714,222,642,254,8147,1069,7527,365,9216,7936,185.81901041666666,7492,94.68516018166197,896,17.694010416666668,388,0.8985507246376812,7162
E02000663,Lewisham,6,6,23.334572290797887,20.518439860701847,521.0,518.0,0.5300101729399797,0.5269582909460834,-0.0030518819938962,-2.81613243009604,94.0,582.0,774,756,1530,676.0,35.75686274509804,-488.0,12.144702842377262,69.0,453.0,607.0,665.0,1272.0,522.0,24.57311320754717,-384.0,11.367380560131796,79.0,622.0,701.0,32.11633986928105,-543.0,10.44973544973545,105.0,475.0,580.0,39.20990566037736,-370.0,15.789473684210526,-322.0,96.0,418.0,104.0,-154.0,-11.18374953755087,-0.777322282245466,173.0,-121.0,7.09356579109631,5.339738234475076,0.4909222948438634,0.9,0.4736842105263157,0.8663522012578616,concordant,concordant,-0.0172380843175476,-0.0336477987421384,4,386,512,283,559,1051,944,277,188,1995,898,99.06365914786967,-126,36.726926736441484,842,79.2967418546366,-276,0.5160919540229885,89,6150,364,454,413,6687,996,6080,331,7683,6514,291.3705583756345,5786,91.96949304620907,867,24.40478979565274,41,0.8825362417016664,5749
E02000664,Lewisham,2,1,42.10523268808115,34.520400255319146,108.0,88.0,0.1098677517802644,0.0895218718209562,-0.0203458799593082,-7.584832432762006,1011.0,88.0,1277,1155,2432,1099.0,36.58223684210526,923.0,79.16992952231793,0.0,0.0,0.0,0.0,0.0,0.0,0.0,0.0,0.0,887.0,91.0,978.0,33.18955592105263,796.0,76.7965367965368,0.0,0.0,0.0,0.0,0.0,0.0,0.0,0.0,0.0,-923.0,-1099.0,-36.58223684210526,-79.16992952231793,-796.0,-978.0,-33.18955592105263,-76.7965367965368,0.529128550794415,0.8540296052631579,0.5,0.0,concordant,zero,-0.029128550794415,-0.8540296052631579,2,1402,102,982,109,1888,1413,611,258,3301,1504,43.321417752196304,1300,74.25847457627118,1091,32.425931535898215,873,0.5795761078998073,353,0,0,0,0,0,0,0,0,0,0,0.0,0,0.0,0,0.0,0,0.5,0
E02000665,Lewisham,5,6,25.361801906265793,20.62070310175117,465.0,512.0,0.4730417090539165,0.5208545269582909,0.0478128179043743,-4.741098804514621,255.0,335.0,736,728,1464,590.0,58.35040983606557,-80.0,34.64673913043478,184.0,288.0,635.0,587.0,1222.0,472.0,43.36497545008184,-104.0,28.976377952755904,295.0,383.0,678.0,77.17554644808743,-88.0,40.52197802197802,208.0,342.0,550.0,58.212765957446805,-134.0,35.43441226575809,-233.0,130.0,363.0,-24.0,-118.0,-14.98543438598373,-5.670361177678878,-46.0,-128.0,-18.962780490640625,-5.087565756219931,0.4652996845425867,0.8661202185792349,0.461839530332681,0.8363338788870703,concordant,concordant,-0.0034601542099057,-0.0297863396921646,4,348,384,298,429,1018,914,282,186,1932,732,69.16770186335404,-36,34.18467583497053,727,66.17080745341615,-131,0.5017135023989033,96,7455,329,490,398,8017,968,7382,381,8985,7784,272.97662771285474,7126,92.98989647000124,888,21.705063995548137,92,0.8976014760147601,7001
E02000666,Lewisham,5,5,24.208014993853297,21.694246955807905,482.0,469.0,0.4903357070193286,0.4771108850457782,-0.0132248219735503,-2.5137680380453915,223.0,364.0,747,701,1448,587.0,56.05801104972376,-141.0,29.85274431057563,150.0,309.0,600.0,601.0,1201.0,459.0,38.592839300582845,-159.0,25.0,239.0,441.0,680.0,72.78936464088397,-202.0,34.0941512125535,210.0,346.0,556.0,60.49958368026645,-136.0,34.94176372712147,-77.0,221.0,298.0,-18.0,-128.0,-17.465171749140914,-4.8527443105756305,66.0,-124.0,-12.289780960617527,0.8476125145679703,0.4632991318074191,0.875,0.4522167487684729,0.8451290591174022,concordant,concordant,-0.0110823830389462,-0.0298709408825977,4,339,406,304,478,983,856,236,155,1839,745,74.84176182707994,-67,34.48626653102747,782,79.0168569874932,-174,0.48788474132285525,81,6524,358,390,398,7058,864,6458,263,7922,6882,294.8235294117647,6166,92.4341173136866,788,19.593536985609695,-8,0.8972620599739244,6195
E02000667,Lewisham,6,8,21.19856218396082,15.338545322697604,588.0,690.0,0.5981688708036622,0.7019328585961343,0.103763987792472,-5.860016861263215,64.0,524.0,602,763,1365,588.0,24.56849816849817,-460.0,10.6312292358804,51.0,372.0,594.0,501.0,1095.0,423.0,17.326027397260273,-321.0,8.585858585858585,160.0,471.0,631.0,55.20879120879121,-311.0,20.96985583224115,83.0,455.0,538.0,34.48858447488585,-372.0,16.56686626746507,-412.0,23.0,435.0,139.0,-165.0,-7.2424707712378975,-2.045370650021816,-61.0,-93.0,-20.720206733905364,-4.402989564776082,0.4823625922887612,0.8930402930402931,0.4401664932362122,0.8776255707762557,concordant,concordant,-0.042196099052549,-0.0154147222640373,5,222,600,256,534,785,903,183,140,1688,822,78.90995260663507,-378,28.280254777070063,790,80.98578199052133,-278,0.5099255583126551,43,6020,414,383,542,6578,822,5984,321,7400,6434,336.79459459459457,5606,91.51717847370021,925,28.052162162162162,-159,0.8743035738551433,5663
E02000668,Lewisham,6,7,23.615442262280308,17.377961418285558,509.0,617.0,0.5178026449643948,0.6276703967446592,0.1098677517802644,-6.237480843994749,76.0,386.0,571,560,1131,462.0,25.938107869142353,-310.0,13.309982486865149,56.0,257.0,471.0,435.0,906.0,313.0,15.885209713024285,-201.0,11.8895966029724,113.0,389.0,502.0,38.86560565870911,-276.0,20.17857142857143,123.0,312.0,435.0,42.35761589403973,-189.0,28.27586206896552,-241.0,49.0,290.0,109.0,-149.0,-10.052898156118069,-1.4203858838927488,87.0,-67.0,3.492010235330625,8.097290640394089,0.479253112033195,0.852343059239611,0.4184491978609626,0.82560706401766,concordant,concordant,-0.0608039141722324,-0.0267359952219509,4,265,305,323,257,753,769,182,209,1522,570,53.10446780551906,-40,35.1925630810093,580,54.540735873850196,66,0.4956521739130435,-27,6303,189,380,246,6715,684,6244,249,7399,6492,161.00378429517502,6114,93.8644825018615,626,12.634139748614677,134,0.9120539477381286,5995
E02000669,Lewisham,5,4,28.09959996214511,24.53189380087664,408.0,372.0,0.4150559511698881,0.3784333672431332,-0.0366225839267548,-3.567706161268468,265.0,378.0,950,757,1707,643.0,58.68189806678383,-113.0,27.89473684210526,230.0,323.0,675.0,673.0,1348.0,553.0,55.111275964391695,-93.0,34.074074074074076,272.0,546.0,818.0,87.00175746924428,-274.0,35.93130779392338,249.0,355.0,604.0,65.57492581602374,-106.0,36.99851411589896,105.0,349.0,244.0,20.0,-90.0,-3.570622102392136,6.179337231968816,168.0,-214.0,-21.426831653220543,1.0672063219755827,0.4401095140314853,0.8558875219683656,0.4779602420051858,0.8583086053412463,concordant,concordant,0.0378507279737005,0.0024210833728807,3,732,285,570,351,1311,973,361,216,2284,1017,91.33975481611209,447,55.83524027459954,921,87.59632224168126,219,0.5247678018575851,145,7357,248,760,241,7743,1105,7068,432,8848,7605,206.20886075949366,7109,95.01485212449955,1001,20.700723327305607,519,0.8836858006042296,6636
E02000670,Lewisham,3,1,32.987797611255544,34.12369768847258,284.0,96.0,0.288911495422177,0.0976602238046795,-0.1912512716174975,1.1359000772170376,424.0,186.0,807,693,1500,610.0,52.576,238.0,52.540272614622054,328.0,146.0,522.0,571.0,1093.0,474.0,43.81335773101555,182.0,62.83524904214559,379.0,238.0,617.0,60.13466666666667,141.0,54.689754689754686,340.0,142.0,482.0,44.17200365965233,198.0,59.54465849387041,434.0,434.0,0.0,-56.0,-136.0,-8.76264226898445,10.294976427523537,57.0,-135.0,-15.962663007014337,4.854903804115722,0.4971475142624287,0.818,0.4958158995815899,0.8746569075937786,concordant,concordant,-0.0013316146808387,0.0566569075937786,2,614,52,489,64,995,802,188,109,1797,666,17.767390094602113,562,61.70854271356784,553,17.41569282136895,425,0.5463494667760459,79,6425,64,572,45,6619,802,6097,231,7421,6489,55.410322059021695,6361,97.06904366218461,617,3.4685352378385663,527,0.9131719673515339,5866
E02000671,Lewisham,5,6,26.037517798405332,20.80914529425235,450.0,501.0,0.4577822990844354,0.5096642929806714,0.0518819938962359,-5.228372504152983,277.0,468.0,837,916,1753,745.0,73.95094124358243,-191.0,33.09438470728793,290.0,347.0,808.0,714.0,1522.0,637.0,66.11695137976346,-57.0,35.89108910891089,315.0,424.0,739.0,76.18938961779806,-109.0,34.38864628820961,267.0,405.0,672.0,71.04796320630749,-138.0,37.39495798319328,-214.0,230.0,444.0,134.0,-108.0,-7.833989863818971,2.7967044016229607,-29.0,-67.0,-5.141426411490571,3.006311694983673,0.5020215633423181,0.8465487735310896,0.4866310160427807,0.8600525624178712,concordant,concordant,-0.0153905472995373,0.0135037888867816,4,437,554,450,496,1131,1134,294,218,2265,991,106.88653421633555,-117,38.63837312113174,946,98.54304635761589,-46,0.5116159008776459,76,7879,401,642,471,8531,1185,7723,471,9716,8280,325.1831000411692,7478,92.35728519517056,1113,31.122066694112803,171,0.8815075055892686,7252
E02000672,Lewisham,2,2,36.86012535155783,33.70041021305377,185.0,103.0,0.1881993896236012,0.1047812817904374,-0.0834181078331637,-3.159715138504062,793.0,35.0,1002,872,1874,828.0,14.810565635005336,758.0,79.14171656686626,650.0,61.0,755.0,908.0,1663.0,711.0,23.842453397474443,589.0,86.09271523178808,662.0,65.0,727.0,22.961579509071505,597.0,75.91743119266054,762.0,23.0,785.0,10.538785327720984,739.0,83.92070484581498,427.0,574.0,147.0,-169.0,-117.0,9.031887762469108,6.950998664921812,142.0,58.0,-12.422794181350522,8.003273653154437,0.532475884244373,0.8297758804695837,0.4752673796791444,0.899579073962718,concordant,concordant,-0.0572085045652285,0.0698031934931342,2,845,41,639,77,1216,1024,214,152,2240,886,15.466517857142858,804,69.49013157894737,716,21.965625,562,0.5530586766541823,62,9843,85,969,31,10070,1308,9315,400,11378,9928,73.53269467393216,9758,97.74577954319761,1000,2.6400949200210935,938,0.9084919472913616,8915
E02000673,Lewisham,6,7,21.887214926938928,15.829065399330466,569.0,670.0,0.5788402848423194,0.681586978636826,0.1027466937945066,-6.058149527608462,132.0,536.0,826,741,1567,668.0,45.15124441608168,-404.0,15.980629539951574,158.0,478.0,793.0,782.0,1575.0,636.0,47.95174603174603,-320.0,19.924337957124845,124.0,580.0,704.0,45.89661774090619,-456.0,16.734143049932523,194.0,536.0,730.0,66.0215873015873,-342.0,24.808184143222505,-422.0,130.0,552.0,84.0,-32.0,2.800501615664352,3.943708417173271,114.0,26.0,20.124969560681116,8.074041093289981,0.4868804664723032,0.8755583918315252,0.465592972181552,0.8673015873015874,concordant,concordant,-0.0212874942907512,-0.0082568045299378,4,393,447,350,485,1072,948,246,207,2020,840,86.96584158415841,-54,36.66044776119403,835,84.03465346534654,-135,0.5014925373134328,39,7390,416,669,474,8008,1237,7215,455,9245,7806,332.53001622498647,6974,92.28271728271729,1143,34.30027041644132,195,0.872276231981227,6760
E02000674,Lewisham,6,5,22.74539238802246,21.28855600379687,542.0,481.0,0.5513733468972533,0.4893184130213632,-0.06205493387589,-1.4568363842255891,60.0,399.0,608,628,1236,459.0,19.368932038834952,-339.0,9.86842105263158,64.0,307.0,523.0,484.0,1007.0,371.0,19.51142005958292,-243.0,12.237093690248566,155.0,459.0,614.0,57.560679611650485,-304.0,24.681528662420384,87.0,348.0,435.0,30.065541211519363,-261.0,17.97520661157025,-78.0,178.0,256.0,96.0,-88.0,0.1424880207479688,2.368672637616985,43.0,-179.0,-27.49513840013112,-6.706322050850133,0.4277726001863933,0.8681229773462783,0.4602977667493796,0.8003972194637538,concordant,concordant,0.0325251665629863,-0.0677257578825245,4,268,353,320,424,804,789,196,161,1593,621,59.38731952291274,-85,33.33333333333333,744,85.17263025737601,-104,0.45494505494505494,35,7790,271,395,313,8243,785,7720,301,9028,8061,233.83805937084625,7519,94.50442799951475,708,13.694616747895436,82,0.9192610331850838,7419
E02000675,Lewisham,5,6,24.207028365431498,19.71985425751664,483.0,544.0,0.491353001017294,0.5534079348931842,0.0620549338758901,-4.487174107914857,188.0,311.0,617,594,1211,499.0,48.28075970272502,-123.0,30.47001620745543,226.0,225.0,624.0,540.0,1164.0,451.0,43.68556701030928,1.0,36.217948717948715,203.0,336.0,539.0,56.323699421965316,-133.0,34.17508417508417,259.0,316.0,575.0,70.3127147766323,-57.0,47.96296296296296,-138.0,151.0,289.0,124.0,-48.0,-4.595192692415743,5.7479325104932855,76.0,36.0,13.98901535466699,13.787878787878787,0.4807321772639691,0.8571428571428571,0.4395711500974659,0.8814432989690721,concordant,divergent,-0.0411610271665032,0.024300441826215,4,273,348,313,374,797,772,180,178,1569,621,60.55066921606119,-75,34.253450439146796,687,74.60930528999363,-61,0.47477064220183485,2,7890,245,522,360,8397,882,7773,342,9279,8135,208.32525056579374,7645,93.96212933190425,882,20.252182347235692,162,0.9021847621160031,7431
E02000676,Lewisham,5,6,26.83475872034228,20.797340120201152,435.0,502.0,0.4425228891149542,0.5106815869786369,0.0681586978636826,-6.037418600141127,230.0,384.0,732,722,1454,614.0,60.74277854195323,-154.0,31.420765027322407,200.0,293.0,622.0,599.0,1221.0,493.0,47.993447993447994,-93.0,32.154340836012864,233.0,382.0,615.0,61.214580467675376,-149.0,32.27146814404433,242.0,337.0,579.0,66.7927927927928,-95.0,40.40066777963272,-216.0,153.0,369.0,61.0,-121.0,-12.749330548505236,0.7335758086904569,54.0,-36.0,5.57821232511742,8.129199635588392,0.4995931651749389,0.8452544704264099,0.4598880597014925,0.877968877968878,concordant,concordant,-0.0397051054734464,0.0327144075424681,3,546,252,503,260,964,931,232,209,1895,798,72.60791556728232,294,56.63900414937759,763,69.0131926121372,243,0.5112107623318386,23,7276,202,686,231,7648,991,7026,392,8639,7478,170.12987614307212,7074,95.13598326359832,917,18.343095265655748,455,0.8907683144729005,6634
E02000677,Lewisham,6,5,23.1539802597583,22.743233797862263,532.0,433.0,0.5412004069175992,0.4404883011190234,-0.1007121057985758,-0.4107464618960357,57.0,376.0,622,566,1188,433.0,18.04040404040404,-319.0,9.163987138263666,61.0,288.0,458.0,493.0,951.0,349.0,18.473186119873816,-227.0,13.31877729257642,116.0,461.0,577.0,45.013468013468014,-345.0,20.49469964664311,115.0,334.0,449.0,40.38906414300736,-219.0,23.32657200811359,-93.0,144.0,237.0,92.0,-84.0,0.4327820794697743,4.154790154312755,126.0,-128.0,-4.624403870460654,2.831872361470481,0.4287128712871287,0.8501683501683501,0.43734335839599,0.8391167192429022,concordant,concordant,0.0086304871088612,-0.0110516309254479,4,210,331,248,422,757,688,135,122,1445,541,48.1038062283737,-121,27.741083223249667,670,72.42629757785467,-174,0.4467382328654005,13,6712,255,383,282,7103,756,6645,263,7859,6967,217.78343300674385,6457,94.49528368295087,665,13.742969843491538,101,0.9128668763102725,6382
E02000678,Lewisham,3,2,34.58282409725645,31.299345582720864,241.0,165.0,0.2451678535096643,0.167853509664293,-0.0773143438453713,-3.2834785145355845,241.0,104.0,441,427,868,345.0,28.87557603686636,137.0,54.6485260770975,218.0,93.0,420.0,397.0,817.0,311.0,24.81517747858017,125.0,51.90476190476191,228.0,86.0,314.0,22.589861751152075,142.0,53.39578454332553,239.0,137.0,376.0,40.077111383108935,102.0,60.20151133501259,178.0,244.0,66.0,-12.0,-34.0,-4.060398558286188,-2.743764172335588,-40.0,62.0,17.48724963195686,6.805726791687057,0.5235204855842185,0.7592165898617511,0.4526928675400291,0.8408812729498164,concordant,concordant,-0.0708276180441893,0.0816646830880652,2,324,25,341,20,524,540,83,113,1064,349,7.612781954887218,299,61.832061068702295,361,6.409774436090226,321,0.4915492957746479,-30,6646,20,449,55,6848,607,6428,210,7455,6666,17.829644533869885,6626,97.05023364485982,504,3.312541918175721,394,0.9297071129707113,6218
E02000679,Lewisham,4,4,31.779484562934854,26.11032891859052,317.0,330.0,0.3224821973550356,0.335707019328586,0.0132248219735504,-5.6691556443443325,367.0,256.0,818,620,1438,623.0,65.33518776077887,111.0,44.86552567237164,259.0,182.0,582.0,583.0,1165.0,441.0,40.4618025751073,77.0,44.50171821305842,270.0,309.0,579.0,58.01808066759388,-39.0,43.54838709677419,291.0,220.0,511.0,54.952789699570815,71.0,49.914236706689536,74.0,251.0,177.0,-34.0,-182.0,-24.87338518567157,-0.3638074593132216,110.0,-68.0,-3.0652909680230636,6.365849609915344,0.5183028286189684,0.8358831710709318,0.4632352941176471,0.8171673819742489,divergent,concordant,-0.0550675345013212,-0.0187157890966829,3,503,255,388,308,1035,782,217,162,1817,758,70.5916345624656,248,48.59903381642512,696,65.76995046780408,80,0.5213204951856947,55,7623,181,556,218,7995,882,7413,299,8877,7804,155.43122676579927,7442,95.34709193245779,774,13.654162442266532,338,0.9097691769643274,7114
E02000680,Lewisham,3,4,33.94220438294143,26.328571053322825,260.0,322.0,0.2644964394710071,0.3275686673448627,0.0630722278738555,-7.613633329618608,478.0,162.0,747,736,1483,640.0,52.21577882670263,316.0,63.98929049531459,356.0,92.0,525.0,548.0,1073.0,448.0,30.5237651444548,264.0,67.80952380952381,456.0,165.0,621.0,50.73499662845583,291.0,61.95652173913043,391.0,92.0,483.0,33.52469711090401,299.0,71.35036496350365,104.0,262.0,158.0,-52.0,-192.0,-21.692013682247833,3.820233314209218,8.0,-138.0,-17.210299517551825,9.39384322437322,0.507533703409992,0.8503034389750506,0.4812030075187969,0.8676607642124884,concordant,concordant,-0.026330695891195,0.0173573252374378,2,737,66,651,52,1006,930,259,194,1936,803,25.125,671,73.26043737574552,703,17.485537190082646,599,0.5332005312084993,65,6760,33,670,32,6929,827,6404,279,7756,6793,28.762248581743165,6727,97.5609756097561,702,2.7643115007735948,638,0.9063375583722482,6125
E02000681,Lewisham,3,1,33.26986647393131,34.679878332751194,278.0,85.0,0.2828077314343845,0.08646998982706,-0.1963377416073245,1.4100118588198851,291.0,127.0,494,590,1084,418.0,34.093173431734314,164.0,58.906882591093115,264.0,84.0,466.0,477.0,943.0,348.0,23.51643690349947,180.0,56.65236051502146,355.0,136.0,491.0,44.53874538745387,219.0,60.16949152542372,298.0,113.0,411.0,35.70943796394486,185.0,62.473794549266245,384.0,384.0,0.0,16.0,-70.0,-10.576736528234845,-2.254522076071652,-34.0,-80.0,-8.829307423509015,2.3043030238425217,0.4598459845984598,0.8385608856088561,0.458498023715415,0.8048780487804879,concordant,concordant,-0.0013479608830447,-0.0336828368283682,2,419,53,498,35,621,733,127,143,1354,472,16.401033973412112,366,67.4718196457327,533,12.872968980797637,463,0.4696517412935323,-16,8146,31,556,47,8344,735,7878,258,9079,8177,27.814296728714616,8115,97.62703739213806,603,2.878290560634431,509,0.9313211845102506,7620
E02000682,Lewisham,3,2,34.86633818794414,31.320623235491823,230.0,164.0,0.2339776195320447,0.1668362156663275,-0.0671414038657172,-3.545714952452311,327.0,187.0,606,573,1179,514.0,51.86513994910941,140.0,53.96039603960397,279.0,119.0,472.0,466.0,938.0,398.0,35.3955223880597,160.0,59.11016949152542,291.0,127.0,418.0,31.346055979643765,164.0,50.78534031413613,293.0,93.0,386.0,29.050106609808104,200.0,62.8755364806867,268.0,337.0,69.0,20.0,-116.0,-16.46961756104971,5.1497734519214475,36.0,-32.0,-2.295949369835661,12.09019616655057,0.5515021459227468,0.7905004240882103,0.5076530612244898,0.835820895522388,concordant,concordant,-0.0438490846982569,0.0453204714341777,2,448,28,430,40,727,712,121,139,1439,476,8.71716469770674,420,61.62310866574966,470,11.952744961779013,390,0.5031712473572939,-18,8591,50,535,31,8784,708,8312,242,9492,8641,45.25389801938474,8541,97.80282331511839,566,1.7472608512431522,504,0.9385250352992288,8070
E02000683,Lewisham,3,2,34.59896768156425,32.898287428932406,240.0,128.0,0.2441505595116989,0.1302136317395727,-0.1139369277721261,-1.700680252631841,320.0,94.0,540,536,1076,414.0,27.955390334572492,226.0,59.25925925925925,277.0,84.0,433.0,408.0,841.0,361.0,27.66706302021403,193.0,63.972286374133944,352.0,115.0,467.0,37.62081784386617,237.0,65.67164179104478,297.0,106.0,403.0,37.43400713436385,191.0,72.79411764705883,258.0,316.0,58.0,-33.0,-53.0,-0.2883273143584617,4.713027114874691,-46.0,-64.0,-0.1868107095023177,7.122475856014049,0.4699205448354143,0.8187732342007435,0.4725130890052356,0.9084423305588584,concordant,concordant,0.0025925441698212,0.0896690963581149,2,437,24,473,28,657,657,117,121,1314,461,7.981735159817352,413,66.5144596651446,501,10.079147640791476,445,0.4792099792099792,-4,6524,36,532,29,6679,643,6246,235,7322,6560,32.07648183556405,6488,97.67929330738134,561,2.107074569789675,503,0.9212189299255723,6011
E02000685,Lewisham,3,3,34.770267452793334,27.242348347991445,236.0,292.0,0.2400813835198372,0.2970498474059003,0.056968463886063,-7.527919104801889,527.0,126.0,748,638,1386,653.0,47.90909090909091,401.0,70.45454545454545,444.0,111.0,621.0,609.0,1230.0,555.0,40.06829268292683,333.0,71.49758454106279,377.0,134.0,511.0,36.44877344877345,243.0,59.09090909090909,390.0,96.0,486.0,30.4390243902439,294.0,64.03940886699507,249.0,431.0,182.0,-68.0,-98.0,-7.840798226164075,1.0430390865173391,51.0,-25.0,-6.00974905852955,4.948499776085981,0.5609965635738832,0.8398268398268398,0.5331412103746398,0.8463414634146341,concordant,concordant,-0.0278553531992433,0.0065146235877943,2,732,43,584,45,952,845,204,207,1797,775,17.515859766277128,689,76.89075630252101,629,14.624373956594324,539,0.551994301994302,-3,7839,45,679,31,8014,898,7393,289,8912,7884,39.58202423698384,7794,97.8163214374844,710,2.3618716337522443,648,0.9173842215499185,7104
E02000686,Lewisham,1,1,42.8632430713965,39.94807595280076,94.0,23.0,0.0956256358087487,0.0233977619532044,-0.0722278738555442,-2.9151671185957397,505.0,0.0,519,509,1028,505.0,0.0,505.0,97.30250481695568,447.0,0.0,464.0,378.0,842.0,447.0,0.0,447.0,96.33620689655172,495.0,0.0,495.0,0.0,495.0,97.24950884086444,363.0,0.0,363.0,0.0,363.0,96.03174603174604,388.0,388.0,0.0,-58.0,-58.0,0.0,-0.96629792040396,-132.0,-132.0,0.0,-1.2177628091183976,0.505,0.9727626459143968,0.5518518518518518,0.9619952494061758,concordant,concordant,0.0468518518518518,-0.0107673965082211,1,591,0,610,0,620,627,101,118,1247,591,0.0,591,95.3225806451613,610,0.0,610,0.492089925062448,-17,7401,0,585,0,7421,600,6957,222,8021,7401,0.0,7401,99.73049454251448,585,0.0,585,0.9267468069120962,6735
E02000687,Lewisham,4,4,31.4998420880646,25.49714092846992,326.0,344.0,0.3316378433367243,0.3499491353001017,0.0183112919633774,-6.002701159594679,327.0,277.0,727,739,1466,604.0,61.78649386084584,50.0,44.97936726272352,284.0,206.0,619.0,589.0,1208.0,490.0,48.43046357615894,78.0,45.880452342487885,338.0,294.0,632.0,67.78444747612551,44.0,45.73748308525033,300.0,211.0,511.0,52.40066225165563,89.0,50.93378607809848,78.0,312.0,234.0,28.0,-114.0,-13.356030284686897,0.901085079764364,45.0,-121.0,-15.383785224469875,5.196302992848146,0.4886731391585761,0.8431105047748977,0.4895104895104895,0.8286423841059603,concordant,concordant,0.0008373503519134,-0.0144681206689374,3,551,276,516,294,1009,962,282,223,1971,827,77.15677321156774,275,54.60852329038652,810,76.96803652968036,222,0.5051924251679902,59,7733,206,548,211,8116,881,7497,292,8997,7939,177.0587973769034,7527,95.28092656481026,759,12.85183950205624,337,0.9127385605886411,7205
E02000689,Merton,10,10,7.324171313393072,9.187242079510703,954.0,889.0,0.970498474059003,0.9043743641912512,-0.0661241098677517,1.8630707661176311,0.0,652.0,839,822,1661,652.0,0.0,-652.0,0.0,0.0,588.0,985.0,786.0,1771.0,588.0,0.0,-588.0,0.0,0.0,728.0,728.0,0.0,-728.0,0.0,0.0,883.0,883.0,0.0,-883.0,0.0,-535.0,0.0,535.0,64.0,-64.0,0.0,0.0,-155.0,155.0,0.0,0.0,0.472463768115942,0.8308248043347382,0.3997280761386811,0.8306041784302653,concordant,concordant,-0.0727356919772608,-0.0002206259044728,10,0,1012,0,1234,1316,1119,477,297,2435,1012,0.0,-1012,0.0,1234,0.0,-1234,0.4505788067675868,180,0,1170,0,8707,8790,1318,7805,532,10108,1170,0.0,-1170,0.0,8707,0.0,-8707,0.11845702136276197,7273
E02000690,Merton,10,10,7.306942889144271,6.785943008011653,955.0,952.0,0.9715157680569684,0.9684638860630722,-0.0030518819938962,-0.5209998811326182,0.0,244.0,438,374,812,244.0,0.0,-244.0,0.0,0.0,214.0,409.0,322.0,731.0,214.0,0.0,-214.0,0.0,0.0,266.0,266.0,0.0,-266.0,0.0,0.0,247.0,247.0,0.0,-247.0,0.0,-197.0,0.0,197.0,30.0,-30.0,0.0,0.0,19.0,-19.0,0.0,0.0,0.4784313725490196,0.6280788177339901,0.4642082429501085,0.6306429548563611,concordant,concordant,-0.0142231295989111,0.002564137122371,10,0,541,0,567,711,644,273,270,1355,541,0.0,-541,0.0,567,0.0,-567,0.48826714801444043,3,0,481,0,5326,5454,566,5045,244,6020,481,0.0,-481,0.0,5326,0.0,-5326,0.08283106595488204,4801
E02000691,Merton,9,10,10.957767755522225,9.183412503339566,868.0,890.0,0.8830111902339777,0.9053916581892166,0.0223804679552389,-1.7743552521826589,247.0,426.0,892,885,1777,673.0,59.21328081035453,-179.0,27.690582959641254,236.0,396.0,860.0,779.0,1639.0,632.0,57.02013422818792,-160.0,27.44186046511628,311.0,502.0,813.0,87.85706246482836,-191.0,35.14124293785311,278.0,486.0,764.0,82.43319097010372,-208.0,35.68677792041078,-479.0,0.0,479.0,19.0,-41.0,-2.1931465821666123,-0.2487224945249728,-17.0,-49.0,-5.4238714947246365,0.5455349825576761,0.4528936742934051,0.8362408553742262,0.4527220630372492,0.851738865161684,concordant,concordant,-0.0001716112561558,0.0154980097874577,8,239,731,288,1103,1450,1149,558,264,2599,970,67.22162370142362,-492,16.482758620689655,1391,122.2254713351289,-815,0.41084286319356206,294,230,880,274,6874,7206,1229,6346,450,8435,1110,23.995257854179016,-650,3.1917846239245073,7148,223.29294605809127,-6600,0.13441511261806732,5896
E02000692,Merton,10,10,6.656770422605064,5.564838680109991,969.0,974.0,0.9857578840284842,0.9908443540183112,0.005086469989827,-1.0919317424950723,0.0,522.0,834,868,1702,522.0,0.0,-522.0,0.0,0.0,507.0,796.0,798.0,1594.0,507.0,0.0,-507.0,0.0,0.0,624.0,624.0,0.0,-624.0,0.0,0.0,572.0,572.0,0.0,-572.0,0.0,-415.0,0.0,415.0,15.0,-15.0,0.0,0.0,52.0,-52.0,0.0,0.0,0.4554973821989528,0.6733254994124559,0.4698795180722891,0.676913425345044,concordant,concordant,0.0143821358733363,0.003587925932588,10,0,893,0,1326,1497,1170,663,302,2667,893,0.0,-893,0.0,1326,0.0,-1326,0.4024335286164939,361,0,1015,0,7298,7474,1246,6678,448,8720,1015,0.0,-1015,0.0,7298,0.0,-7298,0.12209791892217009,6230
E02000693,Merton,8,8,14.152329671863075,12.833113614522157,771.0,762.0,0.7843336724313327,0.775178026449644,-0.0091556459816887,-1.3192160573409204,347.0,675.0,1198,1086,2284,1022.0,102.55035026269702,-328.0,28.96494156928214,322.0,626.0,1292.0,1102.0,2394.0,948.0,84.19883040935673,-304.0,24.922600619195045,321.0,761.0,1082.0,106.9531523642732,-440.0,29.55801104972376,381.0,872.0,1253.0,138.77694235588973,-491.0,34.57350272232305,-206.0,383.0,589.0,24.0,-74.0,-18.351519853340292,-4.042340950087095,-51.0,171.0,31.823789991616536,5.015491672599289,0.4857414448669201,0.9211908931698776,0.4307133121308496,0.9193817878028404,concordant,concordant,-0.0550281327360705,-0.001809105367037,7,302,1092,281,1446,1824,1456,626,370,3280,1394,100.5439024390244,-790,16.557017543859647,1727,123.87987804878048,-1165,0.44665171419416855,256,279,1292,335,9131,9484,1717,8192,615,11201,1571,32.181769484867424,-1013,2.9417967102488403,9466,273.0903490759754,-8796,0.14233940382350277,7577
E02000694,Merton,9,9,11.818423905383732,10.67231486784141,840.0,838.0,0.854526958290946,0.8524923702950152,-0.0020345879959308,-1.146109037542324,233.0,542.0,1029,956,1985,775.0,63.62015113350126,-309.0,22.643343051506317,214.0,584.0,1108.0,966.0,2074.0,798.0,60.25843780135005,-370.0,19.314079422382672,256.0,652.0,908.0,84.08664987405541,-396.0,26.778242677824267,259.0,752.0,1011.0,93.90935390549664,-493.0,26.81159420289855,-307.0,272.0,579.0,-61.0,23.0,-3.3617133321512114,-3.329263629123645,-97.0,103.0,9.822704031441232,0.0333515250742841,0.4604872251931075,0.8478589420654912,0.4411276948590381,0.8722275795564127,concordant,concordant,-0.0193595303340693,0.0243686374909215,8,226,979,249,1209,1551,1338,522,382,2889,1205,76.58497750086535,-753,14.571244358478403,1458,104.202492211838,-960,0.4524971836274878,140,203,1247,253,8575,8873,1587,7765,621,10460,1450,24.200860420650095,-1044,2.2878395131297196,8828,207.4067877629063,-8322,0.1410780307452812,7144
E02000695,Merton,8,8,13.815409366477615,14.05193352192362,778.0,728.0,0.7914547304170906,0.7405900305188199,-0.0508646998982706,0.2365241554460055,84.0,703.0,673,891,1564,787.0,37.75703324808184,-619.0,12.481426448737,92.0,599.0,735.0,763.0,1498.0,691.0,36.78771695594126,-507.0,12.51700680272109,126.0,538.0,664.0,43.34271099744245,-412.0,14.14141414141414,102.0,582.0,684.0,39.62883845126836,-480.0,13.368283093053734,-468.0,117.0,585.0,112.0,-96.0,-0.9693162921405828,0.0355803539840895,-68.0,20.0,-3.7138725461740942,-0.7731310483604066,0.5423845623707788,0.9277493606138107,0.5025454545454545,0.917890520694259,concordant,concordant,-0.0398391078253242,-0.0098588399195517,7,78,899,105,840,949,1045,276,154,1994,977,35.16649949849548,-821,8.21917808219178,945,44.232698094282846,-735,0.508324661810614,122,75,960,80,8356,8473,1081,7738,318,9554,1035,7.5361105296211015,-885,0.8851646406231558,8436,69.96859953945992,-8276,0.10928096293949953,7420
E02000696,Merton,7,6,19.72888407829534,18.159230963551064,623.0,590.0,0.6337741607324516,0.6002034587995931,-0.0335707019328584,-1.569653114744277,271.0,497.0,873,877,1750,768.0,76.964,-226.0,31.04238258877434,276.0,453.0,796.0,880.0,1676.0,729.0,74.59904534606206,-177.0,34.67336683417086,305.0,506.0,811.0,88.18857142857142,-201.0,34.77765108323831,330.0,425.0,755.0,83.68138424821002,-95.0,37.5,-7.0,374.0,381.0,49.0,-39.0,-2.364954653937943,3.6309842453965153,106.0,-56.0,-4.507187180361399,2.722348916761689,0.4863837872070931,0.9022857142857142,0.4912398921832884,0.8854415274463007,concordant,concordant,0.0048561049761953,-0.0168441868394135,5,672,481,475,487,1273,1045,400,168,2318,1153,139.44434857635892,191,52.78868813825609,962,99.79508196721312,-12,0.5451536643026005,232,7962,441,686,409,8479,1236,7683,356,9715,8403,361.4248069994853,7521,93.90258285175138,1095,28.88049408131755,277,0.8847125710675932,7327
E02000697,Merton,10,10,7.422011866861385,6.867456892468025,949.0,951.0,0.965412004069176,0.9674465920651067,0.0020345879959308,-0.5545549743933602,0.0,706.0,1090,972,2062,706.0,0.0,-706.0,0.0,0.0,838.0,1119.0,1058.0,2177.0,838.0,0.0,-838.0,0.0,0.0,889.0,889.0,0.0,-889.0,0.0,0.0,920.0,920.0,0.0,-920.0,0.0,-761.0,0.0,761.0,-132.0,132.0,0.0,0.0,-31.0,31.0,0.0,0.0,0.4426332288401254,0.7735208535402521,0.4766780432309442,0.8075333027101516,concordant,concordant,0.0340448143908188,0.0340124491698994,10,0,1124,0,1597,1768,1348,678,376,3116,1124,0.0,-1124,0.0,1597,0.0,-1597,0.41308342521131935,302,0,1435,0,8314,8479,1621,7360,563,10100,1435,0.0,-1435,0.0,8314,0.0,-8314,0.14719458405990357,6797
E02000698,Merton,10,10,5.54405163216479,5.883827332657201,976.0,967.0,0.992878942014242,0.9837232960325534,-0.0091556459816887,0.3397757004924102,0.0,306.0,617,532,1149,306.0,0.0,-306.0,0.0,0.0,337.0,660.0,500.0,1160.0,337.0,0.0,-337.0,0.0,0.0,364.0,364.0,0.0,-364.0,0.0,0.0,396.0,396.0,0.0,-396.0,0.0,-334.0,0.0,334.0,-31.0,31.0,0.0,0.0,-32.0,32.0,0.0,0.0,0.4567164179104477,0.5831157528285466,0.4597544338335607,0.631896551724138,concordant,concordant,0.0030380159231129,0.0487807988955913,10,0,674,0,762,965,831,348,299,1796,674,0.0,-674,0.0,762,0.0,-762,0.46935933147632314,49,0,786,0,7843,8065,892,7405,392,8957,786,0.0,-786,0.0,7843,0.0,-7843,0.09108819098389152,7013
E02000699,Merton,10,10,6.642231542203147,6.3079358699760615,970.0,961.0,0.9867751780264497,0.9776195320447608,-0.0091556459816887,-0.3342956722270855,0.0,464.0,831,696,1527,464.0,0.0,-464.0,0.0,0.0,402.0,760.0,732.0,1492.0,402.0,0.0,-402.0,0.0,0.0,573.0,573.0,0.0,-573.0,0.0,0.0,566.0,566.0,0.0,-566.0,0.0,-394.0,0.0,394.0,62.0,-62.0,0.0,0.0,7.0,-7.0,0.0,0.0,0.4474445515911283,0.679109364767518,0.4152892561983471,0.6487935656836461,concordant,concordant,-0.0321552953927811,-0.0303157990838719,10,0,805,0,1036,1249,979,418,283,2228,805,0.0,-805,0.0,1036,0.0,-1036,0.4372623574144487,135,0,936,0,7824,7985,1212,7225,480,9197,936,0.0,-936,0.0,7824,0.0,-7824,0.10684931506849316,6745
E02000700,Merton,5,5,24.031869857659828,23.03602494463224,489.0,419.0,0.4974567650050864,0.4262461851475076,-0.0712105798575788,-0.995844913027586,500.0,199.0,747,794,1541,699.0,64.5684620376379,301.0,66.93440428380187,272.0,173.0,522.0,678.0,1200.0,445.0,39.21333333333333,99.0,52.10727969348659,497.0,191.0,688.0,61.6009085009734,306.0,62.59445843828715,438.0,179.0,617.0,65.335,259.0,64.60176991150442,81.0,276.0,195.0,-202.0,-254.0,-25.35512870430457,-14.82712459031528,-47.0,-71.0,3.734091499026597,2.007311473217271,0.5039653929343908,0.900064892926671,0.4190207156308851,0.885,concordant,concordant,-0.0849446773035056,-0.015064892926671,4,684,248,605,211,1030,1018,283,224,2048,932,82.828125,436,66.40776699029126,816,62.33154296875,394,0.5331807780320366,59,8195,204,682,213,8488,998,7966,320,9486,8399,176.23655913978496,7991,96.54806786050895,895,15.313725490196079,469,0.903701312674844,7646
E02000701,Merton,7,5,20.677068894961977,21.035854960942057,598.0,490.0,0.6083418107833164,0.4984740590030518,-0.1098677517802645,0.3587860659800768,141.0,440.0,562,751,1313,581.0,47.25057121096725,-299.0,25.088967971530252,135.0,387.0,541.0,701.0,1242.0,522.0,42.06521739130435,-252.0,24.953789279112755,202.0,342.0,544.0,52.61538461538461,-140.0,26.897470039946736,245.0,329.0,574.0,64.89935587761674,-84.0,34.950071326676174,32.0,277.0,245.0,47.0,-59.0,-5.1853538196629,-0.1351786924174973,56.0,30.0,12.283971262232129,8.052601286729438,0.5164444444444445,0.8568164508758568,0.4762773722627737,0.8824476650563607,concordant,concordant,-0.0401670721816707,0.0256312141805039,5,375,425,374,337,795,922,233,171,1717,800,92.82178217821782,-50,47.16981132075472,711,73.4059405940594,37,0.5294506949040371,62,8420,379,487,326,8823,943,8282,242,9766,8799,326.76428425148475,8041,95.43239261022329,813,16.256604546385418,161,0.91541822721598,8040
E02000702,Merton,6,4,23.59667347211312,24.332717198479436,510.0,379.0,0.5188199389623601,0.3855544252288911,-0.1332655137334689,0.7360437263663151,202.0,288.0,512,549,1061,490.0,54.83129123468426,-86.0,39.453125,227.0,264.0,546.0,583.0,1129.0,491.0,53.08060230292294,-37.0,41.57509157509158,190.0,226.0,416.0,40.471253534401505,-36.0,34.60837887067395,255.0,259.0,514.0,58.49867139061116,-4.0,43.73927958833619,242.0,373.0,131.0,49.0,1.0,-1.7506889317613172,2.1219665750915766,32.0,98.0,18.027417856209652,9.130900717662236,0.5408388520971302,0.8539114043355325,0.4885572139303482,0.8901682905225864,concordant,concordant,-0.0522816381667819,0.0362568861870539,4,379,207,366,163,684,722,172,173,1406,586,55.798719772403985,172,55.409356725146196,529,42.43100995732575,203,0.525560538116592,-1,8867,206,481,192,9175,809,8629,226,9984,9073,182.95292467948718,8661,96.64305177111716,673,9.25,289,0.9309460291401601,8403
E02000703,Merton,10,10,6.755026072332269,7.5179695773930755,968.0,937.0,0.9847405900305188,0.953204476093591,-0.0315361139369277,0.7629435050608064,0.0,440.0,595,593,1188,440.0,0.0,-440.0,0.0,0.0,346.0,483.0,523.0,1006.0,346.0,0.0,-346.0,0.0,0.0,437.0,437.0,0.0,-437.0,0.0,0.0,324.0,324.0,0.0,-324.0,0.0,-353.0,0.0,353.0,94.0,-94.0,0.0,0.0,113.0,-113.0,0.0,0.0,0.5017103762827823,0.7382154882154882,0.5164179104477612,0.6660039761431411,concordant,concordant,0.0147075341649789,-0.0722115120723471,10,0,720,0,758,897,849,302,256,1746,720,0.0,-720,0.0,758,0.0,-758,0.4871447902571042,46,0,689,0,7723,7860,816,7377,293,8676,689,0.0,-689,0.0,7723,0.0,-7723,0.08190679980979552,7084
E02000704,Merton,9,8,13.024027867476104,13.75204277086158,799.0,738.0,0.8128179043743642,0.7507629704984741,-0.0620549338758901,0.7280149033854748,293.0,301.0,825,684,1509,594.0,58.44466534128562,-8.0,35.515151515151516,319.0,292.0,828.0,725.0,1553.0,611.0,59.97939471989697,27.0,38.526570048309175,267.0,408.0,675.0,72.19085487077535,-141.0,39.03508771929825,301.0,413.0,714.0,80.04700579523502,-112.0,41.51724137931034,238.0,453.0,215.0,35.0,17.0,1.5347293786113525,3.0114185331576593,29.0,39.0,7.856150924459669,2.482153660012095,0.4680851063829787,0.8409542743538767,0.4611320754716981,0.8531873792659369,concordant,divergent,-0.0069530309112806,0.0122331049120602,7,388,531,335,727,1177,945,352,261,2122,919,97.09142318567389,-143,32.96516567544605,1062,114.77144203581527,-392,0.463907117617365,91,392,713,396,7953,8408,1194,7580,469,9602,1105,29.10810247865028,-321,4.662226450999048,8349,327.9929181420537,-7557,0.116881743177491,7111
E02000705,Merton,8,7,15.233752863121616,15.404535763254112,747.0,688.0,0.7599186164801628,0.6998982706002035,-0.0600203458799593,0.1707829001324974,39.0,463.0,546,567,1113,502.0,16.223719676549866,-424.0,7.142857142857142,60.0,442.0,610.0,601.0,1211.0,502.0,21.89925681255161,-382.0,9.836065573770492,70.0,471.0,541.0,29.62264150943396,-401.0,12.34567901234568,104.0,517.0,621.0,44.399669694467384,-413.0,17.304492512479204,-266.0,102.0,368.0,42.0,0.0,5.6755371360017435,2.6932084309133497,-12.0,80.0,14.777028185033425,4.958813500133523,0.4813039309683605,0.9371069182389936,0.4470169189670525,0.9273327828241124,concordant,concordant,-0.0342870120013079,-0.0097741354148813,6,57,463,83,470,738,756,192,189,1494,520,17.664658634538153,-406,7.723577235772358,553,26.11111111111111,-387,0.4846225535880708,3,74,440,140,516,9199,861,8589,260,10060,514,3.2365805168986084,-366,0.804435264702685,656,7.180914512922465,-376,0.4393162393162393,8329
E02000706,Merton,4,3,28.691782240557817,27.779984133700022,388.0,271.0,0.3947100712105799,0.2756866734486266,-0.1190233977619532,-0.9117981068577876,533.0,88.0,646,656,1302,621.0,36.02457757296467,445.0,82.50773993808049,415.0,56.0,517.0,591.0,1108.0,471.0,20.974729241877256,359.0,80.27079303675049,509.0,63.0,572.0,24.629032258064516,446.0,77.59146341463415,458.0,53.0,511.0,21.907942238267147,405.0,77.49576988155668,370.0,440.0,70.0,-86.0,-150.0,-15.04984833108741,-2.2369469013300005,-41.0,-61.0,-2.7210900197973693,-0.0956935330774655,0.5205364626990779,0.9162826420890936,0.4796334012219959,0.8862815884476535,concordant,concordant,-0.040903061477082,-0.0300010536414402,3,719,88,628,63,850,819,204,163,1669,807,37.91012582384661,631,84.58823529411764,691,23.705212702216897,565,0.5387182910547397,41,9708,56,693,52,9830,856,9313,265,10686,9764,50.87478944413251,9652,98.75890132248219,745,3.372262773722628,641,0.9291083832905129,9048
E02000707,Merton,6,4,23.26636373363612,26.48113163064833,524.0,313.0,0.5330620549338759,0.3184130213631739,-0.2146490335707019,3.214767897012212,128.0,189.0,492,460,952,317.0,25.41176470588235,-61.0,26.01626016260163,152.0,197.0,388.0,394.0,782.0,349.0,38.29156010230179,-45.0,39.175257731958766,196.0,258.0,454.0,53.11764705882353,-62.0,42.608695652173914,140.0,173.0,313.0,30.971867007672635,-33.0,35.53299492385787,156.0,265.0,109.0,16.0,32.0,12.879795396419436,13.158997569357137,29.0,-141.0,-22.145780051150897,-7.075700728316043,0.411154345006485,0.8098739495798319,0.527190332326284,0.8465473145780051,concordant,concordant,0.1160359873197989,0.0366733649981732,4,275,138,355,205,629,609,137,149,1238,413,30.654281098546043,137,43.72019077901431,560,58.7843295638126,150,0.4244604316546763,-12,7975,144,430,127,8189,665,7801,271,8854,8119,129.70408854754913,7831,97.38673830748566,557,6.167833747458776,303,0.935799907791609,7530
E02000708,Merton,10,10,6.862059659184166,8.284308997308997,967.0,915.0,0.9837232960325534,0.930824008138352,-0.0528992878942014,1.4222493381248311,0.0,346.0,583,548,1131,346.0,0.0,-346.0,0.0,0.0,299.0,542.0,502.0,1044.0,299.0,0.0,-299.0,0.0,0.0,389.0,389.0,0.0,-389.0,0.0,0.0,403.0,403.0,0.0,-403.0,0.0,-333.0,0.0,333.0,47.0,-47.0,0.0,0.0,-14.0,14.0,0.0,0.0,0.4707482993197279,0.649867374005305,0.4259259259259259,0.6724137931034483,concordant,concordant,-0.0448223733938019,0.0225464190981432,10,0,699,0,767,840,789,257,241,1629,699,0.0,-699,0.0,767,0.0,-767,0.4768076398362892,16,0,732,0,8603,8702,813,8160,311,9515,732,0.0,-732,0.0,8603,0.0,-8603,0.07841456882699518,7849
E02000709,Merton,10,10,7.378591233086612,7.481353009408429,951.0,939.0,0.9674465920651067,0.955239064089522,-0.0122075279755849,0.1027617763218167,0.0,281.0,401,364,765,281.0,0.0,-281.0,0.0,0.0,222.0,488.0,343.0,831.0,222.0,0.0,-222.0,0.0,0.0,300.0,300.0,0.0,-300.0,0.0,0.0,336.0,336.0,0.0,-336.0,0.0,-218.0,0.0,218.0,59.0,-59.0,0.0,0.0,-36.0,36.0,0.0,0.0,0.4836488812392427,0.7594771241830065,0.3978494623655914,0.6714801444043321,concordant,concordant,-0.0857994188736513,-0.0879969797786743,10,0,552,0,521,590,599,189,235,1189,552,0.0,-552,0.0,521,0.0,-521,0.5144454799627214,-46,0,556,0,7763,7866,626,7378,283,8492,556,0.0,-556,0.0,7763,0.0,-7763,0.0668349561245342,7095
E02000710,Merton,6,5,22.63565496938408,22.271253619857504,546.0,444.0,0.555442522889115,0.4516785350966429,-0.103763987792472,-0.3644013495265774,312.0,244.0,648,648,1296,556.0,58.74074074074074,68.0,48.148148148148145,229.0,232.0,546.0,605.0,1151.0,461.0,46.158123370981755,-3.0,41.94139194139194,298.0,254.0,552.0,58.40432098765432,44.0,45.98765432098765,308.0,252.0,560.0,67.43353605560382,56.0,50.90909090909091,82.0,250.0,168.0,-71.0,-95.0,-12.582617369758983,-6.206756206756204,12.0,8.0,9.0292150679495,4.921436588103255,0.5018050541516246,0.8549382716049383,0.4515181194906954,0.8870547350130321,concordant,divergent,-0.0502869346609291,0.0321164634080938,4,534,183,506,170,870,855,222,207,1725,717,56.6504347826087,351,61.37931034482759,676,49.86666666666667,336,0.5147164393395549,15,8642,172,607,174,8955,902,8409,297,9857,8814,150.7988231713503,8470,96.50474595198213,781,10.715024855432688,433,0.9186034392912975,8112
E02000711,Merton,5,5,24.90883320544251,22.92540486015589,471.0,425.0,0.479145473041709,0.4323499491353001,-0.0467955239064089,-1.9834283452866188,491.0,79.0,646,672,1318,570.0,29.43019726858877,412.0,76.0061919504644,424.0,96.0,634.0,684.0,1318.0,520.0,30.883156297420335,328.0,66.8769716088328,548.0,98.0,646.0,40.74658573596358,450.0,81.54761904761905,530.0,125.0,655.0,50.26555386949924,405.0,77.48538011695906,254.0,369.0,115.0,-84.0,-50.0,1.4529590288315646,-9.129220341631594,-45.0,9.0,9.518968133535664,-4.062238930659987,0.46875,0.9226100151745068,0.4425531914893617,0.8915022761760243,concordant,concordant,-0.0261968085106383,-0.0311077389984825,4,631,106,595,116,911,849,265,177,1760,737,38.00340909090909,525,69.26454445664105,711,39.21590909090909,479,0.5089779005524862,88,8977,126,750,169,9271,1033,8637,349,10304,9103,109.77309782608695,8851,96.82882105490238,919,12.301048136645962,581,0.9083017361804031,8288
E02000712,Merton,6,5,22.659167258238604,22.80065715260405,545.0,431.0,0.5544252288911495,0.4384537131230925,-0.1159715157680569,0.1414898943654421,258.0,211.0,582,622,1204,469.0,45.214285714285715,47.0,44.329896907216494,205.0,118.0,429.0,423.0,852.0,323.0,28.392018779342724,87.0,47.785547785547784,361.0,236.0,597.0,70.76079734219269,125.0,58.038585209003216,272.0,168.0,440.0,53.63380281690141,104.0,64.30260047281324,144.0,229.0,85.0,40.0,-146.0,-16.82226693494299,3.4556508783312907,-21.0,-157.0,-17.12699452529128,6.264015263810023,0.4399624765478424,0.8853820598006644,0.4233289646133683,0.8955399061032864,concordant,concordant,-0.0166335119344741,0.0101578463026219,4,498,147,556,130,821,817,239,195,1638,645,44.69230769230769,351,60.657734470158346,686,44.12698412698413,426,0.48459804658151767,44,9259,92,517,104,9483,668,9054,245,10151,9351,83.91567333267659,9167,97.63787830855215,621,5.296818047483007,413,0.9377256317689531,8809
E02000713,Merton,10,10,9.767608709212285,9.228112401548524,896.0,885.0,0.9114954221770092,0.9003051881993896,-0.0111902339776195,-0.5394963076637573,0.0,198.0,342,303,645,198.0,0.0,-198.0,0.0,0.0,223.0,404.0,310.0,714.0,223.0,0.0,-223.0,0.0,0.0,259.0,259.0,0.0,-259.0,0.0,0.0,304.0,304.0,0.0,-304.0,0.0,-219.0,0.0,219.0,-25.0,25.0,0.0,0.0,-45.0,45.0,0.0,0.0,0.4332603938730853,0.7085271317829457,0.4231499051233396,0.7380952380952381,concordant,concordant,-0.0101104887497456,0.0295681063122924,9,61,379,56,359,442,484,100,181,926,440,24.966522678185743,-318,13.800904977375566,415,21.71058315334773,-303,0.5146198830409356,-81,76,460,45,7567,7667,541,7263,231,8208,536,4.2592592592592595,-384,0.9912612495108908,7612,41.48574561403509,-7522,0.06578301423662249,7032
E02000714,Newham,3,3,35.18882941595967,27.6586114189352,221.0,283.0,0.224821973550356,0.2878942014242115,0.0630722278738555,-7.530217997024469,133.0,478.0,777,869,1646,611.0,38.62332928311057,-345.0,17.117117117117118,107.0,325.0,512.0,708.0,1220.0,432.0,28.50409836065574,-218.0,20.8984375,217.0,554.0,771.0,73.03645200486027,-337.0,24.971231300345227,263.0,264.0,527.0,56.911475409836065,-1.0,37.14689265536723,45.0,241.0,196.0,127.0,-179.0,-10.119230922454832,3.781320382882882,336.0,-244.0,-16.1249765950242,12.175661355022005,0.4421128798842257,0.8396111786148238,0.4504692387904067,0.7860655737704918,concordant,concordant,0.0083563589061809,-0.053545604844332,2,431,288,361,330,1075,1011,298,142,2086,719,59.505273250239696,143,40.093023255813954,691,57.10930009587728,31,0.5099290780141844,156,7131,201,582,165,7535,1023,7023,315,8558,7332,167.48434213601308,6930,94.63835434638355,747,11.22107969151671,417,0.9075380616412922,6708
E02000715,Newham,1,2,45.1216513290882,31.155505422153368,66.0,170.0,0.0671414038657172,0.17293997965412,0.1057985757884028,-13.966145906934834,416.0,0.0,707,734,1441,416.0,0.0,416.0,58.84016973125884,266.0,0.0,414.0,726.0,1140.0,266.0,0.0,266.0,64.25120772946859,461.0,0.0,461.0,0.0,461.0,62.80653950953678,502.0,0.0,502.0,0.0,502.0,69.14600550964187,150.0,262.0,112.0,-150.0,-150.0,0.0,5.41103799820975,41.0,41.0,0.0,6.339466000105084,0.4743443557582668,0.6086051353226926,0.3463541666666667,0.6736842105263158,concordant,concordant,-0.1279901890916001,0.0650790752036232,1,717,0,596,0,1015,879,308,145,1894,717,0.0,717,70.64039408866995,596,0.0,596,0.546077684691546,163,6959,0,693,0,7126,928,6712,202,8054,6959,0.0,6959,97.65646926747124,693,0.0,693,0.9094354417145845,6510
E02000716,Newham,1,2,42.92421393391352,30.451547432101943,91.0,191.0,0.0925737538148524,0.1943031536113937,0.1017293997965412,-12.472666501811576,516.0,0.0,745,876,1621,516.0,0.0,516.0,69.26174496644295,281.0,0.0,410.0,653.0,1063.0,281.0,0.0,281.0,68.53658536585367,638.0,0.0,638.0,0.0,638.0,72.8310502283105,459.0,0.0,459.0,0.0,459.0,70.29096477794793,207.0,296.0,89.0,-235.0,-235.0,0.0,-0.7251596005892793,-179.0,-179.0,0.0,-2.540085450362568,0.4471403812824956,0.7119062307217767,0.3797297297297297,0.6961429915333961,concordant,concordant,-0.0674106515527659,-0.0157632391883806,1,850,0,775,0,1092,1022,347,146,2114,850,0.0,850,77.83882783882784,775,0.0,775,0.5230769230769231,201,7053,0,625,0,7193,842,6783,189,8035,7053,0.0,7053,98.0536632837481,625,0.0,625,0.9185985933836937,6594
E02000717,Newham,1,3,45.50007701024565,29.7358543229828,58.0,210.0,0.0590030518819938,0.2136317395727365,0.1546286876907426,-15.764222687262848,484.0,0.0,793,1038,1831,484.0,0.0,484.0,61.03404791929382,327.0,0.0,542.0,704.0,1246.0,327.0,0.0,327.0,60.332103321033216,726.0,0.0,726.0,0.0,726.0,69.94219653179191,489.0,0.0,489.0,0.0,489.0,69.46022727272727,-99.0,172.0,271.0,-157.0,-157.0,0.0,-0.701944598260603,-237.0,-237.0,0.0,-0.4819692590646411,0.4,0.6608410704533042,0.4007352941176471,0.6548956661316212,concordant,concordant,0.000735294117647,-0.005945404321683,1,818,0,819,0,1140,1159,347,121,2299,818,0.0,818,71.75438596491229,819,0.0,819,0.49969456322541234,226,7958,0,681,0,8184,911,7642,207,9095,7958,0.0,7958,97.23851417399804,681,0.0,681,0.9211714318786897,7435
E02000718,Newham,1,1,46.59845639392169,34.01824164765866,47.0,98.0,0.0478128179043743,0.0996948118006103,0.051881993896236,-12.580214746263024,413.0,0.0,670,594,1264,413.0,0.0,413.0,61.64179104477612,222.0,0.0,358.0,541.0,899.0,222.0,0.0,222.0,62.01117318435754,365.0,0.0,365.0,0.0,365.0,61.44781144781145,405.0,0.0,405.0,0.0,405.0,74.86136783733826,312.0,312.0,0.0,-191.0,-191.0,0.0,0.3693821395814183,40.0,40.0,0.0,13.41355638952681,0.5308483290488432,0.615506329113924,0.354066985645933,0.6974416017797553,concordant,concordant,-0.1767813434029101,0.0819352726658313,1,637,0,463,0,904,699,234,105,1603,637,0.0,637,70.46460176991151,463,0.0,463,0.5790909090909091,129,7141,0,565,0,7282,702,6924,161,7984,7141,0.0,7141,98.06371875858281,565,0.0,565,0.9266805086945238,6763
E02000719,Newham,2,3,42.215287056962026,27.79439584824624,106.0,270.0,0.1078331637843336,0.2746693794506612,0.1668362156663275,-14.420891208715789,400.0,315.0,951,1056,2007,715.0,62.78026905829597,85.0,42.06098843322818,294.0,272.0,746.0,887.0,1633.0,566.0,48.96999387630129,22.0,39.41018766756032,454.0,346.0,800.0,78.26806178375685,108.0,42.99242424242424,396.0,257.0,653.0,62.322106552357624,139.0,44.64487034949267,-26.0,273.0,299.0,-63.0,-149.0,-13.810275181994683,-2.65080076566786,31.0,-147.0,-15.945955231399225,1.6524461070684282,0.4719471947194719,0.7548579970104634,0.4643150123051682,0.7464788732394366,concordant,concordant,-0.0076321824143037,-0.0083791237710267,1,1138,0,897,0,1506,1252,555,196,2758,1138,0.0,1138,75.56440903054448,897,0.0,897,0.5592137592137593,359,7610,0,956,0,7887,1237,7141,350,9124,7610,0.0,7610,96.48789146697096,956,0.0,956,0.888395984123278,6791
E02000720,Newham,3,4,35.453324265668854,25.124224344907702,214.0,356.0,0.2177009155645981,0.3621566632756867,0.1444557477110885,-10.329099920761148,106.0,470.0,774,767,1541,576.0,32.32965606748864,-364.0,13.695090439276486,73.0,379.0,415.0,630.0,1045.0,452.0,26.475598086124403,-306.0,17.59036144578313,201.0,524.0,725.0,68.34782608695652,-323.0,26.205997392438068,166.0,261.0,427.0,41.460287081339715,-95.0,26.34920634920635,-332.0,54.0,386.0,58.0,-124.0,-5.854057981364239,3.895271006506645,228.0,-298.0,-26.8875390056168,0.1432089567682837,0.4427363566487317,0.8442569759896171,0.5142207053469852,0.8411483253588516,concordant,concordant,0.0714843486982534,-0.0031086506307654,2,442,262,350,310,1101,904,327,137,2005,704,57.75760598503741,180,40.14532243415077,660,54.114713216957604,40,0.5161290322580645,190,6993,187,366,114,7335,823,6920,193,8158,7180,160.29553812208874,6806,95.33742331288344,480,5.114488845305222,252,0.9373368146214099,6727
E02000721,Newham,2,2,42.03435398137609,33.37428216612378,109.0,112.0,0.1108850457782299,0.1139369277721261,0.0030518819938962,-8.660071815252316,394.0,299.0,903,972,1875,693.0,62.82986666666667,95.0,43.63233665559247,271.0,249.0,635.0,1025.0,1660.0,520.0,40.65,22.0,42.67716535433071,419.0,304.0,723.0,67.93386666666666,115.0,43.10699588477366,474.0,166.0,640.0,47.4,308.0,46.2439024390244,360.0,444.0,84.0,-73.0,-173.0,-22.17986666666667,-0.9551713012617568,193.0,-83.0,-20.53386666666666,3.136906554250743,0.4894067796610169,0.7552,0.4482758620689655,0.6987951807228916,concordant,concordant,-0.0411309175920514,-0.0564048192771083,2,820,322,450,334,1569,1176,666,204,2745,1142,96.18943533697632,498,52.26258763543659,784,54.75409836065574,116,0.592938733125649,462,8795,278,637,177,9292,1335,8657,310,10627,9073,230.07527994730404,8517,94.6513129573827,814,10.609673473228568,460,0.9176696672398098,8347
E02000722,Newham,2,3,41.33774620471675,27.697998923187367,118.0,279.0,0.1200406917599186,0.2838250254323499,0.1637843336724313,-13.639747281529385,376.0,369.0,1017,1287,2304,745.0,60.21875,7.0,36.97148475909538,344.0,304.0,986.0,1079.0,2065.0,648.0,50.642130750605325,40.0,34.88843813387424,594.0,362.0,956.0,93.328125,232.0,46.15384615384615,570.0,327.0,897.0,90.26150121065376,243.0,52.82669138090825,-42.0,333.0,375.0,33.0,-97.0,-9.576619249394676,-2.0830466252211437,11.0,-59.0,-3.066623789346238,6.672845227062098,0.4379776601998824,0.73828125,0.4194174757281553,0.7481840193704601,concordant,concordant,-0.018560184471727,0.00990276937046,2,780,438,534,423,1562,1458,545,171,3020,1218,113.12582781456953,342,49.9359795134443,957,74.7953642384106,111,0.56,374,7191,339,746,401,7974,1429,6988,350,9403,7530,259.25225991704775,6852,90.18058690744921,1147,31.813889184302884,345,0.8678114555722024,6638
E02000723,Newham,2,4,40.178302366037734,25.035432375740996,132.0,358.0,0.1342828077314344,0.3641912512716175,0.2299084435401831,-15.142869990296738,262.0,301.0,724,1194,1918,563.0,41.11678832116788,-39.0,36.187845303867405,193.0,246.0,611.0,1015.0,1626.0,439.0,29.199261992619927,-53.0,31.58756137479542,536.0,211.0,747.0,58.965589155370175,325.0,44.89112227805695,528.0,160.0,688.0,51.95571955719557,368.0,52.01970443349754,-501.0,76.0,577.0,-14.0,-124.0,-11.917526328547954,-4.600283929071985,43.0,-59.0,-7.009869598174603,7.12858215544059,0.4297709923664122,0.6830031282586028,0.3895297249334516,0.6931119311193112,divergent,divergent,-0.0402412674329605,0.0101088028607084,2,735,307,650,223,1265,1407,541,213,2672,1042,84.44797904191617,428,58.10276679841897,873,54.247754491017965,427,0.5441253263707572,328,10479,254,763,165,10952,1377,10341,362,12329,10733,215.88660880850028,10225,95.68115412710007,928,10.211290453402547,598,0.9204184889803619,9979
E02000724,Newham,2,3,37.50401507063197,27.70225366729867,178.0,278.0,0.1810783316378433,0.2828077314343845,0.1017293997965411,-9.801761403333302,272.0,275.0,854,1100,1954,547.0,38.280450358239506,-3.0,31.85011709601874,183.0,209.0,558.0,824.0,1382.0,392.0,27.675108538350216,-26.0,32.795698924731184,477.0,228.0,705.0,55.65813715455476,249.0,43.36363636363637,366.0,166.0,532.0,43.96237337192475,200.0,44.417475728155345,-40.0,210.0,250.0,-23.0,-155.0,-10.60534181988929,0.9455818287124452,-49.0,-173.0,-11.69576378263001,1.0538393645189783,0.4369009584664536,0.6407369498464688,0.4242424242424242,0.6685962373371924,divergent,divergent,-0.0126585342240294,0.0278592874907236,2,528,295,460,259,1213,1262,359,162,2475,823,62.93333333333333,233,43.52844187963726,719,48.137373737373736,201,0.5337224383916991,197,9346,226,532,176,9798,1109,9240,285,10907,9572,193.65508389107913,9120,95.38681363543581,708,8.584578710919592,356,0.9311284046692607,8955
E02000725,Newham,1,2,45.56739395786391,30.49649914456801,57.0,190.0,0.0579857578840284,0.1932858596134282,0.1353001017293998,-15.070894813295896,843.0,0.0,1230,1172,2402,843.0,0.0,843.0,68.53658536585367,942.0,0.0,1352.0,1321.0,2673.0,942.0,0.0,942.0,69.67455621301775,835.0,0.0,835.0,0.0,835.0,71.24573378839591,952.0,0.0,952.0,0.0,952.0,72.0666161998486,654.0,853.0,199.0,99.0,99.0,0.0,1.137970847164084,117.0,117.0,0.0,0.8208824114526863,0.5023837902264601,0.6985845129059117,0.4973600844772967,0.7085671530115975,concordant,concordant,-0.0050237057491633,0.0099826401056857,1,1455,0,1007,0,1893,1406,663,234,3299,1455,0.0,1455,76.8621236133122,1007,0.0,1007,0.590982940698619,429,9252,0,1540,0,9735,1968,8383,647,11703,9252,0.0,9252,95.03852080123266,1540,0.0,1540,0.8573017049666419,7736
E02000726,Newham,1,3,45.31515,27.459165690193288,63.0,287.0,0.0640895218718209,0.2919633774160732,0.2278738555442523,-17.855984309806715,929.0,0.0,1355,1288,2643,929.0,0.0,929.0,68.5608856088561,0.0,0.0,0.0,0.0,0.0,0.0,0.0,0.0,0.0,806.0,0.0,806.0,0.0,806.0,62.577639751552795,0.0,0.0,0.0,0.0,0.0,0.0,0.0,0.0,0.0,-929.0,-929.0,0.0,-68.5608856088561,-806.0,-806.0,0.0,-62.577639751552795,0.5354466858789625,0.6564510026485055,0.5,0.0,concordant,zero,-0.0354466858789624,-0.6564510026485055,1,1684,0,955,0,2193,1504,838,216,3697,1684,0.0,1684,76.78978568171455,955,0.0,955,0.6381205001894658,622,0,0,0,0,0,0,0,0,0,0,0.0,0,0.0,0,0.0,0,0.5,0
E02000727,Newham,2,3,38.51831004455148,27.1976008492569,157.0,295.0,0.1597151576805696,0.3001017293997965,0.1403865717192269,-11.320709195294576,299.0,238.0,761,1036,1797,537.0,39.600445186421815,61.0,39.2904073587385,152.0,237.0,468.0,846.0,1314.0,389.0,27.41552511415525,-85.0,32.47863247863248,485.0,162.0,647.0,43.7228714524207,323.0,46.81467181467182,398.0,124.0,522.0,37.558599695586,274.0,47.04491725768322,-119.0,166.0,285.0,-146.0,-148.0,-12.184920072266564,-6.811774880106022,-49.0,-125.0,-6.164271756834701,0.2302454430113982,0.4535472972972973,0.6588759042849193,0.4270032930845225,0.693302891933029,concordant,divergent,-0.0265440042127748,0.0344269876481097,2,555,262,368,183,1175,1141,414,105,2316,817,62.784974093264246,293,47.23404255319149,551,29.077720207253886,185,0.5972222222222222,309,7930,241,418,133,8307,1024,7839,178,9331,8171,204.8151323545172,7689,95.46165884194053,551,5.957989497374344,285,0.9368264159596423,7661
E02000728,Newham,4,4,31.88791734167983,25.8413141025641,316.0,336.0,0.3214649033570702,0.3418107833163784,0.0203458799593082,-6.046603239115733,100.0,846.0,735,1148,1883,946.0,44.92830589484865,-746.0,13.60544217687075,66.0,546.0,524.0,810.0,1334.0,612.0,27.013493253373312,-480.0,12.595419847328245,229.0,619.0,848.0,75.27934147636749,-390.0,19.94773519163763,234.0,445.0,679.0,78.0584707646177,-211.0,28.88888888888889,-377.0,87.0,464.0,266.0,-334.0,-17.914812641475336,-1.0100223295425046,179.0,-169.0,2.779129288250203,8.94115369725126,0.5273132664437012,0.9527349973446628,0.4740511231603408,0.9677661169415293,concordant,concordant,-0.0532621432833604,0.0150311195968664,3,493,835,428,617,1135,1352,400,204,2487,1328,165.52271813429834,-342,43.43612334801762,1045,106.18254925613189,-189,0.5596291613990729,196,7915,540,497,441,8377,1082,7853,272,9459,8455,451.85537583254046,7375,94.48489912856631,938,23.17126546146527,56,0.9001384009368679,7581
E02000729,Newham,2,4,36.847511177966105,26.259987174182875,187.0,324.0,0.190233977619532,0.3296032553407935,0.1393692777212614,-10.58752400378323,248.0,287.0,707,762,1469,535.0,48.45200816882233,-39.0,35.07779349363508,190.0,200.0,448.0,703.0,1151.0,390.0,33.01476976542137,-10.0,42.410714285714285,270.0,195.0,465.0,35.84070796460177,75.0,35.43307086614173,310.0,115.0,425.0,30.973066898349263,195.0,44.09672830725462,-332.0,86.0,418.0,29.0,-145.0,-15.43723840340096,7.332920792079207,120.0,-40.0,-4.8676410662525065,8.663657441112889,0.535,0.6807351940095303,0.4785276073619632,0.7080799304952216,divergent,divergent,-0.0564723926380368,0.0273447364856912,2,484,302,277,226,1075,868,368,106,1943,786,75.22799794132784,182,45.02325581395349,503,32.21924858466289,51,0.6097750193948798,262,6835,213,459,134,7179,965,6731,262,8144,7048,178.76412082514736,6622,95.2082462738543,593,7.552308447937132,325,0.9223923570213323,6469
E02000730,Newham,3,4,35.20005727090747,27.073005010893244,220.0,300.0,0.2238046795523906,0.3051881993896236,0.0813835198372329,-8.127052260014228,103.0,563.0,774,913,1687,666.0,34.374036751630115,-460.0,13.30749354005168,110.0,522.0,623.0,905.0,1528.0,632.0,37.57853403141361,-412.0,17.656500802568218,231.0,540.0,771.0,73.94190871369294,-309.0,25.301204819277107,278.0,427.0,705.0,77.68717277486911,-149.0,30.718232044198896,-469.0,85.0,554.0,48.0,-34.0,3.204497279783496,4.349007262516537,160.0,-66.0,3.745264061176172,5.417027224921789,0.4634655532359081,0.8518079430942501,0.4727000747943156,0.875,concordant,concordant,0.0092345215584074,0.0231920569057498,2,529,293,355,217,1191,1034,417,121,2225,822,69.66157303370787,236,44.416456759026026,572,34.62247191011236,138,0.5896700143472023,296,9156,275,513,186,9663,1138,9040,233,10801,9431,233.11730395333765,8881,94.75318224153989,699,8.834182020183317,327,0.9309970384995064,8807
E02000731,Newham,2,3,41.400039251464314,29.364121366886433,117.0,220.0,0.1190233977619532,0.2238046795523906,0.1047812817904374,-12.03591788457788,390.0,391.0,1012,1257,2269,781.0,67.20581754076686,-1.0,38.537549407114625,213.0,248.0,589.0,943.0,1532.0,461.0,34.48041775456919,-35.0,36.16298811544992,538.0,319.0,857.0,75.6377258704275,219.0,42.80031821797932,452.0,197.0,649.0,58.12271540469974,255.0,47.932131495228,-104.0,227.0,331.0,-34.0,-320.0,-32.72539978619767,-2.3745612916647048,36.0,-208.0,-17.515010465727762,5.131813277248682,0.4768009768009768,0.7219039224327898,0.4153153153153153,0.7245430809399478,divergent,divergent,-0.0614856614856615,0.002639158507158,2,677,398,509,339,1484,1386,472,129,2870,1075,93.88362369337979,279,45.6199460916442,848,60.12229965156794,170,0.5590223608944358,343,9299,251,611,207,9733,1252,9144,309,10985,9550,212.4760127446518,9048,95.54094318298571,818,11.513609467455622,404,0.9211033950617284,8835
E02000732,Newham,1,2,49.077343591065286,33.482358747192414,27.0,110.0,0.0274669379450661,0.1119023397761953,0.0844354018311292,-15.594984843872872,582.0,0.0,760,716,1476,582.0,0.0,582.0,76.57894736842105,485.0,0.0,681.0,700.0,1381.0,485.0,0.0,485.0,71.21879588839941,536.0,0.0,536.0,0.0,536.0,74.86033519553072,531.0,0.0,531.0,0.0,531.0,75.85714285714286,345.0,426.0,81.0,-97.0,-97.0,0.0,-5.360151480021642,-5.0,-5.0,0.0,0.996807661612138,0.5205724508050089,0.7574525745257452,0.4773622047244094,0.7356987690079653,concordant,concordant,-0.0432102460805994,-0.0217538055177799,1,849,0,663,0,1033,858,273,142,1891,849,0.0,849,82.18780251694095,663,0.0,663,0.5615079365079365,131,8513,0,738,0,8717,916,8036,216,9633,8513,0.0,8513,97.65974532522657,738,0.0,738,0.9202248405577775,7820
E02000733,Newham,1,3,45.484632428747176,29.707058852187473,60.0,211.0,0.0610376398779247,0.2146490335707019,0.1536113936927772,-15.777573576559703,599.0,0.0,950,974,1924,599.0,0.0,599.0,63.05263157894737,518.0,0.0,781.0,910.0,1691.0,518.0,0.0,518.0,66.32522407170295,638.0,0.0,638.0,0.0,638.0,65.50308008213553,633.0,0.0,633.0,0.0,633.0,69.56043956043956,-101.0,246.0,347.0,-81.0,-81.0,0.0,3.272592492755578,-5.0,-5.0,0.0,4.057359478304036,0.4842360549717057,0.6429313929313929,0.4500434404865334,0.6806623299822591,concordant,concordant,-0.0341926144851723,0.0377309370508661,1,948,0,751,0,1357,1135,407,161,2492,948,0.0,948,69.85998526160648,751,0.0,751,0.5579752795762213,246,9572,0,1010,0,9879,1319,9098,409,11198,9572,0.0,9572,96.89239801599352,1010,0.0,1010,0.9045549045549045,8689
E02000734,Newham,1,3,42.80004363124837,29.242256953304413,98.0,224.0,0.0996948118006103,0.2278738555442523,0.1281790437436419,-13.557786677943952,459.0,0.0,751,697,1448,459.0,0.0,459.0,61.118508655126504,331.0,0.0,490.0,647.0,1137.0,331.0,0.0,331.0,67.55102040816327,485.0,0.0,485.0,0.0,485.0,69.58393113342898,417.0,0.0,417.0,0.0,417.0,64.45131375579598,-89.0,177.0,266.0,-128.0,-128.0,0.0,6.4325117530367635,-68.0,-68.0,0.0,-5.132617377632997,0.486228813559322,0.6519337016574586,0.4425133689839572,0.6578715919085312,concordant,concordant,-0.0437154445753648,0.0059378902510726,1,729,0,590,0,1053,821,302,124,1874,729,0.0,729,69.23076923076923,590,0.0,590,0.5526914329037149,178,7040,0,621,0,7215,868,6725,221,8083,7040,0.0,7040,97.57449757449757,621,0.0,621,0.918940086150633,6504
E02000735,Newham,1,2,42.81176537984701,30.68628028822667,96.0,184.0,0.0976602238046795,0.1871820956256358,0.0895218718209562,-12.12548509162034,521.0,0.0,770,811,1581,521.0,0.0,521.0,67.66233766233766,359.0,0.0,503.0,848.0,1351.0,359.0,0.0,359.0,71.37176938369781,555.0,0.0,555.0,0.0,555.0,68.4340320591862,580.0,0.0,580.0,0.0,580.0,68.39622641509435,195.0,316.0,121.0,-162.0,-162.0,0.0,3.709431721360147,25.0,25.0,0.0,-0.037805644091847,0.4842007434944237,0.6805819101834282,0.3823216187433439,0.695040710584752,concordant,concordant,-0.1018791247510798,0.0144588004013238,1,837,0,651,0,1097,928,327,117,2025,837,0.0,837,76.29899726526892,651,0.0,651,0.5625,210,8310,0,844,0,8472,1129,7969,281,9601,8310,0.0,8310,98.08781869688386,844,0.0,844,0.9077998689097663,7688
E02000736,Newham,1,2,43.3913796873177,32.12584119462199,84.0,146.0,0.0854526958290946,0.1485249237029501,0.0630722278738555,-11.265538492695711,513.0,0.0,697,894,1591,513.0,0.0,513.0,73.60114777618364,393.0,0.0,530.0,677.0,1207.0,393.0,0.0,393.0,74.15094339622641,689.0,0.0,689.0,0.0,689.0,77.06935123042506,522.0,0.0,522.0,0.0,522.0,77.10487444608567,264.0,366.0,102.0,-120.0,-120.0,0.0,0.5497956200427723,-167.0,-167.0,0.0,0.0355232156606177,0.4267886855241264,0.7554996857322439,0.4295081967213114,0.7580778790389395,concordant,concordant,0.0027195111971849,0.0025781933066956,1,737,0,832,0,929,1052,232,158,1981,737,0.0,737,79.33261571582347,832,0.0,832,0.4697259400892288,74,8903,0,807,0,9052,965,8522,288,10017,8903,0.0,8903,98.35395492708794,807,0.0,807,0.9168898043254377,8234
E02000737,Newham,2,3,37.66567419758321,28.030856513653713,175.0,262.0,0.1780264496439471,0.2665310274669379,0.0885045778229908,-9.634817683929494,245.0,292.0,804,923,1727,537.0,41.42443543717429,-47.0,30.472636815920396,211.0,219.0,571.0,706.0,1277.0,430.0,36.18559122944401,-8.0,36.952714535901926,416.0,291.0,707.0,70.09612044006948,125.0,45.07042253521127,295.0,204.0,499.0,47.12607674236491,91.0,41.78470254957507,-93.0,191.0,284.0,39.0,-107.0,-5.238844207730281,6.48007771998153,-34.0,-208.0,-22.970043697704575,-3.2857199856361987,0.4316720257234727,0.7203242617255357,0.4628632938643703,0.7274862960062647,divergent,divergent,0.0311912681408976,0.007162034280729,2,441,299,493,296,1088,1100,284,177,2188,740,60.26462522851919,142,40.533088235294116,789,66.6946983546618,197,0.4839764551994768,107,9684,220,509,204,10161,1007,9590,301,11168,9904,190.76647564469914,9464,95.30558015943312,713,9.297636103151863,305,0.9328435527926909,9289
E02000738,Newham,3,5,34.29517396008031,22.980365417929836,251.0,422.0,0.2553407934893184,0.4292980671414038,0.1739572736520854,-11.314808542150477,109.0,515.0,772,877,1649,624.0,34.04184354154033,-406.0,14.11917098445596,143.0,396.0,756.0,666.0,1422.0,539.0,39.822784810126585,-253.0,18.91534391534391,251.0,588.0,839.0,89.50151607034566,-337.0,28.62029646522235,204.0,513.0,717.0,73.59493670886076,-309.0,30.630630630630627,-428.0,80.0,508.0,153.0,-85.0,5.780941268586254,4.79617293088795,28.0,-122.0,-15.9065793614849,2.0103341654082776,0.4265208475734791,0.8872043662825955,0.429140127388535,0.8832630098452883,concordant,concordant,0.0026192798150558,-0.0039413564373071,2,423,243,367,251,1086,987,314,110,2073,666,49.58465991316932,180,38.950276243093924,618,44.436565364206466,116,0.5186915887850467,204,8778,204,510,269,9382,972,8626,306,10354,8982,172.94881205331274,8574,93.56214026859945,779,13.249951709484257,241,0.9201926032168836,8320
E02000739,Newham,2,3,39.94375669712794,28.75636445029625,136.0,240.0,0.138351983723296,0.2441505595116989,0.1057985757884028,-11.187392246831692,203.0,268.0,714,785,1499,471.0,36.29352901934623,-65.0,28.431372549019606,176.0,267.0,541.0,704.0,1245.0,443.0,37.744578313253015,-91.0,32.53234750462107,326.0,330.0,656.0,71.76784523015344,-4.0,41.52866242038217,291.0,214.0,505.0,50.019277108433734,77.0,41.33522727272727,-139.0,161.0,300.0,-26.0,-28.0,1.4510492939067845,4.100974955601465,81.0,-151.0,-21.748568121719707,-0.1934351476548954,0.4179236912156167,0.7518345563709139,0.4672995780590717,0.7614457831325301,concordant,divergent,0.049375886843455,0.0096112267616161,2,469,282,349,339,1056,916,342,131,1972,751,67.06795131845841,187,44.41287878787879,688,59.99543610547667,10,0.5218902015288395,211,7126,283,456,226,7562,937,7021,233,8499,7409,237.2817978585716,6843,94.23432954244909,682,12.125661842569714,230,0.9157088122605364,6788
E02000740,Newham,1,2,47.081519734474114,32.49887482259438,41.0,135.0,0.0417090539165818,0.1373346897253306,0.0956256358087487,-14.582644911879733,364.0,0.0,671,688,1359,364.0,0.0,364.0,54.24739195230999,317.0,0.0,485.0,633.0,1118.0,317.0,0.0,317.0,65.36082474226804,407.0,0.0,407.0,0.0,407.0,59.15697674418605,439.0,0.0,439.0,0.0,439.0,69.3522906793049,223.0,303.0,80.0,-47.0,-47.0,0.0,11.113432789958049,32.0,32.0,0.0,10.195313935118849,0.4721141374837873,0.5673289183222958,0.4193121693121693,0.6762075134168157,concordant,concordant,-0.0528019681716179,0.1088785950945199,1,609,0,519,0,939,826,268,138,1765,609,0.0,609,64.85623003194888,519,0.0,519,0.5398936170212766,130,6479,0,707,0,6656,913,6171,280,7569,6479,0.0,6479,97.3407451923077,707,0.0,707,0.9016142499304203,5891
E02000741,Newham,2,3,40.16931068635758,28.584588746053225,133.0,246.0,0.1353001017293998,0.2502543234994913,0.1149542217700915,-11.58472194030436,215.0,336.0,728,928,1656,551.0,43.6231884057971,-121.0,29.532967032967033,182.0,215.0,472.0,695.0,1167.0,397.0,33.53041988003427,-33.0,38.559322033898304,385.0,326.0,711.0,75.79106280193237,59.0,41.487068965517246,332.0,175.0,507.0,49.78577549271637,157.0,47.76978417266187,-115.0,174.0,289.0,88.0,-154.0,-10.092768525762828,9.026355000931272,98.0,-204.0,-26.005287309216,6.282715207144626,0.436608557844691,0.7620772946859904,0.4391592920353982,0.7746358183376179,divergent,divergent,0.0025507341907072,0.0125585236516274,2,379,349,381,349,999,1085,271,157,2084,728,63.46976967370441,30,37.93793793793794,730,63.80470249520153,32,0.4993141289437586,114,7768,229,540,181,8115,1002,7643,307,9117,7997,195.11593726006362,7539,95.72396796056685,721,10.720631786771964,359,0.917297545308557,7336
E02000742,Newham,2,2,40.595760675827606,31.15196406701328,125.0,172.0,0.1271617497456765,0.1749745676500508,0.0478128179043743,-9.443796608814324,298.0,246.0,815,778,1593,544.0,46.01883239171375,52.0,36.56441717791411,195.0,191.0,516.0,659.0,1175.0,386.0,31.697872340425533,4.0,37.7906976744186,339.0,273.0,612.0,58.09604519774011,66.0,43.573264781491,329.0,175.0,504.0,49.0,154.0,49.92412746585736,188.0,280.0,92.0,-48.0,-158.0,-14.320960051288218,1.2262804965044936,88.0,-108.0,-9.09604519774011,6.350862684366362,0.4705882352941176,0.7256748273697426,0.4337078651685393,0.7574468085106383,concordant,concordant,-0.0368803701255783,0.0317719811408956,2,422,264,402,297,1070,941,255,163,2011,686,55.39930382894082,158,39.4392523364486,699,59.37046245648931,105,0.49530685920577616,92,8136,205,454,186,8550,883,8034,224,9433,8341,176.81331495812572,7931,95.15789473684211,640,8.95197710166437,268,0.9287384478343169,7810
E02000743,Newham,1,1,56.39671034324943,38.29495099524016,1.0,44.0,0.0010172939979654,0.0447609359104781,0.0437436419125127,-18.10175934800927,418.0,0.0,707,817,1524,418.0,0.0,418.0,59.12305516265912,445.0,0.0,735.0,890.0,1625.0,445.0,0.0,445.0,60.544217687074834,460.0,0.0,460.0,0.0,460.0,56.303549571603426,598.0,0.0,598.0,0.0,598.0,67.19101123595506,629.0,629.0,0.0,27.0,27.0,0.0,1.4211625244157131,138.0,138.0,0.0,10.887461664351632,0.4760820045558087,0.5761154855643045,0.4266538830297219,0.6418461538461538,concordant,concordant,-0.0494281215260867,0.0657306682818493,1,626,0,563,0,943,940,236,123,1883,626,0.0,626,66.38388123011664,563,0.0,563,0.5264928511354079,113,9842,0,979,0,10145,1288,9410,398,11433,9842,0.0,9842,97.01330704780679,979,0.0,979,0.9095277700767027,9012
E02000744,Newham,1,1,48.559625891144606,35.410702959240645,31.0,74.0,0.0315361139369277,0.0752797558494405,0.0437436419125127,-13.14892293190396,492.0,0.0,894,879,1773,492.0,0.0,492.0,55.033557046979865,344.0,0.0,634.0,834.0,1468.0,344.0,0.0,344.0,54.25867507886435,527.0,0.0,527.0,0.0,527.0,59.954493742889646,525.0,0.0,525.0,0.0,525.0,62.94964028776978,503.0,503.0,0.0,-148.0,-148.0,0.0,-0.7748819681155155,-2.0,-2.0,0.0,2.995146544880136,0.4828263002944062,0.5747320924985899,0.3958573072497123,0.5919618528610354,concordant,concordant,-0.0869689930446939,0.0172297603624455,1,761,0,700,0,1197,1066,303,187,2263,761,0.0,761,63.57560568086884,700,0.0,700,0.5208761122518822,116,8654,0,858,0,8955,1178,8321,344,10133,8654,0.0,8654,96.63874930206589,858,0.0,858,0.909798149705635,7977
E02000745,Newham,2,2,39.67531163370594,30.54680930560451,144.0,187.0,0.1464903357070193,0.190233977619532,0.0437436419125127,-9.12850232810143,278.0,295.0,732,786,1518,573.0,54.025032938076414,-17.0,37.97814207650273,323.0,222.0,704.0,617.0,1321.0,545.0,54.28160484481453,101.0,45.88068181818182,328.0,286.0,614.0,61.79710144927536,42.0,41.73027989821883,293.0,220.0,513.0,48.79636638909917,73.0,47.487844408427875,249.0,409.0,160.0,118.0,-28.0,0.2565719067381167,7.902539741679092,31.0,-101.0,-13.00073506017619,5.757564510209043,0.4827295703454086,0.7819499341238472,0.5151228733459358,0.8009084027252081,divergent,concordant,0.0323933030005271,0.0189584686013609,2,373,308,393,302,986,983,254,197,1969,681,58.3463687150838,65,37.82961460446248,695,60.27729812087354,91,0.4949127906976744,57,7924,228,495,241,8451,911,7747,294,9362,8152,192.9792779320658,7696,93.76405159152763,736,12.742469557786798,254,0.9171917191719172,7453
E02000746,Newham,1,2,43.99965947168789,32.287014017521905,77.0,143.0,0.0783316378433367,0.1454730417090539,0.0671414038657172,-11.712645454165989,450.0,0.0,654,686,1340,450.0,0.0,450.0,68.80733944954129,759.0,0.0,1082.0,623.0,1705.0,759.0,0.0,759.0,70.14787430683919,490.0,0.0,490.0,0.0,490.0,71.42857142857143,478.0,0.0,478.0,0.0,478.0,76.72552166934189,579.0,645.0,66.0,309.0,309.0,0.0,1.3405348572978966,-12.0,-12.0,0.0,5.296950240770457,0.4787234042553192,0.7014925373134329,0.6135812449474535,0.7255131964809384,concordant,concordant,0.1348578406921343,0.0240206591675055,1,1049,0,643,0,1280,867,626,181,2147,1049,0.0,1049,81.953125,643,0.0,643,0.6199763593380615,445,8806,0,886,0,9141,1039,8059,416,10180,8806,0.0,8806,96.33519308609561,886,0.0,886,0.9085843995047462,7643
E02000747,Newham,1,2,42.84179001564945,32.73259178990311,95.0,130.0,0.0966429298067141,0.1322482197355035,0.0356052899287894,-10.10919822574634,761.0,0.0,1215,1101,2316,761.0,0.0,761.0,62.63374485596708,866.0,0.0,1354.0,1282.0,2636.0,866.0,0.0,866.0,63.95864106351551,671.0,0.0,671.0,0.0,671.0,60.944595821980016,905.0,0.0,905.0,0.0,905.0,70.59282371294852,585.0,803.0,218.0,105.0,105.0,0.0,1.3248962075484272,234.0,234.0,0.0,9.6482278909685,0.5314245810055865,0.6183074265975821,0.4889892715979672,0.6718512898330804,concordant,concordant,-0.0424353094076193,0.0535438632354983,1,1565,0,949,0,2075,1432,860,331,3507,1565,0.0,1565,75.42168674698794,949,0.0,949,0.6225139220365951,529,12185,0,1672,0,12685,2089,11331,807,14774,12185,0.0,12185,96.05833661805282,1672,0.0,1672,0.8793389622573429,10524
E02000748,Newham,3,4,34.914994552884615,26.135752044437588,229.0,329.0,0.2329603255340793,0.3346897253306205,0.1017293997965411,-8.779242508447027,96.0,492.0,605,809,1414,588.0,33.403111739745405,-396.0,15.867768595041325,75.0,325.0,396.0,518.0,914.0,400.0,26.668490153172865,-250.0,18.939393939393938,221.0,453.0,674.0,70.8012729844413,-232.0,27.317676143386898,150.0,287.0,437.0,47.10065645514223,-137.0,28.95752895752895,-296.0,55.0,351.0,146.0,-188.0,-6.7346215865725405,3.071625344352613,95.0,-237.0,-23.70061652929907,1.6398528141420528,0.4659270998415214,0.8925035360678925,0.4778972520908005,0.9157549234135668,concordant,concordant,0.011970152249279,0.0232513873456743,2,454,267,402,295,961,987,356,178,1948,721,62.22689938398357,187,47.242455775234134,697,60.87782340862423,107,0.5084626234132581,178,5833,190,435,176,6154,803,5758,285,6957,6023,159.30286042834555,5643,94.78388040298992,611,11.004743423889607,259,0.9078987036478746,5473
E02000749,Newham,1,1,54.21514658071611,40.51207333333334,7.0,19.0,0.0071210579857578,0.0193285859613428,0.0122075279755849,-13.703073247382775,362.0,0.0,642,744,1386,362.0,0.0,362.0,56.38629283489096,358.0,0.0,648.0,702.0,1350.0,358.0,0.0,358.0,55.24691358024691,469.0,0.0,469.0,0.0,469.0,63.03763440860215,462.0,0.0,462.0,0.0,462.0,65.8119658119658,575.0,575.0,0.0,-4.0,-4.0,0.0,-1.139379254644048,-7.0,-7.0,0.0,2.7743314033636537,0.4356197352587244,0.5995670995670995,0.4365853658536585,0.6074074074074074,concordant,concordant,0.000965630594934,0.0078403078403078,1,534,0,625,0,833,940,191,196,1773,534,0.0,534,64.10564225690277,625,0.0,625,0.46074201898188094,-5,9112,0,793,0,9413,1053,8765,351,10466,9112,0.0,9112,96.80229469882077,793,0.0,793,0.9199394245330641,8414
E02000750,Newham,1,5,52.148174561598225,22.496705571338385,13.0,442.0,0.0132248219735503,0.4496439471007121,0.4364191251271617,-29.65146899025984,833.0,0.0,1251,1145,2396,833.0,0.0,833.0,66.58673061550759,0.0,0.0,0.0,0.0,0.0,0.0,0.0,0.0,0.0,801.0,0.0,801.0,0.0,801.0,69.95633187772926,0.0,0.0,0.0,0.0,0.0,0.0,0.0,0.0,0.0,-833.0,-833.0,0.0,-66.58673061550759,-801.0,-801.0,0.0,-69.95633187772926,0.5097919216646267,0.6819699499165276,0.5,0.0,concordant,zero,-0.0097919216646267,-0.6819699499165276,1,1609,0,1122,0,2103,1516,852,371,3619,1609,0.0,1609,76.50974797907752,1122,0.0,1122,0.5891614793116074,481,0,0,0,0,0,0,0,0,0,0,0.0,0,0.0,0,0.0,0,0.5,0
E02000751,Redbridge,10,10,9.351764970255228,7.202862998102467,907.0,945.0,0.9226856561546288,0.9613428280773144,0.0386571719226855,-2.148901972152762,0.0,397.0,592,417,1009,397.0,0.0,-397.0,0.0,0.0,440.0,602.0,455.0,1057.0,440.0,0.0,-440.0,0.0,0.0,582.0,582.0,0.0,-582.0,0.0,0.0,595.0,595.0,0.0,-595.0,0.0,-430.0,0.0,430.0,-43.0,43.0,0.0,0.0,-13.0,13.0,0.0,0.0,0.4055158324821246,0.9702675916749256,0.4251207729468599,0.97918637653737,concordant,concordant,0.0196049404647352,0.0089187848624442,9,9,797,11,907,917,814,325,397,1731,806,4.143847487001733,-788,0.9814612868047983,918,5.763720392836511,-896,0.46751740139211134,-72,1,1017,4,10971,10978,1030,10376,575,12008,1018,0.08469353764157228,-1016,0.009109127345600291,10975,3.6545636242504997,-10967,0.08488284832819144,9801
E02000752,Redbridge,3,3,35.756428016140866,28.57728497690845,206.0,247.0,0.2095625635808748,0.2512716174974567,0.0417090539165818,-7.1791430392324145,233.0,26.0,407,277,684,259.0,8.85672514619883,207.0,57.24815724815725,318.0,44.0,523.0,328.0,851.0,362.0,16.44183313748531,274.0,60.80305927342257,233.0,113.0,346.0,38.49269005847953,120.0,84.11552346570397,265.0,157.0,422.0,48.889541715628674,108.0,80.79268292682927,296.0,332.0,36.0,67.0,103.0,7.585107991286481,3.5549020252653207,-12.0,76.0,10.396851657149142,-3.3228405388747007,0.428099173553719,0.8845029239766082,0.461734693877551,0.9212690951821386,concordant,concordant,0.0336355203238319,0.0367661712055303,2,358,17,386,72,523,422,116,145,945,375,6.44021164021164,341,68.45124282982792,458,29.409523809523808,314,0.45018007202881155,-29,8419,23,511,102,8614,574,8091,246,9188,8442,21.074989116238573,8396,97.73624332482007,613,5.672834131475838,409,0.9323025952512424,7845
E02000753,Redbridge,5,5,24.85718127077224,23.510569328686167,472.0,403.0,0.4801627670396745,0.409969481180061,-0.0701932858596134,-1.3466119420860745,167.0,87.0,301,287,588,254.0,24.709183673469383,80.0,55.48172757475083,207.0,102.0,438.0,280.0,718.0,309.0,29.4066852367688,105.0,47.26027397260274,195.0,117.0,312.0,38.80102040816327,78.0,67.94425087108013,172.0,215.0,387.0,51.5041782729805,-43.0,61.42857142857143,82.0,189.0,107.0,25.0,55.0,4.697501563299419,-8.221453602148088,-121.0,75.0,12.703157864817236,-6.515679442508699,0.4487632508833922,0.9625850340136054,0.4439655172413793,0.9693593314763232,concordant,divergent,-0.0047977336420129,0.0067742974627177,4,272,89,318,117,422,420,121,133,842,361,28.75059382422803,183,64.45497630331754,435,44.187648456057005,201,0.4535175879396985,-12,6541,103,430,225,6799,552,6361,272,7351,6644,91.6505237382669,6438,96.20532431239889,655,13.161474629302136,205,0.9102616796821482,6089
E02000754,Redbridge,8,8,15.83634904037267,14.505686512040183,735.0,718.0,0.7477110885045778,0.7304170905391658,-0.0172939979654119,-1.330662528332487,57.0,218.0,398,306,704,275.0,17.650568181818183,-161.0,14.321608040201006,46.0,192.0,388.0,270.0,658.0,238.0,13.422492401215806,-146.0,11.855670103092782,61.0,313.0,374.0,27.120738636363637,-252.0,19.934640522875817,64.0,316.0,380.0,30.735562310030396,-252.0,23.703703703703702,-120.0,65.0,185.0,15.0,-37.0,-4.228075780602378,-2.465937937108224,0.0,6.0,3.614823673666759,3.769063180827885,0.423728813559322,0.921875,0.3851132686084142,0.939209726443769,concordant,concordant,-0.0386155449509078,0.0173347264437689,6,80,218,79,311,533,534,135,228,1067,298,16.34489222118088,-138,15.0093808630394,390,23.026241799437674,-232,0.4331395348837209,-93,65,189,73,311,6670,627,6282,357,7297,254,1.6835685898314376,-124,0.9745127436281859,384,3.111278607646978,-238,0.3981191222570533,5925
E02000755,Redbridge,7,7,18.239461278267537,16.18405319148936,666.0,653.0,0.6775178026449644,0.6642929806714141,-0.0132248219735503,-2.055408086778172,83.0,115.0,357,256,613,198.0,15.570962479608482,-32.0,23.24929971988795,93.0,102.0,313.0,198.0,511.0,195.0,18.563600782778867,-9.0,29.71246006389776,69.0,200.0,269.0,22.512234910277325,-131.0,26.953125,43.0,147.0,190.0,12.36986301369863,-104.0,21.71717171717172,-4.0,101.0,105.0,23.0,-3.0,2.9926383031703843,6.4631603440098075,27.0,-79.0,-10.142371896578696,-5.23595328282828,0.4239828693790149,0.7618270799347472,0.5064935064935064,0.7534246575342466,concordant,concordant,0.0825106371144914,-0.0084024224005005,5,205,107,254,193,473,436,116,180,909,312,24.130913091309132,98,43.34038054968288,447,53.92959295929593,61,0.41106719367588934,-64,5186,100,324,137,5402,478,5089,280,5880,5286,88.19727891156462,5086,96.00148093298777,461,7.548979591836734,187,0.9197842352531755,4809
E02000756,Redbridge,7,7,19.096984676167853,16.160764657677124,639.0,654.0,0.6500508646998983,0.6653102746693794,0.0152594099694811,-2.9362200184907294,178.0,342.0,883,703,1586,520.0,38.383354350567465,-164.0,20.15855039637599,130.0,390.0,903.0,728.0,1631.0,520.0,31.08522378908645,-260.0,14.396456256921372,170.0,461.0,631.0,49.41361916771753,-291.0,24.18207681365576,137.0,616.0,753.0,51.742489270386265,-479.0,18.81868131868132,-289.0,139.0,428.0,-96.0,0.0,-7.298130561481017,-5.762094139454618,-188.0,122.0,2.3288701026687377,-5.363395494974437,0.4517810599478714,0.7257250945775536,0.408483896307934,0.7805027590435316,concordant,concordant,-0.0432971636399374,0.0547776644659779,5,562,329,534,424,1241,1061,358,358,2302,891,80.32059079061686,233,45.286059629331184,958,98.35621198957428,110,0.48188209843158464,0,13550,364,789,582,14298,1359,13395,631,15657,13914,315.01564795299225,13186,94.76849909078193,1371,29.328607012837708,207,0.9103042198233562,12764
E02000757,Redbridge,9,9,11.559534872525182,9.429598489666136,850.0,878.0,0.8646998982706002,0.8931841302136317,0.0284842319430315,-2.1299363828590447,39.0,618.0,933,764,1697,657.0,14.202710665880966,-579.0,4.180064308681672,57.0,588.0,864.0,688.0,1552.0,645.0,21.59536082474227,-531.0,6.597222222222222,104.0,843.0,947.0,51.662934590453744,-739.0,13.612565445026178,64.0,764.0,828.0,31.50515463917526,-700.0,9.30232558139535,-437.0,69.0,506.0,48.0,-12.0,7.3926501588613025,2.4171579135405503,39.0,-119.0,-20.157779951278485,-4.310239863630828,0.4096009975062344,0.9451974071891572,0.4378818737270876,0.94909793814433,concordant,concordant,0.0282808762208531,0.0039005309551725,8,39,1142,102,1364,1414,1262,481,498,2676,1181,16.643497757847534,-1103,2.758132956152758,1466,51.99103139013453,-1262,0.4461654703437854,-17,57,1215,60,12026,12093,1296,11229,608,13389,1272,5.172529688550303,-1158,0.47134706028280826,12086,53.892000896258125,-11966,0.09522383590357839,10621
E02000758,Redbridge,7,7,19.123400913824963,16.231595136378573,638.0,652.0,0.6490335707019329,0.6632756866734486,0.0142421159715157,-2.8918057774463897,63.0,133.0,376,345,721,196.0,11.62135922330097,-70.0,16.75531914893617,54.0,121.0,279.0,282.0,561.0,175.0,11.647058823529411,-67.0,19.35483870967742,79.0,210.0,289.0,23.009708737864077,-131.0,22.89855072463768,65.0,169.0,234.0,19.581105169340464,-104.0,23.04964539007092,-98.0,52.0,150.0,3.0,-21.0,0.0256996002284406,2.59951956074125,27.0,-55.0,-3.428603568523613,0.1510946654332414,0.4041237113402062,0.6726768377253814,0.4278728606356968,0.7290552584670231,concordant,concordant,0.0237491492954906,0.0563784207416416,5,183,120,241,210,492,499,116,154,991,303,22.159434914228054,63,37.19512195121951,451,51.06962663975782,31,0.40185676392572944,-38,6568,118,271,157,6789,484,6510,202,7273,6686,106.56180393235253,6450,96.74473412873766,428,5.849993125257803,114,0.9398369412426202,6308
E02000759,Redbridge,7,7,19.176955022334777,15.525825505395956,637.0,681.0,0.6480162767039674,0.6927772126144456,0.0447609359104781,-3.651129516938816,252.0,303.0,762,689,1451,555.0,52.62301860785665,-51.0,33.07086614173229,228.0,365.0,771.0,735.0,1506.0,593.0,55.2589641434263,-137.0,29.571984435797667,260.0,416.0,676.0,74.54169538249484,-156.0,37.735849056603776,269.0,422.0,691.0,75.37715803452855,-153.0,36.59863945578231,-126.0,233.0,359.0,-86.0,38.0,2.635945535569647,-3.4988817059346218,3.0,15.0,0.8354626520337121,-1.137209600821464,0.4508529650690495,0.8483804272915231,0.4618380062305296,0.852589641434263,concordant,concordant,0.01098504116148,0.0042092141427398,5,641,295,663,402,1133,1081,371,392,2214,936,85.40876242095754,346,56.57546337157988,1065,120.3821138211382,261,0.46776611694152925,-21,12282,361,881,412,12818,1340,12047,605,14158,12643,313.1658426331403,11921,95.8183804025589,1293,25.63723689786693,469,0.9072187141216992,11442
E02000760,Redbridge,7,6,21.020518505102775,19.826413208076275,594.0,538.0,0.6042726347914548,0.5473041709053916,-0.0569684638860631,-1.1941052970264998,115.0,176.0,467,376,843,291.0,24.009489916963226,-61.0,24.62526766595289,66.0,217.0,439.0,445.0,884.0,283.0,16.20135746606335,-151.0,15.034168564920272,54.0,238.0,292.0,15.245551601423488,-184.0,14.361702127659576,109.0,241.0,350.0,29.716063348416288,-132.0,24.49438202247191,42.0,219.0,177.0,-90.0,-8.0,-7.808132450899876,-9.59109910103262,52.0,58.0,14.4705117469928,10.132679894812334,0.4991423670668953,0.6915776986951364,0.4470774091627172,0.7160633484162896,concordant,concordant,-0.0520649579041781,0.0244856497211531,5,257,161,238,214,606,548,139,172,1154,418,35.85528596187175,96,42.40924092409241,452,44.13518197573657,24,0.4804597701149425,-33,7058,214,343,232,7419,677,6980,232,8096,7272,186.56274703557312,6844,95.13411510985308,575,9.829051383399209,111,0.9267235886325984,6748
E02000762,Redbridge,9,9,12.728988661685214,10.2111995763353,814.0,855.0,0.8280773143438453,0.8697863682604272,0.0417090539165818,-2.5177890853499143,4.0,335.0,372,382,754,339.0,1.7771883289124668,-331.0,1.0752688172043012,3.0,332.0,322.0,367.0,689.0,335.0,1.4455732946298985,-329.0,0.9316770186335404,16.0,360.0,376.0,7.639257294429708,-344.0,4.18848167539267,19.0,318.0,337.0,8.76923076923077,-299.0,5.177111716621254,-300.0,2.0,302.0,2.0,-4.0,-0.3316150342825683,-0.1435917985707608,45.0,-39.0,1.129973474801062,0.9886300412285838,0.4741258741258741,0.9482758620689656,0.4985119047619047,0.9753265602322206,concordant,concordant,0.0243860306360306,0.0270506981632551,7,7,456,35,461,499,557,127,175,1056,463,3.022727272727273,-449,1.402805611222445,496,15.27935606060606,-426,0.48279457768508866,-48,4,553,29,6513,6536,614,6214,247,7150,557,0.30937062937062937,-549,0.06119951040391676,6542,26.416363636363638,-6484,0.07846175517678547,5967
E02000763,Redbridge,6,7,21.29570971709007,17.387972435545805,584.0,616.0,0.5940996948118006,0.6266531027466938,0.0325534079348932,-3.907737281544264,192.0,183.0,449,457,906,375.0,38.78145695364238,9.0,42.76169265033408,183.0,171.0,508.0,477.0,985.0,354.0,31.76954314720812,12.0,36.023622047244096,249.0,213.0,462.0,58.53973509933775,36.0,54.48577680525164,237.0,267.0,504.0,64.24263959390863,-30.0,49.685534591194966,-148.0,66.0,214.0,3.0,-21.0,-7.011913806434265,-6.738070603089987,-66.0,42.0,5.702904494570888,-4.800242214056674,0.4480286738351254,0.9238410596026492,0.4125874125874126,0.8710659898477158,concordant,divergent,-0.0354412612477128,-0.0527750697549332,5,237,207,268,251,602,608,153,151,1210,444,40.54462809917355,30,39.3687707641196,519,55.59338842975207,17,0.46105919003115264,2,7486,236,350,311,7913,724,7405,247,8637,7722,204.54972791478522,7250,94.60381650448629,661,12.602755586430474,39,0.9211499463199332,7158
E02000764,Redbridge,8,9,14.618990114285715,11.069743743025668,762.0,828.0,0.775178026449644,0.8423194303153612,0.0671414038657172,-3.5492463712600486,184.0,559.0,988,842,1830,743.0,56.20546448087432,-375.0,18.62348178137652,151.0,540.0,857.0,768.0,1625.0,691.0,50.17846153846154,-389.0,17.6196032672112,224.0,749.0,973.0,91.68087431693988,-525.0,26.60332541567696,171.0,668.0,839.0,70.29415384615385,-497.0,22.265625,-524.0,56.0,580.0,-14.0,-52.0,-6.0270029424127785,-1.0038785141653186,28.0,-134.0,-21.38672047078603,-4.337700415676959,0.432983682983683,0.9377049180327868,0.4516339869281046,0.9415384615384615,concordant,concordant,0.0186503039444215,0.0038335435056746,7,107,1037,142,1264,1458,1278,470,436,2736,1144,40.55519005847953,-930,7.338820301783265,1406,65.60233918128655,-1122,0.44862745098039214,34,106,1150,115,11883,12047,1348,11190,580,13395,1256,9.10041060097051,-1044,0.8798871088237736,11998,102.01903695408734,-11768,0.09476384487701826,10610
E02000765,Redbridge,8,8,15.24584731286596,12.99657680060652,745.0,758.0,0.757884028484232,0.7711088504577823,0.0132248219735503,-2.2492705122594394,37.0,400.0,525,502,1027,437.0,14.410905550146056,-363.0,7.0476190476190474,34.0,413.0,517.0,519.0,1036.0,447.0,13.554054054054054,-379.0,6.5764023210831715,63.0,463.0,526.0,28.402142161635833,-400.0,12.549800796812749,68.0,448.0,516.0,29.405405405405407,-380.0,13.102119460500964,-364.0,47.0,411.0,-16.0,10.0,-0.856851496092002,-0.471216726535876,20.0,-10.0,1.003263243769574,0.5523186636882151,0.4537902388369678,0.937682570593963,0.4641744548286604,0.9295366795366796,concordant,concordant,0.0103842159916926,-0.0081458910572834,6,58,366,95,445,713,650,188,148,1363,424,15.574468085106384,-308,8.134642356241233,540,31.016140865737345,-350,0.43983402489626555,40,62,404,99,410,7367,780,6850,261,8147,466,3.074505953111575,-342,0.8415908782408036,509,4.982202037559838,-311,0.47794871794871796,6589
E02000767,Redbridge,7,7,18.503202819065127,15.670712389929308,660.0,673.0,0.671414038657172,0.6846388606307223,0.0132248219735503,-2.83249042913582,66.0,268.0,520,505,1025,334.0,17.25658536585366,-202.0,12.692307692307692,92.0,274.0,611.0,519.0,1130.0,366.0,22.30796460176991,-182.0,15.057283142389524,108.0,335.0,443.0,35.297560975609755,-227.0,21.386138613861387,150.0,416.0,566.0,55.2212389380531,-266.0,28.901734104046245,-152.0,94.0,246.0,20.0,32.0,5.051379235916251,2.3649754500818325,-39.0,123.0,19.923677962443342,7.515595490184857,0.4298584298584298,0.7580487804878049,0.3927038626609442,0.8247787610619469,concordant,concordant,-0.0371545671974856,0.066729980574142,5,308,223,311,298,747,692,227,187,1439,531,47.73036831132731,85,41.231593038821956,609,64.40444753300903,13,0.46578947368421053,40,7928,234,511,358,8433,869,7822,350,9302,8162,199.43582025370887,7694,94.01162101268825,869,19.66652332831649,153,0.9037758830694276,7472
E02000768,Redbridge,9,10,12.22209058869258,9.023436525612471,829.0,893.0,0.8433367243133265,0.9084435401831128,0.0651068158697864,-3.1986540630801077,3.0,346.0,386,396,782,349.0,1.3273657289002558,-343.0,0.7772020725388601,10.0,293.0,319.0,320.0,639.0,303.0,4.58528951486698,-283.0,3.1347962382445136,14.0,357.0,371.0,6.391304347826087,-343.0,3.535353535353535,11.0,280.0,291.0,4.820031298904539,-269.0,3.4375000000000004,-311.0,0.0,311.0,60.0,-46.0,3.2579237859667236,2.3575941657056534,74.0,-80.0,-1.5712730489215485,-0.0978535353535345,0.4847222222222222,0.9207161125319692,0.51010101010101,0.9295774647887324,concordant,concordant,0.0253787878787878,0.0088613522567631,7,19,433,43,443,539,547,153,151,1086,452,7.5755064456721914,-414,3.525046382189239,486,17.540515653775323,-400,0.48187633262260127,2,37,453,26,5619,5707,516,5388,196,6223,490,2.69339546842359,-416,0.6483266164359559,5645,23.476458299855373,-5593,0.07986960065199673,5192
E02000769,Redbridge,7,7,18.654217269087027,16.92342864312151,652.0,630.0,0.6632756866734486,0.6408952187182095,-0.022380467955239,-1.7307886259655163,116.0,576.0,1146,845,1991,692.0,33.55901557006529,-460.0,10.12216404886562,0.0,0.0,0.0,0.0,0.0,0.0,0.0,0.0,0.0,142.0,898.0,1040.0,64.0462079357107,-756.0,16.80473372781065,0.0,0.0,0.0,0.0,0.0,0.0,0.0,0.0,0.0,460.0,-692.0,-33.55901557006529,-10.12216404886562,756.0,-1040.0,-64.0462079357107,-16.80473372781065,0.3995381062355658,0.8699146157709694,0.5,0.0,concordant,zero,0.1004618937644342,-0.8699146157709694,5,462,548,553,879,1469,1250,323,405,2719,1010,93.11364472232438,-86,31.449965963240302,1432,178.77418168444282,-326,0.4135954135954136,-82,0,0,0,0,0,0,0,0,0,0,0.0,0,0.0,0,0.0,0,0.5,0
E02000770,Redbridge,7,7,20.04266230362338,15.911643386509231,616.0,668.0,0.6266531027466938,0.6795523906408952,0.0528992878942014,-4.131018917114149,35.0,301.0,525,482,1007,336.0,10.461767626613703,-266.0,6.666666666666667,45.0,318.0,461.0,517.0,978.0,363.0,14.631901840490798,-273.0,9.761388286334055,71.0,409.0,480.0,28.837140019860975,-338.0,14.730290456431536,98.0,335.0,433.0,33.56850715746421,-237.0,18.95551257253385,-231.0,47.0,278.0,-7.0,27.0,4.170134213877095,3.0947216196673883,101.0,-47.0,4.731367137603236,4.225222116102312,0.4117647058823529,0.8103277060575969,0.4560301507537688,0.8139059304703476,concordant,concordant,0.0442654448714159,0.0035782244127507,5,289,282,244,366,772,648,247,166,1420,571,57.39295774647887,7,37.43523316062176,610,62.89014084507042,-122,0.48348856900931414,81,7589,286,340,309,7993,748,7532,231,8741,7875,248.3072874957099,7303,94.94557738020768,649,12.01921976890516,31,0.9238620366025341,7301
E02000772,Redbridge,6,7,22.03765520765165,18.02358639161158,558.0,595.0,0.5676500508646999,0.6052899287894201,0.0376398779247202,-4.014068816040066,195.0,328.0,721,723,1444,523.0,44.29362880886426,-133.0,27.045769764216367,113.0,301.0,429.0,689.0,1118.0,414.0,30.423076923076923,-188.0,26.340326340326342,296.0,439.0,735.0,89.98891966759003,-143.0,40.94052558782849,293.0,211.0,504.0,55.29785330948122,82.0,42.52539912917271,-359.0,55.0,414.0,-55.0,-109.0,-13.87055188578734,-0.7054434238900242,225.0,-231.0,-34.691066358108806,1.5848735413442228,0.4157392686804451,0.871191135734072,0.4509803921568627,0.8211091234347049,concordant,divergent,0.0352411234764176,-0.0500820122993671,4,506,277,517,377,1022,924,301,201,1946,783,72.0256937307297,229,49.510763209393346,894,100.15878725590956,140,0.4669051878354204,100,7902,251,629,174,8198,1004,7769,315,9202,8153,215.54031732232124,7651,96.38936325933155,803,11.893718756792001,455,0.9103394372487718,7454
E02000773,Redbridge,6,7,21.959269704283543,16.509376456408194,566.0,643.0,0.5757884028484231,0.6541200406917599,0.0783316378433367,-5.449893247875348,175.0,272.0,739,629,1368,447.0,34.7953216374269,-97.0,23.68064952638701,233.0,303.0,677.0,701.0,1378.0,536.0,51.23294629898403,-70.0,34.416543574593796,265.0,498.0,763.0,96.46929824561404,-233.0,42.130365659777425,323.0,339.0,662.0,79.46081277213352,-16.0,46.07703281027104,-245.0,100.0,345.0,27.0,89.0,16.43762466155713,10.735894048206784,217.0,-101.0,-17.00848547348052,3.9466671504936177,0.3694214876033058,0.8845029239766082,0.4474123539232053,0.8693759071117562,concordant,concordant,0.0779908663198995,-0.015127016864852,4,458,254,510,486,996,839,257,210,1835,712,63.396185286103545,204,45.98393574297189,996,135.07356948228883,24,0.4168618266978923,47,10161,265,670,304,10552,1016,9875,315,11568,10426,232.76841286307055,9896,96.29454131918119,974,17.60719225449516,366,0.9145614035087719,9560
E02000774,Redbridge,5,5,24.714774444444444,22.112884094530003,475.0,454.0,0.4832146490335707,0.461851475076297,-0.0213631739572736,-2.6018903499144415,241.0,244.0,640,535,1175,485.0,50.04595744680851,-3.0,37.65625,207.0,178.0,495.0,580.0,1075.0,385.0,34.2753488372093,29.0,41.81818181818181,264.0,371.0,635.0,83.35659574468085,-107.0,49.34579439252336,361.0,269.0,630.0,90.33395348837207,92.0,62.241379310344826,-30.0,176.0,206.0,32.0,-100.0,-15.770608609599208,4.161931818181813,199.0,-5.0,6.977357743691229,12.895584917821466,0.4330357142857143,0.9531914893617022,0.3793103448275862,0.944186046511628,concordant,concordant,-0.0537253694581281,-0.0090054428500743,4,420,249,335,380,880,681,240,146,1561,669,66.99551569506727,171,47.72727272727273,715,81.55028827674568,-45,0.4833815028901734,94,7521,195,513,276,7890,822,7395,242,8712,7716,168.34194214876032,7326,95.32319391634981,789,16.25206611570248,237,0.9072310405643739,7153
E02000776,Redbridge,6,7,21.152763799435025,17.057423624358034,590.0,627.0,0.6002034587995931,0.6378433367243134,0.0376398779247202,-4.095340175076991,115.0,315.0,627,569,1196,430.0,30.28846153846154,-200.0,18.341307814992025,72.0,240.0,385.0,504.0,889.0,312.0,19.437570303712036,-168.0,18.7012987012987,203.0,470.0,673.0,79.77424749163879,-267.0,35.67662565905096,197.0,281.0,478.0,62.26884139482565,-84.0,39.08730158730159,-240.0,30.0,270.0,32.0,-118.0,-10.850891234749504,0.3599908863066758,183.0,-195.0,-17.50540609681314,3.410675928250626,0.3898458748866727,0.9222408026755852,0.3949367088607595,0.8886389201349831,concordant,concordant,0.0050908339740867,-0.0336018825406021,5,314,360,213,511,879,661,252,92,1540,674,73.40259740259741,-46,35.72241183162685,724,70.67727272727272,-298,0.4821173104434907,160,6549,292,306,312,6896,670,6511,166,7566,6841,252.7501982553529,6257,94.96809744779581,618,12.618556701030927,-6,0.9171470706529026,6345
E02000777,Redbridge,7,7,18.48335304606493,17.298952435813035,661.0,618.0,0.6724313326551373,0.6286876907426246,-0.0437436419125126,-1.1844006102518954,76.0,217.0,370,315,685,293.0,24.075912408759123,-141.0,20.54054054054054,35.0,157.0,344.0,273.0,617.0,192.0,8.905996758508914,-122.0,10.174418604651162,75.0,266.0,341.0,29.124087591240876,-191.0,23.809523809523807,78.0,289.0,367.0,36.53484602917342,-211.0,28.57142857142857,-113.0,42.0,155.0,19.0,-101.0,-15.169915650250209,-10.366121935889378,-20.0,26.0,7.410758437932547,4.761904761904763,0.4621451104100946,0.9255474452554744,0.3434704830053667,0.905996758508914,concordant,concordant,-0.1186746274047279,-0.0195506867465603,5,199,210,251,261,490,491,120,176,981,409,42.599388379204896,-11,40.61224489795918,512,66.77981651376147,-10,0.44408251900108575,-56,5567,157,302,289,5874,493,5530,220,6367,5724,137.27328412125019,5410,94.77357848144365,591,13.707868697973929,13,0.9064133016627078,5310
E02000779,Redbridge,3,4,33.767304487162946,26.407871511696943,265.0,318.0,0.2695829094608342,0.323499491353001,0.0539165818921668,-7.359432975466,503.0,190.0,927,1031,1958,693.0,48.810010214504594,313.0,54.26105717367853,431.0,207.0,788.0,837.0,1625.0,638.0,54.90276923076923,224.0,54.69543147208121,760.0,298.0,1058.0,115.66905005107252,462.0,73.71483996120271,550.0,256.0,806.0,86.64615384615385,294.0,65.71087216248507,21.0,364.0,343.0,-89.0,-55.0,6.092759016264637,0.4343742984026804,-168.0,-252.0,-29.022896204918663,-8.003967798717639,0.3957738435179897,0.8942798774259448,0.4418282548476454,0.8886153846153846,concordant,concordant,0.0460544113296557,-0.0056644928105602,2,953,101,969,152,1361,1219,434,188,2580,1054,37.30736434108527,852,70.02204261572373,1121,57.08837209302325,817,0.4845977011494253,246,7869,120,932,134,8207,1201,7419,364,9408,7989,100.36989795918367,7749,95.88156451809431,1066,13.274659863945578,798,0.8822749861954721,7055
E02000780,Redbridge,4,5,31.72315276123443,23.348161377947893,318.0,409.0,0.323499491353001,0.4160732451678535,0.0925737538148525,-8.374991383286542,514.0,477.0,1337,1291,2628,991.0,93.2945205479452,37.0,38.44427823485415,0.0,0.0,0.0,0.0,0.0,0.0,0.0,0.0,0.0,643.0,640.0,1283.0,156.59056316590562,3.0,49.80635166537567,0.0,0.0,0.0,0.0,0.0,0.0,0.0,0.0,0.0,-37.0,-991.0,-93.2945205479452,-38.44427823485415,-3.0,-1283.0,-156.59056316590562,-49.80635166537567,0.4357959542656112,0.865296803652968,0.5,0.0,concordant,zero,0.0642040457343887,-0.865296803652968,3,1286,391,830,613,2113,1497,776,206,3610,1677,139.2869806094183,895,60.86133459536205,1443,140.93905817174516,217,0.5375,570,0,0,0,0,0,0,0,0,0,0,0.0,0,0.0,0,0.0,0,0.5,0
E02000781,Redbridge,7,7,19.291041617905208,16.982215621413623,635.0,629.0,0.6459816887080366,0.6398779247202442,-0.0061037639877924,-2.308825996491585,59.0,633.0,871,861,1732,692.0,21.562933025404156,-574.0,6.77382319173364,44.0,600.0,712.0,832.0,1544.0,644.0,17.098445595854923,-556.0,6.179775280898876,103.0,725.0,828.0,43.114896073903004,-622.0,11.962833914053428,132.0,594.0,726.0,50.78238341968912,-462.0,15.865384615384617,-555.0,44.0,599.0,18.0,-48.0,-4.464487429549234,-0.5940479108347638,160.0,-102.0,7.667487345786114,3.902550701331189,0.4552631578947368,0.8775981524249422,0.4700729927007299,0.8873056994818653,concordant,concordant,0.014809834805993,0.0097075470569231,5,399,614,397,707,1192,1147,321,286,2339,1013,104.73963232150491,-215,33.47315436241611,1104,119.99957246686618,-310,0.47850732168162496,35,15343,592,657,582,16006,1338,15294,506,17344,15935,523.700184501845,14751,95.85780332375359,1239,22.04647140221402,75,0.9278560614882962,14788
E02000782,Redbridge,4,3,30.49912801916245,28.464855586648017,351.0,249.0,0.3570701932858596,0.2533062054933876,-0.1037639877924719,-2.0342724325144346,312.0,327.0,920,884,1804,639.0,56.55432372505543,-15.0,33.91304347826087,284.0,271.0,876.0,728.0,1604.0,555.0,47.98254364089775,13.0,32.42009132420091,401.0,441.0,842.0,98.02716186252772,-40.0,45.36199095022624,403.0,536.0,939.0,134.66832917705736,-133.0,55.35714285714286,299.0,453.0,154.0,28.0,-84.0,-8.57178008415768,-1.4929521540599566,-93.0,97.0,36.64116731452964,9.995151906916618,0.4314652261985145,0.8209534368070953,0.3714859437751004,0.93142144638404,concordant,divergent,-0.0599792824234141,0.1104680095769445,3,757,257,549,369,1370,1044,450,160,2414,1014,80.59196354598177,500,55.25547445255474,918,83.91922120961061,180,0.5248447204968945,290,10531,226,781,517,11126,1119,10250,391,12245,10757,194.3655369538587,10305,94.65216609742944,1298,32.97484687627603,264,0.892326835338034,9859
E02000783,Redbridge,3,3,32.51164809510683,27.660824514400534,295.0,282.0,0.3001017293997965,0.2868769074262461,-0.0132248219735504,-4.850823580706294,364.0,151.0,674,618,1292,515.0,42.54179566563467,213.0,54.00593471810089,201.0,107.0,449.0,487.0,936.0,308.0,22.977564102564106,94.0,44.766146993318486,424.0,246.0,670.0,80.73065015479877,178.0,68.6084142394822,298.0,185.0,483.0,58.89957264957265,113.0,61.19096509240246,66.0,195.0,129.0,-119.0,-207.0,-19.564231563070567,-9.239787724782405,-65.0,-187.0,-21.83107750522612,-7.417449147079744,0.4345991561181435,0.9171826625386996,0.3893805309734513,0.8450854700854701,concordant,concordant,-0.0452186251446921,-0.0720971924532296,3,360,194,388,310,866,719,192,101,1585,554,44.063091482649845,166,41.570438799076214,698,75.88643533123029,78,0.4424920127795527,91,6943,189,462,245,7262,705,6813,218,7967,7132,164.7077946529434,6754,95.60727072431837,707,14.20735534078072,217,0.9098099247352979,6595
E02000784,Richmond upon Thames,10,9,9.916945694339256,9.80582489389004,895.0,869.0,0.9104781281790436,0.884028484231943,-0.0264496439471007,-0.1111208004492176,0.0,615.0,752,747,1499,615.0,0.0,-615.0,0.0,0.0,595.0,701.0,742.0,1443.0,595.0,0.0,-595.0,0.0,0.0,671.0,671.0,0.0,-671.0,0.0,0.0,567.0,567.0,0.0,-567.0,0.0,-270.0,131.0,401.0,20.0,-20.0,0.0,0.0,104.0,-104.0,0.0,0.0,0.4782270606531882,0.8579052701801201,0.5120481927710844,0.8052668052668053,concordant,concordant,0.0338211321178961,-0.0526384649133148,8,73,783,95,1099,1318,1076,566,329,2394,856,23.87593984962406,-710,5.538694992412747,1194,43.611111111111114,-1004,0.4175609756097561,237,99,924,108,9598,9844,1200,9143,458,11044,1023,8.282868525896415,-825,1.0056887444128404,9706,93.85947120608475,-9490,0.09534905396588685,8685
E02000785,Richmond upon Thames,10,10,7.159368775348118,6.926790247437623,959.0,948.0,0.97558494404883,0.9643947100712106,-0.0111902339776195,-0.232578527910495,0.0,535.0,798,760,1558,535.0,0.0,-535.0,0.0,0.0,509.0,791.0,708.0,1499.0,509.0,0.0,-509.0,0.0,0.0,657.0,657.0,0.0,-657.0,0.0,0.0,641.0,641.0,0.0,-641.0,0.0,-508.0,0.0,508.0,26.0,-26.0,0.0,0.0,16.0,-16.0,0.0,0.0,0.4488255033557047,0.7650834403080873,0.4426086956521739,0.7671781187458305,concordant,concordant,-0.0062168077035307,0.0020946784377432,10,0,1099,0,1389,1411,1155,613,395,2566,1099,0.0,-1099,0.0,1389,0.0,-1389,0.4417202572347267,218,0,1308,0,9460,9492,1348,8701,640,10840,1308,0.0,-1308,0.0,9460,0.0,-9460,0.12147102526002972,8061
E02000786,Richmond upon Thames,9,9,11.724581876545471,9.700054975887769,844.0,871.0,0.8585961342828077,0.8860630722278738,0.0274669379450661,-2.024526900657703,307.0,390.0,1061,931,1992,697.0,60.105421686746986,-83.0,28.934967012252592,275.0,331.0,947.0,795.0,1742.0,606.0,52.253157290470725,-56.0,29.039070749736005,409.0,597.0,1006.0,122.57680722891568,-188.0,43.9312567132116,349.0,519.0,868.0,103.97876004592422,-170.0,43.89937106918239,-110.0,208.0,318.0,27.0,-91.0,-7.852264396276261,0.1041037374834132,18.0,-138.0,-18.598047182991465,-0.0318856440292094,0.4092777451556078,0.8549196787148594,0.4111261872455902,0.8461538461538461,concordant,concordant,0.0018484420899824,-0.0087658325610132,8,163,1000,255,1159,1546,1465,485,534,3011,1163,54.13483892394553,-837,10.54333764553687,1414,98.15509797409499,-904,0.4512999611951882,-49,174,1043,226,10653,11010,1461,10063,666,12471,1217,14.552321385614626,-869,1.5803814713896458,10879,193.05412557132547,-10427,0.10061177248677249,9397
E02000787,Richmond upon Thames,9,8,13.271912231831203,13.612062804453725,789.0,744.0,0.8026449643947101,0.7568667344862665,-0.0457782299084436,0.3401505726225178,276.0,308.0,942,806,1748,584.0,48.63157894736842,-32.0,29.29936305732484,264.0,343.0,848.0,885.0,1733.0,607.0,52.25158684362378,-79.0,31.132075471698112,369.0,463.0,832.0,97.73855835240276,-94.0,45.78163771712159,416.0,435.0,851.0,104.4200807847663,-19.0,47.005649717514125,142.0,424.0,282.0,-47.0,23.0,3.620007896255359,1.8327124143732725,75.0,19.0,6.681522432363536,1.224012000392534,0.4124293785310734,0.8100686498855835,0.4163237311385459,0.8413156376226197,concordant,concordant,0.0038943526074725,0.0312469877370362,7,443,735,471,1145,1636,1249,694,443,2885,1178,112.86135181975736,-292,27.078239608801958,1616,186.9306759098787,-674,0.42161775232641374,251,378,996,514,11341,11770,1554,10922,669,13324,1374,28.256379465625937,-618,3.211554800339847,11855,437.50180126088264,-10827,0.10386272582961675,10253
E02000788,Richmond upon Thames,10,10,8.094903050161069,6.501084979793444,936.0,957.0,0.9521871820956256,0.9735503560528992,0.0213631739572737,-1.5938180703676244,0.0,435.0,855,641,1496,435.0,0.0,-435.0,0.0,0.0,370.0,630.0,551.0,1181.0,370.0,0.0,-370.0,0.0,0.0,676.0,676.0,0.0,-676.0,0.0,0.0,508.0,508.0,0.0,-508.0,0.0,-388.0,0.0,388.0,65.0,-65.0,0.0,0.0,168.0,-168.0,0.0,0.0,0.3915391539153915,0.7426470588235294,0.4214123006833713,0.7434377646062659,concordant,concordant,0.0298731467679798,0.0007907057827364,9,53,894,47,1128,1221,987,366,346,2208,947,21.45923913043478,-841,4.340704340704341,1175,24.01086956521739,-1081,0.4462770970782281,20,33,899,46,8757,8814,1008,8184,457,9822,932,3.0204642638973733,-866,0.37440435670524164,8803,41.01221747098351,-8711,0.09573703133025167,7727
E02000789,Richmond upon Thames,9,9,10.711676021304068,9.629095116501755,876.0,872.0,0.8911495422177009,0.8870803662258393,-0.0040691759918616,-1.0825809048023132,207.0,199.0,569,696,1265,406.0,32.56363636363636,8.0,36.37961335676626,219.0,191.0,632.0,627.0,1259.0,410.0,33.22398729150119,28.0,34.651898734177216,365.0,267.0,632.0,77.03952569169961,98.0,52.44252873563219,335.0,299.0,634.0,79.55917394757745,36.0,53.42902711323764,-10.0,234.0,244.0,20.0,4.0,0.6603509278648261,-1.7277146225890403,-62.0,2.0,2.51964825587784,0.98649837760545,0.3911368015414258,0.8205533596837945,0.3927203065134099,0.82922954725973,concordant,concordant,0.0015835049719841,0.0086761875759354,8,168,492,319,796,1023,894,454,198,1917,660,43.117370892018776,-324,16.422287390029325,1115,132.45905059989568,-477,0.37183098591549296,256,183,611,271,5918,6184,978,5552,351,7162,794,15.61197989388439,-428,2.9592496765847347,6189,223.92879084054732,-5647,0.11370471144207361,5201
E02000790,Richmond upon Thames,10,10,5.993173040206685,5.384548026919548,974.0,976.0,0.9908443540183112,0.992878942014242,0.0020345879959308,-0.6086250132871367,0.0,205.0,572,493,1065,205.0,0.0,-205.0,0.0,0.0,261.0,562.0,478.0,1040.0,261.0,0.0,-261.0,0.0,0.0,329.0,329.0,0.0,-329.0,0.0,0.0,376.0,376.0,0.0,-376.0,0.0,-267.0,0.0,267.0,-56.0,56.0,0.0,0.0,-47.0,47.0,0.0,0.0,0.3838951310861423,0.5014084507042254,0.4097331240188383,0.6125,concordant,concordant,0.025837992932696,0.1110915492957747,10,0,704,0,893,933,755,361,262,1688,704,0.0,-704,0.0,893,0.0,-893,0.44082654978083907,99,0,775,0,6393,6435,818,5873,340,7253,775,0.0,-775,0.0,6393,0.0,-6393,0.10811941964285714,5533
E02000791,Richmond upon Thames,10,10,7.793097903861822,5.957178856791641,942.0,965.0,0.958290946083418,0.9816887080366226,0.0233977619532044,-1.8359190470701812,0.0,462.0,721,740,1461,462.0,0.0,-462.0,0.0,0.0,418.0,625.0,708.0,1333.0,418.0,0.0,-418.0,0.0,0.0,545.0,545.0,0.0,-545.0,0.0,0.0,493.0,493.0,0.0,-493.0,0.0,-411.0,0.0,411.0,44.0,-44.0,0.0,0.0,52.0,-52.0,0.0,0.0,0.4587884806355511,0.6892539356605065,0.4588364434687157,0.6834208552138035,concordant,concordant,4.7962833164549856e-05,-0.005833080446703,9,68,741,109,1249,1392,976,671,236,2368,809,21.278716216216218,-673,4.885057471264368,1358,57.491976351351354,-1140,0.37332718043377944,435,48,869,93,6135,6243,1096,5618,388,7339,917,5.683608120997411,-821,0.7688611244593946,6228,77.74288050143072,-6042,0.1283414975507348,5230
E02000792,Richmond upon Thames,10,10,7.840460146515953,5.73424224125825,940.0,970.0,0.9562563580874872,0.9867751780264497,0.0305188199389623,-2.1062179052577035,0.0,301.0,632,656,1288,301.0,0.0,-301.0,0.0,0.0,269.0,691.0,562.0,1253.0,269.0,0.0,-269.0,0.0,0.0,370.0,370.0,0.0,-370.0,0.0,0.0,412.0,412.0,0.0,-412.0,0.0,-296.0,0.0,296.0,32.0,-32.0,0.0,0.0,-42.0,42.0,0.0,0.0,0.4485842026825633,0.5209627329192547,0.395007342143906,0.5434956105347167,concordant,concordant,-0.0535768605386572,0.022532877615462,9,115,647,137,955,1185,950,553,294,2135,762,34.850117096018735,-532,9.70464135021097,1092,61.28103044496487,-818,0.4110032362459547,259,88,701,103,6729,6969,939,6278,377,7908,789,7.800708143651998,-613,1.2627349691490888,6832,87.64377845220031,-6626,0.10352972050911954,5901
E02000793,Richmond upon Thames,9,9,11.180488765205611,11.206441567781374,861.0,818.0,0.8758901322482198,0.832146490335707,-0.0437436419125127,0.0259528025757607,190.0,255.0,568,456,1024,445.0,47.314453125,-65.0,33.45070422535211,172.0,191.0,453.0,412.0,865.0,363.0,37.97919075144509,-19.0,37.969094922737305,145.0,317.0,462.0,44.8876953125,-172.0,31.79824561403509,151.0,231.0,382.0,40.32485549132948,-80.0,36.650485436893206,-66.0,156.0,222.0,46.0,-82.0,-9.335262373554912,4.518390697385193,92.0,-80.0,-4.56283982117052,4.852239822858117,0.4906284454244763,0.8857421875,0.487248322147651,0.861271676300578,concordant,concordant,-0.0033801232768252,-0.024470511199422,8,155,544,91,677,877,719,309,263,1596,699,52.83208020050125,-389,17.67388825541619,768,38.60087719298246,-586,0.47648261758691207,46,141,637,115,7797,7991,822,7538,410,8813,778,10.19142176330421,-496,1.7644850456763859,7912,101.7423124929082,-7682,0.08952819332566168,7128
E02000794,Richmond upon Thames,10,10,8.482971026630352,7.141383601756955,929.0,947.0,0.9450661241098678,0.9633774160732452,0.0183112919633773,-1.3415874248733974,0.0,308.0,609,563,1172,308.0,0.0,-308.0,0.0,0.0,215.0,637.0,425.0,1062.0,215.0,0.0,-215.0,0.0,0.0,342.0,342.0,0.0,-342.0,0.0,0.0,376.0,376.0,0.0,-376.0,0.0,-233.0,0.0,233.0,93.0,-93.0,0.0,0.0,-34.0,34.0,0.0,0.0,0.4738461538461538,0.5546075085324232,0.3637901861252115,0.556497175141243,concordant,concordant,-0.1100559677209423,0.0018896666088197,9,99,617,64,671,887,806,278,243,1693,716,36.079740106320145,-518,11.161217587373168,735,25.365623154164204,-607,0.4934527911784976,35,97,596,43,6685,6900,763,6263,338,7663,693,7.544303797468355,-499,1.4057971014492754,6728,37.5120709904737,-6642,0.09338364101873063,5925
E02000795,Richmond upon Thames,10,10,10.218730808060307,8.906516199016488,890.0,899.0,0.9053916581892166,0.9145473041709054,0.0091556459816887,-1.312214609043819,0.0,310.0,496,456,952,310.0,0.0,-310.0,0.0,0.0,184.0,454.0,336.0,790.0,184.0,0.0,-184.0,0.0,0.0,288.0,288.0,0.0,-288.0,0.0,0.0,301.0,301.0,0.0,-301.0,0.0,-198.0,0.0,198.0,126.0,-126.0,0.0,0.0,-13.0,13.0,0.0,0.0,0.5183946488294314,0.6281512605042017,0.379381443298969,0.6139240506329114,concordant,concordant,-0.1390132055304623,-0.0142272098712902,8,159,514,132,578,877,740,381,284,1617,673,50.5417439703154,-355,18.129988597491447,710,47.183673469387756,-446,0.4866232827187274,97,134,408,126,6596,6814,590,6360,254,7404,542,7.3841166936790925,-274,1.9665394775462284,6722,112.24959481361427,-6470,0.07461453744493392,6106
E02000796,Richmond upon Thames,8,7,15.645255032289343,16.40391660391566,739.0,646.0,0.7517802644964394,0.6571719226856562,-0.0946083418107832,0.7586615716263179,323.0,223.0,674,514,1188,546.0,60.63047138047138,100.0,47.92284866468843,180.0,237.0,477.0,468.0,945.0,417.0,45.142857142857146,-57.0,37.735849056603776,264.0,311.0,575.0,69.11111111111111,-47.0,51.36186770428015,194.0,280.0,474.0,57.48148148148148,-86.0,41.452991452991455,-39.0,178.0,217.0,-157.0,-129.0,-15.487614237614231,-10.186999608084657,-39.0,-101.0,-11.629629629629632,-9.908876251288696,0.4870651204281891,0.9436026936026936,0.468013468013468,0.9428571428571428,divergent,concordant,-0.0190516524147211,-0.0007455507455507,6,323,221,265,309,930,848,256,334,1778,544,40.147919010123736,102,34.73118279569892,574,46.054555680539934,-44,0.4865831842576029,-78,183,235,199,280,10942,795,10465,327,11737,418,3.6640538468092356,-52,1.6724547614695668,479,4.747380080088608,-81,0.4659977703455964,10138
E02000797,Richmond upon Thames,10,10,7.768168024215504,6.68860379109226,944.0,956.0,0.960325534079349,0.9725330620549338,0.0122075279755848,-1.0795642331232438,0.0,353.0,812,723,1535,353.0,0.0,-353.0,0.0,0.0,303.0,835.0,674.0,1509.0,303.0,0.0,-303.0,0.0,0.0,438.0,438.0,0.0,-438.0,0.0,0.0,465.0,465.0,0.0,-465.0,0.0,-358.0,0.0,358.0,50.0,-50.0,0.0,0.0,-27.0,27.0,0.0,0.0,0.4462705436156763,0.5153094462540717,0.39453125,0.5089463220675944,concordant,concordant,-0.0517392936156763,-0.0063631241864773,9,136,808,81,959,1271,1047,459,324,2318,944,47.406384814495254,-672,10.700236034618412,1040,33.511216566005174,-878,0.47580645161290325,135,87,852,99,7333,7623,1122,6788,448,8745,939,8.47615780445969,-765,1.1412829594647778,7432,83.01509433962264,-7234,0.11217297813881257,6340
E02000798,Richmond upon Thames,10,9,10.24853661160714,10.267734259426303,888.0,851.0,0.9033570701932858,0.8657171922685656,-0.0376398779247202,0.019197647819162,0.0,368.0,852,709,1561,368.0,0.0,-368.0,0.0,0.0,295.0,718.0,559.0,1277.0,295.0,0.0,-295.0,0.0,0.0,409.0,409.0,0.0,-409.0,0.0,0.0,418.0,418.0,0.0,-418.0,0.0,39.0,285.0,246.0,73.0,-73.0,0.0,0.0,-9.0,9.0,0.0,0.0,0.4736164736164736,0.4977578475336323,0.4137447405329593,0.5583398590446359,concordant,concordant,-0.0598717330835142,0.0605820115110036,8,426,691,317,607,1120,1080,268,371,2200,1117,133.80272727272728,-265,38.035714285714285,924,87.46318181818182,-290,0.5472807447329741,-103,261,678,233,10709,11059,984,10341,425,12043,939,14.693847048077721,-417,2.3600687223076227,10942,207.19065017022336,-10476,0.07903375136772998,9916
E02000799,Richmond upon Thames,10,10,6.929929983320343,5.548346013943619,963.0,975.0,0.9796541200406916,0.9918616480162769,0.0122075279755849,-1.3815839693767238,0.0,323.0,645,749,1394,323.0,0.0,-323.0,0.0,0.0,230.0,589.0,558.0,1147.0,230.0,0.0,-230.0,0.0,0.0,340.0,340.0,0.0,-340.0,0.0,0.0,314.0,314.0,0.0,-314.0,0.0,-283.0,0.0,283.0,93.0,-93.0,0.0,0.0,26.0,-26.0,0.0,0.0,0.4871794871794871,0.4756097560975609,0.4227941176470588,0.4742807323452485,concordant,concordant,-0.0643853695324283,-0.0013290237523124,10,0,924,0,1242,1310,1006,665,257,2316,924,0.0,-924,0.0,1242,0.0,-1242,0.4265927977839335,408,0,860,0,6433,6497,921,5908,363,7418,860,0.0,-860,0.0,6433,0.0,-6433,0.11792129439188263,5545
E02000800,Richmond upon Thames,7,7,18.631682862654323,15.602358908151972,655.0,678.0,0.6663275686673449,0.6897253306205493,0.0233977619532044,-3.0293239545023507,262.0,64.0,390,277,667,326.0,25.13943028485757,198.0,67.17948717948717,228.0,56.0,314.0,198.0,512.0,284.0,24.9375,172.0,72.61146496815286,197.0,102.0,299.0,30.12593703148426,95.0,71.11913357400722,136.0,72.0,208.0,19.125,64.0,68.68686868686868,162.0,216.0,54.0,-26.0,-42.0,-0.2019302848575712,5.431977788665691,-31.0,-91.0,-11.00093703148426,-2.432264887138544,0.5216,0.9370314842578712,0.5772357723577236,0.9609375,concordant,concordant,0.0556357723577236,0.0239060157421289,5,391,61,347,96,517,427,127,150,944,452,25.265889830508474,330,75.62862669245648,443,35.28813559322034,251,0.5050279329608939,-23,5212,55,333,72,5298,395,4984,197,5693,5267,50.35306516774987,5157,98.37674594186485,405,4.211487792025294,261,0.9285966149506347,4787
E02000801,Richmond upon Thames,10,10,6.28608456083535,5.6623867488443755,971.0,973.0,0.987792472024415,0.989827060020346,0.0020345879959309,-0.6236978119909748,0.0,201.0,682,525,1207,201.0,0.0,-201.0,0.0,0.0,141.0,540.0,415.0,955.0,141.0,0.0,-141.0,0.0,0.0,326.0,326.0,0.0,-326.0,0.0,0.0,282.0,282.0,0.0,-282.0,0.0,-161.0,0.0,161.0,60.0,-60.0,0.0,0.0,44.0,-44.0,0.0,0.0,0.381404174573055,0.4366197183098591,0.3333333333333333,0.4429319371727748,concordant,concordant,-0.0480708412397217,0.0063122188629157,10,0,766,0,823,926,818,244,293,1744,766,0.0,-766,0.0,823,0.0,-823,0.48206419131529266,-49,0,756,0,6948,6998,804,6458,389,7802,756,0.0,-756,0.0,6948,0.0,-6948,0.09813084112149532,6069
E02000802,Richmond upon Thames,10,10,8.750400940417963,7.598219675398634,924.0,933.0,0.9399796541200408,0.9491353001017294,0.0091556459816887,-1.1521812650193288,0.0,204.0,567,441,1008,204.0,0.0,-204.0,0.0,0.0,203.0,527.0,386.0,913.0,203.0,0.0,-203.0,0.0,0.0,250.0,250.0,0.0,-250.0,0.0,0.0,277.0,277.0,0.0,-277.0,0.0,-213.0,0.0,213.0,1.0,-1.0,0.0,0.0,-27.0,27.0,0.0,0.0,0.4493392070484581,0.4503968253968254,0.4229166666666666,0.5257393209200438,concordant,concordant,-0.0264225403817914,0.0753424955232184,9,110,531,33,511,761,703,194,262,1464,641,39.89754098360656,-421,14.454664914586072,544,11.51844262295082,-478,0.5409282700421941,-68,97,640,52,6727,6924,786,6397,400,7710,737,8.051880674448768,-543,1.4009243212016176,6779,45.37016861219196,-6675,0.09805747738158595,5997
E02000803,Richmond upon Thames,8,7,15.24390358538404,17.43955727973339,746.0,614.0,0.7589013224821973,0.624618514750763,-0.1342828077314343,2.195653694349348,463.0,149.0,660,443,1103,612.0,62.54487760652765,314.0,70.15151515151516,339.0,113.0,513.0,388.0,901.0,452.0,42.516093229744726,226.0,66.08187134502924,264.0,175.0,439.0,41.885766092475066,89.0,59.59367945823928,259.0,140.0,399.0,40.244173140954494,119.0,66.75257731958763,277.0,364.0,87.0,-88.0,-160.0,-20.028784376782923,-4.069643806485914,30.0,-40.0,-1.6415929515205718,7.1588978613483505,0.582302568981922,0.9528558476881231,0.5311398354876615,0.944506104328524,concordant,concordant,-0.0511627334942604,-0.0083497433595993,6,467,148,271,175,890,792,230,349,1682,615,41.091557669441144,319,52.47191011235955,446,28.195600475624257,96,0.5796418473138548,-119,343,111,265,138,9567,820,9054,432,10387,454,3.665447193607394,232,3.5852409323716943,403,3.5207470877057863,127,0.5297549591598599,8622
E02000804,Richmond upon Thames,10,10,8.0193515182944,6.896205580631924,937.0,949.0,0.953204476093591,0.965412004069176,0.0122075279755849,-1.1231459376624755,0.0,218.0,737,524,1261,218.0,0.0,-218.0,0.0,0.0,199.0,612.0,481.0,1093.0,199.0,0.0,-199.0,0.0,0.0,349.0,349.0,0.0,-349.0,0.0,0.0,308.0,308.0,0.0,-308.0,0.0,-221.0,0.0,221.0,19.0,-19.0,0.0,0.0,41.0,-41.0,0.0,0.0,0.3844797178130511,0.4496431403647898,0.3925049309664694,0.4638609332113449,concordant,concordant,0.0080252131534183,0.014217792846555,9,125,605,114,797,1093,824,356,300,1917,730,39.449660928534165,-480,11.436413540713632,911,47.395931142410014,-683,0.4448507007921999,56,112,710,109,6794,6995,917,6383,436,7912,822,10.050556117290192,-598,1.6011436740528948,6903,93.59782608695652,-6685,0.10640776699029127,5947
E02000805,Richmond upon Thames,10,10,10.24170152118188,8.833813537002897,889.0,902.0,0.9043743641912512,0.9175991861648016,0.0132248219735503,-1.4078879841789824,0.0,481.0,873,832,1705,481.0,0.0,-481.0,0.0,0.0,388.0,701.0,673.0,1374.0,388.0,0.0,-388.0,0.0,0.0,487.0,487.0,0.0,-487.0,0.0,0.0,395.0,395.0,0.0,-395.0,0.0,-400.0,0.0,400.0,93.0,-93.0,0.0,0.0,92.0,-92.0,0.0,0.0,0.496900826446281,0.567741935483871,0.4955300127713921,0.5698689956331878,concordant,concordant,-0.0013708136748888,0.0021270601493168,8,346,775,301,1011,1489,1280,616,448,2769,1121,96.84001444564825,-429,23.237071860308934,1312,109.89924160346696,-710,0.46074804767776406,168,281,899,254,10129,10533,1282,9832,609,11815,1180,21.381210325856962,-618,2.6678059432260515,10383,217.75421074904781,-9875,0.10204964109660122,9223
E02000806,Richmond upon Thames,10,10,9.3966675323986,8.497609411535464,906.0,910.0,0.9216683621566631,0.9257375381485248,0.0040691759918616,-0.8990581208631347,0.0,311.0,660,446,1106,311.0,0.0,-311.0,0.0,0.0,239.0,616.0,365.0,981.0,239.0,0.0,-239.0,0.0,0.0,409.0,409.0,0.0,-409.0,0.0,0.0,347.0,347.0,0.0,-347.0,0.0,-248.0,0.0,248.0,72.0,-72.0,0.0,0.0,62.0,-62.0,0.0,0.0,0.4319444444444444,0.650994575045208,0.4078498293515358,0.5973496432212029,concordant,concordant,-0.0240946150929086,-0.053644931824005,9,89,760,31,766,966,872,306,426,1838,849,36.800870511425465,-671,9.213250517598343,797,12.919477693144723,-735,0.5157958687727825,-120,78,805,35,9898,10112,895,9496,530,11007,883,5.704551648950668,-727,0.7713607594936709,9933,31.473607704188243,-9863,0.08163831360946745,8966
E02000807,Southwark,8,8,16.721401709370863,13.79343860613389,712.0,737.0,0.7243133265513734,0.7497456765005086,0.0254323499491352,-2.927963103236973,78.0,885.0,1009,1072,2081,963.0,33.171552138395,-807.0,7.730426164519326,55.0,937.0,1041.0,1110.0,2151.0,992.0,23.958623895862388,-882.0,5.283381364073007,109.0,889.0,998.0,46.564632388274866,-780.0,10.167910447761194,105.0,925.0,1030.0,45.1534170153417,-820.0,9.45945945945946,-788.0,91.0,879.0,-75.0,29.0,-9.212928242532612,-2.447044800446319,-40.0,32.0,-1.4112153729331638,-0.7084509883017347,0.4910759816420194,0.9423354156655456,0.4906033630069238,0.9400278940027894,concordant,concordant,-0.0004726186350955,-0.002307521662756,6,84,881,139,889,1825,1340,816,268,3165,965,23.381990521327015,-797,4.602739726027397,1028,39.04296998420221,-750,0.48419468138484695,548,70,925,125,920,7950,1704,6909,594,9654,995,6.7070644292521235,-855,0.8805031446540881,1045,11.912160762378289,-795,0.4877450980392157,6315
E02000808,Southwark,6,6,23.651842900461435,19.593475997295467,508.0,553.0,0.5167853509664293,0.5625635808748728,0.0457782299084434,-4.058366903165968,294.0,1084.0,1204,1586,2790,1378.0,114.22795698924732,-790.0,24.418604651162788,344.0,1132.0,1541.0,1805.0,3346.0,1476.0,116.38015540944411,-788.0,22.323166774821544,293.0,747.0,1040.0,78.4483870967742,-454.0,18.474148802017652,443.0,892.0,1335.0,118.09802749551704,-449.0,24.542936288088644,-659.0,400.0,1059.0,2.0,98.0,2.1521984201967967,-2.0954378763412436,5.0,295.0,39.64964039874285,6.068787486070992,0.5698924731182796,0.8666666666666667,0.5250800426894343,0.8401075911536162,concordant,concordant,-0.0448124304288453,-0.0265590755130504,4,1604,963,683,656,2451,1930,1247,344,4381,2567,352.57977630677925,641,65.44267645858834,1339,102.270714448756,27,0.6571940604198668,903,8912,996,1282,790,9912,2543,8371,738,12455,9908,712.6737856282617,7916,89.91121872477804,2072,81.31513448414292,492,0.8270450751252086,7633
E02000809,Southwark,4,7,31.444335967221257,15.799870955548837,327.0,672.0,0.3326551373346897,0.6836215666327569,0.3509664292980671,-15.644465011672422,844.0,646.0,1531,1846,3377,1490.0,161.4521764880071,198.0,55.12736773350751,0.0,0.0,0.0,0.0,0.0,0.0,0.0,0.0,0.0,948.0,485.0,1433.0,136.15042937518507,463.0,51.35427952329361,0.0,0.0,0.0,0.0,0.0,0.0,0.0,0.0,0.0,-198.0,-1490.0,-161.4521764880071,-55.12736773350751,-463.0,-1433.0,-136.15042937518507,-51.35427952329361,0.5097502565856996,0.8655611489487711,0.5,0.0,concordant,zero,-0.0097502565856996,-0.8655611489487711,3,2227,641,1273,481,3003,2270,1472,424,5273,2868,270.7200834439598,1586,74.15917415917416,1754,116.12232125924521,792,0.6205106014712246,1048,0,0,0,0,0,0,0,0,0,0,0.0,0,0.0,0,0.0,0,0.5,0
E02000810,Southwark,3,4,33.60626967519685,26.1410659076331,269.0,327.0,0.2736520854526958,0.3326551373346897,0.0590030518819938,-7.46520376756375,648.0,303.0,1107,1040,2147,951.0,91.45039590125756,345.0,58.536585365853654,617.0,296.0,1101.0,1048.0,2149.0,913.0,84.98464402047463,321.0,56.039963669391454,547.0,307.0,854.0,78.21564974382859,240.0,52.59615384615385,632.0,340.0,972.0,99.9906933457422,292.0,60.30534351145038,1.0,437.0,436.0,-24.0,-38.0,-6.465751880782932,-2.4966216964621992,52.0,118.0,21.77504360191361,7.709189665296535,0.5268698060941829,0.8407079646017699,0.4843501326259947,0.8771521637971149,concordant,concordant,-0.0425196734681881,0.036444199195345,2,1244,71,724,116,1697,1215,590,175,2912,1315,30.331043956043956,1173,73.30583382439599,840,28.84065934065934,608,0.6102088167053364,415,11213,94,1213,139,11693,1625,10592,577,13318,11307,79.14266406367322,11119,95.89497990250577,1352,12.660084096711218,1074,0.8931985148905917,10015
E02000812,Southwark,4,3,30.111717563654032,27.739778540530377,362.0,276.0,0.3682604272634791,0.2807731434384537,-0.0874872838250254,-2.371939023123659,731.0,741.0,1414,1627,3041,1472.0,178.12265702071687,-10.0,51.6973125884017,559.0,596.0,1194.0,1367.0,2561.0,1155.0,130.09137055837564,-37.0,46.81742043551089,620.0,513.0,1133.0,104.59059519894772,107.0,38.10694529809465,598.0,493.0,1091.0,115.11675126903552,105.0,43.7454279444038,349.0,712.0,363.0,-27.0,-317.0,-48.03128646234123,-4.879892152890811,-2.0,-42.0,10.526156070087794,5.63848264630915,0.5650671785028791,0.856626109832292,0.5142475512021372,0.8770011714174151,divergent,divergent,-0.0508196273007419,0.020375061585123,3,1639,737,838,511,2387,1895,973,268,4282,2376,282.0978514712751,902,68.66359447004609,1349,100.0042036431574,327,0.6378523489932886,705,9904,591,1212,489,10614,2054,9420,687,12668,10495,462.05115251026206,9313,93.31072168833616,1701,46.78465424692138,723,0.8605280419809773,8733
E02000813,Southwark,4,3,30.990242380398097,27.199347715983244,338.0,294.0,0.3438453713123092,0.2990844354018311,-0.0447609359104781,-3.79089466441485,440.0,391.0,1108,866,1974,831.0,87.15298885511652,49.0,39.71119133574007,473.0,492.0,1224.0,1160.0,2384.0,965.0,97.61577181208054,-19.0,38.6437908496732,364.0,525.0,889.0,96.80851063829788,-161.0,42.032332563510394,555.0,584.0,1139.0,135.95637583892616,-29.0,47.8448275862069,407.0,669.0,262.0,-68.0,134.0,10.46278295696402,-1.067400486066866,132.0,250.0,39.14786520062829,5.812495022696503,0.4831395348837209,0.8713272543059777,0.4586501901140684,0.8825503355704698,divergent,concordant,-0.0244893447696524,0.0112230812644921,3,905,389,529,516,1630,1057,522,191,2687,1294,131.01786378861183,516,55.52147239263804,1045,101.58689988835133,13,0.5532278751603249,331,9213,491,969,584,10007,1605,8783,445,11612,9704,389.5610575266965,8722,92.06555411212152,1553,48.73372373406821,385,0.8620413964644221,8338
E02000814,Southwark,6,6,22.14248397942672,20.197261524920233,555.0,532.0,0.5645981688708036,0.5412004069175992,-0.0233977619532044,-1.945222454506489,261.0,764.0,1036,1269,2305,1025.0,86.50932754880694,-503.0,25.19305019305019,325.0,703.0,1297.0,1159.0,2456.0,1028.0,93.02728013029316,-378.0,25.057825751734775,400.0,661.0,1061.0,114.70715835140996,-261.0,31.520882584712375,336.0,868.0,1204.0,118.74918566775244,-532.0,28.99050905953408,-313.0,345.0,658.0,125.0,3.0,6.517952581486227,-0.1352244413154153,-271.0,143.0,4.042027316342484,-2.5303735251782946,0.4913710450623202,0.9049891540130152,0.460573476702509,0.9087947882736156,concordant,concordant,-0.0307975683598112,0.0038056342606004,4,1223,719,671,624,1969,1521,933,252,3490,1942,251.95902578796563,504,62.11274758760792,1295,119.97249283667622,47,0.5999382143960457,681,9019,662,1053,833,9978,1865,8681,706,11843,9681,504.14405133834333,8357,90.38885548206053,1886,74.06476399560923,220,0.836949943805654,7975
E02000815,Southwark,6,4,21.407469716684155,26.75764314942853,582.0,306.0,0.5920651068158698,0.311291963377416,-0.2807731434384537,5.350173432744377,146.0,1079.0,855,1390,2245,1225.0,70.17104677060134,-933.0,17.076023391812868,167.0,1056.0,1247.0,1514.0,2761.0,1223.0,63.87250996015936,-889.0,13.39214113873296,163.0,613.0,776.0,44.50734966592427,-450.0,11.726618705035971,195.0,926.0,1121.0,65.4002173125679,-731.0,12.87978863936592,-214.0,475.0,689.0,44.0,-2.0,-6.298536810441973,-3.683882253079908,-281.0,345.0,20.89286764664363,1.1531699343299486,0.6121939030484758,0.8913140311804009,0.5217576791808873,0.8489677653024267,concordant,concordant,-0.0904362238675884,-0.0423462658779741,5,1214,1213,273,699,1962,1549,1107,159,3511,2427,419.41953859299343,1,61.87563710499491,972,54.35118199943036,-426,0.7140335392762577,948,6268,1313,668,1071,7400,2036,6153,522,9436,7581,872.179313268334,4955,84.70270270270271,1739,75.81899109792285,-403,0.813412017167382,5631
E02000816,Southwark,3,3,34.295673482251466,28.85131911720847,250.0,236.0,0.254323499491353,0.2400813835198372,-0.0142421159715157,-5.444354365042997,512.0,246.0,1097,870,1967,758.0,64.03253685815963,266.0,46.672743846855056,516.0,357.0,1030.0,987.0,2017.0,873.0,91.32969757064949,159.0,50.09708737864078,485.0,394.0,879.0,97.14794102694458,91.0,55.74712643678161,495.0,371.0,866.0,91.0485870104115,124.0,50.15197568389058,132.0,461.0,329.0,-107.0,115.0,27.297160712489855,3.4243435317857234,33.0,-13.0,-6.099354016533084,-5.59515075289103,0.4630421502748931,0.8322318251143874,0.5020126509488212,0.8621715418939019,concordant,concordant,0.0389705006739281,0.0299397167795144,2,937,65,663,106,1516,1039,419,169,2555,1002,23.837573385518592,872,61.80738786279684,769,27.506066536203523,557,0.5657820440429137,250,8926,117,936,140,9436,1427,8406,440,10863,9043,96.13753106876554,8809,94.59516744383212,1076,12.062966031483016,796,0.8936653819547387,7966
E02000817,Southwark,2,1,38.83776648444719,34.55739054899235,153.0,87.0,0.155645981688708,0.0885045778229908,-0.0671414038657171,-4.280375935454835,501.0,30.0,690,709,1399,531.0,10.743388134381702,471.0,72.60869565217392,489.0,46.0,655.0,602.0,1257.0,535.0,17.894988066825775,443.0,74.65648854961832,531.0,32.0,563.0,12.145818441744105,499.0,74.89421720733426,446.0,57.0,503.0,20.22434367541766,389.0,74.08637873754152,581.0,581.0,0.0,-28.0,4.0,7.151599932444073,2.0477928974443955,-110.0,-60.0,8.078525233673556,-0.8078384697927419,0.4853747714808044,0.781987133666905,0.5154142581888247,0.8257756563245824,concordant,concordant,0.0300394867080203,0.0437885226576774,2,618,39,491,50,962,829,272,120,1791,657,13.457286432160805,579,64.24116424116424,541,13.707426018983808,441,0.5484140233722872,152,6445,54,590,69,6738,850,6083,248,7588,6499,45.86584080126516,6391,95.6515286435144,659,5.365050079072219,521,0.9079351774238614,5835
E02000818,Southwark,2,1,38.56709349009442,34.455332292073415,156.0,91.0,0.1586978636826042,0.0925737538148524,-0.0661241098677517,-4.111761198021007,686.0,50.0,930,939,1869,736.0,18.35205992509363,636.0,73.76344086021506,914.0,86.0,1262.0,1106.0,2368.0,1000.0,33.19425675675676,828.0,72.42472266244057,662.0,64.0,726.0,22.66880684858213,598.0,70.50053248136315,817.0,97.0,914.0,33.466638513513516,720.0,73.86980108499095,1113.0,1113.0,0.0,192.0,264.0,14.842196831663127,-1.338718197774483,122.0,188.0,10.797831664931389,3.369268603627802,0.5034199726402189,0.7822364901016586,0.522466039707419,0.808277027027027,concordant,concordant,0.0190460670672001,0.0260405369253683,2,972,69,697,83,1404,1143,474,204,2547,1041,26.3321554770318,903,69.23076923076923,780,22.713388299960737,614,0.57166392092257,270,9069,107,1052,113,9613,1530,8351,424,11143,9176,87.08453737772592,8962,94.34099656714865,1165,10.668222202279457,939,0.8873416497437385,7927
E02000819,Southwark,2,2,38.131830834636204,31.00217933545744,164.0,177.0,0.1668362156663275,0.1800610376398779,0.0132248219735503,-7.129651499178763,612.0,61.0,867,919,1786,673.0,20.902575587905936,551.0,70.58823529411765,484.0,69.0,751.0,970.0,1721.0,553.0,19.404997094712375,415.0,64.4474034620506,615.0,57.0,672.0,19.627659574468087,558.0,66.92056583242655,646.0,63.0,709.0,23.647879140034863,583.0,66.59793814432989,340.0,482.0,142.0,-136.0,-120.0,-1.4975784931935614,-6.14083183206705,25.0,37.0,4.0202195655667765,-0.3226276880966594,0.5003717472118959,0.7530795072788354,0.4381933438985737,0.7332945961650204,concordant,concordant,-0.0621784033133222,-0.019784911113815,2,844,98,631,82,1250,1117,383,198,2367,942,34.94381073088297,746,67.52,713,21.859738065061258,549,0.5691842900302114,185,7930,89,788,82,8360,1285,7609,315,9645,8019,73.17470191809228,7841,94.85645933014354,870,6.69942975635044,706,0.9021262234222073,7294
E02000820,Southwark,4,3,30.542049941582583,27.40824322691107,350.0,288.0,0.3560528992878942,0.2929806714140386,-0.0630722278738555,-3.1338067146715147,455.0,541.0,1159,1039,2198,996.0,111.9904458598726,-86.0,39.25798101811907,422.0,564.0,989.0,1213.0,2202.0,986.0,108.08719346049048,-142.0,42.669362992922146,351.0,538.0,889.0,85.91355777979982,-187.0,33.78248315688162,468.0,430.0,898.0,91.38964577656677,38.0,38.58202802967848,219.0,547.0,328.0,-56.0,-10.0,-3.903252399382111,3.411381974803078,225.0,9.0,5.47608799676695,4.799544872796865,0.5283819628647215,0.8575978161965423,0.5233545647558386,0.8555858310626703,concordant,divergent,-0.0050273981088828,-0.002011985133872,3,1045,541,453,532,1819,1207,660,168,3026,1586,186.82914738929279,504,57.44914788345245,985,79.64177131526768,-79,0.616880591209646,492,8478,561,821,425,9105,1656,8116,443,10761,9039,441.98104265402844,7917,93.11367380560131,1246,32.42496050552923,396,0.878852698104035,7673
E02000821,Southwark,2,1,37.35290342475554,39.2690625,180.0,31.0,0.1831129196337741,0.0315361139369277,-0.1515768056968464,1.9161590752444584,554.0,48.0,875,855,1730,602.0,15.371098265895954,506.0,63.31428571428571,480.0,65.0,724.0,1052.0,1776.0,545.0,17.56756756756757,415.0,66.29834254143645,533.0,26.0,559.0,8.010404624277456,507.0,62.3391812865497,608.0,48.0,656.0,16.43243243243243,560.0,57.79467680608364,627.0,627.0,0.0,-91.0,-57.0,2.1964693016716144,2.984056827150745,53.0,97.0,8.422027808154976,-4.54450448046606,0.5185185185185185,0.6710982658959538,0.4537885095753539,0.6762387387387387,concordant,concordant,-0.0647300089431646,0.0051404728427849,2,683,75,555,48,1157,1020,282,165,2177,758,23.530087276067984,608,59.03197925669835,603,12.237023426734037,507,0.5569434239529758,117,8801,109,658,58,9198,1280,8474,228,10478,8910,91.5545905707196,8692,95.6838443139813,716,3.6422981485016224,600,0.9256181175981716,8246
E02000822,Southwark,2,2,36.401005691036865,33.17434969156957,195.0,120.0,0.1983723296032553,0.1220752797558494,-0.0762970498474059,-3.2266559994672974,619.0,50.0,893,1048,1941,669.0,15.94538897475528,569.0,69.31690929451287,388.0,61.0,612.0,741.0,1353.0,449.0,17.492978566149297,327.0,63.39869281045751,688.0,20.0,708.0,7.0891293147861925,668.0,65.64885496183206,482.0,44.0,526.0,15.67479674796748,438.0,65.04723346828611,195.0,361.0,166.0,-242.0,-220.0,1.5475895913940168,-5.918216484055357,-230.0,-182.0,8.585667433181289,-0.6016214935459487,0.485838779956427,0.7094281298299846,0.4605128205128205,0.720620842572062,concordant,concordant,-0.0253259594436064,0.0111927127420774,2,699,77,669,76,1222,1206,329,158,2428,776,22.167627677100494,622,57.20130932896891,745,20.940691927512354,593,0.5101906640368179,171,6258,81,641,58,6607,1032,5995,291,7639,6339,66.35659117685562,6177,94.71772362645679,699,4.866867391019767,583,0.9006820119352089,5704
E02000823,Southwark,3,3,32.92859056252425,28.614544499595983,287.0,244.0,0.2919633774160732,0.2482197355035605,-0.0437436419125127,-4.314046062928266,434.0,362.0,852,1050,1902,796.0,82.60147213459517,72.0,50.93896713615024,467.0,286.0,824.0,933.0,1757.0,753.0,76.01707455890723,181.0,56.6747572815534,537.0,258.0,795.0,72.84227129337539,279.0,51.142857142857146,510.0,256.0,766.0,74.30848036425726,254.0,54.662379421221864,121.0,412.0,291.0,109.0,-43.0,-6.5843975756879445,5.735790145403158,-25.0,-29.0,1.4662090708818738,3.519522278364718,0.5003142677561282,0.8364879074658255,0.4957208689927584,0.8645418326693227,concordant,concordant,-0.0045933987633697,0.0280539252034972,2,908,89,711,73,1323,1220,471,170,2543,997,31.77821470703893,819,68.63189720332578,784,20.410145497443963,638,0.5597978663672094,301,8209,91,831,59,8564,1253,7740,320,9817,8300,76.09442803300398,8118,95.85474077533863,890,4.994295609656718,772,0.9031556039173014,7420
E02000824,Southwark,2,2,37.357020068979935,31.90757239123972,179.0,152.0,0.1820956256358087,0.1546286876907426,-0.0274669379450661,-5.449447677740213,560.0,39.0,950,952,1902,599.0,11.482649842271291,521.0,58.94736842105262,526.0,109.0,773.0,892.0,1665.0,635.0,34.43483483483484,417.0,68.04657179818886,599.0,42.0,641.0,13.227129337539433,557.0,62.92016806722689,588.0,34.0,622.0,12.007207207207207,554.0,65.91928251121077,339.0,484.0,145.0,-104.0,36.0,22.952184992563545,9.09920337713624,-3.0,-19.0,-1.2199221303322254,2.9991144439838777,0.4830645161290323,0.6519453207150369,0.5051710421638823,0.7549549549549549,concordant,concordant,0.02210652603485,0.103009634239918,2,666,73,576,97,1255,1113,305,161,2368,739,20.53125,593,53.06772908366534,673,23.594594594594593,479,0.523371104815864,144,9373,135,771,54,9779,1193,9006,301,10972,9508,115.32582938388626,9238,95.84824624194704,825,3.7945679912504557,717,0.9201587147972515,8705
E02000825,Southwark,2,2,38.31635532490414,33.30122310341229,160.0,115.0,0.1627670396744659,0.1169888097660223,-0.0457782299084435,-5.015132221491847,607.0,37.0,972,870,1842,644.0,12.19272529858849,570.0,62.44855967078189,418.0,64.0,604.0,769.0,1373.0,482.0,19.4843408594319,354.0,69.20529801324503,586.0,40.0,626.0,12.725298588490771,546.0,67.35632183908045,550.0,35.0,585.0,14.020393299344502,515.0,71.52145643693108,281.0,399.0,118.0,-216.0,-162.0,7.291615560843409,6.756738342463137,-31.0,-41.0,1.2950947108537303,4.165134597850624,0.5070866141732283,0.6894679695982627,0.4517338331771321,0.7771303714493809,concordant,concordant,-0.0553527809960961,0.0876624018511181,2,716,71,577,83,1249,1052,277,182,2301,787,22.093003042155583,645,57.32586068855085,660,20.813124728378966,494,0.5438838977194195,95,9834,76,768,49,10105,1101,9501,332,11206,9910,66.6949848295556,9758,97.31815932706581,817,3.3582009637694092,719,0.9238370467045772,9169
E02000826,Southwark,4,3,30.641559356435646,29.955234077659224,345.0,203.0,0.3509664292980671,0.2065106815869786,-0.1444557477110885,-0.6863252787764225,310.0,531.0,946,1033,1979,841.0,83.17837291561395,-221.0,32.76955602536998,341.0,517.0,903.0,1064.0,1967.0,858.0,89.62735129639044,-176.0,37.76301218161684,402.0,483.0,885.0,98.11318847902982,-81.0,38.915779283639885,365.0,426.0,791.0,79.0493136756482,-61.0,34.304511278195484,67.0,451.0,384.0,45.0,17.0,6.448978380776495,4.993456156246857,20.0,-94.0,-19.063874803381623,-4.611268005444401,0.4872537659327925,0.8721576553815058,0.5203153426318982,0.8383324860193188,concordant,concordant,0.0330615766991055,-0.033825169362187,3,627,530,517,479,1344,1242,398,209,2586,1157,128.50348027842227,97,46.651785714285715,996,95.7629543696829,38,0.5373896888063168,189,9099,515,709,424,9739,1459,8836,395,11198,9614,418.4662439721379,8584,93.42848341718863,1133,26.84550812645115,285,0.8945752302968271,8441
E02000827,Southwark,3,2,35.579618468964185,31.281899626219342,209.0,167.0,0.2126144455747711,0.1698880976602238,-0.0427263479145473,-4.297718842744839,596.0,373.0,1128,1163,2291,969.0,97.0353557398516,223.0,52.83687943262411,497.0,329.0,917.0,1115.0,2032.0,826.0,80.46899606299213,168.0,54.19847328244275,592.0,352.0,944.0,90.95766041030116,240.0,50.90283748925194,622.0,311.0,933.0,95.19783464566927,311.0,55.7847533632287,432.0,615.0,183.0,-55.0,-143.0,-16.566359676859463,1.3615938498186395,71.0,-11.0,4.240174235368116,4.881915873976766,0.5065342394145321,0.8350065473592317,0.4695849914724275,0.8656496062992126,concordant,concordant,-0.0369492479421046,0.0306430589399808,2,1059,88,786,79,1579,1356,451,193,2935,1147,31.751959114139694,971,67.06776440785308,865,21.156388415672915,707,0.570079522862823,258,10725,95,1001,78,11144,1488,10227,373,12632,10820,80.65824889170361,10630,96.24012921751616,1079,6.180968967701077,923,0.9093201109336919,9854
E02000828,Southwark,2,1,37.685120276063095,35.42614427570094,172.0,73.0,0.1749745676500508,0.074262461851475,-0.1007121057985758,-2.2589760003621535,570.0,54.0,888,940,1828,624.0,16.838074398249454,516.0,64.1891891891892,651.0,80.0,991.0,1037.0,2028.0,731.0,25.680473372781066,571.0,65.6912209889001,621.0,40.0,661.0,13.588621444201314,581.0,66.06382978723404,727.0,53.0,780.0,18.99950690335306,674.0,70.10607521697203,803.0,803.0,0.0,55.0,107.0,8.842398974531612,1.502031799710906,93.0,119.0,5.410885459151745,4.042245429737989,0.4856031128404669,0.7029540481400438,0.4837855724685638,0.745069033530572,concordant,concordant,-0.001817540371903,0.0421149853905281,2,729,109,602,91,1174,1108,286,168,2282,838,34.820771253286594,620,62.0954003407155,693,24.006134969325153,511,0.5473546701502287,118,8180,135,922,97,8647,1395,7656,358,10042,8315,109.9681338378809,8045,94.59928298831964,1019,8.905994821748656,825,0.8908292264838226,7298
E02000829,Southwark,2,1,42.28029318702474,34.771462364652464,105.0,82.0,0.1068158697863682,0.0834181078331637,-0.0233977619532044,-7.508830822372275,948.0,64.0,1330,1348,2678,1012.0,22.655713218820015,884.0,71.2781954887218,737.0,89.0,1089.0,1217.0,2306.0,826.0,28.444492627927147,648.0,67.67676767676768,925.0,83.0,1008.0,28.668782673637043,842.0,68.62017804154303,895.0,79.0,974.0,30.66131830008673,816.0,73.54149548069022,911.0,911.0,0.0,-236.0,-186.0,5.788779409107132,-3.6014278119541245,-26.0,-34.0,1.992535626449687,4.921317439147188,0.500990099009901,0.7542942494398805,0.4588888888888889,0.7805724197745013,concordant,concordant,-0.042101210121012,0.0262781703346207,1,1661,0,1476,0,1751,1548,421,200,3299,1661,0.0,1661,94.86007995431183,1476,0.0,1476,0.5294867708001275,221,10650,0,1519,0,10733,1612,9644,395,12345,10650,0.0,10650,99.22668405851114,1519,0.0,1519,0.8751746240447038,9249
E02000830,Southwark,5,6,28.29956874408117,20.01590472084501,400.0,536.0,0.4069175991861648,0.5452695829094608,0.138351983723296,-8.28366402323616,319.0,592.0,1036,1100,2136,911.0,88.4119850187266,-273.0,30.79150579150579,270.0,683.0,1054.0,1202.0,2256.0,953.0,81.74202127659575,-413.0,25.61669829222011,313.0,578.0,891.0,84.69756554307116,-265.0,28.454545454545453,312.0,619.0,931.0,85.6063829787234,-307.0,25.9567387687188,-585.0,197.0,782.0,-140.0,42.0,-6.669963742130847,-5.174807499285681,-42.0,40.0,0.9088174356522388,-2.497806685826653,0.5055493895671476,0.8436329588014981,0.5058386411889597,0.8351063829787234,concordant,concordant,0.0002892516218121,-0.0085265758227747,3,916,415,748,377,1543,1396,507,296,2939,1331,129.34331405239877,501,59.364873622812695,1125,95.94964273562437,371,0.5419381107491856,211,7990,455,901,433,8684,1657,7630,455,10341,8445,351.5569093898076,7535,92.00829111008751,1334,37.726815588434384,468,0.8635852336639738,7175
E02000831,Southwark,4,4,32.189267720196206,24.73823730695468,308.0,364.0,0.3133265513733469,0.3702950152594099,0.056968463886063,-7.451030413241526,556.0,473.0,1084,1105,2189,1029.0,120.14070351758794,83.0,51.291512915129154,495.0,478.0,1079.0,1097.0,2176.0,973.0,108.73621323529412,17.0,45.8758109360519,471.0,385.0,856.0,82.8391959798995,86.0,42.62443438914027,460.0,421.0,881.0,88.99816176470588,39.0,41.93254329990884,-10.0,491.0,501.0,-66.0,-56.0,-11.40449028229382,-5.415701979077255,-47.0,25.0,6.158965784806384,-0.6918910892314258,0.5458885941644562,0.8611238008222933,0.5248112189859763,0.8520220588235294,concordant,concordant,-0.0210773751784799,-0.0091017419987639,3,870,473,610,384,1496,1335,412,230,2831,1343,145.35853055457434,397,58.155080213903744,994,82.74108089014483,226,0.57466837826273,182,8449,477,937,417,9135,1668,8056,571,10803,8926,373.0605387392391,7972,92.4904214559387,1354,36.16856428769786,520,0.8682879377431907,7485
E02000832,Southwark,3,3,34.78922911847389,30.13412445108848,234.0,201.0,0.2380467955239064,0.2044760935910478,-0.0335707019328585,-4.655104667385412,630.0,350.0,1091,1007,2098,980.0,105.10009532888463,280.0,57.74518790100826,504.0,189.0,835.0,890.0,1725.0,693.0,55.22086956521739,315.0,60.359281437125745,539.0,323.0,862.0,82.98236415633937,216.0,53.525322740814296,587.0,229.0,816.0,77.92637681159421,358.0,65.95505617977528,242.0,478.0,236.0,35.0,-287.0,-49.87922576366724,2.614093536117487,142.0,-46.0,-5.055987344745162,12.429733438960987,0.5320304017372421,0.8779790276453765,0.4592445328031809,0.8747826086956522,concordant,concordant,-0.0727858689340612,-0.0031964189497243,2,916,116,710,116,1372,1178,281,171,2550,1032,41.66901960784314,800,66.76384839650146,826,32.29803921568627,594,0.5554359526372443,110,9193,85,975,102,9522,1277,8687,387,10799,9278,72.35901472358552,9108,96.54484352026886,1077,9.20918603574405,873,0.8959922742636407,8300
E02000833,Southwark,5,6,24.44702274274662,19.449354970760233,477.0,559.0,0.4852492370295015,0.5686673448626653,0.0834181078331638,-4.997667771986386,248.0,596.0,847,1000,1847,844.0,80.02598808879263,-348.0,29.279811097992912,158.0,404.0,538.0,798.0,1336.0,562.0,47.778443113772454,-246.0,29.36802973977695,209.0,429.0,638.0,48.54412560909583,-220.0,20.9,246.0,292.0,538.0,53.76646706586826,-46.0,30.82706766917293,-355.0,113.0,468.0,102.0,-282.0,-32.247544975020176,0.0882186417840387,174.0,-100.0,5.222341456772433,9.927067669172931,0.5695006747638327,0.8023822414726584,0.5109090909090909,0.8233532934131736,concordant,concordant,-0.0585915838547418,0.0209710519405152,4,715,725,289,534,1423,1182,576,182,2605,1440,198.9923224568138,-10,50.24595924104006,823,59.24222648752399,-245,0.6363234644277508,394,6900,470,470,359,7344,1127,6806,329,8471,7370,382.83555660488724,6430,93.95424836601308,829,19.91854562625428,111,0.8988901085498231,6477
E02000834,Southwark,6,6,22.027067208392214,18.201275478369386,560.0,589.0,0.5696846388606307,0.5991861648016277,0.0295015259409969,-3.825791730022829,264.0,709.0,1102,1138,2240,973.0,83.56071428571428,-445.0,23.95644283121597,187.0,619.0,1142.0,988.0,2130.0,806.0,54.34413145539906,-432.0,16.374781085814362,258.0,663.0,921.0,76.36339285714286,-405.0,22.671353251318106,222.0,792.0,1014.0,82.54647887323944,-570.0,22.46963562753037,-203.0,284.0,487.0,13.0,-167.0,-29.216582830315225,-7.581661745401608,-165.0,93.0,6.183086016096581,-0.2017176237877365,0.513727560718057,0.8455357142857143,0.4428571428571428,0.8544600938967136,concordant,concordant,-0.0708704178609141,0.0089243796109993,4,730,641,587,583,1553,1450,451,312,3003,1371,155.82084582084582,89,47.00579523502898,1170,113.95970695970696,4,0.5395513577331759,139,8205,550,730,699,9149,1484,8007,496,10633,8755,424.40985610834196,7655,89.68193245163405,1429,47.98927866077307,31,0.8596818538884525,7511
E02000835,Southwark,5,6,26.954976417910448,20.375276356192423,431.0,525.0,0.4384537131230925,0.5340793489318413,0.0956256358087487,-6.579700061718025,262.0,312.0,833,547,1380,574.0,59.23478260869565,-50.0,31.45258103241296,186.0,310.0,580.0,609.0,1189.0,496.0,48.49453322119428,-124.0,32.068965517241374,180.0,470.0,650.0,61.30434782608695,-290.0,32.90676416819013,215.0,315.0,530.0,56.959629941127,-100.0,35.30377668308703,-226.0,135.0,361.0,-74.0,-78.0,-10.740249387501372,0.6163844848284121,190.0,-120.0,-4.344717884959955,2.3970125148969004,0.468954248366013,0.8869565217391304,0.4834307992202729,0.862910008410429,concordant,concordant,0.0144765508542598,-0.0240465133287014,3,529,199,391,331,1040,721,207,174,1761,728,59.77910278250994,330,50.86538461538461,722,73.49290176036342,60,0.5020689655172413,33,7168,217,574,210,7521,923,6941,314,8444,7385,184.20843202273804,6951,95.3064752027656,784,14.275225011842728,364,0.9040274207369323,6627
E02000836,Southwark,7,8,18.824234547330096,14.233004159733778,645.0,726.0,0.6561546286876907,0.7385554425228891,0.0824008138351983,-4.591230387596319,144.0,791.0,888,947,1835,935.0,62.07302452316076,-647.0,16.216216216216218,117.0,614.0,893.0,790.0,1683.0,731.0,42.68449197860963,-497.0,13.101903695408732,113.0,698.0,811.0,42.983106267029974,-585.0,11.932418162618797,155.0,735.0,890.0,67.6916221033868,-580.0,19.62025316455696,-519.0,101.0,620.0,150.0,-204.0,-19.388532544551133,-3.114312520807486,5.0,79.0,24.70851583635683,7.687835001938163,0.5355097365406644,0.9514986376021798,0.4509561998766194,0.9631610219845514,concordant,concordant,-0.0845535366640449,0.0116623843823716,5,472,784,343,684,1210,1172,322,225,2382,1256,155.3518052057095,-312,39.00826446280992,1027,98.49370277078086,-341,0.5501533070521244,97,7289,602,667,724,8058,1302,7165,512,9360,7891,468.8010683760684,6687,90.45668900471581,1391,51.59273504273504,-57,0.8501400560224089,6653
E02000837,Southwark,8,9,14.15300029543203,9.928760901778157,770.0,862.0,0.7833163784333672,0.8769074262461851,0.0935910478128179,-4.224239393653875,40.0,663.0,780,730,1510,703.0,17.56291390728477,-623.0,5.128205128205128,38.0,601.0,647.0,682.0,1329.0,639.0,17.184349134687736,-563.0,5.873261205564142,43.0,698.0,741.0,19.87682119205298,-655.0,5.89041095890411,33.0,581.0,614.0,14.42663656884876,-548.0,4.838709677419355,-611.0,27.0,638.0,60.0,-64.0,-0.3785647725970342,0.7450560773590142,107.0,-127.0,-5.450184623204219,-1.051701281484755,0.4868421052631579,0.9562913907284768,0.509976057462091,0.9428141459744168,concordant,concordant,0.023133952198933,-0.0134772447540599,7,25,1035,39,1035,1084,1085,304,355,2169,1060,11.929460580912863,-1010,2.3062730627306274,1074,18.609958506224068,-996,0.4967197750702905,-51,29,1048,33,8343,8384,1093,7737,411,9477,1077,3.2069220217368364,-1019,0.3458969465648855,8376,29.05128205128205,-8310,0.11393208505236432,7326
E02000838,Southwark,6,7,22.849391428104575,17.231005382131322,539.0,621.0,0.5483214649033571,0.6317395727365208,0.0834181078331637,-5.618386045973253,227.0,576.0,1005,894,1899,803.0,68.85308056872037,-349.0,22.587064676616915,201.0,664.0,887.0,1036.0,1923.0,865.0,69.40405616224649,-463.0,22.66065388951522,179.0,617.0,796.0,58.15850447604002,-438.0,20.02237136465324,218.0,526.0,744.0,59.62974518980759,-308.0,21.042471042471043,-584.0,200.0,784.0,-114.0,62.0,0.5509755935261182,0.0735892128983053,130.0,-52.0,1.4712407137675712,1.0200996778178038,0.5021888680425266,0.8420221169036335,0.5376009944064637,0.8367134685387415,concordant,concordant,0.035412126363937,-0.0053086483648919,4,626,513,527,538,1384,1235,379,341,2619,1139,122.61855670103093,113,45.23121387283237,1065,108.2573501336388,-11,0.5167876588021778,38,8614,574,775,455,9285,1579,8398,543,10864,9188,455.12113402061857,8040,92.77329025309639,1230,32.45811855670103,320,0.8819351123056249,7855
E02000839,Southwark,6,6,22.34137574041812,20.295187232481343,551.0,528.0,0.560528992878942,0.5371312309257376,-0.0233977619532044,-2.0461885079367725,164.0,473.0,757,712,1469,637.0,52.80599046970728,-309.0,21.66446499339498,167.0,353.0,631.0,583.0,1214.0,520.0,48.559308072487646,-186.0,26.46592709984152,181.0,518.0,699.0,63.824370319945544,-337.0,25.42134831460674,186.0,402.0,588.0,61.59143327841845,-216.0,31.903945111492284,-158.0,179.0,337.0,123.0,-117.0,-4.246682397219637,4.8014621064465395,121.0,-111.0,-2.2329370415270944,6.482596796885545,0.4767964071856287,0.9094622191967324,0.4693140794223827,0.912685337726524,concordant,concordant,-0.007482327763246,0.0032231185297915,4,457,388,401,458,1034,923,277,211,1957,845,90.6060296371998,69,44.197292069632496,859,93.84670413898824,-57,0.49589201877934275,66,7895,320,532,333,8358,920,7727,337,9278,8215,272.3000646691097,7575,94.46039722421632,865,19.094201336494933,199,0.9047356828193832,7390
E02000840,Sutton,4,2,32.001781977726104,31.984739064149174,312.0,151.0,0.3173957273652085,0.1536113936927772,-0.1637843336724313,-0.0170429135769296,394.0,23.0,471,403,874,417.0,10.36842105263158,371.0,83.65180467091295,445.0,14.0,545.0,380.0,925.0,459.0,6.735135135135135,431.0,81.65137614678899,349.0,22.0,371.0,8.784897025171624,327.0,86.60049627791562,329.0,51.0,380.0,18.13945945945946,278.0,86.57894736842105,497.0,503.0,6.0,60.0,42.0,-3.633285917496446,-2.0004285241239614,-49.0,9.0,9.354562434287836,-0.0215489094945695,0.5291878172588832,0.9016018306636157,0.5470798569725864,0.907027027027027,concordant,concordant,0.0178920397137032,0.0054251963634114,3,481,23,445,22,607,531,136,128,1138,504,9.721441124780316,458,79.24217462932455,467,8.602811950790862,423,0.5190525231719877,8,9022,14,545,51,9169,620,8624,240,9789,9036,12.903054448871181,9008,98.39677173083216,596,2.8394115844315047,494,0.9381229235880398,8384
E02000841,Sutton,5,3,28.11384157780071,28.15254250082048,407.0,259.0,0.4140386571719227,0.2634791454730417,-0.150559511698881,0.0387009230197712,423.0,111.0,557,512,1069,534.0,43.9223573433115,312.0,75.94254937163375,334.0,75.0,468.0,431.0,899.0,409.0,27.8642936596218,259.0,71.36752136752136,381.0,100.0,481.0,35.64078578110384,281.0,74.4140625,322.0,92.0,414.0,32.95216907675194,230.0,74.70997679814386,359.0,399.0,40.0,-53.0,-125.0,-16.058063683689703,-4.575028004112383,-51.0,-67.0,-2.688616704351894,0.295914298143856,0.5261083743842364,0.9494855004677268,0.496962332928311,0.9154616240266964,concordant,concordant,-0.0291460414559253,-0.0340238764410305,3,566,11,596,36,678,716,121,204,1394,577,4.4662840746054515,555,83.48082595870207,632,15.39167862266858,560,0.4772539288668321,-83,8944,30,602,29,9047,682,8579,251,9729,8974,27.579401788467468,8914,98.86150105007184,631,1.794429026621441,573,0.9343050494534096,8328
E02000842,Sutton,9,9,12.269964779024264,9.867797972018996,828.0,866.0,0.8423194303153612,0.8809766022380467,0.0386571719226855,-2.4021668070052673,96.0,216.0,375,350,725,312.0,28.60137931034483,-120.0,25.6,108.0,199.0,425.0,362.0,787.0,307.0,27.30876747141042,-91.0,25.41176470588235,74.0,230.0,304.0,23.47586206896552,-156.0,21.142857142857142,98.0,254.0,352.0,31.628970775095297,-156.0,27.07182320441989,-86.0,100.0,186.0,29.0,-5.0,-1.292611838934409,-0.1882352941176499,0.0,48.0,8.153108706129778,5.928966061562747,0.5064935064935064,0.8496551724137931,0.4658573596358118,0.8373570520965693,concordant,concordant,-0.0406361468576946,-0.0122981203172237,7,131,316,105,311,489,524,114,174,1013,447,40.864758144126355,-185,26.789366053169733,416,32.23593287265548,-206,0.5179606025492468,-60,151,450,136,7964,8171,646,7746,284,8817,601,7.706702960190541,-299,1.8479990209276709,8100,122.84269025745718,-7828,0.06907252039995403,7462
E02000843,Sutton,7,7,17.97777024149433,15.418854378818738,678.0,687.0,0.6897253306205493,0.698880976602238,0.0091556459816887,-2.558915862675592,253.0,170.0,530,502,1032,423.0,41.67635658914729,83.0,47.735849056603776,364.0,200.0,853.0,512.0,1365.0,564.0,53.333333333333336,164.0,42.67291910902696,281.0,202.0,483.0,55.00193798449613,79.0,55.97609561752988,247.0,392.0,639.0,70.93333333333334,-145.0,48.2421875,100.0,349.0,249.0,81.0,141.0,11.656976744186046,-5.062929947576819,-224.0,156.0,15.931395348837206,-7.733908117529879,0.466887417218543,0.877906976744186,0.4688279301745636,0.8813186813186813,concordant,divergent,0.0019405129560205,0.0034117045744952,5,403,169,532,197,678,751,148,249,1429,572,47.660601819454165,234,59.43952802359882,729,73.3407977606718,335,0.4396617986164489,-101,8772,194,531,391,9261,796,8408,284,10057,8966,169.21228994730038,8578,94.71979267897636,922,20.644426767425674,140,0.9067556634304207,8124
E02000844,Sutton,7,6,20.303809928011315,20.514632718327185,607.0,519.0,0.6174974567650051,0.5279755849440488,-0.0895218718209562,0.2108227903158699,223.0,121.0,532,396,928,344.0,29.076508620689655,102.0,41.91729323308271,181.0,142.0,434.0,389.0,823.0,323.0,31.229647630619684,39.0,41.70506912442397,230.0,246.0,476.0,60.9698275862069,-16.0,58.08080808080808,177.0,198.0,375.0,42.58323207776428,-21.0,45.501285347043705,87.0,226.0,139.0,-63.0,-21.0,2.1531390099300296,-0.2122241086587379,-5.0,-101.0,-18.386595508442618,-12.579522733764378,0.4195121951219512,0.8836206896551724,0.4627507163323782,0.8481166464155528,divergent,divergent,0.043238521210427,-0.0355040432396195,5,342,119,447,243,650,613,118,217,1263,461,32.22327790973872,223,52.61538461538462,690,86.00237529691212,204,0.4005212858384014,-99,8268,141,413,188,8521,625,8087,236,9146,8409,127.46424666520883,8127,97.03086492195752,601,8.48939427071944,225,0.9332963374028856,7851
E02000845,Sutton,9,9,10.554411637532423,9.77036289321192,881.0,870.0,0.896236012207528,0.8850457782299085,-0.0111902339776195,-0.7840487443205024,172.0,174.0,521,415,936,346.0,31.974358974358974,-2.0,33.01343570057582,190.0,205.0,472.0,477.0,949.0,395.0,41.04320337197049,-15.0,40.25423728813559,168.0,231.0,399.0,41.46153846153846,-63.0,40.48192771084337,185.0,223.0,408.0,43.472075869336145,-38.0,38.78406708595388,-19.0,202.0,221.0,-13.0,49.0,9.068844397611516,7.240801587559773,25.0,9.0,2.0105374077976848,-1.6978606248894934,0.4644295302013422,0.7959401709401709,0.4919053549190536,0.8461538461538461,concordant,concordant,0.0274758247177113,0.0502136752136752,8,164,623,162,598,806,818,285,403,1624,787,62.91379310344828,-459,20.34739454094293,760,59.652709359605915,-436,0.5087265675500969,-118,183,689,185,9019,9244,896,8772,419,10140,872,12.434615384615384,-506,1.9796624837732584,9204,164.54783037475346,-8834,0.08654227868201668,8353
E02000846,Sutton,8,9,14.093149230114845,10.87425287197232,774.0,832.0,0.7873855544252288,0.8463886063072228,0.0590030518819939,-3.2188963581425263,150.0,188.0,442,407,849,338.0,33.21554770318021,-38.0,33.93665158371041,134.0,146.0,469.0,380.0,849.0,280.0,23.043580683156655,-12.0,28.57142857142857,138.0,239.0,377.0,38.84805653710247,-101.0,33.90663390663391,177.0,262.0,439.0,54.62190812720848,-85.0,46.578947368421055,-150.0,43.0,193.0,26.0,-58.0,-10.171967020023558,-5.365223012281838,16.0,62.0,15.773851590106004,12.672313461787148,0.4727272727272727,0.8421672555948174,0.3894297635605007,0.8468786808009423,concordant,concordant,-0.083297509166772,0.0047114252061248,7,86,385,106,415,608,584,166,177,1192,471,27.776845637583893,-299,14.144736842105262,521,36.90436241610738,-309,0.4747983870967742,-11,92,440,106,7343,7524,668,7055,288,8192,532,4.94140625,-348,1.2227538543328018,7449,95.014404296875,-7237,0.06665831349454955,6767
E02000847,Sutton,10,10,7.841789558763356,6.8768107815544495,939.0,950.0,0.955239064089522,0.9664292980671414,0.0111902339776195,-0.9649787772089063,0.0,248.0,488,356,844,248.0,0.0,-248.0,0.0,0.0,198.0,440.0,298.0,738.0,198.0,0.0,-198.0,0.0,0.0,342.0,342.0,0.0,-342.0,0.0,0.0,309.0,309.0,0.0,-309.0,0.0,-200.0,0.0,200.0,50.0,-50.0,0.0,0.0,33.0,-33.0,0.0,0.0,0.4203389830508474,0.6990521327014217,0.3905325443786982,0.6869918699186992,concordant,concordant,-0.0298064386721492,-0.0120602627827225,9,61,485,43,547,689,589,201,233,1278,546,23.149452269170578,-424,8.853410740203193,590,18.40453834115806,-504,0.48063380281690143,-32,58,617,32,9140,9268,717,8828,419,9985,675,3.5839759639459188,-559,0.6258092360811395,9172,29.29193790686029,-9108,0.06854879658779324,8409
E02000848,Sutton,10,10,8.899427338319178,7.74729152163103,922.0,929.0,0.93794506612411,0.9450661241098678,0.0071210579857579,-1.1521358166881486,0.0,224.0,369,307,676,224.0,0.0,-224.0,0.0,0.0,235.0,375.0,310.0,685.0,235.0,0.0,-235.0,0.0,0.0,271.0,271.0,0.0,-271.0,0.0,0.0,275.0,275.0,0.0,-275.0,0.0,-234.0,0.0,234.0,-11.0,11.0,0.0,0.0,-4.0,4.0,0.0,0.0,0.4525252525252525,0.7322485207100592,0.4607843137254901,0.7445255474452555,concordant,concordant,0.0082590612002376,0.0122770267351962,9,51,421,45,414,510,501,141,194,1011,472,21.237388724035608,-370,10.0,459,18.427299703264094,-369,0.5069817400644469,-53,47,566,42,7939,8039,640,7664,330,8679,613,3.065099665860122,-519,0.5846498320686653,7981,38.41894227445558,-7897,0.0713288340702816,7334
E02000849,Sutton,8,8,16.07370769539078,12.792013321492009,727.0,767.0,0.7395727365208545,0.780264496439471,0.0406917599186165,-3.281694373898773,159.0,206.0,501,423,924,365.0,35.44805194805195,-47.0,31.736526946107784,88.0,143.0,444.0,351.0,795.0,231.0,15.828930817610065,-55.0,19.81981981981982,136.0,265.0,401.0,39.004329004329,-129.0,32.15130023640662,140.0,290.0,430.0,51.069182389937104,-150.0,39.88603988603989,-17.0,125.0,142.0,-8.0,-134.0,-19.619121130441883,-11.916707126287964,-21.0,29.0,12.064853385608105,7.734739649633269,0.4765013054830287,0.829004329004329,0.3494704992435703,0.8314465408805032,concordant,concordant,-0.1270308062394584,0.0024422118761742,6,222,206,210,265,633,638,132,215,1271,428,35.98111723052715,16,35.07109004739337,475,43.78442171518489,-55,0.4739756367663344,-83,140,143,189,290,8049,616,7605,265,8665,283,2.3104443162146566,-3,1.7393465026711394,479,6.325447201384882,-101,0.37139107611548555,7340
E02000850,Sutton,9,9,13.185295749830246,12.180672038980507,793.0,788.0,0.8067141403865717,0.8016276703967447,-0.005086469989827,-1.004623710849737,34.0,394.0,547,525,1072,428.0,12.49626865671642,-360.0,6.2157221206581355,31.0,305.0,506.0,394.0,900.0,336.0,10.505555555555556,-274.0,6.126482213438735,53.0,439.0,492.0,21.70429104477612,-386.0,10.095238095238097,34.0,420.0,454.0,15.866666666666667,-386.0,8.629441624365482,-208.0,33.0,241.0,86.0,-92.0,-1.990713101160864,-0.0892399072194001,0.0,-38.0,-5.837624378109453,-1.4657964708726148,0.4652173913043478,0.8582089552238806,0.4253164556962025,0.8777777777777778,concordant,concordant,-0.0399009356081452,0.0195688225538971,7,68,571,82,497,682,771,135,246,1453,639,26.722642807983483,-503,9.970674486803519,579,28.048176187198898,-415,0.5246305418719212,-111,51,573,57,10535,10716,742,10210,348,11458,624,2.550445103857567,-522,0.47592385218365063,10592,52.40836097050096,-10478,0.05563480741797432,9862
E02000851,Sutton,6,5,23.662542241296517,21.226010519395132,506.0,483.0,0.5147507629704985,0.491353001017294,-0.0233977619532044,-2.4365317219013853,564.0,173.0,779,704,1483,737.0,65.79366149696561,391.0,72.400513478819,688.0,243.0,1052.0,946.0,1998.0,931.0,83.67567567567568,445.0,65.39923954372624,508.0,177.0,685.0,60.63115306810519,331.0,72.1590909090909,662.0,296.0,958.0,98.07407407407408,366.0,69.97885835095138,517.0,729.0,212.0,54.0,194.0,17.882014178710065,-7.001273935092755,35.0,273.0,37.44292100596888,-2.1802325581395223,0.5182841068917018,0.9588671611598112,0.4928533615669666,0.9454454454454454,concordant,concordant,-0.0254307453247351,-0.0134217157143657,4,870,143,780,135,1082,972,303,268,2054,1013,60.56962025316456,727,80.40665434380776,915,51.265822784810126,645,0.5254149377593361,35,10889,222,1111,253,11245,1389,10193,443,12634,11111,191.3375019787874,10667,96.8341485104491,1364,22.24813993984486,858,0.8906613226452906,9750
E02000852,Sutton,9,9,11.03235457573312,9.235949021627189,864.0,884.0,0.8789420142421159,0.8992878942014242,0.0203458799593082,-1.796405554105931,67.0,267.0,516,431,947,334.0,18.890179514255543,-200.0,12.984496124031008,49.0,296.0,507.0,483.0,990.0,345.0,14.65050505050505,-247.0,9.664694280078894,62.0,372.0,434.0,24.35480464625132,-310.0,14.385150812064964,68.0,352.0,420.0,24.177777777777777,-284.0,14.078674948240169,-187.0,52.0,239.0,-47.0,11.0,-4.239674463750493,-3.3198018439521135,26.0,-14.0,-0.1770268684735434,-0.3064758638247955,0.4348958333333333,0.8109820485744457,0.4509803921568627,0.7727272727272727,concordant,concordant,0.0160845588235294,-0.0382547758471729,8,67,578,61,582,687,676,171,245,1363,645,28.41232575201761,-511,9.75254730713246,643,26.046955245781366,-521,0.5007763975155279,-74,49,650,68,7896,7986,771,7479,288,8757,699,3.63709032773781,-601,0.6135737540696218,7964,61.31414868105516,-7828,0.08068798337758282,7191
E02000853,Sutton,8,8,13.751179167281348,13.569511108305983,782.0,745.0,0.7955239064089522,0.757884028484232,-0.0376398779247202,-0.1816680589753652,223.0,149.0,520,385,905,372.0,36.71491712707182,74.0,42.88461538461538,203.0,182.0,491.0,397.0,888.0,385.0,41.60585585585586,21.0,41.34419551934827,173.0,227.0,400.0,43.39337016574586,-54.0,44.935064935064936,159.0,222.0,381.0,39.75,-63.0,40.050377833753146,49.0,230.0,181.0,-53.0,13.0,4.890938728784036,-1.5404198652671113,-9.0,-19.0,-3.643370165745857,-4.8846871013117905,0.4818652849740932,0.8530386740331491,0.5026109660574413,0.8626126126126126,divergent,divergent,0.020745681083348,0.0095739385794634,7,139,409,106,409,685,629,165,244,1314,548,43.26560121765601,-270,20.29197080291971,515,32.99391171993912,-303,0.51552210724365,-79,140,497,114,7769,8010,691,7519,294,8701,637,7.996781979082864,-357,1.7478152309612984,7883,101.78898977129066,-7655,0.07476525821596244,7225
E02000854,Sutton,9,9,11.525653934657091,9.897086063902108,854.0,863.0,0.8687690742624619,0.8779247202441506,0.0091556459816887,-1.6285678707549849,60.0,263.0,463,388,851,323.0,18.54289071680376,-203.0,12.958963282937368,58.0,210.0,452.0,337.0,789.0,268.0,15.437262357414449,-152.0,12.831858407079649,54.0,322.0,376.0,20.43243243243243,-268.0,13.917525773195877,60.0,311.0,371.0,23.65019011406844,-251.0,17.804154302670625,-96.0,59.0,155.0,51.0,-55.0,-3.1056283593893124,-0.1271048758577198,17.0,-5.0,3.2177576816360087,3.886628529474749,0.4620886981402002,0.8213866039952996,0.4194053208137715,0.8098859315589354,concordant,concordant,-0.0426833773264287,-0.0115006724363642,8,60,612,52,535,634,691,171,303,1325,672,27.713207547169812,-552,9.46372239747634,587,20.99622641509434,-483,0.5337569499602859,-132,52,511,59,7360,7464,609,7012,272,8073,563,3.2914653784219,-459,0.6966773847802787,7419,53.78917378917379,-7301,0.07053370082686043,6740
E02000855,Sutton,10,10,6.883236711442147,6.350149707310997,966.0,960.0,0.982706002034588,0.9766022380467956,-0.0061037639877924,-0.5330870041311497,0.0,267.0,416,368,784,267.0,0.0,-267.0,0.0,0.0,235.0,459.0,294.0,753.0,235.0,0.0,-235.0,0.0,0.0,312.0,312.0,0.0,-312.0,0.0,0.0,342.0,342.0,0.0,-342.0,0.0,-237.0,0.0,237.0,32.0,-32.0,0.0,0.0,-30.0,30.0,0.0,0.0,0.4611398963730569,0.7385204081632653,0.4072790294627383,0.7662682602921647,concordant,concordant,-0.0538608669103186,0.0277478521288994,10,0,596,0,573,615,641,199,273,1256,596,0.0,-596,0.0,573,0.0,-573,0.5098374679213002,-74,0,629,0,7975,8049,643,7590,349,8692,629,0.0,-629,0.0,7975,0.0,-7975,0.07310553231055324,7241
E02000856,Sutton,8,9,13.757103915728964,11.83447897746384,780.0,797.0,0.7934893184130214,0.8107833163784334,0.0172939979654119,-1.9226249382651233,176.0,225.0,607,521,1128,401.0,35.1063829787234,-49.0,28.995057660626028,191.0,249.0,634.0,544.0,1178.0,440.0,40.37266553480475,-58.0,30.126182965299687,171.0,309.0,480.0,46.84308510638298,-138.0,32.82149712092131,195.0,336.0,531.0,55.61969439728353,-141.0,35.845588235294116,-250.0,55.0,305.0,-9.0,39.0,5.26628255608135,1.1311253046736596,-3.0,51.0,8.776609290900552,3.0240911143728084,0.4551645856980704,0.7810283687943262,0.4531410916580844,0.8242784380305602,concordant,concordant,-0.0020234940399859,0.0432500692362339,7,108,531,114,530,770,750,163,229,1520,639,37.72894736842105,-423,14.025974025974024,644,39.75,-416,0.49805144193296963,-66,128,649,104,8944,9190,908,8556,364,10098,777,8.226579520697168,-521,1.3928182807399347,9048,92.11487423252129,-8840,0.07908396946564886,8192
E02000857,Sutton,9,9,13.095833608349148,10.296949437550737,796.0,849.0,0.8097660223804679,0.8636826042726348,0.0539165818921668,-2.798884170798411,185.0,442.0,825,702,1527,627.0,53.5494433529797,-257.0,22.424242424242426,123.0,330.0,778.0,586.0,1364.0,453.0,29.758064516129032,-207.0,15.809768637532134,149.0,512.0,661.0,49.95939751146038,-363.0,21.225071225071225,169.0,533.0,702.0,66.03885630498533,-364.0,28.83959044368601,-171.0,128.0,299.0,50.0,-174.0,-23.79137883685067,-6.614473786710292,-1.0,41.0,16.07945879352495,7.614519218614784,0.4868012422360248,0.8434839554682384,0.3922077922077922,0.8467741935483871,concordant,concordant,-0.0945934500282326,0.0032902380801487,7,268,694,230,812,1205,1041,380,339,2246,962,82.81032947462155,-426,22.240663900414937,1042,83.15227070347284,-582,0.48003992015968067,41,192,706,224,8388,8741,1035,7963,449,9776,898,13.865793780687397,-514,2.1965450177325248,8612,192.19639934533552,-8164,0.09442691903259727,7514
E02000858,Sutton,4,2,32.47331085164478,32.31579895908981,297.0,142.0,0.3021363173957274,0.1444557477110885,-0.1576805696846388,-0.1575118925549716,357.0,32.0,446,406,852,389.0,13.408450704225352,325.0,80.04484304932735,310.0,39.0,435.0,394.0,829.0,349.0,14.583835946924005,271.0,71.26436781609196,325.0,46.0,371.0,17.546948356807512,279.0,80.04926108374384,314.0,51.0,365.0,19.317249698431844,263.0,79.69543147208121,338.0,363.0,25.0,-54.0,-40.0,1.1753852426986526,-8.780475233235393,-16.0,-6.0,1.7703013416243325,-0.3538296116626327,0.5118421052631579,0.892018779342723,0.4887955182072829,0.8612786489746683,concordant,concordant,-0.0230465870558749,-0.0307401303680546,3,417,32,438,46,540,546,94,140,1086,449,12.287292817679559,385,77.22222222222223,484,18.552486187845304,392,0.4812433011789925,-46,8300,36,508,51,8443,612,8008,218,9055,8336,32.998343456653785,8264,98.30628923368471,559,2.8611816675869686,457,0.9371557054525014,7790
E02000859,Sutton,8,9,14.423679285119412,11.746062089971884,766.0,801.0,0.7792472024415056,0.814852492370295,0.0356052899287894,-2.677617195147528,188.0,173.0,540,445,985,361.0,33.01928934010152,15.0,34.81481481481482,159.0,213.0,512.0,414.0,926.0,372.0,36.573434125269976,-54.0,31.0546875,201.0,255.0,456.0,52.035532994923855,-54.0,45.1685393258427,141.0,261.0,402.0,39.74190064794816,-120.0,34.05797101449276,-204.0,45.0,249.0,-69.0,11.0,3.554144785168454,-3.7601273148148167,-66.0,-54.0,-12.2936323469757,-11.110568311349944,0.4418604651162791,0.8294416243654822,0.4806201550387597,0.8358531317494601,divergent,concordant,0.0387596899224806,0.0064115073839778,7,116,433,108,491,735,682,195,237,1417,549,35.446718419195484,-317,15.782312925170066,599,37.4227240649259,-383,0.47822299651567945,-42,92,548,93,8167,8384,722,7872,308,9106,640,5.5365692949703496,-456,1.0973282442748091,8260,83.40994948385679,-8074,0.07191011235955057,7564
E02000860,Sutton,7,6,19.749557720452753,19.69012821758135,620.0,549.0,0.6307222787385555,0.5584944048830112,-0.0722278738555443,-0.0594295028714029,457.0,181.0,795,660,1455,638.0,56.85017182130584,276.0,57.484276729559745,435.0,184.0,803.0,625.0,1428.0,619.0,56.05042016806723,251.0,54.17185554171855,434.0,279.0,713.0,83.22061855670103,155.0,65.75757575757576,416.0,290.0,706.0,84.48179271708683,126.0,66.56,317.0,489.0,172.0,-25.0,-19.0,-0.7997516532386157,-3.3124211878411955,-29.0,-7.0,1.2611741603858064,0.8024242424242374,0.4722427831236121,0.9285223367697596,0.4671698113207547,0.9278711484593838,concordant,concordant,-0.0050729718028574,-0.0006511883103756,5,848,178,754,276,1185,980,390,320,2165,1026,69.72009237875288,670,71.56118143459915,1030,96.12193995381062,478,0.4990272373540856,70,8173,165,838,286,8541,1046,7738,421,9587,8338,140.66391989151975,8008,95.69137103383679,1124,24.999269844581203,552,0.8812090467131685,7317
E02000861,Sutton,10,10,6.889227884086967,5.020283266259899,965.0,979.0,0.9816887080366226,0.9959308240081384,0.0142421159715158,-1.8689446178270688,0.0,324.0,337,371,708,324.0,0.0,-324.0,0.0,0.0,298.0,389.0,346.0,735.0,298.0,0.0,-298.0,0.0,0.0,272.0,272.0,0.0,-272.0,0.0,0.0,342.0,342.0,0.0,-342.0,0.0,-296.0,0.0,296.0,26.0,-26.0,0.0,0.0,-70.0,70.0,0.0,0.0,0.5436241610738255,0.8418079096045198,0.465625,0.8707482993197279,concordant,concordant,-0.0779991610738254,0.028940389715208,10,0,590,0,449,496,622,159,251,1118,590,0.0,-590,0.0,449,0.0,-449,0.5678537054860443,-92,0,652,0,7637,7669,672,7280,326,8341,652,0.0,-652,0.0,7637,0.0,-7637,0.07865846302328387,6954
E02000863,Sutton,9,9,13.252166768964976,10.86407544945476,791.0,833.0,0.8046795523906409,0.8474059003051883,0.0427263479145473,-2.3880913195102167,32.0,203.0,297,286,583,235.0,11.14236706689537,-171.0,10.774410774410772,47.0,126.0,310.0,206.0,516.0,173.0,11.476744186046512,-79.0,15.161290322580644,43.0,201.0,244.0,14.825042881646656,-158.0,15.034965034965031,37.0,193.0,230.0,13.839147286821705,-156.0,17.96116504854369,-68.0,48.0,116.0,92.0,-62.0,0.3343771191511422,4.386879548169873,2.0,-14.0,-0.9858955948249511,2.9262000135786597,0.4906054279749478,0.8216123499142367,0.4292803970223325,0.7810077519379846,concordant,concordant,-0.0613250309526153,-0.0406045979762521,7,55,357,59,266,417,475,120,189,892,412,22.01233183856502,-302,13.189448441247004,325,17.594170403587444,-207,0.5590230664857531,-69,78,403,58,6524,6667,509,6357,303,7176,481,4.380434782608695,-325,1.1699415029248537,6582,52.73021181716834,-6466,0.06810137335409883,6054
E02000864,Tower Hamlets,1,2,44.800270670121726,33.56669260059689,70.0,107.0,0.0712105798575788,0.108850457782299,0.0376398779247202,-11.23357806952484,586.0,0.0,903,922,1825,586.0,0.0,586.0,64.89479512735326,819.0,0.0,1190.0,1066.0,2256.0,819.0,0.0,819.0,68.82352941176471,626.0,0.0,626.0,0.0,626.0,67.89587852494577,684.0,0.0,684.0,0.0,684.0,64.16510318949344,469.0,689.0,220.0,233.0,233.0,0.0,3.928734284411448,58.0,58.0,0.0,-3.730775335452336,0.4834983498349835,0.6641095890410958,0.5449101796407185,0.6662234042553191,concordant,concordant,0.061411829805735,0.0021138152142232,1,943,0,753,0,1284,1084,381,162,2368,943,0.0,943,73.4423676012461,753,0.0,753,0.5560141509433962,219,10641,0,1029,0,11023,1427,9833,361,12450,10641,0.0,10641,96.5345187335571,1029,0.0,1029,0.9118251928020565,9472
E02000865,Tower Hamlets,1,2,43.02269782867678,33.660838222222225,88.0,105.0,0.0895218718209562,0.1068158697863682,0.017293997965412,-9.36185960645456,513.0,0.0,807,808,1615,513.0,0.0,513.0,63.56877323420075,556.0,0.0,801.0,900.0,1701.0,556.0,0.0,556.0,69.41323345817729,509.0,0.0,509.0,0.0,509.0,62.995049504950494,598.0,0.0,598.0,0.0,598.0,66.44444444444444,287.0,454.0,167.0,43.0,43.0,0.0,5.84446022397654,89.0,89.0,0.0,3.449394939493949,0.5019569471624267,0.6328173374613003,0.4818024263431542,0.678424456202234,concordant,concordant,-0.0201545208192724,0.0456071187409337,1,854,0,615,0,1156,931,349,123,2087,854,0.0,854,73.87543252595155,615,0.0,615,0.5813478556841388,226,7544,0,826,0,7802,1138,7001,238,8940,7544,0.0,7544,96.69315560112791,826,0.0,826,0.9013142174432497,6763
E02000866,Tower Hamlets,3,4,34.60297437280067,25.290982715575183,239.0,348.0,0.2431332655137334,0.3540183112919634,0.1108850457782299,-9.31199165722548,374.0,623.0,1295,1199,2494,997.0,93.42502004811548,-249.0,28.88030888030888,396.0,628.0,1213.0,1253.0,2466.0,1024.0,100.84671532846716,-232.0,32.64633140972795,429.0,702.0,1131.0,120.75300721732155,-273.0,35.77981651376147,469.0,644.0,1113.0,122.48012976480128,-175.0,37.43016759776536,-322.0,310.0,632.0,17.0,27.0,7.4216952803516705,3.766022529419068,98.0,-18.0,1.7271225474797234,1.6503510840038942,0.4685150375939849,0.8532477947072975,0.4791764155357979,0.8665855636658556,concordant,concordant,0.0106613779418129,0.013337768958558,2,1046,448,762,493,1871,1502,576,303,3373,1494,138.92914319596798,598,55.90593265633351,1255,111.37444411503112,269,0.5434703528555839,273,9626,439,958,392,10396,1723,9183,470,12119,10065,348.69329152570344,9187,92.59330511735283,1350,30.987375195973264,566,0.8817345597897503,8713
E02000867,Tower Hamlets,4,4,31.178690425297887,25.024294206931444,332.0,360.0,0.3377416073245168,0.3662258392675483,0.0284842319430315,-6.154396218366443,323.0,1004.0,1483,1485,2968,1327.0,109.26280323450136,-681.0,21.780175320296696,275.0,1069.0,1520.0,1593.0,3113.0,1344.0,94.434628975265,-794.0,18.092105263157897,380.0,1070.0,1450.0,136.9946091644205,-690.0,25.589225589225588,409.0,1153.0,1562.0,151.4863475746868,-744.0,25.674827369742623,-459.0,357.0,816.0,-113.0,17.0,-14.828174259236365,-3.6880700571387983,-54.0,112.0,14.491738410266294,0.0856017805170346,0.4778537990637378,0.9356469002695418,0.4624913971094287,0.9335046578862832,concordant,concordant,-0.0153624019543091,-0.0021422423832584,3,968,988,705,971,2182,1856,699,371,4038,1956,236.84596334819219,-20,44.36296975252063,1676,169.52823179791977,-266,0.538546255506608,328,9748,1048,1005,1102,11025,2244,9505,651,13269,10796,769.9076041902179,8700,88.41723356009071,2107,83.46597332127516,-97,0.8367046423312408,8854
E02000868,Tower Hamlets,2,3,36.76189726779252,28.85113913043478,190.0,237.0,0.1932858596134282,0.2410986775178026,0.0478128179043743,-7.910758137357739,417.0,355.0,903,969,1872,772.0,79.07852564102564,62.0,46.17940199335549,379.0,319.0,887.0,1005.0,1892.0,698.0,63.90116279069768,60.0,42.728297632469,409.0,348.0,757.0,76.03205128205128,61.0,42.208462332301345,485.0,326.0,811.0,83.5676532769556,159.0,48.258706467661696,-49.0,347.0,396.0,-2.0,-74.0,-15.177362850327953,-3.4511043608864895,98.0,54.0,7.535601994904312,6.0502441353603515,0.5049051667756703,0.8167735042735043,0.4625579854208085,0.797568710359408,concordant,concordant,-0.0423471813548618,-0.0192047939140962,2,875,364,457,354,1471,1132,568,163,2603,1239,122.35881674990395,511,59.48334466349422,811,62.15059546676911,103,0.604390243902439,405,6475,330,652,332,7065,1344,6178,339,8409,6805,254.10274705672495,6145,91.64897381457891,984,25.741943156142227,320,0.8736679933239183,5839
E02000869,Tower Hamlets,1,2,46.632956704645046,33.03527818329278,46.0,123.0,0.0467955239064089,0.1251271617497456,0.0783316378433367,-13.597678521352265,412.0,0.0,680,650,1330,412.0,0.0,412.0,60.588235294117645,463.0,0.0,669.0,665.0,1334.0,463.0,0.0,463.0,69.20777279521674,386.0,0.0,386.0,0.0,386.0,59.38461538461538,470.0,0.0,470.0,0.0,470.0,70.67669172932331,304.0,395.0,91.0,51.0,51.0,0.0,8.619537501099096,84.0,84.0,0.0,11.29207634470793,0.5162907268170426,0.6,0.4962486602357985,0.699400299850075,concordant,concordant,-0.020042066581244,0.099400299850075,1,760,0,534,0,1039,806,359,156,1845,760,0.0,760,73.14725697786332,534,0.0,534,0.5873261205564142,203,5631,0,715,0,5844,913,5175,248,6757,5631,0.0,5631,96.35523613963038,715,0.0,715,0.8873306019539867,4927
E02000870,Tower Hamlets,3,3,35.37666359888837,29.586804174801017,217.0,213.0,0.2207527975584944,0.2166836215666327,-0.0040691759918616,-5.7898594240873535,198.0,464.0,726,845,1571,662.0,58.47994907702101,-266.0,27.27272727272727,219.0,433.0,741.0,769.0,1510.0,652.0,62.79933774834437,-214.0,29.554655870445345,274.0,403.0,677.0,70.28771483131763,-129.0,32.42603550295858,224.0,437.0,661.0,64.82649006622516,-213.0,29.128738621586475,-34.0,326.0,360.0,52.0,-10.0,4.31938867132336,2.2819285977180748,-84.0,-16.0,-5.461224765092467,-3.2972968813721018,0.4943988050784167,0.8523233609166136,0.4965727341964965,0.8695364238410596,concordant,concordant,0.0021739291180798,0.0172130629244459,2,662,288,403,288,1153,944,427,99,2097,950,90.91845493562232,374,57.415437987857764,691,55.347639484978544,115,0.578915295551493,328,5767,263,496,240,6261,1017,5520,248,7278,6030,208.39804891453696,5504,92.10988659958474,736,16.356141797197033,256,0.891220809932013,5272
E02000871,Tower Hamlets,1,2,46.9031169211966,33.78368505404398,42.0,100.0,0.0427263479145473,0.1017293997965412,0.0590030518819939,-13.11943186715262,551.0,0.0,1027,798,1825,551.0,0.0,551.0,53.65141187925998,739.0,0.0,1125.0,1281.0,2406.0,739.0,0.0,739.0,65.68888888888888,474.0,0.0,474.0,0.0,474.0,59.3984962406015,803.0,0.0,803.0,0.0,803.0,62.68540202966433,432.0,636.0,204.0,188.0,188.0,0.0,12.0374770096289,329.0,329.0,0.0,3.2869057890628284,0.5375609756097561,0.5616438356164384,0.4792477302204929,0.6408977556109726,concordant,concordant,-0.0583132453892632,0.0792539199945342,1,932,0,567,0,1413,912,386,114,2325,932,0.0,932,65.9589525831564,567,0.0,567,0.6217478318879253,272,10813,0,1290,0,11214,1781,10089,500,12995,10813,0.0,10813,96.42411271624755,1290,0.0,1290,0.8934148558208709,9589
E02000872,Tower Hamlets,1,2,45.31261923343554,30.514310022219625,64.0,189.0,0.0651068158697863,0.1922685656154628,0.1271617497456765,-14.798309211215916,667.0,0.0,1072,1153,2225,667.0,0.0,667.0,62.220149253731336,778.0,0.0,1102.0,1084.0,2186.0,778.0,0.0,778.0,70.5989110707804,746.0,0.0,746.0,0.0,746.0,64.70078057241977,744.0,0.0,744.0,0.0,744.0,68.63468634686348,519.0,657.0,138.0,111.0,111.0,0.0,8.378761817049067,-2.0,-2.0,0.0,3.933905774443702,0.4720452937013447,0.635056179775281,0.5111695137976346,0.696248856358646,concordant,concordant,0.0391242200962899,0.061192676583365,1,1259,0,887,0,1675,1307,603,154,2982,1259,0.0,1259,75.16417910447761,887,0.0,887,0.5866728797763281,449,7665,0,1143,0,8001,1492,6899,408,9493,7665,0.0,7665,95.8005249343832,1143,0.0,1143,0.8702316076294278,6491
E02000873,Tower Hamlets,3,4,32.77123197966919,26.84948082378901,291.0,305.0,0.2960325534079349,0.3102746693794506,0.0142421159715157,-5.92175115588018,274.0,1040.0,865,1778,2643,1314.0,107.8168747635263,-766.0,31.676300578034684,442.0,928.0,1128.0,1549.0,2677.0,1370.0,153.2222637280538,-486.0,39.184397163120565,488.0,472.0,960.0,87.14945138100643,16.0,27.44656917885264,458.0,565.0,1023.0,96.66417631677253,-107.0,29.567462879276952,-531.0,354.0,885.0,280.0,56.0,45.4053889645275,7.50809658508588,-123.0,63.0,9.514724935766097,2.120893700424311,0.5778364116094987,0.8603859250851306,0.5725031341412453,0.8939110945087785,divergent,concordant,-0.0053332774682534,0.0335251694236479,3,2097,1290,518,591,2773,2027,1908,249,4800,3387,563.56875,807,75.62206996033177,1109,63.77875,-73,0.7533362989323843,1659,8736,1088,811,681,9571,2075,8443,526,11646,9824,816.1401339515713,7648,91.27572876397451,1492,47.423235445646576,130,0.8681512902085543,7917
E02000874,Tower Hamlets,2,2,39.31714895221394,33.369545216792844,147.0,113.0,0.1495422177009155,0.1149542217700915,-0.034587995930824,-5.947603735421097,322.0,358.0,669,889,1558,680.0,73.98973042362003,-36.0,48.13153961136024,412.0,440.0,864.0,1153.0,2017.0,852.0,89.87605354486861,-28.0,47.68518518518518,367.0,237.0,604.0,55.82734274711168,130.0,41.28233970753656,500.0,290.0,790.0,71.88894397620228,210.0,43.36513443191674,361.0,491.0,130.0,8.0,172.0,15.88632312124858,-0.4463544261750556,80.0,186.0,16.061601229090606,2.082794724380186,0.5295950155763239,0.8241335044929397,0.5188794153471377,0.8140803173029252,divergent,divergent,-0.0107156002291862,-0.0100531871900144,2,824,372,431,244,1258,1071,589,182,2329,1196,131.61356805495922,452,65.50079491255963,675,45.15414340918849,187,0.6392303580972741,407,6758,458,640,302,7334,1432,6470,279,8766,7216,353.087383070956,6300,92.14616853013362,942,22.048825005703854,338,0.8845305221868105,6191
E02000875,Tower Hamlets,1,2,47.85937435381356,31.355196276811007,35.0,163.0,0.0356052899287894,0.1658189216683621,0.1302136317395727,-16.50417807700255,626.0,0.0,1060,1033,2093,626.0,0.0,626.0,59.056603773584904,830.0,0.0,1315.0,1304.0,2619.0,830.0,0.0,830.0,63.11787072243346,658.0,0.0,658.0,0.0,658.0,63.69796708615682,885.0,0.0,885.0,0.0,885.0,67.8680981595092,536.0,728.0,192.0,204.0,204.0,0.0,4.061266948848555,227.0,227.0,0.0,4.17013107335238,0.4875389408099688,0.6134734830387004,0.4839650145772595,0.6548300878197786,concordant,concordant,-0.0035739262327093,0.0413566047810781,1,1103,0,788,0,1554,1195,494,162,2749,1103,0.0,1103,70.97812097812097,788,0.0,788,0.5832892649391856,332,12789,0,1396,0,13292,1821,11977,517,15113,12789,0.0,12789,96.21576888353897,1396,0.0,1396,0.90158618258724,11460
E02000876,Tower Hamlets,1,2,44.82994538723887,33.78064609375,68.0,101.0,0.069175991861648,0.1027466937945066,0.0335707019328585,-11.049299293488872,552.0,0.0,820,1066,1886,552.0,0.0,552.0,67.31707317073172,693.0,0.0,1074.0,1118.0,2192.0,693.0,0.0,693.0,64.52513966480447,705.0,0.0,705.0,0.0,705.0,66.13508442776735,808.0,0.0,808.0,0.0,808.0,72.27191413237925,451.0,594.0,143.0,141.0,141.0,0.0,-2.791933505927247,103.0,103.0,0.0,6.136829704611898,0.4391408114558472,0.6664899257688229,0.4616922051965356,0.6847627737226277,concordant,concordant,0.0225513937406883,0.0182728479538047,1,1167,0,857,0,1440,1245,620,179,2685,1167,0.0,1167,81.04166666666667,857,0.0,857,0.5765810276679841,441,6699,0,1124,0,7089,1441,6015,323,8530,6699,0.0,6699,94.49851883199322,1124,0.0,1124,0.8563211044356385,5692
E02000877,Tower Hamlets,1,2,45.86431315821687,31.26856564891917,52.0,168.0,0.0528992878942014,0.1709053916581892,0.1180061037639877,-14.595747509297702,726.0,0.0,1120,1183,2303,726.0,0.0,726.0,64.82142857142857,1041.0,0.0,1586.0,1521.0,3107.0,1041.0,0.0,1041.0,65.63682219419924,757.0,0.0,757.0,0.0,757.0,63.989856297548606,983.0,0.0,983.0,0.0,983.0,64.62853385930309,618.0,863.0,245.0,315.0,315.0,0.0,0.8153936227706708,226.0,226.0,0.0,0.6386775617544842,0.4895482130815913,0.6439426834563613,0.5143280632411067,0.6514322497586096,concordant,concordant,0.0247798501595153,0.0074895663022482,1,1301,0,930,0,1711,1398,591,215,3109,1301,0.0,1301,76.0374050263004,930,0.0,930,0.5831465710443747,376,12908,0,1440,0,13464,1998,11878,477,15462,12908,0.0,12908,95.87046939988116,1440,0.0,1440,0.8996375801505436,11401
E02000878,Tower Hamlets,1,2,48.59070911821893,30.51716820946839,30.0,188.0,0.0305188199389623,0.1912512716174974,0.1607324516785351,-18.073540908750537,896.0,0.0,1273,2071,3344,896.0,0.0,896.0,70.38491751767478,938.0,0.0,1355.0,1803.0,3158.0,938.0,0.0,938.0,69.2250922509225,1360.0,0.0,1360.0,0.0,1360.0,65.6687590535973,1280.0,0.0,1280.0,0.0,1280.0,70.99278979478647,698.0,874.0,176.0,42.0,42.0,0.0,-1.1598252667522786,-80.0,-80.0,0.0,5.324030741189176,0.3971631205673759,0.6746411483253588,0.4229035166816952,0.7023432552248259,concordant,concordant,0.0257403961143193,0.027702106899467,1,2259,0,1545,0,2651,2290,1378,219,4941,2259,0.0,2259,85.21312712184081,1545,0.0,1545,0.5938485804416404,1159,9810,0,1866,0,10230,2401,8875,598,12631,9810,0.0,9810,95.89442815249268,1866,0.0,1866,0.8401849948612539,8277
E02000879,Tower Hamlets,2,2,39.685263629814,30.615297000895257,143.0,185.0,0.1454730417090539,0.1881993896236012,0.0427263479145473,-9.069966628918742,391.0,390.0,863,980,1843,781.0,82.74009766684753,1.0,45.30706836616454,397.0,365.0,915.0,992.0,1907.0,762.0,75.98584163607761,32.0,43.387978142076506,424.0,364.0,788.0,83.74172544763972,60.0,43.26530612244898,413.0,318.0,731.0,68.86942842160461,95.0,41.63306451612903,362.0,496.0,134.0,31.0,-19.0,-6.754256030769923,-1.9190902240880376,35.0,-57.0,-14.872297026035112,-1.6322416063199512,0.4977692797960484,0.8513293543136191,0.5103817816476892,0.7829050865233351,concordant,concordant,0.0126125018516407,-0.0684242677902839,2,812,412,427,372,1377,1104,514,124,2481,1224,134.84240225715436,400,58.968772694262896,799,64.02418379685611,55,0.6050420168067226,390,7616,377,601,322,8221,1289,7306,297,9510,7993,301.91713985278653,7239,92.64079795645299,923,20.34931650893796,279,0.8964782413638402,7009
E02000880,Tower Hamlets,2,2,40.55613376385042,30.80582603851663,126.0,181.0,0.1281790437436419,0.1841302136317395,0.0559511698880976,-9.750307725333789,375.0,376.0,739,961,1700,751.0,82.94117647058823,-1.0,50.74424898511503,336.0,424.0,923.0,1095.0,2018.0,760.0,70.59663032705649,-88.0,36.403033586132175,408.0,249.0,657.0,59.76,159.0,42.45577523413112,452.0,372.0,824.0,83.32210109018831,80.0,41.278538812785385,337.0,493.0,156.0,-87.0,9.0,-12.344546143531744,-14.341215398982854,-79.0,167.0,23.56210109018831,-1.1772364213457325,0.5333806818181818,0.8282352941176471,0.4797979797979798,0.7849355797819624,divergent,divergent,-0.0535827020202019,-0.0432997143356846,2,682,392,423,251,1132,1080,393,119,2212,1074,120.86075949367088,290,60.24734982332155,674,47.99864376130199,172,0.61441647597254,274,5685,436,586,385,6341,1337,5418,242,7678,6121,322.8262568377182,5249,89.65462860747516,971,29.383954154727792,201,0.8630851663846588,5176
E02000881,Tower Hamlets,1,1,49.56116159791576,39.50274349167181,25.0,28.0,0.0254323499491353,0.0284842319430315,0.0030518819938962,-10.058418106243955,404.0,0.0,733,597,1330,404.0,0.0,404.0,55.11596180081856,680.0,0.0,1110.0,997.0,2107.0,680.0,0.0,680.0,61.261261261261254,341.0,0.0,341.0,0.0,341.0,57.11892797319933,668.0,0.0,668.0,0.0,668.0,67.00100300902709,947.0,947.0,0.0,276.0,276.0,0.0,6.145299460442693,327.0,327.0,0.0,9.88207503582776,0.5422818791946309,0.5601503759398496,0.5044510385756676,0.6397721879449454,concordant,concordant,-0.0378308406189632,0.0796218120050957,1,571,0,436,0,917,708,184,111,1625,571,0.0,571,62.26826608505998,436,0.0,436,0.5670307845084409,73,10124,0,1094,0,10568,1435,9458,438,12003,10124,0.0,10124,95.7986373959122,1094,0.0,1094,0.9024781600998395,9020
E02000882,Tower Hamlets,1,1,50.49978066713157,35.63656744462025,20.0,69.0,0.0203458799593082,0.0701932858596134,0.0498474059003051,-14.86321322251132,456.0,0.0,702,774,1476,456.0,0.0,456.0,64.95726495726495,655.0,0.0,1066.0,792.0,1858.0,655.0,0.0,655.0,61.444652908067546,521.0,0.0,521.0,0.0,521.0,67.31266149870801,536.0,0.0,536.0,0.0,536.0,67.67676767676768,922.0,922.0,0.0,199.0,199.0,0.0,-3.512612049197408,15.0,15.0,0.0,0.3641061780596715,0.4667349027635619,0.6619241192411924,0.5499580184718724,0.6410118406889128,concordant,concordant,0.0832231157083104,-0.0209122785522796,1,641,0,623,0,894,901,192,127,1795,641,0.0,641,71.70022371364652,623,0.0,623,0.507120253164557,65,10877,0,882,0,11295,1145,10229,353,12440,10877,0.0,10877,96.29924745462594,882,0.0,882,0.9249936219066247,9876
E02000883,Tower Hamlets,1,1,54.33815193710692,40.40641134361234,6.0,20.0,0.0061037639877924,0.0203458799593082,0.0142421159715157,-13.93174059349458,341.0,0.0,622,914,1536,341.0,0.0,341.0,54.82315112540193,476.0,0.0,860.0,804.0,1664.0,476.0,0.0,476.0,55.34883720930232,531.0,0.0,531.0,0.0,531.0,58.096280087527354,447.0,0.0,447.0,0.0,447.0,55.59701492537313,710.0,710.0,0.0,135.0,135.0,0.0,0.5256860839003892,-84.0,-84.0,0.0,-2.4992651621542237,0.3910550458715596,0.5677083333333334,0.5157096424702059,0.5546875,concordant,concordant,0.1246545965986462,-0.0130208333333333,1,630,0,581,0,922,1011,300,97,1933,630,0.0,630,68.32971800433839,581,0.0,581,0.5202312138728323,203,8741,0,753,0,9132,1119,8272,315,10251,8741,0.0,8741,95.71835304424003,753,0.0,753,0.9206867495260165,7957
E02000884,Tower Hamlets,1,4,48.18588985310734,24.328616976659372,32.0,380.0,0.0325534079348931,0.3865717192268565,0.3540183112919634,-23.85727287644797,1001.0,0.0,1407,1677,3084,1001.0,0.0,1001.0,71.14427860696517,1345.0,0.0,1846.0,2237.0,4083.0,1345.0,0.0,1345.0,72.86023835319611,1203.0,0.0,1203.0,0.0,1203.0,71.73524150268337,1658.0,0.0,1658.0,0.0,1658.0,74.11712114438981,-296.0,711.0,1007.0,344.0,344.0,0.0,1.7159597462309364,455.0,455.0,0.0,2.3818796417064476,0.4541742286751361,0.7146562905317769,0.4478854478854479,0.7354886113152094,concordant,concordant,-0.0062887807896882,0.0208323207834324,1,2100,0,1434,0,2528,1938,1121,261,4466,2100,0.0,2100,83.06962025316456,1434,0.0,1434,0.5942275042444821,860,11771,0,2384,0,12293,2976,10447,739,15269,11771,0.0,11771,95.753680956642,2384,0.0,2384,0.8315789473684211,9708
E02000885,Tower Hamlets,1,1,47.25674617984047,36.60490046885465,39.0,53.0,0.039674465920651,0.0539165818921668,0.0142421159715157,-10.651845710985818,371.0,0.0,583,873,1456,371.0,0.0,371.0,63.63636363636363,376.0,0.0,661.0,730.0,1391.0,376.0,0.0,376.0,56.88350983358548,559.0,0.0,559.0,0.0,559.0,64.03207331042383,460.0,0.0,460.0,0.0,460.0,63.013698630136986,586.0,586.0,0.0,5.0,5.0,0.0,-6.752853802778155,-99.0,-99.0,0.0,-1.01837468028684,0.3989247311827957,0.6387362637362637,0.4497607655502392,0.6010064701653487,concordant,concordant,0.0508360343674435,-0.0377297935709149,1,643,0,641,0,862,973,279,100,1835,643,0.0,643,74.5939675174014,641,0.0,641,0.5007788161993769,179,6632,0,621,0,6918,907,6257,177,7825,6632,0.0,6632,95.86585718415726,621,0.0,621,0.9143802564456087,6080
E02000886,Tower Hamlets,2,4,36.42978332241332,25.34613524835428,194.0,347.0,0.1973550356052899,0.3530010172939979,0.155645981688708,-11.083648074059042,402.0,338.0,778,882,1660,740.0,81.85301204819277,64.0,51.670951156812336,590.0,336.0,1297.0,1160.0,2457.0,926.0,80.68376068376068,254.0,45.48959136468774,419.0,275.0,694.0,69.41265060240964,144.0,47.50566893424036,634.0,484.0,1118.0,124.89051689051688,150.0,54.65517241379311,-50.0,413.0,463.0,190.0,186.0,-1.1692513644320854,-6.181359792124596,6.0,424.0,55.47786628810723,7.149503479552749,0.5160390516039052,0.863855421686747,0.4530332681017612,0.8319088319088319,concordant,concordant,-0.0630057835021439,-0.031946589777915,2,905,380,620,307,1355,1154,577,272,2509,1285,137.06656038262255,525,66.78966789667896,927,75.86289358310084,313,0.5809222423146474,305,8486,339,1038,491,9339,1655,8042,495,10994,8825,261.6658177187557,8147,90.8662597708534,1529,46.357831544478806,547,0.8523276028587985,7547
E02000887,Tower Hamlets,1,2,49.87452751732102,32.65090942879499,24.0,132.0,0.0244150559511698,0.1342828077314344,0.1098677517802645,-17.22361808852603,597.0,0.0,982,937,1919,597.0,0.0,597.0,60.79429735234216,672.0,0.0,1116.0,1194.0,2310.0,672.0,0.0,672.0,60.215053763440864,531.0,0.0,531.0,0.0,531.0,56.670224119530424,752.0,0.0,752.0,0.0,752.0,62.981574539363486,397.0,605.0,208.0,75.0,75.0,0.0,-0.5792435889012992,221.0,221.0,0.0,6.311350419833062,0.5292553191489362,0.5878061490359562,0.4719101123595505,0.6164502164502165,concordant,concordant,-0.0573452067893856,0.0286440674142602,1,950,0,684,0,1368,1118,386,181,2486,950,0.0,950,69.44444444444444,684,0.0,684,0.5813953488372093,205,10112,0,1131,0,10563,1580,9447,386,12143,10112,0.0,10112,95.7303796269999,1131,0.0,1131,0.8994040736458241,9061
E02000888,Tower Hamlets,1,5,45.33566286444562,23.273108407310705,62.0,413.0,0.0630722278738555,0.4201424211597152,0.3570701932858596,-22.06255445713491,616.0,0.0,856,992,1848,616.0,0.0,616.0,71.96261682242991,662.0,0.0,970.0,1188.0,2158.0,662.0,0.0,662.0,68.24742268041237,718.0,0.0,718.0,0.0,718.0,72.37903225806451,832.0,0.0,832.0,0.0,832.0,70.03367003367003,-539.0,206.0,745.0,46.0,46.0,0.0,-3.7151941420175376,114.0,114.0,0.0,-2.345362224394478,0.4617691154422789,0.7218614718614719,0.4431057563587684,0.6923076923076923,concordant,concordant,-0.0186633590835104,-0.0295537795537795,1,1238,0,883,0,1505,1196,649,204,2701,1238,0.0,1238,82.25913621262458,883,0.0,883,0.5836869401225837,445,8108,0,1296,0,8421,1663,7451,475,10084,8108,0.0,8108,96.28310176938606,1296,0.0,1296,0.8621863037005529,6976
E02000889,Tower Hamlets,3,5,36.12845504232164,21.140198983481575,201.0,487.0,0.2044760935910478,0.4954221770091556,0.2909460834181078,-14.988256058840063,296.0,417.0,743,958,1701,713.0,72.56437389770723,-121.0,39.83849259757739,533.0,437.0,1323.0,1102.0,2425.0,970.0,96.04989690721648,96.0,40.28722600151172,465.0,359.0,824.0,98.13932980599648,106.0,48.53862212943633,570.0,684.0,1254.0,160.77525773195876,-114.0,51.72413793103448,-154.0,399.0,553.0,217.0,257.0,23.48552300950925,0.4487334039343267,-220.0,430.0,62.63592792596228,3.18551580159815,0.4638906961613533,0.903586125808348,0.4361510791366906,0.9171134020618557,divergent,divergent,-0.0277396170246626,0.0135272762535075,2,839,289,676,230,1270,1157,527,199,2427,1128,99.905644829007,550,66.06299212598425,906,64.06262875978574,446,0.5545722713864307,328,7938,309,1023,490,8711,1548,7388,446,10259,8247,239.09172433960424,7629,91.12616232349903,1513,48.86148747441271,533,0.8449795081967213,6942
E02000890,Tower Hamlets,8,9,15.075376077653148,9.304658349641226,750.0,882.0,0.762970498474059,0.8972533062054934,0.1342828077314344,-5.770717728011922,75.0,563.0,624,701,1325,638.0,31.867924528301888,-488.0,12.01923076923077,64.0,531.0,720.0,660.0,1380.0,595.0,24.62608695652174,-467.0,8.88888888888889,95.0,517.0,612.0,37.06792452830189,-422.0,13.55206847360913,84.0,614.0,698.0,37.37391304347826,-530.0,12.727272727272728,-567.0,25.0,592.0,21.0,-43.0,-7.241837571780149,-3.1303418803418808,-108.0,86.0,0.3059885151763737,-0.8247957463364024,0.5104,0.9433962264150944,0.4601701469450889,0.9369565217391304,concordant,concordant,-0.050229853054911,-0.0064397046759638,6,78,560,105,511,1248,936,624,235,2184,638,20.0,-482,6.25,616,24.567307692307693,-406,0.5087719298245614,389,76,521,94,606,5636,1076,4916,416,6712,597,5.899284862932062,-445,1.34847409510291,700,8.48688915375447,-512,0.4602929838087895,4500
E02000891,Tower Hamlets,2,6,42.21155901745781,19.25768640502355,107.0,568.0,0.108850457782299,0.5778229908443541,0.468972533062055,-22.95387261243426,963.0,338.0,1718,1571,3289,1301.0,98.96442687747036,625.0,56.05355064027939,0.0,0.0,0.0,0.0,0.0,0.0,0.0,0.0,0.0,981.0,483.0,1464.0,144.06293706293707,498.0,62.44430299172502,0.0,0.0,0.0,0.0,0.0,0.0,0.0,0.0,0.0,-625.0,-1301.0,-98.96442687747036,-56.05355064027939,-498.0,-1464.0,-144.06293706293707,-62.44430299172502,0.4705244122965642,0.8406810580723624,0.5,0.0,concordant,zero,0.0294755877034357,-0.8406810580723624,1,2678,0,1572,0,3169,1919,1451,348,5088,2678,0.0,2678,84.50615336068161,1572,0.0,1572,0.6301176470588236,1103,0,0,0,0,0,0,0,0,0,0,0.0,0,0.0,0,0.0,0,0.5,0
E02000893,Tower Hamlets,4,6,29.071222641898867,20.85948215733982,383.0,499.0,0.3896236012207528,0.5076297049847406,0.1180061037639877,-8.211740484559048,204.0,396.0,669,798,1467,600.0,55.06748466257669,-192.0,30.493273542600896,253.0,327.0,710.0,780.0,1490.0,580.0,55.5241610738255,-74.0,35.63380281690141,326.0,418.0,744.0,92.88888888888889,-92.0,40.852130325814535,361.0,399.0,760.0,96.67046979865772,-38.0,46.282051282051285,-232.0,173.0,405.0,118.0,-20.0,0.4566764112488144,5.140529274300512,54.0,16.0,3.7815809097688344,5.429920956236749,0.4464285714285714,0.916155419222904,0.4328358208955223,0.8993288590604027,concordant,concordant,-0.013592750533049,-0.0168265601625011,3,676,392,493,407,1149,981,480,183,2130,1068,124.4093896713615,284,58.833768494342905,900,94.20234741784037,86,0.5426829268292683,297,6768,317,805,395,7246,1237,6536,457,8483,7085,252.91241306141694,6451,93.4032569693624,1200,37.483791111635036,410,0.8551599275799638,6079
E02000894,Tower Hamlets,6,8,22.006301032696836,13.132534530020337,564.0,755.0,0.5737538148524923,0.768056968463886,0.1943031536113937,-8.8737665026765,235.0,955.0,1194,1422,2616,1190.0,85.78937308868501,-720.0,19.68174204355109,189.0,840.0,1377.0,1254.0,2631.0,1029.0,60.34207525655644,-651.0,13.725490196078432,372.0,883.0,1255.0,125.56422018348624,-511.0,26.160337552742615,309.0,1113.0,1422.0,130.71721778791334,-804.0,24.641148325358852,-915.0,62.0,977.0,69.0,-161.0,-25.44729783212857,-5.956251847472657,-293.0,167.0,5.1529976044270995,-1.5191892273837624,0.4867075664621677,0.9346330275229358,0.419828641370869,0.9315849486887116,concordant,concordant,-0.0668789250912986,-0.0030480788342241,4,1417,907,745,847,2367,1788,1173,366,4155,2324,309.31865222623344,510,59.86480777355302,1592,151.8688327316486,-102,0.5934627170582226,807,9328,807,1007,1081,10501,1940,9124,686,12441,10135,605.0716180371353,8521,88.82963527283117,2088,87.49835222249015,-74,0.8291745070768224,8438
E02000895,Waltham Forest,4,5,28.561883225968167,23.47487130159503,393.0,405.0,0.3997965412004069,0.4120040691759918,0.0122075279755849,-5.087011924373137,104.0,121.0,373,251,624,225.0,20.166666666666668,-17.0,27.882037533512065,127.0,137.0,406.0,301.0,707.0,264.0,24.60961810466761,-10.0,31.2807881773399,91.0,207.0,298.0,30.1875,-116.0,36.254980079681275,127.0,243.0,370.0,43.65063649222065,-116.0,42.19269102990033,-30.0,126.0,156.0,7.0,39.0,4.442951438000943,3.398750643827835,0.0,72.0,13.463136492220649,5.937710950219056,0.4302103250478011,0.8381410256410257,0.416403785488959,0.8967468175388967,concordant,concordant,-0.0138065395588421,0.058605791897871,3,195,104,289,183,474,450,101,199,924,299,21.948051948051948,91,41.139240506329116,472,57.23701298701299,106,0.38780804150453957,-98,7975,135,402,234,8258,578,7852,277,8836,8110,121.84529198732459,7840,96.57302010171954,636,10.645993662290628,168,0.9272810427624056,7575
E02000896,Waltham Forest,7,8,20.899416572498296,14.95624986378991,595.0,706.0,0.6052899287894201,0.7182095625635809,0.1129196337741608,-5.943166708708386,67.0,589.0,543,721,1264,656.0,31.220727848101262,-522.0,12.338858195211786,68.0,258.0,517.0,329.0,846.0,326.0,20.73758865248227,-190.0,13.152804642166345,98.0,451.0,549.0,34.96677215189873,-353.0,13.592233009708735,50.0,427.0,477.0,25.236406619385345,-377.0,15.19756838905775,-213.0,55.0,268.0,332.0,-330.0,-10.483139195618993,0.8139464469545583,-24.0,-72.0,-9.730365532513384,1.6053353793490146,0.5443983402489626,0.9533227848101266,0.4059775840597758,0.9491725768321512,concordant,concordant,-0.1384207561891867,-0.0041502079779752,5,304,589,409,451,780,1029,237,308,1809,893,98.98065229408513,-285,38.97435897435898,860,101.96738529574351,-42,0.5094124358243012,-71,8668,258,485,424,9117,763,8600,434,9880,8926,226.3506072874494,8410,95.07513436437425,909,20.813765182186234,61,0.9075749872902897,8166
E02000897,Waltham Forest,3,3,36.26351255540423,28.00218843305513,199.0,263.0,0.2024415055951169,0.2675483214649033,0.0651068158697864,-8.261324122349102,219.0,59.0,448,331,779,278.0,16.586649550706035,160.0,48.88392857142857,209.0,65.0,385.0,306.0,691.0,274.0,19.659913169319825,144.0,54.285714285714285,202.0,152.0,354.0,39.41463414634146,50.0,61.027190332326285,177.0,110.0,287.0,28.17655571635311,67.0,57.84313725490197,212.0,264.0,52.0,-16.0,-4.0,3.0732636186137903,5.401785714285715,17.0,-67.0,-11.238078429988352,-3.1840530774243163,0.439873417721519,0.8112965340179717,0.4884135472370766,0.8118668596237337,concordant,concordant,0.0485401295155576,0.0005703256057619,2,327,37,387,104,552,510,104,179,1062,364,11.392655367231638,290,59.2391304347826,491,37.898305084745765,283,0.4257309941520468,-75,8258,36,528,69,8427,646,8042,340,9073,8294,32.766229472059955,8222,97.99454135516791,597,4.015430397883831,459,0.9328534473062647,7702
E02000898,Waltham Forest,4,4,31.30768491096774,24.39077144286071,331.0,377.0,0.3367243133265514,0.3835198372329603,0.0467955239064089,-6.916913468107026,138.0,137.0,476,318,794,275.0,23.811083123425693,1.0,28.991596638655466,169.0,132.0,465.0,289.0,754.0,301.0,29.58620689655172,37.0,36.344086021505376,144.0,291.0,435.0,52.77581863979849,-147.0,45.28301886792453,129.0,244.0,373.0,41.745358090185675,-115.0,44.636678200692046,124.0,224.0,100.0,36.0,26.0,5.775123773126026,7.35248938284991,32.0,-62.0,-11.030460549612812,-0.6463406672324865,0.3873239436619718,0.8942065491183879,0.4465875370919881,0.8938992042440318,divergent,divergent,0.0592635934300163,-0.0003073448743561,3,230,129,344,269,574,531,98,213,1105,359,26.850678733031675,101,40.069686411149824,613,83.74298642533937,75,0.36934156378600824,-115,7613,119,356,223,7917,519,7452,230,8436,7732,107.39058795637743,7494,96.16016167740305,579,9.410621147463253,133,0.9303332932258452,7222
E02000899,Waltham Forest,5,6,24.08757532449495,20.38614203069658,486.0,524.0,0.4944048830111902,0.5330620549338759,0.0386571719226856,-3.7014332937983703,66.0,319.0,456,446,902,385.0,23.341463414634145,-253.0,14.473684210526317,79.0,236.0,457.0,357.0,814.0,315.0,22.904176904176904,-157.0,17.286652078774615,114.0,377.0,491.0,47.647450110864746,-263.0,25.56053811659193,110.0,365.0,475.0,49.32432432432432,-255.0,30.81232492997199,-167.0,59.0,226.0,96.0,-70.0,-0.4372865104572412,2.8129678682482986,8.0,-16.0,1.6768742134595769,5.251786813380061,0.4394977168949772,0.9711751662971176,0.3987341772151899,0.9705159705159704,concordant,concordant,-0.0407635396797873,-0.000659195781147,4,162,321,271,390,571,623,115,177,1194,483,43.552763819095475,-159,28.371278458844134,661,88.51758793969849,-119,0.4222027972027972,-62,8285,244,372,373,8689,636,8232,279,9325,8529,216.78713136729223,8041,95.35044308896306,745,14.88,-1,0.9196678887211559,7953
E02000900,Waltham Forest,3,3,34.505602328140455,27.38653810835629,243.0,289.0,0.2472024415055951,0.293997965412004,0.0467955239064089,-7.119064219784164,200.0,109.0,512,464,976,309.0,22.33606557377049,91.0,39.0625,150.0,119.0,434.0,430.0,864.0,269.0,20.65972222222222,31.0,34.56221198156682,236.0,199.0,435.0,48.118852459016395,37.0,50.86206896551724,212.0,139.0,351.0,34.10648148148148,73.0,49.30232558139535,157.0,259.0,102.0,-60.0,-40.0,-1.6763433515482689,-4.5002880184331815,36.0,-84.0,-14.012370977534914,-1.5597433841218873,0.4153225806451613,0.7622950819672131,0.4338709677419355,0.7175925925925926,concordant,concordant,0.0185483870967742,-0.0447024893746205,2,367,59,477,117,653,681,141,217,1334,426,16.231634182908547,308,56.202143950995406,594,41.835832083958024,360,0.4176470588235294,-76,8576,81,472,97,8824,653,8390,223,9477,8657,73.2991452991453,8495,97.1894832275612,569,4.8310646829165345,375,0.9383264686754823,8167
E02000901,Waltham Forest,6,8,22.23822877280973,15.1819799393287,554.0,697.0,0.5635808748728383,0.7090539165818922,0.1454730417090539,-7.05624883348103,73.0,273.0,525,389,914,346.0,21.804157549234137,-200.0,13.904761904761903,84.0,324.0,567.0,480.0,1047.0,408.0,25.994269340974213,-240.0,14.814814814814811,99.0,441.0,540.0,47.766958424507656,-342.0,25.449871465295633,130.0,467.0,597.0,57.9847182425979,-337.0,27.083333333333332,-340.0,28.0,368.0,-40.0,62.0,4.190111791740076,0.910052910052908,5.0,57.0,10.217759818090244,1.633461868037699,0.3905191873589165,0.9693654266958424,0.4059701492537313,0.9598853868194842,concordant,concordant,0.0154509618948148,-0.0094800398763582,4,242,249,377,431,693,666,168,277,1359,491,44.33995584988963,-7,34.92063492063492,808,119.56364974245768,-54,0.37798306389530406,-109,9814,299,523,444,10295,872,9728,392,11167,10113,262.7729918509895,9515,95.32782904322487,967,20.79448374675383,79,0.912725631768953,9336
E02000902,Waltham Forest,3,4,32.778068201919574,24.629003657978966,290.0,366.0,0.2950152594099695,0.3723296032553408,0.0773143438453713,-8.149064543940607,227.0,156.0,628,530,1158,383.0,30.580310880829018,71.0,36.146496815286625,206.0,157.0,564.0,600.0,1164.0,363.0,27.785223367697593,49.0,36.52482269503546,204.0,241.0,445.0,42.4559585492228,-37.0,38.49056603773585,279.0,180.0,459.0,43.144329896907216,99.0,46.5,-20.0,214.0,234.0,-22.0,-20.0,-2.795087513131424,0.3783258797488358,136.0,14.0,0.6883713476844164,8.009433962264147,0.4625603864734299,0.7150259067357513,0.4416058394160584,0.7061855670103093,divergent,concordant,-0.0209545470573715,-0.0088403397254419,3,261,326,331,401,765,740,137,210,1505,587,56.53554817275747,-65,34.11764705882353,732,88.19335548172758,-70,0.4450341167551175,-73,9328,316,490,358,9773,901,9209,301,10674,9644,276.15214540003745,9012,95.44663869845492,848,16.434326400599588,132,0.9191765154403355,8908
E02000903,Waltham Forest,1,1,45.573991771536,35.59168159150043,56.0,71.0,0.056968463886063,0.0722278738555442,0.0152594099694811,-9.982310180035569,600.0,0.0,715,711,1426,600.0,0.0,600.0,83.91608391608392,516.0,0.0,620.0,552.0,1172.0,516.0,0.0,516.0,83.22580645161291,592.0,0.0,592.0,0.0,592.0,83.26300984528832,466.0,0.0,466.0,0.0,466.0,84.42028985507247,542.0,542.0,0.0,-84.0,-84.0,0.0,-0.6902774644710092,-126.0,-126.0,0.0,1.1572800097841451,0.5033557046979866,0.8359046283309958,0.5254582484725051,0.8378839590443686,concordant,concordant,0.0221025437745184,0.0019793307133728,1,771,0,746,0,906,871,191,160,1777,771,0.0,771,85.09933774834437,746,0.0,746,0.5082399472643375,31,9999,0,783,0,10113,911,9493,359,11024,9999,0.0,9999,98.87273805992287,783,0.0,783,0.9273789649415692,9134
E02000904,Waltham Forest,4,6,30.88875901798736,20.252925153516394,343.0,530.0,0.3489318413021363,0.5391658189216684,0.190233977619532,-10.635833864470964,116.0,585.0,661,793,1454,701.0,46.671251719394775,-469.0,17.549167927382754,105.0,343.0,605.0,597.0,1202.0,448.0,29.962562396006657,-238.0,17.355371900826448,147.0,499.0,646.0,50.44910591471802,-352.0,18.53720050441362,189.0,458.0,647.0,72.01497504159734,-269.0,31.65829145728643,-339.0,66.0,405.0,231.0,-253.0,-16.708689323388118,-0.1937960265563063,83.0,1.0,21.56586912687932,13.121090952872812,0.520415738678545,0.9264099037138928,0.4091324200913242,0.910981697171381,concordant,concordant,-0.1112833185872207,-0.0154282065425117,3,315,566,317,491,868,970,207,177,1838,881,97.00217627856365,-251,36.29032258064516,808,84.68280739934711,-174,0.5216104203670812,30,7751,322,524,445,8270,941,7665,344,9211,8073,270.96102486157855,7429,93.72430471584039,969,25.315383780262728,79,0.8928334439283344,7321
E02000905,Waltham Forest,3,5,35.11775438523308,21.851602007353673,225.0,462.0,0.2288911495422177,0.4699898270600203,0.2410986775178026,-13.266152377879404,284.0,347.0,1093,880,1973,631.0,49.94830207805373,-63.0,25.983531564501373,225.0,272.0,771.0,775.0,1546.0,497.0,39.58602846054334,-47.0,29.18287937743191,286.0,482.0,768.0,69.86923466801825,-196.0,32.5,306.0,344.0,650.0,68.08796895213455,-38.0,39.483870967741936,-305.0,149.0,454.0,16.0,-134.0,-10.36227361751039,3.1993478129305366,158.0,-118.0,-1.7812657158837055,6.983870967741936,0.451036454610436,0.7090724784591992,0.4333042720139494,0.7419146183699871,concordant,concordant,-0.0177321825964865,0.0328421399107878,2,552,218,520,294,1348,1098,255,218,2446,770,49.19705641864268,334,40.94955489614243,814,62.50204415372036,226,0.4861111111111111,37,9705,145,743,250,10239,1195,9468,420,11434,9850,123.07372747944726,9560,94.78464693817756,993,16.245408430995276,493,0.9084201789172738,9048
E02000906,Waltham Forest,3,4,35.82551629649654,24.495634768907564,204.0,373.0,0.207527975584944,0.3794506612410986,0.1719226856561546,-11.329881527588974,201.0,311.0,854,890,1744,512.0,35.84346330275229,-110.0,23.536299765807964,246.0,312.0,826.0,801.0,1627.0,558.0,47.1739397664413,-66.0,29.782082324455207,346.0,358.0,704.0,71.02522935779817,-12.0,38.87640449438202,234.0,398.0,632.0,57.241548862937925,-164.0,29.213483146067414,-55.0,286.0,341.0,44.0,46.0,11.33047646368901,6.245782558647242,-152.0,-72.0,-13.783680494860242,-9.662921348314608,0.4210526315789473,0.6972477064220184,0.4689075630252101,0.7314074984634297,concordant,concordant,0.0478549314462627,0.0341597920414112,2,546,198,549,230,1156,1080,302,190,2236,744,48.348837209302324,348,47.2318339100346,779,56.471377459749554,319,0.4885095206828628,112,8881,224,639,233,9457,1178,8631,377,10635,9105,187.0563234602727,8657,93.90927355398118,872,13.99971791255289,406,0.9125989776485918,8254
E02000907,Waltham Forest,1,1,50.69634291058212,36.8695726137296,18.0,51.0,0.0183112919633774,0.051881993896236,0.0335707019328585,-13.826770296852516,750.0,0.0,905,892,1797,750.0,0.0,750.0,82.87292817679558,712.0,0.0,894.0,836.0,1730.0,712.0,0.0,712.0,79.64205816554811,734.0,0.0,734.0,0.0,734.0,82.28699551569507,722.0,0.0,722.0,0.0,722.0,86.36363636363636,756.0,756.0,0.0,-38.0,-38.0,0.0,-3.2308700112474753,-12.0,-12.0,0.0,4.076640847941292,0.5053908355795148,0.8258208124652198,0.496513249651325,0.8289017341040462,concordant,concordant,-0.0088775859281898,0.0030809216388264,1,1013,0,943,0,1186,1120,281,228,2306,1013,0.0,1013,85.41315345699832,943,0.0,943,0.5178936605316974,53,10141,0,1042,0,10343,1172,9449,336,11515,10141,0.0,10141,98.04698830126655,1042,0.0,1042,0.9068228561208977,9113
E02000908,Waltham Forest,3,5,34.70858717097756,22.126199966049903,238.0,453.0,0.242115971515768,0.4608341810783316,0.2187182095625635,-12.582387204927652,346.0,383.0,1415,995,2410,729.0,54.986721991701245,-37.0,24.452296819787986,484.0,451.0,1481.0,1059.0,2540.0,935.0,85.93858267716536,33.0,32.68062120189062,314.0,684.0,998.0,89.11867219917012,-370.0,31.55778894472362,360.0,676.0,1036.0,95.81102362204724,-316.0,33.994334277620396,-363.0,322.0,685.0,70.0,206.0,30.951860685464112,8.228324382102631,54.0,38.0,6.692351422877124,2.4365453328967774,0.4221192819918934,0.716597510373444,0.4743784880771182,0.775984251968504,concordant,divergent,0.0522592060852247,0.0593867415950599,2,754,221,562,472,1812,1210,397,215,3022,975,55.14030443414957,533,41.61147902869757,1034,87.77763070814031,90,0.48531607765057244,182,11627,290,975,408,12596,1655,11115,596,14251,11917,236.60304540032277,11337,92.30708161321054,1383,27.91383060837836,567,0.8960150375939849,10519
E02000909,Waltham Forest,4,6,31.657979431712967,20.60535833148436,320.0,513.0,0.3255340793489318,0.5218718209562564,0.1963377416073245,-11.052621100228606,134.0,518.0,856,787,1643,652.0,42.24710894704808,-384.0,15.654205607476634,184.0,501.0,815.0,745.0,1560.0,685.0,59.09230769230769,-317.0,22.57668711656442,205.0,640.0,845.0,79.85392574558735,-435.0,26.04828462515883,190.0,543.0,733.0,66.13461538461539,-353.0,25.503355704697988,-462.0,113.0,575.0,67.0,33.0,16.84519874525961,6.922481509087785,82.0,-112.0,-13.71931036097196,-0.5449289204608405,0.4355377421509686,0.9111381618989652,0.4830747531734838,0.908974358974359,concordant,concordant,0.0475370110225152,-0.0021638029246063,3,369,489,427,624,1099,1018,243,231,2117,858,85.23429381199811,-120,33.57597816196542,1051,125.86112423240435,-197,0.44944997380827656,12,8401,492,550,541,9053,1118,8238,373,10171,8893,406.3801002851244,7909,92.79796752457749,1091,29.254743879657852,9,0.8907251602564102,7865
E02000910,Waltham Forest,3,4,35.02535667975322,24.58240698543145,226.0,369.0,0.2299084435401831,0.375381485249237,0.1454730417090539,-10.442949694321772,304.0,610.0,1163,1355,2518,914.0,73.64575059571088,-306.0,26.139294926913152,342.0,441.0,1173.0,1196.0,2369.0,783.0,63.66483748417053,-99.0,29.15601023017903,404.0,514.0,918.0,82.46862589356633,-110.0,29.81549815498155,458.0,578.0,1036.0,111.74504010130858,-120.0,38.29431438127091,-48.0,390.0,438.0,207.0,-131.0,-9.980913111540346,3.0167153032658796,-10.0,118.0,29.27641420774225,8.478816226289357,0.4989082969432314,0.727561556791104,0.4304562946673996,0.7678345293372731,concordant,concordant,-0.0684520022758318,0.0402729725461691,2,811,423,648,306,1648,1593,485,238,3241,1234,105.8478864547979,388,49.211165048543684,954,61.18111693921629,342,0.5639853747714808,247,10339,290,1015,395,11151,1727,9978,531,12878,10629,232.82419630377387,10049,92.71814187068425,1410,31.132551638453176,620,0.8828806379267381,9447
E02000911,Waltham Forest,1,3,43.51954715691685,29.245122545168893,82.0,223.0,0.0834181078331637,0.2268565615462869,0.1434384537131231,-14.274424611747955,890.0,0.0,1057,1219,2276,890.0,0.0,890.0,84.20056764427626,892.0,0.0,1102.0,1229.0,2331.0,892.0,0.0,892.0,80.94373865698729,1033.0,0.0,1033.0,0.0,1033.0,84.74159146841673,1010.0,0.0,1010.0,0.0,1010.0,82.1806346623271,368.0,632.0,264.0,2.0,2.0,0.0,-3.2568289872889693,-23.0,-23.0,0.0,-2.560956806089635,0.4628185127405096,0.8449033391915641,0.4689800210304942,0.8159588159588159,concordant,concordant,0.0061615082899846,-0.0289445232327482,1,1292,0,1269,0,1486,1488,429,269,2974,1292,0.0,1292,86.94481830417227,1269,0.0,1269,0.5044904334244436,160,12453,0,1454,0,12677,1698,11575,469,14375,12453,0.0,12453,98.23302043070127,1454,0.0,1454,0.8954483353706766,11106
E02000912,Waltham Forest,2,3,37.68100560402684,28.8334393620556,173.0,238.0,0.1759918616480162,0.242115971515768,0.0661241098677517,-8.847566241971244,386.0,237.0,760,949,1709,623.0,53.52954944411937,149.0,50.78947368421053,358.0,179.0,682.0,699.0,1381.0,537.0,46.40260680666184,179.0,52.49266862170088,567.0,235.0,802.0,77.96664716208309,332.0,59.74710221285564,403.0,197.0,600.0,57.488052136133234,206.0,57.65379113018598,188.0,369.0,181.0,30.0,-86.0,-7.126942637457532,1.703194937490352,-126.0,-202.0,-20.478595025949858,-2.0933110826696577,0.4371929824561403,0.8338209479227618,0.4722955145118733,0.8233164373642288,concordant,concordant,0.0351025320557329,-0.010504510558533,2,539,257,514,251,1138,1140,378,191,2278,796,60.80904302019315,282,47.36379613356767,765,56.63476733977173,263,0.509929532351057,187,9018,186,539,219,9525,1036,8843,337,10561,9204,158.82473250639143,8832,94.67716535433071,758,11.17706656566613,320,0.9239108612728367,8506
E02000913,Waltham Forest,3,4,33.432526131403634,24.06185982017116,275.0,383.0,0.2797558494404883,0.3896236012207528,0.1098677517802644,-9.370666311232473,170.0,354.0,710,1005,1715,524.0,35.09037900874635,-184.0,23.943661971830984,154.0,234.0,629.0,707.0,1336.0,388.0,26.973053892215567,-80.0,24.483306836248012,388.0,363.0,751.0,82.12478134110788,25.0,38.60696517412936,294.0,283.0,577.0,62.27694610778443,11.0,41.584158415841586,-24.0,255.0,279.0,104.0,-136.0,-8.117325116530786,0.5396448644170277,-14.0,-174.0,-19.847835233323444,2.9771932417122287,0.4109803921568628,0.7434402332361516,0.4020725388601036,0.7223053892215568,divergent,divergent,-0.0089078532967591,-0.0211348440145947,2,504,211,584,191,1040,1186,330,181,2226,715,47.77358490566038,293,48.46153846153846,775,50.109613656783466,393,0.4798657718120805,149,8988,147,612,150,9463,1015,8834,308,10478,9135,126.0962015651842,8841,94.98045017436331,762,8.761213972132087,462,0.9230069718096393,8526
E02000914,Waltham Forest,1,1,46.43499306718475,35.18019383378016,49.0,77.0,0.0498474059003051,0.0783316378433367,0.0284842319430315,-11.254799233404595,801.0,0.0,983,1083,2066,801.0,0.0,801.0,81.4852492370295,798.0,0.0,977.0,1031.0,2008.0,798.0,0.0,798.0,81.67860798362334,917.0,0.0,917.0,0.0,917.0,84.67220683287165,863.0,0.0,863.0,0.0,863.0,83.70514064015518,850.0,850.0,0.0,-3.0,-3.0,0.0,0.1933587465938302,-54.0,-54.0,0.0,-0.967066192716473,0.4662398137369034,0.8315585672797676,0.4804334738109572,0.827191235059761,concordant,concordant,0.0141936600740538,-0.0043673322200066,1,1083,0,1055,0,1300,1259,317,176,2559,1083,0.0,1083,83.3076923076923,1055,0.0,1055,0.5065481758652947,141,11385,0,1202,0,11583,1396,10606,365,12979,11385,0.0,11385,98.29059829059828,1202,0.0,1202,0.9045046476523397,10241
E02000915,Waltham Forest,3,5,34.81008706351961,21.75980552486188,233.0,463.0,0.237029501525941,0.4710071210579857,0.2339776195320447,-13.050281538657732,295.0,305.0,987,899,1886,600.0,47.7067868504772,-10.0,29.88855116514691,266.0,341.0,754.0,895.0,1649.0,607.0,55.006670709520925,-75.0,35.278514588859416,297.0,407.0,704.0,64.09278897136798,-110.0,33.03670745272525,339.0,325.0,664.0,66.81322013341419,14.0,37.87709497206704,-303.0,212.0,515.0,-65.0,7.0,7.2998838590437245,5.389963423712505,124.0,-40.0,2.7204311620462107,4.840387519341789,0.4601226993865031,0.6914103923647932,0.4775767112509835,0.7707701637355974,concordant,divergent,0.0174540118644804,0.0793597713708041,2,800,159,562,194,1466,1152,479,253,2618,959,48.58670741023682,641,54.570259208731244,756,41.64553093964859,368,0.5591836734693878,226,7421,167,776,149,7907,1328,7153,433,9235,7588,134.19675148890093,7254,93.8535474895662,925,12.520194910665944,627,0.8913426524139552,6720
E02000916,Waltham Forest,2,4,36.848904779124936,27.134618754563473,186.0,297.0,0.1892166836215666,0.3021363173957274,0.1129196337741607,-9.714286024561464,449.0,224.0,950,1011,1961,673.0,51.288118306986235,225.0,47.26315789473684,541.0,234.0,1055.0,959.0,2014.0,775.0,62.85700099304866,307.0,51.279620853080566,609.0,309.0,918.0,95.96175420703725,300.0,60.23738872403561,541.0,272.0,813.0,73.06454816285998,269.0,56.41293013555787,-196.0,280.0,476.0,82.0,102.0,11.568882686062423,4.016462958343723,-31.0,-105.0,-22.897206044177267,-3.8244585884777393,0.4230043997485858,0.8113207547169812,0.4880352644836272,0.788480635551142,concordant,concordant,0.0650308647350414,-0.0228401191658391,2,498,252,449,347,1257,1162,307,151,2419,750,51.879288962381146,246,39.618138424821005,796,64.40801984291029,102,0.4851228978007762,156,9537,270,683,313,10314,1336,9259,377,11650,9807,221.02918454935622,9267,92.46655031995347,996,18.350128755364807,370,0.9078033879477923,8882
E02000917,Waltham Forest,3,6,32.852819833169775,19.808602471368296,289.0,540.0,0.293997965412004,0.5493387589013224,0.2553407934893184,-13.04421736180148,245.0,426.0,1074,1093,2167,671.0,48.16335948315644,-181.0,22.81191806331471,210.0,443.0,968.0,1020.0,1988.0,653.0,46.79577464788732,-233.0,21.694214876033055,337.0,524.0,861.0,81.48961698200277,-187.0,30.83257090576395,320.0,516.0,836.0,83.05835010060362,-196.0,31.37254901960784,-713.0,92.0,805.0,-52.0,-18.0,-1.3675848352691204,-1.1177031872816556,-9.0,-25.0,1.5687331186008464,0.5399781138438868,0.4379895561357702,0.7069681587448085,0.4385493619879113,0.7489939637826962,concordant,concordant,0.0005598058521411,0.0420258050378877,2,589,272,550,259,1405,1294,331,201,2699,861,59.35828084475732,317,41.92170818505338,809,52.77880696554279,291,0.5155688622754491,130,8537,220,753,265,9283,1431,8315,411,10714,8757,175.29774127310063,8317,91.96380480448131,1018,18.624696658577562,488,0.8958567774936061,7904
E02000918,Waltham Forest,2,4,37.67962799693185,26.857884743991644,174.0,304.0,0.1770091556459817,0.3092573753814852,0.1322482197355035,-10.821743252940204,540.0,185.0,921,1117,2038,725.0,49.01864573110893,355.0,58.63192182410424,500.0,159.0,842.0,838.0,1680.0,659.0,47.32142857142857,341.0,59.38242280285036,782.0,172.0,954.0,65.99803729146221,610.0,70.00895255147717,528.0,149.0,677.0,46.82857142857143,379.0,63.0071599045346,-33.0,316.0,349.0,-14.0,-66.0,-1.6972171596803634,0.7505009787461177,-231.0,-277.0,-19.16946586289078,-7.001792646942562,0.4318046456223943,0.823846908734053,0.4932634730538922,0.7952380952380952,concordant,concordant,0.0614588274314979,-0.0286088134959577,2,746,217,688,232,1391,1374,470,257,2765,963,58.54683544303798,529,53.63048166786485,920,57.72730560578662,456,0.5114179500796601,213,8557,224,676,201,9128,1202,8286,364,10330,8781,185.55353339787027,8333,93.74452234881683,877,13.15353339787028,475,0.9091944501967281,7922
E02000919,Waltham Forest,3,5,33.17806229150851,21.244702415150545,281.0,482.0,0.2858596134282807,0.4903357070193286,0.2044760935910478,-11.933359876357963,197.0,471.0,1087,1116,2203,668.0,42.118474807081256,-274.0,18.12327506899724,235.0,437.0,956.0,1086.0,2042.0,672.0,50.29138099902057,-202.0,24.581589958158993,371.0,622.0,993.0,104.7489786654562,-251.0,33.24372759856631,422.0,481.0,903.0,99.40352595494612,-59.0,38.858195211786374,-471.0,205.0,676.0,72.0,4.0,8.172906191939312,6.458314889161752,192.0,-90.0,-5.345452710510088,5.614467613220064,0.4021673690547863,0.7539718565592374,0.4266666666666667,0.7713026444662096,concordant,concordant,0.0244992976118804,0.0173307879069721,2,756,248,600,326,1641,1337,554,221,2978,1004,62.957689724647416,508,46.06946983546618,926,65.68166554734721,274,0.5202072538860104,333,8258,223,853,245,8970,1508,8014,422,10478,8481,175.75243367054782,8035,92.06243032329989,1098,19.9451231150983,608,0.8853742561854056,7592
E02000920,Waltham Forest,2,3,37.97561678130605,27.823772880015813,168.0,269.0,0.1709053916581892,0.2736520854526958,0.1027466937945066,-10.151843901290231,549.0,208.0,1038,1188,2226,757.0,51.299191374663074,341.0,52.89017341040463,487.0,183.0,904.0,1019.0,1923.0,670.0,46.344773790951635,304.0,53.87168141592921,733.0,255.0,988.0,83.96900269541779,478.0,61.7003367003367,636.0,212.0,848.0,70.11544461778472,424.0,62.414131501472035,238.0,513.0,275.0,-37.0,-87.0,-4.9544175837114395,0.9815080055245816,-54.0,-140.0,-13.853558077633068,0.7137948011353359,0.433810888252149,0.7839173405211141,0.4413702239789196,0.7893915756630265,concordant,concordant,0.0075593357267706,0.0054742351419124,2,662,284,547,320,1475,1382,437,194,2857,946,65.80609030451522,378,44.881355932203384,867,61.26706335316766,227,0.5217870932156646,243,9409,236,710,259,10100,1392,9196,373,11492,9645,193.22345979812044,9173,93.15841584158416,969,16.00156630699617,451,0.9087054833239118,8823
E02000921,Waltham Forest,2,2,42.69199645395873,30.60685002209457,100.0,186.0,0.1017293997965412,0.1892166836215666,0.0874872838250254,-12.085146431864164,519.0,229.0,1005,1211,2216,748.0,53.63312274368231,290.0,51.64179104477612,520.0,190.0,987.0,1036.0,2023.0,710.0,48.838358872960946,330.0,52.68490374873353,722.0,251.0,973.0,81.778880866426,471.0,59.62014863748968,656.0,263.0,919.0,85.28324270884825,393.0,63.32046332046332,547.0,672.0,125.0,40.0,-38.0,-4.794763870721361,1.0431127039574122,-78.0,-54.0,3.504361842422256,3.700314682973641,0.4346310284718187,0.7766245487364621,0.4358502148557397,0.805239742956006,concordant,concordant,0.0012191863839209,0.0286151942195438,1,1152,0,1205,0,1440,1452,435,241,2892,1152,0.0,1152,80.0,1205,0.0,1205,0.4887568943572338,194,10714,0,1231,0,10987,1434,10000,398,12421,10714,0.0,10714,97.51524528988806,1231,0.0,1231,0.8969443281707827,9602
E02000922,Waltham Forest,3,4,34.73163178466216,23.84354484097633,237.0,391.0,0.2410986775178026,0.3977619532044761,0.1566632756866734,-10.888086943685831,604.0,530.0,1462,1234,2696,1134.0,118.73887240356083,74.0,41.313269493844054,227.0,423.0,957.0,969.0,1926.0,650.0,49.85514018691589,-196.0,23.719958202716825,368.0,619.0,987.0,84.49258160237389,-251.0,29.821717990275527,320.0,508.0,828.0,84.40290758047767,-188.0,33.02373581011352,-186.0,280.0,466.0,-270.0,-484.0,-68.88373221664494,-17.59331129112723,63.0,-159.0,-0.0896740218962151,3.2020178198379945,0.5346534653465347,0.7867210682492581,0.4397834912043302,0.7673935617860852,divergent,concordant,-0.0948699741422045,-0.0193275064631729,2,1070,305,655,387,1906,1503,444,269,3409,1375,95.73188618363156,765,56.13850996852047,1042,74.3575828688765,268,0.5688870500620604,175,9554,267,770,236,10269,1399,9312,430,11668,9821,218.62512855673637,9287,93.03729671827831,1006,15.574220089132671,534,0.9070841414981066,8882
E02000923,Wandsworth,7,8,17.782273660690393,12.64306568690096,682.0,772.0,0.6937945066124109,0.785350966429298,0.091556459816887,-5.139207973789434,283.0,637.0,989,911,1900,920.0,94.87947368421052,-354.0,28.61476238624874,257.0,618.0,938.0,946.0,1884.0,875.0,84.30254777070064,-361.0,27.398720682302773,216.0,611.0,827.0,69.46105263157895,-395.0,23.71020856201976,254.0,614.0,868.0,82.7791932059448,-360.0,26.849894291754755,-432.0,186.0,618.0,-7.0,-45.0,-10.576925913509882,-1.2160417039459652,35.0,41.0,13.318140574365842,3.139685729734996,0.5266170578133944,0.9194736842105264,0.5020080321285141,0.9251592356687898,concordant,concordant,-0.0246090256848803,0.0056855514582634,6,203,691,138,701,1566,1179,577,268,2745,894,51.10127504553734,-488,12.962962962962962,839,35.24153005464481,-563,0.515868436237738,309,163,689,199,677,7371,1410,6433,464,8781,852,12.789773374330942,-526,2.2113688780355445,876,15.342557795239722,-478,0.4930555555555556,5969
E02000924,Wandsworth,3,4,33.24279213884635,26.941605625717568,279.0,302.0,0.2838250254323499,0.3072227873855544,0.0233977619532044,-6.30118651312878,916.0,200.0,1281,1277,2558,1116.0,71.61845191555904,716.0,71.50663544106168,0.0,0.0,0.0,0.0,0.0,0.0,0.0,0.0,0.0,953.0,224.0,1177.0,83.45269741985926,729.0,74.62803445575568,0.0,0.0,0.0,0.0,0.0,0.0,0.0,0.0,0.0,-716.0,-1116.0,-71.61845191555904,-71.50663544106168,-729.0,-1177.0,-83.45269741985926,-74.62803445575568,0.4866986480593109,0.8964034401876466,0.5,0.0,concordant,zero,0.013301351940689,-0.8964034401876466,2,1777,59,1183,92,2135,1503,854,226,3638,1836,28.818856514568445,1718,83.23185011709602,1275,29.916437603078613,1091,0.5901639344262295,628,0,0,0,0,0,0,0,0,0,0,0.0,0,0.0,0,0.0,0,0.5,0
E02000925,Wandsworth,2,4,36.600221875637104,26.599962948912495,192.0,310.0,0.1953204476093591,0.3153611393692777,0.1200406917599186,-10.000258926724609,665.0,15.0,732,743,1475,680.0,6.762711864406779,650.0,90.84699453551912,718.0,37.0,821.0,781.0,1602.0,755.0,16.583021223470663,681.0,87.4543239951279,681.0,17.0,698.0,7.848813559322034,664.0,91.65545087483176,681.0,44.0,725.0,18.704119850187265,637.0,87.19590268886044,433.0,597.0,164.0,31.0,75.0,9.820309359063884,-3.3926705403912223,-27.0,27.0,10.855306290865231,-4.459548185971315,0.4934687953555878,0.9342372881355931,0.5101351351351351,0.9238451935081148,concordant,concordant,0.0166663397795472,-0.0103920946274783,2,943,19,749,22,1116,917,384,174,2033,962,8.813084112149532,924,84.49820788530465,771,8.105263157894736,727,0.5551067512983267,210,7577,41,1044,44,7758,1220,6937,439,8978,7618,34.60202717754511,7536,97.66692446506832,1088,5.116507017153041,1000,0.8750287158281644,6498
E02000926,Wandsworth,6,7,23.846716848298335,15.821903371011304,498.0,671.0,0.5066124109867752,0.6826042726347915,0.1759918616480162,-8.024813477287031,431.0,466.0,1216,1142,2358,897.0,85.17642069550466,-35.0,35.444078947368425,587.0,581.0,1573.0,1375.0,2948.0,1168.0,115.68758480325644,6.0,37.31722822631914,504.0,564.0,1068.0,120.54961832061068,-60.0,44.13309982486865,548.0,718.0,1266.0,133.46811397557667,-170.0,39.85454545454545,-50.0,608.0,658.0,41.0,271.0,30.51116410775178,1.873149278950713,-110.0,198.0,12.918495654965994,-4.278554370323199,0.4564885496183206,0.8333333333333334,0.4798685291700904,0.8256445047489823,concordant,divergent,0.0233799795517697,-0.007688828584351,4,1323,410,879,507,2007,1446,791,304,3453,1733,157.0894874022589,913,65.91928251121077,1386,129.06255430060816,372,0.5556268034626483,487,10399,510,1439,648,11279,2169,9706,794,13448,10909,394.37016656751933,9889,92.19788988385496,2087,69.33908387864366,791,0.8394121268082487,8912
E02000927,Wandsworth,5,5,28.09808683799705,22.187760243632336,409.0,450.0,0.4160732451678535,0.4577822990844354,0.0417090539165819,-5.910326594364715,456.0,328.0,848,1001,1849,784.0,80.8912925905895,128.0,53.77358490566038,477.0,290.0,888.0,905.0,1793.0,767.0,77.15002788622421,187.0,53.71621621621622,532.0,282.0,814.0,81.13791238507301,250.0,53.14685314685315,501.0,268.0,769.0,74.8845510317903,233.0,55.35911602209945,262.0,530.0,268.0,59.0,-17.0,-3.741264704365293,-0.0573686894441607,-17.0,-45.0,-6.253361353282713,2.212262875246303,0.490613266583229,0.8642509464575446,0.4993489583333333,0.856664807585053,concordant,concordant,0.0087356917501043,-0.0075861388724915,3,978,253,793,202,1331,1194,483,193,2525,1231,97.99366336633663,725,73.4785875281743,995,63.44,591,0.5530098831985625,290,6636,209,1033,196,6999,1407,6111,502,8406,6845,164.99214846538186,6427,94.81354479211316,1229,24.08612895550797,837,0.8477830071835522,5609
E02000928,Wandsworth,9,9,11.83947643048002,9.812317584080064,838.0,868.0,0.8524923702950152,0.8830111902339777,0.0305188199389624,-2.0271588463999546,53.0,617.0,854,888,1742,670.0,18.772101033295066,-564.0,6.206088992974239,58.0,634.0,957.0,899.0,1856.0,692.0,19.8125,-576.0,6.0606060606060606,115.0,669.0,784.0,44.16475315729047,-554.0,12.950450450450452,113.0,742.0,855.0,45.175646551724135,-629.0,12.569521690767518,-390.0,115.0,505.0,-12.0,22.0,1.0403989667049345,-0.1454829323681785,-75.0,71.0,1.0108933944336655,-0.3809287596829342,0.4607977991746905,0.8346727898966705,0.4473173884938591,0.8335129310344828,concordant,concordant,-0.0134804106808313,-0.0011598588621877,8,42,1054,87,1276,1381,1231,527,343,2612,1096,16.947932618683,-1012,3.041274438812455,1363,42.50076569678407,-1189,0.4457096380642538,184,50,1330,91,7969,8106,1533,7149,634,9639,1380,6.899055918663762,-1280,0.616827041697508,8060,75.23384168482208,-7878,0.1461864406779661,6515
E02000929,Wandsworth,2,2,39.80228946269067,33.281182833310915,140.0,116.0,0.1424211597151576,0.1180061037639877,-0.0244150559511698,-6.521106629379759,649.0,29.0,706,793,1499,678.0,12.555703802535024,620.0,91.92634560906517,741.0,26.0,857.0,882.0,1739.0,767.0,11.078780908568143,715.0,86.46441073512253,709.0,11.0,720.0,5.202801867911941,698.0,89.40731399747793,796.0,39.0,835.0,17.85163887291547,757.0,90.24943310657596,708.0,742.0,34.0,95.0,89.0,-1.476922893966881,-5.4619348739426385,59.0,115.0,12.648837005003529,0.8421191090980358,0.4849785407725321,0.932621747831888,0.4787765293383271,0.9212190914318574,concordant,concordant,-0.006202011434205,-0.0114026564000304,2,915,33,696,11,1073,899,367,106,1972,948,15.311866125760648,882,85.27493010251631,707,3.8823529411764706,685,0.572809667673716,261,7779,28,1083,44,7961,1244,7104,362,9205,7807,23.662357414448667,7751,97.71385504333627,1127,5.176751765344921,1039,0.8738526975598836,6742
E02000930,Wandsworth,6,8,21.582233989251755,14.546327584582038,575.0,716.0,0.5849440488301119,0.728382502543235,0.1434384537131231,-7.035906404669717,621.0,706.0,1523,1709,3232,1327.0,135.6516089108911,-85.0,40.77478660538411,632.0,769.0,1699.0,1841.0,3540.0,1401.0,137.29039548022598,-137.0,37.19835197174809,691.0,613.0,1304.0,131.05909653465346,78.0,40.433001755412526,691.0,773.0,1464.0,150.88785310734465,-82.0,37.53394894079305,-651.0,440.0,1091.0,-52.0,74.0,1.6387865693348829,-3.576434633636019,-160.0,160.0,19.82875657269119,-2.8990528146194734,0.5043709616115546,0.8140470297029703,0.4890052356020942,0.809322033898305,divergent,concordant,-0.0153657260094603,-0.0047249958046652,5,1502,903,939,815,2496,2079,973,370,4575,2405,296.46032786885246,599,60.17628205128205,1754,167.27540983606556,124,0.578264005770618,603,8625,1018,1421,997,9803,2678,8104,837,12481,9643,703.4893037416873,7607,87.98327042742018,2418,113.51149747616377,424,0.7995191111848106,7267
E02000931,Wandsworth,9,10,12.612734629218789,7.606388871224165,818.0,932.0,0.832146490335707,0.948118006103764,0.1159715157680569,-5.006345757994622,40.0,1065.0,1073,1231,2304,1105.0,18.489583333333332,-1025.0,3.727865796831314,42.0,1099.0,1240.0,1285.0,2525.0,1141.0,18.28039603960396,-1057.0,3.387096774193549,51.0,923.0,974.0,20.430989583333332,-872.0,4.1429731925264015,42.0,1110.0,1152.0,18.463366336633666,-1068.0,3.268482490272374,-1101.0,0.0,1101.0,-32.0,36.0,-0.2091872937293715,-0.3407690226377649,-196.0,178.0,-1.9676232466996664,-0.8744907022540276,0.5315055315055315,0.90234375,0.497601395551679,0.908118811881188,concordant,concordant,-0.0339041359538524,0.0057750618811881,7,123,1331,153,1664,1892,1630,819,399,3522,1454,46.482964224872234,-1208,6.501057082452431,1817,72.28620102214651,-1511,0.44451238153469885,420,113,1627,159,8395,8607,1929,7367,644,10536,1740,17.449791192103266,-1514,1.3128848611595214,8554,126.68992027334852,-8236,0.16903050320575091,6723
E02000932,Wandsworth,8,9,13.99527605663073,11.198798954416215,777.0,819.0,0.7904374364191251,0.8331637843336724,0.0427263479145473,-2.7964771022145154,426.0,832.0,1664,1598,3262,1258.0,108.65481299816064,-406.0,25.600961538461537,477.0,952.0,2097.0,1749.0,3846.0,1429.0,118.07176287051482,-475.0,22.746781115879827,538.0,945.0,1483.0,155.85836909871244,-407.0,33.66708385481852,505.0,1306.0,1811.0,171.48465938637543,-801.0,28.87364208118925,-880.0,256.0,1136.0,-69.0,171.0,9.41694987235418,-2.8541804225817096,-394.0,328.0,15.626290287662982,-4.793441773629272,0.4589565851878876,0.8402820355610056,0.4410493827160494,0.8424336973478939,concordant,concordant,-0.0179072024718382,0.0021516617868883,7,295,1512,404,2090,2577,2100,913,502,4677,1807,95.3688261706222,-1217,11.447419480015522,2494,180.53453068206116,-1686,0.4201348523599163,411,355,2134,389,11893,12424,2683,10327,934,15107,2489,50.14695174422453,-1779,2.857372826786864,12282,306.2406169325478,-11504,0.16850585606932503,9393
E02000933,Wandsworth,9,9,12.473283454504044,10.54486037126715,824.0,843.0,0.8382502543234995,0.8575788402848423,0.0193285859613427,-1.9284230832368936,83.0,688.0,1017,1076,2093,771.0,27.283325370281897,-605.0,8.16125860373648,91.0,670.0,975.0,961.0,1936.0,761.0,31.492768595041323,-579.0,9.333333333333334,169.0,743.0,912.0,59.993788819875775,-574.0,15.706319702602231,119.0,724.0,843.0,44.50206611570248,-605.0,12.382934443288242,-461.0,142.0,603.0,26.0,-10.0,4.209443224759426,1.1720747295968543,-31.0,-69.0,-15.491722704173291,-3.323385259313989,0.4581105169340463,0.8041089345437171,0.4744389027431421,0.8285123966942148,concordant,concordant,0.0163283858090957,0.0244034621504977,7,234,974,345,1241,1612,1445,595,369,3057,1208,74.55544651619235,-740,14.516129032258066,1586,140.053974484789,-896,0.4323550465282749,226,231,1141,258,8395,8733,1503,7758,542,10236,1372,25.749413833528724,-910,2.6451391274476124,8653,211.59730363423213,-8137,0.136857855361596,7216
E02000934,Wandsworth,6,9,21.730415478308625,12.087714913625678,574.0,789.0,0.5839267548321465,0.8026449643947101,0.2187182095625636,-9.642700564682944,609.0,489.0,1325,1401,2726,1098.0,109.24468085106383,120.0,45.96226415094339,609.0,572.0,1498.0,1465.0,2963.0,1181.0,117.56598042524467,37.0,40.654205607476634,704.0,482.0,1186.0,124.47835656639764,222.0,50.24982155603141,682.0,586.0,1268.0,134.88086398920012,96.0,46.55290102389078,-810.0,217.0,1027.0,-83.0,83.0,8.321299574180841,-5.308058543466757,-126.0,82.0,10.402507422802486,-3.696920532140623,0.4807355516637478,0.8378576669112252,0.4822376480195998,0.8265271684103949,concordant,concordant,0.001502096355852,-0.0113304985008303,5,1343,622,970,613,2127,1766,802,365,3893,1965,214.5764192139738,721,63.14057357780912,1583,152.73824813768303,357,0.5538331454340474,437,7741,725,1285,755,8734,2155,7236,690,10889,8466,515.4031591514372,7016,88.63063888252806,2040,89.09679493066398,530,0.8058252427184466,6546
E02000935,Wandsworth,3,3,33.87002287445255,28.712944420813837,262.0,243.0,0.2665310274669379,0.2472024415055951,-0.0193285859613428,-5.157078453638714,537.0,82.0,801,1016,1817,619.0,24.234452394056134,455.0,67.04119850187266,465.0,56.0,679.0,700.0,1379.0,521.0,18.883248730964468,409.0,68.48306332842415,620.0,101.0,721.0,34.46340121078701,519.0,61.023622047244096,483.0,89.0,572.0,31.17258883248731,394.0,69.0,350.0,425.0,75.0,-46.0,-98.0,-5.351203663091667,1.4418648265514946,-125.0,-149.0,-3.2908123782997016,7.976377952755904,0.4619402985074627,0.7374793615850302,0.4766697163769441,0.7926033357505439,concordant,concordant,0.0147294178694814,0.0551239741655136,2,1309,26,869,47,1571,1264,770,248,2835,1335,12.004938271604939,1283,83.32272437937618,916,14.406701940035273,822,0.5930697467792092,522,6857,19,850,55,7071,1062,6392,362,8133,6876,16.019058158121233,6838,96.97355395276482,905,5.748186401082012,795,0.883691042282483,6030
E02000936,Wandsworth,8,8,16.845029829531814,12.45230757008285,708.0,781.0,0.7202441505595117,0.7945066124109867,0.074262461851475,-4.3927222594489646,316.0,629.0,1209,1190,2399,945.0,82.85285535639849,-313.0,26.1373035566584,374.0,705.0,1390.0,1348.0,2738.0,1079.0,96.30021913805696,-331.0,26.906474820143885,380.0,677.0,1057.0,107.23634847853272,-297.0,31.932773109243698,420.0,765.0,1185.0,117.34842951059169,-345.0,31.15727002967359,-111.0,541.0,652.0,-18.0,134.0,13.447363781658469,0.7691712634854859,-48.0,128.0,10.112081032058969,-0.7755030795701074,0.472027972027972,0.8345143809920801,0.4765901060070671,0.8268809349890431,concordant,concordant,0.0045621339790951,-0.0076334460030369,6,432,620,491,657,1985,1505,776,315,3490,1052,76.74498567335243,-188,21.7632241813602,1148,92.43180515759312,-166,0.4781818181818182,461,522,691,559,756,9113,1951,7723,603,11064,1213,32.60140997830803,-169,5.728080763744102,1315,38.19631236442516,-197,0.4798259493670886,7120
E02000937,Wandsworth,8,10,14.351434181771102,9.17311016743509,768.0,891.0,0.7812817904374364,0.906408952187182,0.1251271617497457,-5.178324014336013,236.0,571.0,963,950,1913,807.0,70.44223732357554,-335.0,24.5067497403946,186.0,526.0,868.0,876.0,1744.0,712.0,56.09862385321101,-340.0,21.428571428571427,235.0,578.0,813.0,71.00365917407214,-343.0,24.73684210526316,214.0,584.0,798.0,71.66055045871559,-370.0,24.429223744292237,-716.0,0.0,716.0,-5.0,-95.0,-14.34361347036453,-3.078178311823173,-27.0,-15.0,0.65689128464345,-0.307618360970924,0.4981481481481482,0.8468374281233665,0.471523178807947,0.8658256880733946,concordant,concordant,-0.0266249693402011,0.018988259950028,7,143,1059,169,1136,1400,1331,437,381,2731,1202,55.451116807030395,-916,10.214285714285715,1305,70.2980593189308,-967,0.47945751894694855,56,111,1172,138,7772,7974,1407,7106,531,9381,1283,13.867604732970898,-1061,1.3920240782543265,7910,114.33066837224176,-7634,0.13956271075818558,6575
E02000938,Wandsworth,5,5,26.890927441860462,22.71332051159683,433.0,434.0,0.4404883011190234,0.4415055951169888,0.0010172939979654,-4.177606930263636,580.0,285.0,1089,884,1973,865.0,83.78104409528636,295.0,53.25987144168962,496.0,235.0,899.0,866.0,1765.0,731.0,66.03966005665723,261.0,55.172413793103445,490.0,433.0,923.0,107.53674607197162,57.0,55.42986425339367,530.0,321.0,851.0,96.39093484419264,209.0,61.20092378752887,268.0,531.0,263.0,-34.0,-134.0,-17.741384038629135,1.9125423514138264,152.0,-72.0,-11.145811227778978,5.771059534135205,0.4837807606263982,0.9062341611758744,0.4620733249051833,0.8963172804532578,concordant,concordant,-0.0217074357212148,-0.0099168807226165,3,1217,232,845,329,1684,1178,595,294,2862,1449,98.65269042627533,985,72.26840855106889,1174,97.13661774982529,516,0.5524208921082729,301,10157,166,1070,269,10531,1336,9632,470,11867,10323,142.07988539647764,9991,96.44858038173012,1339,24.254655768096402,801,0.885182644486366,9162
E02000939,Wandsworth,9,10,10.65244854492972,7.413664436062781,878.0,941.0,0.8931841302136317,0.9572736520854528,0.0640895218718209,-3.2387841088669376,31.0,787.0,959,906,1865,818.0,13.081501340482571,-756.0,3.232533889468196,26.0,712.0,687.0,812.0,1499.0,738.0,12.349566377585056,-686.0,3.7845705967976713,32.0,821.0,853.0,14.08686327077748,-789.0,3.532008830022075,24.0,578.0,602.0,9.254169446297531,-554.0,2.955665024630542,-711.0,0.0,711.0,70.0,-80.0,-0.7319349628975154,0.5520367073294752,235.0,-251.0,-4.832693824479948,-0.5763438053915331,0.4895272292040694,0.8959785522788204,0.5507462686567164,0.8939292861907938,concordant,concordant,0.0612190394526469,-0.0020492660880265,8,23,1195,31,1414,1467,1257,508,351,2724,1218,10.089941262848752,-1172,1.5678254942058625,1445,16.091776798825258,-1383,0.45737889598197523,157,26,1171,16,7585,7642,1225,6955,413,8867,1197,3.4336303146498253,-1145,0.3402250719706883,7601,13.686703507386941,-7569,0.1360536485564901,6542
E02000940,Wandsworth,5,5,25.60623563369496,21.52855133848899,460.0,475.0,0.4679552390640895,0.4832146490335707,0.0152594099694811,-4.077684295205966,643.0,216.0,982,957,1939,859.0,71.62867457452295,427.0,65.4786150712831,710.0,237.0,1186.0,1042.0,2228.0,947.0,75.52513464991023,473.0,59.86509274873525,660.0,238.0,898.0,81.01083032490975,422.0,68.96551724137932,718.0,326.0,1044.0,105.05745062836624,392.0,68.90595009596929,543.0,765.0,222.0,46.0,88.0,3.8964600753872816,-5.613522322547851,-30.0,146.0,24.046620303456493,-0.0595671454100283,0.4889015367103017,0.9061371841155236,0.4756403817177297,0.8936265709156194,concordant,concordant,-0.0132611549925719,-0.012510613199904,4,1014,274,760,304,1459,1208,477,251,2667,1288,104.17547806524185,740,69.49965729952022,1064,86.6291713535808,456,0.5476190476190477,226,8554,286,1227,425,9144,1650,7958,608,10794,8840,226.6485084306096,8268,93.54768153980753,1652,48.31156197887715,802,0.8425467022493328,7350
E02000941,Wandsworth,8,8,17.150435476310232,12.460746739876456,700.0,780.0,0.7121057985757884,0.7934893184130214,0.081383519837233,-4.689688736433775,223.0,882.0,1194,1280,2474,1105.0,79.50121261115602,-659.0,18.67671691792295,213.0,742.0,1153.0,1206.0,2359.0,955.0,66.99703264094956,-529.0,18.473547267996533,253.0,810.0,1063.0,82.83346806790622,-557.0,19.765625,274.0,732.0,1006.0,85.02246714709622,-458.0,22.71973466003317,-193.0,438.0,631.0,130.0,-150.0,-12.504179970206463,-0.2031696499264157,99.0,-57.0,2.1889990791899976,2.9541096600331684,0.5096863468634686,0.8763136620856912,0.4869964303926568,0.8312844425604069,concordant,concordant,-0.0226899164708117,-0.0450292195252842,6,297,870,327,792,1704,1924,510,644,3628,1167,71.22105843439911,-573,17.429577464788732,1119,71.38478500551268,-465,0.510498687664042,-134,303,729,358,720,9847,2030,8694,824,11877,1032,18.59787825208386,-426,3.077079313496496,1078,21.702450113665066,-362,0.4890995260663507,7870
E02000942,Wandsworth,9,10,11.5323768622866,8.842615540396503,853.0,901.0,0.8677517802644964,0.9165818921668362,0.0488301119023397,-2.6897613218900975,95.0,707.0,1016,1048,2064,802.0,32.54118217054263,-612.0,9.350393700787402,77.0,732.0,1055.0,1022.0,2077.0,809.0,27.13721714010592,-655.0,7.298578199052133,137.0,736.0,873.0,48.85271317829457,-599.0,13.072519083969466,101.0,808.0,909.0,39.29128550794415,-707.0,9.882583170254405,-841.0,0.0,841.0,-43.0,7.0,-5.403965030436712,-2.051815501735269,-108.0,36.0,-9.56142767035042,-3.189935913715061,0.4788059701492537,0.811531007751938,0.4708963911525029,0.8271545498314877,concordant,concordant,-0.0079095789967508,0.0156235420795497,8,84,1169,125,1445,1672,1459,656,411,3131,1253,31.362503992334716,-1085,5.023923444976076,1570,57.689236665602046,-1320,0.4438540559688275,245,73,1440,93,9316,9501,1681,8446,659,11182,1513,9.40082275084958,-1367,0.7683401747184507,9409,77.48059381148273,-9223,0.13852774217176342,7787
E02000943,Wandsworth,8,9,16.44269085455844,12.187672047866336,717.0,787.0,0.7293997965412004,0.8006103763987793,0.0712105798575789,-4.255018806692103,163.0,971.0,1218,1321,2539,1134.0,62.33674675068925,-808.0,13.382594417077176,155.0,1098.0,1410.0,1524.0,2934.0,1253.0,58.00613496932515,-943.0,10.99290780141844,158.0,900.0,1058.0,56.00630169358015,-742.0,11.960635881907644,193.0,1080.0,1273.0,71.04294478527608,-887.0,12.664041994750654,-1049.0,135.0,1184.0,-135.0,119.0,-4.330611781364098,-2.3896866156587357,-145.0,215.0,15.036643091695929,0.7034061128430107,0.5173357664233577,0.8633320204805042,0.4960411718131433,0.8609406952965235,concordant,concordant,-0.0212945946102143,-0.0023913251839806,6,207,951,220,895,1832,1657,614,336,3489,1158,56.42218400687876,-744,11.299126637554584,1115,56.43450845514474,-675,0.5094588649362076,278,222,1088,268,1065,8509,2230,7099,706,10739,1310,22.491479653599033,-866,2.6090022329298392,1333,26.57789365862743,-797,0.49564888384411654,6393
E02000944,Wandsworth,4,4,29.611998907854566,25.05396621715557,372.0,357.0,0.3784333672431332,0.3631739572736521,-0.0152594099694811,-4.558032690698997,607.0,105.0,782,746,1528,712.0,41.71138743455497,502.0,77.62148337595907,519.0,107.0,717.0,704.0,1421.0,626.0,39.080225193525685,412.0,72.38493723849372,598.0,126.0,724.0,49.31151832460733,472.0,80.16085790884718,574.0,144.0,718.0,58.16748768472906,430.0,81.5340909090909,423.0,529.0,106.0,-90.0,-86.0,-2.631162241029287,-5.2365461374653535,-42.0,-6.0,8.855969360121733,1.3732330002437294,0.4958217270194986,0.9397905759162304,0.4657738095238095,0.9458128078817734,concordant,concordant,-0.030047917495689,0.0060222319655429,3,965,104,752,125,1172,960,390,214,2132,1069,47.073170731707314,861,82.33788395904436,877,44.090056285178235,627,0.5493319630010277,176,7199,105,868,144,7442,1046,6725,342,8488,7304,89.05454759660698,7094,96.73474872346144,1012,14.725730442978323,724,0.8783068783068783,6383
E02000945,Wandsworth,3,3,34.37066355249344,27.481830031152647,245.0,286.0,0.2492370295015259,0.2909460834181078,0.0417090539165819,-6.888833521340793,666.0,72.0,1090,845,1935,738.0,24.781395348837208,594.0,61.100917431192656,517.0,63.0,748.0,745.0,1493.0,580.0,21.815807099799063,454.0,69.11764705882352,610.0,96.0,706.0,30.26356589147287,514.0,72.18934911242604,574.0,70.0,644.0,26.912257200267916,504.0,77.04697986577182,448.0,518.0,70.0,-140.0,-158.0,-2.965588249038145,8.016729627630866,-10.0,-62.0,-3.3513086912049523,4.857630753345774,0.5110803324099723,0.7462532299741602,0.4738562091503268,0.8198258539852645,concordant,concordant,-0.0372241232596455,0.0735726240111043,2,1319,19,898,38,1741,1132,651,287,2873,1338,8.722937695788374,1300,75.76105686387133,936,11.87747998607727,860,0.5883905013192612,364,7449,31,885,23,7674,1056,6926,311,8730,7480,26.451202749140894,7418,97.0680218921032,908,2.3316151202749142,862,0.8917501192179303,6615
E02000946,Wandsworth,6,7,22.251354621944284,18.02979160475483,552.0,594.0,0.5615462868769074,0.6042726347914548,0.0427263479145473,-4.221563017189453,623.0,287.0,1425,828,2253,910.0,79.3612960497115,336.0,43.719298245614034,524.0,303.0,1233.0,954.0,2187.0,827.0,72.59807956104252,221.0,42.49797242497972,459.0,637.0,1096.0,129.77496671105192,-178.0,55.434782608695656,556.0,513.0,1069.0,130.41975308641975,43.0,58.280922431865825,164.0,521.0,357.0,-115.0,-83.0,-6.763216488668974,-1.2213258206343127,221.0,-27.0,0.6447863753678291,2.8461398231701693,0.4536390827517447,0.8903683976919663,0.4361814345991561,0.8669410150891632,divergent,concordant,-0.0174576481525886,-0.023427382602803,4,1362,221,763,550,2102,1117,677,289,3219,1583,93.50792171481827,1141,64.7954329210276,1313,130.36657347002173,213,0.5466160220994475,388,7589,253,1221,431,8239,1598,7006,644,9837,7842,195.1831859306699,7336,92.11069304527248,1652,53.49710277523635,790,0.8259953654939962,6362
E02000947,Wandsworth,9,10,11.830082874927957,8.234073716082449,839.0,916.0,0.8535096642929807,0.9318413021363174,0.0783316378433367,-3.596009158845506,112.0,650.0,1127,993,2120,762.0,34.339622641509436,-538.0,9.937888198757763,84.0,695.0,1119.0,1033.0,2152.0,779.0,27.12825278810409,-611.0,7.506702412868632,165.0,831.0,996.0,64.67688679245283,-666.0,16.61631419939577,173.0,894.0,1067.0,71.86895910780669,-721.0,16.747337850919653,-775.0,0.0,775.0,-73.0,17.0,-7.211369853405348,-2.431185785889131,-55.0,71.0,7.192072315353855,0.1310236515238827,0.4334470989761092,0.8292452830188679,0.4219934994582882,0.8578066914498141,concordant,concordant,-0.011453599517821,0.0285614084309462,8,104,1102,140,1377,1629,1397,502,404,3026,1206,37.874421678783875,-998,6.384284837323512,1517,63.70786516853933,-1237,0.44289386705839145,98,81,1476,168,8861,9044,1774,7925,741,10818,1557,11.051580698835275,-1395,0.8956214064573198,9029,137.60843039378813,-8693,0.14708105044398262,7184
E02000948,Wandsworth,7,8,19.855125485471294,13.889657839089717,619.0,736.0,0.62970498474059,0.7487283825025433,0.1190233977619532,-5.9654676463815814,442.0,961.0,1548,1632,3180,1403.0,133.57295597484276,-519.0,28.552971576227392,467.0,955.0,1593.0,1583.0,3176.0,1422.0,140.42348866498742,-488.0,29.3157564344005,521.0,963.0,1484.0,157.7745283018868,-442.0,31.924019607843135,485.0,981.0,1466.0,149.80636020151132,-496.0,30.63802905874921,-626.0,411.0,1037.0,31.0,19.0,6.850532690144661,0.7627848581731094,-54.0,-18.0,-7.968168100375465,-1.285990549093924,0.485971596813301,0.9078616352201258,0.492382271468144,0.9093198992443324,concordant,concordant,0.006410674654843,0.0014582640242067,5,1316,918,923,905,2407,2021,859,389,4428,2234,272.8292682926829,398,54.67386788533444,1828,188.64385727190606,18,0.5499753815854259,470,8677,891,1300,931,9789,2388,8196,805,12177,9568,634.9024390243902,7786,88.64031055266115,2231,99.39229695327256,369,0.8109161793372319,7391
E02000949,Wandsworth,8,9,16.722404058847527,11.208387221487436,711.0,817.0,0.7232960325534079,0.8311291963377416,0.1078331637843337,-5.514016837360092,208.0,970.0,1305,1302,2607,1178.0,77.39163789796702,-762.0,15.938697318007664,181.0,918.0,1331.0,1294.0,2625.0,1099.0,63.29828571428571,-737.0,13.598797896318557,182.0,899.0,1081.0,62.76102800153433,-717.0,13.978494623655912,204.0,951.0,1155.0,73.90628571428572,-747.0,15.765069551777431,-791.0,184.0,975.0,25.0,-79.0,-14.093352183681304,-2.3398994216891076,-30.0,74.0,11.145257712751388,1.786574928121519,0.5214696768481629,0.8665132336018412,0.4875776397515527,0.8586666666666667,concordant,concordant,-0.0338920370966101,-0.0078465669351744,6,281,959,239,894,1911,1844,606,542,3755,1240,71.76537949400799,-678,14.704343275771848,1133,56.901731025299604,-655,0.5225453013063632,64,254,902,254,933,9795,2145,8464,851,11940,1156,19.18827470686767,-648,2.59315977539561,1187,19.84773869346734,-679,0.4933845497225779,7613
E02000950,Wandsworth,8,8,15.562994195038268,13.02614440245015,740.0,757.0,0.7527975584944049,0.7700915564598169,0.0172939979654119,-2.536849792588118,269.0,393.0,847,794,1641,662.0,64.42230347349178,-124.0,31.75914994096812,242.0,409.0,774.0,795.0,1569.0,651.0,63.08349267049075,-167.0,31.266149870801037,301.0,458.0,759.0,84.00853138330287,-157.0,37.90931989924433,287.0,424.0,711.0,77.55768005098788,-137.0,36.10062893081761,-91.0,299.0,390.0,-43.0,-11.0,-1.3388108030010315,-0.4930000701670813,20.0,-48.0,-6.450851332314983,-1.808690968426724,0.4658691062631949,0.8659354052407069,0.4779735682819383,0.8680688336520076,concordant,concordant,0.0121044620187433,0.0021334284113007,6,313,391,331,457,1414,1048,567,254,2462,704,49.70877335499594,-78,22.135785007072137,788,61.440698619008934,-126,0.4718498659517426,313,294,402,331,422,7398,1188,6624,393,8586,696,13.765199161425576,-108,3.9740470397404706,753,16.268576752853484,-91,0.4803312629399586,6231
E02000951,Wandsworth,6,7,22.9549845443609,16.914541554559044,534.0,631.0,0.54323499491353,0.641912512716175,0.098677517802645,-6.040442989801857,425.0,497.0,990,1068,2058,922.0,102.6360544217687,-72.0,42.92929292929293,458.0,457.0,969.0,1025.0,1994.0,915.0,104.9679037111334,1.0,47.26522187822497,479.0,437.0,916.0,101.71185617103984,42.0,44.8501872659176,454.0,400.0,854.0,91.07321965897692,54.0,44.29268292682927,-120.0,397.0,517.0,73.0,-7.0,2.3318492893646976,4.335928948932043,12.0,-62.0,-10.638636512062916,-0.5575043390883252,0.5016322089227421,0.8931000971817298,0.5172413793103449,0.8871614844533601,divergent,concordant,0.0156091703876027,-0.0059386127283697,4,904,387,809,352,1447,1381,457,313,2828,1291,123.70862800565772,517,62.47408431237042,1161,100.6958981612447,457,0.5265089722675367,144,5817,366,920,341,6299,1470,5330,445,7769,6183,274.0406744754795,5451,92.34799174472138,1261,40.38100141588364,579,0.8306018269747447,4885
E02000952,Wandsworth,5,6,24.138798061371265,19.61165995779906,485.0,550.0,0.4933875890132248,0.5595116988809766,0.0661241098677518,-4.527138103572206,576.0,253.0,897,881,1778,829.0,81.96175478065241,323.0,64.21404682274247,512.0,281.0,845.0,896.0,1741.0,793.0,82.63756461803561,231.0,60.591715976331365,518.0,217.0,735.0,63.22047244094488,301.0,58.796821793416576,510.0,239.0,749.0,70.01148765077542,271.0,56.91964285714286,81.0,443.0,362.0,-92.0,-36.0,0.6758098373831984,-3.62233084641111,-30.0,14.0,6.79101520983054,-1.8771789362737152,0.5300511508951407,0.8796400449943758,0.5142671854734111,0.8856978747846066,concordant,concordant,-0.0157839654217295,0.0060578297902308,4,833,332,684,290,1291,1149,394,268,2440,1165,113.34262295081967,501,64.52362509682416,974,81.29508196721312,394,0.5446470313230481,126,5581,364,817,292,6058,1322,5213,426,7380,5945,275.2688346883469,5217,92.12611422911851,1109,32.325745257452574,525,0.8427842358945279,4787
E02000953,Wandsworth,7,9,18.42384611377753,12.053719261762414,662.0,790.0,0.6734486266531028,0.8036622583926755,0.1302136317395726,-6.370126852015115,495.0,582.0,1144,1055,2199,1077.0,131.00954979536152,-87.0,43.269230769230774,357.0,580.0,1000.0,1088.0,2088.0,937.0,99.16666666666669,-223.0,35.699999999999996,380.0,563.0,943.0,97.28967712596636,-183.0,36.018957345971565,379.0,575.0,954.0,104.37021072796936,-196.0,34.83455882352941,-650.0,151.0,801.0,-136.0,-140.0,-31.842883128694837,-7.569230769230778,-13.0,11.0,7.080533602003001,-1.1843985224421516,0.5331683168316832,0.918599363346976,0.4955050237969328,0.9056513409961686,concordant,concordant,-0.0376632930347503,-0.0129480223508072,5,1183,578,657,525,1828,1321,684,266,3149,1761,217.14004445855826,605,64.71553610503283,1182,109.53477294379168,132,0.5983690112130479,418,6664,549,963,542,7292,1665,6292,577,8957,7213,408.4555096572513,6115,91.3878222709819,1505,58.2724126381601,421,0.8273686625372791,5715
E02000954,Wandsworth,7,7,19.741198908072793,16.686362232588067,621.0,641.0,0.6317395727365208,0.6520854526958291,0.0203458799593082,-3.054836675484726,172.0,473.0,777,785,1562,645.0,52.08450704225352,-301.0,22.136422136422137,173.0,580.0,799.0,915.0,1714.0,753.0,58.5414235705951,-407.0,21.65206508135169,218.0,504.0,722.0,70.34058898847631,-286.0,27.77070063694267,247.0,498.0,745.0,71.76546091015169,-251.0,26.994535519125684,-250.0,264.0,514.0,-106.0,108.0,6.45691652834158,-0.484357055070447,35.0,23.0,1.4248719216753756,-0.776165117816987,0.4718361375274323,0.8751600512163893,0.5026702269692924,0.8739789964994166,concordant,concordant,0.0308340894418601,-0.0011810547169727,5,524,457,437,486,1124,993,347,208,2117,981,113.11667453944261,67,46.619217081850536,923,100.3221539914974,-49,0.5152310924369747,139,5329,545,595,483,5949,1259,5150,344,7208,5874,402.92799667036627,4784,89.5780803496386,1078,39.87028301886792,112,0.8449367088607594,4806
E02000955,Wandsworth,4,4,29.05807649091451,25.777324765276283,384.0,338.0,0.3906408952187182,0.3438453713123092,-0.0467955239064089,-3.2807517256382255,544.0,106.0,783,885,1668,650.0,34.57074340527578,438.0,69.47637292464879,597.0,152.0,825.0,932.0,1757.0,749.0,51.64712578258395,445.0,72.36363636363636,640.0,111.0,751.0,42.589928057553955,529.0,72.31638418079096,674.0,138.0,812.0,52.937962435970405,536.0,72.3175965665236,505.0,646.0,141.0,7.0,99.0,17.07638237730817,2.887263438987574,7.0,61.0,10.34803437841645,0.0012123857326429,0.46395431834404,0.8399280575539568,0.4798206278026906,0.8884462151394422,concordant,concordant,0.0158663094586505,0.0485181575854853,3,756,104,739,109,1094,1088,311,203,2182,860,36.03299725022915,652,69.10420475319927,848,36.91613198900092,630,0.5035128805620609,108,6433,150,1019,138,6784,1384,5959,452,8168,6583,118.13785504407444,6283,94.82606132075472,1157,17.216209598432908,881,0.8505167958656331,5507
E02000956,Wandsworth,4,5,31.41774828423102,22.833442487684728,328.0,429.0,0.3336724313326551,0.4364191251271617,0.1027466937945066,-8.584305796546293,956.0,129.0,1242,1116,2358,1085.0,52.30025445292621,827.0,76.97262479871175,806.0,182.0,1088.0,1202.0,2290.0,988.0,64.05764192139738,624.0,74.08088235294117,826.0,149.0,975.0,52.19423240033927,677.0,74.01433691756273,898.0,177.0,1075.0,69.40873362445414,721.0,74.70881863560732,380.0,704.0,324.0,-203.0,-97.0,11.757387468471164,-2.891742445770575,44.0,100.0,17.214501224114876,0.6944817180445853,0.5266990291262136,0.8736217133163698,0.4789142026175472,0.9008733624454148,concordant,concordant,-0.0477848265086663,0.0272516491290449,3,1329,129,905,144,1807,1343,565,227,3150,1458,54.425714285714285,1200,73.54731599335916,1049,41.371428571428574,761,0.5815715995213403,338,6827,182,1245,174,7258,1724,6170,522,8982,7009,138.33377866844802,6645,94.06172499311106,1419,24.118236472945892,1071,0.8316326530612245,5648
E02000957,Wandsworth,5,6,27.836248437057325,19.243999097065466,415.0,569.0,0.422177009155646,0.5788402848423194,0.1566632756866734,-8.592249339991863,762.0,484.0,1344,1247,2591,1246.0,142.34195291393286,278.0,56.69642857142857,678.0,552.0,1466.0,1612.0,3078.0,1230.0,121.5906432748538,126.0,46.24829467939973,613.0,415.0,1028.0,98.18409880355075,198.0,49.1579791499599,866.0,592.0,1458.0,166.56010396361273,274.0,53.72208436724566,-143.0,577.0,720.0,-152.0,-16.0,-20.751309639079057,-10.448133892028842,76.0,430.0,68.37600516006198,4.564105217285757,0.5479331574318381,0.8776534156696256,0.4575892857142857,0.8732943469785575,concordant,concordant,-0.0903438717175524,-0.0043590686910681,3,1473,190,1042,153,1947,1592,603,345,3539,1663,79.08166148629556,1283,75.65485362095532,1195,45.04831873410568,889,0.5818754373687893,258,9925,252,1522,296,10610,2161,9144,549,12771,10177,195.84214235377027,9673,93.54382657869934,1818,35.27617257849816,1226,0.8484368486869529,8595
E02000958,Wandsworth,7,7,20.78405996614678,15.490504752089771,597.0,684.0,0.6073245167853509,0.6958290946083419,0.0885045778229909,-5.29355521405701,121.0,577.0,639,867,1506,698.0,46.35922974767596,-456.0,18.9358372456964,103.0,498.0,612.0,800.0,1412.0,601.0,36.327195467422094,-395.0,16.830065359477125,230.0,427.0,657.0,65.2124833997344,-197.0,26.52825836216839,216.0,418.0,634.0,63.94334277620396,-202.0,27.0,-325.0,153.0,478.0,61.0,-97.0,-10.032034280253868,-2.1057718862192765,-5.0,-23.0,-1.2691406235304328,0.4717416378316095,0.5151291512915129,0.899734395750332,0.4866396761133603,0.8746458923512748,concordant,concordant,-0.0284894751781525,-0.0250885033990572,5,535,566,448,405,1048,1083,409,216,2131,1101,142.0976067573909,-31,51.04961832061069,853,85.14312529328953,43,0.5634595701125895,193,7643,484,545,406,8147,1118,7535,318,9265,8127,399.26735024284943,7159,93.81367374493679,951,23.88235294117647,139,0.8952412425644415,7217
E02000959,Wandsworth,4,6,30.43012726669432,20.70418861868905,353.0,506.0,0.3591047812817904,0.5147507629704985,0.155645981688708,-9.725938648005272,501.0,147.0,725,788,1513,648.0,48.67614011896894,354.0,69.10344827586206,582.0,174.0,881.0,774.0,1655.0,756.0,61.18912386706948,408.0,66.06129398410897,551.0,139.0,690.0,50.62062128222075,412.0,69.9238578680203,531.0,184.0,715.0,59.03564954682779,347.0,68.6046511627907,0.0,358.0,358.0,54.0,108.0,12.512983748100543,-3.042154291753093,-65.0,25.0,8.415028264607038,-1.319206705229604,0.484304932735426,0.88433575677462,0.5139360978925901,0.888821752265861,concordant,concordant,0.029631165157164,0.004485995491241,3,677,146,645,139,982,973,257,185,1955,823,50.55856777493606,531,68.94093686354378,784,45.85933503836317,506,0.5121344119477287,72,7339,174,844,180,7716,1140,6835,366,8856,7513,144.19444444444446,7165,95.11404872991187,1024,17.15447154471545,664,0.8800515403537542,6469
E02000960,Westminster,9,9,12.870541974622355,9.878800369198313,806.0,864.0,0.8199389623601221,0.8789420142421159,0.0590030518819938,-2.9917416054240427,16.0,624.0,626,752,1378,640.0,7.245283018867925,-608.0,2.5559105431309903,13.0,537.0,610.0,660.0,1270.0,550.0,5.496850393700788,-524.0,2.1311475409836063,30.0,535.0,565.0,11.64731494920174,-505.0,3.98936170212766,30.0,521.0,551.0,12.307086614173228,-491.0,4.545454545454546,-480.0,28.0,508.0,84.0,-90.0,-1.748432625167137,-0.424763002147384,14.0,-14.0,0.6597716649714886,0.5560928433268857,0.5311203319502075,0.874455732946299,0.4995458673932788,0.8669291338582678,concordant,concordant,-0.0315744645569286,-0.0075265990880312,7,54,765,74,1162,1268,910,642,158,2178,819,18.96694214876033,-711,4.2586750788643535,1236,39.480257116620756,-1088,0.39854014598540144,484,45,712,88,5889,5987,842,5377,182,6829,757,4.691755747547225,-667,0.7516285284783698,5977,75.88695270171328,-5801,0.11241461241461241,5195
E02000961,Westminster,6,7,21.15320674327473,16.046753796811622,589.0,659.0,0.5991861648016277,0.6703967446592065,0.0712105798575788,-5.106452946463108,489.0,365.0,988,1062,2050,854.0,87.06585365853658,124.0,49.49392712550607,623.0,397.0,1400.0,1015.0,2415.0,1020.0,102.4144927536232,226.0,44.5,588.0,386.0,974.0,110.7160975609756,202.0,55.36723163841808,503.0,654.0,1157.0,136.21614906832298,-151.0,49.556650246305416,18.0,474.0,456.0,102.0,166.0,15.348639095086613,-4.993927125506069,-353.0,183.0,25.50005150734738,-5.810581392112667,0.4671772428884026,0.8917073170731707,0.4685346807533302,0.9014492753623188,concordant,divergent,0.0013574378649276,0.0097419582891481,5,1007,456,714,472,1615,1313,627,251,2928,1463,156.827868852459,551,62.35294117647059,1186,115.09836065573771,242,0.5522838807097018,376,8482,496,659,760,9466,1313,8066,298,10779,8978,390.3026254754615,7986,89.60490175364463,1419,46.4644215604416,-101,0.8635183225930557,7768
E02000962,Westminster,8,7,17.355233016001854,16.47128509812379,692.0,644.0,0.7039674465920651,0.6551373346897253,-0.0488301119023397,-0.8839479178780643,179.0,625.0,840,976,1816,804.0,61.605176211453745,-446.0,21.30952380952381,180.0,620.0,873.0,950.0,1823.0,800.0,61.2177729018102,-440.0,20.61855670103093,213.0,561.0,774.0,65.8001101321586,-348.0,21.82377049180328,225.0,594.0,819.0,73.31321996708722,-369.0,23.684210526315788,-16.0,362.0,378.0,6.0,-4.0,-0.3874033096435454,-0.690967108492881,-21.0,45.0,7.513109834928628,1.8604400345125072,0.5095057034220533,0.8689427312775331,0.4941321803582458,0.8880965441579813,concordant,concordant,-0.0153735230638074,0.0191538128804482,6,196,608,237,529,1765,1132,925,156,2897,804,41.134967207455986,-412,11.104815864022664,766,43.276838108387985,-292,0.5121019108280255,769,191,599,236,575,7571,1174,6698,224,8745,790,13.082790165809033,-408,2.522784308545767,811,15.51743853630646,-339,0.4934415990006246,6474
E02000963,Westminster,1,2,47.67014181318151,33.100005077522894,37.0,122.0,0.0376398779247202,0.1241098677517802,0.08646998982706,-14.570136735658616,593.0,0.0,861,946,1807,593.0,0.0,593.0,68.87340301974449,527.0,0.0,711.0,755.0,1466.0,527.0,0.0,527.0,74.1209563994374,720.0,0.0,720.0,0.0,720.0,76.10993657505286,595.0,0.0,595.0,0.0,595.0,78.80794701986756,386.0,521.0,135.0,-66.0,-66.0,0.0,5.247553379692917,-125.0,-125.0,0.0,2.698010444814699,0.4516374714394516,0.7266187050359713,0.4696969696969697,0.7653478854024557,concordant,concordant,0.018059498257518,0.0387291803664844,1,914,0,875,0,1198,1115,337,169,2313,914,0.0,914,76.29382303839732,875,0.0,875,0.5108999441028508,168,10164,0,838,0,10357,1004,9646,249,11361,10164,0.0,10164,98.13652602104857,838,0.0,838,0.9238320305399018,9397
E02000964,Westminster,1,3,44.77394609450952,29.667481932126364,71.0,212.0,0.0722278738555442,0.2156663275686673,0.143438453713123,-15.106464162383157,1063.0,0.0,1388,1394,2782,1063.0,0.0,1063.0,76.5850144092219,934.0,0.0,1094.0,1186.0,2280.0,934.0,0.0,934.0,85.37477148080438,1105.0,0.0,1105.0,0.0,1105.0,79.26829268292683,975.0,0.0,975.0,0.0,975.0,82.20910623946037,384.0,697.0,313.0,-129.0,-129.0,0.0,8.789757071582486,-130.0,-130.0,0.0,2.940813556533542,0.4903136531365313,0.7792954708842559,0.4892613933996857,0.837280701754386,concordant,concordant,-0.0010522597368456,0.05798523087013,1,1698,0,1314,0,2024,1638,636,244,3662,1698,0.0,1698,83.89328063241108,1314,0.0,1314,0.5637450199203188,392,11747,0,1320,0,11927,1547,10833,361,13474,11747,0.0,11747,98.49081914982813,1320,0.0,1320,0.8989821688222239,10472
E02000965,Westminster,7,8,20.03190121618176,15.313459289496912,617.0,691.0,0.6276703967446592,0.7029501525940997,0.0752797558494404,-4.7184419266848465,376.0,738.0,1243,1190,2433,1114.0,114.0517879161529,-362.0,30.24939662107804,291.0,749.0,1047.0,1177.0,2224.0,1040.0,98.00314748201438,-458.0,27.793696275071632,354.0,737.0,1091.0,107.23304562268804,-383.0,29.747899159663863,290.0,639.0,929.0,83.3228417266187,-349.0,24.63891248937978,-627.0,216.0,843.0,-96.0,-74.0,-16.04864043413852,-2.4557003460064095,34.0,-162.0,-23.910203896069333,-5.108986670284082,0.5052154195011338,0.906288532675709,0.5281868969019807,0.885341726618705,concordant,concordant,0.0229714774008469,-0.0209468060570039,5,1027,689,616,671,1882,1425,639,235,3307,1716,213.9712730571515,338,54.56960680127524,1287,124.98820683398851,-55,0.5714285714285714,404,6885,622,635,595,7620,1500,6573,323,9120,7507,469.56907894736844,6263,90.35433070866141,1230,41.428179824561404,40,0.8592194116973789,6250
E02000966,Westminster,8,9,15.86646513016412,11.8888945846984,734.0,794.0,0.7466937945066124,0.8077314343845371,0.0610376398779246,-3.977570545465719,154.0,864.0,1107,1132,2239,1018.0,59.42652970075927,-710.0,13.911472448057811,144.0,750.0,1011.0,1052.0,2063.0,894.0,52.350945225399904,-606.0,14.243323442136498,158.0,839.0,997.0,59.20589548905762,-681.0,13.957597173144876,162.0,772.0,934.0,60.62239457101309,-610.0,15.399239543726235,-839.0,33.0,872.0,104.0,-124.0,-7.0755844753593635,0.3318509940786871,71.0,-63.0,1.4164990819554717,1.4416423705813592,0.5052109181141439,0.899955337204109,0.4890590809628009,0.8860882210373243,concordant,concordant,-0.0161518371513429,-0.0138671161667847,6,180,843,176,817,1847,1427,740,295,3274,1023,46.34697617593158,-663,9.745533297238767,993,43.91936469150886,-641,0.5074404761904762,445,167,733,181,748,9066,1444,8055,392,10510,900,11.64709800190295,-566,1.842047209353629,929,12.881826831588963,-567,0.4920721705850191,7663
E02000967,Westminster,9,9,12.805781013856496,9.32516913738765,810.0,881.0,0.8240081383519837,0.896236012207528,0.0722278738555443,-3.4806118764688456,28.0,879.0,876,1033,1909,907.0,12.892613933996858,-851.0,3.1963470319634704,21.0,795.0,705.0,986.0,1691.0,816.0,9.872856298048491,-774.0,2.9787234042553195,24.0,705.0,729.0,8.863279203771608,-681.0,2.3233301064859635,19.0,603.0,622.0,6.775280898876405,-584.0,1.9269776876267748,-738.0,29.0,767.0,77.0,-91.0,-3.019757635948366,-0.2176236277081509,97.0,-107.0,-2.087998304895203,-0.3963524188591887,0.55440097799511,0.856993190151912,0.5674547983310153,0.8503843879361325,concordant,concordant,0.0130538203359052,-0.0066088022157795,7,67,1040,64,1841,2037,1209,1161,176,3246,1107,21.4664202094886,-973,3.2891507118311245,1905,36.298213185459026,-1777,0.36752988047808766,985,49,1012,99,5758,5878,1216,5173,230,7094,1061,6.990132506343389,-963,0.8336168764886015,5857,80.35551170002819,-5659,0.15336802544087888,4943
E02000968,Westminster,1,1,46.633238366308646,41.57188322442906,45.0,13.0,0.0457782299084435,0.0132248219735503,-0.0325534079348931,-5.061355141879588,816.0,0.0,992,1396,2388,816.0,0.0,816.0,82.25806451612904,856.0,0.0,989.0,1322.0,2311.0,856.0,0.0,856.0,86.5520728008089,1094.0,0.0,1094.0,0.0,1094.0,78.36676217765043,1143.0,0.0,1143.0,0.0,1143.0,86.45990922844176,854.0,854.0,0.0,40.0,40.0,0.0,4.294008284679862,49.0,49.0,0.0,8.09314705079133,0.4272251308900524,0.7998324958123953,0.4282141070535267,0.8649935093033319,concordant,concordant,0.0009889761634743,0.0651610134909365,1,1384,0,1268,0,1564,1583,572,187,3147,1384,0.0,1384,88.49104859335038,1268,0.0,1268,0.521870286576169,385,13974,0,1427,0,14118,1613,13129,291,15731,13974,0.0,13974,98.98002549936251,1427,0.0,1427,0.9073436789818843,12838
E02000969,Westminster,1,1,42.987912226720645,38.760282162588794,89.0,38.0,0.0905391658189216,0.0386571719226856,-0.051881993896236,-4.227630064131851,727.0,0.0,970,1094,2064,727.0,0.0,727.0,74.94845360824742,564.0,0.0,738.0,798.0,1536.0,564.0,0.0,564.0,76.42276422764228,836.0,0.0,836.0,0.0,836.0,76.41681901279708,649.0,0.0,649.0,0.0,649.0,81.32832080200501,624.0,624.0,0.0,-163.0,-163.0,0.0,1.4743106193948563,-187.0,-187.0,0.0,4.911501789207932,0.4651311580294305,0.7572674418604651,0.4649629018961253,0.7897135416666666,concordant,concordant,-0.0001682561333052,0.0324460998062015,1,1074,0,993,0,1322,1258,352,164,2580,1074,0.0,1074,81.24054462934947,993,0.0,993,0.5195936139332366,188,9284,0,902,0,9464,1065,8726,267,10529,9284,0.0,9284,98.09805579036347,902,0.0,902,0.9114470842332614,8459
E02000970,Westminster,9,9,12.733477150840477,9.603868243912096,813.0,874.0,0.82706002034588,0.8891149542217701,0.0620549338758901,-3.129608906928379,19.0,950.0,851,1128,1979,969.0,9.120768064679131,-931.0,2.2326674500587544,7.0,786.0,804.0,946.0,1750.0,793.0,3.144,-779.0,0.8706467661691543,33.0,691.0,724.0,11.522486104092977,-658.0,2.925531914893617,17.0,630.0,647.0,6.12,-613.0,1.7970401691331923,-669.0,65.0,734.0,152.0,-176.0,-5.976768064679131,-1.3620206838896003,45.0,-77.0,-5.402486104092977,-1.1284917457604249,0.5723567631423508,0.8554825669530066,0.5506944444444445,0.8228571428571428,concordant,concordant,-0.0216623186979063,-0.0326254240958637,7,75,1177,87,1911,2097,1379,1246,251,3476,1252,25.395569620253166,-1102,3.5765379113018603,1998,47.829976985040275,-1824,0.3852307692307692,995,107,1050,71,6439,6623,1234,5819,288,7857,1157,14.299350897289042,-943,1.6155820625094366,6510,58.1862033855161,-6368,0.15090648232685536,5531
E02000971,Westminster,7,7,17.627172216936252,15.57238404964376,687.0,679.0,0.698880976602238,0.6907426246185148,-0.0081383519837232,-2.0547881672924913,319.0,794.0,1071,1360,2431,1113.0,104.19004524886878,-475.0,29.785247432306257,265.0,619.0,1179.0,1160.0,2339.0,884.0,70.13039760581445,-354.0,22.476675148430875,370.0,560.0,930.0,85.23241464417934,-190.0,27.205882352941178,335.0,697.0,1032.0,99.82684908080375,-362.0,28.879310344827587,-225.0,353.0,578.0,121.0,-229.0,-34.05964764305433,-7.308572283875382,-172.0,102.0,14.594434436624413,1.6734279918864097,0.5447870778267254,0.8403948992184286,0.4613778705636743,0.8191534843950407,concordant,concordant,-0.0834092072630511,-0.0212414148233879,6,277,978,275,749,2237,1552,1166,192,3789,1255,71.49802058590657,-701,12.38265534197586,1024,54.361309052520454,-474,0.550680122860904,974,221,809,271,910,7218,1459,6039,299,8677,1030,20.604932580384926,-588,3.061789969520643,1181,28.421113288002765,-639,0.4658525554047942,5740
E02000972,Westminster,6,6,22.762904041870673,20.047615885147696,541.0,535.0,0.5503560528992879,0.5442522889114955,-0.0061037639877924,-2.715288156722977,499.0,499.0,1159,1052,2211,998.0,112.61917684305745,0.0,43.05435720448663,400.0,425.0,991.0,1014.0,2005.0,825.0,84.78802992518703,-25.0,40.363269424823415,402.0,505.0,907.0,91.8181818181818,-103.0,38.21292775665399,454.0,495.0,949.0,112.0847880299252,-41.0,44.773175542406314,26.0,403.0,377.0,-25.0,-173.0,-27.831146917870413,-2.6910877796632136,62.0,42.0,20.266606211743408,6.560247785752324,0.5238845144356955,0.8616010854816825,0.4650507328072153,0.884788029925187,zero,concordant,-0.0588337816284801,0.0231869444435045,4,1597,421,617,430,2228,1237,1069,185,3465,2018,194.03665223665223,1176,71.67863554757629,1047,76.56854256854257,187,0.6584013050570963,884,7156,363,812,398,7728,1336,6737,322,9064,7519,286.5873786407767,6793,92.59834368530021,1210,35.65489849955869,414,0.861381601558025,6415
E02000973,Westminster,5,7,25.753076710980444,17.76054742126883,453.0,605.0,0.4608341810783316,0.6154628687690743,0.1546286876907426,-7.992529289711616,716.0,460.0,1139,1310,2449,1176.0,134.4875459371172,256.0,62.86215978928885,679.0,423.0,1197.0,1107.0,2304.0,1102.0,124.66015625,256.0,56.72514619883041,768.0,378.0,1146.0,118.53981216823192,390.0,58.62595419847329,619.0,454.0,1073.0,121.97309027777776,165.0,55.91689250225835,-271.0,299.0,570.0,0.0,-74.0,-9.827389687117204,-6.137013590458444,-225.0,-73.0,3.4332781095458387,-2.7090616962149383,0.5064599483204134,0.9481420988158432,0.5066666666666667,0.9440104166666666,concordant,concordant,0.0002067183462532,-0.0041316821491765,4,1371,487,821,407,1948,1547,809,237,3495,1858,191.03776824034335,884,70.37987679671458,1228,95.60715307582261,414,0.6020738820479585,572,9091,453,855,488,9750,1476,8553,369,11226,9544,366.8468733297702,8638,93.24102564102564,1343,37.16729021913415,367,0.8766418664462202,8184
E02000974,Westminster,7,6,19.418615181067345,19.778714572508267,630.0,541.0,0.6408952187182095,0.5503560528992879,-0.0905391658189216,0.3600993914409223,260.0,813.0,956,1328,2284,1073.0,92.54816112084065,-553.0,27.19665271966527,280.0,567.0,1249.0,1013.0,2262.0,847.0,70.18567639257294,-287.0,22.41793434747798,293.0,498.0,791.0,63.88528896672504,-205.0,22.063253012048193,256.0,727.0,983.0,82.27763041556145,-471.0,25.271470878578477,219.0,612.0,393.0,266.0,-226.0,-22.362484728267702,-4.778718372187289,-266.0,192.0,18.392341448836405,3.2082178665302834,0.5756437768240343,0.8161120840630472,0.4628415300546448,0.8090185676392573,concordant,concordant,-0.1128022467693895,-0.0070935164237899,5,1501,793,562,485,2120,1524,1164,196,3644,2294,326.64462129527993,708,70.80188679245283,1047,74.79967069154775,77,0.6866207722238851,968,7541,532,621,691,8445,1309,7196,296,9754,8073,411.29915931925365,7009,89.29544108940202,1312,43.99333606725446,-70,0.8602024507192328,6900
E02000975,Westminster,7,8,19.5138616112824,12.238303472149376,626.0,786.0,0.6368260427263479,0.7995930824008138,0.1627670396744659,-7.275558139133025,271.0,847.0,1105,1342,2447,1118.0,93.80343277482632,-576.0,24.524886877828052,227.0,756.0,1244.0,1210.0,2454.0,983.0,69.93154034229829,-529.0,18.2475884244373,265.0,636.0,901.0,68.87617490805067,-371.0,19.746646795827125,225.0,836.0,1061.0,76.65036674816626,-611.0,18.59504132231405,-791.0,147.0,938.0,47.0,-135.0,-23.87189243252803,-6.2772984533907525,-240.0,160.0,7.774191840115591,-1.151605473513076,0.5537394749876177,0.825091949325705,0.4809197651663405,0.8329258353708231,concordant,concordant,-0.0728197098212771,0.0078338860451181,5,1651,801,550,618,2440,1578,1335,236,4018,2452,329.1316575410652,850,67.66393442622952,1168,84.59432553509208,-68,0.6773480662983425,1099,6229,733,609,822,7221,1559,5977,349,8780,6962,520.029271070615,5496,86.26229054147625,1431,57.015717539863324,-213,0.8295007744549029,5628
E02000976,Westminster,6,7,23.173297298411423,17.89070033065659,530.0,597.0,0.5391658189216684,0.6073245167853509,0.0681586978636825,-5.282596967754834,614.0,738.0,1351,1664,3015,1352.0,150.29253731343283,-124.0,45.44781643227239,517.0,550.0,1255.0,1477.0,2732.0,1067.0,104.08125915080528,-33.0,41.19521912350598,758.0,629.0,1387.0,158.13665008291875,129.0,45.55288461538461,782.0,599.0,1381.0,171.45607613469986,183.0,52.94515910629654,-293.0,403.0,696.0,91.0,-285.0,-46.21127816262755,-4.252597308766411,54.0,-6.0,13.319426051781107,7.39227449091193,0.4936108068638189,0.908457711442786,0.4358660130718954,0.8960468521229868,divergent,divergent,-0.0577447937919234,-0.0124108593197992,4,2009,610,1012,511,2715,1883,1364,219,4598,2619,266.5267507612005,1399,73.9963167587477,1523,112.4688995215311,501,0.6323032351521004,1145,7488,453,1164,487,8200,1818,6945,341,10018,7941,338.59692553403875,7035,91.31707317073172,1651,56.584947095228586,677,0.8278773978315263,6604
E02000977,Westminster,7,6,20.303301348464625,19.28145999691691,608.0,566.0,0.6185147507629705,0.5757884028484231,-0.0427263479145473,-1.0218413515477105,216.0,668.0,961,1015,1976,884.0,73.02024291497976,-452.0,22.47658688865765,161.0,500.0,789.0,837.0,1626.0,661.0,49.5079950799508,-339.0,20.405576679340935,234.0,613.0,847.0,72.59210526315789,-379.0,23.054187192118228,225.0,521.0,746.0,72.0940959409594,-296.0,26.881720430107524,-18.0,304.0,322.0,113.0,-223.0,-23.51224783502896,-2.0710102093167144,83.0,-101.0,-0.4980093221984845,3.827533237989297,0.510687463893703,0.8760121457489879,0.4697938877043354,0.8653136531365314,concordant,concordant,-0.0408935761893675,-0.0106984926124564,5,1449,655,757,581,2166,1518,1205,503,3684,2104,257.6262214983713,794,66.89750692520776,1338,119.3857220412595,176,0.6112725159790819,702,5653,486,696,503,6251,1268,5462,431,7519,6139,365.3887485037904,5167,90.43353063509838,1199,46.560446867934566,193,0.836603979285909,5031
E02000978,Westminster,9,10,11.474002777238404,8.156269337678522,855.0,918.0,0.8697863682604272,0.9338758901322484,0.064089521871821,-3.3177334395598823,43.0,1622.0,864,1994,2858,1665.0,24.403778866340097,-1579.0,4.976851851851852,49.0,968.0,788.0,1193.0,1981.0,1017.0,23.9434628975265,-919.0,6.218274111675127,33.0,617.0,650.0,7.124212736179146,-584.0,1.6549648946840525,15.0,561.0,576.0,4.247854618879354,-546.0,1.2573344509639564,-1171.0,0.0,1171.0,660.0,-648.0,-0.460315968813596,1.241422259823275,38.0,-74.0,-2.876358117299792,-0.3976304437200961,0.7192224622030238,0.8100069979006298,0.6384180790960452,0.8041393235739526,concordant,concordant,-0.0808043831069785,-0.0058676743266772,8,41,2058,27,2518,2697,2319,1833,325,5016,2099,16.821770334928228,-2017,1.5202076381164256,2545,13.553827751196172,-2491,0.4519810508182601,1508,40,1400,12,6845,6974,1531,6186,338,8505,1440,6.584362139917696,-1360,0.5735589331803843,6857,9.65784832451499,-6833,0.17355670724358202,5848
E02000979,Westminster,6,6,23.856118017572083,20.43121106471816,497.0,523.0,0.5055951169888098,0.5320447609359105,0.0264496439471007,-3.424906952853924,355.0,433.0,899,978,1877,788.0,81.89397975492808,-78.0,39.48832035595105,305.0,352.0,833.0,868.0,1701.0,657.0,63.11581422692534,-47.0,36.61464585834334,401.0,397.0,798.0,84.81459776238678,4.0,41.00204498977505,369.0,410.0,779.0,88.94179894179894,-41.0,42.51152073732719,-48.0,323.0,371.0,31.0,-131.0,-18.778165528002745,-2.873674497607716,-45.0,-19.0,4.127201179412154,1.5094757475521376,0.4968474148802018,0.8449653702717101,0.4575208913649025,0.8442092886537331,divergent,concordant,-0.0393265235152993,-0.000756081617977,4,1385,321,756,295,1918,1314,1019,336,3232,1706,137.5572400990099,1064,72.21063607924921,1051,69.00371287128714,461,0.6187885382662314,683,7394,272,885,321,7903,1371,7070,503,9274,7666,216.86090144489972,7122,93.55940781981525,1206,30.632413198188484,564,0.8640667267808837,6567
E02000980,Westminster,5,5,23.99302454629203,23.260192644483364,491.0,414.0,0.4994913530010172,0.4211597151576806,-0.0783316378433366,-0.732831901808666,534.0,280.0,939,884,1823,814.0,82.01865057597367,254.0,56.86900958466453,511.0,239.0,841.0,852.0,1693.0,750.0,72.13762551683402,272.0,60.76099881093936,530.0,331.0,861.0,96.23148656061436,199.0,59.95475113122172,516.0,265.0,781.0,80.76786769049025,251.0,60.56338028169014,231.0,484.0,253.0,18.0,-64.0,-9.881025059139644,3.8919892262748306,52.0,-80.0,-15.463618870124108,0.6086291504684169,0.4859701492537313,0.9188151398793198,0.4898758981058131,0.90431187241583,concordant,concordant,0.0039057488520818,-0.0145032674634899,4,1059,319,544,366,1700,1111,761,227,2811,1378,120.17822838847385,740,62.29411764705882,910,70.83030949839915,178,0.6022727272727273,534,8062,300,716,298,8582,1220,7741,368,9802,8362,246.74556213017752,7762,93.94080633884874,1014,21.7678024892879,418,0.8918515358361775,7373
E02000981,Westminster,7,8,18.899775502168833,14.606049924660976,644.0,714.0,0.6551373346897253,0.7263479145473042,0.0712105798575788,-4.293725577507857,257.0,796.0,1001,1157,2158,1053.0,94.7970342910102,-539.0,25.674325674325676,216.0,666.0,1040.0,1047.0,2087.0,882.0,68.92956396741735,-450.0,20.76923076923077,257.0,651.0,908.0,77.52873030583874,-394.0,22.212618841832324,252.0,724.0,976.0,87.42117872544323,-472.0,24.068767908309457,-607.0,145.0,752.0,89.0,-171.0,-25.867470323592855,-4.905094905094906,-78.0,68.0,9.892448419604492,1.8561490664771336,0.5369709331973483,0.9087117701575532,0.4747039827771798,0.8902731193100144,concordant,concordant,-0.0622669504201685,-0.0184386508475389,5,1308,777,599,640,2036,1477,1035,320,3513,2085,289.30145175064047,531,64.24361493123773,1239,109.12610304582978,-41,0.6272563176895307,715,7268,640,817,705,8070,1568,7030,521,9638,7908,482.62295081967216,6628,90.06195786864933,1522,59.761880058103344,112,0.8386002120890774,6509
E02000982,Westminster,6,4,22.44394328977574,25.229968473576776,549.0,351.0,0.5584944048830112,0.3570701932858596,-0.2014242115971515,2.786025183801037,370.0,327.0,858,868,1726,697.0,70.09849362688297,43.0,43.12354312354312,262.0,250.0,642.0,623.0,1265.0,512.0,51.77865612648221,12.0,40.809968847352025,304.0,342.0,646.0,60.23638470451912,-38.0,35.02304147465438,253.0,252.0,505.0,50.4,1.0,40.6099518459069,337.0,457.0,120.0,-31.0,-185.0,-18.31983750040076,-2.3135742761910976,39.0,-141.0,-9.83638470451912,5.586910371252522,0.5189873417721519,0.7780996523754345,0.5034414945919371,0.8039525691699605,divergent,concordant,-0.0155458471802147,0.0258529167945259,4,946,266,550,277,1422,1071,564,203,2493,1212,100.93702366626555,680,66.52601969057666,827,61.111111111111114,273,0.594409024031388,361,7143,187,560,215,7509,911,6867,288,8420,7330,158.63907363420427,6956,95.12584898122253,775,14.299287410926366,345,0.904380012338063,6579
E02000983,Westminster,6,5,22.444794861038652,21.728471580530783,548.0,466.0,0.5574771108850458,0.474059003051882,-0.0834181078331638,-0.7163232805078685,349.0,408.0,929,905,1834,757.0,77.6401308615049,-59.0,37.56727664155005,221.0,421.0,692.0,870.0,1562.0,642.0,59.565300896286814,-200.0,31.9364161849711,317.0,389.0,706.0,67.2371864776445,-72.0,35.027624309392266,282.0,355.0,637.0,64.0909090909091,-73.0,32.41379310344827,9.0,343.0,334.0,-141.0,-115.0,-18.07482996521809,-5.630860456578951,-1.0,-69.0,-3.146277386735406,-2.613831205943995,0.51742993848257,0.7977099236641222,0.5019546520719312,0.8188220230473752,concordant,concordant,-0.0154752864106387,0.0211120993832529,4,1043,286,526,317,1606,1085,677,180,2691,1329,110.85024154589372,757,64.9439601494396,843,61.96283909327388,209,0.611878453038674,497,7081,352,667,293,7528,1228,6836,358,8756,7433,284.66331658291455,6729,94.06216790648246,960,22.319666514390132,374,0.8856189681877755,6478
E02006782,Bromley,7,6,19.056491320309146,19.54619867633957,640.0,554.0,0.6510681586978637,0.5635808748728383,-0.0874872838250254,0.4897073560304257,160.0,206.0,444,465,909,366.0,36.25962596259626,-46.0,36.03603603603604,149.0,200.0,426.0,407.0,833.0,349.0,35.77430972388956,-51.0,34.97652582159624,242.0,256.0,498.0,68.15401540154015,-14.0,52.04301075268817,187.0,259.0,446.0,58.142857142857146,-72.0,45.94594594594595,24.0,188.0,164.0,-5.0,-17.0,-0.4853162387067016,-1.059510214439797,-58.0,-52.0,-10.011158258683004,-6.0970648067422175,0.4236111111111111,0.9504950495049505,0.4389937106918239,0.9543817527010804,concordant,concordant,0.0153825995807128,0.0038867031961299,5,257,205,416,250,539,639,95,174,1178,462,44.72410865874363,52,47.680890538033395,666,88.28522920203736,166,0.4095744680851064,-79,7722,195,464,250,7999,684,7573,277,8683,7917,173.41817344235864,7527,96.53706713339167,714,13.359437982264195,214,0.9172749391727494,7296
E02006783,Lewisham,2,1,38.12211024762551,35.4899540245027,165.0,72.0,0.167853509664293,0.0732451678535096,-0.0946083418107833,-2.6321562231228057,359.0,19.0,446,542,988,378.0,6.903846153846154,340.0,80.49327354260089,375.0,38.0,429.0,454.0,883.0,413.0,16.138165345413363,337.0,87.41258741258741,447.0,15.0,462.0,6.786437246963563,432.0,82.47232472324724,361.0,9.0,370.0,3.679501698754247,352.0,79.51541850220264,401.0,401.0,0.0,-3.0,35.0,9.23431919156721,6.919313869986524,-80.0,-92.0,-3.1069355482093157,-2.956906221044605,0.45,0.8502024291497976,0.5274584929757343,0.8867497168742922,concordant,concordant,0.0774584929757343,0.0365472877244945,2,331,19,459,22,548,665,102,123,1213,350,5.184666117065127,312,60.4014598540146,481,8.324814509480627,437,0.42117930204572807,-21,7526,50,474,9,7663,650,7234,196,8313,7576,45.26645013833755,7476,98.21218843794858,483,0.5131721400216528,465,0.9400670058319891,7038
E02006784,Lewisham,2,2,39.0436011747947,33.778356620834884,151.0,102.0,0.1536113936927772,0.103763987792472,-0.0498474059003051,-5.265244553959818,401.0,16.0,521,491,1012,417.0,6.339920948616601,385.0,76.96737044145874,327.0,19.0,395.0,397.0,792.0,346.0,7.84469696969697,308.0,82.78481012658227,407.0,33.0,440.0,13.271739130434783,374.0,82.89205702647658,344.0,29.0,373.0,12.595959595959595,315.0,86.64987405541562,194.0,250.0,56.0,-77.0,-71.0,1.5047760210803691,5.8174396851235315,-59.0,-67.0,-0.675779534475188,3.757817028939044,0.4865810968494749,0.8468379446640316,0.4812239221140473,0.9078282828282828,concordant,concordant,-0.0053571747354276,0.0609903381642512,2,405,18,440,36,644,613,123,122,1257,423,5.799522673031026,387,62.88819875776398,476,12.601431980906922,404,0.47052280311457173,1,7745,19,458,31,7891,595,7496,198,8486,7764,17.340914447325005,7726,98.14979090102649,489,1.6731086495404195,427,0.940748818611414,7298
E02006785,Bexley,8,7,15.067257841276597,17.555093295335233,752.0,610.0,0.7650050864699899,0.6205493387589013,-0.1444557477110886,2.4878354540586365,92.0,119.0,302,300,602,211.0,18.186046511627907,-27.0,30.4635761589404,104.0,117.0,270.0,301.0,571.0,221.0,21.30998248686515,-13.0,38.51851851851852,135.0,188.0,323.0,42.159468438538205,-53.0,45.0,141.0,139.0,280.0,34.32399299474606,2.0,46.84385382059801,26.0,130.0,104.0,14.0,10.0,3.1239359752372415,8.05494235957812,55.0,-43.0,-7.8354754437921486,1.8438538205980064,0.3951310861423221,0.8870431893687708,0.4411177644710579,0.8774080560420315,concordant,divergent,0.0459866783287357,-0.0096351333267392,6,108,119,168,188,394,432,92,132,826,227,15.559322033898304,-11,27.411167512690355,356,38.23728813559322,-20,0.3893653516295026,-40,128,117,167,139,6520,489,6250,188,7009,245,2.136681409616208,11,1.96319018404908,306,3.3118847196461694,28,0.44464609800362975,6062
E02006786,Greenwich,3,4,34.37993648102231,24.861289997311104,244.0,362.0,0.2482197355035605,0.3682604272634791,0.1200406917599186,-9.518646483711208,176.0,190.0,516,588,1104,366.0,30.28985507246377,-14.0,34.10852713178294,229.0,106.0,432.0,409.0,841.0,335.0,28.863258026159333,123.0,53.00925925925925,282.0,224.0,506.0,57.21739130434783,58.0,47.95918367346938,223.0,124.0,347.0,32.87990487514863,99.0,54.52322738386308,48.0,190.0,142.0,137.0,-31.0,-1.4265970463044368,18.90073212747631,41.0,-159.0,-24.337486429199195,6.5640437103936975,0.4197247706422018,0.7898550724637681,0.4912023460410557,0.8109393579072532,divergent,concordant,0.0714775753988539,0.0210842854434851,2,327,169,439,186,667,745,151,157,1412,496,39.138101983002834,158,49.02548725637181,625,57.828611898016995,253,0.4424620874219447,-6,7269,85,513,90,7469,699,7037,290,8168,7354,75.64458863858962,7184,97.32226536350248,603,5.6525465230166505,423,0.9242176699761216,6747
E02006787,Bromley,10,9,7.644158161480512,10.263266052731172,945.0,852.0,0.9613428280773144,0.866734486266531,-0.0946083418107832,2.6191078912506596,0.0,331.0,507,448,955,331.0,0.0,-331.0,0.0,0.0,310.0,472.0,418.0,890.0,310.0,0.0,-310.0,0.0,0.0,425.0,425.0,0.0,-425.0,0.0,0.0,403.0,403.0,0.0,-403.0,0.0,-142.0,78.0,220.0,21.0,-21.0,0.0,0.0,22.0,-22.0,0.0,0.0,0.4378306878306878,0.7916230366492146,0.4347826086956521,0.801123595505618,concordant,concordant,-0.0030480791350356,0.0095005588564033,9,34,481,64,536,615,595,108,147,1210,515,13.515702479338843,-447,5.528455284552845,600,28.350413223140496,-472,0.4618834080717489,-39,36,557,58,7676,7741,658,7269,240,8399,593,2.387427074651744,-521,0.4650561942901434,7734,53.007262769377306,-7618,0.07121412273327729,7029
E02006788,Croydon,5,2,25.310371444118157,30.45134844776504,466.0,192.0,0.474059003051882,0.1953204476093591,-0.2787385554425229,5.140977003646881,161.0,223.0,476,527,1003,384.0,35.79561316051844,-62.0,33.82352941176471,170.0,184.0,463.0,485.0,948.0,354.0,32.9957805907173,-14.0,36.7170626349892,241.0,242.0,483.0,58.14755732801595,-1.0,45.73055028462998,252.0,215.0,467.0,57.151898734177216,37.0,51.958762886597945,309.0,334.0,25.0,48.0,-30.0,-2.79983256980114,2.8935332232244875,38.0,-16.0,-0.9956585938387336,6.228212601967968,0.4429065743944637,0.864406779661017,0.4311814859926918,0.8660337552742616,concordant,divergent,-0.0117250884017718,0.0016269756132446,4,223,256,320,289,584,659,108,132,1243,479,45.92759452936444,-33,38.18493150684932,609,74.40064360418343,31,0.44025735294117646,-24,7146,202,490,253,7489,753,7026,268,8242,7348,175.138558602281,6944,95.41994925891308,743,15.04125212327105,237,0.9081695711284142,6758
E02006789,Bromley,8,8,14.432453952868851,13.734641885625969,765.0,740.0,0.7782299084435402,0.7527975584944049,-0.0254323499491353,-0.697812067242884,219.0,76.0,373,254,627,295.0,26.545454545454547,143.0,58.71313672922251,187.0,57.0,305.0,175.0,480.0,244.0,22.20625,130.0,61.31147540983607,155.0,130.0,285.0,32.1371610845295,25.0,61.023622047244096,102.0,94.0,196.0,19.975,8.0,58.285714285714285,113.0,176.0,63.0,-13.0,-51.0,-4.339204545454546,2.5983386806135584,-17.0,-89.0,-12.1621610845295,-2.7379077615298115,0.5086206896551724,0.9250398724082934,0.5545454545454546,0.9166666666666666,concordant,concordant,0.0459247648902821,-0.0083732057416268,7,207,318,146,332,551,474,178,220,1025,525,64.22048780487805,-111,37.56805807622505,478,47.289756097560975,-186,0.5234297108673978,-42,169,365,98,6479,6669,467,6364,292,7136,534,8.644198430493274,-196,2.53411306042885,6577,88.97729820627802,-6381,0.07509492335817747,6072
E02006791,Ealing,7,7,17.735338637071653,15.630997633836143,683.0,676.0,0.6948118006103764,0.6876907426246185,-0.0071210579857579,-2.1043410032355077,421.0,424.0,930,918,1848,845.0,96.5930735930736,-3.0,45.26881720430108,292.0,326.0,809.0,694.0,1503.0,618.0,63.334664005322686,-34.0,36.093943139678615,428.0,414.0,842.0,95.88311688311688,14.0,46.62309368191721,306.0,444.0,750.0,90.39520958083833,-138.0,44.09221902017291,-43.0,287.0,330.0,-31.0,-227.0,-33.25840958775091,-9.174874064622465,-152.0,-92.0,-5.487907302278558,-2.530874661744299,0.5008891523414345,0.9128787878787878,0.4517543859649123,0.9101796407185628,divergent,concordant,-0.0491347663765222,-0.002699147160225,6,257,485,251,505,1305,1171,375,253,2476,742,50.341276252019384,-228,19.693486590038315,756,51.19345718901454,-254,0.4953271028037383,122,157,383,191,510,7392,1081,6583,387,8473,540,7.096778000708132,-226,2.1239177489177488,701,11.496518352413549,-319,0.43513295729250606,6196
E02006792,Hounslow,8,8,16.499050087033485,13.173791790532816,715.0,753.0,0.7273652085452695,0.7660223804679552,0.0386571719226856,-3.325258296500669,205.0,644.0,1067,1023,2090,849.0,63.16746411483253,-439.0,19.21274601686973,247.0,570.0,1021.0,958.0,1979.0,817.0,71.14199090449722,-323.0,24.191968658178254,215.0,661.0,876.0,67.99760765550239,-446.0,21.01661779081134,241.0,621.0,862.0,75.62455785750379,-380.0,25.156576200417536,-369.0,249.0,618.0,116.0,-32.0,7.9745267896646865,4.9792226413085245,66.0,-14.0,7.626950202001396,4.139958409606198,0.4921739130434782,0.8253588516746412,0.4865991661703395,0.8484082870136432,concordant,concordant,-0.0055747468731387,0.023049435339002,6,217,577,239,594,1855,1325,788,302,3180,794,39.373899371069186,-360,11.69811320754717,833,44.64339622641509,-355,0.4880147510755993,486,282,495,251,576,8747,1418,7726,460,10165,777,13.732415150024595,-213,3.223962501429061,827,14.222921790457452,-325,0.4844139650872818,7266
E02006793,Enfield,1,1,48.146533172725945,39.73378967304625,33.0,25.0,0.0335707019328586,0.0254323499491353,-0.0081383519837232,-8.412743499679692,572.0,0.0,836,760,1596,572.0,0.0,572.0,68.42105263157895,374.0,0.0,579.0,670.0,1249.0,374.0,0.0,374.0,64.59412780656304,581.0,0.0,581.0,0.0,581.0,76.44736842105263,531.0,0.0,531.0,0.0,531.0,79.25373134328359,311.0,311.0,0.0,-198.0,-198.0,0.0,-3.826924825015908,-50.0,-50.0,0.0,2.80636292223096,0.4960971379011274,0.7224310776942355,0.4132596685082872,0.7245796637309848,concordant,concordant,-0.0828374693928402,0.0021485860367492,1,759,0,726,0,1033,916,197,156,1949,759,0.0,759,73.47531461761858,726,0.0,726,0.5111111111111111,41,9285,0,761,0,9495,902,8916,232,10397,9285,0.0,9285,97.78830963665087,761,0.0,761,0.9242484570973521,8684
E02006794,Haringey,1,1,55.820902862171174,43.505945545171336,2.0,7.0,0.0020345879959308,0.0071210579857578,0.005086469989827,-12.314957316999838,475.0,0.0,814,723,1537,475.0,0.0,475.0,58.353808353808354,290.0,0.0,518.0,671.0,1189.0,290.0,0.0,290.0,55.98455598455598,421.0,0.0,421.0,0.0,421.0,58.229598893499315,469.0,0.0,469.0,0.0,469.0,69.89567809239941,300.0,300.0,0.0,-185.0,-185.0,0.0,-2.369252369252372,48.0,48.0,0.0,11.666079198900093,0.5301339285714286,0.58295380611581,0.3820816864295125,0.6383515559293524,concordant,concordant,-0.1480522421419161,0.0553977498135423,1,631,0,531,0,997,835,183,112,1832,631,0.0,631,63.28986960882648,531,0.0,531,0.5430292598967298,71,7928,0,695,0,8159,910,7641,239,9069,7928,0.0,7928,97.16877068268171,695,0.0,695,0.9194016003711005,7402
E02006795,Harrow,9,9,12.05132583707604,11.156114538527714,833.0,822.0,0.8474059003051883,0.8362156663275687,-0.0111902339776195,-0.8952112985483272,67.0,417.0,500,561,1061,484.0,26.332704995287465,-350.0,13.4,87.0,369.0,517.0,552.0,1069.0,456.0,30.03086997193639,-282.0,16.827852998065765,82.0,380.0,462.0,29.368520263901974,-298.0,14.616755793226382,95.0,379.0,474.0,33.681010289990645,-284.0,17.21014492753623,-362.0,48.0,410.0,68.0,-28.0,3.6981649766489255,3.427852998065765,14.0,12.0,4.312490026088671,2.5933891343098487,0.5116279069767442,0.8916116870876531,0.4903225806451612,0.8699719363891487,concordant,concordant,-0.0213053263315829,-0.0216397506985044,8,47,649,60,661,747,748,247,187,1495,696,20.40334448160535,-602,6.291834002677376,721,26.528428093645484,-601,0.4911785462244178,60,44,735,71,7987,8094,857,7577,305,8951,779,3.613004133616356,-691,0.5436125525080306,8058,63.35348005809407,-7916,0.08815208781260608,7272
E02006796,Hillingdon,8,8,17.178109948186528,12.927289714350232,696.0,760.0,0.7080366225839267,0.7731434384537131,0.0651068158697864,-4.250820233836295,180.0,221.0,561,481,1042,401.0,38.17658349328215,-41.0,32.0855614973262,151.0,231.0,609.0,471.0,1080.0,382.0,32.297222222222224,-80.0,24.794745484400657,175.0,311.0,486.0,52.23128598848368,-136.0,36.38253638253639,161.0,380.0,541.0,56.648148148148145,-219.0,34.182590233545646,-89.0,144.0,233.0,-39.0,-19.0,-5.879361271059928,-7.290816012925546,-83.0,55.0,4.416862159664468,-2.1999461489907404,0.4520856820744081,0.8512476007677543,0.4138678223185265,0.8546296296296296,concordant,concordant,-0.0382178597558816,0.0033820288618753,6,195,221,195,304,741,879,180,398,1620,416,26.60185185185185,-26,26.31578947368421,499,36.592592592592595,-109,0.4546448087431694,-218,163,230,198,380,9514,1201,8905,730,10715,393,3.498833411105926,-67,1.7132646626024806,578,7.0219318712085865,-182,0.4047373841400618,8175
E02006798,Lewisham,3,1,35.135149628777924,35.76367588481542,223.0,66.0,0.2268565615462869,0.0671414038657172,-0.1597151576805697,0.628526256037496,510.0,277.0,903,983,1886,787.0,74.90455991516437,233.0,56.47840531561462,449.0,314.0,781.0,1137.0,1918.0,763.0,73.50677789363921,135.0,57.49039692701664,571.0,286.0,857.0,86.58854718981972,285.0,58.08748728382503,713.0,231.0,944.0,85.87226277372262,482.0,62.70888302550571,667.0,667.0,0.0,-98.0,-24.0,-1.3977820215251595,1.011991611402017,197.0,87.0,-0.7162844160970963,4.621395741680686,0.4787104622871046,0.8716861081654295,0.4469830111306385,0.8899895724713243,concordant,concordant,-0.031727451156466,0.0183034643058948,2,981,105,755,125,1372,1167,469,184,2539,1086,40.56912170145727,876,71.50145772594753,880,37.17014572666404,630,0.5523906408952187,285,8382,122,1131,104,8712,1553,7931,416,10265,8504,99.62045786653678,8260,96.21212121212122,1235,11.45874330248417,1027,0.8731902659410617,7515
E02006799,Barking and Dagenham,3,1,35.16053963461081,34.92821182174156,222.0,79.0,0.2258392675483214,0.0803662258392675,-0.1454730417090539,-0.2323278128692436,356.0,151.0,731,671,1402,507.0,38.342368045649074,205.0,48.700410396716826,295.0,129.0,574.0,446.0,1020.0,424.0,37.30882352941177,166.0,51.393728222996515,433.0,279.0,712.0,86.16761768901569,154.0,64.53055141579732,254.0,184.0,438.0,45.819607843137256,70.0,56.95067264573991,417.0,417.0,0.0,-39.0,-83.0,-1.0335445162373065,2.6933178262796886,-84.0,-274.0,-40.34800984587843,-7.579878770057412,0.4159146841673503,0.869472182596291,0.4918793503480278,0.8450980392156863,concordant,concordant,0.0759646661806775,-0.0243741433806047,2,610,83,631,144,985,864,254,193,1849,693,27.38236884802596,527,61.92893401015228,775,49.14223904813413,487,0.4720708446866485,61,11516,79,614,77,11783,806,11209,360,12589,11595,72.26658193661133,11437,97.7340235933124,691,3.755500834061482,537,0.943757121927397,10849
E02006800,Redbridge,6,5,23.655930750635015,21.115020217620216,507.0,488.0,0.5157680569684638,0.496439471007121,-0.0193285859613427,-2.5409105330147987,240.0,563.0,1015,1117,2132,803.0,63.37711069418386,-323.0,23.645320197044335,239.0,625.0,944.0,1092.0,2036.0,864.0,73.36689587426326,-386.0,25.31779661016949,426.0,647.0,1073.0,129.27861163227016,-221.0,38.137869292748434,334.0,585.0,919.0,95.96758349705304,-251.0,30.586080586080588,-186.0,349.0,535.0,-63.0,61.0,9.989785180079402,1.6724764131251568,-30.0,-154.0,-33.311028135217114,-7.551788706667846,0.4280383795309168,0.8799249530956847,0.4845765563656758,0.8757367387033399,concordant,concordant,0.0565381768347589,-0.0041882143923448,4,740,503,771,586,1496,1448,481,331,2944,1243,126.43342391304348,237,49.465240641711226,1357,153.46671195652175,185,0.47807692307692307,150,13583,509,878,502,14269,1618,13325,526,15887,14092,435.18266507207153,13074,95.19237507884225,1380,27.743186252911187,376,0.9108066184074457,12799
E02006801,Lambeth,5,6,25.69412884615385,20.595528575748418,456.0,515.0,0.4638860630722278,0.5239064089521872,0.0600203458799593,-5.098600270405434,404.0,693.0,1029,1359,2388,1097.0,117.24120603015076,-289.0,39.261418853255584,466.0,625.0,1130.0,1426.0,2556.0,1091.0,113.94757433489828,-159.0,41.23893805309734,519.0,481.0,1000.0,104.53894472361809,38.0,38.18984547461369,629.0,519.0,1148.0,127.71948356807512,110.0,44.109396914446,-427.0,304.0,731.0,130.0,-6.0,-3.2936316952524862,1.9775191998417585,72.0,148.0,23.180538844457033,5.919551439832311,0.5231282784930854,0.878140703517588,0.4872711031710585,0.8759780907668232,divergent,divergent,-0.0358571753220269,-0.0021626127507647,4,1258,766,630,567,2024,1630,995,271,3654,2024,263.7186644772852,492,62.154150197628454,1197,97.75862068965517,63,0.6283762806581807,724,7538,719,921,592,8354,1906,7224,480,10260,8257,528.2477582846004,6819,90.23222408427101,1513,53.14152046783626,329,0.8451381780962129,6744
E02006802,Southwark,3,2,33.47277584647303,32.09325977133741,274.0,147.0,0.2787385554425229,0.1495422177009155,-0.1291963377416073,-1.3795160751356192,562.0,365.0,906,1160,2066,927.0,99.28848015488867,197.0,62.03090507726269,698.0,312.0,1083.0,1244.0,2327.0,1010.0,93.58659217877096,386.0,64.4506001846722,652.0,235.0,887.0,74.16263310745401,417.0,56.20689655172414,807.0,259.0,1066.0,89.82079931241942,548.0,64.87138263665595,742.0,853.0,111.0,189.0,83.0,-5.7018879761177175,2.4196951074095097,131.0,179.0,15.658166204965411,8.66448608493181,0.5110253583241455,0.8780251694094869,0.4865125240847784,0.8921357971637301,concordant,concordant,-0.0245128342393671,0.0141106277542432,2,1677,122,930,84,2020,1434,1114,274,3454,1799,59.23393167342212,1555,83.01980198019801,1014,22.61725535610886,846,0.6395307500888731,840,8775,119,1320,110,9155,1756,8072,512,10911,8894,95.70387682155622,8656,95.84926269797924,1430,13.307671157547428,1210,0.8614877954281286,7560
E02006836,Sutton,10,10,7.437845826997672,4.518212211025489,948.0,981.0,0.9643947100712106,0.9979654120040692,0.0335707019328586,-2.9196336159721836,0.0,310.0,485,402,887,310.0,0.0,-310.0,0.0,0.0,257.0,504.0,356.0,860.0,257.0,0.0,-257.0,0.0,0.0,375.0,375.0,0.0,-375.0,0.0,0.0,421.0,421.0,0.0,-421.0,0.0,-258.0,0.0,258.0,53.0,-53.0,0.0,0.0,-46.0,46.0,0.0,0.0,0.4525547445255474,0.7722660653889515,0.3790560471976401,0.7883720930232558,concordant,concordant,-0.0734986973279073,0.0161060276343043,10,0,701,0,703,773,763,288,361,1536,701,0.0,-701,0.0,703,0.0,-703,0.49928774928774927,-73,0,688,0,8584,8615,752,8111,396,9367,688,0.0,-688,0.0,8584,0.0,-8584,0.07420189818809318,7715
E02006853,Tower Hamlets,2,6,38.60943,20.949234397829265,154.0,495.0,0.1566632756866734,0.503560528992879,0.3468972533062054,-17.660195602170738,649.0,122.0,1096,681,1777,771.0,44.55711873944851,527.0,59.21532846715328,833.0,291.0,1363.0,1182.0,2545.0,1124.0,95.2467583497053,542.0,61.11518708730741,402.0,253.0,655.0,57.23466516601013,149.0,59.03083700440529,792.0,329.0,1121.0,102.38428290766208,463.0,67.00507614213198,-246.0,348.0,594.0,15.0,353.0,50.68963961025679,1.8998586201541343,314.0,466.0,45.14961774165195,7.974239137726691,0.5406732117812062,0.8024760832864378,0.5006681514476615,0.8821218074656189,concordant,concordant,-0.0400050603335446,0.079645724179181,2,1530,199,502,352,2041,830,945,149,2871,1729,106.05015673981191,1331,74.96325330720235,854,61.547892720306514,150,0.6693766937669376,796,9885,298,1287,336,10562,1768,9199,586,12330,10183,238.90754257907543,9587,93.59022912327211,1623,35.07153284671533,951,0.8625275283754024,8613
E02006854,Tower Hamlets,9,8,10.53685,13.934680048173425,882.0,734.0,0.8972533062054934,0.7466937945066124,-0.1505595116988809,3.3978300481734234,15.0,628.0,1039,738,1777,643.0,5.30106921778278,-613.0,1.4436958614051971,18.0,730.0,1360.0,869.0,2229.0,748.0,5.895020188425303,-712.0,1.3235294117647058,41.0,970.0,1011.0,22.380416432189083,-929.0,5.555555555555555,68.0,1314.0,1382.0,40.08613728129206,-1246.0,7.825086306098965,-532.0,76.0,608.0,-99.0,105.0,0.5939509706425223,-0.1201664496404912,-317.0,371.0,17.705720849102978,2.2695307505434092,0.3887545344619105,0.9307822172200336,0.3511737089201878,0.955585464333782,concordant,concordant,-0.0375808255417227,0.0248032471137482,8,11,842,37,1920,1972,919,933,181,2891,853,3.203735731580768,-831,0.5578093306288032,1957,24.572812175717743,-1883,0.30355871886120994,752,16,1223,60,6800,6836,1324,5476,455,8160,1239,2.3980392156862744,-1207,0.23405500292568754,6860,50.0,-6740,0.1529818496110631,5021
E02006882,Harrow,9,8,13.264953788344856,12.478481377961009,790.0,778.0,0.8036622583926755,0.7914547304170906,-0.0122075279755848,-0.7864724103838476,28.0,824.0,824,1016,1840,852.0,12.539130434782608,-796.0,3.3980582524271843,42.0,638.0,601.0,820.0,1421.0,680.0,18.857142857142858,-596.0,6.988352745424292,50.0,728.0,778.0,19.782608695652176,-678.0,4.921259842519685,70.0,499.0,569.0,24.58128078817734,-429.0,8.536585365853659,-376.0,122.0,498.0,200.0,-172.0,6.318012422360249,3.5902944929971077,249.0,-209.0,4.798672092525166,3.615325523333974,0.5226993865030675,0.8858695652173914,0.544435548438751,0.8789584799437016,concordant,concordant,0.0217361619356835,-0.0069110852736897,7,87,1085,125,1020,1189,1359,365,343,2548,1172,37.0467032967033,-998,7.317073170731707,1145,50.0392464678179,-895,0.5058264997842037,22,78,968,166,13980,14137,1214,13536,394,15351,1046,4.918506937658784,-890,0.5517436514111904,14146,151.17451631815516,-13814,0.06885202738283307,13142
E02006918,Hackney,2,1,42.37577331858407,34.59156349467676,104.0,86.0,0.1057985757884028,0.0874872838250254,-0.0183112919633774,-7.784209823907311,288.0,241.0,914,639,1553,529.0,44.69285254346426,47.0,31.50984682713348,211.0,210.0,661.0,654.0,1315.0,421.0,33.6958174904943,1.0,31.921331316187597,245.0,403.0,648.0,63.57694784288474,-158.0,38.341158059467915,311.0,268.0,579.0,63.382509505703425,43.0,47.55351681957187,428.0,428.0,0.0,-46.0,-108.0,-10.997035052969965,0.4114844890541178,201.0,-69.0,-0.1944383371813174,9.212358760103951,0.4494477485131691,0.7578879587894398,0.421,0.7604562737642585,divergent,concordant,-0.0284477485131691,0.0025683149748186,1,805,0,534,0,1216,781,302,142,1997,805,0.0,805,66.20065789473685,534,0.0,534,0.6011949215832711,160,7923,0,724,0,8192,937,7531,283,9129,7923,0.0,7923,96.71630859375,724,0.0,724,0.9162715392621719,7248
E02006921,Hackney,1,1,46.40006139721074,35.71100546707868,50.0,67.0,0.0508646998982706,0.0681586978636826,0.017293997965412,-10.689055930132064,374.0,0.0,595,600,1195,374.0,0.0,374.0,62.857142857142854,324.0,0.0,473.0,537.0,1010.0,324.0,0.0,324.0,68.49894291754757,402.0,0.0,402.0,0.0,402.0,67.0,403.0,0.0,403.0,0.0,403.0,75.04655493482309,372.0,372.0,0.0,-50.0,-50.0,0.0,5.641800060404712,1.0,1.0,0.0,8.046554934823092,0.4819587628865979,0.6493723849372385,0.4456671251719394,0.7198019801980198,concordant,concordant,-0.0362916377146584,0.0704295952607813,1,550,0,443,0,810,693,215,93,1503,550,0.0,550,67.90123456790124,443,0.0,443,0.553877139979859,122,7449,0,516,0,7628,683,7155,146,8311,7449,0.0,7449,97.6533822758259,516,0.0,516,0.9352165725047081,7009
E02006924,Redbridge,7,7,17.639410719092332,16.086962554080262,686.0,657.0,0.6978636826042727,0.6683621566632757,-0.0295015259409969,-1.5524481650120698,124.0,513.0,801,832,1633,637.0,38.954072259644825,-389.0,15.480649188514356,83.0,605.0,745.0,990.0,1735.0,688.0,28.94236311239193,-522.0,11.140939597315436,177.0,586.0,763.0,63.51622780159216,-409.0,21.27403846153846,263.0,575.0,838.0,87.16138328530259,-312.0,26.565656565656564,-503.0,88.0,591.0,-133.0,51.0,-10.011709147252894,-4.33970959119892,97.0,75.0,23.645155483710433,5.291618104118104,0.455,0.8573178199632578,0.4508519003931848,0.8795389048991354,concordant,concordant,-0.0041480996068152,0.0222210849358776,6,80,655,144,677,1191,1066,390,234,2257,735,23.216659282233053,-575,6.717044500419815,821,43.19361984935755,-533,0.4723650385604113,156,68,727,200,661,13346,1431,12601,441,14777,795,3.345469310414834,-659,0.5095159598381537,861,8.94633552141842,-461,0.48007246376811596,12160
E02006925,Redbridge,8,9,14.066332474888604,10.627992830777966,775.0,841.0,0.7884028484231943,0.8555442522889115,0.0671414038657172,-3.4383396441106377,70.0,496.0,756,625,1381,566.0,25.141202027516293,-426.0,9.25925925925926,49.0,499.0,711.0,723.0,1434.0,548.0,17.050906555090656,-450.0,6.891701828410689,86.0,653.0,739.0,40.66473569876901,-567.0,13.76,170.0,609.0,779.0,72.19665271966527,-439.0,23.513139695712308,-539.0,11.0,550.0,-24.0,-18.0,-8.090295472425638,-2.3675574308485707,128.0,40.0,31.53191702089626,9.753139695712308,0.4337164750957854,0.944967414916727,0.4129615674453655,0.9253835425383544,concordant,concordant,-0.0207549076504199,-0.0195838723783726,7,22,865,58,918,992,958,236,333,1950,887,9.75897435897436,-843,2.217741935483871,976,27.304615384615385,-860,0.47611379495437467,-97,22,982,126,14151,14222,1167,13511,444,15389,1004,1.4038598999285203,-960,0.1546899170299536,14277,115.8636688543765,-14025,0.06570250638047248,13067
E02006927,Greenwich,6,5,23.39757567159052,22.64631417989418,519.0,438.0,0.5279755849440488,0.4455747711088504,-0.0824008138351983,-0.75126149169634,119.0,846.0,549,1249,1798,965.0,55.99221357063403,-727.0,21.67577413479053,186.0,410.0,915.0,726.0,1641.0,596.0,46.47166361974406,-224.0,20.327868852459016,248.0,364.0,612.0,50.206896551724135,-116.0,19.855884707766215,226.0,585.0,811.0,80.56672760511883,-359.0,31.129476584022036,116.0,410.0,294.0,503.0,-369.0,-9.520549950889972,-1.3479052823315136,-243.0,199.0,30.359831053394693,11.27359187625582,0.6119213696892835,0.8770856507230256,0.4235963041933191,0.8574040219378428,concordant,concordant,-0.1883250654959643,-0.0196816287851827,4,349,766,456,302,776,1454,227,205,2230,1115,119.88071748878924,-417,44.97422680412371,758,61.7542600896861,154,0.595301655098772,22,11353,349,668,516,12076,1161,11161,435,13237,11702,299.3274155775478,11004,94.0129181848294,1184,26.039737100551484,152,0.9081173366444203,10726
E02006928,Greenwich,1,6,43.937,20.76187300019751,78.0,503.0,0.0793489318413021,0.5116988809766022,0.4323499491353,-23.175126999802487,921.0,0.0,1098,1106,2204,921.0,0.0,921.0,83.87978142076503,1197.0,0.0,1357.0,1409.0,2766.0,1197.0,0.0,1197.0,88.20928518791452,1035.0,0.0,1035.0,0.0,1035.0,93.58047016274864,1255.0,0.0,1255.0,0.0,1255.0,89.07026259758695,-300.0,347.0,647.0,276.0,276.0,0.0,4.32950376714949,220.0,220.0,0.0,-4.510207565161693,0.4708588957055215,0.8874773139745916,0.4881729200652528,0.8864786695589298,concordant,concordant,0.0173140243597313,-0.0009986444156617,1,1958,0,1274,0,2151,1366,1053,260,3517,1958,0.0,1958,91.0274291027429,1274,0.0,1274,0.6058168316831684,793,11534,0,2061,0,11709,2221,10352,812,13930,11534,0.0,11534,98.50542317875139,2061,0.0,2061,0.8484001471129091,9540
E02006929,Greenwich,3,4,35.453564395625115,27.1150059073724,213.0,298.0,0.2166836215666327,0.3031536113936928,0.08646998982706,-8.338558488252716,672.0,238.0,1187,835,2022,910.0,79.0979228486647,434.0,56.61331086773378,0.0,0.0,0.0,0.0,0.0,0.0,0.0,0.0,0.0,550.0,389.0,939.0,105.811078140455,161.0,65.86826347305389,0.0,0.0,0.0,0.0,0.0,0.0,0.0,0.0,0.0,-434.0,-910.0,-79.0979228486647,-56.61331086773378,-161.0,-939.0,-105.811078140455,-65.86826347305389,0.4921579232017307,0.9144411473788328,0.5,0.0,concordant,zero,0.0078420767982693,-0.9144411473788328,2,1212,137,803,286,1727,1088,540,253,2815,1349,58.985435168738896,1075,70.17950202663579,1089,81.58365896980462,517,0.5533223954060705,287,0,0,0,0,0,0,0,0,0,0,0.0,0,0.0,0,0.0,0,0.5,0
E02006930,Greenwich,6,6,23.43407011973807,20.582795807350404,517.0,516.0,0.525940996948118,0.5249237029501526,-0.0010172939979654,-2.8512743123876696,150.0,618.0,771,886,1657,768.0,55.944477972238985,-468.0,19.45525291828794,189.0,533.0,1181.0,858.0,2039.0,722.0,49.40510053948014,-344.0,16.003386960203215,148.0,498.0,646.0,44.48038624019312,-350.0,16.70428893905192,198.0,842.0,1040.0,81.76360961255517,-644.0,23.076923076923077,-167.0,277.0,444.0,124.0,-46.0,-6.539377432758847,-3.451865958084724,-294.0,394.0,37.28322337236205,6.372634137871156,0.5431400282885431,0.8533494266747134,0.4097616345062429,0.8641490926924963,concordant,concordant,-0.1333783937823002,0.0107996660177829,4,651,528,421,429,1268,1151,497,265,2419,1179,142.09508061182308,123,51.34069400630915,850,74.66267052501034,-8,0.5810744208969936,232,8599,461,866,750,9575,1519,8394,661,11094,9060,357.32278709212187,8138,89.80678851174935,1616,58.54515954570038,116,0.8486324466092169,7733
E02006931,Greenwich,5,6,26.460324700854702,19.13596799574694,440.0,570.0,0.4476093591047813,0.5798575788402849,0.1322482197355036,-7.32435670510776,387.0,545.0,1080,1022,2102,932.0,100.34015223596576,-158.0,35.833333333333336,276.0,462.0,905.0,874.0,1779.0,738.0,71.67622259696459,-186.0,30.497237569060776,396.0,632.0,1028.0,119.06374881065652,-236.0,38.74755381604697,348.0,568.0,916.0,111.10961214165262,-220.0,39.816933638443935,-214.0,211.0,425.0,-28.0,-194.0,-28.663929639001168,-5.33609576427256,16.0,-112.0,-7.954136669003901,1.069379822396968,0.4755102040816326,0.9324452901998096,0.4461910519951632,0.92973580663294,concordant,concordant,-0.0293191520864694,-0.0027094835668698,4,870,591,631,660,1740,1411,660,389,3151,1461,163.17676927959377,279,50.0,1291,132.16756585211044,-29,0.5308866279069767,271,8457,486,759,596,9202,1449,8297,575,10651,8943,385.88883672894565,7971,91.9039339274071,1355,42.471505023002535,163,0.868421052631579,7722
